timestamp,ID,expOrder,trialNumber,event,lv,lx,ly,lpv,lps,rv,rx,ry,rpv,rps
6.95,2,1,1,stimulusMovement,1,-0.24719450208875868,-0.24069195985794067,1,3.388031005859375,1,0.29504256778293186,-0.06421774625778198,1,3.0388641357421875
23.596,2,1,1,stimulusMovement,1,-0.2821516990661621,-0.07963502407073975,1,3.0142364501953125,1,0.2794601652357313,-0.15039712190628052,1,3.0986328125
40.239,2,1,1,stimulusMovement,1,-0.31432247161865234,0.0022696256637573242,1,2.8785858154296875,1,0.2563297483656141,-0.145114004611969,1,3.1816864013671875
56.895,2,1,1,stimulusMovement,1,-0.2723897298177083,-0.19918078184127808,1,3.4060211181640625,1,0.2720884746975369,-0.22120076417922974,1,3.3050384521484375
73.557,2,1,1,stimulusMovement,1,-0.23795413970947266,0.07339680194854736,1,2.815704345703125,1,0.22374894883897567,0.096819669008255,1,2.6617279052734375
90.219,2,1,1,stimulusMovement,1,-0.2793085310194227,-0.0723457932472229,1,3.0099945068359375,1,0.2928469975789388,-0.20993971824645996,1,3.233306884765625
106.881,2,1,1,stimulusMovement,1,-0.24122820960150823,0.04071792960166931,1,2.853485107421875,1,0.21934530470106336,-0.07009613513946533,1,2.9913330078125
123.544,2,1,1,stimulusMovement,1,-0.22115882237752277,-0.011641621589660645,1,2.842315673828125,1,0.22994634840223524,-0.01315760612487793,1,2.8300933837890625
140.205,2,1,1,stimulusMovement,1,-0.24915774663289386,0.08743226528167725,1,2.570831298828125,1,0.22465197245279947,-0.13859295845031738,1,3.1059417724609375
156.868,2,1,1,stimulusMovement,1,-0.2824967172410753,0.0121135413646698,1,2.878021240234375,1,0.27870262993706596,-0.008502364158630371,1,2.8587799072265625
173.53,2,1,1,stimulusMovement,1,-0.27732213338216144,0.12912768125534058,1,2.6516571044921875,1,0.25170379214816624,-0.0056871771812438965,1,2.77996826171875
190.195,2,1,1,stimulusMovement,1,-0.30805185106065536,-0.06290721893310547,1,2.915191650390625,1,0.3046598434448242,-0.04006540775299072,1,2.8441162109375
206.868,2,1,1,stimulusMovement,1,-0.2508239216274685,-0.0012933611869812012,1,2.8331146240234375,1,0.21189562479654947,0.01301923394203186,1,2.794158935546875
223.542,2,1,1,stimulusMovement,1,-0.3251825968424479,-0.09448349475860596,1,3.0881805419921875,1,0.2311473422580295,-0.07416343688964844,1,3.0368804931640625
240.21,2,1,1,stimulusMovement,1,-0.2922995885213216,-0.19870281219482422,1,3.2423095703125,1,0.2165567609998915,-0.048845887184143066,1,2.967498779296875
256.874,2,1,1,stimulusMovement,1,-0.2713998158772786,0.13620337843894958,1,2.701812744140625,1,0.21394634246826172,0.05612748861312866,1,2.6896209716796875
273.537,2,1,1,stimulusMovement,1,-0.25153912438286674,-0.0487828254699707,1,2.93572998046875,1,0.2547362645467122,-0.1232684850692749,1,3.079010009765625
290.206,2,1,1,stimulusMovement,1,-0.2581017812093099,0.10326230525970459,1,2.6397705078125,1,0.21661429935031465,-0.1360100507736206,1,3.1321258544921875
306.886,2,1,1,stimulusMovement,1,-0.2597336239284939,-0.0272369384765625,1,2.71124267578125,1,0.25475311279296875,-0.1422901153564453,1,3.131591796875
323.566,2,1,1,stimulusMovement,1,-0.31311024559868705,0.04157054424285889,1,2.6701202392578125,1,0.25005902184380424,-0.02794790267944336,1,2.872039794921875
340.24,2,1,1,stimulusMovement,0,nan,nan,0,nan,1,0.20432779524061415,-0.25454145669937134,1,3.4277496337890625
356.905,2,1,1,stimulusMovement,1,-0.1647862328423394,0.031244635581970215,1,2.7243499755859375,1,0.2268218994140625,0.06319162249565125,1,2.6404571533203125
373.571,2,1,1,stimulusMovement,1,-0.15845192803276908,0.06900531053543091,1,2.6554107666015625,1,0.21625243292914495,-0.06109064817428589,1,2.99383544921875
390.235,2,1,1,stimulusMovement,1,-0.25987556245591903,0.013617515563964844,1,2.857818603515625,1,0.25276427798801,-0.12890362739562988,1,3.0803985595703125
406.898,2,1,1,stimulusMovement,1,-0.30732011795043945,-0.10040938854217529,1,2.9747467041015625,1,0.23995844523111978,-0.0013743042945861816,1,2.8238067626953125
423.562,2,1,1,stimulusMovement,1,-0.3338039716084798,0.1415674388408661,1,2.742889404296875,1,0.08514849344889322,-0.029868483543395996,1,2.949127197265625
440.225,2,1,1,stimulusMovement,1,-0.3072790569729275,0.11434739828109741,1,2.7201690673828125,1,0.04043759240044487,0.04374200105667114,1,2.9160003662109375
456.891,2,1,1,stimulusMovement,1,-0.5352695518069797,0.24126917123794556,1,2.68902587890625,1,-0.10601441065470377,0.13178330659866333,1,2.7994842529296875
473.556,2,1,1,stimulusMovement,1,-0.46899504131740993,0.16120624542236328,1,2.787567138671875,1,-0.1400551266140408,0.19881004095077515,1,2.7171173095703125
490.223,2,1,1,stimulusMovement,1,-0.49029964870876735,0.25367438793182373,1,2.6636810302734375,1,-0.10025946299235025,0.2087782621383667,1,2.675201416015625
506.895,2,1,1,stimulusMovement,1,-0.4886825879414876,0.1900167465209961,1,2.70928955078125,1,-0.14547480477227104,0.19471943378448486,1,2.7061920166015625
523.567,2,1,1,stimulusMovement,1,-0.5122969150543213,0.22947776317596436,1,2.747772216796875,1,-0.12782393561469182,0.1979038417339325,1,2.75006103515625
540.237,2,1,1,stimulusMovement,1,-0.4949469566345215,0.1741245985031128,1,2.7160491943359375,1,-0.16990947723388672,0.2261418104171753,1,2.5858154296875
556.903,2,1,1,stimulusMovement,1,-0.48164865705702037,0.13564980030059814,1,2.9254913330078125,1,-0.06240134769015842,0.12283205986022949,1,2.8266143798828125
573.569,2,1,1,stimulusMovement,1,-0.4007722006903754,0.1803213655948639,1,2.72662353515625,1,-0.06893830829196505,0.17667090892791748,1,2.7603759765625
590.229,2,1,1,stimulusMovement,1,-0.5270697275797526,0.1706501841545105,1,2.761199951171875,1,-0.14677243762546113,0.19346317648887634,1,2.699615478515625
606.885,2,1,1,stimulusMovement,1,-0.5389710797203912,0.1888759434223175,1,2.73480224609375,1,-0.14262527889675564,0.2502032518386841,1,2.599578857421875
623.539,2,1,1,stimulusMovement,1,-0.5282925499810113,0.1798178255558014,1,2.8422088623046875,1,-0.15138737360636392,0.2483232617378235,1,2.6189727783203125
640.197,2,1,1,stimulusMovement,1,-0.5586835543314616,0.2279466688632965,1,2.738800048828125,1,-0.15716796451144746,0.21143028140068054,1,2.6980438232421875
656.862,2,1,1,stimulusMovement,1,-0.5932715468936496,0.23435097932815552,1,2.783477783203125,1,-0.18773857752482095,0.19801431894302368,1,2.69873046875
673.528,2,1,1,stimulusMovement,1,-0.647672865125868,0.15865355730056763,1,2.8490447998046875,1,-0.31579415003458655,0.28459692001342773,1,2.6980133056640625
690.193,2,1,1,stimulusMovement,1,-0.596289422776964,0.13004401326179504,1,3.017333984375,1,-0.3143943150838216,0.26194944977760315,1,2.81158447265625
706.861,2,1,1,stimulusMovement,1,-0.5760188897450764,0.18294620513916016,1,2.94439697265625,1,-0.3411428133646647,0.24359488487243652,1,2.785797119140625
723.53,2,1,1,stimulusMovement,1,-0.6951938205295138,0.2737233340740204,1,2.7745513916015625,1,-0.3315032853020562,0.2243020236492157,1,2.840240478515625
740.198,2,1,1,stimulusMovement,1,-0.690439913007948,0.2868363559246063,1,2.730987548828125,1,-0.33592796325683594,0.24166181683540344,1,2.8016204833984375
756.863,2,1,1,stimulusMovement,1,-0.66016862127516,0.23451218008995056,1,2.8721466064453125,1,-0.3338361846076117,0.1954045593738556,1,2.837646484375
773.528,2,1,1,stimulusMovement,1,-0.6958768897586398,0.25546666979789734,1,2.8024749755859375,1,-0.3462736341688368,0.2843710333108902,1,2.729095458984375
790.193,2,1,1,stimulusMovement,1,-0.7016366720199585,0.20114150643348694,1,2.89501953125,1,-0.32868883344862193,0.2448122799396515,1,2.8231201171875
806.858,2,1,1,stimulusMovement,1,-0.7148899104860094,0.2828371524810791,1,2.79486083984375,1,-0.3630613750881619,0.24868088960647583,1,2.826202392578125
823.524,2,1,1,stimulusMovement,1,-0.7126665380265977,0.28906163573265076,1,2.7786407470703125,1,-0.3521610895792643,0.3053261786699295,1,2.714569091796875
840.189,2,1,1,stimulusMovement,1,-0.7367133696873982,0.3224264085292816,1,2.6937713623046875,1,-0.39127355151706267,0.26816362142562866,1,2.7134552001953125
856.855,2,1,1,stimulusMovement,1,-0.7631413671705457,0.2921949028968811,1,2.6690216064453125,1,-0.38900216420491535,0.3142337203025818,1,2.762451171875
873.52,2,1,1,stimulusMovement,1,-0.7163977887895372,0.2828841656446457,1,2.7948455810546875,1,-0.3841996192932129,0.3014591336250305,1,2.8662567138671875
890.185,2,1,1,stimulusMovement,1,-0.8270253870222303,0.2603757679462433,1,2.736236572265625,1,-0.4369872940911187,0.246736079454422,1,2.898590087890625
906.851,2,1,1,stimulusMovement,1,-0.8267920811971028,0.3025245666503906,1,2.77984619140625,1,-0.40931839413113064,0.25860077142715454,1,2.801849365234375
923.519,2,1,1,stimulusMovement,1,-0.805850346883138,0.24536311626434326,1,2.80035400390625,1,-0.33952856063842773,0.2806861847639084,1,2.797882080078125
940.185,2,1,1,stimulusMovement,1,-0.855064332485199,0.2472650408744812,1,2.8228759765625,1,-0.4178615146213107,0.2987126410007477,1,2.7875823974609375
956.851,2,1,1,stimulusMovement,1,-0.8234481811523438,0.2767676115036011,1,2.7853546142578125,1,-0.40336338678995765,0.2713046818971634,1,2.9064483642578125
973.519,2,1,1,stimulusMovement,1,-0.8390984468989902,0.2630956768989563,1,2.79058837890625,1,-0.4401186837090386,0.2910479009151459,1,2.79364013671875
990.185,2,1,1,stimulusMovement,1,-0.5316211117638482,0.13510829210281372,1,3.8670501708984375,1,-0.48365916146172416,0.29046018421649933,1,2.8790130615234375
1006.85,2,1,1,stimulusMovement,1,-0.9311066965262095,0.4208315387368202,1,2.7136688232421875,1,-0.5642061763339572,0.38422004878520966,1,2.83001708984375
1023.516,2,1,1,stimulusMovement,1,-0.9509790473514133,0.4248562976717949,1,2.7201385498046875,1,-0.5680174032847086,0.41260169446468353,1,2.82391357421875
1040.181,2,1,1,stimulusMovement,1,-0.9548848933643764,0.463438268750906,1,2.6385345458984375,1,-0.5927443504333496,0.3948742300271988,1,2.8393707275390625
1056.846,2,1,1,stimulusMovement,1,-0.9251188172234429,0.404458150267601,1,2.728668212890625,1,-0.5876962343851725,0.4718233793973923,1,2.6636962890625
1073.512,2,1,1,stimulusMovement,1,-0.8959057397312588,0.4022907465696335,1,2.7089080810546875,1,-0.5688856972588433,0.45956823974847794,1,2.747650146484375
1090.175,2,1,1,stimulusMovement,1,-0.9528805944654676,0.47227474860846996,1,2.66717529296875,1,-0.5873080359564887,0.40797801315784454,1,2.7783203125
1106.841,2,1,1,stimulusMovement,1,-0.9299771355258093,0.4232253134250641,1,2.759063720703125,1,-0.5731627146402994,0.4249205142259598,1,2.8035888671875
1123.507,2,1,1,stimulusMovement,1,-0.9349117543962266,0.42837464809417725,1,2.83123779296875,1,-0.574947781032986,0.4617816172540188,1,2.7476806640625
1140.171,2,1,1,stimulusMovement,1,-0.9475676152441236,0.45847370848059654,1,2.78564453125,1,-0.5667275852627224,0.4004693627357483,1,2.75439453125
1156.837,2,1,1,stimulusMovement,1,-0.9696479638417561,0.42915239185094833,1,2.7498321533203125,1,-0.5739577346377902,0.3740735948085785,1,2.860565185546875
1173.503,2,1,1,stimulusMovement,1,-0.9359012080563439,0.41630612313747406,1,2.658477783203125,1,-0.5654120445251465,0.37690799683332443,1,2.85614013671875
1190.167,2,1,1,stimulusMovement,1,-0.8625888195302751,0.4162064269185066,1,2.7978057861328125,1,-0.48231111632453066,0.44553621113300323,1,2.65972900390625
1206.833,2,1,1,stimulusMovement,1,-0.8864815098543961,0.3489736020565033,1,2.89923095703125,1,-0.5104351043701172,0.31261733174324036,1,2.9600067138671875
1223.499,2,1,1,stimulusMovement,1,-0.9317165050241681,0.39875663816928864,1,2.81585693359375,1,-0.5546581480238173,0.35588961839675903,1,2.9050140380859375
1240.163,2,1,1,stimulusMovement,1,-0.9376181231604681,0.38526275008916855,1,2.8026123046875,1,-0.5184853871663411,0.31794509291648865,1,2.954345703125
1256.829,2,1,1,stimulusMovement,1,-0.8971400608619053,0.3654618263244629,1,2.8292694091796875,1,-0.5596212810940212,0.39975376427173615,1,2.8784027099609375
1273.495,2,1,1,stimulusMovement,1,-0.9681820803218417,0.35684874653816223,1,2.781219482421875,1,-0.5378958914015028,0.34715506434440613,1,2.8917083740234375
1290.16,2,1,1,stimulusMovement,1,-0.9257659580972459,0.3662901818752289,1,2.8705902099609375,1,-0.5517059961954752,0.3346833139657974,1,2.961273193359375
1306.825,2,1,1,stimulusMovement,1,-0.8841419319311777,0.35681261122226715,1,2.9124298095703125,1,-0.5496464570363362,0.3403370678424835,1,2.88238525390625
1323.491,2,1,1,stimulusMovement,1,-0.9211491710609859,0.35586637258529663,1,2.90869140625,1,-0.5593097474839952,0.3564121425151825,1,2.9858551025390625
1340.156,2,1,1,stimulusMovement,1,-0.9325187901655833,0.3113774061203003,1,2.9779815673828125,1,-0.5264137585957844,0.31252965331077576,1,2.9499053955078125
1356.821,2,1,1,stimulusMovement,1,-0.8758136298921373,0.3475712090730667,1,2.9874725341796875,1,-0.5317964553833008,0.39406970143318176,1,2.977630615234375
1373.487,2,1,1,stimulusMovement,1,-0.9057652552922566,0.3537379205226898,1,2.8883209228515625,1,-0.5197732713487413,0.3410915583372116,1,2.97833251953125
1390.152,2,1,1,stimulusMovement,1,-0.7862892283333672,0.23741605877876282,1,3.353363037109375,1,-0.5564328829447428,0.3629814088344574,1,2.9286651611328125
1406.817,2,1,1,stimulusMovement,1,-0.8121552268664042,0.31839311122894287,1,3.1154022216796875,1,-0.5450841585795084,0.37503713369369507,1,2.969482421875
1423.483,2,1,1,stimulusMovement,1,-0.9341138535075717,0.40213220566511154,1,2.93438720703125,1,-0.5196826193067763,0.3477136790752411,1,3.0403594970703125
1440.148,2,1,1,stimulusMovement,1,-0.8811108238167232,0.29924076795578003,1,3.056976318359375,1,-0.43254253599378795,0.3737636059522629,1,3.0616455078125
1456.813,2,1,1,stimulusMovement,1,-0.9344770709673563,0.3979739397764206,1,2.968505859375,1,-0.5113051732381184,0.36360663175582886,1,3.07843017578125
1473.479,2,1,1,stimulusMovement,1,-0.8830594287978277,0.33608223497867584,1,2.9921722412109375,1,-0.5291658507453071,0.3830028176307678,1,3.0272674560546875
1490.144,2,1,1,stimulusMovement,1,-0.8940119420488675,0.3708976209163666,1,2.9901275634765625,1,-0.4941494994693332,0.35417190194129944,1,3.0718536376953125
1506.81,2,1,1,stimulusMovement,1,-0.8600646124945746,0.3573644757270813,1,3.1084136962890625,1,-0.5514374574025471,0.3955353647470474,1,3.0859375
1523.478,2,1,1,stimulusMovement,1,-0.947865413294898,0.36292436718940735,1,3.04791259765625,1,-0.5171393288506402,0.3413388431072235,1,3.144073486328125
1540.144,2,1,1,stimulusMovement,1,-0.9099968324104944,0.331401526927948,1,3.0738677978515625,1,-0.5479427973429362,0.4227803498506546,1,2.993438720703125
1556.812,2,1,1,stimulusMovement,1,-0.8711805310514238,0.3310375511646271,1,3.071014404296875,1,-0.5310341782040066,0.37865088880062103,1,3.130645751953125
1573.478,2,1,1,stimulusMovement,1,-0.870879837208324,0.3265984356403351,1,3.1029205322265625,1,-0.5597189797295464,0.3939203917980194,1,3.0607147216796875
1590.145,2,1,1,stimulusMovement,1,-0.8289638625250921,0.31557324528694153,1,3.1731414794921875,1,-0.5416435400644938,0.4222850501537323,1,3.0791015625
1606.813,2,1,1,stimulusMovement,1,-0.8661620252662234,0.3532495051622391,1,3.139190673828125,1,-0.5283631483713785,0.36359187960624695,1,3.1244354248046875
1623.479,2,1,1,stimulusMovement,1,-0.8797236349847581,0.3492016941308975,1,3.097808837890625,1,-0.5553968217637804,0.3838486969470978,1,3.060546875
1640.146,2,1,1,stimulusMovement,1,-0.8923536638418833,0.35183191299438477,1,3.1949920654296875,1,-0.5089140733083088,0.3610864281654358,1,3.166412353515625
1656.814,2,1,1,stimulusMovement,1,-0.8824894825617472,0.29905276000499725,1,3.2027435302734375,1,-0.5056621763441298,0.3265337347984314,1,3.1376190185546875
1673.481,2,1,1,stimulusMovement,1,-0.8589914639790852,0.3586742877960205,1,3.1464385986328125,1,-0.5004414452446831,0.3684242069721222,1,3.19464111328125
1690.148,2,1,1,stimulusMovement,1,-0.7923810415797763,0.2959049940109253,1,3.34912109375,1,-0.5369363890753852,0.38338860124349594,1,3.16925048828125
1706.815,2,1,1,stimulusMovement,1,-0.8761778341399298,0.33365340530872345,1,3.230560302734375,1,-0.5177418126000298,0.35526449978351593,1,3.235260009765625
1723.483,2,1,1,stimulusMovement,1,-0.9084377934535344,0.3576645106077194,1,3.1602020263671875,1,-0.5197774569193522,0.3948264867067337,1,3.214080810546875
1740.15,2,1,1,stimulusMovement,1,-0.8723373115062714,0.3400519788265228,1,3.20147705078125,1,-0.5081633461846246,0.3555610179901123,1,3.1822052001953125
1756.818,2,1,1,stimulusMovement,1,-0.7996047404077318,0.29447320103645325,1,3.4404144287109375,1,-0.5225442515479194,0.38036830723285675,1,3.1660003662109375
1773.485,2,1,1,stimulusMovement,1,-0.8497186369366115,0.3422274887561798,1,3.2997589111328125,1,-0.5241934988233778,0.40033871680498123,1,3.1469573974609375
1790.153,2,1,1,stimulusMovement,1,-0.8673000153568056,0.2802145481109619,1,3.2770538330078125,1,-0.5215400060017903,0.3683817386627197,1,3.22943115234375
1806.821,2,1,1,stimulusMovement,1,-0.8878077608015802,0.23978909850120544,1,3.4035186767578125,1,-0.5355868074629042,0.34179143607616425,1,3.2635650634765625
1823.488,2,1,1,stimulusMovement,1,-0.8840674625502691,0.34469957649707794,1,3.26287841796875,1,-0.5116129981146919,0.36613892018795013,1,3.254302978515625
1840.155,2,1,1,stimulusMovement,1,-0.8761588947640524,0.401127390563488,1,3.1795654296875,1,-0.5399283303154839,0.34323909878730774,1,3.27325439453125
1856.823,2,1,1,stimulusMovement,1,-0.8340511057111951,0.3130313754081726,1,3.3078460693359375,1,-0.5024590492248535,0.2872636616230011,1,3.3014373779296875
1873.492,2,1,1,stimulusMovement,1,-0.9016260057687759,0.3351117819547653,1,3.2864837646484375,1,-0.5088544421725802,0.3157191574573517,1,3.3079376220703125
1890.159,2,1,1,stimulusMovement,1,-0.8841051989131503,0.38081349432468414,1,3.2495269775390625,1,-0.526516490512424,0.3695436418056488,1,3.323150634765625
1906.825,2,1,1,stimulusMovement,1,-0.818095048268636,0.3200559765100479,1,3.4118194580078125,1,-0.47609477572970915,0.3489888161420822,1,3.3444061279296875
1923.491,2,1,1,stimulusMovement,1,-0.8772926280895869,0.3166283667087555,1,3.2678070068359375,1,-0.5430166456434462,0.3590812385082245,1,3.3310546875
1940.157,2,1,1,stimulusMovement,1,-0.8327837917539808,0.3382897824048996,1,3.33837890625,1,-0.5393726030985514,0.3743152618408203,1,3.349212646484375
1956.823,2,1,1,stimulusMovement,1,-0.8284343348609076,0.29595112800598145,1,3.431640625,1,-0.5161414941151936,0.3806675970554352,1,3.386199951171875
1973.489,2,1,1,stimulusMovement,1,-0.849643932448493,0.32966816425323486,1,3.3398590087890625,1,-0.5009010897742378,0.3170069456100464,1,3.42047119140625
1990.154,2,1,1,stimulusMovement,1,-0.863873733414544,0.31750214099884033,1,3.3170623779296875,1,-0.4826566378275553,0.3198487162590027,1,3.42572021484375
2006.821,2,1,1,stimulusMovement,1,-0.8986154380771848,0.31617026031017303,1,3.25799560546875,1,-0.5088272359636095,0.36856742203235626,1,3.3766326904296875
2023.487,2,1,1,stimulusMovement,1,-0.8668377531899346,0.33977198600769043,1,3.3283538818359375,1,-0.4969674481285943,0.35510140657424927,1,3.4170379638671875
2040.152,2,1,1,stimulusMovement,1,-0.8974917812479867,0.364841029047966,1,3.381927490234375,1,-0.5007167392306857,0.3597077280282974,1,3.4426116943359375
2056.818,2,1,1,stimulusMovement,1,-0.8975722442070643,0.32011114060878754,1,3.423797607421875,1,-0.50945160124037,0.36498206853866577,1,3.461883544921875
2073.485,2,1,1,stimulusMovement,1,-0.8823797272311316,0.3169315308332443,1,3.4000244140625,1,-0.476221137576633,0.34067167341709137,1,3.453216552734375
2090.15,2,1,1,stimulusMovement,1,-0.8123936388227674,0.2851341515779495,1,3.6070098876953125,1,-0.4760577148861355,0.3357544094324112,1,3.5226593017578125
2106.816,2,1,1,stimulusMovement,1,-0.8390762209892273,0.31858301162719727,1,3.459716796875,1,-0.5337887605031331,0.3131299912929535,1,3.508697509765625
2123.482,2,1,1,stimulusMovement,1,-0.7861424816979302,0.25905029475688934,1,3.588775634765625,1,-0.5373607211642795,0.3655846118927002,1,3.4449462890625
2140.147,2,1,1,stimulusMovement,1,-0.6617999871571858,0.22856730222702026,1,3.8078460693359375,1,-0.48212252722846133,0.3621266484260559,1,3.4911041259765625
2156.814,2,1,1,stimulusMovement,1,-0.8778258926338619,0.391516350209713,1,3.4122161865234375,1,-0.5272565947638618,0.369039922952652,1,3.5005035400390625
2173.48,2,1,1,stimulusMovement,1,-0.9070010996527141,0.38363926112651825,1,3.3993377685546875,1,-0.5182316303253174,0.37695229053497314,1,3.4867401123046875
2190.145,2,1,1,stimulusMovement,1,-0.8500658108128442,0.316716730594635,1,3.4935302734375,1,-0.4232137468126085,0.37791866064071655,1,3.5067596435546875
2206.811,2,1,1,stimulusMovement,1,-0.8895263340738084,0.34769394993782043,1,3.444366455078125,1,-0.5200739966498481,0.33455200493335724,1,3.5896148681640625
2223.478,2,1,1,stimulusMovement,1,-0.8502502971225314,0.23098450899124146,1,3.5200042724609375,1,-0.5479674074384902,0.3799086809158325,1,3.5281524658203125
2240.143,2,1,1,stimulusMovement,1,-0.8823770268095864,0.326365202665329,1,3.443939208984375,1,-0.5176758236355251,0.375606968998909,1,3.5110931396484375
2256.809,2,1,1,stimulusMovement,1,-0.8879177504115634,0.3631097078323364,1,3.4771881103515625,1,-0.4820144971211751,0.31592367589473724,1,3.6439056396484375
2273.475,2,1,1,stimulusMovement,1,-0.8799797760115728,0.2752746045589447,1,3.53094482421875,1,-0.5028338697221544,0.3460105210542679,1,3.5968017578125
2290.141,2,1,1,stimulusMovement,1,-0.8298761977089776,0.28212349116802216,1,3.5412445068359375,1,-0.48948518435160315,0.3417220860719681,1,3.5844268798828125
2306.808,2,1,1,stimulusMovement,1,-0.8320079644521077,0.30562058091163635,1,3.43304443359375,1,-0.5012595653533936,0.38806965947151184,1,3.5249176025390625
2323.475,2,1,1,stimulusMovement,1,-0.8159943752818637,0.3517574965953827,1,3.4235687255859375,1,-0.5174763997395833,0.30497294664382935,1,3.7090301513671875
2340.142,2,1,1,stimulusMovement,1,-0.8691544632116953,0.28663986921310425,1,3.5078887939453125,1,-0.5049275027381049,0.3533828556537628,1,3.6326904296875
2356.809,2,1,1,stimulusMovement,1,-0.7976498140229119,0.31824468076229095,1,3.4766387939453125,1,-0.49947023391723633,0.3303707242012024,1,3.5960540771484375
2373.478,2,1,1,stimulusMovement,1,-0.8971526688999599,0.3239864408969879,1,3.486236572265625,1,-0.5394047101338704,0.31948675215244293,1,3.607818603515625
2390.145,2,1,1,stimulusMovement,1,-0.8770295000738567,0.32007724046707153,1,3.5116119384765625,1,-0.5144430796305338,0.38136037439107895,1,3.58349609375
2406.812,2,1,1,stimulusMovement,1,-0.8526470396253797,0.3135709762573242,1,3.48406982421875,1,-0.49083638191223145,0.30917614698410034,1,3.5579833984375
2423.48,2,1,1,stimulusMovement,1,-0.8483268386787838,0.2645311951637268,1,3.6069793701171875,1,-0.5431849161783854,0.3575803339481354,1,3.60107421875
2440.148,2,1,1,stimulusMovement,0,nan,nan,0,nan,1,-0.49994881947835285,0.3048325777053833,1,3.6480255126953125
2456.815,2,1,1,stimulusMovement,1,-0.8864996135234833,0.32180067896842957,1,3.444915771484375,1,-0.4747747050391303,0.34195576608181,1,3.572418212890625
2473.483,2,1,1,fixation,1,-0.8915778828991784,0.2918693274259567,1,3.4988861083984375,1,-0.4812646971808539,0.3274456858634949,1,3.599273681640625
2490.15,2,1,1,fixation,0,nan,nan,0,nan,0,nan,nan,0,nan
2506.819,2,1,1,fixation,0,nan,nan,0,nan,0,nan,nan,0,nan
2523.487,2,1,1,fixation,1,-0.9177350203196207,0.3188139498233795,1,3.4785614013671875,1,-0.5045955975850422,0.3808557093143463,1,3.5236663818359375
2540.154,2,1,1,fixation,0,nan,nan,0,nan,0,nan,nan,0,nan
2556.822,2,1,1,fixation,0,nan,nan,0,nan,0,nan,nan,0,nan
2573.49,2,1,1,fixation,1,-0.8744631773895687,0.23117825388908386,1,3.564117431640625,1,-0.5054889784918891,0.34136146306991577,1,3.538299560546875
2590.157,2,1,1,fixation,0,nan,nan,0,nan,0,nan,nan,0,nan
2606.825,2,1,1,fixation,0,nan,nan,0,nan,0,nan,nan,0,nan
2623.494,2,1,1,fixation,1,-0.9285437564055125,0.3544735610485077,1,3.36981201171875,1,-0.5095950232611762,0.33864086866378784,1,3.6016082763671875
2640.161,2,1,1,fixation,0,nan,nan,0,nan,0,nan,nan,0,nan
2656.83,2,1,1,fixation,0,nan,nan,0,nan,0,nan,nan,0,nan
2673.498,2,1,1,fixation,1,-0.925156444311142,0.2585303485393524,1,3.60076904296875,1,-0.5255448288387722,0.34240227937698364,1,3.4615936279296875
2690.165,2,1,1,fixation,0,nan,nan,0,nan,0,nan,nan,0,nan
2706.834,2,1,1,fixation,0,nan,nan,0,nan,0,nan,nan,0,nan
2723.502,2,1,1,fixation,1,-0.9149330887529584,0.34053273499011993,1,3.443023681640625,1,-0.5109034379323323,0.3983793556690216,1,3.4689483642578125
2740.17,2,1,1,fixation,0,nan,nan,0,nan,0,nan,nan,0,nan
2756.838,2,1,1,fixation,0,nan,nan,0,nan,0,nan,nan,0,nan
2773.507,2,1,1,fixation,1,-0.8602533141771952,0.335049033164978,1,3.3621063232421875,1,-0.5032171938154433,0.35910604894161224,1,3.43902587890625
2790.174,2,1,1,fixation,0,nan,nan,0,nan,0,nan,nan,0,nan
2806.843,2,1,1,fixation,0,nan,nan,0,nan,0,nan,nan,0,nan
2823.511,2,1,1,fixation,1,-0.8869859013292524,0.38957497477531433,1,3.25103759765625,1,-0.5201969941457112,0.377075232565403,1,3.4309539794921875
2840.179,2,1,1,fixation,0,nan,nan,0,nan,0,nan,nan,0,nan
2856.847,2,1,1,fixation,0,nan,nan,0,nan,0,nan,nan,0,nan
2873.516,2,1,1,fixation,1,-0.8826968885130352,0.3254026025533676,1,3.36639404296875,1,-0.5174740685356988,0.3336561471223831,1,3.4006500244140625
2890.184,2,1,1,fixation,0,nan,nan,0,nan,0,nan,nan,0,nan
2906.853,2,1,1,fixation,0,nan,nan,0,nan,0,nan,nan,0,nan
2923.522,2,1,1,fixation,1,-0.9012385490867826,0.3481762111186981,1,3.320648193359375,1,-0.4861446221669515,0.33931663632392883,1,3.3106231689453125
2940.19,2,1,1,fixation,0,nan,nan,0,nan,0,nan,nan,0,nan
2956.859,2,1,1,fixation,0,nan,nan,0,nan,0,nan,nan,0,nan
2973.528,2,1,1,fixation,1,-0.8445859452088673,0.2873835861682892,1,3.437774658203125,1,-0.526996029747857,0.3896390125155449,1,3.272430419921875
2990.195,2,1,1,fixation,0,nan,nan,0,nan,0,nan,nan,0,nan
3006.865,2,1,1,fixation,0,nan,nan,0,nan,0,nan,nan,0,nan
3023.533,2,1,1,fixation,1,-0.852589468161265,0.33033788204193115,1,3.3290557861328125,1,-0.508411963780721,0.37948161363601685,1,3.298309326171875
3040.201,2,1,1,fixation,0,nan,nan,0,nan,0,nan,nan,0,nan
3056.87,2,1,1,fixation,0,nan,nan,0,nan,0,nan,nan,0,nan
3073.539,2,1,1,fixation,1,-0.7382883230845133,0.23590213060379028,1,3.295379638671875,1,-0.35140450795491535,0.304390624165535,1,3.359344482421875
3090.207,2,1,1,fixation,0,nan,nan,0,nan,0,nan,nan,0,nan
3106.875,2,1,1,fixation,0,nan,nan,0,nan,0,nan,nan,0,nan
3123.542,2,1,1,fixation,1,-0.47007449467976886,0.05317571759223938,1,3.3077392578125,0,nan,nan,0,nan
3140.208,2,1,1,fixation,0,nan,nan,0,nan,0,nan,nan,0,nan
3156.875,2,1,1,fixation,0,nan,nan,0,nan,0,nan,nan,0,nan
3173.542,2,1,1,fixation,1,-0.43387344148423934,-0.01373744010925293,1,3.3780059814453125,1,-0.007008552551269531,-0.031882524490356445,1,3.4892578125
3190.208,2,1,1,fixation,0,nan,nan,0,nan,0,nan,nan,0,nan
3206.875,2,1,1,fixation,0,nan,nan,0,nan,0,nan,nan,0,nan
3223.542,2,1,1,fixation,1,-0.42071088155110675,0.122597336769104,1,3.328887939453125,1,-0.04584010442097981,-0.08613473176956177,1,3.6498565673828125
3240.208,2,1,1,fixation,0,nan,nan,0,nan,0,nan,nan,0,nan
3256.874,2,1,1,fixation,0,nan,nan,0,nan,0,nan,nan,0,nan
3273.541,2,1,1,fixation,1,-0.4526120821634928,0.13449335098266602,1,3.2650299072265625,1,-0.01696046193440755,0.021960794925689697,1,3.5240478515625
3290.207,2,1,1,fixation,0,nan,nan,0,nan,0,nan,nan,0,nan
3306.874,2,1,1,fixation,0,nan,nan,0,nan,0,nan,nan,0,nan
3323.541,2,1,1,fixation,1,-0.45328985320197207,0.05044490098953247,1,3.342864990234375,1,-0.0034288830227322048,-0.022115349769592285,1,3.6044158935546875
3340.207,2,1,1,fixation,0,nan,nan,0,nan,0,nan,nan,0,nan
3356.874,2,1,1,fixation,0,nan,nan,0,nan,0,nan,nan,0,nan
3373.541,2,1,1,fixation,1,-0.4566619661119249,-0.18638503551483154,1,3.9343719482421875,1,-0.04047955407036675,-3.1113624572753906e-05,1,3.5935211181640625
3390.207,2,1,1,fixation,0,nan,nan,0,nan,0,nan,nan,0,nan
3406.874,2,1,1,fixation,0,nan,nan,0,nan,0,nan,nan,0,nan
3423.541,2,1,1,fixation,1,-0.4028602706061469,0.0006236135959625244,1,3.5615386962890625,1,-0.013527340359157985,-0.05559474229812622,1,3.7501373291015625
3440.207,2,1,1,fixation,0,nan,nan,0,nan,0,nan,nan,0,nan
3456.874,2,1,1,fixation,0,nan,nan,0,nan,0,nan,nan,0,nan
3473.54,2,1,1,fixation,1,-0.4587281809912787,0.0799405574798584,1,3.3502655029296875,1,-0.045837084452311196,-0.05960029363632202,1,3.687530517578125
3490.206,2,1,1,fixation,0,nan,nan,0,nan,0,nan,nan,0,nan
3506.873,2,1,1,fixation,0,nan,nan,0,nan,0,nan,nan,0,nan
3523.54,2,1,1,fixation,1,-0.3724777963426378,0.020979225635528564,1,3.4779815673828125,1,-0.09336111280653211,-0.06650102138519287,1,3.72174072265625
3540.206,2,1,1,fixation,0,nan,nan,0,nan,0,nan,nan,0,nan
3556.873,2,1,1,fixation,0,nan,nan,0,nan,0,nan,nan,0,nan
3573.54,2,1,1,fixation,1,-0.4853054152594672,-0.032885611057281494,1,3.54791259765625,1,-0.05690998501247829,-0.016664862632751465,1,3.5615234375
3590.206,2,1,1,fixation,0,nan,nan,0,nan,0,nan,nan,0,nan
3606.873,2,1,1,fixation,0,nan,nan,0,nan,0,nan,nan,0,nan
3623.54,2,1,1,fixation,1,-0.7199332316716511,0.17979735136032104,1,3.5296478271484375,1,-0.3608117633395725,0.2077178955078125,1,3.484375
3640.206,2,1,1,fixation,0,nan,nan,0,nan,0,nan,nan,0,nan
3656.873,2,1,1,fixation,0,nan,nan,0,nan,0,nan,nan,0,nan
3673.54,2,1,1,fixation,1,-0.8111480540699428,0.18735039234161377,1,3.57659912109375,1,-0.4738591776953803,0.3122817128896713,1,3.427520751953125
3690.206,2,1,1,fixation,0,nan,nan,0,nan,0,nan,nan,0,nan
3706.872,2,1,1,fixation,0,nan,nan,0,nan,0,nan,nan,0,nan
3723.539,2,1,1,fixation,1,-0.8368150956100887,0.24833089113235474,1,3.529144287109375,1,-0.48741602897644043,0.34012457728385925,1,3.3915557861328125
3740.205,2,1,1,fixation,0,nan,nan,0,nan,0,nan,nan,0,nan
3756.872,2,1,1,fixation,0,nan,nan,0,nan,0,nan,nan,0,nan
3773.539,2,1,1,fixation,1,-0.8452026115523443,0.24443235993385315,1,3.5054779052734375,1,-0.5073306295606825,0.281971275806427,1,3.45123291015625
3790.205,2,1,1,fixation,0,nan,nan,0,nan,0,nan,nan,0,nan
3806.872,2,1,1,fixation,0,nan,nan,0,nan,0,nan,nan,0,nan
3823.539,2,1,1,fixation,1,-0.8332642912864685,0.3182007372379303,1,3.495086669921875,1,-0.49837843577067054,0.3485332429409027,1,3.451080322265625
3840.205,2,1,1,fixation,0,nan,nan,0,nan,0,nan,nan,0,nan
3856.872,2,1,1,fixation,0,nan,nan,0,nan,0,nan,nan,0,nan
3873.539,2,1,1,fixation,1,-0.8032104770342509,0.3433450013399124,1,3.4185028076171875,1,-0.506714211569892,0.31448283791542053,1,3.66009521484375
3890.205,2,1,1,fixation,0,nan,nan,0,nan,0,nan,nan,0,nan
3906.872,2,1,1,fixation,0,nan,nan,0,nan,0,nan,nan,0,nan
3923.539,2,1,1,fixation,1,-0.8058386378818088,0.27575676143169403,1,3.5882720947265625,1,-0.491667005750868,0.3600700795650482,1,3.5542755126953125
3940.204,2,1,1,fixation,0,nan,nan,0,nan,0,nan,nan,0,nan
3956.871,2,1,1,fixation,0,nan,nan,0,nan,0,nan,nan,0,nan
3973.538,2,1,1,fixation,1,-0.8375134666760762,0.3039313405752182,1,3.6112518310546875,1,-0.4988229009840223,0.38185063749551773,1,3.59991455078125
3990.204,2,1,1,fixation,0,nan,nan,0,nan,0,nan,nan,0,nan
4006.871,2,1,1,fixation,0,nan,nan,0,nan,0,nan,nan,0,nan
4023.538,2,1,1,fixation,1,-0.7948507136768764,0.2923867404460907,1,3.754791259765625,1,-0.4992734591166178,0.4036645367741585,1,3.5958404541015625
4040.204,2,1,1,fixation,0,nan,nan,0,nan,0,nan,nan,0,nan
4056.871,2,1,1,fixation,0,nan,nan,0,nan,0,nan,nan,0,nan
4073.538,2,1,1,fixation,1,-0.8562054667207929,0.2528805136680603,1,3.6749267578125,1,-0.4936819076538086,0.36914606392383575,1,3.686859130859375
4090.204,2,1,1,fixation,0,nan,nan,0,nan,0,nan,nan,0,nan
4106.871,2,1,1,fixation,0,nan,nan,0,nan,0,nan,nan,0,nan
4123.538,2,1,1,fixation,1,-0.8695629338423411,0.31058482825756073,1,3.64410400390625,1,-0.4962750540839301,0.3431161195039749,1,3.74755859375
4140.204,2,1,1,fixation,0,nan,nan,0,nan,0,nan,nan,0,nan
4156.871,2,1,1,fixation,0,nan,nan,0,nan,0,nan,nan,0,nan
4173.537,2,1,1,fixation,1,-0.8624915116363101,0.3014170229434967,1,3.6619873046875,1,-0.46688249376085067,0.37766654044389725,1,3.6829681396484375
4190.203,2,1,1,fixation,0,nan,nan,0,nan,0,nan,nan,0,nan
4206.87,2,1,1,fixation,0,nan,nan,0,nan,0,nan,nan,0,nan
4223.537,2,1,1,fixation,1,-0.8368416561020745,0.29795974493026733,1,3.658599853515625,1,-0.45820458730061847,0.36622798442840576,1,3.6654205322265625
4240.203,2,1,1,fixation,0,nan,nan,0,nan,0,nan,nan,0,nan
4256.87,2,1,1,fixation,0,nan,nan,0,nan,0,nan,nan,0,nan
4273.537,2,1,1,fixation,1,-0.879508356253306,0.33175164461135864,1,3.6673126220703125,1,-0.4962329864501953,0.31944069266319275,1,3.71868896484375
4290.203,2,1,1,fixation,0,nan,nan,0,nan,0,nan,nan,0,nan
4306.87,2,1,1,fixation,0,nan,nan,0,nan,0,nan,nan,0,nan
4323.537,2,1,1,fixation,1,-0.89880390630828,0.342106431722641,1,3.63421630859375,1,-0.39950821134779185,0.35955266654491425,1,3.721771240234375
4340.203,2,1,1,fixation,0,nan,nan,0,nan,0,nan,nan,0,nan
4356.87,2,1,1,fixation,0,nan,nan,0,nan,0,nan,nan,0,nan
4373.537,2,1,1,fixation,1,-0.8240490754445393,0.2765670120716095,1,3.6575164794921875,1,-0.5157098770141602,0.31563863158226013,1,3.7166900634765625
4390.203,2,1,1,fixation,0,nan,nan,0,nan,0,nan,nan,0,nan
4406.869,2,1,1,fixation,0,nan,nan,0,nan,0,nan,nan,0,nan
4423.536,2,1,1,fixation,1,-0.8748059305879804,0.3453991413116455,1,3.678192138671875,1,-0.4706244468688965,0.3753291666507721,1,3.66326904296875
4440.202,2,1,1,fixation,0,nan,nan,0,nan,0,nan,nan,0,nan
4456.869,2,1,1,fixation,0,nan,nan,0,nan,0,nan,nan,0,nan
4473.536,2,1,1,fixation,1,-0.8465196192264557,0.28536686301231384,1,3.7105865478515625,1,-0.48700210783216685,0.31738531589508057,1,3.7534637451171875
4490.202,2,1,1,fixation,0,nan,nan,0,nan,0,nan,nan,0,nan
4506.869,2,1,1,fixation,0,nan,nan,0,nan,0,nan,nan,0,nan
4523.536,2,1,1,fixation,1,-0.8489907549487219,0.3365791440010071,1,3.6619720458984375,1,-0.5131507979498969,0.3459411561489105,1,3.7329864501953125
4540.202,2,1,1,fixation,0,nan,nan,0,nan,0,nan,nan,0,nan
4556.869,2,1,1,fixation,0,nan,nan,0,nan,0,nan,nan,0,nan
4573.536,2,1,1,fixation,1,-0.8661852826674779,0.2969677001237869,1,3.636016845703125,1,-0.506135967042711,0.3415199965238571,1,3.62445068359375
4590.202,2,1,1,fixation,0,nan,nan,0,nan,0,nan,nan,0,nan
4606.869,2,1,1,fixation,0,nan,nan,0,nan,0,nan,nan,0,nan
4623.536,2,1,1,fixation,1,-0.847100622124142,0.30849458277225494,1,3.605133056640625,1,-0.5080611970689561,0.3421274572610855,1,3.672119140625
4640.201,2,1,1,fixation,0,nan,nan,0,nan,0,nan,nan,0,nan
4656.868,2,1,1,fixation,0,nan,nan,0,nan,0,nan,nan,0,nan
4673.535,2,1,1,fixation,1,-0.8192538619041443,0.33827918767929077,1,3.6798858642578125,1,-0.4647682242923312,0.3562978506088257,1,3.7242584228515625
4690.201,2,1,1,fixation,0,nan,nan,0,nan,0,nan,nan,0,nan
4706.868,2,1,1,fixation,0,nan,nan,0,nan,0,nan,nan,0,nan
4723.535,2,1,1,fixation,0,nan,nan,0,nan,0,nan,nan,0,nan
4740.201,2,1,1,fixation,0,nan,nan,0,nan,0,nan,nan,0,nan
4756.868,2,1,1,fixation,0,nan,nan,0,nan,0,nan,nan,0,nan
4773.535,2,1,1,fixation,0,nan,nan,0,nan,0,nan,nan,0,nan
4790.201,2,1,1,fixation,0,nan,nan,0,nan,0,nan,nan,0,nan
4806.868,2,1,1,fixation,0,nan,nan,0,nan,0,nan,nan,0,nan
4823.535,2,1,1,fixation,0,nan,nan,0,nan,0,nan,nan,0,nan
4840.201,2,1,1,fixation,0,nan,nan,0,nan,0,nan,nan,0,nan
4856.867,2,1,1,fixation,0,nan,nan,0,nan,0,nan,nan,0,nan
4873.534,2,1,1,fixation,0,nan,nan,0,nan,0,nan,nan,0,nan
4890.2,2,1,1,fixation,0,nan,nan,0,nan,0,nan,nan,0,nan
4906.867,2,1,1,fixation,0,nan,nan,0,nan,0,nan,nan,0,nan
4923.534,2,1,1,fixation,0,nan,nan,0,nan,0,nan,nan,0,nan
4940.2,2,1,1,fixation,0,nan,nan,0,nan,0,nan,nan,0,nan
4956.867,2,1,1,fixation,0,nan,nan,0,nan,0,nan,nan,0,nan
4973.534,2,1,1,fixation,1,-0.2088545693291558,-0.21587610244750977,1,3.80010986328125,1,0.2627336714002821,-0.2090320587158203,1,3.75830078125
4990.2,2,1,1,fixation,0,nan,nan,0,nan,0,nan,nan,0,nan
5006.867,2,1,1,fixation,0,nan,nan,0,nan,0,nan,nan,0,nan
5023.534,2,1,1,fixation,1,-0.2621592945522732,-0.3326472043991089,1,3.9621734619140625,1,0.4065542221069336,-0.3342461585998535,1,4.1379852294921875
5040.2,2,1,1,fixation,0,nan,nan,0,nan,0,nan,nan,0,nan
5056.867,2,1,1,fixation,0,nan,nan,0,nan,0,nan,nan,0,nan
5073.534,2,1,1,fixation,1,-0.24375057220458984,-0.25088346004486084,1,3.8413848876953125,1,0.30029477013481987,-0.15887242555618286,1,3.8408355712890625
5090.199,2,1,1,fixation,0,nan,nan,0,nan,0,nan,nan,0,nan
5106.866,2,1,1,fixation,0,nan,nan,0,nan,0,nan,nan,0,nan
5123.533,2,1,1,fixation,1,-0.23993068271213105,-0.2521810531616211,1,3.8777923583984375,1,0.31685447692871094,-0.21446478366851807,1,3.878204345703125
5140.199,2,1,1,fixation,0,nan,nan,0,nan,0,nan,nan,0,nan
5156.866,2,1,1,fixation,0,nan,nan,0,nan,0,nan,nan,0,nan
5173.533,2,1,1,fixation,1,-0.24040873845418292,-0.0825338363647461,1,3.463623046875,1,0.3766795264350043,-0.22638458013534546,1,3.90283203125
5190.199,2,1,1,fixation,0,nan,nan,0,nan,0,nan,nan,0,nan
5206.866,2,1,1,fixation,0,nan,nan,0,nan,0,nan,nan,0,nan
5223.533,2,1,1,fixation,1,-0.18735387590196398,-0.31328094005584717,1,3.81817626953125,1,0.4001764721340603,-0.3027791976928711,1,3.8987884521484375
5240.199,2,1,1,fixation,0,nan,nan,0,nan,0,nan,nan,0,nan
5256.866,2,1,1,fixation,0,nan,nan,0,nan,0,nan,nan,0,nan
5273.533,2,1,1,fixation,1,-0.5114658143785265,0.05174407362937927,1,3.2766571044921875,1,-0.08376889758639865,-0.021189093589782715,1,3.5384368896484375
5290.199,2,1,1,fixation,0,nan,nan,0,nan,0,nan,nan,0,nan
5306.866,2,1,1,fixation,0,nan,nan,0,nan,0,nan,nan,0,nan
5323.532,2,1,1,fixation,1,-0.8209818800290425,0.30320484936237335,1,3.309722900390625,1,-0.47026512357923717,0.37750720977783203,1,3.2631683349609375
5340.198,2,1,1,fixation,0,nan,nan,0,nan,0,nan,nan,0,nan
5356.865,2,1,1,fixation,0,nan,nan,0,nan,0,nan,nan,0,nan
5373.532,2,1,1,fixation,1,-0.855001989338133,0.32329052686691284,1,3.2447509765625,1,-0.48350805706448025,0.3682834804058075,1,3.24652099609375
5390.198,2,1,1,fixation,0,nan,nan,0,nan,0,nan,nan,0,nan
5406.865,2,1,1,fixation,0,nan,nan,0,nan,0,nan,nan,0,nan
5423.532,2,1,1,fixation,1,-0.8307648499806721,0.3493991494178772,1,3.154998779296875,1,-0.4579620361328125,0.38039329648017883,1,3.231231689453125
5440.198,2,1,1,fixation,0,nan,nan,0,nan,0,nan,nan,0,nan
5456.865,2,1,1,fixation,0,nan,nan,0,nan,0,nan,nan,0,nan
5473.532,2,1,1,fixation,1,-0.5681698852115207,0.19568860530853271,1,3.7331390380859375,1,-0.496627410252889,0.4077177792787552,1,3.151702880859375
5490.198,2,1,1,stimulusMovement,0,nan,nan,0,nan,0,nan,nan,0,nan
5506.865,2,1,1,stimulusMovement,0,nan,nan,0,nan,0,nan,nan,0,nan
5523.532,2,1,1,stimulusMovement,1,-0.8730481167634327,0.40087616443634033,1,3.151123046875,1,-0.5048773553636339,0.35550248622894287,1,3.2489471435546875
5540.198,2,1,1,stimulusMovement,1,-0.8886724669072362,0.3946921229362488,1,3.16986083984375,1,-0.5087542533874512,0.3777572587132454,1,3.246917724609375
5556.864,2,1,1,stimulusMovement,1,-0.8873705251349343,0.35228753089904785,1,3.2319793701171875,1,-0.4878353542751736,0.3580470085144043,1,3.1985321044921875
5573.531,2,1,1,stimulusMovement,1,-0.8648258348306019,0.3335365951061249,1,3.2401275634765625,1,-0.5256919860839844,0.37767863273620605,1,3.2442169189453125
5590.197,2,1,1,stimulusMovement,1,-0.8489602737956576,0.4032493606209755,1,3.173004150390625,1,-0.4977481100294325,0.38314110040664673,1,3.2043304443359375
5606.864,2,1,1,stimulusMovement,1,-0.7294086085425483,0.23126360774040222,1,3.4132232666015625,1,-0.4862789577907986,0.33636802434921265,1,3.33880615234375
5623.532,2,1,1,stimulusMovement,1,-0.8815569521652327,0.3682703822851181,1,3.170989990234375,1,-0.5123618973626031,0.35377033054828644,1,3.2841796875
5640.198,2,1,1,stimulusMovement,1,-0.8674610621399349,0.3276645094156265,1,3.299560546875,1,-0.5125619835323757,0.37409231066703796,1,3.29693603515625
5656.866,2,1,1,stimulusMovement,1,-0.8563492033216688,0.33311422169208527,1,3.272430419921875,1,-0.5083946122063531,0.40600113570690155,1,3.28021240234375
5673.533,2,1,1,stimulusMovement,1,-0.8521495759487152,0.26521751284599304,1,3.512969970703125,1,-0.5059425565931532,0.3850642740726471,1,3.363861083984375
5690.199,2,1,1,stimulusMovement,1,-0.8790710361467466,0.3686249107122421,1,3.21197509765625,1,-0.49756892522176105,0.3284153640270233,1,3.3833770751953125
5706.867,2,1,1,stimulusMovement,1,-0.8697284460067749,0.28657184541225433,1,3.4110565185546875,1,-0.4885091781616211,0.3433232456445694,1,3.3426055908203125
5723.534,2,1,1,stimulusMovement,1,-0.890042891105016,0.2612413167953491,1,3.3989410400390625,1,-0.5320920414394802,0.37575383484363556,1,3.3148956298828125
5740.201,2,1,1,stimulusMovement,1,-0.8627184414201312,0.3184104859828949,1,3.30316162109375,1,-0.4988677766587999,0.3664198964834213,1,3.34649658203125
5756.868,2,1,1,stimulusMovement,1,-0.8015065921677483,0.2837556004524231,1,3.4382476806640625,1,-0.4768051571316189,0.34608426690101624,1,3.4660186767578125
5773.535,2,1,1,stimulusMovement,1,-0.8761114213201734,0.3677496910095215,1,3.312896728515625,1,-0.47618963983323837,0.34712742269039154,1,3.455474853515625
5790.201,2,1,1,stimulusMovement,1,-0.8245887358983357,0.3202870488166809,1,3.4531097412109375,1,-0.478530830807156,0.3556906431913376,1,3.3926239013671875
5806.868,2,1,1,stimulusMovement,1,-0.8543808228439754,0.30092087388038635,1,3.4389190673828125,1,-0.4984220398796929,0.3905787020921707,1,3.4761962890625
5823.536,2,1,1,stimulusMovement,1,-0.8535438378651936,0.3255658596754074,1,3.4218597412109375,1,-0.4943135579427083,0.35564225912094116,1,3.45196533203125
5840.202,2,1,1,stimulusMovement,1,-0.8203985889752705,0.3143766075372696,1,3.4731597900390625,1,-0.47617459297180176,0.36478888988494873,1,3.463714599609375
5856.869,2,1,1,stimulusMovement,1,-0.6920042170418633,0.27170032262802124,1,3.6857757568359375,1,-0.4714372158050537,0.3407011032104492,1,3.5678863525390625
5873.537,2,1,1,stimulusMovement,1,-0.8358533051278856,0.32591578364372253,1,3.5809326171875,1,-0.463153256310357,0.349489688873291,1,3.538116455078125
5890.203,2,1,1,stimulusMovement,1,-0.8332210249370998,0.35267990827560425,1,3.5155792236328125,1,-0.4719493654039171,0.3686597943305969,1,3.49951171875
5906.871,2,1,1,stimulusMovement,1,-0.8093368212381998,0.24402883648872375,1,3.548004150390625,1,-0.5033746560414631,0.3694119304418564,1,3.5282135009765625
5923.538,2,1,1,stimulusMovement,1,-0.8379943172136942,0.30236436426639557,1,3.587982177734375,1,-0.46362808015611434,0.3729700893163681,1,3.527435302734375
5940.204,2,1,1,stimulusMovement,1,-0.9009606639544169,0.38082170486450195,1,3.4497833251953125,1,-0.500312328338623,0.34630875289440155,1,3.502044677734375
5956.872,2,1,1,stimulusMovement,1,-0.8226661417219373,0.28411728143692017,1,3.6868438720703125,1,-0.5012201733059353,0.3623429834842682,1,3.6078338623046875
5973.539,2,1,1,stimulusMovement,1,-0.8374458087815179,0.251522034406662,1,3.7318115234375,1,-0.5066960387759738,0.33625392615795135,1,3.6434173583984375
5990.206,2,1,1,stimulusMovement,0,nan,nan,0,nan,1,-0.5129202206929524,0.3493324965238571,1,3.6295013427734375
6006.873,2,1,1,stimulusMovement,1,-0.8812261306577258,0.3220977187156677,1,3.5487823486328125,1,-0.4841955767737494,0.3300313502550125,1,3.6382598876953125
6023.54,2,1,1,stimulusMovement,1,-0.8664009951882892,0.2929963171482086,1,3.62542724609375,1,-0.4762189123365614,0.331927627325058,1,3.6749420166015625
6040.206,2,1,1,stimulusMovement,1,-0.8283517493142022,0.28986498713493347,1,3.60076904296875,1,-0.5053920745849609,0.3329867571592331,1,3.648193359375
6056.874,2,1,1,stimulusMovement,1,-0.8648002114560869,0.3467226028442383,1,3.5970916748046875,1,-0.5226069026523166,0.3682127296924591,1,3.6497039794921875
6073.541,2,1,1,stimulusMovement,1,-0.8386635945902929,0.3416009098291397,1,3.7023162841796875,1,-0.48469850752088756,0.3585145026445389,1,3.6777191162109375
6090.207,2,1,1,stimulusMovement,1,-0.8520217272970411,0.32742373645305634,1,3.66845703125,1,-0.499256239997016,0.3405211865901947,1,3.6640625
6106.875,2,1,1,stimulusMovement,1,-0.8613556540674633,0.33150970935821533,1,3.6245574951171875,1,-0.5031594700283474,0.3355429172515869,1,3.682098388671875
6123.542,2,1,1,stimulusMovement,1,-0.8093495501412286,0.3250747323036194,1,3.7114105224609375,1,-0.49802218543158633,0.3450147956609726,1,3.6849365234375
6140.209,2,1,1,stimulusMovement,1,-0.9064680536588032,0.3114009499549866,1,3.6355743408203125,1,-0.4915302594502767,0.34973928332328796,1,3.670745849609375
6156.876,2,1,1,stimulusMovement,1,-0.8987279774414167,0.278836190700531,1,3.64459228515625,1,-0.49272198147243923,0.3449043333530426,1,3.6781005859375
6173.544,2,1,1,stimulusMovement,1,-0.8479608595371246,0.2709735631942749,1,3.7518157958984375,1,-0.4795833693610297,0.28831328451633453,1,3.7800750732421875
6190.21,2,1,1,stimulusMovement,1,-0.8998805218272738,0.31689170002937317,1,3.6327362060546875,1,-0.49196677737765837,0.3520844131708145,1,3.7091064453125
6206.878,2,1,1,stimulusMovement,1,-0.8777003884315491,0.3463403731584549,1,3.6218414306640625,1,-0.49785735872056747,0.3348087966442108,1,3.7364654541015625
6223.545,2,1,1,stimulusMovement,1,-0.9270750747786627,0.407574325799942,1,3.570831298828125,1,-0.4955533875359429,0.35879451036453247,1,3.7574462890625
6240.211,2,1,1,stimulusMovement,1,-0.8555350767241583,0.31343449652194977,1,3.7509613037109375,1,-0.40117555194430876,0.37545670568943024,1,3.6819915771484375
6256.878,2,1,1,stimulusMovement,1,-0.8566794561015234,0.346558541059494,1,3.6786346435546875,1,-0.5009426010979546,0.320901483297348,1,3.73968505859375
6273.546,2,1,1,stimulusMovement,1,-0.877056222822931,0.2871008366346359,1,3.627838134765625,1,-0.492873297797309,0.33528241515159607,1,3.7684173583984375
6290.212,2,1,1,stimulusMovement,1,-0.847722848256429,0.3026641011238098,1,3.7339019775390625,1,-0.48379606670803493,0.3479643911123276,1,3.7619476318359375
6306.88,2,1,1,stimulusMovement,1,-0.8632717099454668,0.3386106342077255,1,3.778045654296875,1,-0.5123850504557291,0.3597555309534073,1,3.720306396484375
6323.547,2,1,1,stimulusMovement,1,-0.8810958415269852,0.3162172883749008,1,3.689910888671875,1,-0.4641997284359402,0.38012664020061493,1,3.7243499755859375
6340.213,2,1,1,stimulusMovement,1,-0.812221176094479,0.31159885227680206,1,3.6669464111328125,1,-0.4841338263617621,0.37998729199171066,1,3.740509033203125
6356.881,2,1,1,stimulusMovement,1,-0.8562212453948126,0.315984770655632,1,3.684173583984375,1,-0.49325516488817,0.3779390901327133,1,3.7392730712890625
6373.549,2,1,1,stimulusMovement,1,-0.8437443607383304,0.3412184715270996,1,3.7490997314453125,1,-0.496757878197564,0.3791082054376602,1,3.7658843994140625
6390.215,2,1,1,stimulusMovement,1,-0.8605591654777527,0.31589165329933167,1,3.7446136474609375,1,-0.48621463775634766,0.3487488627433777,1,3.6745452880859375
6406.883,2,1,1,stimulusMovement,1,-0.855826993783315,0.30125266313552856,1,3.72418212890625,1,-0.4622201919555664,0.3841497600078583,1,3.761810302734375
6423.55,2,1,1,stimulusMovement,1,-0.837582078244951,0.25102540850639343,1,3.74462890625,1,-0.5021532376607258,0.3675011843442917,1,3.71148681640625
6440.217,2,1,1,stimulusMovement,1,-0.8550434178776211,0.28646770119667053,1,3.66455078125,1,-0.5017695426940918,0.34714826941490173,1,3.733367919921875
6456.884,2,1,1,stimulusMovement,1,-0.8490603301260206,0.24674606323242188,1,3.664306640625,1,-0.5127919514973958,0.3374321013689041,1,3.7451934814453125
6473.551,2,1,1,stimulusMovement,1,-0.8509223262468973,0.3194447457790375,1,3.75677490234375,1,-0.49501853519015837,0.35613448917865753,1,3.72479248046875
6490.217,2,1,1,stimulusMovement,1,-0.8166054553455776,0.2966007888317108,1,3.74212646484375,1,-0.4692601362864176,0.3678134083747864,1,3.6491851806640625
6506.885,2,1,1,stimulusMovement,1,-0.8600744969314998,0.27608367800712585,1,3.6871490478515625,1,-0.5045821931627061,0.2772293984889984,1,3.783294677734375
6523.552,2,1,1,stimulusMovement,1,-0.8810684465699725,0.3523453325033188,1,3.615081787109375,1,-0.4883098072475857,0.3818061947822571,1,3.6572113037109375
6540.219,2,1,1,stimulusMovement,1,-0.8723668687873416,0.294291689991951,1,3.61083984375,1,-0.444225099351671,0.3472422659397125,1,3.7131195068359375
6556.886,2,1,1,stimulusMovement,1,-0.8515334129333496,0.2998594790697098,1,3.6834564208984375,1,-0.49211761686537,0.39886941760778427,1,3.6463470458984375
6573.554,2,1,1,stimulusMovement,1,-0.8806079750259717,0.2701511085033417,1,3.6952056884765625,1,-0.47046971321105957,0.36442291736602783,1,3.65167236328125
6590.22,2,1,1,stimulusMovement,1,-0.8414743443330128,0.27306389808654785,1,3.7258148193359375,1,-0.475710391998291,0.35553672909736633,1,3.6927490234375
6606.888,2,1,1,stimulusMovement,1,-0.8266150024202135,0.2771512567996979,1,3.6941680908203125,1,-0.5080386797587076,0.35555434226989746,1,3.62591552734375
6623.556,2,1,1,stimulusMovement,1,-0.8812113950649897,0.2973223775625229,1,3.634063720703125,1,-0.4628098275926378,0.3753475174307823,1,3.601776123046875
6640.222,2,1,1,stimulusMovement,1,-0.8263582918379041,0.23739993572235107,1,3.714141845703125,1,-0.4826921886867947,0.34278604388237,1,3.732879638671875
6656.89,2,1,1,stimulusMovement,1,-0.8342582980791727,0.24711275100708008,1,3.6253509521484375,1,-0.48870192633734805,0.3367863744497299,1,3.7470245361328125
6673.557,2,1,1,stimulusMovement,1,-0.8499396807617611,0.250613272190094,1,3.662628173828125,1,-0.4766037729051378,0.379260390996933,1,3.6492156982421875
6690.224,2,1,1,stimulusMovement,1,-0.9007595777511597,0.30988870561122894,1,3.62738037109375,1,-0.4684446652730306,0.34062884747982025,1,3.663543701171875
6706.891,2,1,1,stimulusMovement,1,-0.8222618831528558,0.283535435795784,1,3.6240997314453125,1,-0.48616462283664275,0.3279385268688202,1,3.7378387451171875
6723.558,2,1,1,stimulusMovement,1,-0.826218459341261,0.2648838758468628,1,3.6091766357421875,1,-0.49906550513373477,0.3249763697385788,1,3.8137664794921875
6740.225,2,1,1,stimulusMovement,1,-0.892883699801233,0.2809617519378662,1,3.6997222900390625,1,-0.42800945705837673,0.35750333964824677,1,3.753509521484375
6756.892,2,1,1,stimulusMovement,1,-0.846830536921819,0.3182693421840668,1,3.59027099609375,1,-0.46179723739624023,0.3553559482097626,1,3.7679901123046875
6773.56,2,1,1,stimulusMovement,1,-0.8892791503005557,0.3608454614877701,1,3.586517333984375,1,-0.478674570719401,0.38411475718021393,1,3.7379608154296875
6790.226,2,1,1,stimulusMovement,1,-0.8330913053618536,0.2927413284778595,1,3.6385498046875,1,-0.4867312643263075,0.3513985574245453,1,3.7557220458984375
6806.894,2,1,1,stimulusMovement,1,-0.8524020645353528,0.34007614850997925,1,3.6195831298828125,1,-0.45874336030748153,0.37575049698352814,1,3.741180419921875
6823.562,2,1,1,stimulusMovement,1,-0.851975874768363,0.26656612753868103,1,3.746856689453125,1,-0.49016740587022567,0.36659133434295654,1,3.7357025146484375
6840.228,2,1,1,stimulusMovement,1,-0.8340006702476077,0.32303230464458466,1,3.6969451904296875,1,-0.48080831103854704,0.39964236319065094,1,3.716949462890625
6856.896,2,1,1,stimulusMovement,1,-0.8939509607023662,0.27529218792915344,1,3.7083587646484375,1,-0.46919483608669704,0.3366771340370178,1,3.72674560546875
6873.563,2,1,1,stimulusMovement,1,-0.8012903398937649,0.2643465995788574,1,3.773468017578125,1,-0.42536989847819007,0.3191519230604172,1,3.7641448974609375
6890.23,2,1,1,stimulusMovement,1,-0.8629511247078577,0.27648115158081055,1,3.6217041015625,1,-0.4556831783718533,0.3275236189365387,1,3.7649383544921875
6906.897,2,1,1,stimulusMovement,1,-0.8838412223590745,0.3339591324329376,1,3.6829986572265625,1,-0.4413095050387912,0.37471432983875275,1,3.7189178466796875
6923.565,2,1,1,stimulusMovement,1,-0.8700774229235119,0.25069524347782135,1,3.74761962890625,1,-0.4639932049645318,0.33975644409656525,1,3.76806640625
6940.231,2,1,1,stimulusMovement,1,-0.8767833792501025,0.22157055139541626,1,3.684967041015625,1,-0.492315928141276,0.38523099571466446,1,3.6661529541015625
6956.898,2,1,1,stimulusMovement,1,-0.8255376418431599,0.2698103189468384,1,3.704742431640625,1,-0.47859260771009654,0.2775944024324417,1,3.8826446533203125
6973.566,2,1,1,stimulusMovement,1,-0.8500250213676028,0.2236941158771515,1,3.85589599609375,1,-0.43491342332628036,0.325078621506691,1,3.788909912109375
6990.232,2,1,1,stimulusMovement,1,-0.8491953611373901,0.27061590552330017,1,3.68963623046875,1,-0.4492640760209825,0.34290164709091187,1,3.789306640625
7006.9,2,1,1,stimulusMovement,1,-0.883225616481569,0.31958654522895813,1,3.6233367919921875,1,-0.5063686105940077,0.3425923138856888,1,3.738983154296875
7023.567,2,1,1,stimulusMovement,1,-0.8687518537044525,0.33666089177131653,1,3.688995361328125,1,-0.4847407870822482,0.33847230672836304,1,3.7537078857421875
7040.234,2,1,1,stimulusMovement,1,-0.8827242793308363,0.28909388184547424,1,3.622314453125,1,-0.49603287378946936,0.3821612223982811,1,3.6911468505859375
7056.902,2,1,1,stimulusMovement,0,nan,nan,0,nan,1,-0.48980103598700625,0.34583377838134766,1,3.7046051025390625
7073.57,2,1,1,stimulusMovement,1,-0.864449068903923,0.2772424668073654,1,3.62786865234375,1,-0.49153974321153426,0.35440558195114136,1,3.698638916015625
7090.236,2,1,1,stimulusMovement,1,-0.8608123030927446,0.2974536120891571,1,3.6009674072265625,1,-0.437508742014567,0.3170696496963501,1,3.7275390625
7106.904,2,1,1,stimulusMovement,1,-0.8394245505332947,0.2786964476108551,1,3.7371673583984375,1,-0.48913033803304035,0.3349110335111618,1,3.6189422607421875
7123.571,2,1,1,stimulusMovement,1,-0.8700799743334452,0.2769933342933655,1,3.5469970703125,1,-0.44821039835611975,0.3261346220970154,1,3.6408843994140625
7140.238,2,1,1,stimulusMovement,1,-0.8660620682769351,0.30679671466350555,1,3.6357879638671875,1,-0.49931255976359046,0.36709243059158325,1,3.6062164306640625
7156.905,2,1,1,stimulusMovement,1,-0.8701228664980993,0.2923196852207184,1,3.6734619140625,1,-0.4782804383171929,0.3370435982942581,1,3.6632843017578125
7173.573,2,1,1,stimulusMovement,1,-0.8811468482017517,0.3432014584541321,1,3.554901123046875,1,-0.4814182387457953,0.38379207998514175,1,3.555450439453125
7190.239,2,1,1,stimulusMovement,1,-0.8857087261146969,0.3260851353406906,1,3.4436798095703125,1,-0.4852935473124186,0.3628125339746475,1,3.5944976806640625
7206.906,2,1,1,stimulusMovement,1,-0.8450360695521036,0.2504425048828125,1,3.705291748046875,1,-0.49153153101603186,0.3516434133052826,1,3.55487060546875
7223.573,2,1,1,stimulusMovement,1,-0.8326734171973333,0.3125748336315155,1,3.5304107666015625,1,-0.479787720574273,0.3385371267795563,1,3.589324951171875
7240.239,2,1,1,stimulusMovement,1,-0.8769307153092489,0.3293152004480362,1,3.467193603515625,1,-0.49565452999538845,0.37098318338394165,1,3.5544281005859375
7256.906,2,1,1,stimulusMovement,1,-0.8442891207006242,0.2907356470823288,1,3.47125244140625,1,-0.5249706109364827,0.29774798452854156,1,3.58209228515625
7273.573,2,1,1,stimulusMovement,1,-0.7835296657350328,0.33109739422798157,1,3.51385498046875,1,-0.47409783469306094,0.3444993644952774,1,3.5303192138671875
7290.24,2,1,1,stimulusMovement,1,-0.7597679032219781,0.30466611683368683,1,3.5888671875,1,-0.4606466823154025,0.35224519670009613,1,3.5281219482421875
7306.907,2,1,1,stimulusMovement,1,-0.7282533778084649,0.3027719557285309,1,3.56011962890625,1,-0.49474294980367023,0.3571205139160156,1,3.44940185546875
7323.574,2,1,1,stimulusMovement,1,-0.8729849242501788,0.3245343714952469,1,3.50762939453125,1,-0.48059995969136554,0.3313307464122772,1,3.4736328125
7340.24,2,1,1,stimulusMovement,1,-0.7855720122655232,0.3046943247318268,1,3.4754791259765625,1,-0.47270700666639537,0.3856310546398163,1,3.4210205078125
7356.907,2,1,1,stimulusMovement,1,-0.758681747648451,0.2591475248336792,1,3.477325439453125,1,-0.4189032448662652,0.2993811368942261,1,3.33465576171875
7373.574,2,1,1,stimulusMovement,1,-0.7383199003007677,0.18248414993286133,1,3.4486541748046875,1,-0.34021658367580837,0.24573040008544922,1,3.4178314208984375
7390.24,2,1,1,stimulusMovement,1,-0.7036003801557752,0.21239757537841797,1,3.3960113525390625,1,-0.3105855517917209,0.2143092155456543,1,3.4601287841796875
7406.907,2,1,1,stimulusMovement,1,-0.7005530463324653,0.16736283898353577,1,3.4359893798828125,1,-0.333121829562717,0.2804146409034729,1,3.35125732421875
7423.574,2,1,1,stimulusMovement,1,-0.6646815141042073,0.09486541152000427,1,3.634674072265625,1,-0.3082695007324219,0.21430367231369019,1,3.42999267578125
7440.24,2,1,1,stimulusMovement,1,-0.6553517712487115,0.16403761506080627,1,3.3376617431640625,1,-0.2988772392272949,0.1665039360523224,1,3.4998779296875
7456.907,2,1,1,stimulusMovement,1,-0.6697255770365397,0.17291295528411865,1,3.4808502197265625,1,-0.2805750634935167,0.21605294942855835,1,3.3865966796875
7473.574,2,1,1,stimulusMovement,1,-0.6681963867611355,0.17655909061431885,1,3.39398193359375,1,-0.2950996292961968,0.18415039777755737,1,3.4935150146484375
7490.24,2,1,1,stimulusMovement,1,-0.6516309049394395,0.12562736868858337,1,3.4140777587890625,1,-0.23586686452229816,0.21197384595870972,1,3.4353485107421875
7506.907,2,1,1,stimulusMovement,1,-0.6102405918969048,0.15910589694976807,1,3.4364471435546875,1,-0.2415339152018229,0.184455007314682,1,3.48583984375
7523.575,2,1,1,stimulusMovement,1,-0.6454264322916666,0.1893705427646637,1,3.3688201904296875,1,-0.21231460571289062,0.16471821069717407,1,3.5283203125
7540.241,2,1,1,stimulusMovement,1,-0.616180525885688,0.12167724967002869,1,3.5043792724609375,1,-0.20141018761528862,0.16061818599700928,1,3.529754638671875
7556.908,2,1,1,stimulusMovement,1,-0.5417482588026259,0.17727813124656677,1,3.39990234375,1,-0.17444811926947698,0.15322083234786987,1,3.53485107421875
7573.575,2,1,1,stimulusMovement,1,-0.48768994543287486,0.13581383228302002,1,3.4284820556640625,1,-0.18629995981852213,0.16624104976654053,1,3.4694061279296875
7590.241,2,1,1,stimulusMovement,1,-0.5151940451727973,0.08830207586288452,1,3.5025482177734375,1,-0.14858743879530165,0.20404896140098572,1,3.4352874755859375
7606.908,2,1,1,stimulusMovement,1,-0.5390214125315348,0.06966227293014526,1,3.4630889892578125,1,-0.1222892337375217,0.15890002250671387,1,3.4220123291015625
7623.575,2,1,1,stimulusMovement,1,-0.5267060067918565,0.16387540102005005,1,3.3170166015625,1,-0.11796114179823133,0.15796518325805664,1,3.4464111328125
7640.241,2,1,1,stimulusMovement,1,-0.5178088347117106,0.09379744529724121,1,3.490264892578125,1,-0.14152982499864367,0.1844034194946289,1,3.37481689453125
7656.908,2,1,1,stimulusMovement,1,-0.5074342091878254,0.02925783395767212,1,3.5345306396484375,1,-0.14348681767781574,0.15869903564453125,1,3.45037841796875
7673.575,2,1,1,stimulusMovement,1,-0.3836543824937608,0.08080413937568665,1,3.492156982421875,1,-0.027809037102593314,0.1304483413696289,1,3.416900634765625
7690.241,2,1,1,stimulusMovement,1,-0.5214611689249674,0.05539420247077942,1,3.5504913330078125,1,-0.12579822540283203,0.03587549924850464,1,3.646820068359375
7706.908,2,1,1,stimulusMovement,1,-0.4822320673200819,0.038631051778793335,1,3.5225830078125,1,-0.1320097181532118,0.1336875557899475,1,3.4377288818359375
7723.575,2,1,1,stimulusMovement,1,-0.3100153075324164,-0.020083904266357422,1,3.872161865234375,1,-0.07690180672539605,0.13166791200637817,1,3.4146728515625
7740.241,2,1,1,stimulusMovement,1,-0.463364389207628,0.06359517574310303,1,3.5308990478515625,1,-0.07398902045355903,0.10251694917678833,1,3.425048828125
7756.909,2,1,1,stimulusMovement,1,-0.499188396665785,0.0727720856666565,1,3.3723297119140625,1,-0.03024413850572374,0.06006026268005371,1,3.5478363037109375
7773.576,2,1,1,stimulusMovement,1,-0.44098255369398326,-0.19809287786483765,1,4.0804595947265625,1,-0.012333658006456163,0.11445149779319763,1,3.487274169921875
7790.242,2,1,1,stimulusMovement,1,-0.19785896937052408,-0.10588562488555908,1,3.7172698974609375,1,0.11089981926812065,-0.0548243522644043,1,3.58892822265625
7806.909,2,1,1,stimulusMovement,1,-0.4151424831814236,-0.10598814487457275,1,3.6020660400390625,1,0.010309749179416232,-0.11792504787445068,1,3.7942657470703125
7823.576,2,1,1,stimulusMovement,1,-0.20535092883639863,-0.17282438278198242,1,3.777557373046875,1,0.11375469631618923,-0.05353027582168579,1,3.60772705078125
7840.242,2,1,1,stimulusMovement,1,-0.38820293214586044,-0.3904757499694824,1,4.245697021484375,1,0.04283947414822049,-0.10326492786407471,1,3.7007293701171875
7856.909,2,1,1,stimulusMovement,1,-0.3860541979471842,-0.1603858470916748,1,3.6620635986328125,1,0.1647812525431315,-0.05811971426010132,1,3.5730133056640625
7873.576,2,1,1,stimulusMovement,1,-0.3046889834933811,-0.16099226474761963,1,3.7663421630859375,1,0.07371563381618923,-0.059058964252471924,1,3.5729827880859375
7890.242,2,1,1,stimulusMovement,1,-0.3360310660468207,-0.0850062370300293,1,3.56304931640625,1,0.21008820003933376,-0.09174323081970215,1,3.6961517333984375
7906.909,2,1,1,stimulusMovement,1,-0.3347909715440538,-0.1585373878479004,1,3.635498046875,0,nan,nan,0,nan
7923.576,2,1,1,stimulusMovement,1,-0.27326181199815536,-0.1598494052886963,1,3.6520538330078125,1,0.18504820929633245,-0.0833437442779541,1,3.5968780517578125
7940.242,2,1,1,stimulusMovement,0,nan,nan,0,nan,1,0.18030484517415363,-0.16367840766906738,1,3.7990875244140625
7956.909,2,1,1,stimulusMovement,1,-0.29998736911349827,-0.13070660829544067,1,3.72430419921875,1,0.17378245459662542,0.0061734020709991455,1,3.4383544921875
7973.577,2,1,1,stimulusMovement,1,-0.22120126088460285,-0.23700404167175293,1,3.840087890625,1,0.3200342390272352,-0.17247366905212402,1,3.8867950439453125
7990.243,2,1,1,stimulusMovement,1,-0.2138263914320204,-0.29098886251449585,1,3.982940673828125,1,0.1463031768798828,-0.2221592664718628,1,3.8876800537109375
8006.91,2,1,1,stimulusMovement,1,-0.23766009012858072,-0.19465523958206177,1,3.7802581787109375,1,0.2849579917060004,-0.057501256465911865,1,3.6218109130859375
8023.577,2,1,1,stimulusMovement,1,-0.2267515394422743,-0.25932174921035767,1,3.896514892578125,1,0.32561927371554905,-0.12046611309051514,1,3.7705841064453125
8040.243,2,1,1,stimulusMovement,1,-0.23712788687811956,-0.26200294494628906,1,3.862091064453125,1,0.295554690890842,-0.21841168403625488,1,3.89337158203125
8056.91,2,1,1,stimulusMovement,1,-0.2208719253540039,-0.2503645420074463,1,3.938140869140625,0,nan,nan,0,nan
8073.577,2,1,1,stimulusMovement,0,nan,nan,0,nan,1,0.34199248419867617,-0.22828221321105957,1,3.9178619384765625
8090.243,2,1,1,stimulusMovement,1,-0.19677061504787868,-0.34508848190307617,1,3.9070281982421875,1,0.30414772033691406,-0.15117734670639038,1,3.7623291015625
8106.91,2,1,1,stimulusMovement,1,-0.019437630971272785,-0.28089165687561035,1,3.9630584716796875,1,0.3457390467325846,-0.24344146251678467,1,3.9465484619140625
8123.577,2,1,1,stimulusMovement,0,nan,nan,0,nan,1,0.36965031094021267,-0.21953511238098145,1,3.897430419921875
8140.243,2,1,1,stimulusMovement,0,nan,nan,0,nan,1,0.407143063015408,-0.2463674545288086,1,3.90362548828125
8156.91,2,1,1,stimulusMovement,1,0.07710054185655381,-0.30974382162094116,1,4.1114501953125,1,0.37943617502848304,-0.22422021627426147,1,3.8650054931640625
8173.577,2,1,1,stimulusMovement,1,0.006231943766276041,-0.2793459892272949,1,3.9442901611328125,1,0.31673537360297305,-0.27822697162628174,1,3.918182373046875
8190.243,2,1,1,stimulusMovement,0,nan,nan,0,nan,1,0.38072416517469615,-0.24075806140899658,1,3.815399169921875
8206.911,2,1,1,stimulusMovement,1,0.08531930711534287,-0.3193044662475586,1,3.9235076904296875,1,0.45981725056966144,-0.23979425430297852,1,3.858123779296875
8223.578,2,1,1,stimulusMovement,1,0.01212310791015625,-0.28791749477386475,1,3.8970184326171875,1,0.4003775914510091,-0.24132609367370605,1,3.8626556396484375
8240.244,2,1,1,stimulusMovement,1,0.050786760118272566,-0.248274564743042,1,3.832489013671875,1,0.4720471700032552,-0.23518097400665283,1,3.816925048828125
8256.911,2,1,1,stimulusMovement,1,0.13291507297092015,-0.34666311740875244,1,4.0606231689453125,1,0.46091556549072266,-0.1896352767944336,1,3.7677764892578125
8273.578,2,1,1,stimulusMovement,1,0.09622764587402344,-0.29658257961273193,1,3.90142822265625,1,0.4695756700303819,-0.22099846601486206,1,3.762176513671875
8290.244,2,1,1,stimulusMovement,1,0.05893410576714409,-0.29145240783691406,1,3.847686767578125,1,0.4962946573893229,-0.2629109025001526,1,3.8160858154296875
8306.911,2,1,1,stimulusMovement,1,0.18774753146701387,-0.34689533710479736,1,3.974700927734375,1,0.4856655332777235,-0.24728918075561523,1,3.8307342529296875
8323.578,2,1,1,stimulusMovement,1,0.16242472330729166,-0.30483704805374146,1,3.935791015625,1,0.5217322243584527,-0.2708296775817871,1,3.8112030029296875
8340.244,2,1,1,stimulusMovement,1,0.2549973593817817,-0.34111326932907104,1,4.017364501953125,1,0.4832604726155599,-0.24398088455200195,1,3.801177978515625
8356.911,2,1,1,stimulusMovement,1,0.20142618815104166,-0.3674730062484741,1,3.97186279296875,1,0.5111942291259766,-0.25445669889450073,1,3.7800445556640625
8373.578,2,1,1,stimulusMovement,0,nan,nan,0,nan,1,0.5395717620849609,-0.26559460163116455,1,3.74676513671875
8390.244,2,1,1,stimulusMovement,1,0.13169744279649523,-0.3933604955673218,1,3.9519195556640625,1,0.5410465664333767,-0.2554158568382263,1,3.7601165771484375
8406.911,2,1,1,stimulusMovement,1,0.22584999932183158,-0.3410438895225525,1,3.872894287109375,1,0.5367168850368923,-0.2687005400657654,1,3.7314453125
8423.578,2,1,1,stimulusMovement,1,0.29426352183024085,-0.5704452991485596,1,4.2027740478515625,1,0.5963124169243706,-0.30393803119659424,1,3.6618499755859375
8440.245,2,1,1,stimulusMovement,1,0.2914651234944661,-0.584843635559082,1,4.265869140625,1,0.6243504418267144,-0.34590864181518555,1,3.623687744140625
8456.912,2,1,1,stimulusMovement,1,0.3685579299926758,-0.4844777584075928,1,4.068328857421875,1,0.6486770841810438,-0.3050312399864197,1,3.60186767578125
8473.579,2,1,1,stimulusMovement,1,0.251252810160319,-0.3974515199661255,1,3.7678375244140625,1,0.6509872012668185,-0.345333456993103,1,3.579010009765625
8490.245,2,1,1,stimulusMovement,1,0.33855586581759983,-0.3564186096191406,1,3.784637451171875,1,0.640167236328125,-0.35267794132232666,1,3.5905303955078125
8506.912,2,1,1,stimulusMovement,1,0.36068566640218097,-0.3511321544647217,1,3.69744873046875,1,0.6809510125054253,-0.3240116238594055,1,3.529571533203125
8523.579,2,1,1,stimulusMovement,0,nan,nan,0,nan,1,0.6915156046549479,-0.34704089164733887,1,3.5211181640625
8540.245,2,1,1,stimulusMovement,1,0.3367946412828233,-0.3897362947463989,1,3.593963623046875,1,0.6798691219753689,-0.3690611720085144,1,3.5172576904296875
8556.912,2,1,1,stimulusMovement,1,0.40894444783528644,-0.538640022277832,1,4.0493011474609375,1,0.6708850860595703,-0.36613237857818604,1,3.51287841796875
8573.579,2,1,1,stimulusMovement,1,0.28581078847249347,-0.37488043308258057,1,3.5896759033203125,1,0.6924676895141602,-0.35687172412872314,1,3.518524169921875
8590.245,2,1,1,stimulusMovement,1,0.3650968339708116,-0.4660465717315674,1,3.75634765625,1,0.679669698079427,-0.3658747673034668,1,3.513458251953125
8606.912,2,1,1,stimulusMovement,0,nan,nan,0,nan,1,0.6857647365993923,-0.38167262077331543,1,3.4795379638671875
8623.579,2,1,1,stimulusMovement,1,0.28378338283962673,-0.4342085123062134,1,3.5319366455078125,1,0.7014363606770833,-0.3740842342376709,1,3.4859161376953125
8640.245,2,1,1,stimulusMovement,1,0.3694536421034071,-0.5479961633682251,1,3.93597412109375,1,0.6826623280843098,-0.38260889053344727,1,3.4817962646484375
8656.912,2,1,1,stimulusMovement,0,nan,nan,0,nan,1,0.6590330335828992,-0.4171229600906372,1,3.52978515625
8673.58,2,1,1,stimulusMovement,1,0.4144980112711588,-0.5028352737426758,1,3.763214111328125,1,0.7313910590277778,-0.40685760974884033,1,3.3977813720703125
8690.246,2,1,1,stimulusMovement,1,0.44539896647135413,-0.5061380863189697,1,3.7205657958984375,1,0.731140242682563,-0.408682644367218,1,3.389251708984375
8706.913,2,1,1,stimulusMovement,0,nan,nan,0,nan,1,0.710757573445638,-0.3701828718185425,1,3.3991546630859375
8723.58,2,1,1,stimulusMovement,1,0.4442287021213107,-0.45426619052886963,1,3.6428680419921875,1,0.7316729227701823,-0.37670648097991943,1,3.3538055419921875
8740.246,2,1,1,stimulusMovement,1,0.43147002326117617,-0.5142419338226318,1,3.630645751953125,1,0.7237520217895508,-0.3954200744628906,1,3.3610687255859375
8756.913,2,1,1,stimulusMovement,1,0.40650177001953125,-0.44539469480514526,1,3.50897216796875,1,0.6973077985975477,-0.3987429141998291,1,3.435577392578125
8773.58,2,1,1,stimulusMovement,1,0.3976302676730685,-0.388203501701355,1,3.2530670166015625,1,0.7082007726033528,-0.3797456622123718,1,3.3657379150390625
8790.245,2,1,1,stimulusMovement,1,0.3746017879909939,-0.5219097137451172,1,3.6362762451171875,1,0.7809602949354383,-0.39239442348480225,1,3.3197021484375
8806.912,2,1,1,stimulusMovement,1,0.4625189039442274,-0.39773136377334595,1,3.339080810546875,1,0.7324191199408637,-0.39398378133773804,1,3.3359832763671875
8823.579,2,1,1,stimulusMovement,1,0.4166378445095486,-0.45669829845428467,1,3.4092864990234375,1,0.753604253133138,-0.4099094867706299,1,3.3345184326171875
8840.245,2,1,1,stimulusMovement,1,0.46756935119628906,-0.5442593097686768,1,3.628021240234375,1,0.7195747163560655,-0.4154309034347534,1,3.3423614501953125
8856.912,2,1,1,stimulusMovement,1,0.4575774934556749,-0.43993639945983887,1,3.4218292236328125,1,0.7641062206692165,-0.42442989349365234,1,3.304229736328125
8873.579,2,1,1,stimulusMovement,1,0.4437841839260525,-0.36733293533325195,1,3.2926483154296875,1,0.7972118589613172,-0.3946191072463989,1,3.3082733154296875
8890.246,2,1,1,stimulusMovement,1,0.4647201961941189,-0.4987318515777588,1,3.5373687744140625,1,0.7440727021959093,-0.42724817991256714,1,3.274200439453125
8906.913,2,1,1,stimulusMovement,1,0.4535793728298611,-0.44333356618881226,1,3.3147735595703125,1,0.776876237657335,-0.4104427695274353,1,3.3517608642578125
8923.58,2,1,1,stimulusMovement,1,0.4583995607164171,-0.42914634943008423,1,3.3352203369140625,1,0.7639895545111762,-0.42981231212615967,1,3.2714691162109375
8940.246,2,1,1,stimulusMovement,1,0.43423864576551646,-0.5195004940032959,1,3.4297943115234375,1,0.8007655673556857,-0.44472408294677734,1,3.3322601318359375
8956.913,2,1,1,stimulusMovement,1,0.41817728678385413,-0.47315698862075806,1,3.4739532470703125,1,0.7900528377956814,-0.44017237424850464,1,3.2877349853515625
8973.58,2,1,1,stimulusMovement,0,nan,nan,0,nan,1,0.7872797648111979,-0.41629791259765625,1,3.3159942626953125
8990.246,2,1,1,stimulusMovement,1,0.39713584052191836,-0.5179661512374878,1,3.4318084716796875,1,0.789953867594401,-0.4261382818222046,1,3.2958984375
9006.913,2,1,1,stimulusMovement,0,nan,nan,0,nan,1,0.7774733437432183,-0.4408484697341919,1,3.3173828125
9023.58,2,1,1,stimulusMovement,1,0.48041195339626735,-0.48893606662750244,1,3.283050537109375,1,0.772014300028483,-0.4001150131225586,1,3.2868194580078125
9040.246,2,1,1,stimulusMovement,0,nan,nan,0,nan,1,0.8018898434109157,-0.45862042903900146,1,3.322509765625
9056.913,2,1,1,stimulusMovement,1,0.4361707899305555,-0.43186497688293457,1,3.30157470703125,1,0.8045407401190863,-0.3946821093559265,1,3.2913055419921875
9073.58,2,1,1,stimulusMovement,1,0.42486275566948783,-0.49738073348999023,1,3.4778594970703125,1,0.8176964653862847,-0.4359316825866699,1,3.31927490234375
9090.246,2,1,1,stimulusMovement,1,0.4735442267523871,-0.45391011238098145,1,3.3826446533203125,1,0.823426776462131,-0.4388778805732727,1,3.2882080078125
9106.913,2,1,1,stimulusMovement,1,0.44960424635145396,-0.46167445182800293,1,3.309661865234375,1,0.7956323623657227,-0.4142040014266968,1,3.256378173828125
9123.58,2,1,1,stimulusMovement,1,0.45497714148627383,-0.46998000144958496,1,3.4538421630859375,1,0.7573636372884114,-0.4501454830169678,1,3.3432769775390625
9140.246,2,1,1,stimulusMovement,1,0.5502940283881294,-0.511523962020874,1,3.5390625,1,0.7881810930040147,-0.4106479287147522,1,3.277099609375
9156.913,2,1,1,stimulusMovement,1,0.4820345772637261,-0.529434084892273,1,3.5058135986328125,1,0.7680937449137369,-0.48087847232818604,1,3.3453826904296875
9173.58,2,1,1,stimulusMovement,1,0.5117421680026584,-0.4367794990539551,1,3.2859039306640625,1,0.7710271411471896,-0.444247841835022,1,3.3100738525390625
9190.246,2,1,1,stimulusMovement,1,0.35957039727105033,-0.4617118835449219,1,3.326629638671875,1,0.737433221605089,-0.43198269605636597,1,3.3717041015625
9206.913,2,1,1,stimulusMovement,0,nan,nan,0,nan,1,0.8187094794379339,-0.42750197649002075,1,3.334625244140625
9223.58,2,1,1,stimulusMovement,1,0.44801976945665145,-0.47533535957336426,1,3.3740081787109375,1,0.8787605497572156,-0.42737847566604614,1,3.3304595947265625
9240.246,2,1,1,stimulusMovement,1,0.5239842732747395,-0.3938794732093811,1,3.1608428955078125,1,0.8588939242892795,-0.46263742446899414,1,3.30755615234375
9256.913,2,1,1,stimulusMovement,1,0.60405519273546,-0.44382601976394653,1,3.301971435546875,1,0.8596074846055772,-0.4497499465942383,1,3.2963714599609375
9273.58,2,1,1,stimulusMovement,1,0.5425048404269748,-0.4198514223098755,1,3.235260009765625,1,0.8879686991373698,-0.459065318107605,1,3.373291015625
9290.246,2,1,1,stimulusMovement,1,0.5263481140136719,-0.4283050298690796,1,3.283782958984375,1,0.8652186923556857,-0.43870967626571655,1,3.2657318115234375
9306.913,2,1,1,stimulusMovement,1,0.600775400797526,-0.41628098487854004,1,3.2152557373046875,1,0.8554104699028863,-0.4624779224395752,1,3.3072357177734375
9323.58,2,1,1,stimulusMovement,1,0.49025302463107634,-0.4651637673377991,1,3.296295166015625,1,0.8673423131306965,-0.45069456100463867,1,3.2486419677734375
9340.246,2,1,1,stimulusMovement,1,0.47092564900716144,-0.4847261309623718,1,3.3014984130859375,1,0.873088624742296,-0.4356403946876526,1,3.23907470703125
9356.914,2,1,1,stimulusMovement,1,0.5211605495876735,-0.503666877746582,1,3.29327392578125,1,0.7511410183376735,-0.4588409662246704,1,3.3089447021484375
9373.581,2,1,1,stimulusMovement,1,0.49917305840386283,-0.441683828830719,1,3.263824462890625,1,0.9453351762559679,-0.4282020330429077,1,3.19476318359375
9390.247,2,1,1,stimulusMovement,1,0.4378466076321072,-0.4510459303855896,1,3.2994537353515625,1,0.8796860376993815,-0.43269121646881104,1,3.2347412109375
9406.914,2,1,1,stimulusMovement,1,0.4919478098551432,-0.43656134605407715,1,3.2819976806640625,1,0.8634344736735026,-0.4240530729293823,1,3.128143310546875
9423.58,2,1,1,stimulusMovement,1,0.5338675181070963,-0.4338034391403198,1,3.266326904296875,1,0.901516384548611,-0.4356779456138611,1,3.2387542724609375
9440.246,2,1,1,stimulusMovement,0,nan,nan,0,nan,1,0.8437285953097873,-0.46661150455474854,1,3.2559356689453125
9456.913,2,1,1,stimulusMovement,1,0.4446273379855685,-0.49626612663269043,1,3.335845947265625,1,0.847709231906467,-0.44597959518432617,1,3.2427978515625
9473.58,2,1,1,stimulusMovement,1,0.4682820638020833,-0.4644976854324341,1,3.333984375,1,0.8044450547960069,-0.46101605892181396,1,3.2866973876953125
9490.247,2,1,1,stimulusMovement,1,0.5716487036810981,-0.4210120439529419,1,3.2148284912109375,1,0.8543365266587999,-0.45158517360687256,1,3.2496490478515625
9506.913,2,1,1,stimulusMovement,0,nan,nan,0,nan,1,0.7968770133124456,-0.4811985492706299,1,3.287261962890625
9523.58,2,1,1,stimulusMovement,1,0.46002631717258025,-0.4854862689971924,1,3.2789459228515625,1,0.8378943337334527,-0.4493051767349243,1,3.2476654052734375
9540.246,2,1,1,stimulusMovement,1,0.4856714672512478,-0.5306159257888794,1,3.4508209228515625,1,0.8660996754964192,-0.45077449083328247,1,3.1902618408203125
9556.913,2,1,1,stimulusMovement,0,nan,nan,0,nan,1,0.8474008772108289,-0.4375206232070923,1,3.3084259033203125
9573.58,2,1,1,stimulusMovement,1,0.5774523417154948,-0.43289679288864136,1,3.16278076171875,1,0.8315997653537326,-0.4653935432434082,1,3.279541015625
9590.247,2,1,1,stimulusMovement,0,nan,nan,0,nan,1,0.8998290167914496,-0.4457334280014038,1,3.1695709228515625
9606.914,2,1,1,stimulusMovement,1,0.557024425930447,-0.4274611473083496,1,3.20941162109375,1,0.7979153527153863,-0.48557406663894653,1,3.338348388671875
9623.581,2,1,1,stimulusMovement,1,0.4952025943332248,-0.45784878730773926,1,3.2727203369140625,1,0.8538036346435547,-0.4616324305534363,1,3.25628662109375
9640.247,2,1,1,stimulusMovement,1,0.49214310116238064,-0.4656561613082886,1,3.2710418701171875,1,0.8264831966824001,-0.4408606290817261,1,3.262603759765625
9656.914,2,1,1,stimulusMovement,1,0.5438484615749782,-0.47421973943710327,1,3.20166015625,1,0.8203292422824435,-0.4793674945831299,1,3.2307586669921875
9673.581,2,1,1,stimulusMovement,1,0.5410972171359592,-0.5517585277557373,1,3.4425811767578125,1,0.7877338197496202,-0.48694539070129395,1,3.288726806640625
9690.247,2,1,1,stimulusMovement,1,0.5365133285522461,-0.45721733570098877,1,3.3116912841796875,1,0.8609881930881076,-0.42722445726394653,1,3.214202880859375
9706.914,2,1,1,stimulusMovement,1,0.4236815770467122,-0.4790305495262146,1,3.305908203125,1,0.8917867872450086,-0.43070322275161743,1,3.154541015625
9723.581,2,1,1,stimulusMovement,1,0.4795714484320746,-0.5400497913360596,1,3.273590087890625,1,0.8383967081705729,-0.42153894901275635,1,3.2271728515625
9740.246,2,1,1,stimulusMovement,0,nan,nan,0,nan,1,0.8574284447564019,-0.43800288438796997,1,3.163360595703125
9756.914,2,1,1,stimulusMovement,1,0.3662954966227213,-0.5424537658691406,1,3.3259124755859375,1,0.8537864685058594,-0.4677828550338745,1,3.2571563720703125
9773.581,2,1,1,stimulusMovement,1,0.49258846706814235,-0.5109672546386719,1,3.4054107666015625,1,0.7608197530110676,-0.44748520851135254,1,3.1459197998046875
9790.247,2,1,1,stimulusMovement,0,nan,nan,0,nan,1,0.7868519888983831,-0.4722200632095337,1,3.2556610107421875
9806.914,2,1,1,stimulusMovement,1,0.4271664089626736,-0.4676823019981384,1,3.25103759765625,1,0.8267171647813585,-0.49304014444351196,1,3.2693023681640625
9823.581,2,1,1,stimulusMovement,1,0.46863365173339844,-0.5066229104995728,1,3.2985992431640625,1,0.835678948296441,-0.4377713203430176,1,3.1741790771484375
9840.247,2,1,1,stimulusMovement,0,nan,nan,0,nan,1,0.8852519989013672,-0.4546555280685425,1,3.1861724853515625
9856.914,2,1,1,stimulusMovement,1,0.5104010899861653,-0.5373170375823975,1,3.4035797119140625,1,0.8459184434678819,-0.4660981297492981,1,3.186981201171875
9873.581,2,1,1,stimulusMovement,1,0.4911294513278537,-0.4805806279182434,1,3.2949066162109375,1,0.7598711649576823,-0.4859256148338318,1,3.2837371826171875
9890.247,2,1,1,stimulusMovement,1,0.44837284088134766,-0.4792677164077759,1,3.338348388671875,1,0.7621097564697266,-0.45926088094711304,1,3.2708282470703125
9906.914,2,1,1,stimulusMovement,1,0.45057815975613064,-0.46739959716796875,1,3.3498687744140625,1,0.8237096998426648,-0.47796571254730225,1,3.3145599365234375
9923.581,2,1,1,stimulusMovement,0,nan,nan,0,nan,1,0.7795909245808919,-0.482740581035614,1,3.267425537109375
9940.247,2,1,1,stimulusMovement,1,0.5011441972520616,-0.47030240297317505,1,3.310882568359375,1,0.8556540807088215,-0.4513765573501587,1,3.281158447265625
9956.914,2,1,1,stimulusMovement,0,nan,nan,0,nan,1,0.8492285410563151,-0.4532702565193176,1,3.267425537109375
9973.581,2,1,1,stimulusMovement,1,0.362540774875217,-0.4688214659690857,1,3.35931396484375,1,0.8751201629638672,-0.43317902088165283,1,3.286834716796875
9990.247,2,1,1,stimulusMovement,0,nan,nan,0,nan,1,0.8532507154676648,-0.44643664360046387,1,3.3127899169921875
10006.914,2,1,1,stimulusMovement,1,0.39795059627956814,-0.4944908618927002,1,3.47357177734375,1,0.8601180182562933,-0.4755655527114868,1,3.3425750732421875
10023.581,2,1,1,stimulusMovement,0,nan,nan,0,nan,1,0.8626123004489474,-0.43090754747390747,1,3.3378753662109375
10040.248,2,1,1,stimulusMovement,1,0.46960809495713973,-0.42660802602767944,1,3.348846435546875,1,0.8913553025987413,-0.43020153045654297,1,3.2930145263671875
10056.915,2,1,1,stimulusMovement,1,0.4987451765272352,-0.4646953344345093,1,3.40008544921875,1,0.7719962861802843,-0.45302581787109375,1,3.3365478515625
10073.581,2,1,1,stimulusMovement,1,0.4888374540540907,-0.5534911155700684,1,3.6007843017578125,1,0.8828103807237413,-0.42535924911499023,1,3.2938385009765625
10090.247,2,1,1,stimulusMovement,1,0.3642180760701497,-0.515844464302063,1,3.5206298828125,1,0.8672391043768988,-0.4543701410293579,1,3.382965087890625
10106.914,2,1,1,stimulusMovement,1,0.5450863308376735,-0.4936511516571045,1,3.5222930908203125,1,0.8316384421454535,-0.4578530788421631,1,3.4043121337890625
10123.581,2,1,1,stimulusMovement,1,0.3893205854627821,-0.47325342893600464,1,3.4697113037109375,1,0.8520607418484157,-0.43752002716064453,1,3.362762451171875
10140.247,2,1,1,stimulusMovement,1,0.48597441779242617,-0.471193790435791,1,3.428436279296875,1,0.8099869622124566,-0.4635545015335083,1,3.4331207275390625
10156.914,2,1,1,stimulusMovement,1,0.4445668326483832,-0.48318660259246826,1,3.43682861328125,1,0.8483535978529188,-0.4479612112045288,1,3.371429443359375
10173.581,2,1,1,stimulusMovement,1,0.4277738995022244,-0.4699774384498596,1,3.535430908203125,1,0.8906101650661892,-0.4460250735282898,1,3.372100830078125
10190.247,2,1,1,stimulusMovement,1,0.3927920659383138,-0.4703110456466675,1,3.5098114013671875,1,0.8585313161214192,-0.4303249716758728,1,3.4289398193359375
10206.914,2,1,1,stimulusMovement,1,0.5183214611477321,-0.4880276918411255,1,3.4821319580078125,1,0.8531146579318576,-0.4210315942764282,1,3.46319580078125
10223.581,2,1,1,stimulusMovement,1,0.508316887749566,-0.4759025573730469,1,3.4099884033203125,1,0.8531121148003472,-0.433801531791687,1,3.42156982421875
10240.247,2,1,1,stimulusMovement,1,0.4151413175794813,-0.503585934638977,1,3.3535308837890625,1,0.8330728742811414,-0.4452228546142578,1,3.4200439453125
10256.914,2,1,1,stimulusMovement,0,nan,nan,0,nan,1,0.8336878882514105,-0.454193651676178,1,3.3892974853515625
10273.581,2,1,1,stimulusMovement,1,0.5259739557902018,-0.44121289253234863,1,3.3546905517578125,1,0.8353943294949001,-0.4447697401046753,1,3.3615570068359375
10290.247,2,1,1,stimulusMovement,1,0.4870435926649305,-0.4506227374076843,1,3.342010498046875,1,0.8380367490980359,-0.4597792625427246,1,3.375701904296875
10306.914,2,1,1,stimulusMovement,1,0.46501223246256507,-0.44860565662384033,1,3.401153564453125,1,0.8775821261935763,-0.43228936195373535,1,3.3426513671875
10323.582,2,1,1,stimulusMovement,1,0.5080195532904731,-0.4566763639450073,1,3.3387451171875,1,0.8214717441134982,-0.44032585620880127,1,3.3860626220703125
10340.248,2,1,1,stimulusMovement,1,0.4766640133327908,-0.48767709732055664,1,3.4507293701171875,1,0.7811047236124674,-0.4785647392272949,1,3.3419952392578125
10356.915,2,1,1,fixation,1,0.49716928270128036,-0.4435998201370239,1,3.31341552734375,1,0.8650353749593098,-0.4551861882209778,1,3.2900543212890625
10373.582,2,1,1,fixation,0,nan,nan,0,nan,0,nan,nan,0,nan
10390.247,2,1,1,fixation,0,nan,nan,0,nan,0,nan,nan,0,nan
10406.914,2,1,1,fixation,1,0.4748278723822699,-0.4817284345626831,1,3.343902587890625,1,0.8392181396484375,-0.44484663009643555,1,3.32806396484375
10423.581,2,1,1,fixation,0,nan,nan,0,nan,0,nan,nan,0,nan
10440.247,2,1,1,fixation,0,nan,nan,0,nan,0,nan,nan,0,nan
10456.914,2,1,1,fixation,1,0.43418778313530815,-0.47392910718917847,1,3.3479461669921875,1,0.8516822391086154,-0.4431264400482178,1,3.2143707275390625
10473.581,2,1,1,fixation,0,nan,nan,0,nan,0,nan,nan,0,nan
10490.247,2,1,1,fixation,0,nan,nan,0,nan,0,nan,nan,0,nan
10506.915,2,1,1,fixation,0,nan,nan,0,nan,1,0.8214049869113498,-0.47342467308044434,1,3.25933837890625
10523.582,2,1,1,fixation,0,nan,nan,0,nan,0,nan,nan,0,nan
10540.247,2,1,1,fixation,0,nan,nan,0,nan,0,nan,nan,0,nan
10556.914,2,1,1,fixation,0,nan,nan,0,nan,1,0.8000637690226237,-0.4331675171852112,1,3.31884765625
10573.581,2,1,1,fixation,0,nan,nan,0,nan,0,nan,nan,0,nan
10590.247,2,1,1,fixation,0,nan,nan,0,nan,0,nan,nan,0,nan
10606.915,2,1,1,fixation,1,0.42341942257351345,-0.5266135931015015,1,3.37066650390625,1,0.8246366712782117,-0.47069084644317627,1,3.2233123779296875
10623.582,2,1,1,fixation,0,nan,nan,0,nan,0,nan,nan,0,nan
10640.248,2,1,1,fixation,0,nan,nan,0,nan,0,nan,nan,0,nan
10656.915,2,1,1,fixation,1,0.5384966532389323,-0.46647441387176514,1,3.1368865966796875,1,0.7900021870930989,-0.4560334086418152,1,3.2784881591796875
10673.582,2,1,1,fixation,0,nan,nan,0,nan,0,nan,nan,0,nan
10690.248,2,1,1,fixation,0,nan,nan,0,nan,0,nan,nan,0,nan
10706.914,2,1,1,fixation,1,0.37013922797309023,-0.49676740169525146,1,3.416534423828125,1,0.8338918685913086,-0.4730041027069092,1,3.149688720703125
10723.581,2,1,1,fixation,0,nan,nan,0,nan,0,nan,nan,0,nan
10740.248,2,1,1,fixation,0,nan,nan,0,nan,0,nan,nan,0,nan
10756.915,2,1,1,fixation,0,nan,nan,0,nan,1,0.8339193132188585,-0.4658474326133728,1,3.195343017578125
10773.582,2,1,1,fixation,0,nan,nan,0,nan,0,nan,nan,0,nan
10790.248,2,1,1,fixation,0,nan,nan,0,nan,0,nan,nan,0,nan
10806.915,2,1,1,fixation,0,nan,nan,0,nan,1,0.8075826432969835,-0.4652061462402344,1,3.204010009765625
10823.581,2,1,1,fixation,0,nan,nan,0,nan,0,nan,nan,0,nan
10840.247,2,1,1,fixation,0,nan,nan,0,nan,0,nan,nan,0,nan
10856.914,2,1,1,fixation,0,nan,nan,0,nan,1,0.8412320878770616,-0.4572552442550659,1,3.197235107421875
10873.582,2,1,1,fixation,0,nan,nan,0,nan,0,nan,nan,0,nan
10890.248,2,1,1,fixation,0,nan,nan,0,nan,0,nan,nan,0,nan
10906.915,2,1,1,fixation,0,nan,nan,0,nan,1,0.836971706814236,-0.48861896991729736,1,3.241790771484375
10923.582,2,1,1,fixation,0,nan,nan,0,nan,0,nan,nan,0,nan
10940.248,2,1,1,fixation,0,nan,nan,0,nan,0,nan,nan,0,nan
10956.915,2,1,1,fixation,1,0.4921127955118815,-0.5537710189819336,1,3.3709564208984375,1,0.8311456044514973,-0.46093082427978516,1,3.182373046875
10973.582,2,1,1,fixation,0,nan,nan,0,nan,0,nan,nan,0,nan
10990.248,2,1,1,fixation,0,nan,nan,0,nan,0,nan,nan,0,nan
11006.915,2,1,1,fixation,0,nan,nan,0,nan,1,0.8279715643988714,-0.45756661891937256,1,3.2795257568359375
11023.582,2,1,1,fixation,0,nan,nan,0,nan,0,nan,nan,0,nan
11040.248,2,1,1,fixation,0,nan,nan,0,nan,0,nan,nan,0,nan
11056.915,2,1,1,fixation,1,0.43699052598741317,-0.4513866901397705,1,3.4185791015625,1,0.80462646484375,-0.4363887310028076,1,3.26104736328125
11073.582,2,1,1,fixation,0,nan,nan,0,nan,0,nan,nan,0,nan
11090.248,2,1,1,fixation,0,nan,nan,0,nan,0,nan,nan,0,nan
11106.915,2,1,1,fixation,1,0.45731459723578555,-0.4431825280189514,1,3.3560333251953125,1,0.7758551703559028,-0.4713338017463684,1,3.3922576904296875
11123.581,2,1,1,fixation,0,nan,nan,0,nan,0,nan,nan,0,nan
11140.247,2,1,1,fixation,0,nan,nan,0,nan,0,nan,nan,0,nan
11156.915,2,1,1,fixation,1,0.5268164740668403,-0.4571564197540283,1,3.351806640625,1,0.8499376508924695,-0.4664945602416992,1,3.4174652099609375
11173.582,2,1,1,fixation,0,nan,nan,0,nan,0,nan,nan,0,nan
11190.248,2,1,1,fixation,0,nan,nan,0,nan,0,nan,nan,0,nan
11206.915,2,1,1,fixation,0,nan,nan,0,nan,1,0.8729736540052625,-0.42094314098358154,1,3.419891357421875
11223.582,2,1,1,fixation,0,nan,nan,0,nan,0,nan,nan,0,nan
11240.248,2,1,1,fixation,0,nan,nan,0,nan,0,nan,nan,0,nan
11256.915,2,1,1,fixation,1,0.4859408272637261,-0.43819135427474976,1,3.4673919677734375,1,0.8597142961290147,-0.4414389133453369,1,3.411346435546875
11273.582,2,1,1,fixation,0,nan,nan,0,nan,0,nan,nan,0,nan
11290.248,2,1,1,fixation,0,nan,nan,0,nan,0,nan,nan,0,nan
11306.915,2,1,1,fixation,1,0.4737859302096896,-0.4530365467071533,1,3.482696533203125,1,0.8688019646538628,-0.4186745882034302,1,3.497894287109375
11323.582,2,1,1,fixation,0,nan,nan,0,nan,0,nan,nan,0,nan
11340.248,2,1,1,fixation,0,nan,nan,0,nan,0,nan,nan,0,nan
11356.915,2,1,1,fixation,1,0.36506080627441406,-0.4716499447822571,1,3.607330322265625,1,0.8377683427598741,-0.4131922721862793,1,3.4811248779296875
11373.582,2,1,1,fixation,0,nan,nan,0,nan,0,nan,nan,0,nan
11390.248,2,1,1,fixation,0,nan,nan,0,nan,0,nan,nan,0,nan
11406.914,2,1,1,fixation,1,0.38262494405110675,-0.47620391845703125,1,3.6313018798828125,1,0.8730674319797092,-0.42393958568573,1,3.5112152099609375
11423.582,2,1,1,fixation,0,nan,nan,0,nan,0,nan,nan,0,nan
11440.248,2,1,1,fixation,0,nan,nan,0,nan,0,nan,nan,0,nan
11456.915,2,1,1,fixation,1,0.5347868601481119,-0.4942222833633423,1,3.4630126953125,1,0.897097693549262,-0.5185052156448364,1,3.4503021240234375
11473.582,2,1,1,fixation,0,nan,nan,0,nan,0,nan,nan,0,nan
11490.248,2,1,1,fixation,0,nan,nan,0,nan,0,nan,nan,0,nan
11506.915,2,1,1,fixation,1,0.5017322964138454,-0.4928467273712158,1,3.43017578125,1,0.9237446255154079,-0.5237925052642822,1,3.448272705078125
11523.582,2,1,1,fixation,0,nan,nan,0,nan,0,nan,nan,0,nan
11540.248,2,1,1,fixation,0,nan,nan,0,nan,0,nan,nan,0,nan
11556.915,2,1,1,fixation,0,nan,nan,0,nan,1,0.8854861789279513,-0.5293905735015869,1,3.4140625
11573.582,2,1,1,fixation,0,nan,nan,0,nan,0,nan,nan,0,nan
11590.248,2,1,1,fixation,0,nan,nan,0,nan,0,nan,nan,0,nan
11606.915,2,1,1,fixation,1,0.484151734246148,-0.5665264129638672,1,3.414764404296875,1,0.8774619632297092,-0.5145993232727051,1,3.364776611328125
11623.582,2,1,1,fixation,0,nan,nan,0,nan,0,nan,nan,0,nan
11640.248,2,1,1,fixation,0,nan,nan,0,nan,0,nan,nan,0,nan
11656.915,2,1,1,fixation,1,0.49405892690022785,-0.41388916969299316,1,3.4830322265625,1,0.889572991265191,-0.3996295928955078,1,3.338104248046875
11673.582,2,1,1,fixation,0,nan,nan,0,nan,0,nan,nan,0,nan
11690.248,2,1,1,fixation,0,nan,nan,0,nan,0,nan,nan,0,nan
11706.915,2,1,1,fixation,1,0.531211323208279,-0.4176608920097351,1,3.355987548828125,1,0.8228442933824327,-0.4376941919326782,1,3.451080322265625
11723.582,2,1,1,fixation,0,nan,nan,0,nan,0,nan,nan,0,nan
11740.248,2,1,1,fixation,0,nan,nan,0,nan,0,nan,nan,0,nan
11756.915,2,1,1,fixation,1,0.4174700842963324,-0.5060911178588867,1,3.663238525390625,1,0.8860917621188693,-0.4080216884613037,1,3.4226837158203125
11773.582,2,1,1,fixation,0,nan,nan,0,nan,0,nan,nan,0,nan
11790.248,2,1,1,fixation,0,nan,nan,0,nan,0,nan,nan,0,nan
11806.915,2,1,1,fixation,1,0.510392083062066,-0.4699897766113281,1,3.5389404296875,1,0.836234622531467,-0.42131394147872925,1,3.41796875
11823.582,2,1,1,fixation,0,nan,nan,0,nan,0,nan,nan,0,nan
11840.248,2,1,1,fixation,0,nan,nan,0,nan,0,nan,nan,0,nan
11856.915,2,1,1,fixation,1,0.41314061482747394,-0.3982265591621399,1,3.5074462890625,1,0.8470111423068576,-0.44760048389434814,1,3.3925323486328125
11873.582,2,1,1,fixation,0,nan,nan,0,nan,0,nan,nan,0,nan
11890.248,2,1,1,fixation,0,nan,nan,0,nan,0,nan,nan,0,nan
11906.915,2,1,1,fixation,1,0.4696023729112413,-0.4459340572357178,1,3.4561309814453125,1,0.8618391884697808,-0.4540669918060303,1,3.4412841796875
11923.582,2,1,1,fixation,0,nan,nan,0,nan,0,nan,nan,0,nan
11940.248,2,1,1,fixation,0,nan,nan,0,nan,0,nan,nan,0,nan
11956.915,2,1,1,fixation,1,0.501198132832845,-0.47482508420944214,1,3.4786224365234375,1,0.8543186187744141,-0.44373488426208496,1,3.3643035888671875
11973.582,2,1,1,fixation,0,nan,nan,0,nan,0,nan,nan,0,nan
11990.249,2,1,1,fixation,0,nan,nan,0,nan,0,nan,nan,0,nan
12006.916,2,1,1,fixation,1,0.4787130355834961,-0.44644057750701904,1,3.4647979736328125,1,0.8677137162950304,-0.42122548818588257,1,3.4292755126953125
12023.583,2,1,1,fixation,0,nan,nan,0,nan,0,nan,nan,0,nan
12040.249,2,1,1,fixation,0,nan,nan,0,nan,0,nan,nan,0,nan
12056.916,2,1,1,fixation,1,0.4629526138305664,-0.4581620693206787,1,3.47015380859375,1,0.8201171027289496,-0.48333340883255005,1,3.457977294921875
12073.583,2,1,1,fixation,0,nan,nan,0,nan,0,nan,nan,0,nan
12090.249,2,1,1,fixation,0,nan,nan,0,nan,0,nan,nan,0,nan
12106.916,2,1,1,fixation,1,0.5321444405449761,-0.417213499546051,1,3.4458160400390625,1,0.8122562832302517,-0.4506179094314575,1,3.4347686767578125
12123.583,2,1,1,fixation,0,nan,nan,0,nan,0,nan,nan,0,nan
12140.249,2,1,1,fixation,0,nan,nan,0,nan,0,nan,nan,0,nan
12156.916,2,1,1,fixation,1,0.5528461668226454,-0.5636390447616577,1,3.748138427734375,1,0.8446137110392252,-0.44387465715408325,1,3.47174072265625
12173.583,2,1,1,fixation,0,nan,nan,0,nan,0,nan,nan,0,nan
12190.249,2,1,1,fixation,0,nan,nan,0,nan,0,nan,nan,0,nan
12206.916,2,1,1,fixation,1,0.4964254167344835,-0.5150880813598633,1,3.5959625244140625,1,0.8325964609781901,-0.44136762619018555,1,3.439910888671875
12223.583,2,1,1,fixation,0,nan,nan,0,nan,0,nan,nan,0,nan
12240.249,2,1,1,fixation,0,nan,nan,0,nan,0,nan,nan,0,nan
12256.916,2,1,1,fixation,1,0.48743152618408203,-0.42414945363998413,1,3.5041351318359375,1,0.8347716861300998,-0.4462928771972656,1,3.474151611328125
12273.584,2,1,1,fixation,0,nan,nan,0,nan,0,nan,nan,0,nan
12290.25,2,1,1,fixation,0,nan,nan,0,nan,0,nan,nan,0,nan
12306.917,2,1,1,fixation,1,0.43578222062852645,-0.517114520072937,1,3.5815887451171875,1,0.8203523423936632,-0.4225817322731018,1,3.50433349609375
12323.584,2,1,1,fixation,0,nan,nan,0,nan,0,nan,nan,0,nan
12340.25,2,1,1,fixation,0,nan,nan,0,nan,0,nan,nan,0,nan
12356.917,2,1,1,fixation,1,0.4488551881578233,-0.4805343747138977,1,3.4848785400390625,1,0.8743224673800998,-0.4290022850036621,1,3.4405670166015625
12373.584,2,1,1,fixation,0,nan,nan,0,nan,0,nan,nan,0,nan
12390.25,2,1,1,fixation,0,nan,nan,0,nan,0,nan,nan,0,nan
12406.917,2,1,1,fixation,1,0.3827732933892144,-0.4266505837440491,1,3.4893646240234375,1,0.884890662299262,-0.4385834336280823,1,3.4315032958984375
12423.584,2,1,1,fixation,0,nan,nan,0,nan,0,nan,nan,0,nan
12440.25,2,1,1,fixation,0,nan,nan,0,nan,0,nan,nan,0,nan
12456.917,2,1,1,fixation,1,0.4745577706231011,-0.4552103281021118,1,3.5517730712890625,1,0.8475129869249132,-0.4549051523208618,1,3.5301055908203125
12473.584,2,1,1,fixation,0,nan,nan,0,nan,0,nan,nan,0,nan
12490.25,2,1,1,fixation,0,nan,nan,0,nan,0,nan,nan,0,nan
12506.917,2,1,1,fixation,1,0.4490943484836154,-0.5187760591506958,1,3.6860198974609375,1,0.834801779852973,-0.438323974609375,1,3.4558868408203125
12523.584,2,1,1,fixation,0,nan,nan,0,nan,0,nan,nan,0,nan
12540.25,2,1,1,fixation,0,nan,nan,0,nan,0,nan,nan,0,nan
12556.918,2,1,1,fixation,1,0.07303428649902344,-0.35973191261291504,1,3.823760986328125,1,0.49959129757351345,-0.24246227741241455,1,3.635223388671875
12573.585,2,1,1,fixation,0,nan,nan,0,nan,0,nan,nan,0,nan
12590.251,2,1,1,fixation,0,nan,nan,0,nan,0,nan,nan,0,nan
12606.918,2,1,1,fixation,1,-0.6399597591824001,0.1300562620162964,1,3.34149169921875,1,-0.3132952054341634,0.12055021524429321,1,3.5395355224609375
12623.585,2,1,1,fixation,0,nan,nan,0,nan,0,nan,nan,0,nan
12640.251,2,1,1,fixation,0,nan,nan,0,nan,0,nan,nan,0,nan
12656.918,2,1,1,fixation,1,-0.7582209242714776,0.1492348313331604,1,3.2820587158203125,1,-0.33933745490180117,0.1621401309967041,1,3.4205474853515625
12673.585,2,1,1,fixation,0,nan,nan,0,nan,0,nan,nan,0,nan
12690.251,2,1,1,fixation,0,nan,nan,0,nan,0,nan,nan,0,nan
12706.918,2,1,1,fixation,1,-0.7475129233466254,0.16696959733963013,1,3.28314208984375,1,-0.3285728560553656,0.2129266858100891,1,3.3615875244140625
12723.585,2,1,1,fixation,0,nan,nan,0,nan,0,nan,nan,0,nan
12740.251,2,1,1,fixation,0,nan,nan,0,nan,0,nan,nan,0,nan
12756.918,2,1,1,fixation,1,-0.7468180921342638,0.1806425154209137,1,3.264556884765625,1,-0.3521011670430501,0.24384760856628418,1,3.2862701416015625
12773.585,2,1,1,fixation,0,nan,nan,0,nan,0,nan,nan,0,nan
12790.251,2,1,1,fixation,0,nan,nan,0,nan,0,nan,nan,0,nan
12806.918,2,1,1,fixation,1,-0.7339419391420152,0.17741858959197998,1,3.263031005859375,1,-0.3414287567138672,0.18779528141021729,1,3.34759521484375
12823.585,2,1,1,fixation,0,nan,nan,0,nan,0,nan,nan,0,nan
12840.252,2,1,1,fixation,0,nan,nan,0,nan,0,nan,nan,0,nan
12856.919,2,1,1,fixation,1,-0.6732482645246717,0.17489200830459595,1,3.2020721435546875,1,-0.38103580474853516,0.20723497867584229,1,3.2560272216796875
12873.586,2,1,1,fixation,0,nan,nan,0,nan,0,nan,nan,0,nan
12890.252,2,1,1,fixation,0,nan,nan,0,nan,0,nan,nan,0,nan
12906.919,2,1,1,fixation,1,-0.7140965859095255,0.1619962453842163,1,3.0812835693359375,1,-0.36527013778686523,0.18638163805007935,1,3.1798095703125
12923.586,2,1,1,fixation,0,nan,nan,0,nan,0,nan,nan,0,nan
12940.252,2,1,1,fixation,0,nan,nan,0,nan,0,nan,nan,0,nan
12956.919,2,1,1,fixation,1,-0.680266989601983,0.1498357653617859,1,3.1115264892578125,1,-0.41944297154744464,0.16227182745933533,1,3.1250762939453125
12973.586,2,1,1,fixation,0,nan,nan,0,nan,0,nan,nan,0,nan
12990.252,2,1,1,fixation,0,nan,nan,0,nan,0,nan,nan,0,nan
13006.919,2,1,1,fixation,1,-0.7042784293492634,0.15587306022644043,1,3.0838623046875,1,-0.38511519961886936,0.22866550087928772,1,2.9004669189453125
13023.586,2,1,1,fixation,0,nan,nan,0,nan,0,nan,nan,0,nan
13040.252,2,1,1,fixation,0,nan,nan,0,nan,0,nan,nan,0,nan
13056.919,2,1,1,fixation,1,-0.7156560950809054,0.15259471535682678,1,2.98577880859375,1,-0.35969585842556423,0.17440876364707947,1,2.9490509033203125
13073.586,2,1,1,fixation,0,nan,nan,0,nan,0,nan,nan,0,nan
13090.252,2,1,1,fixation,0,nan,nan,0,nan,0,nan,nan,0,nan
13106.92,2,1,1,fixation,1,-0.5478511386447482,-0.06373953819274902,1,3.0548095703125,1,-0.1541198624504937,-0.12061941623687744,1,3.2235870361328125
13123.587,2,1,1,fixation,0,nan,nan,0,nan,0,nan,nan,0,nan
13140.253,2,1,1,fixation,0,nan,nan,0,nan,0,nan,nan,0,nan
13156.92,2,1,1,fixation,0,nan,nan,0,nan,0,nan,nan,0,nan
13173.587,2,1,1,fixation,0,nan,nan,0,nan,0,nan,nan,0,nan
13190.253,2,1,1,fixation,0,nan,nan,0,nan,0,nan,nan,0,nan
13206.92,2,1,1,fixation,0,nan,nan,0,nan,1,0.45286602444118923,-0.5339685678482056,1,3.1242828369140625
13223.587,2,1,1,fixation,0,nan,nan,0,nan,0,nan,nan,0,nan
13240.253,2,1,1,fixation,0,nan,nan,0,nan,0,nan,nan,0,nan
13256.92,2,1,1,fixation,0,nan,nan,0,nan,1,0.39574294620090056,-0.5249216556549072,1,3.1326751708984375
13273.587,2,1,1,fixation,0,nan,nan,0,nan,0,nan,nan,0,nan
13290.253,2,1,1,fixation,0,nan,nan,0,nan,0,nan,nan,0,nan
13306.92,2,1,1,fixation,0,nan,nan,0,nan,0,nan,nan,0,nan
13323.587,2,1,1,fixation,0,nan,nan,0,nan,0,nan,nan,0,nan
13340.253,2,1,1,fixation,0,nan,nan,0,nan,0,nan,nan,0,nan
13356.92,2,1,1,fixation,0,nan,nan,0,nan,1,0.4873250325520833,-0.5208351612091064,1,3.1979827880859375
13373.587,2,1,1,stimulusMovement,0,nan,nan,0,nan,0,nan,nan,0,nan
13390.254,2,1,1,stimulusMovement,0,nan,nan,0,nan,0,nan,nan,0,nan
13406.921,2,1,1,stimulusMovement,0,nan,nan,0,nan,1,0.4873907301161024,-0.5133180618286133,1,3.22113037109375
13423.588,2,1,1,stimulusMovement,0,nan,nan,0,nan,1,0.41674942440456814,-0.5304175615310669,1,3.3050537109375
13440.254,2,1,1,stimulusMovement,0,nan,nan,0,nan,1,0.48520565032958984,-0.4987199306488037,1,3.28387451171875
13456.921,2,1,1,stimulusMovement,0,nan,nan,0,nan,1,0.4874295128716363,-0.5710853338241577,1,3.267547607421875
13473.588,2,1,1,stimulusMovement,0,nan,nan,0,nan,1,0.39302423265245223,-0.5793689489364624,1,3.332550048828125
13490.254,2,1,1,stimulusMovement,0,nan,nan,0,nan,1,0.38179906209309894,-0.600071907043457,1,3.2989349365234375
13506.921,2,1,1,stimulusMovement,0,nan,nan,0,nan,1,0.40854750739203555,-0.6030846834182739,1,3.2515869140625
13523.588,2,1,1,stimulusMovement,0,nan,nan,0,nan,1,0.3468240102132161,-0.5789210796356201,1,3.24884033203125
13540.254,2,1,1,stimulusMovement,0,nan,nan,0,nan,0,nan,nan,0,nan
13556.921,2,1,1,stimulusMovement,0,nan,nan,0,nan,0,nan,nan,0,nan
13573.588,2,1,1,stimulusMovement,0,nan,nan,0,nan,1,0.4396148257785373,-0.5811343193054199,1,3.180816650390625
13590.254,2,1,1,stimulusMovement,0,nan,nan,0,nan,0,nan,nan,0,nan
13606.921,2,1,1,stimulusMovement,1,-0.2880117098490397,-0.6253190040588379,1,3.4757232666015625,1,0.3642659717135959,-0.5637669563293457,1,3.2801055908203125
13623.588,2,1,1,stimulusMovement,0,nan,nan,0,nan,1,0.43674956427680117,-0.6095712184906006,1,3.26361083984375
13640.254,2,1,1,stimulusMovement,0,nan,nan,0,nan,0,nan,nan,0,nan
13656.921,2,1,1,stimulusMovement,0,nan,nan,0,nan,0,nan,nan,0,nan
13673.589,2,1,1,stimulusMovement,0,nan,nan,0,nan,1,0.4198742972479926,-0.5952190160751343,1,3.277313232421875
13690.255,2,1,1,stimulusMovement,0,nan,nan,0,nan,0,nan,nan,0,nan
13706.922,2,1,1,stimulusMovement,0,nan,nan,0,nan,0,nan,nan,0,nan
13723.589,2,1,1,stimulusMovement,0,nan,nan,0,nan,1,0.4160052405463324,-0.6059643030166626,1,3.3281097412109375
13740.255,2,1,1,stimulusMovement,0,nan,nan,0,nan,1,0.44188605414496523,-0.6148699522018433,1,3.275543212890625
13756.922,2,1,1,stimulusMovement,0,nan,nan,0,nan,1,0.4043564266628689,-0.5880681276321411,1,3.2931060791015625
13773.589,2,1,1,stimulusMovement,0,nan,nan,0,nan,1,0.43010563320583767,-0.6178843975067139,1,3.3433380126953125
13790.255,2,1,1,stimulusMovement,0,nan,nan,0,nan,0,nan,nan,0,nan
13806.922,2,1,1,stimulusMovement,0,nan,nan,0,nan,0,nan,nan,0,nan
13823.589,2,1,1,stimulusMovement,0,nan,nan,0,nan,1,0.42026837666829425,-0.5975353717803955,1,3.3110809326171875
13840.255,2,1,1,stimulusMovement,0,nan,nan,0,nan,1,0.38848770989312065,-0.6282764673233032,1,3.3849639892578125
13856.922,2,1,1,stimulusMovement,0,nan,nan,0,nan,1,0.4272596571180555,-0.5765180587768555,1,3.384063720703125
13873.589,2,1,1,stimulusMovement,0,nan,nan,0,nan,1,0.4259639316134982,-0.6059972047805786,1,3.417816162109375
13890.255,2,1,1,stimulusMovement,0,nan,nan,0,nan,1,0.43706077999538845,-0.6014944314956665,1,3.3482208251953125
13906.922,2,1,1,stimulusMovement,0,nan,nan,0,nan,1,0.42413542005750865,-0.6064015626907349,1,3.3663177490234375
13923.589,2,1,1,stimulusMovement,0,nan,nan,0,nan,1,0.3724857966105143,-0.6301194429397583,1,3.368194580078125
13940.255,2,1,1,stimulusMovement,0,nan,nan,0,nan,1,0.38379775153266055,-0.5639383792877197,1,3.389068603515625
13956.923,2,1,1,stimulusMovement,0,nan,nan,0,nan,1,0.40263917711046004,-0.5851269960403442,1,3.4566497802734375
13973.59,2,1,1,stimulusMovement,0,nan,nan,0,nan,1,0.4500181410047743,-0.6334747076034546,1,3.415374755859375
13990.256,2,1,1,stimulusMovement,0,nan,nan,0,nan,1,0.3494514889187283,-0.536044716835022,1,3.4437255859375
14006.923,2,1,1,stimulusMovement,0,nan,nan,0,nan,1,0.4352546268039279,-0.5926681756973267,1,3.4734649658203125
14023.59,2,1,1,stimulusMovement,1,-0.2391643524169922,-0.5868333578109741,1,3.4482574462890625,1,0.32020028432210285,-0.6482895612716675,1,3.503082275390625
14040.256,2,1,1,stimulusMovement,0,nan,nan,0,nan,1,0.44727834065755206,-0.5956233739852905,1,3.4143218994140625
14056.923,2,1,1,stimulusMovement,0,nan,nan,0,nan,1,0.4287153879801432,-0.6279007196426392,1,3.46856689453125
14073.59,2,1,1,stimulusMovement,0,nan,nan,0,nan,1,0.3919137318929036,-0.6110317707061768,1,3.4793701171875
14090.256,2,1,1,stimulusMovement,0,nan,nan,0,nan,1,0.452561166551378,-0.5956501960754395,1,3.49664306640625
14106.923,2,1,1,stimulusMovement,0,nan,nan,0,nan,1,0.3951205147637261,-0.588426947593689,1,3.5818939208984375
14123.59,2,1,1,stimulusMovement,0,nan,nan,0,nan,1,0.41332244873046875,-0.6073653697967529,1,3.5576171875
14140.256,2,1,1,stimulusMovement,1,0.14309586418999565,-0.6024935245513916,1,3.6993408203125,1,0.5186139212714301,-0.5645625591278076,1,3.542327880859375
14156.923,2,1,1,stimulusMovement,1,0.3784964879353841,-0.5013608932495117,1,3.4854278564453125,1,0.7160108354356554,-0.5384281873703003,1,3.4981536865234375
14173.59,2,1,1,stimulusMovement,1,0.42716068691677517,-0.44373345375061035,1,3.619415283203125,1,0.8815706041124132,-0.44644832611083984,1,3.5350799560546875
14190.256,2,1,1,stimulusMovement,1,0.4785604476928711,-0.4156841039657593,1,3.5899505615234375,1,0.8849656846788194,-0.43810558319091797,1,3.5897064208984375
14206.923,2,1,1,stimulusMovement,1,0.478371090359158,-0.4059651494026184,1,3.518280029296875,1,0.8801432715521917,-0.4402698278427124,1,3.533599853515625
14223.59,2,1,1,stimulusMovement,1,0.4716979132758246,-0.4441196322441101,1,3.5261383056640625,1,0.8939776950412326,-0.4470600485801697,1,3.5875091552734375
14240.257,2,1,1,stimulusMovement,1,0.49278036753336585,-0.493882417678833,1,3.6731719970703125,1,0.8981649610731336,-0.43582117557525635,1,3.5399017333984375
14256.924,2,1,1,stimulusMovement,1,0.518472883436415,-0.4268951416015625,1,3.477081298828125,1,0.9076143900553385,-0.4481213688850403,1,3.572662353515625
14273.591,2,1,1,stimulusMovement,1,0.5151024924384223,-0.4308905601501465,1,3.5037384033203125,1,0.8932982550726996,-0.44168055057525635,1,3.635345458984375
14290.257,2,1,1,stimulusMovement,1,0.5138660007052951,-0.409381628036499,1,3.513153076171875,1,0.9026315477159288,-0.44824421405792236,1,3.5755462646484375
14306.924,2,1,1,stimulusMovement,1,0.4451587465074327,-0.4230618476867676,1,3.616455078125,1,0.8739293416341145,-0.4420345425605774,1,3.5974578857421875
14323.591,2,1,1,stimulusMovement,1,0.43770048353407115,-0.41766357421875,1,3.601898193359375,1,0.9276135762532551,-0.44084227085113525,1,3.55072021484375
14340.257,2,1,1,stimulusMovement,1,0.49833170572916663,-0.4210641384124756,1,3.53271484375,1,0.8965456220838758,-0.4648839235305786,1,3.58062744140625
14356.924,2,1,1,stimulusMovement,1,0.406261232164171,-0.43202292919158936,1,3.644683837890625,1,0.8990035586886935,-0.427040159702301,1,3.574310302734375
14373.591,2,1,1,stimulusMovement,1,0.48218631744384766,-0.3952421545982361,1,3.545135498046875,1,0.8755597008599175,-0.44225192070007324,1,3.57012939453125
14390.257,2,1,1,stimulusMovement,1,0.5045513576931423,-0.4212104082107544,1,3.5352020263671875,1,0.8706915113661023,-0.4551151990890503,1,3.5547027587890625
14406.924,2,1,1,stimulusMovement,1,0.43301571740044487,-0.45339053869247437,1,3.5782318115234375,1,0.8411299387613932,-0.4524140954017639,1,3.611175537109375
14423.591,2,1,1,stimulusMovement,1,0.37969928317599827,-0.440405011177063,1,3.5030059814453125,1,0.8632350497775607,-0.48466360569000244,1,3.5636749267578125
14440.257,2,1,1,stimulusMovement,1,0.5044562021891276,-0.41268980503082275,1,3.47137451171875,1,0.8155731625027126,-0.4189784526824951,1,3.5927886962890625
14456.924,2,1,1,stimulusMovement,1,0.4981157514784071,-0.42982017993927,1,3.4725189208984375,1,0.844429228040907,-0.44865256547927856,1,3.571929931640625
14473.591,2,1,1,stimulusMovement,1,0.5084417131212022,-0.4829120635986328,1,3.472991943359375,1,0.8583352830674913,-0.43298256397247314,1,3.5203094482421875
14490.257,2,1,1,stimulusMovement,1,0.5364316304524739,-0.48713231086730957,1,3.3771209716796875,1,0.8847806718614366,-0.4414016604423523,1,3.43780517578125
14506.925,2,1,1,stimulusMovement,0,nan,nan,0,nan,1,0.8925857543945312,-0.4590457081794739,1,3.4640655517578125
14523.592,2,1,1,stimulusMovement,1,0.5048645867241753,-0.5119178295135498,1,3.558258056640625,1,0.847537146674262,-0.47786784172058105,1,3.460784912109375
14540.258,2,1,1,stimulusMovement,1,0.5354075961642795,-0.42400062084198,1,3.3509979248046875,1,0.8402991824679904,-0.47907787561416626,1,3.4404296875
14556.925,2,1,1,stimulusMovement,1,0.5263451470269097,-0.4309580326080322,1,3.3778076171875,1,0.8564092848036023,-0.45827388763427734,1,3.45550537109375
14573.592,2,1,1,stimulusMovement,1,0.46102121141221786,-0.4624921679496765,1,3.47991943359375,1,0.8766839769151475,-0.4507462978363037,1,3.4027557373046875
14590.258,2,1,1,stimulusMovement,1,0.5553261439005533,-0.4264916777610779,1,3.318115234375,1,0.8665812810262044,-0.4683765172958374,1,3.413909912109375
14606.925,2,1,1,stimulusMovement,1,0.49042394426133895,-0.45727092027664185,1,3.3956756591796875,1,0.8626684612698025,-0.43708115816116333,1,3.4498748779296875
14623.592,2,1,1,stimulusMovement,1,0.5201429790920681,-0.4678689241409302,1,3.414215087890625,1,0.8376628028021917,-0.4644899368286133,1,3.4282379150390625
14640.258,2,1,1,stimulusMovement,1,0.454761611090766,-0.5024155378341675,1,3.459259033203125,1,0.857233895195855,-0.45930051803588867,1,3.4019317626953125
14656.925,2,1,1,stimulusMovement,1,0.48112074534098304,-0.48849987983703613,1,3.476318359375,1,0.8511363135443792,-0.471010684967041,1,3.4294891357421875
14673.592,2,1,1,stimulusMovement,1,0.44023948245578337,-0.4790482521057129,1,3.3813934326171875,1,0.8764553070068359,-0.47518301010131836,1,3.4081573486328125
14690.258,2,1,1,stimulusMovement,1,0.42383766174316406,-0.5068907737731934,1,3.44158935546875,1,0.8901780446370442,-0.46314120292663574,1,3.35089111328125
14706.925,2,1,1,stimulusMovement,1,0.4206577936808268,-0.48394495248794556,1,3.41241455078125,1,0.8627483579847547,-0.44803428649902344,1,3.4361572265625
14723.592,2,1,1,stimulusMovement,1,0.4732712639702691,-0.44716131687164307,1,3.3916015625,1,0.8198026021321614,-0.46391260623931885,1,3.394500732421875
14740.258,2,1,1,stimulusMovement,1,0.5350142584906684,-0.4539618492126465,1,3.4384918212890625,1,0.8552998436821831,-0.46362853050231934,1,3.3705291748046875
14756.925,2,1,1,stimulusMovement,1,0.4694690704345703,-0.458742618560791,1,3.4207916259765625,1,0.8478364944458008,-0.4479448199272156,1,3.4357452392578125
14773.592,2,1,1,stimulusMovement,1,0.4964565700954861,-0.5148652791976929,1,3.5308990478515625,1,0.8283436033460828,-0.4602088928222656,1,3.4449462890625
14790.259,2,1,1,stimulusMovement,0,nan,nan,0,nan,1,0.8744369082980685,-0.46011048555374146,1,3.3750762939453125
14806.926,2,1,1,stimulusMovement,1,0.4594044155544705,-0.4776369333267212,1,3.4343414306640625,1,0.859921031528049,-0.4573976397514343,1,3.41680908203125
14823.593,2,1,1,stimulusMovement,0,nan,nan,0,nan,1,0.8257250256008571,-0.45545196533203125,1,3.4423370361328125
14840.259,2,1,1,stimulusMovement,1,0.4258143107096354,-0.48851585388183594,1,3.412872314453125,1,0.8665695190429688,-0.44964873790740967,1,3.3707733154296875
14856.926,2,1,1,stimulusMovement,1,0.48384645250108504,-0.46139752864837646,1,3.3914642333984375,1,0.8226477305094401,-0.47857701778411865,1,3.3892822265625
14873.593,2,1,1,stimulusMovement,1,0.5535939534505208,-0.47191321849823,1,3.4209747314453125,1,0.8207482231987847,-0.4773407578468323,1,3.412261962890625
14890.259,2,1,1,stimulusMovement,1,0.4728672239515516,-0.4569113254547119,1,3.459014892578125,1,0.829647488064236,-0.45208024978637695,1,3.36083984375
14906.926,2,1,1,stimulusMovement,1,0.4060291714138455,-0.46191221475601196,1,3.393096923828125,1,0.8768575456407335,-0.44789284467697144,1,3.3510589599609375
14923.593,2,1,1,stimulusMovement,0,nan,nan,0,nan,1,0.8708803388807508,-0.4645075798034668,1,3.3443603515625
14940.259,2,1,1,stimulusMovement,1,0.47655243343777126,-0.4366050958633423,1,3.3668975830078125,1,0.9005171457926432,-0.47400856018066406,1,3.3599395751953125
14956.926,2,1,1,stimulusMovement,1,0.46604813469780815,-0.46905946731567383,1,3.4149932861328125,1,0.83578003777398,-0.4737858772277832,1,3.3626556396484375
14973.593,2,1,1,stimulusMovement,1,0.45287545522054035,-0.47671371698379517,1,3.4323577880859375,1,0.8358370463053385,-0.4911090135574341,1,3.4295196533203125
14990.259,2,1,1,stimulusMovement,1,0.41669686635335285,-0.5159153938293457,1,3.4759521484375,1,0.8367531034681531,-0.4926583170890808,1,3.388153076171875
15006.926,2,1,1,stimulusMovement,1,0.4921507305569119,-0.45812559127807617,1,3.4071197509765625,1,0.8379870520697699,-0.5090236663818359,1,3.399993896484375
15023.593,2,1,1,stimulusMovement,1,0.5010698106553819,-0.4922538995742798,1,3.4191436767578125,1,0.8224510616726345,-0.47201889753341675,1,3.3375091552734375
15040.259,2,1,1,stimulusMovement,1,0.44064860873752165,-0.5675836801528931,1,3.5792999267578125,1,0.8274716271294488,-0.4858941435813904,1,3.3574981689453125
15056.926,2,1,1,stimulusMovement,1,0.45288583967420787,-0.4658271074295044,1,3.4148712158203125,1,0.8486040963066949,-0.46457159519195557,1,3.3721160888671875
15073.594,2,1,1,stimulusMovement,1,0.47264862060546875,-0.5200392007827759,1,3.4404754638671875,1,0.8388632668389214,-0.44609498977661133,1,3.289306640625
15090.26,2,1,1,stimulusMovement,1,0.44894621107313365,-0.4454631805419922,1,3.3606719970703125,1,0.7229535844590929,-0.47679781913757324,1,3.304168701171875
15106.927,2,1,1,stimulusMovement,1,0.47295549180772567,-0.5077170133590698,1,3.3530426025390625,1,0.7551312976413302,-0.4798851013183594,1,3.3436279296875
15123.594,2,1,1,stimulusMovement,1,0.4463280571831597,-0.5408968925476074,1,3.483642578125,1,0.808709250556098,-0.47243690490722656,1,3.3045654296875
15140.26,2,1,1,stimulusMovement,1,0.3490610122680664,-0.5090154409408569,1,3.4227447509765625,1,0.7829816606309679,-0.46562790870666504,1,3.2827911376953125
15156.927,2,1,1,stimulusMovement,1,0.4377207226223416,-0.48198211193084717,1,3.3310089111328125,1,0.8405992719862195,-0.46214759349823,1,3.21075439453125
15173.594,2,1,1,stimulusMovement,0,nan,nan,0,nan,1,0.7380417717827691,-0.4390707015991211,1,3.242889404296875
15190.26,2,1,1,stimulusMovement,0,nan,nan,0,nan,1,0.6725901497734917,-0.46868765354156494,1,3.31854248046875
15206.927,2,1,1,stimulusMovement,1,0.40278116861979163,-0.4994783401489258,1,3.4160614013671875,1,0.7599447038438585,-0.4428589344024658,1,3.2745208740234375
15223.594,2,1,1,stimulusMovement,0,nan,nan,0,nan,1,0.7658566368950738,-0.44535958766937256,1,3.2499237060546875
15240.26,2,1,1,stimulusMovement,1,0.3411466810438368,-0.47317516803741455,1,3.2942047119140625,1,0.7781408098008897,-0.4750394821166992,1,3.1969757080078125
15256.927,2,1,1,stimulusMovement,0,nan,nan,0,nan,1,0.7247215906778971,-0.4948756694793701,1,3.213623046875
15273.594,2,1,1,stimulusMovement,1,0.19456821017795137,-0.6449780464172363,1,3.730255126953125,1,0.6680321163601345,-0.4495851397514343,1,3.25244140625
15290.26,2,1,1,stimulusMovement,1,0.3120507134331597,-0.5209927558898926,1,3.3576812744140625,1,0.6587013668484157,-0.46698427200317383,1,3.1850738525390625
15306.927,2,1,1,stimulusMovement,0,nan,nan,0,nan,1,0.662685818142361,-0.45538413524627686,1,3.216552734375
15323.594,2,1,1,stimulusMovement,0,nan,nan,0,nan,1,0.6437026129828559,-0.45825278759002686,1,3.2750701904296875
15340.26,2,1,1,stimulusMovement,0,nan,nan,0,nan,1,0.6310867733425564,-0.4633941650390625,1,3.23541259765625
15356.928,2,1,1,stimulusMovement,0,nan,nan,0,nan,1,0.6671237945556641,-0.4544697403907776,1,3.2176666259765625
15373.595,2,1,1,stimulusMovement,0,nan,nan,0,nan,1,0.6312177446153429,-0.4685920476913452,1,3.2902679443359375
15390.261,2,1,1,stimulusMovement,1,0.20322397020128036,-0.6103260517120361,1,3.7215728759765625,1,0.6201142205132378,-0.4405343532562256,1,3.255523681640625
15406.928,2,1,1,stimulusMovement,1,0.2673844231499566,-0.45418739318847656,1,3.1701202392578125,1,0.5463327831692165,-0.4651487469673157,1,3.284759521484375
15423.595,2,1,1,stimulusMovement,0,nan,nan,0,nan,1,0.5983615451388888,-0.4610936641693115,1,3.2423248291015625
15440.262,2,1,1,stimulusMovement,0,nan,nan,0,nan,1,0.5899692111545138,-0.4728055000305176,1,3.2818145751953125
15456.929,2,1,1,stimulusMovement,0,nan,nan,0,nan,1,0.5543433295355903,-0.4544430375099182,1,3.30487060546875
15473.596,2,1,1,stimulusMovement,0,nan,nan,0,nan,1,0.43887668185763884,-0.5354597568511963,1,3.55157470703125
15490.262,2,1,1,stimulusMovement,1,0.13677003648546007,-0.5680149793624878,1,3.6090087890625,1,0.48439089457194007,-0.4565068483352661,1,3.3267822265625
15506.929,2,1,1,stimulusMovement,0,nan,nan,0,nan,1,0.4353379143608941,-0.4689099192619324,1,3.378631591796875
15523.596,2,1,1,stimulusMovement,0,nan,nan,0,nan,1,0.4504494137234158,-0.4495336413383484,1,3.3860015869140625
15540.262,2,1,1,stimulusMovement,1,0.08232381608751084,-0.3747817277908325,1,3.1368865966796875,1,0.4557175106472439,-0.5221035480499268,1,3.583251953125
15556.929,2,1,1,stimulusMovement,0,nan,nan,0,nan,1,0.41497050391303164,-0.4734659194946289,1,3.38165283203125
15573.596,2,1,1,stimulusMovement,0,nan,nan,0,nan,1,0.4372825622558594,-0.4419006109237671,1,3.3855133056640625
15590.263,2,1,1,stimulusMovement,1,-0.20730405383639863,-0.47972601652145386,1,3.4175567626953125,1,0.47755739423963756,-0.40981054306030273,1,3.3750457763671875
15606.93,2,1,1,stimulusMovement,0,nan,nan,0,nan,1,0.4191986719767252,-0.4515734910964966,1,3.3946990966796875
15623.598,2,1,1,stimulusMovement,0,nan,nan,0,nan,0,nan,nan,0,nan
15640.264,2,1,1,stimulusMovement,0,nan,nan,0,nan,1,0.41163963741726345,-0.4435669779777527,1,3.4394073486328125
15656.931,2,1,1,stimulusMovement,0,nan,nan,0,nan,0,nan,nan,0,nan
15673.598,2,1,1,stimulusMovement,0,nan,nan,0,nan,0,nan,nan,0,nan
15690.264,2,1,1,stimulusMovement,1,-0.4063796467251248,-0.6192070245742798,1,3.838409423828125,1,0.4281395806206597,-0.4575645923614502,1,3.3959503173828125
15706.931,2,1,1,stimulusMovement,0,nan,nan,0,nan,1,0.37682586246066624,-0.5462119579315186,1,3.5972137451171875
15723.598,2,1,1,stimulusMovement,1,-0.3063384162055121,-0.4305013418197632,1,3.3374481201171875,0,nan,nan,0,nan
15740.264,2,1,1,stimulusMovement,0,nan,nan,0,nan,1,0.321788575914171,-0.475846529006958,1,3.4414215087890625
15756.932,2,1,1,stimulusMovement,1,-0.38856591118706596,-0.5588183403015137,1,3.5051422119140625,1,0.31356493631998694,-0.5465891361236572,1,3.5488739013671875
15773.599,2,1,1,stimulusMovement,1,-0.2785235510932074,-0.514329195022583,1,3.4326324462890625,1,0.2128735648261176,-0.8246872425079346,1,4.3579559326171875
15790.265,2,1,1,stimulusMovement,1,-0.3404126697116428,-0.5259066820144653,1,3.50543212890625,0,nan,nan,0,nan
15806.932,2,1,1,stimulusMovement,1,-0.32927507824367946,-0.5763982534408569,1,3.6880645751953125,1,0.2992941538492838,-0.7169613838195801,1,4.0336761474609375
15823.599,2,1,1,stimulusMovement,1,-0.3558136622111002,-0.568596601486206,1,3.5101318359375,1,0.26699097951253253,-0.640855073928833,1,3.8989715576171875
15840.265,2,1,1,stimulusMovement,0,nan,nan,0,nan,0,nan,nan,0,nan
15856.932,2,1,1,stimulusMovement,0,nan,nan,0,nan,0,nan,nan,0,nan
15873.599,2,1,1,stimulusMovement,1,-0.34762483172946507,-0.5421838760375977,1,3.50152587890625,0,nan,nan,0,nan
15890.265,2,1,1,stimulusMovement,1,-0.35669369167751735,-0.6342513561248779,1,3.7832489013671875,1,0.22175937228732637,-0.4192810654640198,1,3.415283203125
15906.933,2,1,1,stimulusMovement,1,-0.44623594813876677,-0.4682297706604004,1,3.3517913818359375,0,nan,nan,0,nan
15923.601,2,1,1,stimulusMovement,0,nan,nan,0,nan,1,0.22394879659016925,-0.4915163516998291,1,3.3834686279296875
15940.267,2,1,1,stimulusMovement,1,-0.42017216152615017,-0.5419423580169678,1,3.5597686767578125,0,nan,nan,0,nan
15956.934,2,1,1,stimulusMovement,1,-0.36081239912245006,-0.5189898014068604,1,3.475921630859375,1,-0.0375727547539605,-0.5434485673904419,1,3.7017974853515625
15973.601,2,1,1,stimulusMovement,1,-0.331615236070421,-0.5319030284881592,1,3.4136505126953125,1,0.08390278286404079,-0.6684861183166504,1,3.979034423828125
15990.267,2,1,1,stimulusMovement,1,-0.4307042757670084,-0.46991437673568726,1,3.442108154296875,0,nan,nan,0,nan
16006.934,2,1,1,stimulusMovement,1,-0.32089275783962673,-0.5026630163192749,1,3.4575347900390625,1,-0.2484562661912706,-0.5688873529434204,1,3.7580718994140625
16023.601,2,1,1,stimulusMovement,1,-0.47119855880737305,-0.49338477849960327,1,3.458984375,1,-0.09698073069254556,-0.539966344833374,1,3.6319122314453125
16040.267,2,1,1,stimulusMovement,1,-0.48015570640563965,-0.4411976933479309,1,3.397918701171875,1,-0.137888855404324,-0.4756823182106018,1,3.503173828125
16056.934,2,1,1,stimulusMovement,1,-0.4804606172773573,-0.4719168543815613,1,3.3984222412109375,1,-0.18625169330173066,-0.44322389364242554,1,3.4950714111328125
16073.602,2,1,1,stimulusMovement,1,-0.4244172308180067,-0.476859986782074,1,3.480072021484375,1,-0.16939385732014972,-0.5231140851974487,1,3.5987396240234375
16090.268,2,1,1,stimulusMovement,1,-0.5050003793504503,-0.4701054096221924,1,3.4462738037109375,1,-0.11566215091281466,-0.7884527444839478,1,4.2807769775390625
16106.935,2,1,1,stimulusMovement,1,-0.4844090938568115,-0.4888695478439331,1,3.464569091796875,0,nan,nan,0,nan
16123.602,2,1,1,stimulusMovement,1,-0.4785331355200873,-0.4620051383972168,1,3.4774169921875,1,-0.22055546442667642,-0.5901713371276855,1,3.78961181640625
16140.268,2,1,1,stimulusMovement,1,-0.5562717649671766,-0.4662367105484009,1,3.434234619140625,0,nan,nan,0,nan
16156.935,2,1,1,stimulusMovement,1,-0.5015365282694498,-0.47290128469467163,1,3.4931793212890625,1,-0.17363029056125215,-0.566551685333252,1,3.76446533203125
16173.602,2,1,1,stimulusMovement,1,-0.5888377295600044,-0.47622859477996826,1,3.44036865234375,0,nan,nan,0,nan
16190.269,2,1,1,stimulusMovement,1,-0.5855291154649522,-0.47399652004241943,1,3.488189697265625,1,-0.29058562384711367,-0.5267412662506104,1,3.6414947509765625
16206.936,2,1,1,stimulusMovement,1,-0.5787767834133571,-0.4479013681411743,1,3.440582275390625,1,-0.2095486323038737,-0.4791116714477539,1,3.5619659423828125
16223.604,2,1,1,stimulusMovement,1,-0.5363298257191975,-0.43705475330352783,1,3.533477783203125,1,-0.2719491852654351,-0.5292074680328369,1,3.5142669677734375
16240.27,2,1,1,stimulusMovement,1,-0.542071262995402,-0.4699493646621704,1,3.5211639404296875,0,nan,nan,0,nan
16256.937,2,1,1,stimulusMovement,1,-0.5637838045756022,-0.47634226083755493,1,3.55810546875,1,-0.30375978681776256,-0.48877203464508057,1,3.57501220703125
16273.604,2,1,1,stimulusMovement,1,-0.6277446746826172,-0.4810976982116699,1,3.4492950439453125,1,-0.42256344689263237,-0.4391164779663086,1,3.5660400390625
16290.27,2,1,1,stimulusMovement,1,-0.6562353505028619,-0.43849170207977295,1,3.4601593017578125,1,-0.41422875722249347,-0.4390065670013428,1,3.4873504638671875
16306.937,2,1,1,stimulusMovement,1,-0.6911607450909084,-0.44593554735183716,1,3.4899749755859375,1,-0.4305131700303819,-0.4538315534591675,1,3.5614166259765625
16323.604,2,1,1,stimulusMovement,1,-0.6461123095618354,-0.4236242175102234,1,3.5886383056640625,1,-0.43974060482449,-0.41861051321029663,1,3.5249481201171875
16340.27,2,1,1,stimulusMovement,1,-0.685999419954088,-0.4738199710845947,1,3.536468505859375,1,-0.46748325559828013,-0.43113064765930176,1,3.5026702880859375
16356.938,2,1,1,stimulusMovement,1,-0.6913135581546359,-0.44624990224838257,1,3.5645751953125,1,-0.4671852323744032,-0.5367982387542725,1,3.6586761474609375
16373.605,2,1,1,stimulusMovement,1,-0.6539970503913032,-0.4395015239715576,1,3.6217498779296875,1,-0.4584685961405436,-0.43452662229537964,1,3.4659423828125
16390.271,2,1,1,stimulusMovement,1,-0.792650580406189,-0.45045578479766846,1,3.4676361083984375,1,-0.47801640298631454,-0.45708519220352173,1,3.523406982421875
16406.938,2,1,1,stimulusMovement,1,-0.7590150965584649,-0.4635186195373535,1,3.4465179443359375,1,-0.5109473334418403,-0.4556189775466919,1,3.458526611328125
16423.605,2,1,1,stimulusMovement,1,-0.7832227746645609,-0.44122493267059326,1,3.47705078125,1,-0.5377069314320881,-0.458283007144928,1,3.4545745849609375
16440.271,2,1,1,stimulusMovement,1,-0.807748622364468,-0.47251081466674805,1,3.5204315185546875,1,-0.5102299054463704,-0.4402996897697449,1,3.4978179931640625
16456.938,2,1,1,stimulusMovement,1,-0.6455872853597004,-0.5030381679534912,1,3.7574920654296875,1,-0.5297792752583821,-0.4362103343009949,1,3.4932403564453125
16473.606,2,1,1,stimulusMovement,1,-0.7839302950435214,-0.48925691843032837,1,3.6005401611328125,1,-0.5315114921993679,-0.43261516094207764,1,3.4891510009765625
16490.272,2,1,1,stimulusMovement,1,-0.6159061590830485,-0.5086134672164917,1,3.721160888671875,1,-0.5555872387356228,-0.437791109085083,1,3.4465179443359375
16506.94,2,1,1,stimulusMovement,1,-0.729716936747233,-0.4904489517211914,1,3.5677947998046875,1,-0.5552644729614258,-0.443453311920166,1,3.493316650390625
16523.607,2,1,1,stimulusMovement,1,-0.8718010617627038,-0.45153915882110596,1,3.411346435546875,1,-0.500696235232883,-0.4474995732307434,1,3.5029754638671875
16540.273,2,1,1,stimulusMovement,1,-0.801409555806054,-0.47717320919036865,1,3.523834228515625,1,-0.5320380263858371,-0.4534405469894409,1,3.5081787109375
16556.94,2,1,1,stimulusMovement,1,-0.8299259609646267,-0.4670863747596741,1,3.500152587890625,1,-0.50864134894477,-0.43052375316619873,1,3.4542388916015625
16573.607,2,1,1,stimulusMovement,1,-0.9133516831530465,-0.48599541187286377,1,3.425567626953125,1,-0.5857576794094509,-0.4645673632621765,1,3.4726715087890625
16590.273,2,1,1,stimulusMovement,1,-0.8438817196422153,-0.472714364528656,1,3.5198974609375,1,-0.593935489654541,-0.4239353537559509,1,3.422454833984375
16606.94,2,1,1,stimulusMovement,1,-0.9450193444887797,-0.4558277130126953,1,3.4075775146484375,1,-0.547081020143297,-0.4425569772720337,1,3.4944915771484375
16623.607,2,1,1,stimulusMovement,0,nan,nan,0,nan,1,-0.6183158026801215,-0.4528197646141052,1,3.44989013671875
16640.273,2,1,1,stimulusMovement,1,-0.7842031717300415,-0.48732322454452515,1,3.6188812255859375,1,-0.6098211076524522,-0.4378042221069336,1,3.4906463623046875
16656.94,2,1,1,stimulusMovement,1,-0.880236953496933,-0.47352224588394165,1,3.5129852294921875,1,-0.6447106467352973,-0.44473958015441895,1,3.4108734130859375
16673.608,2,1,1,stimulusMovement,1,-0.8815920518504248,-0.47314757108688354,1,3.47369384765625,1,-0.5986390113830566,-0.4524521231651306,1,3.450042724609375
16690.274,2,1,1,stimulusMovement,1,-0.7884683940145704,-0.4713486433029175,1,3.558258056640625,1,-0.5947551992204454,-0.45793402194976807,1,3.4130859375
16706.941,2,1,1,stimulusMovement,1,-0.8119005494647555,-0.5280710458755493,1,3.4897613525390625,1,-0.5984473758273654,-0.4466346502304077,1,3.4012603759765625
16723.608,2,1,1,stimulusMovement,1,-0.8688297867774963,-0.47764456272125244,1,3.520843505859375,1,-0.6095867156982422,-0.44169968366622925,1,3.364227294921875
16740.275,2,1,1,stimulusMovement,1,-0.7572896348105537,-0.4618704319000244,1,3.5492095947265625,1,-0.5847613016764323,-0.4424871802330017,1,3.4293975830078125
16756.942,2,1,1,stimulusMovement,1,-0.8429398801591661,-0.45205533504486084,1,3.5500946044921875,1,-0.5460301770104302,-0.44514602422714233,1,3.46600341796875
16773.609,2,1,1,stimulusMovement,1,-0.8058853877915276,-0.46777623891830444,1,3.586517333984375,1,-0.583259105682373,-0.4295991063117981,1,3.4202880859375
16790.275,2,1,1,stimulusMovement,1,-0.7845416201485528,-0.4583476185798645,1,3.5090484619140625,1,-0.5577285024854871,-0.44458287954330444,1,3.4383392333984375
16806.942,2,1,1,stimulusMovement,1,-0.8554881546232435,-0.4630786180496216,1,3.480194091796875,1,-0.588453451792399,-0.4384371042251587,1,3.43975830078125
16823.61,2,1,1,stimulusMovement,1,-0.8954273213942845,-0.4405825138092041,1,3.5377655029296875,1,-0.5467511283026801,-0.4386587142944336,1,3.4817657470703125
16840.276,2,1,1,stimulusMovement,1,-0.9184787306520673,-0.4227055311203003,1,3.469024658203125,1,-0.6039084858364528,-0.4366617202758789,1,3.448333740234375
16856.943,2,1,1,stimulusMovement,1,-0.8703945146666632,-0.4800512194633484,1,3.5413818359375,1,-0.5990698867373996,-0.430830180644989,1,3.47711181640625
16873.61,2,1,1,stimulusMovement,1,-0.91816688908471,-0.4278600215911865,1,3.42425537109375,1,-0.5603707896338569,-0.4611165523529053,1,3.491851806640625
16890.276,2,1,1,stimulusMovement,1,-0.860105726453993,-0.4544551372528076,1,3.500762939453125,1,-0.5490176677703857,-0.4345438480377197,1,3.5436553955078125
16906.943,2,1,1,stimulusMovement,1,-0.8975698269075817,-0.4757117033004761,1,3.494476318359375,1,-0.5753255685170491,-0.4177718162536621,1,3.4951629638671875
16923.611,2,1,1,stimulusMovement,1,-0.8400670952267116,-0.4505288600921631,1,3.49261474609375,1,-0.5418945683373345,-0.43766629695892334,1,3.506744384765625
16940.277,2,1,1,stimulusMovement,1,-0.7726200951470269,-0.43481147289276123,1,3.6248626708984375,1,-0.5726359155442979,-0.4393432140350342,1,3.5072021484375
16956.944,2,1,1,stimulusMovement,0,nan,nan,0,nan,1,-0.5035425821940104,-0.448111891746521,1,3.54986572265625
16973.611,2,1,1,stimulusMovement,1,-0.757154213057624,-0.44100403785705566,1,3.5923004150390625,1,-0.5172530810038248,-0.45704424381256104,1,3.554168701171875
16990.277,2,1,1,stimulusMovement,1,-0.8131661547554864,-0.4153933525085449,1,3.50714111328125,1,-0.5043177604675293,-0.44957005977630615,1,3.5496673583984375
17006.944,2,1,1,stimulusMovement,1,-0.8070230682690938,-0.4279932379722595,1,3.5609893798828125,1,-0.5259216626485188,-0.4503129720687866,1,3.560333251953125
17023.612,2,1,1,stimulusMovement,1,-0.800833139154646,-0.44824838638305664,1,3.469940185546875,1,-0.49343069394429523,-0.4424755573272705,1,3.4968719482421875
17040.278,2,1,1,stimulusMovement,1,-0.7693932718700832,-0.4870373010635376,1,3.5901641845703125,1,-0.4677452246348063,-0.4582253098487854,1,3.572296142578125
17056.945,2,1,1,stimulusMovement,1,-0.7838704652256435,-0.4565011262893677,1,3.6132965087890625,1,-0.5094393094380696,-0.44848477840423584,1,3.4794158935546875
17073.613,2,1,1,stimulusMovement,1,-0.7694567044576008,-0.4617379903793335,1,3.53167724609375,1,-0.506701840294732,-0.4389820098876953,1,3.4847412109375
17090.279,2,1,1,stimulusMovement,1,-0.671875066227383,-0.48856115341186523,1,3.5567474365234375,1,-0.5412695407867432,-0.4573749303817749,1,3.4294891357421875
17106.946,2,1,1,stimulusMovement,1,-0.8068488174014621,-0.4243764877319336,1,3.4264678955078125,1,-0.5157259305318196,-0.43279850482940674,1,3.4265594482421875
17123.613,2,1,1,stimulusMovement,1,-0.651983446545071,-0.4959120750427246,1,3.645751953125,1,-0.4735806518130832,-0.46979546546936035,1,3.4963531494140625
17140.279,2,1,1,stimulusMovement,1,-0.7249758376015557,-0.47631901502609253,1,3.5359039306640625,1,-0.5194623735215929,-0.46418190002441406,1,3.410003662109375
17156.946,2,1,1,stimulusMovement,1,-0.8180644909540812,-0.48071980476379395,1,3.425323486328125,1,-0.5032201078202989,-0.4801996946334839,1,3.4599609375
17173.614,2,1,1,stimulusMovement,1,-0.7723430262671577,-0.43544989824295044,1,3.404449462890625,1,-0.4614846441480848,-0.4851812720298767,1,3.4544525146484375
17190.28,2,1,1,stimulusMovement,1,-0.49573201603359646,-0.4870452284812927,1,3.8575592041015625,1,-0.5435326364305284,-0.4435504674911499,1,3.380950927734375
17206.947,2,1,1,stimulusMovement,1,-0.6145696375105115,-0.48114901781082153,1,3.57635498046875,1,-0.5460371441311306,-0.5153336524963379,1,3.430419921875
17223.614,2,1,1,stimulusMovement,1,-0.7523950338363647,-0.5042037963867188,1,3.40655517578125,1,-0.49480830298529727,-0.4805998206138611,1,3.3436279296875
17240.28,2,1,1,stimulusMovement,1,-0.7986988557709588,-0.45779287815093994,1,3.3487091064453125,1,-0.5498497751024034,-0.48895394802093506,1,3.3479156494140625
17256.947,2,1,1,stimulusMovement,1,-0.7087059683269924,-0.41631269454956055,1,3.501953125,1,-0.5070232815212673,-0.4667787551879883,1,3.3317413330078125
17273.614,2,1,1,stimulusMovement,1,-0.7799382276005214,-0.5043667554855347,1,3.34674072265625,1,-0.48978400230407715,-0.4795633554458618,1,3.3844146728515625
17290.28,2,1,1,stimulusMovement,1,-0.8270782099829779,-0.48265552520751953,1,3.332977294921875,1,-0.5022316243913438,-0.46057695150375366,1,3.4188995361328125
17306.948,2,1,1,stimulusMovement,1,-0.7151066727108425,-0.46091848611831665,1,3.455413818359375,1,-0.5427395502726237,-0.45574700832366943,1,3.34649658203125
17323.616,2,1,1,stimulusMovement,1,-0.4093087514241536,-0.3666089177131653,1,4.083465576171875,1,-0.5095305442810059,-0.49337106943130493,1,3.3966064453125
17340.282,2,1,1,stimulusMovement,1,-0.7758223348193698,-0.43419742584228516,1,3.3932647705078125,1,-0.5042121145460341,-0.4835028648376465,1,3.4113922119140625
17356.949,2,1,1,stimulusMovement,1,-0.8064395785331726,-0.4597163200378418,1,3.3686065673828125,1,-0.5714389218224419,-0.4582565426826477,1,3.34100341796875
17373.616,2,1,1,stimulusMovement,1,-0.8003140091896057,-0.4909956455230713,1,3.36090087890625,1,-0.5436355272928873,-0.46047067642211914,1,3.3419952392578125
17390.282,2,1,1,stimulusMovement,1,-0.7460805707507663,-0.48169994354248047,1,3.44903564453125,1,-0.5266102155049641,-0.4226022958755493,1,3.338775634765625
17406.949,2,1,1,stimulusMovement,1,-0.767296658621894,-0.44709938764572144,1,3.3512725830078125,1,-0.5284104347229004,-0.4489942193031311,1,3.3790130615234375
17423.616,2,1,1,stimulusMovement,1,-0.7432147132025825,-0.4776473641395569,1,3.437530517578125,1,-0.5323387516869439,-0.4358077049255371,1,3.3732757568359375
17440.282,2,1,1,stimulusMovement,1,-0.7156770096884834,-0.46557289361953735,1,3.602081298828125,1,-0.5347833898332384,-0.4541478157043457,1,3.274261474609375
17456.949,2,1,1,stimulusMovement,1,-0.7396564483642578,-0.4803580045700073,1,3.44488525390625,1,-0.48811139000786674,-0.43614739179611206,1,3.4581451416015625
17473.617,2,1,1,stimulusMovement,1,-0.7744320101208156,-0.4667994976043701,1,3.460784912109375,1,-0.5211600197686089,-0.41834700107574463,1,3.4077301025390625
17490.283,2,1,1,stimulusMovement,1,-0.7385902669694688,-0.45622551441192627,1,3.4657745361328125,1,-0.5392775535583496,-0.4283640384674072,1,3.371490478515625
17506.95,2,1,1,stimulusMovement,1,-0.7423920234044392,-0.4459072947502136,1,3.5291595458984375,1,-0.5281682544284396,-0.43252503871917725,1,3.4167633056640625
17523.617,2,1,1,stimulusMovement,1,-0.7197861141628689,-0.5133213996887207,1,3.6261444091796875,1,-0.5480261378818088,-0.44399702548980713,1,3.4383544921875
17540.283,2,1,1,stimulusMovement,1,-0.7615898317760891,-0.4390564560890198,1,3.48468017578125,1,-0.5551133685641818,-0.43257594108581543,1,3.462158203125
17556.951,2,1,1,stimulusMovement,1,-0.7809553609953985,-0.423916220664978,1,3.464630126953125,1,-0.5385999944474962,-0.42549586296081543,1,3.5151824951171875
17573.618,2,1,1,stimulusMovement,1,-0.7229439549975925,-0.5155857801437378,1,3.6575469970703125,1,-0.5350703398386637,-0.430011510848999,1,3.5466766357421875
17590.284,2,1,1,stimulusMovement,1,-0.7927311195267571,-0.4419172406196594,1,3.5564727783203125,1,-0.5567290518018934,-0.42442870140075684,1,3.44061279296875
17606.951,2,1,1,stimulusMovement,1,-0.7645621829562717,-0.5064027309417725,1,3.5980682373046875,1,-0.5397963523864746,-0.42777806520462036,1,3.5284881591796875
17623.619,2,1,1,stimulusMovement,1,-0.8177383343378702,-0.4701775908470154,1,3.523712158203125,1,-0.5343256791432698,-0.4277961254119873,1,3.5363922119140625
17640.285,2,1,1,stimulusMovement,1,-0.8135973546240064,-0.4930710196495056,1,3.50506591796875,1,-0.5395996305677626,-0.45541584491729736,1,3.5254058837890625
17656.952,2,1,1,stimulusMovement,1,-0.7914481030570135,-0.4729054570198059,1,3.5996246337890625,1,-0.5346452924940321,-0.43916189670562744,1,3.55950927734375
17673.619,2,1,1,stimulusMovement,1,-0.6480079227023654,-0.4474062919616699,1,3.7213134765625,1,-0.5437181260850694,-0.46857744455337524,1,3.6538848876953125
17690.286,2,1,1,stimulusMovement,1,-0.6669316291809082,-0.46116191148757935,1,3.9139862060546875,1,-0.5721085336473253,-0.4567551612854004,1,3.5939788818359375
17706.953,2,1,1,stimulusMovement,1,-0.8569860491487714,-0.481603741645813,1,3.63958740234375,1,-0.467723184161716,-0.45493900775909424,1,3.638092041015625
17723.62,2,1,1,stimulusMovement,1,-0.8478007316589355,-0.43463677167892456,1,3.6375885009765625,1,-0.5324775377909342,-0.43198060989379883,1,3.603607177734375
17740.286,2,1,1,stimulusMovement,1,-0.7508827845255533,-0.47321343421936035,1,3.6729736328125,1,-0.5305505328708224,-0.4574165344238281,1,3.5882415771484375
17756.953,2,1,1,stimulusMovement,1,-0.7804888354407415,-0.4571859836578369,1,3.69171142578125,1,-0.5483711030748155,-0.4198669195175171,1,3.5303802490234375
17773.62,2,1,1,stimulusMovement,1,-0.7649158239364624,-0.47258901596069336,1,3.6844940185546875,1,-0.5544542206658257,-0.4417954683303833,1,3.5970916748046875
17790.287,2,1,1,stimulusMovement,1,-0.7784552640385097,-0.4610556364059448,1,3.7032623291015625,1,-0.510196050008138,-0.4421752691268921,1,3.6316680908203125
17806.954,2,1,1,stimulusMovement,1,-0.7710231807496812,-0.45835089683532715,1,3.668701171875,1,-0.5475191010369195,-0.4401584267616272,1,3.6064300537109375
17823.621,2,1,1,stimulusMovement,1,-0.7326094971762763,-0.47615599632263184,1,3.618804931640625,1,-0.5855010350545247,-0.40588366985321045,1,3.6124267578125
17840.287,2,1,1,stimulusMovement,1,-0.7229449351628621,-0.46904414892196655,1,3.6701507568359375,1,-0.5206617249382867,-0.44652771949768066,1,3.576934814453125
17856.955,2,1,1,stimulusMovement,1,-0.7064247131347656,-0.48854386806488037,1,3.7317047119140625,1,-0.5247747633192275,-0.44669485092163086,1,3.5552978515625
17873.622,2,1,1,stimulusMovement,1,-0.7432055870691935,-0.4566035866737366,1,3.6756134033203125,1,-0.5434293217129177,-0.43148428201675415,1,3.5686798095703125
17890.288,2,1,1,stimulusMovement,1,-0.7809825870725843,-0.4885469079017639,1,3.60943603515625,1,-0.5160125626458062,-0.4466826915740967,1,3.608367919921875
17906.955,2,1,1,stimulusMovement,1,-0.8115218149291143,-0.4717167615890503,1,3.5860443115234375,1,-0.5209727817111545,-0.4366794228553772,1,3.6024169921875
17923.622,2,1,1,stimulusMovement,1,-0.6786262856589423,-0.5336867570877075,1,3.6651611328125,1,-0.5345957544114854,-0.42330145835876465,1,3.5339813232421875
17940.288,2,1,1,stimulusMovement,1,-0.712058318985833,-0.4739922285079956,1,3.5713043212890625,1,-0.5384889973534478,-0.45017009973526,1,3.608612060546875
17956.956,2,1,1,stimulusMovement,1,-0.6905396646923488,-0.43613553047180176,1,3.657806396484375,1,-0.5265230337778727,-0.42822396755218506,1,3.5130767822265625
17973.623,2,1,1,stimulusMovement,1,-0.664873096677992,-0.5149041414260864,1,3.783538818359375,1,-0.5242464012569851,-0.45351022481918335,1,3.506622314453125
17990.289,2,1,1,stimulusMovement,1,-0.8102047642072041,-0.451002836227417,1,3.5826568603515625,1,-0.5707240634494357,-0.44844353199005127,1,3.539581298828125
18006.956,2,1,1,fixation,1,-0.77097041077084,-0.4670754075050354,1,3.6002655029296875,1,-0.5472727351718478,-0.4428696632385254,1,3.5091400146484375
18023.623,2,1,1,fixation,1,-0.7780980534023708,-0.5081223249435425,1,3.5737457275390625,1,-0.5465775595770942,-0.4601266384124756,1,3.4608612060546875
18040.29,2,1,1,fixation,1,-0.7658340666029188,-0.48713213205337524,1,3.470977783203125,1,-0.537635087966919,-0.4338657855987549,1,3.4770660400390625
18056.957,2,1,1,fixation,0,nan,nan,0,nan,0,nan,nan,0,nan
18073.624,2,1,1,fixation,0,nan,nan,0,nan,0,nan,nan,0,nan
18090.291,2,1,1,fixation,1,-0.7956183552742004,-0.48489171266555786,1,3.46197509765625,1,-0.5785183906555176,-0.45105862617492676,1,3.4410552978515625
18106.958,2,1,1,fixation,0,nan,nan,0,nan,0,nan,nan,0,nan
18123.625,2,1,1,fixation,0,nan,nan,0,nan,0,nan,nan,0,nan
18140.292,2,1,1,fixation,1,-0.7417508893542819,-0.5123531818389893,1,3.488983154296875,1,-0.5045639673868815,-0.45271921157836914,1,3.4112396240234375
18156.958,2,1,1,fixation,0,nan,nan,0,nan,0,nan,nan,0,nan
18173.626,2,1,1,fixation,0,nan,nan,0,nan,0,nan,nan,0,nan
18190.293,2,1,1,fixation,1,-0.6901016897625393,-0.4963199496269226,1,3.4578704833984375,1,-0.5330116483900282,-0.4497021436691284,1,3.32867431640625
18206.959,2,1,1,fixation,0,nan,nan,0,nan,0,nan,nan,0,nan
18223.626,2,1,1,fixation,0,nan,nan,0,nan,0,nan,nan,0,nan
18240.293,2,1,1,fixation,1,-0.744411653942532,-0.5150848627090454,1,3.456573486328125,1,-0.4942479928334554,-0.48553013801574707,1,3.31646728515625
18256.959,2,1,1,fixation,0,nan,nan,0,nan,0,nan,nan,0,nan
18273.627,2,1,1,fixation,0,nan,nan,0,nan,0,nan,nan,0,nan
18290.294,2,1,1,fixation,1,-0.7808237605624728,-0.49221301078796387,1,3.387420654296875,1,-0.517793787850274,-0.45017755031585693,1,3.3040771484375
18306.96,2,1,1,fixation,0,nan,nan,0,nan,0,nan,nan,0,nan
18323.627,2,1,1,fixation,0,nan,nan,0,nan,0,nan,nan,0,nan
18340.294,2,1,1,fixation,1,-0.8191382355160183,-0.5345731973648071,1,3.2551422119140625,1,-0.5323772960238986,-0.44720304012298584,1,3.2667236328125
18356.96,2,1,1,fixation,0,nan,nan,0,nan,0,nan,nan,0,nan
18373.628,2,1,1,fixation,0,nan,nan,0,nan,0,nan,nan,0,nan
18390.295,2,1,1,fixation,1,-0.8299009866184658,-0.4648854732513428,1,3.3214569091796875,1,-0.5063071780734592,-0.4657400846481323,1,3.2543182373046875
18406.961,2,1,1,fixation,0,nan,nan,0,nan,0,nan,nan,0,nan
18423.629,2,1,1,fixation,0,nan,nan,0,nan,0,nan,nan,0,nan
18440.296,2,1,1,fixation,1,-0.7193885644276936,-0.479494571685791,1,3.2817840576171875,1,-0.5176748699612087,-0.45370954275131226,1,3.274169921875
18456.962,2,1,1,fixation,0,nan,nan,0,nan,0,nan,nan,0,nan
18473.629,2,1,1,fixation,0,nan,nan,0,nan,0,nan,nan,0,nan
18490.296,2,1,1,fixation,1,-0.8650824427604675,-0.4498281478881836,1,3.17864990234375,1,-0.5758840507931179,-0.4542713165283203,1,3.258453369140625
18506.963,2,1,1,fixation,0,nan,nan,0,nan,0,nan,nan,0,nan
18523.63,2,1,1,fixation,0,nan,nan,0,nan,0,nan,nan,0,nan
18540.297,2,1,1,fixation,1,-0.7843711111280652,-0.4779052734375,1,3.2986602783203125,1,-0.5345484680599636,-0.4648934602737427,1,3.2069091796875
18556.963,2,1,1,fixation,0,nan,nan,0,nan,0,nan,nan,0,nan
18573.63,2,1,1,fixation,0,nan,nan,0,nan,0,nan,nan,0,nan
18590.298,2,1,1,fixation,1,-0.8241314490636189,-0.4893777370452881,1,3.1841583251953125,1,-0.5196040471394856,-0.4629276990890503,1,3.270263671875
18606.964,2,1,1,fixation,0,nan,nan,0,nan,0,nan,nan,0,nan
18623.631,2,1,1,fixation,0,nan,nan,0,nan,0,nan,nan,0,nan
18640.298,2,1,1,fixation,1,-0.7644579410552979,-0.47848057746887207,1,3.3163299560546875,1,-0.5757427215576172,-0.43424081802368164,1,3.2269134521484375
18656.964,2,1,1,fixation,0,nan,nan,0,nan,0,nan,nan,0,nan
18673.631,2,1,1,fixation,0,nan,nan,0,nan,0,nan,nan,0,nan
18690.299,2,1,1,fixation,1,-0.7948782046635945,-0.45954108238220215,1,3.3553314208984375,1,-0.5360381338331435,-0.45713794231414795,1,3.21282958984375
18706.965,2,1,1,fixation,0,nan,nan,0,nan,0,nan,nan,0,nan
18723.632,2,1,1,fixation,0,nan,nan,0,nan,0,nan,nan,0,nan
18740.299,2,1,1,fixation,1,-0.7467094394895765,-0.5185949802398682,1,3.355224609375,1,-0.5276479985978868,-0.44113969802856445,1,3.2883453369140625
18756.966,2,1,1,fixation,0,nan,nan,0,nan,0,nan,nan,0,nan
18773.633,2,1,1,fixation,0,nan,nan,0,nan,0,nan,nan,0,nan
18790.3,2,1,1,fixation,1,-0.7531369262271457,-0.4978780746459961,1,3.379364013671875,1,-0.5732512738969591,-0.4377322196960449,1,3.26715087890625
18806.966,2,1,1,fixation,0,nan,nan,0,nan,0,nan,nan,0,nan
18823.634,2,1,1,fixation,0,nan,nan,0,nan,0,nan,nan,0,nan
18840.301,2,1,1,fixation,1,-0.7315755552715725,-0.5083824396133423,1,3.3707275390625,1,-0.5106292565663655,-0.4661695957183838,1,3.32928466796875
18856.967,2,1,1,fixation,0,nan,nan,0,nan,0,nan,nan,0,nan
18873.634,2,1,1,fixation,0,nan,nan,0,nan,0,nan,nan,0,nan
18890.301,2,1,1,fixation,1,-0.8199445009231567,-0.47249358892440796,1,3.33502197265625,1,-0.569179270002577,-0.4792156219482422,1,3.3577423095703125
18906.968,2,1,1,fixation,0,nan,nan,0,nan,0,nan,nan,0,nan
18923.635,2,1,1,fixation,0,nan,nan,0,nan,0,nan,nan,0,nan
18940.302,2,1,1,fixation,1,-0.8176674511697557,-0.49154454469680786,1,3.4178924560546875,1,-0.5436306794484456,-0.4334307909011841,1,3.3280181884765625
18956.968,2,1,1,fixation,0,nan,nan,0,nan,0,nan,nan,0,nan
18973.636,2,1,1,fixation,0,nan,nan,0,nan,0,nan,nan,0,nan
18990.303,2,1,1,fixation,1,-0.8304735090997484,-0.45866888761520386,1,3.3585357666015625,1,-0.5783021979861789,-0.4402366876602173,1,3.362060546875
19006.969,2,1,1,fixation,0,nan,nan,0,nan,0,nan,nan,0,nan
19023.636,2,1,1,fixation,0,nan,nan,0,nan,0,nan,nan,0,nan
19040.303,2,1,1,fixation,1,-0.797073311275906,-0.46756231784820557,1,3.413116455078125,1,-0.5354663530985514,-0.4113506078720093,1,3.414215087890625
19056.969,2,1,1,fixation,0,nan,nan,0,nan,0,nan,nan,0,nan
19073.637,2,1,1,fixation,0,nan,nan,0,nan,0,nan,nan,0,nan
19090.304,2,1,1,fixation,1,-0.5420330895317925,-0.42455363273620605,1,3.5727386474609375,1,-0.16507286495632595,-0.5679303407669067,1,3.866668701171875
19106.971,2,1,1,fixation,0,nan,nan,0,nan,0,nan,nan,0,nan
19123.638,2,1,1,fixation,0,nan,nan,0,nan,0,nan,nan,0,nan
19140.305,2,1,1,fixation,0,nan,nan,0,nan,0,nan,nan,0,nan
19156.971,2,1,1,fixation,0,nan,nan,0,nan,0,nan,nan,0,nan
19173.638,2,1,1,fixation,0,nan,nan,0,nan,0,nan,nan,0,nan
19190.305,2,1,1,fixation,0,nan,nan,0,nan,0,nan,nan,0,nan
19206.971,2,1,1,fixation,0,nan,nan,0,nan,0,nan,nan,0,nan
19223.638,2,1,1,fixation,0,nan,nan,0,nan,0,nan,nan,0,nan
19240.306,2,1,1,fixation,0,nan,nan,0,nan,1,0.43705187903510195,-0.37006866931915283,1,3.5919647216796875
19256.973,2,1,1,fixation,0,nan,nan,0,nan,0,nan,nan,0,nan
19273.64,2,1,1,fixation,0,nan,nan,0,nan,0,nan,nan,0,nan
19290.307,2,1,1,fixation,0,nan,nan,0,nan,1,0.4236445956759982,-0.4286489486694336,1,3.56256103515625
19306.973,2,1,1,fixation,0,nan,nan,0,nan,0,nan,nan,0,nan
19323.64,2,1,1,fixation,0,nan,nan,0,nan,0,nan,nan,0,nan
19340.307,2,1,1,fixation,1,-0.10786814159817165,-0.5196375846862793,1,3.9451751708984375,1,0.4262589348687066,-0.409166157245636,1,3.5646209716796875
19356.973,2,1,1,fixation,0,nan,nan,0,nan,0,nan,nan,0,nan
19373.641,2,1,1,fixation,0,nan,nan,0,nan,0,nan,nan,0,nan
19390.309,2,1,1,fixation,0,nan,nan,0,nan,1,0.4319287406073676,-0.3798692226409912,1,3.595733642578125
19406.975,2,1,1,fixation,0,nan,nan,0,nan,0,nan,nan,0,nan
19423.642,2,1,1,fixation,0,nan,nan,0,nan,0,nan,nan,0,nan
19440.309,2,1,1,fixation,0,nan,nan,0,nan,1,0.4409446716308594,-0.37135159969329834,1,3.5536346435546875
19456.975,2,1,1,fixation,0,nan,nan,0,nan,0,nan,nan,0,nan
19473.642,2,1,1,fixation,0,nan,nan,0,nan,0,nan,nan,0,nan
19490.309,2,1,1,fixation,1,-0.02172957526312934,-0.5113475322723389,1,3.8159332275390625,1,0.453266249762641,-0.4336356520652771,1,3.55126953125
19506.976,2,1,1,fixation,0,nan,nan,0,nan,0,nan,nan,0,nan
19523.643,2,1,1,fixation,0,nan,nan,0,nan,0,nan,nan,0,nan
19540.31,2,1,1,fixation,0,nan,nan,0,nan,1,0.3810110092163086,-0.6259344816207886,1,3.4689788818359375
19556.977,2,1,1,fixation,0,nan,nan,0,nan,0,nan,nan,0,nan
19573.644,2,1,1,fixation,0,nan,nan,0,nan,0,nan,nan,0,nan
19590.311,2,1,1,fixation,0,nan,nan,0,nan,1,0.46216593848334414,-0.5884125232696533,1,3.3544921875
19606.977,2,1,1,fixation,0,nan,nan,0,nan,0,nan,nan,0,nan
19623.644,2,1,1,fixation,0,nan,nan,0,nan,0,nan,nan,0,nan
19640.312,2,1,1,fixation,0,nan,nan,0,nan,0,nan,nan,0,nan
19656.978,2,1,1,fixation,0,nan,nan,0,nan,0,nan,nan,0,nan
19673.645,2,1,1,fixation,0,nan,nan,0,nan,0,nan,nan,0,nan
19690.312,2,1,1,fixation,0,nan,nan,0,nan,1,0.44000244140625,-0.5618009567260742,1,3.3525238037109375
19706.979,2,1,1,fixation,0,nan,nan,0,nan,0,nan,nan,0,nan
19723.646,2,1,1,fixation,0,nan,nan,0,nan,0,nan,nan,0,nan
19740.313,2,1,1,fixation,0,nan,nan,0,nan,1,0.4523020850287543,-0.5924409627914429,1,3.3238525390625
19756.979,2,1,1,fixation,0,nan,nan,0,nan,0,nan,nan,0,nan
19773.647,2,1,1,fixation,0,nan,nan,0,nan,0,nan,nan,0,nan
19790.314,2,1,1,fixation,0,nan,nan,0,nan,1,0.4682172139485677,-0.5703698396682739,1,3.3502044677734375
19806.98,2,1,1,fixation,0,nan,nan,0,nan,0,nan,nan,0,nan
19823.647,2,1,1,fixation,0,nan,nan,0,nan,0,nan,nan,0,nan
19840.314,2,1,1,fixation,0,nan,nan,0,nan,1,0.452050420973036,-0.5930924415588379,1,3.3076324462890625
19856.98,2,1,1,fixation,0,nan,nan,0,nan,0,nan,nan,0,nan
19873.648,2,1,1,fixation,0,nan,nan,0,nan,0,nan,nan,0,nan
19890.316,2,1,1,fixation,0,nan,nan,0,nan,1,0.39092572530110675,-0.6103518009185791,1,3.352935791015625
19906.982,2,1,1,fixation,0,nan,nan,0,nan,0,nan,nan,0,nan
19923.649,2,1,1,fixation,0,nan,nan,0,nan,0,nan,nan,0,nan
19940.316,2,1,1,fixation,0,nan,nan,0,nan,1,0.4277269575330946,-0.5753111839294434,1,3.426544189453125
19956.982,2,1,1,fixation,0,nan,nan,0,nan,0,nan,nan,0,nan
19973.649,2,1,1,fixation,0,nan,nan,0,nan,0,nan,nan,0,nan
19990.316,2,1,1,fixation,0,nan,nan,0,nan,1,0.44147279527452254,-0.6023637056350708,1,3.4461822509765625
20006.982,2,1,1,fixation,0,nan,nan,0,nan,0,nan,nan,0,nan
20023.65,2,1,1,fixation,0,nan,nan,0,nan,0,nan,nan,0,nan
20040.318,2,1,1,fixation,0,nan,nan,0,nan,1,0.43419096204969615,-0.5667397975921631,1,3.526947021484375
20056.984,2,1,1,fixation,0,nan,nan,0,nan,0,nan,nan,0,nan
20073.651,2,1,1,fixation,0,nan,nan,0,nan,0,nan,nan,0,nan
20090.318,2,1,1,fixation,1,-0.632224162419637,-0.5499807596206665,1,3.6266021728515625,1,-0.3942888047960069,-0.501905083656311,1,3.519500732421875
20106.984,2,1,1,fixation,0,nan,nan,0,nan,0,nan,nan,0,nan
20123.651,2,1,1,fixation,0,nan,nan,0,nan,0,nan,nan,0,nan
20140.319,2,1,1,fixation,1,-0.7810814844237433,-0.5032660961151123,1,3.51824951171875,1,-0.4645435015360514,-0.4787163734436035,1,3.567596435546875
20156.985,2,1,1,fixation,0,nan,nan,0,nan,0,nan,nan,0,nan
20173.652,2,1,1,fixation,0,nan,nan,0,nan,0,nan,nan,0,nan
20190.32,2,1,1,fixation,1,-0.8089739282925923,-0.5101180076599121,1,3.4892578125,1,-0.4371234575907389,-0.49640464782714844,1,3.608306884765625
20206.986,2,1,1,fixation,0,nan,nan,0,nan,0,nan,nan,0,nan
20223.653,2,1,1,fixation,0,nan,nan,0,nan,0,nan,nan,0,nan
20240.32,2,1,1,fixation,1,-0.751831571261088,-0.5159580707550049,1,3.5199737548828125,1,-0.4934542444017198,-0.4857137203216553,1,3.5569610595703125
20256.987,2,1,1,fixation,0,nan,nan,0,nan,0,nan,nan,0,nan
20273.654,2,1,1,fixation,0,nan,nan,0,nan,0,nan,nan,0,nan
20290.321,2,1,1,fixation,1,-0.7715883122550117,-0.516834020614624,1,3.63128662109375,1,-0.4968956841362847,-0.4761315584182739,1,3.5259857177734375
20306.987,2,1,1,fixation,0,nan,nan,0,nan,0,nan,nan,0,nan
20323.654,2,1,1,fixation,0,nan,nan,0,nan,0,nan,nan,0,nan
20340.321,2,1,1,fixation,1,-0.847620407740275,-0.4725438356399536,1,3.5283966064453125,1,-0.5117741690741645,-0.44943779706954956,1,3.588043212890625
20356.988,2,1,1,fixation,0,nan,nan,0,nan,0,nan,nan,0,nan
20373.655,2,1,1,fixation,0,nan,nan,0,nan,0,nan,nan,0,nan
20390.322,2,1,1,fixation,1,-0.760444442431132,-0.45260727405548096,1,3.481658935546875,1,-0.557563993665907,-0.4350568652153015,1,3.5604248046875
20406.988,2,1,1,fixation,0,nan,nan,0,nan,0,nan,nan,0,nan
20423.655,2,1,1,fixation,0,nan,nan,0,nan,0,nan,nan,0,nan
20440.322,2,1,1,fixation,1,-0.7332886457443237,-0.525507926940918,1,3.5946502685546875,1,-0.5297727055019802,-0.43530404567718506,1,3.4579925537109375
20456.988,2,1,1,fixation,0,nan,nan,0,nan,0,nan,nan,0,nan
20473.655,2,1,1,fixation,0,nan,nan,0,nan,0,nan,nan,0,nan
20490.322,2,1,1,fixation,1,-0.7537923786375257,-0.5073953866958618,1,3.4954986572265625,1,-0.5487650765313042,-0.44798165559768677,1,3.4118499755859375
20506.988,2,1,1,fixation,0,nan,nan,0,nan,0,nan,nan,0,nan
20523.656,2,1,1,fixation,0,nan,nan,0,nan,0,nan,nan,0,nan
20540.323,2,1,1,fixation,1,-0.7680258353551228,-0.4984898567199707,1,3.48077392578125,1,-0.538409948348999,-0.4421476721763611,1,3.33935546875
20556.989,2,1,1,fixation,0,nan,nan,0,nan,0,nan,nan,0,nan
20573.656,2,1,1,fixation,0,nan,nan,0,nan,0,nan,nan,0,nan
20590.323,2,1,1,fixation,1,-0.7604528665542603,-0.5401298999786377,1,3.5174407958984375,1,-0.5136086146036783,-0.47693413496017456,1,3.3095550537109375
20606.989,2,1,1,fixation,0,nan,nan,0,nan,0,nan,nan,0,nan
20623.656,2,1,1,fixation,0,nan,nan,0,nan,0,nan,nan,0,nan
20640.323,2,1,1,fixation,1,-0.8259727292590671,-0.4793820381164551,1,3.424530029296875,1,-0.5827121204800075,-0.43545544147491455,1,3.300933837890625
20656.989,2,1,1,fixation,0,nan,nan,0,nan,0,nan,nan,0,nan
20673.657,2,1,1,fixation,0,nan,nan,0,nan,0,nan,nan,0,nan
20690.324,2,1,1,fixation,1,-0.7193113697899712,-0.5024579763412476,1,3.4737548828125,1,-0.5215253829956055,-0.4780622124671936,1,3.3849639892578125
20706.99,2,1,1,fixation,0,nan,nan,0,nan,0,nan,nan,0,nan
20723.657,2,1,1,fixation,0,nan,nan,0,nan,0,nan,nan,0,nan
20740.324,2,1,1,fixation,0,nan,nan,0,nan,1,-0.5209267404344347,-0.4518406391143799,1,3.3917694091796875
20756.99,2,1,1,fixation,0,nan,nan,0,nan,0,nan,nan,0,nan
20773.657,2,1,1,fixation,0,nan,nan,0,nan,0,nan,nan,0,nan
20790.324,2,1,1,fixation,1,-0.8046535783343844,-0.4723093509674072,1,3.509246826171875,1,-0.5184699164496528,-0.4182823896408081,1,3.337310791015625
20806.99,2,1,1,fixation,0,nan,nan,0,nan,0,nan,nan,0,nan
20823.657,2,1,1,fixation,0,nan,nan,0,nan,0,nan,nan,0,nan
20840.325,2,1,1,fixation,1,-0.8126088513268365,-0.44683825969696045,1,3.4091339111328125,1,-0.5237095355987549,-0.43198251724243164,1,3.3700103759765625
20856.991,2,1,1,fixation,0,nan,nan,0,nan,0,nan,nan,0,nan
20873.658,2,1,1,fixation,0,nan,nan,0,nan,0,nan,nan,0,nan
20890.325,2,1,1,fixation,1,-0.807437433136834,-0.48203909397125244,1,3.4891510009765625,1,-0.512617031733195,-0.4695948362350464,1,3.4497528076171875
20906.991,2,1,1,fixation,0,nan,nan,0,nan,0,nan,nan,0,nan
20923.658,2,1,1,fixation,0,nan,nan,0,nan,0,nan,nan,0,nan
20940.325,2,1,1,fixation,1,-0.8120045198334588,-0.4524264335632324,1,3.5005035400390625,1,-0.5478085411919488,-0.4535958766937256,1,3.3510284423828125
20956.991,2,1,1,fixation,0,nan,nan,0,nan,0,nan,nan,0,nan
20973.658,2,1,1,fixation,0,nan,nan,0,nan,0,nan,nan,0,nan
20990.325,2,1,1,fixation,1,-0.6370555294884576,-0.48204952478408813,1,3.67724609375,1,-0.5063826772901747,-0.4440944194793701,1,3.389556884765625
21006.992,2,1,1,fixation,0,nan,nan,0,nan,0,nan,nan,0,nan
21023.659,2,1,1,fixation,0,nan,nan,0,nan,0,nan,nan,0,nan
21040.326,2,1,1,fixation,1,-0.8671834667523701,-0.4822896718978882,1,3.3860931396484375,1,-0.5571103625827365,-0.4443451166152954,1,3.3802032470703125
21056.992,2,1,1,stimulusMovement,0,nan,nan,0,nan,0,nan,nan,0,nan
21073.659,2,1,1,stimulusMovement,0,nan,nan,0,nan,0,nan,nan,0,nan
21090.326,2,1,1,stimulusMovement,0,nan,nan,0,nan,1,-0.5162958568996853,-0.45405375957489014,1,3.4125518798828125
21106.992,2,1,1,stimulusMovement,1,-0.6151751147376167,-0.4902822971343994,1,3.448028564453125,1,-0.21425490909152559,-0.531926155090332,1,3.5946807861328125
21123.659,2,1,1,stimulusMovement,1,-0.44446889559427893,-0.5279368162155151,1,3.3720550537109375,0,nan,nan,0,nan
21140.325,2,1,1,stimulusMovement,0,nan,nan,0,nan,1,0.37633811102973086,-0.6204241514205933,1,3.4750823974609375
21156.993,2,1,1,stimulusMovement,0,nan,nan,0,nan,1,0.43665801154242617,-0.5751248598098755,1,3.4427947998046875
21173.66,2,1,1,stimulusMovement,0,nan,nan,0,nan,1,0.4592781066894531,-0.5796060562133789,1,3.40185546875
21190.326,2,1,1,stimulusMovement,0,nan,nan,0,nan,1,0.47831768459743923,-0.546149492263794,1,3.3778076171875
21206.993,2,1,1,stimulusMovement,0,nan,nan,0,nan,1,0.487227545844184,-0.5799250602722168,1,3.34747314453125
21223.66,2,1,1,stimulusMovement,0,nan,nan,0,nan,1,0.44840092129177517,-0.5898134708404541,1,3.4207305908203125
21240.326,2,1,1,stimulusMovement,0,nan,nan,0,nan,1,0.468473646375868,-0.5684291124343872,1,3.384185791015625
21256.993,2,1,1,stimulusMovement,0,nan,nan,0,nan,1,0.46217091878255206,-0.5863237380981445,1,3.44122314453125
21273.66,2,1,1,stimulusMovement,0,nan,nan,0,nan,1,0.4389408959282769,-0.5646382570266724,1,3.3904876708984375
21290.326,2,1,1,stimulusMovement,0,nan,nan,0,nan,1,0.45967727237277556,-0.574376106262207,1,3.4696044921875
21306.993,2,1,1,stimulusMovement,0,nan,nan,0,nan,1,0.42038981119791663,-0.5930595397949219,1,3.4978179931640625
21323.661,2,1,1,stimulusMovement,0,nan,nan,0,nan,1,0.4496579700046115,-0.588714599609375,1,3.459197998046875
21340.327,2,1,1,stimulusMovement,0,nan,nan,0,nan,1,0.44937472873263884,-0.585921049118042,1,3.4123077392578125
21356.994,2,1,1,stimulusMovement,0,nan,nan,0,nan,1,0.43025080362955725,-0.5601942539215088,1,3.416900634765625
21373.661,2,1,1,stimulusMovement,0,nan,nan,0,nan,1,0.46289677090115017,-0.5677164793014526,1,3.43505859375
21390.327,2,1,1,stimulusMovement,0,nan,nan,0,nan,1,0.4542931450737847,-0.5500285625457764,1,3.40966796875
21406.994,2,1,1,stimulusMovement,0,nan,nan,0,nan,1,0.4709093305799696,-0.6127883195877075,1,3.4697265625
21423.661,2,1,1,stimulusMovement,0,nan,nan,0,nan,1,0.4542965359157986,-0.5582455396652222,1,3.4396209716796875
21440.327,2,1,1,stimulusMovement,0,nan,nan,0,nan,1,0.45143604278564453,-0.5786610841751099,1,3.4742279052734375
21456.994,2,1,1,stimulusMovement,0,nan,nan,0,nan,1,0.4439934624565972,-0.5838525295257568,1,3.421630859375
21473.662,2,1,1,stimulusMovement,0,nan,nan,0,nan,1,0.44580311245388454,-0.589806318283081,1,3.4323883056640625
21490.328,2,1,1,stimulusMovement,0,nan,nan,0,nan,1,0.4581103854709201,-0.5810095071792603,1,3.4034881591796875
21506.995,2,1,1,stimulusMovement,0,nan,nan,0,nan,1,0.43256187438964844,-0.6114019155502319,1,3.417572021484375
21523.662,2,1,1,stimulusMovement,0,nan,nan,0,nan,1,0.3905652364095052,-0.5976263284683228,1,3.4623565673828125
21540.328,2,1,1,stimulusMovement,0,nan,nan,0,nan,1,0.4693111843532986,-0.55159592628479,1,3.4030609130859375
21556.995,2,1,1,stimulusMovement,0,nan,nan,0,nan,1,0.3985736634996202,-0.5795586109161377,1,3.4498291015625
21573.662,2,1,1,stimulusMovement,0,nan,nan,0,nan,1,0.4293768141004774,-0.5688462257385254,1,3.4200897216796875
21590.328,2,1,1,stimulusMovement,0,nan,nan,0,nan,1,0.4582850138346354,-0.5869004726409912,1,3.5154571533203125
21606.995,2,1,1,stimulusMovement,0,nan,nan,0,nan,1,0.44371340009901256,-0.5999206304550171,1,3.3966064453125
21623.662,2,1,1,stimulusMovement,0,nan,nan,0,nan,1,0.44415866004096133,-0.5551083087921143,1,3.389007568359375
21640.329,2,1,1,stimulusMovement,0,nan,nan,0,nan,1,0.4019959767659505,-0.5680031776428223,1,3.5003509521484375
21656.996,2,1,1,stimulusMovement,0,nan,nan,0,nan,1,0.41728761461046004,-0.5870826244354248,1,3.4767303466796875
21673.663,2,1,1,stimulusMovement,0,nan,nan,0,nan,1,0.4223430421617296,-0.58955979347229,1,3.47357177734375
21690.329,2,1,1,stimulusMovement,0,nan,nan,0,nan,1,0.4428062438964844,-0.6059691905975342,1,3.4919891357421875
21706.996,2,1,1,stimulusMovement,0,nan,nan,0,nan,1,0.41202184889051646,-0.5816428661346436,1,3.4479217529296875
21723.663,2,1,1,stimulusMovement,0,nan,nan,0,nan,1,0.3920675913492838,-0.5609638690948486,1,3.47369384765625
21740.329,2,1,1,stimulusMovement,0,nan,nan,0,nan,1,0.4296044243706597,-0.5894956588745117,1,3.4434661865234375
21756.996,2,1,1,stimulusMovement,0,nan,nan,0,nan,1,0.4489572313096788,-0.5738699436187744,1,3.5286712646484375
21773.663,2,1,1,stimulusMovement,0,nan,nan,0,nan,1,0.44623523288302946,-0.5829955339431763,1,3.4654083251953125
21790.329,2,1,1,stimulusMovement,0,nan,nan,0,nan,1,0.45695103539360893,-0.5912802219390869,1,3.5251312255859375
21806.997,2,1,1,stimulusMovement,0,nan,nan,0,nan,1,0.42069350348578555,-0.5921447277069092,1,3.553466796875
21823.664,2,1,1,stimulusMovement,0,nan,nan,0,nan,1,0.4283595614963107,-0.5751199722290039,1,3.529022216796875
21840.33,2,1,1,stimulusMovement,0,nan,nan,0,nan,1,0.4497582117716471,-0.5874100923538208,1,3.497161865234375
21856.997,2,1,1,stimulusMovement,0,nan,nan,0,nan,1,0.43874804178873694,-0.5838477611541748,1,3.55914306640625
21873.664,2,1,1,stimulusMovement,0,nan,nan,0,nan,1,0.4451107449001736,-0.5868909358978271,1,3.5280609130859375
21890.33,2,1,1,stimulusMovement,0,nan,nan,0,nan,1,0.44224198659261066,-0.5711686611175537,1,3.5135040283203125
21906.997,2,1,1,stimulusMovement,0,nan,nan,0,nan,1,0.40458891126844615,-0.5813690423965454,1,3.5147705078125
21923.664,2,1,1,stimulusMovement,0,nan,nan,0,nan,1,0.42303805881076384,-0.5780347585678101,1,3.5884857177734375
21940.33,2,1,1,stimulusMovement,0,nan,nan,0,nan,1,0.4116848839653863,-0.6136128902435303,1,3.66876220703125
21956.998,2,1,1,stimulusMovement,0,nan,nan,0,nan,1,0.4314246707492404,-0.5886673927307129,1,3.5865020751953125
21973.665,2,1,1,stimulusMovement,0,nan,nan,0,nan,1,0.3999220530192057,-0.5754969120025635,1,3.597137451171875
21990.331,2,1,1,stimulusMovement,0,nan,nan,0,nan,1,0.17923206753200954,-0.4973359704017639,1,3.5794830322265625
22006.998,2,1,1,stimulusMovement,0,nan,nan,0,nan,1,-0.3684937159220377,-0.46215391159057617,1,3.605255126953125
22023.665,2,1,1,stimulusMovement,0,nan,nan,0,nan,1,-0.4569063716464572,-0.43328750133514404,1,3.581268310546875
22040.331,2,1,1,stimulusMovement,0,nan,nan,0,nan,1,-0.5536605517069498,-0.4190879464149475,1,3.6727447509765625
22056.998,2,1,1,stimulusMovement,0,nan,nan,0,nan,1,-0.546707100338406,-0.39513105154037476,1,3.6037139892578125
22073.665,2,1,1,stimulusMovement,0,nan,nan,0,nan,1,-0.5759240256415473,-0.3885928988456726,1,3.5896759033203125
22090.331,2,1,1,stimulusMovement,0,nan,nan,0,nan,1,-0.5317292213439941,-0.39099109172821045,1,3.64166259765625
22106.998,2,1,1,stimulusMovement,0,nan,nan,0,nan,1,-0.5609683990478516,-0.40700507164001465,1,3.60369873046875
22123.666,2,1,1,stimulusMovement,0,nan,nan,0,nan,1,-0.5986368921067979,-0.3832855224609375,1,3.5720672607421875
22140.332,2,1,1,stimulusMovement,0,nan,nan,0,nan,1,-0.5683475070529513,-0.4085427522659302,1,3.6328125
22156.999,2,1,1,stimulusMovement,0,nan,nan,0,nan,1,-0.576920403374566,-0.3814074397087097,1,3.62042236328125
22173.666,2,1,1,stimulusMovement,0,nan,nan,0,nan,1,-0.5816445615556505,-0.39389753341674805,1,3.554473876953125
22190.332,2,1,1,stimulusMovement,0,nan,nan,0,nan,1,-0.5606232484181721,-0.39026933908462524,1,3.6394500732421875
22206.999,2,1,1,stimulusMovement,0,nan,nan,0,nan,1,-0.5547029972076416,-0.38214778900146484,1,3.6490631103515625
22223.666,2,1,1,stimulusMovement,0,nan,nan,0,nan,1,-0.5376740561591254,-0.3847160339355469,1,3.6684112548828125
22240.332,2,1,1,stimulusMovement,0,nan,nan,0,nan,1,-0.5195218457116021,-0.405566930770874,1,3.6598968505859375
22256.999,2,1,1,stimulusMovement,0,nan,nan,0,nan,1,-0.5333284536997477,-0.4168071150779724,1,3.619537353515625
22273.666,2,1,1,stimulusMovement,0,nan,nan,0,nan,1,-0.5452593167622883,-0.40659815073013306,1,3.65185546875
22290.333,2,1,1,stimulusMovement,0,nan,nan,0,nan,1,-0.5321599642435709,-0.40760689973831177,1,3.642364501953125
22307.0,2,1,1,stimulusMovement,0,nan,nan,0,nan,1,-0.5205893516540527,-0.4100838303565979,1,3.6556854248046875
22323.667,2,1,1,stimulusMovement,0,nan,nan,0,nan,1,-0.5172561009724934,-0.4607781171798706,1,3.70867919921875
22340.333,2,1,1,stimulusMovement,0,nan,nan,0,nan,1,-0.47200952635871035,-0.4320293664932251,1,3.5897369384765625
22357.0,2,1,1,stimulusMovement,0,nan,nan,0,nan,1,-0.5573769410451253,-0.4391380548477173,1,3.6025238037109375
22373.667,2,1,1,stimulusMovement,0,nan,nan,0,nan,1,-0.54813109503852,-0.42853641510009766,1,3.5848388671875
22390.333,2,1,1,stimulusMovement,0,nan,nan,0,nan,1,-0.5491329299079047,-0.4244816303253174,1,3.6177520751953125
22407.0,2,1,1,stimulusMovement,0,nan,nan,0,nan,1,-0.539286454518636,-0.424349308013916,1,3.595977783203125
22423.667,2,1,1,stimulusMovement,0,nan,nan,0,nan,1,-0.5141644477844238,-0.41291534900665283,1,3.576873779296875
22440.334,2,1,1,stimulusMovement,0,nan,nan,0,nan,1,-0.5741362041897243,-0.44378143548965454,1,3.5641326904296875
22457.001,2,1,1,stimulusMovement,0,nan,nan,0,nan,1,-0.5643931494818794,-0.44306111335754395,1,3.56787109375
22473.668,2,1,1,stimulusMovement,0,nan,nan,0,nan,1,-0.5097877184549967,-0.42404407262802124,1,3.63330078125
22490.334,2,1,1,stimulusMovement,0,nan,nan,0,nan,1,-0.5222219361199273,-0.4437209963798523,1,3.549652099609375
22507.001,2,1,1,stimulusMovement,0,nan,nan,0,nan,1,-0.5200374126434326,-0.4328157901763916,1,3.5552215576171875
22523.668,2,1,1,stimulusMovement,0,nan,nan,0,nan,1,-0.538819948832194,-0.44100749492645264,1,3.5623779296875
22540.334,2,1,1,stimulusMovement,0,nan,nan,0,nan,1,-0.5156501664055718,-0.4438544511795044,1,3.5709686279296875
22557.001,2,1,1,stimulusMovement,0,nan,nan,0,nan,1,-0.5300925837622749,-0.444271445274353,1,3.537841796875
22573.668,2,1,1,stimulusMovement,0,nan,nan,0,nan,1,-0.5300484498341878,-0.4248555302619934,1,3.558135986328125
22590.334,2,1,1,stimulusMovement,0,nan,nan,0,nan,1,-0.5423129929436578,-0.4278867840766907,1,3.5577239990234375
22607.002,2,1,1,stimulusMovement,0,nan,nan,0,nan,1,-0.5016750229729546,-0.46601927280426025,1,3.548187255859375
22623.669,2,1,1,stimulusMovement,0,nan,nan,0,nan,1,-0.5124801794687907,-0.44065892696380615,1,3.529022216796875
22640.335,2,1,1,stimulusMovement,0,nan,nan,0,nan,1,-0.4973402288224962,-0.44755250215530396,1,3.558074951171875
22657.002,2,1,1,stimulusMovement,0,nan,nan,0,nan,1,-0.5138820277320014,-0.4582345485687256,1,3.462432861328125
22673.669,2,1,1,stimulusMovement,0,nan,nan,0,nan,1,-0.5059536298116047,-0.46174323558807373,1,3.4611663818359375
22690.335,2,1,1,stimulusMovement,0,nan,nan,0,nan,1,-0.5348194175296359,-0.4315260052680969,1,3.44024658203125
22707.002,2,1,1,stimulusMovement,0,nan,nan,0,nan,1,-0.5177151891920302,-0.4736158847808838,1,3.58782958984375
22723.669,2,1,1,stimulusMovement,0,nan,nan,0,nan,1,-0.5129991107516818,-0.45452916622161865,1,3.472869873046875
22740.335,2,1,1,stimulusMovement,0,nan,nan,0,nan,1,-0.5301697783999972,-0.42533332109451294,1,3.4190826416015625
22757.003,2,1,1,stimulusMovement,0,nan,nan,0,nan,1,-0.5569984118143717,-0.44473719596862793,1,3.4699554443359375
22773.67,2,1,1,stimulusMovement,0,nan,nan,0,nan,1,-0.5505090024736192,-0.4627509117126465,1,3.3969879150390625
22790.336,2,1,1,stimulusMovement,0,nan,nan,0,nan,1,-0.5656264887915717,-0.42688286304473877,1,3.373260498046875
22807.003,2,1,1,stimulusMovement,0,nan,nan,0,nan,0,nan,nan,0,nan
22823.67,2,1,1,stimulusMovement,0,nan,nan,0,nan,1,-0.5052893426683214,-0.4447133541107178,1,3.4508819580078125
22840.336,2,1,1,stimulusMovement,0,nan,nan,0,nan,1,-0.48931272824605304,-0.4140879511833191,1,3.32928466796875
22857.003,2,1,1,stimulusMovement,0,nan,nan,0,nan,1,-0.5168087482452393,-0.44904303550720215,1,3.496551513671875
22873.67,2,1,1,stimulusMovement,0,nan,nan,0,nan,1,-0.5353474352094862,-0.419944167137146,1,3.3553466796875
22890.336,2,1,1,stimulusMovement,0,nan,nan,0,nan,0,nan,nan,0,nan
22907.003,2,1,1,stimulusMovement,0,nan,nan,0,nan,1,-0.5294144948323567,-0.42327260971069336,1,3.430419921875
22923.671,2,1,1,stimulusMovement,0,nan,nan,0,nan,1,-0.4853373633490668,-0.4473285675048828,1,3.460479736328125
22940.337,2,1,1,stimulusMovement,0,nan,nan,0,nan,1,-0.4669583373599582,-0.4128565788269043,1,3.4522247314453125
22957.004,2,1,1,stimulusMovement,0,nan,nan,0,nan,1,-0.3864903979831272,-0.5388858318328857,1,3.75286865234375
22973.671,2,1,1,stimulusMovement,0,nan,nan,0,nan,1,-0.3571307924058702,-0.5307197570800781,1,3.84173583984375
22990.337,2,1,1,stimulusMovement,0,nan,nan,0,nan,0,nan,nan,0,nan
23007.004,2,1,1,stimulusMovement,0,nan,nan,0,nan,1,-0.30786874559190536,-0.49837422370910645,1,3.79296875
23023.671,2,1,1,stimulusMovement,0,nan,nan,0,nan,1,-0.3354770872328016,-0.4932452440261841,1,3.8045196533203125
23040.337,2,1,1,stimulusMovement,0,nan,nan,0,nan,1,-0.3271971808539496,-0.4851275682449341,1,3.8446807861328125
23057.004,2,1,1,stimulusMovement,0,nan,nan,0,nan,1,-0.2887753380669488,-0.5111171007156372,1,3.844573974609375
23073.671,2,1,1,stimulusMovement,0,nan,nan,0,nan,1,-0.2935348616706,-0.5283031463623047,1,3.951995849609375
23090.338,2,1,1,stimulusMovement,0,nan,nan,0,nan,1,-0.24182743496365017,-0.43007707595825195,1,3.7257232666015625
23107.005,2,1,1,stimulusMovement,0,nan,nan,0,nan,1,-0.2986165152655707,-0.47907131910324097,1,3.7984771728515625
23123.672,2,1,1,stimulusMovement,0,nan,nan,0,nan,1,-0.32650460137261283,-0.3118214011192322,1,3.501068115234375
23140.338,2,1,1,stimulusMovement,0,nan,nan,0,nan,1,-0.22392410702175564,-0.3898985981941223,1,3.6615753173828125
23157.005,2,1,1,stimulusMovement,0,nan,nan,0,nan,1,-0.21859455108642578,-0.329386830329895,1,3.542144775390625
23173.672,2,1,1,stimulusMovement,0,nan,nan,0,nan,1,-0.23808394538031682,-0.5087227821350098,1,3.89019775390625
23190.338,2,1,1,stimulusMovement,0,nan,nan,0,nan,1,-0.2606269518534342,-0.34870445728302,1,3.7037353515625
23207.005,2,1,1,stimulusMovement,0,nan,nan,0,nan,1,-0.13748009999593097,-0.2947409152984619,1,3.6352386474609375
23223.672,2,1,1,stimulusMovement,0,nan,nan,0,nan,0,nan,nan,0,nan
23240.339,2,1,1,stimulusMovement,0,nan,nan,0,nan,1,-0.10520405239529079,-0.32468181848526,1,3.7639007568359375
23257.006,2,1,1,stimulusMovement,0,nan,nan,0,nan,1,-0.07455794016520181,-0.35385453701019287,1,3.800933837890625
23273.673,2,1,1,stimulusMovement,0,nan,nan,0,nan,1,-0.02628464168972439,-0.19305741786956787,1,3.504119873046875
23290.339,2,1,1,stimulusMovement,0,nan,nan,0,nan,1,-0.017522811889648438,-0.42168039083480835,1,4.0084991455078125
23307.006,2,1,1,stimulusMovement,0,nan,nan,0,nan,1,0.1964890162150065,-0.21533828973770142,1,3.592529296875
23323.673,2,1,1,stimulusMovement,0,nan,nan,0,nan,1,0.10900137159559461,-0.2292039394378662,1,3.6013641357421875
23340.339,2,1,1,stimulusMovement,0,nan,nan,0,nan,1,0.13647068871392143,-0.24755966663360596,1,3.6804656982421875
23357.006,2,1,1,stimulusMovement,0,nan,nan,0,nan,1,0.1657027138604058,-0.24991947412490845,1,3.683441162109375
23373.673,2,1,1,stimulusMovement,0,nan,nan,0,nan,1,0.14223416646321613,-0.2819907069206238,1,3.7496490478515625
23390.339,2,1,1,stimulusMovement,0,nan,nan,0,nan,1,0.14220523834228516,-0.2130928635597229,1,3.52734375
23407.007,2,1,1,stimulusMovement,0,nan,nan,0,nan,1,0.1552918752034505,-0.31073224544525146,1,3.8522491455078125
23423.674,2,1,1,stimulusMovement,0,nan,nan,0,nan,1,0.17923588222927517,-0.23576843738555908,1,3.574127197265625
23440.34,2,1,1,stimulusMovement,0,nan,nan,0,nan,1,0.17016739315456814,-0.2519682049751282,1,3.6996002197265625
23457.007,2,1,1,stimulusMovement,0,nan,nan,0,nan,1,0.18183941311306423,-0.2252347469329834,1,3.7101593017578125
23473.674,2,1,1,stimulusMovement,0,nan,nan,0,nan,1,0.20094754960801864,-0.30541789531707764,1,3.7995147705078125
23490.34,2,1,1,stimulusMovement,0,nan,nan,0,nan,1,0.22620646158854166,-0.20532238483428955,1,3.599884033203125
23507.007,2,1,1,stimulusMovement,0,nan,nan,0,nan,1,0.2068235609266493,-0.2608029842376709,1,3.769989013671875
23523.674,2,1,1,stimulusMovement,0,nan,nan,0,nan,1,0.21811993916829425,-0.21848678588867188,1,3.6768341064453125
23540.34,2,1,1,stimulusMovement,0,nan,nan,0,nan,1,0.21319633060031465,-0.2090522050857544,1,3.648162841796875
23557.007,2,1,1,stimulusMovement,0,nan,nan,0,nan,1,0.3330554962158203,-0.22050213813781738,1,3.707855224609375
23573.675,2,1,1,stimulusMovement,0,nan,nan,0,nan,1,0.3492164611816406,-0.1406785249710083,1,3.4935455322265625
23590.341,2,1,1,stimulusMovement,0,nan,nan,0,nan,1,0.37996461656358504,-0.09700405597686768,1,3.4300994873046875
23607.008,2,1,1,stimulusMovement,0,nan,nan,0,nan,1,0.21377277374267578,-0.1517295241355896,1,3.5344085693359375
23623.675,2,1,1,stimulusMovement,0,nan,nan,0,nan,1,0.3493527306450738,-0.08736896514892578,1,3.408477783203125
23640.341,2,1,1,stimulusMovement,0,nan,nan,0,nan,1,0.3717135323418511,-0.04202675819396973,1,3.371612548828125
23657.008,2,1,1,stimulusMovement,0,nan,nan,0,nan,1,0.32609134250217015,-0.08897507190704346,1,3.419708251953125
23673.675,2,1,1,stimulusMovement,0,nan,nan,0,nan,1,0.3593049579196506,-0.010530829429626465,1,3.338409423828125
23690.341,2,1,1,stimulusMovement,0,nan,nan,0,nan,1,0.3896472718980577,-0.09730595350265503,1,3.5966949462890625
23707.008,2,1,1,stimulusMovement,0,nan,nan,0,nan,1,0.4107869466145833,-0.03367412090301514,1,3.455780029296875
23723.676,2,1,1,stimulusMovement,0,nan,nan,0,nan,1,0.3865983751085069,0.013516455888748169,1,3.3562774658203125
23740.342,2,1,1,stimulusMovement,0,nan,nan,0,nan,1,0.3250343534681532,-0.04245954751968384,1,3.541900634765625
23757.009,2,1,1,stimulusMovement,0,nan,nan,0,nan,1,0.3715686798095703,-0.07543867826461792,1,3.62774658203125
23773.676,2,1,1,stimulusMovement,0,nan,nan,0,nan,1,0.40224753485785586,-0.0018159151077270508,1,3.397918701171875
23790.342,2,1,1,stimulusMovement,0,nan,nan,0,nan,1,0.48573928409152556,-0.07451057434082031,1,3.553192138671875
23807.009,2,1,1,stimulusMovement,0,nan,nan,0,nan,1,0.42549154493543834,-0.2175227403640747,1,3.9251708984375
23823.676,2,1,1,stimulusMovement,0,nan,nan,0,nan,1,0.4897313647800021,-0.016496121883392334,1,3.5440521240234375
23840.342,2,1,1,stimulusMovement,0,nan,nan,0,nan,1,0.523626963297526,-0.053352952003479004,1,3.5238189697265625
23857.009,2,1,1,stimulusMovement,0,nan,nan,0,nan,1,0.5113121668497721,-0.008510708808898926,1,3.49163818359375
23873.676,2,1,1,stimulusMovement,0,nan,nan,0,nan,1,0.5229930877685547,0.07718533277511597,1,3.2397003173828125
23890.343,2,1,1,stimulusMovement,0,nan,nan,0,nan,1,0.5294521119859483,0.06248641014099121,1,3.345062255859375
23907.01,2,1,1,stimulusMovement,0,nan,nan,0,nan,1,0.5112002690633137,0.07156252861022949,1,3.375396728515625
23923.677,2,1,1,stimulusMovement,0,nan,nan,0,nan,1,0.5626905229356554,0.15019357204437256,1,3.20037841796875
23940.343,2,1,1,stimulusMovement,0,nan,nan,0,nan,1,0.5743378533257378,0.11452198028564453,1,3.320068359375
23957.01,2,1,1,stimulusMovement,0,nan,nan,0,nan,1,0.6062206692165798,0.1254311501979828,1,3.2486419677734375
23973.677,2,1,1,stimulusMovement,0,nan,nan,0,nan,1,0.5779217614067925,0.10737025737762451,1,3.321136474609375
23990.343,2,1,1,stimulusMovement,0,nan,nan,0,nan,1,0.5982917149861653,0.14623120427131653,1,3.3350372314453125
24007.01,2,1,1,stimulusMovement,0,nan,nan,0,nan,1,0.6048842536078559,0.17783161997795105,1,3.254852294921875
24023.677,2,1,1,stimulusMovement,0,nan,nan,0,nan,1,0.6384222242567273,0.1767364740371704,1,3.302886962890625
24040.343,2,1,1,stimulusMovement,0,nan,nan,0,nan,1,0.662557495964898,0.1693662405014038,1,3.3674774169921875
24057.011,2,1,1,stimulusMovement,0,nan,nan,0,nan,1,0.6731768714057075,0.1778339147567749,1,3.3216552734375
24073.678,2,1,1,stimulusMovement,0,nan,nan,0,nan,1,0.6907810635036892,0.17398828268051147,1,3.3526153564453125
24090.344,2,1,1,stimulusMovement,0,nan,nan,0,nan,1,0.7153205871582031,0.20336192846298218,1,3.2853851318359375
24107.011,2,1,1,stimulusMovement,0,nan,nan,0,nan,1,0.6936609480116102,0.19237959384918213,1,3.3160247802734375
24123.678,2,1,1,stimulusMovement,0,nan,nan,0,nan,1,0.7198838127983941,0.18813830614089966,1,3.35540771484375
24140.344,2,1,1,stimulusMovement,0,nan,nan,0,nan,1,0.7542665269639757,0.1493028998374939,1,3.446533203125
24157.011,2,1,1,stimulusMovement,0,nan,nan,0,nan,1,0.7419140073988172,0.21887797117233276,1,3.3830413818359375
24173.678,2,1,1,stimulusMovement,0,nan,nan,0,nan,1,0.7427634133232964,0.18808186054229736,1,3.3762969970703125
24190.344,2,1,1,stimulusMovement,0,nan,nan,0,nan,1,0.690280278523763,0.1695767641067505,1,3.4396820068359375
24207.012,2,1,1,stimulusMovement,0,nan,nan,0,nan,1,0.7680210537380642,0.1995968222618103,1,3.3938446044921875
24223.679,2,1,1,stimulusMovement,0,nan,nan,0,nan,1,0.7520812352498372,0.21930545568466187,1,3.3495635986328125
24240.345,2,1,1,stimulusMovement,0,nan,nan,0,nan,1,0.7785880830552843,0.24143218994140625,1,3.34869384765625
24257.012,2,1,1,stimulusMovement,0,nan,nan,0,nan,1,0.7986034817165798,0.24652725458145142,1,3.371063232421875
24273.679,2,1,1,stimulusMovement,0,nan,nan,0,nan,1,0.7747582329644097,0.24089530110359192,1,3.332244873046875
24290.345,2,1,1,stimulusMovement,0,nan,nan,0,nan,1,0.7846757041083441,0.26634837687015533,1,3.2842864990234375
24307.012,2,1,1,stimulusMovement,0,nan,nan,0,nan,1,0.7569355434841579,0.21513664722442627,1,3.3541259765625
24323.679,2,1,1,stimulusMovement,0,nan,nan,0,nan,1,0.8184835645887586,0.24257177114486694,1,3.3873748779296875
24340.345,2,1,1,stimulusMovement,0,nan,nan,0,nan,1,0.8166126675075954,0.2745654582977295,1,3.33013916015625
24357.012,2,1,1,stimulusMovement,0,nan,nan,0,nan,1,0.8595714569091797,0.2844406068325043,1,3.3324432373046875
24373.68,2,1,1,stimulusMovement,0,nan,nan,0,nan,1,0.8560834460788302,0.21815714240074158,1,3.4549407958984375
24390.346,2,1,1,stimulusMovement,0,nan,nan,0,nan,1,0.8525799645317925,0.2930767983198166,1,3.3355560302734375
24407.013,2,1,1,stimulusMovement,0,nan,nan,0,nan,1,0.8160472446017795,0.28785349428653717,1,3.399932861328125
24423.68,2,1,1,stimulusMovement,0,nan,nan,0,nan,1,0.8781984117296007,0.27151989936828613,1,3.358123779296875
24440.346,2,1,1,stimulusMovement,0,nan,nan,0,nan,1,0.8850667741563585,0.31384575366973877,1,3.4035491943359375
24457.013,2,1,1,stimulusMovement,0,nan,nan,0,nan,1,0.907354990641276,0.3519808351993561,1,3.2900238037109375
24473.68,2,1,1,stimulusMovement,0,nan,nan,0,nan,1,0.8350014156765407,0.29246656596660614,1,3.449127197265625
24490.346,2,1,1,stimulusMovement,0,nan,nan,0,nan,1,0.8958312140570746,0.30730150640010834,1,3.3760986328125
24507.013,2,1,1,stimulusMovement,0,nan,nan,0,nan,1,0.9439345465766058,0.3387615233659744,1,3.3427734375
24523.681,2,1,1,stimulusMovement,0,nan,nan,0,nan,1,0.8218997319539387,0.2945442795753479,1,3.3709564208984375
24540.347,2,1,1,stimulusMovement,0,nan,nan,0,nan,1,0.8805885314941406,0.3011145293712616,1,3.3902130126953125
24557.014,2,1,1,stimulusMovement,0,nan,nan,0,nan,1,0.9035197363959417,0.33522939682006836,1,3.3457489013671875
24573.681,2,1,1,stimulusMovement,0,nan,nan,0,nan,1,0.9073524475097656,0.3481159806251526,1,3.3248291015625
24590.347,2,1,1,stimulusMovement,0,nan,nan,0,nan,1,0.8963508605957031,0.30924785137176514,1,3.41802978515625
24607.014,2,1,1,stimulusMovement,0,nan,nan,0,nan,1,0.8742637634277344,0.3112255781888962,1,3.391021728515625
24623.681,2,1,1,stimulusMovement,0,nan,nan,0,nan,1,0.9020508660210503,0.3000808507204056,1,3.42364501953125
24640.347,2,1,1,stimulusMovement,0,nan,nan,0,nan,1,0.8972947862413194,0.28657910227775574,1,3.49981689453125
24657.014,2,1,1,stimulusMovement,0,nan,nan,0,nan,1,0.8836051093207464,0.295627236366272,1,3.4097137451171875
24673.681,2,1,1,stimulusMovement,0,nan,nan,0,nan,1,0.8755907482571071,0.35235467553138733,1,3.3371124267578125
24690.348,2,1,1,stimulusMovement,0,nan,nan,0,nan,1,0.8681602478027344,0.2741069346666336,1,3.4589996337890625
24707.015,2,1,1,stimulusMovement,0,nan,nan,0,nan,1,0.8904283311631944,0.34410902857780457,1,3.354888916015625
24723.682,2,1,1,stimulusMovement,0,nan,nan,0,nan,1,0.8579159842597113,0.2772955000400543,1,3.4681854248046875
24740.348,2,1,1,stimulusMovement,0,nan,nan,0,nan,1,0.877370728386773,0.28225576877593994,1,3.5047760009765625
24757.015,2,1,1,stimulusMovement,0,nan,nan,0,nan,1,0.8981077406141492,0.34916257858276367,1,3.322967529296875
24773.682,2,1,1,stimulusMovement,0,nan,nan,0,nan,1,0.8471850289238824,0.2709238827228546,1,3.428863525390625
24790.348,2,1,1,stimulusMovement,0,nan,nan,0,nan,1,0.8338544633653429,0.28984375298023224,1,3.4166717529296875
24807.015,2,1,1,stimulusMovement,0,nan,nan,0,nan,1,0.8938045501708984,0.30199503898620605,1,3.3879241943359375
24823.682,2,1,1,stimulusMovement,0,nan,nan,0,nan,1,0.8968929714626735,0.2955109179019928,1,3.3600311279296875
24840.348,2,1,1,stimulusMovement,0,nan,nan,0,nan,1,0.9091767205132378,0.2761165201663971,1,3.4070587158203125
24857.016,2,1,1,stimulusMovement,0,nan,nan,0,nan,1,0.9085379706488714,0.3477141857147217,1,3.2924957275390625
24873.683,2,1,1,stimulusMovement,0,nan,nan,0,nan,1,0.8901254865858289,0.32074618339538574,1,3.2820892333984375
24890.349,2,1,1,stimulusMovement,0,nan,nan,0,nan,1,0.8847603268093532,0.33300936222076416,1,3.2421722412109375
24907.016,2,1,1,stimulusMovement,0,nan,nan,0,nan,1,0.9530658721923828,0.23406654596328735,1,3.4500274658203125
24923.683,2,1,1,stimulusMovement,0,nan,nan,0,nan,1,0.9094924926757812,0.3991098552942276,1,3.155914306640625
24940.349,2,1,1,stimulusMovement,0,nan,nan,0,nan,1,0.8930255042182074,0.29989804327487946,1,3.2010498046875
24957.016,2,1,1,stimulusMovement,0,nan,nan,0,nan,1,0.8713241153293185,0.2740805149078369,1,3.3144683837890625
24973.683,2,1,1,stimulusMovement,0,nan,nan,0,nan,1,0.8892084757486979,0.3858531266450882,1,3.084136962890625
24990.349,2,1,1,stimulusMovement,0,nan,nan,0,nan,1,0.8786964416503906,0.36708953976631165,1,3.1231689453125
25007.017,2,1,1,stimulusMovement,0,nan,nan,0,nan,1,0.8912800682915581,0.3523813635110855,1,3.147369384765625
25023.684,2,1,1,stimulusMovement,0,nan,nan,0,nan,1,0.8665644327799479,0.3536786884069443,1,3.0728302001953125
25040.35,2,1,1,stimulusMovement,0,nan,nan,0,nan,1,0.8766367170545789,0.3850317597389221,1,3.0722808837890625
25057.017,2,1,1,stimulusMovement,0,nan,nan,0,nan,1,0.9076169331868489,0.3990402892231941,1,2.988372802734375
25073.684,2,1,1,stimulusMovement,0,nan,nan,0,nan,1,0.9169805314805772,0.4173627570271492,1,3.009918212890625
25090.35,2,1,1,stimulusMovement,0,nan,nan,0,nan,1,0.895910898844401,0.38498588651418686,1,3.06854248046875
25107.017,2,1,1,stimulusMovement,0,nan,nan,0,nan,1,0.8656208250257703,0.38938863575458527,1,3.0758209228515625
25123.684,2,1,1,stimulusMovement,0,nan,nan,0,nan,1,0.8717492421468098,0.36037471890449524,1,3.0205841064453125
25140.35,2,1,1,stimulusMovement,0,nan,nan,0,nan,1,0.8402364518907335,0.35771544277668,1,2.9968719482421875
25157.017,2,1,1,stimulusMovement,0,nan,nan,0,nan,1,0.8917079501681857,0.3922221288084984,1,2.9818878173828125
25173.685,2,1,1,stimulusMovement,0,nan,nan,0,nan,1,0.8940387301974826,0.3596331477165222,1,3.0612030029296875
25190.351,2,1,1,stimulusMovement,0,nan,nan,0,nan,1,0.8817003038194444,0.3578340709209442,1,3.1190643310546875
25207.018,2,1,1,stimulusMovement,0,nan,nan,0,nan,1,0.9264988369411892,0.3572518527507782,1,3.064422607421875
25223.685,2,1,1,stimulusMovement,0,nan,nan,0,nan,1,0.9045956929524739,0.358305424451828,1,3.102264404296875
25240.351,2,1,1,stimulusMovement,0,nan,nan,0,nan,1,0.8867994944254557,0.35616567730903625,1,3.090606689453125
25257.018,2,1,1,stimulusMovement,0,nan,nan,0,nan,1,0.9001324971516926,0.3004932254552841,1,3.089752197265625
25273.685,2,1,1,stimulusMovement,0,nan,nan,0,nan,1,0.9169593387179904,0.3673243969678879,1,3.090545654296875
25290.351,2,1,1,stimulusMovement,0,nan,nan,0,nan,1,0.8787937164306641,0.3398250490427017,1,3.1391754150390625
25307.018,2,1,1,stimulusMovement,0,nan,nan,0,nan,1,0.8703817791408962,0.3466101139783859,1,3.1854400634765625
25323.685,2,1,1,stimulusMovement,0,nan,nan,0,nan,1,0.8972131941053602,0.34116747975349426,1,3.1586151123046875
25340.352,2,1,1,stimulusMovement,0,nan,nan,0,nan,1,0.9330329895019531,0.38343436270952225,1,3.047332763671875
25357.018,2,1,1,stimulusMovement,0,nan,nan,0,nan,1,0.8972028096516926,0.3418058753013611,1,3.1139068603515625
25373.685,2,1,1,stimulusMovement,0,nan,nan,0,nan,1,0.8833646774291992,0.36437270045280457,1,3.144927978515625
25390.351,2,1,1,stimulusMovement,0,nan,nan,0,nan,1,0.8820105658637152,0.3505799472332001,1,3.12890625
25407.018,2,1,1,stimulusMovement,0,nan,nan,0,nan,1,0.8859865400526258,0.3138854503631592,1,3.221435546875
25423.685,2,1,1,stimulusMovement,1,0.47840287950303817,0.3595203757286072,1,3.0736846923828125,1,0.839287863837348,0.367207333445549,1,3.199249267578125
25440.35,2,1,1,stimulusMovement,1,0.5315966076321071,0.34008145332336426,1,3.2122344970703125,1,0.8802691565619574,0.30668461322784424,1,3.228515625
25457.017,2,1,1,stimulusMovement,1,0.5109498765733507,0.3588011860847473,1,3.156707763671875,1,0.9076203240288628,0.4045042544603348,1,3.0526275634765625
25473.684,2,1,1,stimulusMovement,1,0.5056262546115451,0.31145648658275604,1,3.2878875732421875,1,0.8816630045572916,0.3523704260587692,1,3.16497802734375
25490.351,2,1,1,stimulusMovement,1,0.4941880967881944,0.34499897062778473,1,3.1479339599609375,1,0.8984324137369791,0.35449714958667755,1,3.1849822998046875
25507.017,2,1,1,stimulusMovement,1,0.5064658059014214,0.3527210056781769,1,3.1109466552734375,1,0.9230660332573785,0.3533865809440613,1,3.163360595703125
25523.684,2,1,1,stimulusMovement,1,0.4810345967610677,0.31249669194221497,1,3.1968841552734375,1,0.887639045715332,0.3289733827114105,1,3.1773529052734375
25540.35,2,1,1,stimulusMovement,1,0.4593522813585069,0.2925093472003937,1,3.2324371337890625,1,0.8851402070787218,0.3721923679113388,1,3.127471923828125
25557.017,2,1,1,stimulusMovement,1,0.49652141994900173,0.3530648648738861,1,3.1949310302734375,1,0.8834037780761719,0.3335200399160385,1,3.186004638671875
25573.683,2,1,1,stimulusMovement,1,0.514267815483941,0.35253602266311646,1,3.1846160888671875,1,0.8873958587646484,0.3349652588367462,1,3.1854095458984375
25590.349,2,1,1,stimulusMovement,1,0.44111675686306423,0.2927590310573578,1,3.274505615234375,1,0.8616720835367838,0.315155565738678,1,3.2269439697265625
25607.016,2,1,1,stimulusMovement,1,0.5063881344265407,0.3272794932126999,1,3.2156524658203125,1,0.9211499955919054,0.3657723665237427,1,3.174652099609375
25623.683,2,1,1,stimulusMovement,1,0.4669064415825738,0.31996355950832367,1,3.2559051513671875,1,0.8862275017632378,0.3803614675998688,1,3.1775665283203125
25640.349,2,1,1,stimulusMovement,1,0.4802838431464301,0.35273826122283936,1,3.1270751953125,1,0.8926898108588324,0.39337158203125,1,3.1247406005859375
25657.016,2,1,1,stimulusMovement,1,0.46475982666015625,0.3444642275571823,1,3.1896514892578125,1,0.8761010699801974,0.37685976922512054,1,3.1984405517578125
25673.683,2,1,1,stimulusMovement,1,0.4508999718560113,0.3232079744338989,1,3.2369537353515625,1,0.8906620873345269,0.3809807598590851,1,3.155853271484375
25690.349,2,1,1,stimulusMovement,1,0.5164326561821831,0.32459621131420135,1,3.2313079833984375,1,0.9090279473198785,0.35202863812446594,1,3.1896209716796875
25707.016,2,1,1,stimulusMovement,1,0.5078485276963975,0.34100817143917084,1,3.227508544921875,1,0.8601849873860676,0.3419196903705597,1,3.2540130615234375
25723.682,2,1,1,stimulusMovement,1,0.502794689602322,0.3184376507997513,1,3.3462066650390625,1,0.8964864942762586,0.3468877822160721,1,3.2457122802734375
25740.348,2,1,1,stimulusMovement,1,0.4800533718532986,0.32946687936782837,1,3.3018341064453125,1,0.8779239654541016,0.3501991033554077,1,3.207733154296875
25757.015,2,1,1,stimulusMovement,1,0.5294037924872504,0.31849105656147003,1,3.323577880859375,1,0.846909417046441,0.3347563296556473,1,3.2912445068359375
25773.682,2,1,1,stimulusMovement,1,0.5002812279595269,0.3491889238357544,1,3.250396728515625,1,0.9162112341986761,0.34201863408088684,1,3.19366455078125
25790.348,2,1,1,stimulusMovement,1,0.46592140197753906,0.29020483791828156,1,3.2545013427734375,1,0.8337327109442816,0.32900606095790863,1,3.2717437744140625
25807.015,2,1,1,stimulusMovement,1,0.4887858496771918,0.3489159047603607,1,3.2939453125,1,0.893907970852322,0.3224519044160843,1,3.2526397705078125
25823.682,2,1,1,stimulusMovement,1,0.5455776850382487,0.3076648414134979,1,3.3679351806640625,1,0.8626164330376519,0.3225865364074707,1,3.298126220703125
25840.348,2,1,1,stimulusMovement,1,0.49476708306206596,0.32388293743133545,1,3.303436279296875,1,0.8706245422363281,0.268854483962059,1,3.3588714599609375
25857.015,2,1,1,stimulusMovement,1,0.4870501624213324,0.42478636652231216,1,3.2119598388671875,1,0.8972066243489583,0.371878445148468,1,3.2008514404296875
25873.681,2,1,1,stimulusMovement,1,0.406521373324924,0.3302835524082184,1,3.30291748046875,1,0.9061811235215929,0.37277863919734955,1,3.283447265625
25890.347,2,1,1,stimulusMovement,1,0.47941218482123477,0.3446432203054428,1,3.2201690673828125,1,0.8825736575656467,0.34095510840415955,1,3.31298828125
25907.014,2,1,1,stimulusMovement,1,0.47928905487060547,0.38550645112991333,1,3.21868896484375,1,0.9241506788465711,0.35643696784973145,1,3.2405853271484375
25923.681,2,1,1,stimulusMovement,1,0.46266651153564453,0.3671353608369827,1,3.2588348388671875,1,0.9128324720594617,0.3327498435974121,1,3.3141632080078125
25940.346,2,1,1,fixation,1,0.5129708184136285,0.3903609812259674,1,3.235260009765625,1,0.8862461513943142,0.35367847979068756,1,3.3026275634765625
25957.013,2,1,1,fixation,1,0.48106469048394096,0.33591504395008087,1,3.2254486083984375,1,0.8766117095947266,0.33289600908756256,1,3.334197998046875
25973.681,2,1,1,fixation,0,nan,nan,0,nan,0,nan,nan,0,nan
25990.347,2,1,1,fixation,0,nan,nan,0,nan,0,nan,nan,0,nan
26007.013,2,1,1,fixation,1,0.47155729929606116,0.33123864233493805,1,3.3254547119140625,1,0.896782981024848,0.3268454372882843,1,3.3521575927734375
26023.68,2,1,1,fixation,0,nan,nan,0,nan,0,nan,nan,0,nan
26040.346,2,1,1,fixation,0,nan,nan,0,nan,0,nan,nan,0,nan
26057.013,2,1,1,fixation,1,0.46480835808648,0.373431921005249,1,3.254791259765625,1,0.8624855677286783,0.3499654084444046,1,3.3775482177734375
26073.68,2,1,1,fixation,0,nan,nan,0,nan,0,nan,nan,0,nan
26090.345,2,1,1,fixation,0,nan,nan,0,nan,0,nan,nan,0,nan
26107.012,2,1,1,fixation,1,0.47612084282769096,0.36672642827033997,1,3.29718017578125,1,0.9277083079020182,0.3328596502542496,1,3.2838287353515625
26123.679,2,1,1,fixation,0,nan,nan,0,nan,0,nan,nan,0,nan
26140.345,2,1,1,fixation,0,nan,nan,0,nan,0,nan,nan,0,nan
26157.012,2,1,1,fixation,1,0.4573367436726888,0.32736533880233765,1,3.17950439453125,1,0.905920664469401,0.33713746070861816,1,3.3144073486328125
26173.679,2,1,1,fixation,0,nan,nan,0,nan,0,nan,nan,0,nan
26190.345,2,1,1,fixation,0,nan,nan,0,nan,0,nan,nan,0,nan
26207.012,2,1,1,fixation,1,0.5140390396118164,0.31518134474754333,1,3.248382568359375,1,0.9114697774251301,0.38625720143318176,1,3.2537078857421875
26223.678,2,1,1,fixation,0,nan,nan,0,nan,0,nan,nan,0,nan
26240.344,2,1,1,fixation,0,nan,nan,0,nan,0,nan,nan,0,nan
26257.011,2,1,1,fixation,1,0.5117034912109375,0.30720146000385284,1,3.3034820556640625,1,0.8906137678358289,0.3567025363445282,1,3.2678375244140625
26273.678,2,1,1,fixation,0,nan,nan,0,nan,0,nan,nan,0,nan
26290.344,2,1,1,fixation,0,nan,nan,0,nan,0,nan,nan,0,nan
26307.011,2,1,1,fixation,1,0.47509882185194224,0.3565812408924103,1,3.2237548828125,1,0.8922757042778863,0.35271793603897095,1,3.236785888671875
26323.678,2,1,1,fixation,0,nan,nan,0,nan,0,nan,nan,0,nan
26340.344,2,1,1,fixation,0,nan,nan,0,nan,0,nan,nan,0,nan
26357.01,2,1,1,fixation,1,0.38992648654513884,0.33014556765556335,1,3.233367919921875,1,0.8889058430989583,0.3645578771829605,1,3.2989654541015625
26373.677,2,1,1,fixation,0,nan,nan,0,nan,0,nan,nan,0,nan
26390.343,2,1,1,fixation,0,nan,nan,0,nan,0,nan,nan,0,nan
26407.01,2,1,1,fixation,1,0.5011410183376735,0.3299517035484314,1,3.2804718017578125,1,0.8653051588270398,0.3664858937263489,1,3.319732666015625
26423.676,2,1,1,fixation,0,nan,nan,0,nan,0,nan,nan,0,nan
26440.342,2,1,1,fixation,0,nan,nan,0,nan,0,nan,nan,0,nan
26457.01,2,1,1,fixation,1,0.39243369632297087,0.1568269431591034,1,3.6412811279296875,1,0.6376249525282117,0.2881338745355606,1,3.3529510498046875
26473.677,2,1,1,fixation,0,nan,nan,0,nan,0,nan,nan,0,nan
26490.342,2,1,1,fixation,0,nan,nan,0,nan,0,nan,nan,0,nan
26507.009,2,1,1,fixation,1,-0.4396745893690321,-0.005736410617828369,1,3.5179290771484375,1,-0.07854784859551324,0.1290682554244995,1,3.2826385498046875
26523.676,2,1,1,fixation,0,nan,nan,0,nan,0,nan,nan,0,nan
26540.342,2,1,1,fixation,0,nan,nan,0,nan,0,nan,nan,0,nan
26557.008,2,1,1,fixation,1,-0.5649988651275635,0.052938103675842285,1,3.25225830078125,1,-0.2538654009501139,-0.04593455791473389,1,3.611175537109375
26573.675,2,1,1,fixation,0,nan,nan,0,nan,0,nan,nan,0,nan
26590.341,2,1,1,fixation,0,nan,nan,0,nan,0,nan,nan,0,nan
26607.008,2,1,1,fixation,1,-0.6264289749993218,0.060820698738098145,1,3.304901123046875,1,-0.2445371415879991,0.06967312097549438,1,3.4398193359375
26623.675,2,1,1,fixation,0,nan,nan,0,nan,0,nan,nan,0,nan
26640.341,2,1,1,fixation,0,nan,nan,0,nan,0,nan,nan,0,nan
26657.008,2,1,1,fixation,0,nan,nan,0,nan,1,-0.2806946436564127,-0.004008769989013672,1,3.55218505859375
26673.675,2,1,1,fixation,0,nan,nan,0,nan,0,nan,nan,0,nan
26690.34,2,1,1,fixation,0,nan,nan,0,nan,0,nan,nan,0,nan
26707.007,2,1,1,fixation,0,nan,nan,0,nan,1,-0.23069058524237737,-0.04441535472869873,1,3.632843017578125
26723.674,2,1,1,fixation,0,nan,nan,0,nan,0,nan,nan,0,nan
26740.34,2,1,1,fixation,0,nan,nan,0,nan,0,nan,nan,0,nan
26757.007,2,1,1,fixation,1,-0.676486571629842,-0.026147425174713135,1,3.442291259765625,1,-0.23913531833224824,0.08918946981430054,1,3.3825531005859375
26773.674,2,1,1,fixation,0,nan,nan,0,nan,0,nan,nan,0,nan
26790.34,2,1,1,fixation,0,nan,nan,0,nan,0,nan,nan,0,nan
26807.007,2,1,1,fixation,1,-0.6299377547370063,-0.006734371185302734,1,3.4427947998046875,1,-0.18401961856418184,0.0016928613185882568,1,3.5491790771484375
26823.673,2,1,1,fixation,0,nan,nan,0,nan,0,nan,nan,0,nan
26840.339,2,1,1,fixation,0,nan,nan,0,nan,0,nan,nan,0,nan
26857.006,2,1,1,fixation,1,-0.6282259888119167,0.06155717372894287,1,3.2563323974609375,1,-0.20722855461968315,-0.01347339153289795,1,3.5699462890625
26873.673,2,1,1,fixation,0,nan,nan,0,nan,0,nan,nan,0,nan
26890.338,2,1,1,fixation,0,nan,nan,0,nan,0,nan,nan,0,nan
26907.005,2,1,1,fixation,1,-0.5246639781528049,0.02507859468460083,1,3.3751068115234375,1,-0.25888358222113717,-0.05869567394256592,1,3.66876220703125
26923.672,2,1,1,fixation,0,nan,nan,0,nan,0,nan,nan,0,nan
26940.339,2,1,1,fixation,0,nan,nan,0,nan,0,nan,nan,0,nan
26957.005,2,1,1,fixation,1,-0.12751208411322698,0.12174791097640991,1,3.3948516845703125,1,0.32107120090060765,0.09377050399780273,1,3.5414886474609375
26973.672,2,1,1,fixation,0,nan,nan,0,nan,0,nan,nan,0,nan
26990.338,2,1,1,fixation,0,nan,nan,0,nan,0,nan,nan,0,nan
27007.005,2,1,1,fixation,1,0.4208331637912326,0.061922043561935425,1,3.776611328125,1,0.6798450681898328,0.15889012813568115,1,3.5156097412109375
27023.671,2,1,1,fixation,0,nan,nan,0,nan,0,nan,nan,0,nan
27040.337,2,1,1,fixation,0,nan,nan,0,nan,0,nan,nan,0,nan
27057.004,2,1,1,fixation,1,0.33917003207736546,0.15498942136764526,1,3.51885986328125,1,0.7178442213270398,0.20940855145454407,1,3.45806884765625
27073.671,2,1,1,fixation,0,nan,nan,0,nan,0,nan,nan,0,nan
27090.336,2,1,1,fixation,0,nan,nan,0,nan,0,nan,nan,0,nan
27107.004,2,1,1,fixation,0,nan,nan,0,nan,1,0.7414580451117622,0.17254242300987244,1,3.454925537109375
27123.671,2,1,1,fixation,0,nan,nan,0,nan,0,nan,nan,0,nan
27140.336,2,1,1,fixation,0,nan,nan,0,nan,0,nan,nan,0,nan
27157.003,2,1,1,fixation,1,0.41064135233561194,0.05767083168029785,1,3.74029541015625,1,0.7417083316379123,0.20435035228729248,1,3.5178680419921875
27173.67,2,1,1,fixation,0,nan,nan,0,nan,0,nan,nan,0,nan
27190.336,2,1,1,fixation,0,nan,nan,0,nan,0,nan,nan,0,nan
27207.002,2,1,1,fixation,1,0.4017319149441189,0.2714084982872009,1,3.5156402587890625,1,0.7437140146891276,0.2402620017528534,1,3.5648345947265625
27223.669,2,1,1,fixation,0,nan,nan,0,nan,0,nan,nan,0,nan
27240.335,2,1,1,fixation,0,nan,nan,0,nan,0,nan,nan,0,nan
27257.003,2,1,1,fixation,1,0.49731678432888454,0.34745359420776367,1,3.475311279296875,1,0.875860955980089,0.3624098300933838,1,3.5941314697265625
27273.669,2,1,1,fixation,0,nan,nan,0,nan,0,nan,nan,0,nan
27290.335,2,1,1,fixation,0,nan,nan,0,nan,0,nan,nan,0,nan
27307.002,2,1,1,fixation,1,0.48431926303439665,0.29465338587760925,1,3.6343841552734375,1,0.8568554984198675,0.366403266787529,1,3.5893096923828125
27323.669,2,1,1,fixation,0,nan,nan,0,nan,0,nan,nan,0,nan
27340.334,2,1,1,fixation,0,nan,nan,0,nan,0,nan,nan,0,nan
27357.001,2,1,1,fixation,1,0.49570443895128036,0.24482494592666626,1,3.74761962890625,1,0.8432477315266926,0.3348238170146942,1,3.6594390869140625
27373.668,2,1,1,fixation,0,nan,nan,0,nan,0,nan,nan,0,nan
27390.334,2,1,1,fixation,0,nan,nan,0,nan,0,nan,nan,0,nan
27407.0,2,1,1,fixation,1,0.5069888432820637,0.292048841714859,1,3.5634307861328125,1,0.890183342827691,0.37678107619285583,1,3.572265625
27423.668,2,1,1,fixation,0,nan,nan,0,nan,0,nan,nan,0,nan
27440.334,2,1,1,fixation,0,nan,nan,0,nan,0,nan,nan,0,nan
27457.0,2,1,1,fixation,1,0.48847495185004336,0.2621810734272003,1,3.6485443115234375,1,0.8935468461778429,0.28562481701374054,1,3.6448974609375
27473.667,2,1,1,fixation,0,nan,nan,0,nan,0,nan,nan,0,nan
27490.333,2,1,1,fixation,0,nan,nan,0,nan,0,nan,nan,0,nan
27507.0,2,1,1,fixation,1,0.4619066450330946,0.36011289060115814,1,3.5194549560546875,1,0.8813718159993489,0.3386552333831787,1,3.613525390625
27523.666,2,1,1,fixation,0,nan,nan,0,nan,0,nan,nan,0,nan
27540.332,2,1,1,fixation,0,nan,nan,0,nan,0,nan,nan,0,nan
27556.999,2,1,1,fixation,1,0.5274406009250217,0.27707837522029877,1,3.6269989013671875,1,0.8994399176703558,0.34263554215431213,1,3.5829620361328125
27573.667,2,1,1,fixation,0,nan,nan,0,nan,0,nan,nan,0,nan
27590.332,2,1,1,fixation,0,nan,nan,0,nan,0,nan,nan,0,nan
27606.999,2,1,1,fixation,1,0.474058363172743,0.30527693033218384,1,3.57904052734375,1,0.9020805358886719,0.32405543327331543,1,3.6222991943359375
27623.666,2,1,1,fixation,0,nan,nan,0,nan,0,nan,nan,0,nan
27640.332,2,1,1,fixation,0,nan,nan,0,nan,0,nan,nan,0,nan
27656.998,2,1,1,fixation,1,0.43242751227484805,0.29871074855327606,1,3.5120697021484375,1,0.8807137807210286,0.28123535215854645,1,3.681060791015625
27673.665,2,1,1,fixation,0,nan,nan,0,nan,0,nan,nan,0,nan
27690.331,2,1,1,fixation,0,nan,nan,0,nan,0,nan,nan,0,nan
27706.998,2,1,1,fixation,1,0.4581907060411241,0.3833506405353546,1,3.44500732421875,1,0.9057447645399305,0.2845936566591263,1,3.654541015625
27723.664,2,1,1,fixation,0,nan,nan,0,nan,0,nan,nan,0,nan
27740.331,2,1,1,fixation,0,nan,nan,0,nan,0,nan,nan,0,nan
27756.997,2,1,1,fixation,1,0.48138470119900173,0.3431788682937622,1,3.526397705078125,1,0.8508823182847765,0.32512083649635315,1,3.66778564453125
27773.664,2,1,1,fixation,0,nan,nan,0,nan,0,nan,nan,0,nan
27790.33,2,1,1,fixation,0,nan,nan,0,nan,0,nan,nan,0,nan
27806.997,2,1,1,fixation,1,0.4743069542778863,0.3524380773305893,1,3.529022216796875,1,0.8777069515652126,0.3355478346347809,1,3.641632080078125
27823.663,2,1,1,fixation,0,nan,nan,0,nan,0,nan,nan,0,nan
27840.329,2,1,1,fixation,0,nan,nan,0,nan,0,nan,nan,0,nan
27856.996,2,1,1,fixation,1,0.4714699851142035,0.34908539056777954,1,3.47332763671875,1,0.9199085235595703,0.3562936931848526,1,3.615478515625
27873.663,2,1,1,fixation,0,nan,nan,0,nan,0,nan,nan,0,nan
27890.328,2,1,1,fixation,0,nan,nan,0,nan,0,nan,nan,0,nan
27906.996,2,1,1,fixation,1,0.4685904184977213,0.3488296568393707,1,3.4458770751953125,1,0.8688053554958767,0.3433659076690674,1,3.5789031982421875
27923.663,2,1,1,fixation,0,nan,nan,0,nan,0,nan,nan,0,nan
27940.329,2,1,1,fixation,0,nan,nan,0,nan,0,nan,nan,0,nan
27956.995,2,1,1,fixation,1,0.5056669447157118,0.35564345121383667,1,3.4716949462890625,1,0.8685302734375,0.3204857409000397,1,3.5456085205078125
27973.662,2,1,1,fixation,0,nan,nan,0,nan,0,nan,nan,0,nan
27990.328,2,1,1,fixation,0,nan,nan,0,nan,0,nan,nan,0,nan
28006.995,2,1,1,fixation,1,0.47464614444308806,0.2559035122394562,1,3.646636962890625,1,0.8993019527859157,0.3789752349257469,1,3.5514068603515625
28023.661,2,1,1,fixation,0,nan,nan,0,nan,0,nan,nan,0,nan
28040.327,2,1,1,fixation,0,nan,nan,0,nan,0,nan,nan,0,nan
28056.994,2,1,1,fixation,1,0.37902789645724827,0.31032219529151917,1,3.5152130126953125,1,0.8788102467854817,0.31364473700523376,1,3.6461944580078125
28073.661,2,1,1,fixation,0,nan,nan,0,nan,0,nan,nan,0,nan
28090.327,2,1,1,fixation,0,nan,nan,0,nan,0,nan,nan,0,nan
28106.994,2,1,1,fixation,1,0.45572471618652344,0.31920474767684937,1,3.513458251953125,1,0.9026864369710286,0.3271840214729309,1,3.5813140869140625
28123.66,2,1,1,fixation,0,nan,nan,0,nan,0,nan,nan,0,nan
28140.326,2,1,1,fixation,0,nan,nan,0,nan,0,nan,nan,0,nan
28156.993,2,1,1,fixation,1,0.48255411783854163,0.3008915036916733,1,3.567535400390625,1,0.8496886359320746,0.28148195147514343,1,3.720550537109375
28173.66,2,1,1,fixation,0,nan,nan,0,nan,0,nan,nan,0,nan
28190.325,2,1,1,fixation,0,nan,nan,0,nan,0,nan,nan,0,nan
28206.992,2,1,1,fixation,1,0.48158688015407985,0.3608631193637848,1,3.55596923828125,1,0.8946715460883246,0.3425079882144928,1,3.690948486328125
28223.66,2,1,1,fixation,0,nan,nan,0,nan,0,nan,nan,0,nan
28240.326,2,1,1,fixation,0,nan,nan,0,nan,0,nan,nan,0,nan
28256.992,2,1,1,fixation,1,0.4636545181274414,0.3371342122554779,1,3.545135498046875,1,0.8510263231065538,0.3077157437801361,1,3.7057037353515625
28273.659,2,1,1,fixation,0,nan,nan,0,nan,0,nan,nan,0,nan
28290.325,2,1,1,fixation,0,nan,nan,0,nan,0,nan,nan,0,nan
28306.992,2,1,1,fixation,1,0.48836082882351345,0.45038215816020966,1,3.499053955078125,1,0.876663949754503,0.35783851146698,1,3.7191314697265625
28323.658,2,1,1,fixation,0,nan,nan,0,nan,0,nan,nan,0,nan
28340.324,2,1,1,fixation,0,nan,nan,0,nan,0,nan,nan,0,nan
28356.991,2,1,1,fixation,0,nan,nan,0,nan,0,nan,nan,0,nan
28373.658,2,1,1,fixation,0,nan,nan,0,nan,0,nan,nan,0,nan
28390.324,2,1,1,fixation,0,nan,nan,0,nan,0,nan,nan,0,nan
28406.99,2,1,1,fixation,0,nan,nan,0,nan,0,nan,nan,0,nan
28423.657,2,1,1,fixation,0,nan,nan,0,nan,0,nan,nan,0,nan
28440.323,2,1,1,fixation,0,nan,nan,0,nan,0,nan,nan,0,nan
28456.99,2,1,1,fixation,0,nan,nan,0,nan,0,nan,nan,0,nan
28473.656,2,1,1,fixation,0,nan,nan,0,nan,0,nan,nan,0,nan
28490.322,2,1,1,fixation,0,nan,nan,0,nan,0,nan,nan,0,nan
28506.989,2,1,1,fixation,1,0.4868092007107205,0.2144012153148651,1,3.5289154052734375,1,0.8459263907538519,-0.04164767265319824,1,3.65240478515625
28523.656,2,1,1,fixation,0,nan,nan,0,nan,0,nan,nan,0,nan
28540.322,2,1,1,fixation,0,nan,nan,0,nan,0,nan,nan,0,nan
28556.989,2,1,1,fixation,1,0.48986371358235675,0.22302457690238953,1,3.4873199462890625,1,0.8590677049424913,0.13262805342674255,1,3.761566162109375
28573.656,2,1,1,fixation,0,nan,nan,0,nan,0,nan,nan,0,nan
28590.322,2,1,1,fixation,0,nan,nan,0,nan,0,nan,nan,0,nan
28606.988,2,1,1,fixation,1,0.47081979115804035,0.21250566840171814,1,3.5346832275390625,1,0.8652306662665472,0.1611403226852417,1,3.7680511474609375
28623.655,2,1,1,fixation,0,nan,nan,0,nan,0,nan,nan,0,nan
28640.321,2,1,1,fixation,0,nan,nan,0,nan,0,nan,nan,0,nan
28656.988,2,1,1,fixation,1,0.4835886425442166,0.18460562825202942,1,3.6095428466796875,1,0.8636046515570746,0.16712337732315063,1,3.770050048828125
28673.654,2,1,1,fixation,0,nan,nan,0,nan,0,nan,nan,0,nan
28690.32,2,1,1,fixation,0,nan,nan,0,nan,0,nan,nan,0,nan
28706.987,2,1,1,fixation,1,0.4746295081244574,0.27960166335105896,1,3.4575653076171875,1,0.9109386867947048,0.24677598476409912,1,3.790618896484375
28723.654,2,1,1,fixation,0,nan,nan,0,nan,0,nan,nan,0,nan
28740.32,2,1,1,fixation,0,nan,nan,0,nan,0,nan,nan,0,nan
28756.986,2,1,1,fixation,1,0.44436136881510413,0.34461894631385803,1,3.57110595703125,1,0.8783469729953342,0.2939799726009369,1,3.8323974609375
28773.653,2,1,1,fixation,0,nan,nan,0,nan,0,nan,nan,0,nan
28790.319,2,1,1,fixation,0,nan,nan,0,nan,0,nan,nan,0,nan
28806.986,2,1,1,fixation,1,0.47668043772379554,0.16538411378860474,1,3.956390380859375,1,0.8567308849758571,0.3156122863292694,1,3.6828460693359375
28823.652,2,1,1,fixation,0,nan,nan,0,nan,0,nan,nan,0,nan
28840.318,2,1,1,fixation,0,nan,nan,0,nan,0,nan,nan,0,nan
28856.985,2,1,1,fixation,1,0.4960882398817274,0.1047067642211914,1,4.0085296630859375,1,0.8763497670491536,0.2852187156677246,1,3.690338134765625
28873.653,2,1,1,fixation,0,nan,nan,0,nan,0,nan,nan,0,nan
28890.318,2,1,1,fixation,0,nan,nan,0,nan,0,nan,nan,0,nan
28906.985,2,1,1,fixation,1,0.4807105594211154,0.2949432283639908,1,3.5245208740234375,1,0.8733539581298828,0.32740384340286255,1,3.5825347900390625
28923.652,2,1,1,fixation,0,nan,nan,0,nan,0,nan,nan,0,nan
28940.318,2,1,1,fixation,0,nan,nan,0,nan,0,nan,nan,0,nan
28956.984,2,1,1,fixation,1,0.4985858069525824,0.3531201183795929,1,3.4233856201171875,1,0.8737352159288194,0.3452277034521103,1,3.618255615234375
28973.651,2,1,1,stimulusMovement,0,nan,nan,0,nan,0,nan,nan,0,nan
28990.317,2,1,1,stimulusMovement,0,nan,nan,0,nan,0,nan,nan,0,nan
29006.983,2,1,1,stimulusMovement,1,0.5278398725721571,0.30688315629959106,1,3.3966217041015625,1,0.8793070051405164,0.2732172906398773,1,3.636383056640625
29023.65,2,1,1,stimulusMovement,1,0.4802203708224826,0.300488144159317,1,3.4507293701171875,1,0.891114764743381,0.3719743341207504,1,3.521209716796875
29040.316,2,1,1,stimulusMovement,1,0.3684702979193793,0.33183951675891876,1,3.3648834228515625,1,0.87148560418023,0.3439589589834213,1,3.4579925537109375
29056.983,2,1,1,stimulusMovement,1,0.3780573738945855,0.30762121081352234,1,3.444549560546875,1,0.8720214631822374,0.3434130996465683,1,3.4886322021484375
29073.65,2,1,1,stimulusMovement,1,0.520473904079861,0.27671386301517487,1,3.402496337890625,1,0.8686733245849609,0.29305508732795715,1,3.552581787109375
29090.315,2,1,1,stimulusMovement,1,0.5221644507514106,0.3459169864654541,1,3.331024169921875,1,0.8807809617784288,0.3036610931158066,1,3.5357666015625
29106.982,2,1,1,stimulusMovement,1,0.3790840572781033,0.301840215921402,1,3.4197998046875,1,0.9001789093017578,0.3328489661216736,1,3.50115966796875
29123.649,2,1,1,stimulusMovement,1,0.49305862850613064,0.34540262818336487,1,3.3894195556640625,1,0.8863434261745876,0.3779195547103882,1,3.405364990234375
29140.315,2,1,1,stimulusMovement,1,0.5275041792127821,0.27452845871448517,1,3.4523773193359375,1,0.9014939202202691,0.347977951169014,1,3.47491455078125
29156.981,2,1,1,stimulusMovement,1,0.5008377499050564,0.2998043894767761,1,3.4139556884765625,1,0.8956498040093316,0.3107186555862427,1,3.4589080810546875
29173.648,2,1,1,stimulusMovement,1,0.5355550977918837,0.06413280963897705,1,3.8921356201171875,1,0.9045051998562282,0.3267902433872223,1,3.4162750244140625
29190.314,2,1,1,stimulusMovement,1,0.4919601016574435,0.34399035573005676,1,3.3260650634765625,1,0.8983849419487847,0.33817270398139954,1,3.3780517578125
29206.982,2,1,1,stimulusMovement,1,0.5125898785061306,0.29986003041267395,1,3.3274078369140625,1,0.8749065399169922,0.31443020701408386,1,3.4190826416015625
29223.648,2,1,1,stimulusMovement,1,0.48843807644314235,0.3134366571903229,1,3.2556304931640625,1,0.9136861165364583,0.28525303304195404,1,3.4569549560546875
29240.314,2,1,1,stimulusMovement,1,0.5221095614963107,0.2891230881214142,1,3.32562255859375,1,0.8815489874945746,0.3354956805706024,1,3.4011993408203125
29256.981,2,1,1,stimulusMovement,1,0.5066818661159939,0.28600871562957764,1,3.35565185546875,1,0.8822610643174913,0.2972581833600998,1,3.4762725830078125
29273.648,2,1,1,stimulusMovement,1,0.4692734612358941,0.29068759083747864,1,3.3065948486328125,1,0.9104730818006727,0.3300274610519409,1,3.3927154541015625
29290.313,2,1,1,stimulusMovement,1,0.45655716790093315,0.3376481235027313,1,3.2440032958984375,1,0.8006538814968532,0.3270072788000107,1,3.3282470703125
29306.98,2,1,1,stimulusMovement,1,0.4425994025336371,0.21458131074905396,1,3.490386962890625,1,0.9165840148925781,0.4079234376549721,1,3.3102569580078125
29323.647,2,1,1,stimulusMovement,1,0.4763995276557074,0.3207123577594757,1,3.2722320556640625,1,0.8777196672227647,0.3496977239847183,1,3.3957061767578125
29340.313,2,1,1,stimulusMovement,1,0.47247356838650173,0.32996825873851776,1,3.28802490234375,1,0.9101003011067708,0.33623403310775757,1,3.3581695556640625
29356.979,2,1,1,stimulusMovement,1,0.4983039432101779,0.38128069043159485,1,3.24462890625,1,0.8965528276231554,0.23556426167488098,1,3.470123291015625
29373.646,2,1,1,stimulusMovement,1,0.48842896355523,0.30460895597934723,1,3.37396240234375,1,0.8839162190755208,0.3440478444099426,1,3.35516357421875
29390.312,2,1,1,stimulusMovement,1,0.479106691148546,0.2136879563331604,1,3.54229736328125,1,0.883374532063802,0.30851422250270844,1,3.405517578125
29406.979,2,1,1,stimulusMovement,1,0.5379825168185763,0.3343122750520706,1,3.2172393798828125,1,0.9059465196397569,0.3409063518047333,1,3.3638153076171875
29423.645,2,1,1,stimulusMovement,1,0.4749317169189453,0.354717954993248,1,3.25299072265625,1,0.9055451287163628,0.3017924129962921,1,3.40435791015625
29440.311,2,1,1,stimulusMovement,1,0.4750709533691406,0.3050665557384491,1,3.339202880859375,1,0.8853278689914279,0.2923286557197571,1,3.436767578125
29456.978,2,1,1,stimulusMovement,1,0.5117263793945312,0.27971014380455017,1,3.363739013671875,1,0.8645701938205295,0.323915034532547,1,3.445037841796875
29473.645,2,1,1,stimulusMovement,1,0.5151354471842448,0.25333504378795624,1,3.4185333251953125,1,0.8124874962700738,0.28696076571941376,1,3.5126800537109375
29490.31,2,1,1,stimulusMovement,1,0.5321391423543294,0.24314314126968384,1,3.5560150146484375,1,0.8946408165825738,0.36375412344932556,1,3.3443450927734375
29506.977,2,1,1,stimulusMovement,1,0.5156236224704318,0.27244991064071655,1,3.4687652587890625,1,0.9106949700249566,0.3123854845762253,1,3.4286041259765625
29523.645,2,1,1,stimulusMovement,0,nan,nan,0,nan,1,0.8836415608723958,0.31244035065174103,1,3.44952392578125
29540.31,2,1,1,stimulusMovement,1,0.5351250966389973,0.23626866936683655,1,3.5212554931640625,1,0.8889054192437066,0.3071887493133545,1,3.4522857666015625
29556.977,2,1,1,stimulusMovement,1,0.43985854254828555,0.2875203937292099,1,3.365936279296875,1,0.863493177625868,0.34001806378364563,1,3.470947265625
29573.644,2,1,1,stimulusMovement,1,0.5268600251939561,0.16966354846954346,1,3.731903076171875,1,0.9186151292588975,0.3208819180727005,1,3.4037017822265625
29590.31,2,1,1,stimulusMovement,1,0.44376182556152344,0.3425789028406143,1,3.4016876220703125,1,0.8930174509684244,0.370510458946228,1,3.4500274658203125
29606.976,2,1,1,stimulusMovement,1,0.484527587890625,0.3762865960597992,1,3.350067138671875,1,0.8941031561957464,0.2817996144294739,1,3.5566253662109375
29623.643,2,1,1,stimulusMovement,1,0.4667879740397135,0.37088698148727417,1,3.353485107421875,1,0.8932412465413411,0.3092432767152786,1,3.5753021240234375
29640.309,2,1,1,stimulusMovement,1,0.5055520799424913,0.28209689259529114,1,3.4500274658203125,1,0.8802001741197374,0.34561939537525177,1,3.4508514404296875
29656.976,2,1,1,stimulusMovement,1,0.5508467356363932,0.23133593797683716,1,3.546905517578125,1,0.90975464714898,0.33045122027397156,1,3.5479583740234375
29673.642,2,1,1,stimulusMovement,1,0.4617794884575738,0.3589587062597275,1,3.3544769287109375,1,0.9084296756320529,0.3606738746166229,1,3.51690673828125
29690.308,2,1,1,stimulusMovement,1,0.4695907168918185,0.37766043841838837,1,3.3671875,1,0.8984885745578342,0.30525821447372437,1,3.608306884765625
29706.975,2,1,1,stimulusMovement,1,0.45664469401041663,0.3036152124404907,1,3.50836181640625,1,0.8574974271986219,0.2974180728197098,1,3.5753936767578125
29723.642,2,1,1,stimulusMovement,1,0.4927612940470377,0.27243149280548096,1,3.567291259765625,1,0.8876650068495008,0.33152469992637634,1,3.5941925048828125
29740.307,2,1,1,stimulusMovement,1,0.5081199010213215,0.29869315028190613,1,3.4589691162109375,1,0.8340201907687717,0.31370630860328674,1,3.5987548828125
29756.974,2,1,1,stimulusMovement,1,0.471991221110026,0.3410443365573883,1,3.4236602783203125,1,0.8826673295762804,0.3095191866159439,1,3.6332244873046875
29773.641,2,1,1,stimulusMovement,1,0.5116395950317383,0.2921351045370102,1,3.57867431640625,1,0.8967437744140625,0.3563647121191025,1,3.5503387451171875
29790.307,2,1,1,stimulusMovement,1,0.4604856703016493,0.3132670223712921,1,3.5122528076171875,1,0.8619008594089084,0.30232587456703186,1,3.6473236083984375
29806.973,2,1,1,stimulusMovement,1,0.4621454874674479,0.3177598565816879,1,3.454925537109375,1,0.8428268432617188,0.28962087631225586,1,3.64031982421875
29823.64,2,1,1,stimulusMovement,1,0.4604661729600694,0.3352597653865814,1,3.494781494140625,1,0.8742830488416883,0.28558844327926636,1,3.709503173828125
29840.306,2,1,1,stimulusMovement,1,0.4501147800021701,0.37100526690483093,1,3.460662841796875,1,0.8759017520480685,0.3148520290851593,1,3.661224365234375
29856.974,2,1,1,stimulusMovement,1,0.48181703355577254,0.2781258374452591,1,3.619415283203125,1,0.8640881644354925,0.29530468583106995,1,3.6499481201171875
29873.64,2,1,1,stimulusMovement,1,0.45575163099500865,0.25828753411769867,1,3.5488739013671875,1,0.8694668875800238,0.31014496088027954,1,3.673828125
29890.306,2,1,1,stimulusMovement,1,0.4449335734049479,0.264273002743721,1,3.55767822265625,1,0.8535260094536675,0.36594586074352264,1,3.5991058349609375
29906.973,2,1,1,stimulusMovement,1,0.4516474405924479,0.30793628096580505,1,3.56964111328125,1,0.871294339497884,0.34053461253643036,1,3.6399078369140625
29923.639,2,1,1,stimulusMovement,1,0.4373346964518229,0.28089800477027893,1,3.6259918212890625,1,0.8540299733479817,0.33054038882255554,1,3.623260498046875
29940.305,2,1,1,stimulusMovement,1,0.4750665028889974,0.32824262976646423,1,3.54986572265625,1,0.8759483761257595,0.32960543036460876,1,3.6354522705078125
29956.972,2,1,1,stimulusMovement,1,0.4707302517361111,0.3041541874408722,1,3.666595458984375,1,0.8817157745361328,0.31587767601013184,1,3.672149658203125
29973.639,2,1,1,stimulusMovement,1,0.49881998697916663,0.326057568192482,1,3.492889404296875,1,0.8264639112684461,0.31221604347229004,1,3.695220947265625
29990.304,2,1,1,stimulusMovement,1,0.48396322462293834,0.3015589416027069,1,3.5167694091796875,1,0.8984578450520833,0.3369545638561249,1,3.6445465087890625
30006.971,2,1,1,stimulusMovement,1,0.45888625250922305,0.2717444747686386,1,3.5629730224609375,1,0.8951483832465277,0.3233520984649658,1,3.7060089111328125
30023.638,2,1,1,stimulusMovement,1,0.457517835828993,0.2749558091163635,1,3.6238555908203125,1,0.8493383195665147,0.3026806712150574,1,3.6927032470703125
30040.304,2,1,1,stimulusMovement,1,0.4566405614217122,0.34751689434051514,1,3.5212554931640625,1,0.8721686469184027,0.32861705124378204,1,3.6853790283203125
30056.97,2,1,1,stimulusMovement,1,0.464903089735243,0.24022319912910461,1,3.67486572265625,1,0.8764589097764757,0.3155244141817093,1,3.6239013671875
30073.637,2,1,1,stimulusMovement,1,0.49481815761990017,0.4113350436091423,1,3.4803466796875,1,0.8881583743625217,0.30257630348205566,1,3.72943115234375
30090.303,2,1,1,stimulusMovement,1,0.4829152425130208,0.2762886583805084,1,3.7263946533203125,1,0.7801958719889323,0.31217174232006073,1,3.6661224365234375
30106.97,2,1,1,stimulusMovement,1,0.5100794898139106,0.24751096963882446,1,3.71942138671875,1,0.8211344612969292,0.3395068347454071,1,3.710174560546875
30123.636,2,1,1,stimulusMovement,1,0.5010087754991319,0.3433931916952133,1,3.60540771484375,1,0.8629559410942925,0.3109002709388733,1,3.69189453125
30140.302,2,1,1,stimulusMovement,1,0.4424717161390516,0.28938768804073334,1,3.560089111328125,1,0.8897243075900607,0.3047615587711334,1,3.62164306640625
30156.969,2,1,1,stimulusMovement,1,0.4565679762098524,0.28418681025505066,1,3.613800048828125,1,0.8895666334364148,0.34186671674251556,1,3.611663818359375
30173.636,2,1,1,stimulusMovement,1,0.514103889465332,0.31230103969573975,1,3.6472320556640625,1,0.856221940782335,0.32628142833709717,1,3.6133270263671875
30190.302,2,1,1,stimulusMovement,1,0.5199935701158311,0.30560946464538574,1,3.6586456298828125,1,0.8384700351291232,0.2965964376926422,1,3.7261962890625
30206.969,2,1,1,stimulusMovement,1,0.4387457105848524,0.344220295548439,1,3.6118621826171875,1,0.8398573133680555,0.328052282333374,1,3.5987548828125
30223.636,2,1,1,stimulusMovement,1,0.5008313920762804,0.32869043946266174,1,3.5871429443359375,1,0.8242014778984917,0.26878000795841217,1,3.7031707763671875
30240.301,2,1,1,stimulusMovement,1,0.4822378158569336,0.38149891793727875,1,3.4790191650390625,1,0.8522259394327799,0.3074173331260681,1,3.6005859375
30256.968,2,1,1,stimulusMovement,1,0.4568068186442057,0.30332423746585846,1,3.49420166015625,1,0.8585876888699001,0.3100785166025162,1,3.6412506103515625
30273.635,2,1,1,stimulusMovement,1,0.4658590952555338,0.3217355012893677,1,3.51385498046875,1,0.8398509555392795,0.356620192527771,1,3.5274200439453125
30290.301,2,1,1,stimulusMovement,1,0.5349202685885959,0.20205014944076538,1,3.780975341796875,1,0.8473046620686848,0.3684719651937485,1,3.53448486328125
30306.967,2,1,1,stimulusMovement,1,0.5091724395751953,0.3236486315727234,1,3.6002655029296875,1,0.8711859385172526,0.3286903202533722,1,3.5886688232421875
30323.634,2,1,1,stimulusMovement,1,0.48291015625,0.36980074644088745,1,3.4986724853515625,1,0.8690011766221788,0.34031814336776733,1,3.555908203125
30340.3,2,1,1,stimulusMovement,1,0.46312035454644096,0.33046185970306396,1,3.528839111328125,1,0.868180063035753,0.32299622893333435,1,3.5563201904296875
30356.967,2,1,1,stimulusMovement,1,0.49640952216254336,0.3511085957288742,1,3.4967803955078125,1,0.8476826349894205,0.3114476054906845,1,3.5922088623046875
30373.634,2,1,1,stimulusMovement,1,0.47062916225857204,0.36937902867794037,1,3.5152130126953125,1,0.8429809146457248,0.3237072825431824,1,3.56927490234375
30390.3,2,1,1,stimulusMovement,1,0.5028436448838975,0.32210730016231537,1,3.5698699951171875,1,0.8460390302870008,0.35538002848625183,1,3.5234832763671875
30406.967,2,1,1,stimulusMovement,1,0.4696331024169922,0.36369237303733826,1,3.452423095703125,1,0.789902475145128,0.30445292592048645,1,3.550140380859375
30423.634,2,1,1,stimulusMovement,1,0.5137366188897027,0.31436142325401306,1,3.540252685546875,1,0.8534469604492188,0.35641950368881226,1,3.52520751953125
30440.3,2,1,1,stimulusMovement,1,0.4990821414523654,0.31188082695007324,1,3.4883270263671875,1,0.817047119140625,0.32464855909347534,1,3.51165771484375
30456.967,2,1,1,stimulusMovement,1,0.4825549655490451,0.37939223647117615,1,3.426513671875,1,0.8623812993367512,0.3267330229282379,1,3.56884765625
30473.634,2,1,1,stimulusMovement,1,0.4989130232069227,0.3636026978492737,1,3.3880767822265625,1,0.8194743262396917,0.29469868540763855,1,3.615264892578125
30490.3,2,1,1,stimulusMovement,1,0.3421195348103841,0.32172131538391113,1,3.4959869384765625,1,0.8196419609917535,0.38052214682102203,1,3.47174072265625
30506.968,2,1,1,stimulusMovement,1,0.4523935317993164,0.3690493255853653,1,3.410552978515625,1,0.8745755089653863,0.3310491442680359,1,3.4678497314453125
30523.635,2,1,1,stimulusMovement,1,0.45922724405924475,0.3281424045562744,1,3.4729766845703125,1,0.8690853118896484,0.3227333724498749,1,3.4607086181640625
30540.301,2,1,1,stimulusMovement,1,0.4667581982082791,0.31927573680877686,1,3.44476318359375,1,0.8804617987738714,0.325480118393898,1,3.434478759765625
30556.968,2,1,1,stimulusMovement,1,0.4659656948513455,0.3278886377811432,1,3.475067138671875,1,0.85616577996148,0.35457585752010345,1,3.429595947265625
30573.635,2,1,1,stimulusMovement,1,0.5278284284803603,0.2988181859254837,1,3.55816650390625,1,0.8307112587822808,0.32107922434806824,1,3.4601287841796875
30590.301,2,1,1,stimulusMovement,1,0.49651251898871523,0.30288441479206085,1,3.4756622314453125,1,0.85293091668023,0.303921714425087,1,3.43756103515625
30606.968,2,1,1,stimulusMovement,1,0.4649920993381076,0.3132340610027313,1,3.46807861328125,1,0.8668923907809787,0.3395566940307617,1,3.4263916015625
30623.635,2,1,1,stimulusMovement,1,0.5411148071289062,0.301803857088089,1,3.46136474609375,1,0.8558281792534722,0.3781498670578003,1,3.3813934326171875
30640.301,2,1,1,stimulusMovement,1,0.4300314585367838,0.311452254652977,1,3.5222930908203125,1,0.8589816623263888,0.32920944690704346,1,3.4123687744140625
30656.968,2,1,1,stimulusMovement,1,0.4980877770317925,0.3515736162662506,1,3.3672332763671875,1,0.8577690124511719,0.3559054434299469,1,3.3436431884765625
30673.635,2,1,1,stimulusMovement,1,0.45541784498426646,0.3286914527416229,1,3.4662628173828125,1,0.866339365641276,0.34883251786231995,1,3.3826141357421875
30690.301,2,1,1,stimulusMovement,1,0.4669032626681857,0.3063891530036926,1,3.490264892578125,1,0.8666030036078558,0.31373414397239685,1,3.4129791259765625
30706.968,2,1,1,stimulusMovement,1,0.45080608791775173,0.3393692374229431,1,3.28521728515625,1,0.8005994160970051,0.29039618372917175,1,3.40179443359375
30723.635,2,1,1,stimulusMovement,1,0.4765671624077691,0.38527722656726837,1,3.258941650390625,1,0.8410079744127061,0.32286237180233,1,3.3944244384765625
30740.301,2,1,1,stimulusMovement,1,0.41966819763183594,0.3254498243331909,1,3.3725128173828125,1,0.8401409784952799,0.31862983107566833,1,3.382659912109375
30756.968,2,1,1,stimulusMovement,1,0.4582973056369357,0.3662845194339752,1,3.296722412109375,1,0.8331818050808376,0.2988000512123108,1,3.4788360595703125
30773.635,2,1,1,stimulusMovement,1,0.4343238406711154,0.38297612220048904,1,3.3343505859375,1,0.8374531004163953,0.36249789595603943,1,3.3658294677734375
30790.301,2,1,1,stimulusMovement,1,0.43940819634331596,0.32216766476631165,1,3.3610382080078125,1,0.7962374157375759,0.2951967567205429,1,3.4498291015625
30806.968,2,1,1,stimulusMovement,1,0.4365808698866102,0.3413732796907425,1,3.3373260498046875,1,0.7825645870632595,0.3367285430431366,1,3.3779754638671875
30823.636,2,1,1,stimulusMovement,1,0.4195607503255208,0.32592982053756714,1,3.311859130859375,1,0.8166715833875867,0.345936119556427,1,3.3754730224609375
30840.302,2,1,1,stimulusMovement,1,0.35468546549479163,0.28771430253982544,1,3.2572784423828125,1,0.7159457736545138,0.2050548791885376,1,3.3715972900390625
30856.969,2,1,1,stimulusMovement,1,0.33079157935248477,0.25965721905231476,1,3.2493743896484375,1,0.6760372585720485,0.16512373089790344,1,3.354736328125
30873.636,2,1,1,stimulusMovement,1,0.34927410549587673,0.13333815336227417,1,3.387939453125,1,0.6582290861341688,0.16875851154327393,1,3.35028076171875
30890.302,2,1,1,stimulusMovement,1,0.3056401146782769,0.23662936687469482,1,3.216644287109375,1,0.6389883889092339,0.12595999240875244,1,3.399932861328125
30906.969,2,1,1,stimulusMovement,1,0.29979875352647567,0.08966267108917236,1,3.4976959228515625,1,0.6792693667941623,0.13131999969482422,1,3.360443115234375
30923.636,2,1,1,stimulusMovement,1,0.30400975545247394,0.2236975133419037,1,3.269561767578125,1,0.6651037004258897,0.13681167364120483,1,3.3225250244140625
30940.302,2,1,1,stimulusMovement,1,0.3760526445176866,0.11896950006484985,1,3.5086669921875,1,0.6507556703355577,0.19241702556610107,1,3.2713165283203125
30956.969,2,1,1,stimulusMovement,1,0.279243893093533,0.1839733123779297,1,3.351654052734375,1,0.6435830858018663,0.13242805004119873,1,3.4368743896484375
30973.636,2,1,1,stimulusMovement,1,0.27189307742648655,0.1916494369506836,1,3.2422027587890625,1,0.6423280504014757,0.18308451771736145,1,3.3497467041015625
30990.302,2,1,1,stimulusMovement,0,nan,nan,0,nan,1,0.6201553344726562,0.19951486587524414,1,3.2459869384765625
31006.969,2,1,1,stimulusMovement,1,0.28093433380126953,0.21163195371627808,1,3.299072265625,1,0.6392319997151692,0.18609845638275146,1,3.3489837646484375
31023.636,2,1,1,stimulusMovement,1,0.2266546885172526,0.0807650089263916,1,3.469696044921875,1,0.6233612696329752,0.21266356110572815,1,3.291015625
31040.302,2,1,1,stimulusMovement,1,0.2231271531846788,0.15571445226669312,1,3.3974761962890625,1,0.585948732164171,0.12896758317947388,1,3.4139404296875
31056.969,2,1,1,stimulusMovement,1,0.0934955808851454,0.00214269757270813,1,3.581512451171875,1,0.5034094916449653,0.13749301433563232,1,3.3299102783203125
31073.636,2,1,1,stimulusMovement,1,0.08228407965766059,-0.262118399143219,1,4.114471435546875,1,0.5502503712972004,0.10310953855514526,1,3.3592987060546875
31090.302,2,1,1,stimulusMovement,1,0.13927173614501953,0.12993958592414856,1,3.3191680908203125,1,0.5077796512179904,0.07922157645225525,1,3.371337890625
31106.969,2,1,1,stimulusMovement,1,0.17551337348090276,-0.05842024087905884,1,3.6681060791015625,1,0.461470709906684,0.05199277400970459,1,3.5206756591796875
31123.636,2,1,1,stimulusMovement,1,0.11514292822943793,-0.004921376705169678,1,3.4749298095703125,1,0.4777232276068793,0.1219625473022461,1,3.3318023681640625
31140.302,2,1,1,stimulusMovement,1,0.1589898003472222,-0.07040619850158691,1,3.788818359375,1,0.47411325242784286,0.07518893480300903,1,3.3660888671875
31156.97,2,1,1,stimulusMovement,1,0.06872897677951388,0.07195180654525757,1,3.3553314208984375,1,0.3960416581895616,0.0056182146072387695,1,3.51580810546875
31173.637,2,1,1,stimulusMovement,1,0.09647475348578559,0.01876699924468994,1,3.5394134521484375,1,0.48160341050889754,0.10364711284637451,1,3.32269287109375
31190.303,2,1,1,stimulusMovement,1,0.09257369571261935,0.06942728161811829,1,3.3667755126953125,1,0.44344933827718097,-0.0026589035987854004,1,3.5149383544921875
31206.97,2,1,1,stimulusMovement,1,0.07294782002766927,0.09679704904556274,1,3.288360595703125,1,0.4416194491916232,0.018998563289642334,1,3.4875335693359375
31223.637,2,1,1,stimulusMovement,1,0.04434564378526475,0.0773310661315918,1,3.2623291015625,1,0.4445988337198893,-0.04282277822494507,1,3.6429443359375
31240.303,2,1,1,stimulusMovement,1,0.07547018263075086,-0.12035554647445679,1,3.7246246337890625,1,0.40421146816677517,0.022956401109695435,1,3.48162841796875
31256.97,2,1,1,stimulusMovement,1,0.026020050048828125,-0.02593696117401123,1,3.5317535400390625,1,0.41314421759711367,-0.017433643341064453,1,3.579132080078125
31273.637,2,1,1,stimulusMovement,0,nan,nan,0,nan,1,0.43054750230577254,-0.027564287185668945,1,3.571197509765625
31290.303,2,1,1,stimulusMovement,0,nan,nan,0,nan,1,0.4080171585083008,-0.14982342720031738,1,3.85247802734375
31306.97,2,1,1,stimulusMovement,1,-0.0007153617011176215,0.00789797306060791,1,3.3729705810546875,1,0.36679553985595703,0.005620360374450684,1,3.4501495361328125
31323.637,2,1,1,stimulusMovement,1,-0.21865638097127277,0.06924337148666382,1,2.89886474609375,1,0.4005694919162326,0.07253164052963257,1,3.2751312255859375
31340.303,2,1,1,stimulusMovement,0,nan,nan,0,nan,1,0.3299277623494466,-0.12147724628448486,1,3.638397216796875
31356.97,2,1,1,stimulusMovement,1,-0.21035438113742402,-0.02625119686126709,1,3.4337310791015625,1,0.3229217529296875,-0.012823402881622314,1,3.4098663330078125
31373.637,2,1,1,stimulusMovement,1,-0.19313589731852213,0.0013894736766815186,1,3.286834716796875,1,0.3188275231255425,-0.07621455192565918,1,3.5030364990234375
31390.303,2,1,1,stimulusMovement,1,-0.04757902357313368,-0.22010481357574463,1,3.790985107421875,1,0.2415252261691623,-0.0880323052406311,1,3.516693115234375
31406.97,2,1,1,stimulusMovement,1,-0.2622036404079861,-0.2970362901687622,1,3.9572906494140625,1,0.30141109890407985,-0.023243308067321777,1,3.404632568359375
31423.637,2,1,1,stimulusMovement,0,nan,nan,0,nan,1,0.26918962266710067,-0.08139383792877197,1,3.5127716064453125
31440.303,2,1,1,stimulusMovement,1,-0.25290166007147896,-0.18186497688293457,1,3.6321258544921875,1,0.31072955661349827,-0.08288311958312988,1,3.4884185791015625
31456.97,2,1,1,stimulusMovement,1,-0.1905390421549479,0.0065375566482543945,1,3.21441650390625,1,0.2010769314236111,-0.04365742206573486,1,3.4052581787109375
31473.638,2,1,1,stimulusMovement,1,-0.07395860883924696,-0.23051470518112183,1,3.6181182861328125,1,0.1998316446940104,-0.2508622407913208,1,3.68994140625
31490.304,2,1,1,stimulusMovement,1,-0.3146711985270182,-0.14642709493637085,1,3.402679443359375,1,0.24730216132269964,-0.21323519945144653,1,3.6076507568359375
31506.971,2,1,1,stimulusMovement,1,-0.25311893886990017,-0.24315494298934937,1,3.6450958251953125,1,0.20916801028781465,-0.3590981960296631,1,3.8934783935546875
31523.638,2,1,1,stimulusMovement,1,-0.24016253153483072,-0.2619099020957947,1,3.701812744140625,1,0.17175769805908203,-0.2088518738746643,1,3.6467132568359375
31540.304,2,1,1,stimulusMovement,1,-0.30285411410861546,-0.08164548873901367,1,3.2862091064453125,1,0.060691515604654946,-0.33131569623947144,1,3.786956787109375
31556.971,2,1,1,stimulusMovement,1,-0.32670169406467015,-0.3447078466415405,1,3.67388916015625,1,0.04806200663248698,-0.1729303002357483,1,3.498443603515625
31573.638,2,1,1,stimulusMovement,1,-0.3584392335679796,-0.34915292263031006,1,3.922821044921875,1,0.050536049736870654,-0.23032140731811523,1,3.6862640380859375
31590.304,2,1,1,stimulusMovement,1,-0.3481737242804633,-0.4067361354827881,1,3.9837188720703125,1,0.11589728461371528,-0.19937705993652344,1,3.6199188232421875
31606.971,2,1,1,stimulusMovement,1,-0.3150387340121799,-0.35764265060424805,1,3.8427581787109375,1,0.16628424326578775,-0.17664813995361328,1,3.569610595703125
31623.638,2,1,1,stimulusMovement,1,-0.31473138597276473,-0.2792154550552368,1,3.6725921630859375,1,0.15973483191596136,-0.25282424688339233,1,3.7110137939453125
31640.304,2,1,1,stimulusMovement,1,-0.3592099083794488,-0.28858017921447754,1,3.6768798828125,1,0.06860807206895617,-0.22955745458602905,1,3.6611785888671875
31656.971,2,1,1,stimulusMovement,1,-0.2838667763604058,-0.2960887551307678,1,3.8387603759765625,1,0.037560780843098954,-0.21621644496917725,1,3.6346588134765625
31673.638,2,1,1,stimulusMovement,1,-0.29179276360405815,-0.2915407419204712,1,3.7364349365234375,1,0.06493420071072048,-0.18854373693466187,1,3.5835113525390625
31690.304,2,1,1,stimulusMovement,1,-0.290578736199273,-0.1970556378364563,1,3.622894287109375,1,0.2581666310628255,-0.2328718900680542,1,3.6826629638671875
31706.971,2,1,1,stimulusMovement,1,-0.24864329232109916,-0.2141202688217163,1,3.6436309814453125,1,0.20713509453667533,-0.2097058892250061,1,3.6265106201171875
31723.638,2,1,1,stimulusMovement,1,-0.23810206519232854,-0.19334959983825684,1,3.7351531982421875,1,0.2640770806206597,-0.14793509244918823,1,3.648193359375
31740.304,2,1,1,stimulusMovement,1,-0.14070685704549152,-0.060183167457580566,1,3.470977783203125,1,0.20610555013020831,-0.16370505094528198,1,3.7181396484375
31756.971,2,1,1,stimulusMovement,1,-0.24785465664333767,-0.40572017431259155,1,4.14202880859375,1,0.2263578838772244,-0.12149006128311157,1,3.7265167236328125
31773.638,2,1,1,stimulusMovement,1,-0.22607686784532333,-0.04607081413269043,1,3.4116363525390625,1,0.288281864590115,-0.0779237151145935,1,3.582916259765625
31790.304,2,1,1,stimulusMovement,1,-0.19823111428154838,-0.1877955198287964,1,3.705413818359375,1,0.32721180386013454,-0.0842980146408081,1,3.5903167724609375
31806.972,2,1,1,stimulusMovement,1,-0.23711909188164604,-0.08762097358703613,1,3.575225830078125,1,0.32777330610487193,-0.143074631690979,1,3.7545928955078125
31823.639,2,1,1,stimulusMovement,0,nan,nan,0,nan,1,0.2948924170600043,-0.17974942922592163,1,3.7778472900390625
31840.305,2,1,1,stimulusMovement,1,-0.2631373405456543,-0.2912067770957947,1,3.9580078125,1,0.2983584933810764,-0.05324506759643555,1,3.4149322509765625
31856.972,2,1,1,stimulusMovement,1,-0.2441038025750054,-0.22571784257888794,1,3.8243865966796875,1,0.31288231743706596,-0.25854378938674927,1,3.796234130859375
31873.639,2,1,1,stimulusMovement,1,-0.12234735488891602,-0.1419251561164856,1,3.5802001953125,1,0.3216145833333333,-0.17088890075683594,1,3.7387542724609375
31890.305,2,1,1,stimulusMovement,1,-0.24141502380371094,-0.27905941009521484,1,3.9513702392578125,0,nan,nan,0,nan
31906.972,2,1,1,stimulusMovement,1,-0.22775279151068792,0.011169761419296265,1,3.2575531005859375,1,0.3357426325480143,-0.14296388626098633,1,3.7271728515625
31923.639,2,1,1,stimulusMovement,1,-0.036365509033203125,-0.2868155241012573,1,3.9514007568359375,1,0.3004823260837131,-0.12786519527435303,1,3.6438751220703125
31940.305,2,1,1,stimulusMovement,1,-0.19426017337375215,-0.20774000883102417,1,3.7693023681640625,1,0.26656786600748694,-0.0963277816772461,1,3.5336456298828125
31956.972,2,1,1,stimulusMovement,1,-0.2064046859741211,-0.06932562589645386,1,3.4166259765625,1,0.2946226331922743,-0.10867828130722046,1,3.55419921875
31973.639,2,1,1,stimulusMovement,1,-0.2413813273111979,-0.42607206106185913,1,4.240478515625,1,0.30829090542263454,-0.030823230743408203,1,3.463134765625
31990.305,2,1,1,stimulusMovement,1,-0.20204639434814453,-0.11625617742538452,1,3.4854583740234375,1,0.33895397186279297,-0.11417758464813232,1,3.6978302001953125
32006.972,2,1,1,stimulusMovement,1,-0.24185943603515625,0.0404701828956604,1,3.218414306640625,1,0.29514439900716144,-0.17276769876480103,1,3.6623077392578125
32023.639,2,1,1,stimulusMovement,1,-0.2506316502888997,-0.17327415943145752,1,3.60430908203125,1,0.2941649754842122,-0.03094339370727539,1,3.499542236328125
32040.305,2,1,1,stimulusMovement,1,-0.20237276289198133,-0.31077778339385986,1,3.93023681640625,1,0.2828429539998372,-0.09347659349441528,1,3.5021209716796875
32056.972,2,1,1,stimulusMovement,1,-0.3017873764038086,-0.10914498567581177,1,3.5430908203125,1,0.2573439280192057,-0.17447292804718018,1,3.667877197265625
32073.639,2,1,1,stimulusMovement,1,-0.3285453054640028,0.013061225414276123,1,3.2233428955078125,1,0.2874333063761393,-0.0531962513923645,1,3.4352569580078125
32090.305,2,1,1,stimulusMovement,0,nan,nan,0,nan,1,0.24023013644748262,-0.09093153476715088,1,3.437408447265625
32106.972,2,1,1,stimulusMovement,1,-0.2377344767252604,-0.19419264793395996,1,3.60137939453125,1,0.29352664947509766,-0.15003138780593872,1,3.591949462890625
32123.639,2,1,1,stimulusMovement,1,-0.2890516387091742,-0.22483128309249878,1,3.6662445068359375,1,0.27326085832383895,-0.0499567985534668,1,3.44378662109375
32140.306,2,1,1,stimulusMovement,0,nan,nan,0,nan,1,0.24253209431966144,-0.07763481140136719,1,3.4467010498046875
32156.973,2,1,1,stimulusMovement,1,-0.29114029142591685,-0.15430980920791626,1,3.4640045166015625,1,0.26054615444607204,-0.13258641958236694,1,3.48431396484375
32173.64,2,1,1,stimulusMovement,0,nan,nan,0,nan,0,nan,nan,0,nan
32190.306,2,1,1,stimulusMovement,1,-0.26592233445909286,-0.15348780155181885,1,3.53363037109375,1,0.2578926086425781,-0.09899383783340454,1,3.41729736328125
32206.973,2,1,1,stimulusMovement,1,-0.27405818303426105,0.030844777822494507,1,3.0773162841796875,1,0.2915652592976888,-0.09917658567428589,1,3.4888916015625
32223.64,2,1,1,stimulusMovement,1,-0.23868762122260198,-0.03479194641113281,1,3.1097412109375,1,0.26626385582817924,-0.11432623863220215,1,3.4134979248046875
32240.306,2,1,1,stimulusMovement,1,-0.1642909049987793,-0.2500638961791992,1,3.6740264892578125,1,0.3009397718641493,-0.15164262056350708,1,3.590057373046875
32256.973,2,1,1,stimulusMovement,1,-0.23894447750515407,-0.06284654140472412,1,3.3150787353515625,1,0.26179059346516925,0.002308189868927002,1,3.3278045654296875
32273.64,2,1,1,stimulusMovement,1,-0.23014672597249347,-0.0708233118057251,1,3.4364166259765625,1,0.2855343288845486,0.04303085803985596,1,3.17803955078125
32290.306,2,1,1,stimulusMovement,1,-0.27335113949245876,-0.23292255401611328,1,3.61004638671875,1,0.28333621554904515,-0.01730436086654663,1,3.2461700439453125
32306.973,2,1,1,stimulusMovement,0,nan,nan,0,nan,1,0.25613276163736975,-0.012947261333465576,1,3.1873626708984375
32323.64,2,1,1,stimulusMovement,1,-0.3215696546766493,-0.27105462551116943,1,3.6993255615234375,1,0.3370050854153103,-0.07042485475540161,1,3.34722900390625
32340.306,2,1,1,stimulusMovement,1,-0.24276087019178602,-0.059429168701171875,1,3.2713470458984375,1,0.3037181430392795,-0.03582876920700073,1,3.2971649169921875
32356.973,2,1,1,stimulusMovement,0,nan,nan,0,nan,1,0.29554769727918834,-0.11838608980178833,1,3.4572601318359375
32373.64,2,1,1,stimulusMovement,1,-0.3221975962320963,-0.046106040477752686,1,3.2064971923828125,1,0.270780775282118,-0.12014502286911011,1,3.4569549560546875
32390.306,2,1,1,stimulusMovement,0,nan,nan,0,nan,1,0.26909637451171875,-0.09287047386169434,1,3.3956298828125
32406.973,2,1,1,stimulusMovement,1,-0.29601542154947913,-0.06378364562988281,1,3.409515380859375,1,0.3014673656887478,-0.12841171026229858,1,3.484832763671875
32423.64,2,1,1,stimulusMovement,1,-0.23309315575493705,-0.06004130840301514,1,3.35833740234375,1,0.30185360378689235,-0.17291539907455444,1,3.676361083984375
32440.306,2,1,1,stimulusMovement,0,nan,nan,0,nan,1,0.259698126051161,-0.1421884298324585,1,3.575408935546875
32456.974,2,1,1,stimulusMovement,1,-0.2604103088378906,-0.11310869455337524,1,3.3479766845703125,1,0.22562535603841144,-0.1335729956626892,1,3.5860137939453125
32473.641,2,1,1,stimulusMovement,1,-0.2890538109673394,-0.23559457063674927,1,3.746185302734375,1,0.204010009765625,-0.1840190887451172,1,3.593475341796875
32490.307,2,1,1,stimulusMovement,1,-0.24644666247897676,-0.049944937229156494,1,3.2689208984375,1,0.26749769846598304,-0.22963792085647583,1,3.815887451171875
32506.974,2,1,1,stimulusMovement,0,nan,nan,0,nan,1,0.24583742353651258,-0.10367405414581299,1,3.5573272705078125
32523.641,2,1,1,stimulusMovement,1,-0.2786473168267144,-0.1662009358406067,1,3.6189422607421875,1,0.32737414042154944,-0.11475300788879395,1,3.5752716064453125
32540.307,2,1,1,stimulusMovement,1,-0.23144865036010742,-0.018165886402130127,1,3.3631134033203125,1,0.24139891730414495,-0.07391870021820068,1,3.561676025390625
32556.974,2,1,1,stimulusMovement,1,-0.16480578316582573,-0.07169008255004883,1,3.3763427734375,1,0.3342845704820421,-0.17952638864517212,1,3.63592529296875
32573.641,2,1,1,stimulusMovement,1,-0.28768168555365664,-0.10013359785079956,1,3.466339111328125,1,0.2787342071533203,-0.07434546947479248,1,3.5550994873046875
32590.307,2,1,1,stimulusMovement,1,-0.23973904715643987,-0.20897233486175537,1,3.68707275390625,1,0.30436770121256507,-0.17371642589569092,1,3.735382080078125
32606.974,2,1,1,stimulusMovement,1,-0.14186954498291016,-0.15388941764831543,1,3.6609954833984375,1,0.24005868699815536,-0.00360107421875,1,3.32574462890625
32623.641,2,1,1,stimulusMovement,1,-0.29265620973375106,-0.23835736513137817,1,3.718841552734375,1,0.2902551227145725,-0.07182866334915161,1,3.4820556640625
32640.307,2,1,1,stimulusMovement,1,-0.2749474313524034,-0.24494779109954834,1,3.7528839111328125,1,0.26229190826416016,-0.13266313076019287,1,3.6058807373046875
32656.974,2,1,1,stimulusMovement,1,-0.22649288177490234,-0.03918170928955078,1,3.3392791748046875,1,0.2600574493408203,-0.025797486305236816,1,3.3398590087890625
32673.641,2,1,1,stimulusMovement,0,nan,nan,0,nan,1,0.27379957834879554,-0.09859907627105713,1,3.5407867431640625
32690.307,2,1,1,stimulusMovement,1,-0.06404283311631945,-0.20347493886947632,1,3.7215118408203125,1,0.24728435940212673,-0.13219398260116577,1,3.6100311279296875
32706.974,2,1,1,stimulusMovement,1,-0.2779616779751248,-0.1442660093307495,1,3.5099639892578125,1,0.2609178755018446,-0.05406928062438965,1,3.3586273193359375
32723.641,2,1,1,stimulusMovement,1,-0.2849340968661838,-0.226019024848938,1,3.8030548095703125,1,0.30984221564398867,-0.1116291880607605,1,3.4725341796875
32740.307,2,1,1,stimulusMovement,1,-0.22207376692030165,-0.1714414358139038,1,3.6053924560546875,1,0.2532760832044813,-0.16791468858718872,1,3.55987548828125
32756.974,2,1,1,stimulusMovement,1,-0.280580997467041,-0.05934721231460571,1,3.3264312744140625,1,0.2699306276109483,-0.10836809873580933,1,3.4991302490234375
32773.641,2,1,1,stimulusMovement,1,-0.06001785066392686,-0.12850695848464966,1,3.5606231689453125,1,0.24455706278483072,-0.05844533443450928,1,3.4011688232421875
32790.308,2,1,1,stimulusMovement,1,-0.3243638674418131,0.010420292615890503,1,3.2685089111328125,1,0.30434672037760413,-0.023649752140045166,1,3.33587646484375
32806.975,2,1,1,stimulusMovement,1,-0.24153078926934135,-0.1999446153640747,1,3.6459197998046875,1,0.3016914791531033,-0.19944894313812256,1,3.66046142578125
32823.642,2,1,1,stimulusMovement,1,-0.2234413358900282,-0.18161606788635254,1,3.548248291015625,1,0.2827933629353841,-0.0600125789642334,1,3.37054443359375
32840.308,2,1,1,stimulusMovement,0,nan,nan,0,nan,1,0.2831759982638889,-0.05830448865890503,1,3.3501739501953125
32856.975,2,1,1,stimulusMovement,1,-0.2076219982571072,-0.15472173690795898,1,3.4971771240234375,1,0.28096093071831596,-0.01290041208267212,1,3.2933502197265625
32873.642,2,1,1,stimulusMovement,0,nan,nan,0,nan,1,0.275931888156467,-0.09861409664154053,1,3.3820953369140625
32890.308,2,1,1,stimulusMovement,0,nan,nan,0,nan,1,0.20673476325141057,-0.11682748794555664,1,3.4147186279296875
32906.975,2,1,1,stimulusMovement,1,-0.25530687967936194,-0.1934993863105774,1,3.627716064453125,1,0.32571718427870006,-0.07987695932388306,1,3.3693389892578125
32923.642,2,1,1,stimulusMovement,1,-0.22381745444403753,-0.1669752597808838,1,3.516326904296875,1,0.24213027954101562,-0.017874598503112793,1,3.21002197265625
32940.308,2,1,1,stimulusMovement,1,-0.25919516881306964,-0.023668885231018066,1,3.0193634033203125,1,0.2284767362806532,-0.12646114826202393,1,3.459747314453125
32956.975,2,1,1,fixation,1,-0.18882465362548828,-0.07173234224319458,1,3.2920074462890625,1,0.2781737645467122,-0.057299911975860596,1,3.3551177978515625
32973.642,2,1,1,fixation,1,-0.25649335649278426,0.006399691104888916,1,3.0440826416015625,1,0.2502531475490994,-0.07524287700653076,1,3.3350677490234375
32990.308,2,1,1,fixation,0,nan,nan,0,nan,0,nan,nan,0,nan
33006.975,2,1,1,fixation,0,nan,nan,0,nan,0,nan,nan,0,nan
33023.642,2,1,1,fixation,0,nan,nan,0,nan,0,nan,nan,0,nan
33040.309,2,1,1,fixation,1,-0.27087222205268013,-0.22421765327453613,1,3.49029541015625,1,0.3570099936591254,-0.15582120418548584,1,3.440521240234375
33056.975,2,1,1,fixation,0,nan,nan,0,nan,0,nan,nan,0,nan
33073.642,2,1,1,fixation,0,nan,nan,0,nan,0,nan,nan,0,nan
33090.308,2,1,1,fixation,0,nan,nan,0,nan,0,nan,nan,0,nan
33106.976,2,1,1,fixation,1,-0.2477828131781684,-0.13905173540115356,1,3.3051605224609375,1,0.30807420942518443,-0.10450166463851929,1,3.3031463623046875
33123.643,2,1,1,fixation,0,nan,nan,0,nan,0,nan,nan,0,nan
33140.309,2,1,1,fixation,0,nan,nan,0,nan,0,nan,nan,0,nan
33156.976,2,1,1,fixation,0,nan,nan,0,nan,0,nan,nan,0,nan
33173.643,2,1,1,fixation,1,-0.22070852915445963,-0.28856873512268066,1,3.630828857421875,0,nan,nan,0,nan
33190.309,2,1,1,fixation,0,nan,nan,0,nan,0,nan,nan,0,nan
33206.976,2,1,1,fixation,0,nan,nan,0,nan,0,nan,nan,0,nan
33223.643,2,1,1,fixation,0,nan,nan,0,nan,0,nan,nan,0,nan
33240.31,2,1,1,fixation,1,-0.24222914377848306,-0.1723642349243164,1,3.2799072265625,1,0.29631127251519096,-0.1935051679611206,1,3.4347686767578125
33256.976,2,1,1,fixation,0,nan,nan,0,nan,0,nan,nan,0,nan
33273.643,2,1,1,fixation,0,nan,nan,0,nan,0,nan,nan,0,nan
33290.309,2,1,1,fixation,0,nan,nan,0,nan,0,nan,nan,0,nan
33306.976,2,1,1,fixation,1,-0.3026772605048285,-0.3484935760498047,1,3.62908935546875,1,0.2534441418117947,-0.07482379674911499,1,3.1163482666015625
33323.643,2,1,1,fixation,0,nan,nan,0,nan,0,nan,nan,0,nan
33340.309,2,1,1,fixation,0,nan,nan,0,nan,0,nan,nan,0,nan
33356.976,2,1,1,fixation,0,nan,nan,0,nan,0,nan,nan,0,nan
33373.643,2,1,1,fixation,1,-0.29197507434421116,-0.16789740324020386,1,3.2283172607421875,1,0.28084786732991535,-0.23140698671340942,1,3.421234130859375
33390.309,2,1,1,fixation,0,nan,nan,0,nan,0,nan,nan,0,nan
33406.976,2,1,1,fixation,0,nan,nan,0,nan,0,nan,nan,0,nan
33423.643,2,1,1,fixation,0,nan,nan,0,nan,0,nan,nan,0,nan
33440.311,2,1,1,fixation,1,-0.3131478627522786,-0.09951770305633545,1,3.0900115966796875,1,0.24838468763563368,-0.02675849199295044,1,3.035888671875
33456.977,2,1,1,fixation,0,nan,nan,0,nan,0,nan,nan,0,nan
33473.643,2,1,1,fixation,0,nan,nan,0,nan,0,nan,nan,0,nan
33490.309,2,1,1,fixation,0,nan,nan,0,nan,0,nan,nan,0,nan
33506.975,2,1,1,fixation,1,-0.2604688008626302,-0.14062631130218506,1,3.299468994140625,1,0.26687113444010413,-0.0641789436340332,1,3.1229400634765625
33523.641,2,1,1,fixation,0,nan,nan,0,nan,0,nan,nan,0,nan
33540.306,2,1,1,fixation,0,nan,nan,0,nan,0,nan,nan,0,nan
33556.972,2,1,1,fixation,0,nan,nan,0,nan,0,nan,nan,0,nan
33573.639,2,1,1,fixation,1,0.8107223510742188,-0.0265505313873291,1,3.32568359375,1,0.3097251256306966,-0.16710829734802246,1,3.3094329833984375
33590.304,2,1,1,fixation,0,nan,nan,0,nan,0,nan,nan,0,nan
33606.97,2,1,1,fixation,0,nan,nan,0,nan,0,nan,nan,0,nan
33623.636,2,1,1,fixation,0,nan,nan,0,nan,0,nan,nan,0,nan
33640.303,2,1,1,fixation,1,-0.25037818484836155,-0.13185471296310425,1,3.3247528076171875,1,0.22672239939371744,-0.09466469287872314,1,3.2643585205078125
33656.968,2,1,1,fixation,0,nan,nan,0,nan,0,nan,nan,0,nan
33673.634,2,1,1,fixation,0,nan,nan,0,nan,0,nan,nan,0,nan
33690.3,2,1,1,fixation,0,nan,nan,0,nan,0,nan,nan,0,nan
33706.966,2,1,1,fixation,1,-0.33647367689344615,-0.13607275485992432,1,3.2459564208984375,1,0.2277100880940755,0.005400121212005615,1,3.0311279296875
33723.632,2,1,1,fixation,0,nan,nan,0,nan,0,nan,nan,0,nan
33740.297,2,1,1,fixation,0,nan,nan,0,nan,0,nan,nan,0,nan
33756.964,2,1,1,fixation,0,nan,nan,0,nan,0,nan,nan,0,nan
33773.631,2,1,1,fixation,0,nan,nan,0,nan,1,0.23729875352647567,-0.11579692363739014,1,3.2956695556640625
33790.296,2,1,1,fixation,0,nan,nan,0,nan,0,nan,nan,0,nan
33806.962,2,1,1,fixation,0,nan,nan,0,nan,0,nan,nan,0,nan
33823.628,2,1,1,fixation,0,nan,nan,0,nan,0,nan,nan,0,nan
33840.295,2,1,1,fixation,0,nan,nan,0,nan,1,0.1759497324625651,-0.18791258335113525,1,3.564453125
33856.96,2,1,1,fixation,0,nan,nan,0,nan,0,nan,nan,0,nan
33873.626,2,1,1,fixation,0,nan,nan,0,nan,0,nan,nan,0,nan
33890.292,2,1,1,fixation,0,nan,nan,0,nan,0,nan,nan,0,nan
33906.958,2,1,1,fixation,1,-0.2944243748982747,-0.16702038049697876,1,3.4219512939453125,1,0.27993837992350257,-0.11187750101089478,1,3.390289306640625
33923.624,2,1,1,fixation,0,nan,nan,0,nan,0,nan,nan,0,nan
33940.289,2,1,1,fixation,0,nan,nan,0,nan,0,nan,nan,0,nan
33956.955,2,1,1,fixation,0,nan,nan,0,nan,0,nan,nan,0,nan
33973.622,2,1,1,fixation,1,-0.2745831807454427,-0.17152619361877441,1,3.4943389892578125,1,0.24867619408501518,-0.1031578779220581,1,3.3946075439453125
33990.287,2,1,1,fixation,0,nan,nan,0,nan,0,nan,nan,0,nan
34006.953,2,1,1,fixation,0,nan,nan,0,nan,0,nan,nan,0,nan
34023.619,2,1,1,fixation,0,nan,nan,0,nan,0,nan,nan,0,nan
34040.286,2,1,1,fixation,1,-0.2601117028130425,-0.042644202709198,1,3.2964019775390625,1,0.29631127251519096,-0.22049164772033691,1,3.726287841796875
34056.951,2,1,1,fixation,0,nan,nan,0,nan,0,nan,nan,0,nan
34073.617,2,1,1,fixation,0,nan,nan,0,nan,0,nan,nan,0,nan
34090.284,2,1,1,fixation,0,nan,nan,0,nan,0,nan,nan,0,nan
34106.95,2,1,1,fixation,1,-0.2919621997409397,-0.13515996932983398,1,3.38018798828125,1,0.3144372304280599,-0.1881081461906433,1,3.701629638671875
34123.616,2,1,1,fixation,0,nan,nan,0,nan,0,nan,nan,0,nan
34140.281,2,1,1,fixation,0,nan,nan,0,nan,0,nan,nan,0,nan
34156.947,2,1,1,fixation,0,nan,nan,0,nan,0,nan,nan,0,nan
34173.614,2,1,1,fixation,1,-0.2919510205586751,-0.28708183765411377,1,3.8249969482421875,1,0.22550678253173828,-0.10032451152801514,1,3.5231781005859375
34190.279,2,1,1,fixation,0,nan,nan,0,nan,0,nan,nan,0,nan
34206.945,2,1,1,fixation,0,nan,nan,0,nan,0,nan,nan,0,nan
34223.611,2,1,1,fixation,0,nan,nan,0,nan,0,nan,nan,0,nan
34240.278,2,1,1,fixation,1,-0.23959551917182073,-0.2171970009803772,1,3.6372528076171875,1,0.24506325191921657,-0.10932445526123047,1,3.54351806640625
34256.943,2,1,1,fixation,0,nan,nan,0,nan,0,nan,nan,0,nan
34273.609,2,1,1,fixation,0,nan,nan,0,nan,0,nan,nan,0,nan
34290.275,2,1,1,fixation,0,nan,nan,0,nan,0,nan,nan,0,nan
34306.941,2,1,1,fixation,1,-0.19224484761555988,-0.11953967809677124,1,3.45526123046875,1,0.2648995717366536,-0.10146045684814453,1,3.562225341796875
34323.607,2,1,1,fixation,0,nan,nan,0,nan,0,nan,nan,0,nan
34340.272,2,1,1,fixation,0,nan,nan,0,nan,0,nan,nan,0,nan
34356.938,2,1,1,fixation,0,nan,nan,0,nan,0,nan,nan,0,nan
34373.605,2,1,1,fixation,0,nan,nan,0,nan,0,nan,nan,0,nan
34390.27,2,1,1,fixation,0,nan,nan,0,nan,0,nan,nan,0,nan
34406.937,2,1,1,fixation,0,nan,nan,0,nan,0,nan,nan,0,nan
34423.603,2,1,1,fixation,0,nan,nan,0,nan,0,nan,nan,0,nan
34440.27,2,1,1,fixation,0,nan,nan,0,nan,0,nan,nan,0,nan
34456.935,2,1,1,fixation,0,nan,nan,0,nan,0,nan,nan,0,nan
34473.601,2,1,1,fixation,0,nan,nan,0,nan,0,nan,nan,0,nan
34490.267,2,1,1,fixation,0,nan,nan,0,nan,0,nan,nan,0,nan
34506.933,2,1,1,fixation,0,nan,nan,0,nan,0,nan,nan,0,nan
34523.599,2,1,1,fixation,0,nan,nan,0,nan,0,nan,nan,0,nan
34540.264,2,1,1,fixation,0,nan,nan,0,nan,0,nan,nan,0,nan
34556.93,2,1,1,fixation,0,nan,nan,0,nan,0,nan,nan,0,nan
34573.597,2,1,1,fixation,0,nan,nan,0,nan,1,0.23450035519070095,-0.2035805583000183,1,3.666748046875
34590.262,2,1,1,fixation,0,nan,nan,0,nan,0,nan,nan,0,nan
34606.928,2,1,1,fixation,0,nan,nan,0,nan,0,nan,nan,0,nan
34623.594,2,1,1,fixation,0,nan,nan,0,nan,0,nan,nan,0,nan
34640.261,2,1,1,fixation,1,-0.21577315860324434,-0.2312132716178894,1,3.716949462890625,1,0.27878485785590273,-0.23648273944854736,1,3.7992706298828125
34656.926,2,1,1,fixation,0,nan,nan,0,nan,0,nan,nan,0,nan
34673.592,2,1,1,fixation,0,nan,nan,0,nan,0,nan,nan,0,nan
34690.258,2,1,1,fixation,0,nan,nan,0,nan,0,nan,nan,0,nan
34706.924,2,1,1,fixation,1,-0.20572079552544487,-0.162244975566864,1,3.6475830078125,1,0.29553678300645614,-0.14083701372146606,1,3.5326690673828125
34723.59,2,1,1,fixation,0,nan,nan,0,nan,0,nan,nan,0,nan
34740.256,2,1,1,fixation,0,nan,nan,0,nan,0,nan,nan,0,nan
34756.922,2,1,1,fixation,0,nan,nan,0,nan,0,nan,nan,0,nan
34773.589,2,1,1,fixation,0,nan,nan,0,nan,1,0.24597443474663627,-0.13929617404937744,1,3.562347412109375
34790.254,2,1,1,fixation,0,nan,nan,0,nan,0,nan,nan,0,nan
34806.92,2,1,1,fixation,0,nan,nan,0,nan,0,nan,nan,0,nan
34823.586,2,1,1,fixation,0,nan,nan,0,nan,0,nan,nan,0,nan
34840.253,2,1,1,fixation,0,nan,nan,0,nan,1,0.2307692633734809,-0.11796224117279053,1,3.4857635498046875
34856.918,2,1,1,fixation,0,nan,nan,0,nan,0,nan,nan,0,nan
34873.584,2,1,1,fixation,0,nan,nan,0,nan,0,nan,nan,0,nan
34890.25,2,1,1,fixation,0,nan,nan,0,nan,0,nan,nan,0,nan
34906.916,2,1,1,fixation,1,-0.2895036803351508,0.09995067119598389,1,2.8289337158203125,1,0.23959212832980684,-0.09594923257827759,1,3.3970489501953125
34923.582,2,1,1,fixation,0,nan,nan,0,nan,0,nan,nan,0,nan
34940.247,2,1,1,fixation,0,nan,nan,0,nan,0,nan,nan,0,nan
34956.913,2,1,1,fixation,0,nan,nan,0,nan,0,nan,nan,0,nan
34973.58,2,1,1,fixation,1,-0.2914500766330295,0.01703384518623352,1,3.0570526123046875,1,0.2463550567626953,-0.0775446891784668,1,3.193023681640625
34990.245,2,1,1,fixation,0,nan,nan,0,nan,0,nan,nan,0,nan
35006.911,2,1,1,fixation,0,nan,nan,0,nan,0,nan,nan,0,nan
35023.577,2,1,1,fixation,0,nan,nan,0,nan,0,nan,nan,0,nan
35040.244,2,1,1,fixation,1,-0.23580069012112087,-0.1754995584487915,1,3.2938690185546875,1,0.2505726284450955,-0.01868218183517456,1,3.039459228515625
35056.91,2,1,1,fixation,0,nan,nan,0,nan,0,nan,nan,0,nan
35073.576,2,1,1,fixation,0,nan,nan,0,nan,0,nan,nan,0,nan
35090.242,2,1,1,fixation,0,nan,nan,0,nan,0,nan,nan,0,nan
35106.908,2,1,1,fixation,1,-0.15647591484917533,0.03250584006309509,1,2.8265838623046875,1,0.23648749457465276,-0.11682760715484619,1,3.1956787109375
35123.574,2,1,1,fixation,0,nan,nan,0,nan,0,nan,nan,0,nan
35140.239,2,1,1,fixation,0,nan,nan,0,nan,0,nan,nan,0,nan
35156.905,2,1,1,fixation,0,nan,nan,0,nan,0,nan,nan,0,nan
35173.572,2,1,1,fixation,1,-0.21817138459947372,0.11818712949752808,1,2.691375732421875,1,0.2611064910888672,-0.18463903665542603,1,3.3258514404296875
35190.237,2,1,1,fixation,0,nan,nan,0,nan,0,nan,nan,0,nan
35206.903,2,1,1,fixation,0,nan,nan,0,nan,0,nan,nan,0,nan
35223.569,2,1,1,fixation,0,nan,nan,0,nan,0,nan,nan,0,nan
35240.236,2,1,1,fixation,1,-0.2584418190850152,-0.11683923006057739,1,3.0186004638671875,1,0.23205407460530597,-0.15300220251083374,1,3.19757080078125
35256.901,2,1,1,fixation,0,nan,nan,0,nan,0,nan,nan,0,nan
35273.567,2,1,1,fixation,0,nan,nan,0,nan,0,nan,nan,0,nan
35290.233,2,1,1,fixation,0,nan,nan,0,nan,0,nan,nan,0,nan
35306.899,2,1,1,fixation,1,-0.28038549423217773,-0.1140708327293396,1,3.171356201171875,1,0.23372809092203775,-0.1554127335548401,1,3.3455352783203125
35323.565,2,1,1,fixation,0,nan,nan,0,nan,0,nan,nan,0,nan
35340.23,2,1,1,fixation,0,nan,nan,0,nan,0,nan,nan,0,nan
35356.896,2,1,1,fixation,0,nan,nan,0,nan,0,nan,nan,0,nan
35373.563,2,1,1,fixation,1,-0.2778088251749674,-0.2787226438522339,1,3.518218994140625,1,0.24583519829644096,0.06535392999649048,1,2.9369049072265625
35390.229,2,1,1,fixation,0,nan,nan,0,nan,0,nan,nan,0,nan
35406.895,2,1,1,fixation,0,nan,nan,0,nan,0,nan,nan,0,nan
35423.561,2,1,1,fixation,0,nan,nan,0,nan,0,nan,nan,0,nan
35440.228,2,1,1,fixation,1,-0.24295261171129012,-0.14382076263427734,1,3.2937164306640625,1,0.26785702175564235,-0.1791669726371765,1,3.41241455078125
35456.893,2,1,1,fixation,0,nan,nan,0,nan,0,nan,nan,0,nan
35473.559,2,1,1,fixation,0,nan,nan,0,nan,0,nan,nan,0,nan
35490.225,2,1,1,fixation,0,nan,nan,0,nan,0,nan,nan,0,nan
35506.891,2,1,1,fixation,0,nan,nan,0,nan,0,nan,nan,0,nan
35523.557,2,1,1,fixation,0,nan,nan,0,nan,0,nan,nan,0,nan
35540.222,2,1,1,fixation,0,nan,nan,0,nan,0,nan,nan,0,nan
35556.888,2,1,1,fixation,0,nan,nan,0,nan,0,nan,nan,0,nan
35573.555,2,1,1,fixation,0,nan,nan,0,nan,0,nan,nan,0,nan
35590.22,2,1,1,fixation,0,nan,nan,0,nan,0,nan,nan,0,nan
35606.886,2,1,1,fixation,0,nan,nan,0,nan,0,nan,nan,0,nan
35623.552,2,1,1,fixation,0,nan,nan,0,nan,0,nan,nan,0,nan
35640.219,2,1,1,fixation,0,nan,nan,0,nan,0,nan,nan,0,nan
35656.884,2,1,1,fixation,0,nan,nan,0,nan,0,nan,nan,0,nan
35673.55,2,1,1,fixation,0,nan,nan,0,nan,0,nan,nan,0,nan
35690.216,2,1,1,fixation,0,nan,nan,0,nan,0,nan,nan,0,nan
35706.883,2,1,1,fixation,1,-0.2579396565755208,-0.03898417949676514,1,3.17987060546875,0,nan,nan,0,nan
35723.549,2,1,1,fixation,0,nan,nan,0,nan,0,nan,nan,0,nan
35740.214,2,1,1,fixation,0,nan,nan,0,nan,0,nan,nan,0,nan
35756.88,2,1,1,fixation,0,nan,nan,0,nan,0,nan,nan,0,nan
35773.547,2,1,1,fixation,1,-0.2753560807969835,-0.07820886373519897,1,3.3048858642578125,1,0.19946617550320095,-0.1586071252822876,1,3.5853118896484375
35790.212,2,1,1,fixation,0,nan,nan,0,nan,0,nan,nan,0,nan
35806.878,2,1,1,fixation,0,nan,nan,0,nan,0,nan,nan,0,nan
35823.544,2,1,1,fixation,0,nan,nan,0,nan,0,nan,nan,0,nan
35840.211,2,1,1,fixation,1,-0.30785804324679905,-0.04137390851974487,1,3.324493408203125,1,0.24756495157877603,-0.0779762864112854,1,3.532318115234375
35856.876,2,1,1,fixation,0,nan,nan,0,nan,0,nan,nan,0,nan
35873.542,2,1,1,fixation,0,nan,nan,0,nan,0,nan,nan,0,nan
35890.208,2,1,1,fixation,0,nan,nan,0,nan,0,nan,nan,0,nan
35906.874,2,1,1,fixation,1,-0.3131472799513075,-0.09738302230834961,1,3.3663177490234375,1,0.30459806654188365,-0.06669694185256958,1,3.4473876953125
35923.54,2,1,1,fixation,0,nan,nan,0,nan,0,nan,nan,0,nan
35940.205,2,1,1,fixation,0,nan,nan,0,nan,0,nan,nan,0,nan
35956.871,2,1,1,fixation,0,nan,nan,0,nan,0,nan,nan,0,nan
35973.538,2,1,1,fixation,1,-0.24518648783365884,-0.10710817575454712,1,3.3744049072265625,1,0.28401735093858504,-0.2096872329711914,1,3.796234130859375
35990.203,2,1,1,stimulusMovement,0,nan,nan,0,nan,0,nan,nan,0,nan
36006.869,2,1,1,stimulusMovement,0,nan,nan,0,nan,0,nan,nan,0,nan
36023.536,2,1,1,stimulusMovement,1,-0.04304207695855034,-0.2473611831665039,1,3.90594482421875,1,0.24711343977186415,-0.20625174045562744,1,3.7252960205078125
36040.202,2,1,1,stimulusMovement,1,-0.16318077511257595,0.01283496618270874,1,3.115142822265625,1,0.272178226047092,-0.09610342979431152,1,3.4053955078125
36056.868,2,1,1,stimulusMovement,1,-0.2932630115085178,-0.06920218467712402,1,3.199127197265625,1,0.21288108825683594,-0.06553852558135986,1,3.43267822265625
36073.534,2,1,1,stimulusMovement,1,-0.242382632361518,-0.07561516761779785,1,3.2357635498046875,1,0.2821555667453342,-0.0942150354385376,1,3.4596710205078125
36090.199,2,1,1,stimulusMovement,1,-0.12778748406304252,-0.09461164474487305,1,3.20220947265625,1,0.26260397169325084,-0.07332569360733032,1,3.33660888671875
36106.865,2,1,1,stimulusMovement,1,-0.23892254299587673,-0.11162006855010986,1,3.324737548828125,1,0.2882484859890408,-0.22242653369903564,1,3.5881805419921875
36123.531,2,1,1,stimulusMovement,0,nan,nan,0,nan,1,0.23811043633355033,-0.11355018615722656,1,3.4613037109375
36140.196,2,1,1,stimulusMovement,1,-0.24750449922349715,0.031076431274414062,1,2.99688720703125,1,0.2385507159762912,-0.09151798486709595,1,3.4054107666015625
36156.862,2,1,1,stimulusMovement,1,-0.22657627529568142,-0.051683783531188965,1,3.0618133544921875,1,0.2539857228597005,-0.09805178642272949,1,3.2927703857421875
36173.528,2,1,1,stimulusMovement,1,-0.30215252770317924,-0.16891205310821533,1,3.3202667236328125,1,0.17613983154296875,-0.06326603889465332,1,3.247528076171875
36190.193,2,1,1,stimulusMovement,1,-0.26153585645887584,0.05351230502128601,1,2.9029388427734375,1,0.21622276306152344,-0.06448513269424438,1,3.3134307861328125
36206.859,2,1,1,stimulusMovement,1,-0.23342037200927734,-0.08064007759094238,1,3.069549560546875,1,0.2460013495551215,-0.08718514442443848,1,3.215179443359375
36223.525,2,1,1,stimulusMovement,1,-0.28775543636745876,-0.05235213041305542,1,3.0525360107421875,1,0.2538745668199327,-0.09847140312194824,1,3.2059326171875
36240.19,2,1,1,stimulusMovement,1,-0.3158169322543674,-0.10189592838287354,1,3.181243896484375,1,0.2020111083984375,-0.021942496299743652,1,3.12957763671875
36256.857,2,1,1,stimulusMovement,0,nan,nan,0,nan,1,0.22567198011610243,-0.13442623615264893,1,3.2746124267578125
36273.524,2,1,1,stimulusMovement,1,-0.305499447716607,-0.0821794867515564,1,3.0403289794921875,1,0.2150403128729926,-0.017444729804992676,1,2.9815521240234375
36290.19,2,1,1,stimulusMovement,1,-0.27740150027804905,-0.0716293454170227,1,2.9728851318359375,1,0.19407590230305988,-0.05078601837158203,1,3.0880584716796875
36306.857,2,1,1,stimulusMovement,1,-0.16292821036444768,-0.08878880739212036,1,3.11029052734375,1,0.2434671190049913,-0.11780774593353271,1,3.24420166015625
36323.524,2,1,1,stimulusMovement,1,-0.31724304623074,-0.05386912822723389,1,2.97509765625,0,nan,nan,0,nan
36340.19,2,1,1,stimulusMovement,1,-0.22629748450385198,-0.08484399318695068,1,3.0267791748046875,1,0.244950082567003,-0.011919140815734863,1,3.0023193359375
36356.858,2,1,1,stimulusMovement,1,-0.2700983683268229,-0.16161513328552246,1,3.203643798828125,1,0.2725147671169705,-0.13945776224136353,1,3.3325653076171875
36373.525,2,1,1,stimulusMovement,1,-0.23098595937093097,-0.03511929512023926,1,2.9275970458984375,1,0.14413462744818792,-0.16367459297180176,1,3.2456817626953125
36390.191,2,1,1,stimulusMovement,1,-0.20890543195936415,-0.09027653932571411,1,3.0365447998046875,1,0.2242338392469618,-0.0030798912048339844,1,2.9842681884765625
36406.858,2,1,1,stimulusMovement,1,-0.2631027433607313,0.00688403844833374,1,2.8113250732421875,1,0.20963785383436415,-0.08888256549835205,1,3.1854400634765625
36423.525,2,1,1,stimulusMovement,1,-0.22249041663275823,-0.1019057035446167,1,3.0310516357421875,1,0.23412026299370658,-0.015032768249511719,1,3.006988525390625
36440.191,2,1,1,stimulusMovement,1,-0.12024031745062934,-0.25321948528289795,1,3.4241180419921875,1,0.22868453131781682,0.013974010944366455,1,2.9391326904296875
36456.857,2,1,1,stimulusMovement,1,-0.23575115203857422,0.009960472583770752,1,2.9096527099609375,1,0.2601666980319553,-0.1739087700843811,1,3.368072509765625
36473.525,2,1,1,stimulusMovement,1,-0.22322845458984375,-0.05210065841674805,1,3.056610107421875,1,0.2550593482123481,-0.17782169580459595,1,3.331695556640625
36490.191,2,1,1,stimulusMovement,0,nan,nan,0,nan,1,0.20862123701307508,-0.03622668981552124,1,2.9461822509765625
36506.858,2,1,1,stimulusMovement,0,nan,nan,0,nan,1,0.2448839611477322,-0.08957231044769287,1,3.12322998046875
36523.525,2,1,1,stimulusMovement,0,nan,nan,0,nan,1,0.21375052134195963,-0.08968746662139893,1,3.099151611328125
36540.191,2,1,1,stimulusMovement,1,-0.2754506535000271,-0.33537012338638306,1,3.62744140625,1,0.2598388459947374,-0.030561447143554688,1,3.005889892578125
36556.858,2,1,1,stimulusMovement,1,-0.15434890323215059,-0.008727431297302246,1,2.9170989990234375,1,0.20260482364230684,-0.052844882011413574,1,3.03631591796875
36573.525,2,1,1,stimulusMovement,1,-0.2968765364752875,-0.24731987714767456,1,3.4848175048828125,1,0.27028009626600474,-0.036411166191101074,1,3.1090545654296875
36590.191,2,1,1,stimulusMovement,1,-0.2824537489149305,-0.2614706754684448,1,3.5120849609375,1,0.25436613294813365,-0.40381455421447754,1,3.909942626953125
36606.858,2,1,1,stimulusMovement,1,-0.2436593903435601,-0.12668585777282715,1,3.087127685546875,1,0.2546184327867296,-0.2066807746887207,1,3.403778076171875
36623.525,2,1,1,stimulusMovement,1,-0.22586939069959852,-0.3926076292991638,1,3.8559417724609375,1,0.15833314259847003,-0.23924148082733154,1,3.4323272705078125
36640.19,2,1,1,stimulusMovement,1,-0.30445771747165257,-0.2955304980278015,1,3.489105224609375,1,0.26413292355007595,-0.05640673637390137,1,3.077178955078125
36656.858,2,1,1,stimulusMovement,1,-0.2920951843261719,-0.27448606491088867,1,3.48150634765625,1,0.2941185633341471,-0.17711693048477173,1,3.4371795654296875
36673.525,2,1,1,stimulusMovement,1,-0.2680889765421549,-0.029275119304656982,1,2.9301605224609375,1,0.2659759521484375,0.015501320362091064,1,2.92578125
36690.192,2,1,1,stimulusMovement,0,nan,nan,0,nan,0,nan,nan,0,nan
36706.859,2,1,1,stimulusMovement,0,nan,nan,0,nan,1,0.2793451944986979,-0.12134557962417603,1,3.2708740234375
36723.526,2,1,1,stimulusMovement,1,-0.09036048253377278,-0.13000643253326416,1,3.201690673828125,1,0.16096517774793836,-0.15221989154815674,1,3.3469390869140625
36740.192,2,1,1,stimulusMovement,1,-0.2746815151638455,-0.15250307321548462,1,3.2681884765625,1,0.24584166208902994,-0.13219738006591797,1,3.322906494140625
36756.859,2,1,1,stimulusMovement,1,-0.2654053370157877,-0.07073599100112915,1,2.9456939697265625,1,0.2596489588419596,-0.10826635360717773,1,3.3075103759765625
36773.526,2,1,1,stimulusMovement,1,-0.31391557057698566,0.0842440128326416,1,2.8087005615234375,1,0.2802325354682074,-0.2553584575653076,1,3.5265655517578125
36790.192,2,1,1,stimulusMovement,0,nan,nan,0,nan,0,nan,nan,0,nan
36806.859,2,1,1,stimulusMovement,1,-0.25759029388427734,-0.24964439868927002,1,3.623321533203125,1,0.11432785458034939,-0.11561286449432373,1,3.2587890625
36823.526,2,1,1,stimulusMovement,0,nan,nan,0,nan,1,0.2169529596964518,-0.15315908193588257,1,3.411468505859375
36840.192,2,1,1,stimulusMovement,1,-0.3310021294487847,-0.2542914152145386,1,3.43096923828125,1,0.08612738715277778,-0.1400965452194214,1,3.36676025390625
36856.859,2,1,1,stimulusMovement,1,-0.2677143414815267,-0.13028961420059204,1,3.2324676513671875,1,0.2310178544786241,-0.11639487743377686,1,3.297119140625
36873.526,2,1,1,stimulusMovement,1,-0.2672605514526367,-0.2222917675971985,1,3.468597412109375,1,0.2177641126844618,-0.07559150457382202,1,3.2133636474609375
36890.192,2,1,1,stimulusMovement,1,-0.23583481046888563,-0.15210390090942383,1,3.28338623046875,1,0.25862015618218315,-0.1557255983352661,1,3.3713226318359375
36906.859,2,1,1,stimulusMovement,1,-0.3393526077270508,-0.21653592586517334,1,3.4019317626953125,1,0.21480411953396267,-0.07357537746429443,1,3.1689300537109375
36923.526,2,1,1,stimulusMovement,1,-0.2713262769911024,-0.1484777331352234,1,3.2583770751953125,1,0.2354649437798394,-0.06694066524505615,1,3.082489013671875
36940.192,2,1,1,stimulusMovement,1,-0.3005587259928385,-0.21101200580596924,1,3.338653564453125,1,0.24295213487413192,-0.17257088422775269,1,3.3609619140625
36956.859,2,1,1,stimulusMovement,1,-0.23788166046142578,-0.13771319389343262,1,3.1585693359375,1,0.22858407762315536,-0.1740511655807495,1,3.3574676513671875
36973.526,2,1,1,stimulusMovement,1,-0.29015170203314883,-0.14692282676696777,1,3.217193603515625,1,0.20242330763075086,-0.18407505750656128,1,3.3134307861328125
36990.192,2,1,1,stimulusMovement,1,-0.2438577546013726,-0.3359874486923218,1,3.5396881103515625,1,0.22410784827338323,-0.1908157467842102,1,3.4410247802734375
37006.859,2,1,1,stimulusMovement,0,nan,nan,0,nan,1,0.22157584296332464,-0.23501914739608765,1,3.47607421875
37023.527,2,1,1,stimulusMovement,1,-0.3077708350287543,-0.38159477710723877,1,3.8221435546875,1,0.23293092515733504,-0.16062968969345093,1,3.3322906494140625
37040.193,2,1,1,stimulusMovement,1,-0.2530295054117838,-0.31428849697113037,1,3.457305908203125,1,0.2266413370768229,-0.21748673915863037,1,3.4285125732421875
37056.86,2,1,1,stimulusMovement,0,nan,nan,0,nan,1,0.2508038414849175,-0.3999398350715637,1,3.86328125
37073.527,2,1,1,stimulusMovement,1,-0.2612321641710069,-0.1445196270942688,1,3.1726837158203125,1,0.22928248511420354,-0.21766674518585205,1,3.360504150390625
37090.193,2,1,1,stimulusMovement,1,-0.2880701488918728,-0.3534989356994629,1,3.6195526123046875,0,nan,nan,0,nan
37106.86,2,1,1,stimulusMovement,1,-0.24965688917371961,-0.31491267681121826,1,3.55682373046875,1,0.21086788177490234,-0.16345566511154175,1,3.267425537109375
37123.527,2,1,1,stimulusMovement,0,nan,nan,0,nan,1,0.215046140882704,-0.18545007705688477,1,3.30401611328125
37140.193,2,1,1,stimulusMovement,1,-0.23477061589558917,-0.17688190937042236,1,3.1292266845703125,1,0.22511132558186847,-0.2288416028022766,1,3.398651123046875
37156.86,2,1,1,stimulusMovement,1,-0.2756538391113281,-0.2822313904762268,1,3.2202911376953125,0,nan,nan,0,nan
37173.527,2,1,1,stimulusMovement,1,-0.22153880861070419,-0.24072468280792236,1,3.2875213623046875,0,nan,nan,0,nan
37190.193,2,1,1,stimulusMovement,1,-0.2156752480400933,-0.2466031312942505,1,3.402008056640625,1,0.26093175676133895,-0.1924850344657898,1,3.252716064453125
37206.86,2,1,1,stimulusMovement,1,-0.17013311386108398,-0.08019906282424927,1,2.8741912841796875,1,0.2205365498860677,-0.1729421615600586,1,3.2068023681640625
37223.527,2,1,1,stimulusMovement,1,0.007288932800292969,-0.31285905838012695,1,3.4767303466796875,1,-0.01979541778564453,-0.08632022142410278,1,3.2445526123046875
37240.193,2,1,1,stimulusMovement,1,0.03952132331000434,-0.16016829013824463,1,3.3858795166015625,1,-0.025832653045654297,-0.16210567951202393,1,3.2487335205078125
