timestamp,ID,expOrder,trialNumber,event,lv,lx,ly,lpv,lps,rv,rx,ry,rpv,rps
-0.674,3,1,1,stimulusMovement,0,nan,nan,0,nan,0,nan,nan,0,nan
15.948,3,1,1,stimulusMovement,1,-0.23516347673204208,0.03255659341812134,1,3.07049560546875,1,0.2592839135064019,0.06323367357254028,1,3.1398468017578125
32.566,3,1,1,stimulusMovement,1,-0.24953842163085938,0.037291526794433594,1,3.0920257568359375,1,0.2581653594970703,0.08206909894943237,1,3.1024169921875
49.19,3,1,1,stimulusMovement,1,-0.23512405819363064,0.04205965995788574,1,3.0350189208984375,1,0.2429494857788086,0.0879012942314148,1,3.060699462890625
65.848,3,1,1,stimulusMovement,1,-0.23712020450168184,0.023471713066101074,1,3.068145751953125,1,0.25244183010525173,0.08756738901138306,1,3.0811920166015625
82.507,3,1,1,stimulusMovement,1,-0.22993797726101345,0.018712997436523438,1,3.050048828125,1,0.2534737057156033,0.0884661078453064,1,3.031036376953125
99.167,3,1,1,stimulusMovement,1,-0.23592090606689453,0.024390339851379395,1,3.0301055908203125,1,0.2484236823187934,0.09739363193511963,1,3.02996826171875
115.825,3,1,1,stimulusMovement,1,-0.24230257670084634,0.02346855401992798,1,3.0577545166015625,1,0.24080043368869355,0.09435057640075684,1,2.99945068359375
132.485,3,1,1,stimulusMovement,1,-0.24013577567206487,0.03312569856643677,1,3.0126495361328125,1,0.24920929802788627,0.0794093906879425,1,3.0561676025390625
149.144,3,1,1,stimulusMovement,1,-0.23580842547946504,0.03408902883529663,1,2.9904022216796875,1,0.23256100548638237,0.08219236135482788,1,2.989013671875
165.802,3,1,1,stimulusMovement,1,-0.23165194193522134,0.03107386827468872,1,3.00689697265625,1,0.24214532640245223,0.07056999206542969,1,3.039520263671875
182.464,3,1,1,stimulusMovement,1,-0.2126789093017578,0.03355419635772705,1,3.0142669677734375,1,0.24443191952175564,0.0760115385055542,1,3.0023956298828125
199.186,3,1,1,stimulusMovement,1,-0.2313375473022461,0.0373348593711853,1,2.966217041015625,1,0.25008519490559894,0.08645641803741455,1,3.0067138671875
215.912,3,1,1,stimulusMovement,1,-0.22246721055772567,0.025092899799346924,1,2.942535400390625,1,0.2399299409654405,0.08754009008407593,1,2.9685821533203125
232.643,3,1,1,stimulusMovement,1,-0.2345121171739366,0.03748202323913574,1,2.93939208984375,1,0.24334292941623262,0.08608734607696533,1,2.932281494140625
249.311,3,1,1,stimulusMovement,1,-0.2276406817966037,0.02788814902305603,1,3.0011138916015625,1,0.24988343980577254,0.08578723669052124,1,2.9683990478515625
265.977,3,1,1,stimulusMovement,1,-0.22199609544542098,0.04100331664085388,1,2.9382781982421875,1,0.2448033226860894,0.07284528017044067,1,2.9697723388671875
282.643,3,1,1,stimulusMovement,1,-0.20657878451877168,0.03269165754318237,1,2.9244232177734375,1,0.23483233981662324,0.08027985692024231,1,2.9366607666015625
299.297,3,1,1,stimulusMovement,1,-0.23875919977823892,0.021849483251571655,1,2.943145751953125,1,0.2472167544894748,0.09691137075424194,1,2.94195556640625
315.948,3,1,1,stimulusMovement,1,-0.21903271145290798,0.02380269765853882,1,2.9343414306640625,1,0.24029477437337238,0.09206798672676086,1,2.9115142822265625
332.6,3,1,1,stimulusMovement,1,-0.22359540727403426,0.03802222013473511,1,2.921173095703125,1,0.24659813774956596,0.0880289077758789,1,2.8983306884765625
349.266,3,1,1,stimulusMovement,1,-0.22765472200181747,0.040969669818878174,1,2.8924407958984375,1,0.24426121181911892,0.09374463558197021,1,2.9117889404296875
365.93,3,1,1,stimulusMovement,1,-0.23436334398057723,0.039317697286605835,1,2.921112060546875,1,0.243483649359809,0.08825397491455078,1,2.9056854248046875
382.596,3,1,1,stimulusMovement,1,-0.22764847013685438,0.049716025590896606,1,2.8856658935546875,1,0.23773532443576387,0.09356409311294556,1,2.8868560791015625
399.271,3,1,1,stimulusMovement,1,-0.3396023114522298,0.16368722915649414,1,2.859344482421875,1,0.06180964575873481,0.16004794836044312,1,2.8757476806640625
415.946,3,1,1,stimulusMovement,1,-0.36008336808946395,0.17778560519218445,1,2.8193206787109375,1,0.026878780788845483,0.18667683005332947,1,2.8729095458984375
432.622,3,1,1,stimulusMovement,1,-0.36875401602851016,0.1721116304397583,1,2.8366851806640625,1,0.025413619147406682,0.17403864860534668,1,2.925079345703125
449.289,3,1,1,stimulusMovement,1,-0.3726534843444824,0.1637595295906067,1,2.8778533935546875,1,0.02229595184326172,0.18368613719940186,1,2.8481597900390625
465.955,3,1,1,stimulusMovement,1,-0.3681212531195746,0.16054686903953552,1,2.8635406494140625,1,0.01715321011013455,0.1815679371356964,1,2.877166748046875
482.621,3,1,1,stimulusMovement,1,-0.37634362114800346,0.15976637601852417,1,2.85791015625,1,0.019596841600206163,0.1805754005908966,1,2.8549346923828125
499.288,3,1,1,stimulusMovement,1,-0.37711482577853733,0.16354113817214966,1,2.8486785888671875,1,0.01720746358235677,0.1829128861427307,1,2.863616943359375
515.953,3,1,1,stimulusMovement,1,-0.3745928870307074,0.17504733800888062,1,2.81195068359375,1,0.015568097432454426,0.15662550926208496,1,2.976654052734375
532.62,3,1,1,stimulusMovement,1,-0.37571557362874347,0.16152942180633545,1,2.8565521240234375,1,0.012800110710991753,0.17173409461975098,1,2.88037109375
549.286,3,1,1,stimulusMovement,1,-0.3762177891201443,0.16229033470153809,1,2.880584716796875,1,0.005798975626627604,0.1696612536907196,1,2.8812408447265625
565.952,3,1,1,stimulusMovement,1,-0.38562001122368705,0.16959655284881592,1,2.8801422119140625,1,0.005483839246961805,0.1752881109714508,1,2.878692626953125
582.619,3,1,1,stimulusMovement,1,-0.3804544342888726,0.15910375118255615,1,2.8673095703125,1,0.017095989651150174,0.15945807099342346,1,2.9164276123046875
599.286,3,1,1,stimulusMovement,1,-0.43892245822482634,0.20495808124542236,1,2.8393707275390625,1,-0.03994713889227973,0.2131582498550415,1,2.91168212890625
615.953,3,1,1,stimulusMovement,1,-0.5201791657341851,0.25689728558063507,1,2.814208984375,1,-0.12813229031032985,0.2627013772726059,1,2.8751068115234375
632.621,3,1,1,stimulusMovement,1,-0.5134971936543782,0.24555885791778564,1,2.8287506103515625,1,-0.1379354265001085,0.24805951118469238,1,2.935028076171875
649.289,3,1,1,stimulusMovement,1,-0.5137104458279079,0.24413293600082397,1,2.913177490234375,1,-0.14448197682698566,0.2597021758556366,1,2.9092254638671875
665.954,3,1,1,stimulusMovement,1,-0.5209528075324165,0.24322354793548584,1,2.8311767578125,1,-0.14310571882459852,0.2510026693344116,1,2.9536285400390625
682.621,3,1,1,stimulusMovement,1,-0.5345392756991916,0.2440623939037323,1,2.87042236328125,1,-0.14227120081583658,0.25863225758075714,1,2.9371185302734375
699.282,3,1,1,stimulusMovement,1,-0.5255095693800185,0.2696678936481476,1,2.791717529296875,1,-0.15108924441867402,0.27256059646606445,1,2.93121337890625
715.942,3,1,1,stimulusMovement,1,-0.5307443936665852,0.24996346235275269,1,2.873382568359375,1,-0.15171803368462455,0.25611332058906555,1,2.964508056640625
732.603,3,1,1,stimulusMovement,1,-0.5354195965660943,0.26522746682167053,1,2.8602752685546875,1,-0.15528572930230033,0.2520833909511566,1,2.960205078125
749.269,3,1,1,stimulusMovement,1,-0.5476689868503146,0.25981301069259644,1,2.854705810546875,1,-0.16253005133734807,0.2576557695865631,1,2.94244384765625
765.935,3,1,1,stimulusMovement,1,-0.5391445954640706,0.2501262128353119,1,2.9119873046875,1,-0.17145474751790363,0.255623996257782,1,2.9821624755859375
782.601,3,1,1,stimulusMovement,1,-0.5488837030198839,0.2581001818180084,1,2.882354736328125,1,-0.17127227783203125,0.2603734880685806,1,2.96795654296875
799.265,3,1,1,stimulusMovement,1,-0.5579845640394422,0.2405657172203064,1,2.9313507080078125,1,-0.17271592881944445,0.25870129466056824,1,3.0369720458984375
815.929,3,1,1,stimulusMovement,1,-0.6990870899624294,0.37386059761047363,1,2.8444366455078125,1,-0.2835975752936469,0.36843402683734894,1,2.9779815673828125
832.593,3,1,1,stimulusMovement,1,-0.7404324478573269,0.3810114711523056,1,2.898681640625,1,-0.35427379608154297,0.38950637727975845,1,3.0412445068359375
849.259,3,1,1,stimulusMovement,1,-0.7424972322252061,0.38456225395202637,1,2.930023193359375,1,-0.3401406606038411,0.3733804523944855,1,3.0552215576171875
865.924,3,1,1,stimulusMovement,1,-0.7416323820749918,0.3894587606191635,1,2.8947906494140625,1,-0.3565201229519314,0.4031563997268677,1,3.0242767333984375
882.59,3,1,1,stimulusMovement,1,-0.7493172486623128,0.39326344430446625,1,2.950439453125,1,-0.3644114600287543,0.3951254040002823,1,3.0277557373046875
899.258,3,1,1,stimulusMovement,1,-0.7404017448425293,0.3866858035326004,1,2.9402008056640625,1,-0.3627995385064019,0.3959531784057617,1,3.0064239501953125
915.927,3,1,1,stimulusMovement,1,-0.753046989440918,0.3795044869184494,1,2.973297119140625,1,-0.3743896484375,0.39566345512866974,1,3.019500732421875
932.595,3,1,1,stimulusMovement,1,-0.7549940877490573,0.38794660568237305,1,2.9547576904296875,1,-0.3613166809082031,0.39935458451509476,1,3.0228729248046875
949.265,3,1,1,stimulusMovement,1,-0.7607480155097114,0.38743332028388977,1,2.9395599365234375,1,-0.3707423210144043,0.39259515702724457,1,3.0465850830078125
965.933,3,1,1,stimulusMovement,1,-0.7597690953148736,0.3796556740999222,1,2.9771270751953125,1,-0.3725676006740994,0.4056992679834366,1,3.03594970703125
982.602,3,1,1,stimulusMovement,1,-0.7639841900931464,0.38234005868434906,1,2.95880126953125,1,-0.3650995890299479,0.38210174441337585,1,3.084808349609375
999.269,3,1,1,stimulusMovement,1,-0.7617662217881944,0.3775097504258156,1,3.007904052734375,1,-0.37568749321831596,0.3884190022945404,1,3.11260986328125
1015.935,3,1,1,stimulusMovement,1,-0.779468384053972,0.39700812846422195,1,2.9749603271484375,1,-0.38802221086290145,0.41923895478248596,1,3.049896240234375
1032.602,3,1,1,stimulusMovement,1,-0.7749999364217122,0.39082178473472595,1,3.010009765625,1,-0.3852711783515082,0.41195474565029144,1,3.0748748779296875
1049.268,3,1,1,stimulusMovement,1,-0.8496422105365329,0.4045494496822357,1,3.01239013671875,1,-0.43879286448160804,0.4368840530514717,1,3.1414031982421875
1065.934,3,1,1,stimulusMovement,1,-0.9438106285201178,0.42163822054862976,1,2.98876953125,1,-0.5588749779595269,0.4584730789065361,1,3.1474761962890625
1082.6,3,1,1,stimulusMovement,1,-0.9187901351186963,0.4070112854242325,1,3.0649261474609375,1,-0.5527714888254801,0.4467276409268379,1,3.2187347412109375
1099.267,3,1,1,stimulusMovement,1,-0.9425111711025238,0.4128764942288399,1,3.0579833984375,1,-0.5538597106933594,0.4546496123075485,1,3.1779632568359375
1115.932,3,1,1,stimulusMovement,1,-0.9332718782954745,0.4192987307906151,1,3.0294189453125,1,-0.5652382638719347,0.4602607488632202,1,3.196014404296875
1132.599,3,1,1,stimulusMovement,1,-0.9247941540347204,0.40139350295066833,1,3.109222412109375,1,-0.5566380288865831,0.45735328644514084,1,3.1816558837890625
1149.266,3,1,1,stimulusMovement,1,-0.9292963809437221,0.421538308262825,1,3.0483551025390625,1,-0.562751293182373,0.46612975746393204,1,3.1877593994140625
1165.932,3,1,1,stimulusMovement,1,-0.9296757015917035,0.42081940919160843,1,3.1070098876953125,1,-0.5529101159837511,0.4705474153161049,1,3.225921630859375
1182.599,3,1,1,stimulusMovement,1,-0.9226500358846452,0.4117298573255539,1,3.120635986328125,1,-0.5454614162445068,0.4544103294610977,1,3.2317352294921875
1199.266,3,1,1,stimulusMovement,1,-0.9245710836516485,0.4250398427248001,1,3.104888916015625,1,-0.5433019002278645,0.4736870639026165,1,3.2411956787109375
1215.932,3,1,1,stimulusMovement,1,-0.9081830283006032,0.40267612040042877,1,3.1502685546875,1,-0.5473091867234972,0.4575398191809654,1,3.228363037109375
1232.599,3,1,1,stimulusMovement,1,-0.9241079555617437,0.4298459142446518,1,3.112274169921875,1,-0.5345892906188965,0.4527779221534729,1,3.2923736572265625
1249.266,3,1,1,stimulusMovement,1,-0.9108971589141421,0.4178958684206009,1,3.1240081787109375,1,-0.5367691781785753,0.4477083720266819,1,3.32568359375
1265.933,3,1,1,stimulusMovement,1,-0.9206087423695458,0.4264246001839638,1,3.1474761962890625,1,-0.5371458795335557,0.4503861479461193,1,3.3148956298828125
1282.599,3,1,1,stimulusMovement,1,-0.9163459539413452,0.4157613664865494,1,3.1805572509765625,1,-0.5359221034579806,0.45193107798695564,1,3.358367919921875
1299.267,3,1,1,stimulusMovement,1,-0.8980693072080612,0.4017074406147003,1,3.2776641845703125,1,-0.5442306730482314,0.45731114596128464,1,3.3304595947265625
1315.933,3,1,1,stimulusMovement,1,-0.8983994556797875,0.4082185924053192,1,3.259765625,1,-0.5348785718282063,0.4575550928711891,1,3.345062255859375
1332.6,3,1,1,stimulusMovement,1,-0.9123367302947574,0.41632548719644547,1,3.2359771728515625,1,-0.5382134649488661,0.46348246559500694,1,3.3645172119140625
1349.266,3,1,1,stimulusMovement,1,-0.921407593621148,0.40776774287223816,1,3.2526397705078125,1,-0.5294449859195285,0.45730990171432495,1,3.3777923583984375
1365.932,3,1,1,stimulusMovement,1,-0.9134331527683469,0.4244731441140175,1,3.2373199462890625,1,-0.5388614866468642,0.4395325481891632,1,3.3740234375
1382.599,3,1,1,stimulusMovement,1,-0.9176353149943881,0.40767087042331696,1,3.2797088623046875,1,-0.5367296006944444,0.4490610137581825,1,3.390350341796875
1399.266,3,1,1,stimulusMovement,1,-0.9075455433792537,0.42138825356960297,1,3.27325439453125,1,-0.5356827576955159,0.43979666009545326,1,3.458251953125
1415.931,3,1,1,stimulusMovement,1,-0.9145512282848358,0.42209918051958084,1,3.296051025390625,1,-0.5222698317633735,0.4493662863969803,1,3.4195556640625
1432.598,3,1,1,stimulusMovement,1,-0.8825226757261487,0.3976422846317291,1,3.4221038818359375,1,-0.5330448415544298,0.456537164747715,1,3.4162445068359375
1449.265,3,1,1,stimulusMovement,1,-0.9113039539919958,0.4232477694749832,1,3.3171844482421875,1,-0.5374323791927761,0.4682042859494686,1,3.4646453857421875
1465.931,3,1,1,stimulusMovement,1,-0.9126037293010287,0.4270959794521332,1,3.329986572265625,1,-0.5254816479153103,0.44485824182629585,1,3.4795379638671875
1482.597,3,1,1,stimulusMovement,1,-0.9170569711261325,0.41898854076862335,1,3.369781494140625,1,-0.5215273168351915,0.4522895850241184,1,3.5207977294921875
1499.263,3,1,1,stimulusMovement,1,-0.9105351583825216,0.4161774218082428,1,3.333953857421875,1,-0.539215193854438,0.46174900233745575,1,3.4770660400390625
1515.928,3,1,1,stimulusMovement,1,-0.923130452632904,0.41665220260620117,1,3.36041259765625,1,-0.5399391916063097,0.45015373080968857,1,3.476043701171875
1532.593,3,1,1,stimulusMovement,1,-0.9002888434463077,0.41468682885169983,1,3.36279296875,1,-0.5436499383714464,0.4568088538944721,1,3.488983154296875
1549.26,3,1,1,stimulusMovement,1,-0.9069943527380625,0.4174720123410225,1,3.3391876220703125,1,-0.5321103466881646,0.4535817876458168,1,3.48126220703125
1565.925,3,1,1,stimulusMovement,1,-0.9024468445115619,0.4127620607614517,1,3.3780670166015625,1,-0.5396026505364312,0.44411949813365936,1,3.5270233154296875
1582.591,3,1,1,stimulusMovement,1,-0.905843585729599,0.4229714795947075,1,3.3596649169921875,1,-0.5397335158454047,0.45517583191394806,1,3.509918212890625
1599.256,3,1,1,stimulusMovement,1,-0.9077112956179513,0.4175967499613762,1,3.382843017578125,1,-0.5257966783311632,0.4492451548576355,1,3.574127197265625
1615.921,3,1,1,stimulusMovement,1,-0.9077680293056699,0.42440304160118103,1,3.34521484375,1,-0.5347054269578722,0.45053399354219437,1,3.522216796875
1632.587,3,1,1,stimulusMovement,1,-0.907510252462493,0.43349748104810715,1,3.3468780517578125,1,-0.5396617253621419,0.4562208279967308,1,3.544830322265625
1649.253,3,1,1,stimulusMovement,1,-0.9021819788548681,0.42736565321683884,1,3.3962860107421875,1,-0.5327635076310899,0.44751814752817154,1,3.5574951171875
1665.917,3,1,1,stimulusMovement,1,-0.913005726204978,0.418342724442482,1,3.4117584228515625,1,-0.5412791570027669,0.4523383155465126,1,3.5468597412109375
1682.583,3,1,1,stimulusMovement,1,-0.8846557935078938,0.3949971944093704,1,3.4922637939453125,1,-0.539648347430759,0.4539111405611038,1,3.5390777587890625
1699.248,3,1,1,stimulusMovement,1,-0.9001777999930911,0.4207424744963646,1,3.40740966796875,1,-0.5362669626871744,0.46712448447942734,1,3.5659027099609375
1715.913,3,1,1,stimulusMovement,1,-0.9203911523024241,0.41031576693058014,1,3.462188720703125,1,-0.5353549321492512,0.46629737317562103,1,3.5932769775390625
1732.578,3,1,1,stimulusMovement,1,-0.9157075898514853,0.41239846497774124,1,3.442138671875,1,-0.5443314446343316,0.4089953377842903,1,3.722686767578125
1749.244,3,1,1,stimulusMovement,1,-0.9173649218347337,0.41952452063560486,1,3.392852783203125,1,-0.535964118109809,0.45663822442293167,1,3.565338134765625
1765.909,3,1,1,stimulusMovement,1,-0.9141246328751246,0.4250323176383972,1,3.4141082763671875,1,-0.5308851136101617,0.4568723179399967,1,3.5575408935546875
1782.574,3,1,1,stimulusMovement,1,-0.9010585910744137,0.4199267253279686,1,3.422271728515625,1,-0.5251338216993544,0.46700531244277954,1,3.6097412109375
1799.239,3,1,1,stimulusMovement,1,-0.9065860841009351,0.4343080520629883,1,3.3795166015625,1,-0.5400512483384874,0.4513474255800247,1,3.589813232421875
1815.903,3,1,1,stimulusMovement,1,-0.9084810300005807,0.42908553779125214,1,3.386199951171875,1,-0.5238831837972004,0.45661620795726776,1,3.6069488525390625
1832.569,3,1,1,stimulusMovement,1,-0.9012916435798008,0.4181302934885025,1,3.4361572265625,1,-0.5152323775821261,0.453462153673172,1,3.56439208984375
1849.234,3,1,1,stimulusMovement,1,-0.9096332589785258,0.4226134791970253,1,3.4206390380859375,1,-0.5163325998518202,0.4305727034807205,1,3.645111083984375
1865.898,3,1,1,stimulusMovement,1,-0.9110927085081736,0.4233846664428711,1,3.389251708984375,1,-0.5139262146419948,0.4468354061245918,1,3.5494384765625
1882.564,3,1,1,stimulusMovement,1,-0.8989563468429776,0.42107782512903214,1,3.3974761962890625,1,-0.5250475141737196,0.4498678371310234,1,3.5541229248046875
1899.23,3,1,1,stimulusMovement,1,-0.89141490848528,0.4141381233930588,1,3.397186279296875,1,-0.521607928805881,0.4587179906666279,1,3.53424072265625
1915.895,3,1,1,stimulusMovement,1,-0.9047775748703214,0.4154336154460907,1,3.3900299072265625,1,-0.5328284369574653,0.44959375262260437,1,3.541748046875
1932.562,3,1,1,stimulusMovement,1,-0.8977033446232477,0.41159582138061523,1,3.4147186279296875,1,-0.5254436598883735,0.46706876158714294,1,3.5469970703125
1949.228,3,1,1,stimulusMovement,1,-0.9069707261191473,0.42598196119070053,1,3.3939361572265625,1,-0.5314168135325114,0.4500075913965702,1,3.57647705078125
1965.893,3,1,1,stimulusMovement,1,-0.9077732745144101,0.42031437903642654,1,3.39996337890625,1,-0.5239020983378092,0.44758471474051476,1,3.5352020263671875
1982.559,3,1,1,stimulusMovement,1,-0.9025579028659396,0.42607825994491577,1,3.362823486328125,1,-0.5174637635548909,0.4550131559371948,1,3.543487548828125
1999.226,3,1,1,stimulusMovement,1,-0.9071232709619733,0.41763678193092346,1,3.392425537109375,1,-0.5178879102071126,0.45198502391576767,1,3.5331268310546875
2015.891,3,1,1,stimulusMovement,1,-0.8954819536043538,0.42031359672546387,1,3.3976593017578125,1,-0.512579944398668,0.45195557177066803,1,3.5269775390625
2032.557,3,1,1,stimulusMovement,1,-0.9010965054233868,0.41732480376958847,1,3.3842926025390625,1,-0.5133387512630886,0.45254701003432274,1,3.480987548828125
2049.224,3,1,1,stimulusMovement,1,-0.8812070579992399,0.4051807001233101,1,3.458892822265625,1,-0.5150647693210177,0.45038219913840294,1,3.5171966552734375
2065.889,3,1,1,stimulusMovement,1,-0.8983670870463053,0.4118927866220474,1,3.374053955078125,1,-0.5135531690385606,0.4469479210674763,1,3.5223388671875
2082.555,3,1,1,stimulusMovement,1,-0.9029303027523888,0.4178742989897728,1,3.37335205078125,1,-0.5197777218288845,0.44436123967170715,1,3.519500732421875
2099.222,3,1,1,stimulusMovement,1,-0.9021444436576631,0.4064878150820732,1,3.3815765380859375,1,-0.48224427964952254,0.4065166935324669,1,3.65325927734375
2115.887,3,1,1,stimulusMovement,1,-0.9122286091248194,0.41402241587638855,1,3.3970794677734375,1,-0.5041072633531358,0.4469945356249809,1,3.5254058837890625
2132.553,3,1,1,stimulusMovement,1,-0.8951961108379893,0.43138238042593,1,3.324859619140625,1,-0.5148487091064453,0.44212180376052856,1,3.5476837158203125
2149.219,3,1,1,stimulusMovement,1,-0.906282580561108,0.4157848283648491,1,3.4230194091796875,1,-0.528846263885498,0.4376063123345375,1,3.537506103515625
2165.885,3,1,1,stimulusMovement,1,-0.896091058022446,0.42156706005334854,1,3.3790435791015625,1,-0.5139106644524468,0.44134925678372383,1,3.5145111083984375
2182.551,3,1,1,stimulusMovement,1,-0.8937748190429475,0.43357598781585693,1,3.3314971923828125,1,-0.5179914368523492,0.43159477412700653,1,3.547607421875
2199.217,3,1,1,stimulusMovement,1,-0.8931431919336319,0.4222576320171356,1,3.351959228515625,1,-0.5118458535936143,0.4477702006697655,1,3.541168212890625
2215.883,3,1,1,stimulusMovement,1,-0.9038289239009221,0.42148467898368835,1,3.3941497802734375,1,-0.51416015625,0.4409623481333256,1,3.51995849609375
2232.549,3,1,1,stimulusMovement,1,-0.893030825174517,0.407237246632576,1,3.4508819580078125,1,-0.5138636430104573,0.4481899067759514,1,3.540252685546875
2249.215,3,1,1,stimulusMovement,1,-0.9045960787269803,0.4142574220895767,1,3.437255859375,1,-0.5162217881944444,0.4361191689968109,1,3.5761566162109375
2265.881,3,1,1,stimulusMovement,1,-0.904276990228229,0.4123670607805252,1,3.4005279541015625,1,-0.5300111240810818,0.42474035173654556,1,3.576080322265625
2282.547,3,1,1,stimulusMovement,1,-0.9054331084092457,0.4147765636444092,1,3.4146881103515625,1,-0.5143557124667697,0.43285366892814636,1,3.5385589599609375
2299.213,3,1,1,stimulusMovement,1,-0.9039581550492181,0.42122168838977814,1,3.406463623046875,1,-0.5135223600599501,0.44344113022089005,1,3.5724029541015625
2315.879,3,1,1,stimulusMovement,1,-0.9172261125511593,0.41826343536376953,1,3.46209716796875,1,-0.5272527005937364,0.4490077570080757,1,3.5491180419921875
2332.548,3,1,1,stimulusMovement,1,-0.9139900969134436,0.41783230006694794,1,3.4478759765625,1,-0.5242109033796523,0.4196302965283394,1,3.647186279296875
2349.215,3,1,1,stimulusMovement,1,-0.9095310966173807,0.4229862317442894,1,3.4639892578125,1,-0.5330951478746202,0.43653328716754913,1,3.628814697265625
2365.882,3,1,1,stimulusMovement,1,-0.913168986638387,0.42396770417690277,1,3.4453277587890625,1,-0.5294081370035807,0.44422586262226105,1,3.633758544921875
2382.55,3,1,1,stimulusMovement,1,-0.8959862126244439,0.4148186594247818,1,3.496124267578125,1,-0.5255046950446235,0.45297928899526596,1,3.637115478515625
2399.217,3,1,1,stimulusMovement,1,-0.9075458678934308,0.4235839769244194,1,3.4538726806640625,1,-0.5309423870510525,0.44121603295207024,1,3.613922119140625
2415.884,3,1,1,stimulusMovement,1,-0.9078989376624425,0.4137703701853752,1,3.48333740234375,1,-0.5176668167114258,0.4413927532732487,1,3.6402130126953125
2432.551,3,1,1,stimulusMovement,1,-0.8954807486799028,0.39790115505456924,1,3.59844970703125,1,-0.5180903010898166,0.4469706118106842,1,3.642822265625
2449.22,3,1,1,stimulusMovement,1,-0.9097549898756875,0.4193597286939621,1,3.510345458984375,1,-0.5156755447387695,0.4332277923822403,1,3.694305419921875
2465.886,3,1,1,fixation,1,-0.891960213581721,0.3913583382964134,1,3.6219482421875,1,-0.5232798788282607,0.4340325742959976,1,3.658050537109375
2482.554,3,1,1,fixation,1,-0.8966730982065201,0.42856565117836,1,3.30963134765625,1,-0.5148607889811198,0.44031982496380806,1,3.3825225830078125
2499.222,3,1,1,fixation,0,nan,nan,0,nan,0,nan,nan,0,nan
2515.89,3,1,1,fixation,1,-0.9084947142336103,0.41937562823295593,1,3.5234527587890625,1,-0.5203906695048014,0.45451491326093674,1,3.6512451171875
2532.557,3,1,1,fixation,1,-0.899248874021901,0.42999423295259476,1,3.3335723876953125,1,-0.5168397161695693,0.44063952565193176,1,3.4072418212890625
2549.225,3,1,1,fixation,0,nan,nan,0,nan,0,nan,nan,0,nan
2565.893,3,1,1,fixation,1,-0.8989600001109971,0.4190829023718834,1,3.549346923828125,1,-0.5202993816799587,0.4332895651459694,1,3.7191619873046875
2582.56,3,1,1,fixation,1,-0.8957419192625417,0.42861704528331757,1,3.349884033203125,1,-0.5156799422370063,0.43718841671943665,1,3.4307098388671875
2599.228,3,1,1,fixation,0,nan,nan,0,nan,0,nan,nan,0,nan
2615.896,3,1,1,fixation,1,-0.9108349714014264,0.42593807727098465,1,3.5569610595703125,1,-0.5232203536563449,0.44709835201501846,1,3.7038726806640625
2632.563,3,1,1,fixation,1,-0.8959267362952232,0.42740391194820404,1,3.35858154296875,1,-0.51599031024509,0.4340733587741852,1,3.4514617919921875
2649.231,3,1,1,fixation,0,nan,nan,0,nan,0,nan,nan,0,nan
2665.9,3,1,1,fixation,1,-0.8942675582236713,0.4132750779390335,1,3.59429931640625,1,-0.5148242314656575,0.4459201581776142,1,3.746337890625
2682.567,3,1,1,fixation,1,-0.8955161550806627,0.4284611865878105,1,3.3617706298828125,1,-0.51455201043023,0.43341267853975296,1,3.4704132080078125
2699.235,3,1,1,fixation,0,nan,nan,0,nan,0,nan,nan,0,nan
2715.903,3,1,1,fixation,1,-0.9090048372745514,0.4370434433221817,1,3.5332183837890625,1,-0.5203819009992812,0.44062527269124985,1,3.800811767578125
2732.571,3,1,1,fixation,1,-0.8983318557341893,0.42826373875141144,1,3.363739013671875,1,-0.5155613687303331,0.43545787781476974,1,3.4867095947265625
2749.239,3,1,1,fixation,0,nan,nan,0,nan,0,nan,nan,0,nan
2765.907,3,1,1,fixation,1,-0.9138085279199811,0.42533309757709503,1,3.6012725830078125,1,-0.5173124737209743,0.4476405158638954,1,3.8427581787109375
2782.575,3,1,1,fixation,1,-0.9001762684848573,0.43071625381708145,1,3.37030029296875,1,-0.5151130358378092,0.4364081174135208,1,3.4907379150390625
2799.243,3,1,1,fixation,0,nan,nan,0,nan,0,nan,nan,0,nan
2815.911,3,1,1,fixation,1,-0.9124099943372938,0.42068251967430115,1,3.6094207763671875,1,-0.5160022311740451,0.44958992302417755,1,3.739501953125
2832.579,3,1,1,fixation,1,-0.9010230087571673,0.4327680170536041,1,3.36834716796875,1,-0.5181205802493625,0.4401361867785454,1,3.491058349609375
2849.247,3,1,1,fixation,0,nan,nan,0,nan,0,nan,nan,0,nan
2865.915,3,1,1,fixation,1,-0.9218219584888881,0.4217749759554863,1,3.61566162109375,1,-0.5194141599867079,0.4551584981381893,1,3.801483154296875
2882.583,3,1,1,fixation,1,-0.9032235228353076,0.43224097043275833,1,3.3577880859375,1,-0.5154351128472222,0.4398925080895424,1,3.4778900146484375
2899.251,3,1,1,fixation,0,nan,nan,0,nan,0,nan,nan,0,nan
2915.92,3,1,1,fixation,1,-0.9122970932059817,0.4252733960747719,1,3.595550537109375,1,-0.5228128433227539,0.45655762404203415,1,3.7180938720703125
2932.588,3,1,1,fixation,1,-0.9031857053438822,0.4262496456503868,1,3.3406982421875,1,-0.5151660177442763,0.4437110498547554,1,3.4627685546875
2949.256,3,1,1,fixation,0,nan,nan,0,nan,0,nan,nan,0,nan
2965.925,3,1,1,fixation,1,-0.9138050509823693,0.42928948998451233,1,3.5372314453125,1,-0.5226671430799696,0.44679664075374603,1,3.6935882568359375
2982.593,3,1,1,fixation,1,-0.902726030184163,0.4270806759595871,1,3.3173065185546875,1,-0.5170334180196126,0.44168052077293396,1,3.4371337890625
2999.261,3,1,1,fixation,0,nan,nan,0,nan,0,nan,nan,0,nan
3015.93,3,1,1,fixation,1,-0.9170148107740613,0.4240916669368744,1,3.498016357421875,1,-0.5222339100307888,0.44771774113178253,1,3.6760711669921875
3032.598,3,1,1,fixation,1,-0.908998558918635,0.4278637543320656,1,3.2908172607421875,1,-0.5154373380872939,0.4446257874369621,1,3.4167938232421875
3049.267,3,1,1,fixation,0,nan,nan,0,nan,0,nan,nan,0,nan
3065.936,3,1,1,fixation,1,-0.9176860749721527,0.428716316819191,1,3.48681640625,1,-0.5099800957573785,0.4308024272322655,1,3.6605224609375
3082.604,3,1,1,fixation,1,-0.9054281363884608,0.42805319279432297,1,3.2753753662109375,1,-0.5149432288275825,0.4465531259775162,1,3.398345947265625
3099.272,3,1,1,fixation,0,nan,nan,0,nan,0,nan,nan,0,nan
3115.939,3,1,1,fixation,1,-0.914438055621253,0.42486612498760223,1,3.4764862060546875,1,-0.5056135124630398,0.43937208503484726,1,3.60406494140625
3132.605,3,1,1,fixation,1,-0.9066364334689245,0.4319866821169853,1,3.2644500732421875,1,-0.5142884784274631,0.45087262988090515,1,3.3803863525390625
3149.272,3,1,1,fixation,0,nan,nan,0,nan,0,nan,nan,0,nan
3165.939,3,1,1,fixation,1,-0.9195717440711126,0.4306810796260834,1,3.434814453125,1,-0.5048358175489638,0.4592857100069523,1,3.58111572265625
3182.605,3,1,1,fixation,1,-0.9096004168192545,0.4293724596500397,1,3.2504119873046875,1,-0.5130857361687554,0.4481439143419266,1,3.3680419921875
3199.272,3,1,1,fixation,0,nan,nan,0,nan,0,nan,nan,0,nan
3215.939,3,1,1,fixation,1,-0.9258185691303676,0.4378603845834732,1,3.43182373046875,1,-0.5271294646792941,0.4511023983359337,1,3.604400634765625
3232.605,3,1,1,fixation,1,-0.910581158267127,0.4331517145037651,1,3.2457275390625,1,-0.5217465824551052,0.45634792000055313,1,3.35791015625
3249.272,3,1,1,fixation,0,nan,nan,0,nan,0,nan,nan,0,nan
3265.939,3,1,1,fixation,1,-0.9295266833570268,0.42946628481149673,1,3.4579010009765625,1,-0.5208562744988335,0.4434364177286625,1,3.5753631591796875
3282.604,3,1,1,fixation,1,-0.912873433695899,0.43400122970342636,1,3.24200439453125,1,-0.5186765988667805,0.44858527556061745,1,3.341156005859375
3299.271,3,1,1,fixation,0,nan,nan,0,nan,0,nan,nan,0,nan
3315.938,3,1,1,fixation,1,-0.9222531451119317,0.42301762849092484,1,3.4472808837890625,1,-0.5086542765299479,0.39558248221874237,1,3.535858154296875
3332.604,3,1,1,fixation,1,-0.9065481540229585,0.4346568360924721,1,3.2319793701171875,0,nan,nan,0,nan
3349.271,3,1,1,fixation,0,nan,nan,0,nan,0,nan,nan,0,nan
3365.938,3,1,1,fixation,0,nan,nan,0,nan,0,nan,nan,0,nan
3382.604,3,1,1,fixation,0,nan,nan,0,nan,0,nan,nan,0,nan
3399.271,3,1,1,fixation,0,nan,nan,0,nan,0,nan,nan,0,nan
3415.938,3,1,1,fixation,0,nan,nan,0,nan,0,nan,nan,0,nan
3432.604,3,1,1,fixation,0,nan,nan,0,nan,0,nan,nan,0,nan
3449.271,3,1,1,fixation,0,nan,nan,0,nan,0,nan,nan,0,nan
3465.938,3,1,1,fixation,0,nan,nan,0,nan,0,nan,nan,0,nan
3482.604,3,1,1,fixation,0,nan,nan,0,nan,0,nan,nan,0,nan
3499.271,3,1,1,fixation,0,nan,nan,0,nan,0,nan,nan,0,nan
3515.938,3,1,1,fixation,0,nan,nan,0,nan,0,nan,nan,0,nan
3532.604,3,1,1,fixation,0,nan,nan,0,nan,0,nan,nan,0,nan
3549.271,3,1,1,fixation,0,nan,nan,0,nan,0,nan,nan,0,nan
3565.938,3,1,1,fixation,0,nan,nan,0,nan,0,nan,nan,0,nan
3582.604,3,1,1,fixation,0,nan,nan,0,nan,0,nan,nan,0,nan
3599.271,3,1,1,fixation,0,nan,nan,0,nan,0,nan,nan,0,nan
3615.938,3,1,1,fixation,0,nan,nan,0,nan,0,nan,nan,0,nan
3632.604,3,1,1,fixation,0,nan,nan,0,nan,0,nan,nan,0,nan
3649.271,3,1,1,fixation,0,nan,nan,0,nan,0,nan,nan,0,nan
3665.938,3,1,1,fixation,0,nan,nan,0,nan,0,nan,nan,0,nan
3682.604,3,1,1,fixation,0,nan,nan,0,nan,0,nan,nan,0,nan
3699.271,3,1,1,fixation,0,nan,nan,0,nan,0,nan,nan,0,nan
3715.937,3,1,1,fixation,0,nan,nan,0,nan,0,nan,nan,0,nan
3732.603,3,1,1,fixation,0,nan,nan,0,nan,0,nan,nan,0,nan
3749.27,3,1,1,fixation,0,nan,nan,0,nan,0,nan,nan,0,nan
3765.937,3,1,1,fixation,0,nan,nan,0,nan,0,nan,nan,0,nan
3782.603,3,1,1,fixation,0,nan,nan,0,nan,0,nan,nan,0,nan
3799.27,3,1,1,fixation,0,nan,nan,0,nan,0,nan,nan,0,nan
3815.937,3,1,1,fixation,0,nan,nan,0,nan,0,nan,nan,0,nan
3832.603,3,1,1,fixation,0,nan,nan,0,nan,0,nan,nan,0,nan
3849.27,3,1,1,fixation,0,nan,nan,0,nan,0,nan,nan,0,nan
3865.937,3,1,1,fixation,0,nan,nan,0,nan,0,nan,nan,0,nan
3882.609,3,1,1,fixation,0,nan,nan,0,nan,0,nan,nan,0,nan
3899.281,3,1,1,fixation,0,nan,nan,0,nan,0,nan,nan,0,nan
3915.953,3,1,1,fixation,0,nan,nan,0,nan,0,nan,nan,0,nan
3932.619,3,1,1,fixation,0,nan,nan,0,nan,0,nan,nan,0,nan
3949.286,3,1,1,fixation,0,nan,nan,0,nan,0,nan,nan,0,nan
3965.954,3,1,1,fixation,0,nan,nan,0,nan,0,nan,nan,0,nan
3982.621,3,1,1,fixation,0,nan,nan,0,nan,0,nan,nan,0,nan
3999.289,3,1,1,fixation,0,nan,nan,0,nan,0,nan,nan,0,nan
4015.953,3,1,1,fixation,0,nan,nan,0,nan,0,nan,nan,0,nan
4032.62,3,1,1,fixation,0,nan,nan,0,nan,0,nan,nan,0,nan
4049.287,3,1,1,fixation,0,nan,nan,0,nan,0,nan,nan,0,nan
4065.955,3,1,1,fixation,0,nan,nan,0,nan,0,nan,nan,0,nan
4082.622,3,1,1,fixation,0,nan,nan,0,nan,0,nan,nan,0,nan
4099.287,3,1,1,fixation,0,nan,nan,0,nan,0,nan,nan,0,nan
4115.953,3,1,1,fixation,0,nan,nan,0,nan,0,nan,nan,0,nan
4132.62,3,1,1,fixation,0,nan,nan,0,nan,0,nan,nan,0,nan
4149.288,3,1,1,fixation,0,nan,nan,0,nan,0,nan,nan,0,nan
4165.955,3,1,1,fixation,0,nan,nan,0,nan,0,nan,nan,0,nan
4182.619,3,1,1,fixation,0,nan,nan,0,nan,0,nan,nan,0,nan
4199.286,3,1,1,fixation,0,nan,nan,0,nan,0,nan,nan,0,nan
4215.953,3,1,1,fixation,0,nan,nan,0,nan,0,nan,nan,0,nan
4232.619,3,1,1,fixation,0,nan,nan,0,nan,0,nan,nan,0,nan
4249.286,3,1,1,fixation,0,nan,nan,0,nan,0,nan,nan,0,nan
4265.953,3,1,1,fixation,0,nan,nan,0,nan,0,nan,nan,0,nan
4282.619,3,1,1,fixation,0,nan,nan,0,nan,0,nan,nan,0,nan
4299.286,3,1,1,fixation,0,nan,nan,0,nan,0,nan,nan,0,nan
4315.953,3,1,1,fixation,0,nan,nan,0,nan,0,nan,nan,0,nan
4332.619,3,1,1,fixation,0,nan,nan,0,nan,0,nan,nan,0,nan
4349.286,3,1,1,fixation,0,nan,nan,0,nan,0,nan,nan,0,nan
4365.953,3,1,1,fixation,0,nan,nan,0,nan,0,nan,nan,0,nan
4382.62,3,1,1,fixation,0,nan,nan,0,nan,0,nan,nan,0,nan
4399.288,3,1,1,fixation,0,nan,nan,0,nan,0,nan,nan,0,nan
4415.954,3,1,1,fixation,0,nan,nan,0,nan,0,nan,nan,0,nan
4432.621,3,1,1,fixation,0,nan,nan,0,nan,0,nan,nan,0,nan
4449.287,3,1,1,fixation,0,nan,nan,0,nan,0,nan,nan,0,nan
4465.954,3,1,1,fixation,0,nan,nan,0,nan,0,nan,nan,0,nan
4482.621,3,1,1,fixation,0,nan,nan,0,nan,0,nan,nan,0,nan
4499.287,3,1,1,fixation,0,nan,nan,0,nan,0,nan,nan,0,nan
4515.954,3,1,1,fixation,0,nan,nan,0,nan,0,nan,nan,0,nan
4532.621,3,1,1,fixation,0,nan,nan,0,nan,0,nan,nan,0,nan
4549.288,3,1,1,fixation,0,nan,nan,0,nan,0,nan,nan,0,nan
4565.955,3,1,1,fixation,0,nan,nan,0,nan,0,nan,nan,0,nan
4582.622,3,1,1,fixation,0,nan,nan,0,nan,0,nan,nan,0,nan
4599.287,3,1,1,fixation,0,nan,nan,0,nan,0,nan,nan,0,nan
4615.954,3,1,1,fixation,0,nan,nan,0,nan,0,nan,nan,0,nan
4632.621,3,1,1,fixation,0,nan,nan,0,nan,0,nan,nan,0,nan
4649.287,3,1,1,fixation,0,nan,nan,0,nan,0,nan,nan,0,nan
4665.954,3,1,1,fixation,0,nan,nan,0,nan,0,nan,nan,0,nan
4682.621,3,1,1,fixation,0,nan,nan,0,nan,0,nan,nan,0,nan
4699.287,3,1,1,fixation,0,nan,nan,0,nan,0,nan,nan,0,nan
4715.954,3,1,1,fixation,0,nan,nan,0,nan,0,nan,nan,0,nan
4732.621,3,1,1,fixation,0,nan,nan,0,nan,0,nan,nan,0,nan
4749.288,3,1,1,fixation,0,nan,nan,0,nan,0,nan,nan,0,nan
4765.955,3,1,1,fixation,0,nan,nan,0,nan,0,nan,nan,0,nan
4782.621,3,1,1,fixation,0,nan,nan,0,nan,0,nan,nan,0,nan
4799.288,3,1,1,fixation,0,nan,nan,0,nan,0,nan,nan,0,nan
4815.955,3,1,1,fixation,0,nan,nan,0,nan,0,nan,nan,0,nan
4832.621,3,1,1,fixation,0,nan,nan,0,nan,0,nan,nan,0,nan
4849.288,3,1,1,fixation,0,nan,nan,0,nan,0,nan,nan,0,nan
4865.955,3,1,1,fixation,0,nan,nan,0,nan,0,nan,nan,0,nan
4882.621,3,1,1,fixation,0,nan,nan,0,nan,0,nan,nan,0,nan
4899.288,3,1,1,fixation,0,nan,nan,0,nan,0,nan,nan,0,nan
4915.955,3,1,1,fixation,0,nan,nan,0,nan,0,nan,nan,0,nan
4932.621,3,1,1,fixation,0,nan,nan,0,nan,0,nan,nan,0,nan
4949.288,3,1,1,fixation,0,nan,nan,0,nan,0,nan,nan,0,nan
4965.955,3,1,1,fixation,0,nan,nan,0,nan,0,nan,nan,0,nan
4982.621,3,1,1,fixation,0,nan,nan,0,nan,0,nan,nan,0,nan
4999.288,3,1,1,fixation,0,nan,nan,0,nan,0,nan,nan,0,nan
5015.955,3,1,1,fixation,0,nan,nan,0,nan,0,nan,nan,0,nan
5032.62,3,1,1,fixation,0,nan,nan,0,nan,0,nan,nan,0,nan
5049.287,3,1,1,fixation,0,nan,nan,0,nan,0,nan,nan,0,nan
5065.954,3,1,1,fixation,0,nan,nan,0,nan,0,nan,nan,0,nan
5082.62,3,1,1,fixation,0,nan,nan,0,nan,0,nan,nan,0,nan
5099.287,3,1,1,fixation,0,nan,nan,0,nan,0,nan,nan,0,nan
5115.954,3,1,1,fixation,0,nan,nan,0,nan,0,nan,nan,0,nan
5132.62,3,1,1,fixation,0,nan,nan,0,nan,0,nan,nan,0,nan
5149.287,3,1,1,fixation,0,nan,nan,0,nan,0,nan,nan,0,nan
5165.954,3,1,1,fixation,0,nan,nan,0,nan,0,nan,nan,0,nan
5182.621,3,1,1,fixation,0,nan,nan,0,nan,0,nan,nan,0,nan
5199.288,3,1,1,fixation,0,nan,nan,0,nan,0,nan,nan,0,nan
5215.956,3,1,1,fixation,0,nan,nan,0,nan,0,nan,nan,0,nan
5232.622,3,1,1,fixation,0,nan,nan,0,nan,0,nan,nan,0,nan
5249.289,3,1,1,fixation,0,nan,nan,0,nan,0,nan,nan,0,nan
5265.956,3,1,1,fixation,0,nan,nan,0,nan,0,nan,nan,0,nan
5282.623,3,1,1,fixation,0,nan,nan,0,nan,0,nan,nan,0,nan
5299.291,3,1,1,fixation,0,nan,nan,0,nan,0,nan,nan,0,nan
5315.955,3,1,1,fixation,0,nan,nan,0,nan,0,nan,nan,0,nan
5332.622,3,1,1,fixation,0,nan,nan,0,nan,0,nan,nan,0,nan
5349.289,3,1,1,fixation,0,nan,nan,0,nan,0,nan,nan,0,nan
5365.957,3,1,1,fixation,0,nan,nan,0,nan,0,nan,nan,0,nan
5382.624,3,1,1,fixation,0,nan,nan,0,nan,0,nan,nan,0,nan
5399.289,3,1,1,fixation,0,nan,nan,0,nan,0,nan,nan,0,nan
5415.955,3,1,1,fixation,0,nan,nan,0,nan,0,nan,nan,0,nan
5432.622,3,1,1,fixation,0,nan,nan,0,nan,0,nan,nan,0,nan
5449.29,3,1,1,fixation,0,nan,nan,0,nan,0,nan,nan,0,nan
5465.958,3,1,1,stimulusMovement,0,nan,nan,0,nan,0,nan,nan,0,nan
5482.621,3,1,1,stimulusMovement,0,nan,nan,0,nan,0,nan,nan,0,nan
5499.288,3,1,1,stimulusMovement,0,nan,nan,0,nan,0,nan,nan,0,nan
5515.955,3,1,1,stimulusMovement,0,nan,nan,0,nan,0,nan,nan,0,nan
5532.622,3,1,1,stimulusMovement,0,nan,nan,0,nan,0,nan,nan,0,nan
5549.29,3,1,1,stimulusMovement,0,nan,nan,0,nan,0,nan,nan,0,nan
5565.957,3,1,1,stimulusMovement,0,nan,nan,0,nan,0,nan,nan,0,nan
5582.625,3,1,1,stimulusMovement,0,nan,nan,0,nan,0,nan,nan,0,nan
5599.292,3,1,1,stimulusMovement,0,nan,nan,0,nan,0,nan,nan,0,nan
5615.959,3,1,1,stimulusMovement,0,nan,nan,0,nan,0,nan,nan,0,nan
5632.627,3,1,1,stimulusMovement,0,nan,nan,0,nan,0,nan,nan,0,nan
5649.287,3,1,1,stimulusMovement,0,nan,nan,0,nan,0,nan,nan,0,nan
5665.954,3,1,1,stimulusMovement,0,nan,nan,0,nan,0,nan,nan,0,nan
5682.621,3,1,1,stimulusMovement,0,nan,nan,0,nan,0,nan,nan,0,nan
5699.289,3,1,1,stimulusMovement,0,nan,nan,0,nan,0,nan,nan,0,nan
5715.957,3,1,1,stimulusMovement,0,nan,nan,0,nan,0,nan,nan,0,nan
5732.623,3,1,1,stimulusMovement,0,nan,nan,0,nan,0,nan,nan,0,nan
5749.291,3,1,1,stimulusMovement,0,nan,nan,0,nan,0,nan,nan,0,nan
5765.951,3,1,1,stimulusMovement,0,nan,nan,0,nan,0,nan,nan,0,nan
5782.619,3,1,1,stimulusMovement,0,nan,nan,0,nan,0,nan,nan,0,nan
5799.286,3,1,1,stimulusMovement,0,nan,nan,0,nan,0,nan,nan,0,nan
5815.953,3,1,1,stimulusMovement,0,nan,nan,0,nan,0,nan,nan,0,nan
5832.621,3,1,1,stimulusMovement,0,nan,nan,0,nan,0,nan,nan,0,nan
5849.288,3,1,1,stimulusMovement,0,nan,nan,0,nan,0,nan,nan,0,nan
5865.956,3,1,1,stimulusMovement,0,nan,nan,0,nan,0,nan,nan,0,nan
5882.615,3,1,1,stimulusMovement,0,nan,nan,0,nan,0,nan,nan,0,nan
5899.282,3,1,1,stimulusMovement,0,nan,nan,0,nan,0,nan,nan,0,nan
5915.949,3,1,1,stimulusMovement,0,nan,nan,0,nan,0,nan,nan,0,nan
5932.617,3,1,1,stimulusMovement,0,nan,nan,0,nan,0,nan,nan,0,nan
5949.285,3,1,1,stimulusMovement,0,nan,nan,0,nan,0,nan,nan,0,nan
5965.951,3,1,1,stimulusMovement,0,nan,nan,0,nan,0,nan,nan,0,nan
5982.619,3,1,1,stimulusMovement,0,nan,nan,0,nan,0,nan,nan,0,nan
5999.279,3,1,1,stimulusMovement,0,nan,nan,0,nan,0,nan,nan,0,nan
6015.946,3,1,1,stimulusMovement,0,nan,nan,0,nan,0,nan,nan,0,nan
6032.613,3,1,1,stimulusMovement,0,nan,nan,0,nan,0,nan,nan,0,nan
6049.281,3,1,1,stimulusMovement,0,nan,nan,0,nan,0,nan,nan,0,nan
6065.948,3,1,1,stimulusMovement,0,nan,nan,0,nan,0,nan,nan,0,nan
6082.616,3,1,1,stimulusMovement,0,nan,nan,0,nan,0,nan,nan,0,nan
6099.283,3,1,1,stimulusMovement,0,nan,nan,0,nan,0,nan,nan,0,nan
6115.95,3,1,1,stimulusMovement,0,nan,nan,0,nan,0,nan,nan,0,nan
6132.61,3,1,1,stimulusMovement,0,nan,nan,0,nan,0,nan,nan,0,nan
6149.278,3,1,1,stimulusMovement,0,nan,nan,0,nan,0,nan,nan,0,nan
6165.945,3,1,1,stimulusMovement,0,nan,nan,0,nan,0,nan,nan,0,nan
6182.612,3,1,1,stimulusMovement,0,nan,nan,0,nan,0,nan,nan,0,nan
6199.28,3,1,1,stimulusMovement,0,nan,nan,0,nan,0,nan,nan,0,nan
6215.947,3,1,1,stimulusMovement,0,nan,nan,0,nan,0,nan,nan,0,nan
6232.615,3,1,1,stimulusMovement,0,nan,nan,0,nan,0,nan,nan,0,nan
6249.273,3,1,1,stimulusMovement,0,nan,nan,0,nan,0,nan,nan,0,nan
6265.941,3,1,1,stimulusMovement,0,nan,nan,0,nan,0,nan,nan,0,nan
6282.609,3,1,1,stimulusMovement,0,nan,nan,0,nan,0,nan,nan,0,nan
6299.276,3,1,1,stimulusMovement,0,nan,nan,0,nan,0,nan,nan,0,nan
6315.944,3,1,1,stimulusMovement,0,nan,nan,0,nan,0,nan,nan,0,nan
6332.61,3,1,1,stimulusMovement,0,nan,nan,0,nan,0,nan,nan,0,nan
6349.278,3,1,1,stimulusMovement,0,nan,nan,0,nan,0,nan,nan,0,nan
6365.937,3,1,1,stimulusMovement,0,nan,nan,0,nan,0,nan,nan,0,nan
6382.605,3,1,1,stimulusMovement,0,nan,nan,0,nan,0,nan,nan,0,nan
6399.272,3,1,1,stimulusMovement,0,nan,nan,0,nan,0,nan,nan,0,nan
6415.939,3,1,1,stimulusMovement,0,nan,nan,0,nan,0,nan,nan,0,nan
6432.607,3,1,1,stimulusMovement,0,nan,nan,0,nan,0,nan,nan,0,nan
6449.274,3,1,1,stimulusMovement,0,nan,nan,0,nan,0,nan,nan,0,nan
6465.941,3,1,1,stimulusMovement,0,nan,nan,0,nan,0,nan,nan,0,nan
6482.6,3,1,1,stimulusMovement,0,nan,nan,0,nan,0,nan,nan,0,nan
6499.268,3,1,1,stimulusMovement,0,nan,nan,0,nan,0,nan,nan,0,nan
6515.934,3,1,1,stimulusMovement,0,nan,nan,0,nan,0,nan,nan,0,nan
6532.6,3,1,1,stimulusMovement,0,nan,nan,0,nan,0,nan,nan,0,nan
6549.267,3,1,1,stimulusMovement,0,nan,nan,0,nan,0,nan,nan,0,nan
6565.933,3,1,1,stimulusMovement,0,nan,nan,0,nan,0,nan,nan,0,nan
6582.599,3,1,1,stimulusMovement,0,nan,nan,0,nan,0,nan,nan,0,nan
6599.266,3,1,1,stimulusMovement,0,nan,nan,0,nan,0,nan,nan,0,nan
6615.931,3,1,1,stimulusMovement,0,nan,nan,0,nan,0,nan,nan,0,nan
6632.599,3,1,1,stimulusMovement,0,nan,nan,0,nan,0,nan,nan,0,nan
6649.267,3,1,1,stimulusMovement,0,nan,nan,0,nan,0,nan,nan,0,nan
6665.934,3,1,1,stimulusMovement,0,nan,nan,0,nan,0,nan,nan,0,nan
6682.603,3,1,1,stimulusMovement,0,nan,nan,0,nan,0,nan,nan,0,nan
6699.268,3,1,1,stimulusMovement,0,nan,nan,0,nan,0,nan,nan,0,nan
6715.933,3,1,1,stimulusMovement,0,nan,nan,0,nan,0,nan,nan,0,nan
6732.6,3,1,1,stimulusMovement,0,nan,nan,0,nan,0,nan,nan,0,nan
6749.267,3,1,1,stimulusMovement,0,nan,nan,0,nan,0,nan,nan,0,nan
6765.932,3,1,1,stimulusMovement,0,nan,nan,0,nan,0,nan,nan,0,nan
6782.599,3,1,1,stimulusMovement,0,nan,nan,0,nan,0,nan,nan,0,nan
6799.266,3,1,1,stimulusMovement,0,nan,nan,0,nan,0,nan,nan,0,nan
6815.93,3,1,1,stimulusMovement,0,nan,nan,0,nan,0,nan,nan,0,nan
6832.597,3,1,1,stimulusMovement,0,nan,nan,0,nan,0,nan,nan,0,nan
6849.264,3,1,1,stimulusMovement,0,nan,nan,0,nan,0,nan,nan,0,nan
6865.929,3,1,1,stimulusMovement,0,nan,nan,0,nan,0,nan,nan,0,nan
6882.596,3,1,1,stimulusMovement,0,nan,nan,0,nan,0,nan,nan,0,nan
6899.263,3,1,1,stimulusMovement,0,nan,nan,0,nan,0,nan,nan,0,nan
6915.928,3,1,1,stimulusMovement,0,nan,nan,0,nan,0,nan,nan,0,nan
6932.594,3,1,1,stimulusMovement,0,nan,nan,0,nan,0,nan,nan,0,nan
6949.26,3,1,1,stimulusMovement,0,nan,nan,0,nan,0,nan,nan,0,nan
6965.926,3,1,1,stimulusMovement,0,nan,nan,0,nan,0,nan,nan,0,nan
6982.593,3,1,1,stimulusMovement,0,nan,nan,0,nan,0,nan,nan,0,nan
6999.259,3,1,1,stimulusMovement,0,nan,nan,0,nan,0,nan,nan,0,nan
7015.925,3,1,1,stimulusMovement,0,nan,nan,0,nan,0,nan,nan,0,nan
7032.592,3,1,1,stimulusMovement,0,nan,nan,0,nan,0,nan,nan,0,nan
7049.258,3,1,1,stimulusMovement,0,nan,nan,0,nan,0,nan,nan,0,nan
7065.924,3,1,1,stimulusMovement,0,nan,nan,0,nan,0,nan,nan,0,nan
7082.593,3,1,1,stimulusMovement,0,nan,nan,0,nan,0,nan,nan,0,nan
7099.259,3,1,1,stimulusMovement,0,nan,nan,0,nan,0,nan,nan,0,nan
7115.925,3,1,1,stimulusMovement,0,nan,nan,0,nan,0,nan,nan,0,nan
7132.592,3,1,1,stimulusMovement,0,nan,nan,0,nan,0,nan,nan,0,nan
7149.258,3,1,1,stimulusMovement,0,nan,nan,0,nan,0,nan,nan,0,nan
7165.925,3,1,1,stimulusMovement,0,nan,nan,0,nan,0,nan,nan,0,nan
7182.591,3,1,1,stimulusMovement,0,nan,nan,0,nan,0,nan,nan,0,nan
7199.257,3,1,1,stimulusMovement,0,nan,nan,0,nan,0,nan,nan,0,nan
7215.923,3,1,1,stimulusMovement,0,nan,nan,0,nan,0,nan,nan,0,nan
7232.589,3,1,1,stimulusMovement,0,nan,nan,0,nan,0,nan,nan,0,nan
7249.255,3,1,1,stimulusMovement,0,nan,nan,0,nan,0,nan,nan,0,nan
7265.924,3,1,1,stimulusMovement,1,-0.7897440989812214,0.3689461052417755,1,3.517852783203125,0,nan,nan,0,nan
7282.59,3,1,1,stimulusMovement,1,-0.783941388130188,0.366625115275383,1,3.5129852294921875,0,nan,nan,0,nan
7299.257,3,1,1,stimulusMovement,1,-0.7871523035897149,0.35971878468990326,1,3.49609375,0,nan,nan,0,nan
7315.923,3,1,1,stimulusMovement,1,-0.7998991145028008,0.36213333904743195,1,3.4975128173828125,0,nan,nan,0,nan
7332.59,3,1,1,stimulusMovement,1,-0.7896459235085381,0.3717775493860245,1,3.5309600830078125,0,nan,nan,0,nan
7349.257,3,1,1,stimulusMovement,1,-0.794452044698927,0.35827121138572693,1,3.5169219970703125,0,nan,nan,0,nan
7365.923,3,1,1,stimulusMovement,1,-0.7935753133561876,0.3672817647457123,1,3.5325775146484375,0,nan,nan,0,nan
7382.59,3,1,1,stimulusMovement,1,-0.7850857973098755,0.37241558730602264,1,3.5159454345703125,0,nan,nan,0,nan
7399.257,3,1,1,stimulusMovement,1,-0.7819305923249986,0.36988571286201477,1,3.519134521484375,0,nan,nan,0,nan
7415.922,3,1,1,stimulusMovement,1,-0.7651756736967298,0.34380006790161133,1,3.564697265625,0,nan,nan,0,nan
7432.589,3,1,1,stimulusMovement,1,-0.769274976518419,0.3635834753513336,1,3.5300750732421875,0,nan,nan,0,nan
7449.256,3,1,1,stimulusMovement,1,-0.6918211115731133,0.44731995835900307,1,3.5494842529296875,0,nan,nan,0,nan
7465.922,3,1,1,stimulusMovement,1,-0.6744287808736165,0.4190123379230499,1,3.5988006591796875,0,nan,nan,0,nan
7482.589,3,1,1,stimulusMovement,1,-0.6613810062408447,0.4322833716869354,1,3.57977294921875,0,nan,nan,0,nan
7499.256,3,1,1,stimulusMovement,1,-0.6571595403883191,0.43145424872636795,1,3.5328216552734375,0,nan,nan,0,nan
7515.922,3,1,1,stimulusMovement,1,-0.6479434967041016,0.4186602085828781,1,3.6227569580078125,1,-0.2432356940375434,0.41334016621112823,1,3.6913299560546875
7532.588,3,1,1,stimulusMovement,1,-0.6441916889614528,0.41834772378206253,1,3.606414794921875,1,-0.25089899698893225,0.4227578863501549,1,3.7449798583984375
7549.255,3,1,1,stimulusMovement,1,-0.6468355920579698,0.42015260457992554,1,3.620330810546875,1,-0.22294468349880642,0.4240744486451149,1,3.6829376220703125
7565.921,3,1,1,stimulusMovement,1,-0.6428030861748589,0.42029985785484314,1,3.6467437744140625,1,-0.21743022070990667,0.415784128010273,1,3.742889404296875
7582.588,3,1,1,stimulusMovement,1,-0.6275138060251871,0.4096168875694275,1,3.66253662109375,1,-0.23871220482720268,0.42879243940114975,1,3.78729248046875
7599.255,3,1,1,stimulusMovement,1,-0.6331403255462646,0.4141375571489334,1,3.6663055419921875,1,-0.20819928910997176,0.4121617525815964,1,3.764984130859375
7615.921,3,1,1,stimulusMovement,1,-0.6219827069176568,0.42509928345680237,1,3.621124267578125,1,-0.21517785390218097,0.42154785245656967,1,3.7581939697265625
7632.588,3,1,1,stimulusMovement,1,-0.616609255472819,0.4189983755350113,1,3.6422882080078125,1,-0.21304353078206378,0.40192434191703796,1,3.753753662109375
7649.255,3,1,1,stimulusMovement,1,-0.6137100325690376,0.40689196437597275,1,3.6821136474609375,1,-0.20462216271294487,0.41376136243343353,1,3.834075927734375
7665.92,3,1,1,stimulusMovement,1,-0.49573283725314665,0.432877741754055,1,3.6680145263671875,1,-0.08097087012396918,0.4048977941274643,1,3.7822418212890625
7682.587,3,1,1,stimulusMovement,1,-0.44960133234659827,0.4091358929872513,1,3.68853759765625,1,-0.045617421468098954,0.3832521587610245,1,3.74920654296875
7699.254,3,1,1,stimulusMovement,1,-0.4450035625033908,0.4146677404642105,1,3.6959686279296875,1,-0.026400936974419486,0.37803077697753906,1,3.7417449951171875
7715.92,3,1,1,stimulusMovement,1,-0.4265430768330892,0.3967332988977432,1,3.6913604736328125,1,-0.02044386333889431,0.3923863023519516,1,3.7978515625
7732.587,3,1,1,stimulusMovement,1,-0.41453329722086585,0.40352069586515427,1,3.7136077880859375,1,-0.024798605177137584,0.3887139856815338,1,3.7462921142578125
7749.254,3,1,1,stimulusMovement,1,-0.41431601842244464,0.39878081530332565,1,3.7324371337890625,1,-0.00693511962890625,0.3876890540122986,1,3.7838592529296875
7765.92,3,1,1,stimulusMovement,1,-0.4062480926513672,0.4013209193944931,1,3.679473876953125,1,-0.0024327701992458766,0.38314855843782425,1,3.7362823486328125
7782.586,3,1,1,stimulusMovement,1,-0.40068864822387695,0.38623271882534027,1,3.7476654052734375,1,0.000881512959798177,0.36285531520843506,1,3.8127288818359375
7799.253,3,1,1,stimulusMovement,1,-0.390535036722819,0.3963278830051422,1,3.7130584716796875,1,0.007244322035047743,0.37275464832782745,1,3.800140380859375
7815.919,3,1,1,stimulusMovement,1,-0.37859582901000977,0.3972482830286026,1,3.7169189453125,1,0.015273200141059026,0.3881513401865959,1,3.798431396484375
7832.586,3,1,1,stimulusMovement,1,-0.3698173628913031,0.39314207434654236,1,3.7306976318359375,1,0.019593980577256944,0.3771160691976547,1,3.796661376953125
7849.253,3,1,1,stimulusMovement,1,-0.3748247358534071,0.3892643451690674,1,3.757568359375,1,0.018690109252929688,0.3722377419471741,1,3.816986083984375
7865.919,3,1,1,stimulusMovement,1,-0.3437294430202908,0.39588288962841034,1,3.7410430908203125,1,0.0408786137898763,0.36015942692756653,1,3.8841094970703125
7882.586,3,1,1,stimulusMovement,1,-0.3445376290215386,0.40195684134960175,1,3.7455291748046875,1,0.04260963863796658,0.3895295560359955,1,3.8010711669921875
7899.252,3,1,1,stimulusMovement,1,-0.2442615297105577,0.4348024055361748,1,3.7464752197265625,1,0.2353690465291341,0.439067006111145,1,3.8038330078125
7915.918,3,1,1,stimulusMovement,1,-0.17522430419921875,0.42184220254421234,1,3.71405029296875,1,0.27398236592610675,0.43722955137491226,1,3.8223419189453125
7932.585,3,1,1,stimulusMovement,1,-0.09770658281114365,0.41240663081407547,1,3.697235107421875,1,0.284361097547743,0.4425727613270283,1,3.853302001953125
7949.252,3,1,1,stimulusMovement,1,-0.08621872795952691,0.4110291302204132,1,3.7087860107421875,1,0.2942924499511719,0.43146373331546783,1,3.8009185791015625
7965.918,3,1,1,stimulusMovement,1,-0.0863921907212999,0.4067399799823761,1,3.753082275390625,1,0.3004627227783203,0.43191174417734146,1,3.8184051513671875
7982.585,3,1,1,stimulusMovement,1,-0.07528411017523871,0.41360288858413696,1,3.7357940673828125,1,0.3087594774034288,0.42972753942012787,1,3.7943115234375
7999.252,3,1,1,stimulusMovement,1,-0.06348864237467447,0.39944764971733093,1,3.7319793701171875,1,0.3106759389241536,0.4238801971077919,1,3.7878570556640625
8015.917,3,1,1,stimulusMovement,1,-0.05789052115546332,0.4076172932982445,1,3.70050048828125,1,0.3261898888481988,0.43834174424409866,1,3.7852935791015625
8032.584,3,1,1,stimulusMovement,1,-0.05000940958658854,0.40983323007822037,1,3.7025604248046875,1,0.34461678398980033,0.43081341683864594,1,3.785736083984375
8049.251,3,1,1,stimulusMovement,1,-0.03204345703125,0.41192030906677246,1,3.674591064453125,1,0.34735997517903644,0.432471826672554,1,3.7541656494140625
8065.917,3,1,1,stimulusMovement,1,-0.0329079098171658,0.4042094126343727,1,3.7132415771484375,1,0.35818937089708114,0.4362518787384033,1,3.760986328125
8082.584,3,1,1,stimulusMovement,1,-0.023811923133002386,0.411434106528759,1,3.689117431640625,1,0.3671109941270616,0.4411104843020439,1,3.7258148193359375
8099.251,3,1,1,stimulusMovement,1,-0.007829242282443576,0.41642287373542786,1,3.67730712890625,1,0.37602784898546004,0.445795014500618,1,3.73626708984375
8115.917,3,1,1,stimulusMovement,1,0.025117238362630207,0.41155797988176346,1,3.6960601806640625,1,0.42580445607503253,0.44641972333192825,1,3.777313232421875
8132.584,3,1,1,stimulusMovement,1,0.13235325283474392,0.4410320073366165,1,3.700103759765625,1,0.5516359541151259,0.4431590959429741,1,3.7490692138671875
8149.25,3,1,1,stimulusMovement,1,0.14325459798177081,0.40215256810188293,1,3.6970367431640625,1,0.552768071492513,0.43761931359767914,1,3.7130584716796875
8165.916,3,1,1,stimulusMovement,1,0.16417037116156682,0.41280366480350494,1,3.6629180908203125,1,0.5720034705268012,0.43470554053783417,1,3.7053680419921875
8182.583,3,1,1,stimulusMovement,1,0.17491573757595485,0.42478492110967636,1,3.6666717529296875,1,0.5793880886501735,0.4334990903735161,1,3.689971923828125
8199.25,3,1,1,stimulusMovement,1,0.18504386478000215,0.42688263952732086,1,3.6869049072265625,1,0.5986914104885525,0.4366878494620323,1,3.7173919677734375
8215.916,3,1,1,stimulusMovement,1,0.1922427283393012,0.4285503998398781,1,3.6968536376953125,1,0.6079552968343098,0.4336739778518677,1,3.7175445556640625
8232.583,3,1,1,stimulusMovement,1,0.19717152913411456,0.4227219596505165,1,3.65087890625,1,0.6197094387478298,0.4436100870370865,1,3.708038330078125
8249.25,3,1,1,stimulusMovement,1,0.2167636023627387,0.4262543246150017,1,3.649444580078125,1,0.6330040825737847,0.43403033167123795,1,3.6811981201171875
8265.915,3,1,1,stimulusMovement,1,0.22312164306640625,0.43798740953207016,1,3.7144775390625,1,0.6377853817409939,0.44716330617666245,1,3.6866607666015625
8282.582,3,1,1,stimulusMovement,1,0.24625587463378906,0.4374648779630661,1,3.6664886474609375,1,0.6510103013780382,0.4322842210531235,1,3.71783447265625
8299.249,3,1,1,stimulusMovement,1,0.2471413082546658,0.4304784834384918,1,3.6947784423828125,1,0.6550097995334201,0.4415074363350868,1,3.7256011962890625
8315.915,3,1,1,stimulusMovement,1,0.2374031278822157,0.4263143986463547,1,3.7257843017578125,1,0.6760107676188151,0.4498421251773834,1,3.697662353515625
8332.582,3,1,1,stimulusMovement,1,0.26775614420572913,0.43717413395643234,1,3.6652679443359375,1,0.6868701510959201,0.4518021196126938,1,3.696502685546875
8349.249,3,1,1,stimulusMovement,1,0.291701422797309,0.4381481483578682,1,3.7356109619140625,1,0.7109790378146701,0.44863490015268326,1,3.6831207275390625
8365.915,3,1,1,stimulusMovement,1,0.3100126054551866,0.433655820786953,1,3.7423858642578125,1,0.7169577280680338,0.4550302252173424,1,3.6770477294921875
8382.581,3,1,1,stimulusMovement,1,0.328468746609158,0.4802665561437607,1,3.7724761962890625,1,0.7368818918863932,0.45611395686864853,1,3.7127532958984375
8399.248,3,1,1,stimulusMovement,1,0.36044714185926646,0.48449102509766817,1,3.7766876220703125,1,0.7513866424560547,0.45719046145677567,1,3.7061614990234375
8415.914,3,1,1,stimulusMovement,1,0.3666515350341797,0.47293674759566784,1,3.755523681640625,1,0.767764409383138,0.4490525498986244,1,3.6858673095703125
8432.581,3,1,1,stimulusMovement,1,0.37289831373426646,0.47450914047658443,1,3.717010498046875,1,0.7769247690836588,0.45896658301353455,1,3.676300048828125
8449.248,3,1,1,stimulusMovement,1,0.3934472401936849,0.47841959446668625,1,3.740325927734375,1,0.8003088633219401,0.4555925652384758,1,3.67095947265625
8465.914,3,1,1,stimulusMovement,1,0.4045388963487413,0.4720870107412338,1,3.714202880859375,1,0.8115205764770508,0.4539283663034439,1,3.737518310546875
8482.581,3,1,1,stimulusMovement,0,nan,nan,0,nan,1,0.8604816860622829,0.46361517906188965,1,3.7224578857421875
8499.247,3,1,1,stimulusMovement,1,0.4729241265190972,0.5113917896524072,1,3.75897216796875,1,0.8850163353814019,0.4752289913594723,1,3.6705322265625
8515.913,3,1,1,stimulusMovement,1,0.43171617719862193,0.4824008122086525,1,3.5795440673828125,1,0.8997794257269964,0.45240601897239685,1,3.6975250244140625
8532.58,3,1,1,stimulusMovement,1,0.48497348361545134,0.5047124731354415,1,3.76361083984375,1,0.9150895012749566,0.4592292159795761,1,3.66253662109375
8549.247,3,1,1,stimulusMovement,1,0.4897793663872613,0.49062649440020323,1,3.7646026611328125,1,0.9152122073703342,0.46138545125722885,1,3.6531829833984375
8565.913,3,1,1,stimulusMovement,1,0.4899459415011935,0.4899906050413847,1,3.7245941162109375,1,0.93486573961046,0.4538392424583435,1,3.6179351806640625
8582.58,3,1,1,stimulusMovement,1,0.5401023228963215,0.5139077715575695,1,3.7680816650390625,1,0.9476973215738932,0.4549790322780609,1,3.681732177734375
8599.247,3,1,1,stimulusMovement,1,0.53838136461046,0.5055702151730657,1,3.694244384765625,1,0.9583930969238281,0.45695628225803375,1,3.6518707275390625
8615.912,3,1,1,stimulusMovement,1,0.5417184829711914,0.5063566253520548,1,3.7624969482421875,1,0.9731345706515842,0.44316302984952927,1,3.664398193359375
8632.579,3,1,1,stimulusMovement,1,0.5541034274631076,0.5089727323502302,1,3.73651123046875,1,0.9834476047092013,0.4479014351963997,1,3.6274871826171875
8649.246,3,1,1,stimulusMovement,1,0.5623670154147677,0.5059790937229991,1,3.71002197265625,1,0.995897716946072,0.4462282657623291,1,3.640777587890625
8665.912,3,1,1,stimulusMovement,1,0.568908585442437,0.47913123294711113,1,3.6913299560546875,1,0.9942951202392578,0.4362427592277527,1,3.639404296875
8682.579,3,1,1,stimulusMovement,1,0.5674429999457465,0.4634198658168316,1,3.7414093017578125,1,1.0176510281032987,0.44169770181179047,1,3.633514404296875
8699.246,3,1,1,stimulusMovement,1,0.5956327650282117,0.49553918512538075,1,3.7292022705078125,1,1.0321835411919487,0.4373447373509407,1,3.6369476318359375
8715.912,3,1,1,stimulusMovement,1,0.5821386973063151,0.47329457476735115,1,3.671295166015625,1,1.040313932630751,0.435133695602417,1,3.6009063720703125
8732.579,3,1,1,stimulusMovement,1,0.6156735950046115,0.4976032832637429,1,3.7196807861328125,1,1.0491065979003906,0.4431687667965889,1,3.61846923828125
8749.245,3,1,1,stimulusMovement,1,0.6041126251220703,0.47916245833039284,1,3.7168426513671875,1,1.0503175523546007,0.45143111795186996,1,3.6303558349609375
8765.911,3,1,1,stimulusMovement,1,0.6091043684217664,0.48098812997341156,1,3.649017333984375,1,1.064157485961914,0.4458612985908985,1,3.655303955078125
8782.578,3,1,1,stimulusMovement,1,0.6227938334147135,0.5047708763740957,1,3.6998291015625,1,1.0506521860758462,0.4503689594566822,1,3.6309051513671875
8799.245,3,1,1,stimulusMovement,1,0.6263152228461372,0.4796305410563946,1,3.62908935546875,1,1.058857176038954,0.43157143890857697,1,3.6378936767578125
8815.911,3,1,1,stimulusMovement,1,0.6337210337320963,0.4991349820047617,1,3.651641845703125,1,1.0557560390896268,0.4387570917606354,1,3.62371826171875
8832.578,3,1,1,stimulusMovement,1,0.5940651363796657,0.4992633746005595,1,3.56048583984375,1,1.05002933078342,0.4400876984000206,1,3.623046875
8849.246,3,1,1,stimulusMovement,1,0.5887624952528211,0.483402693644166,1,3.5872955322265625,1,1.058333290947808,0.4394870772957802,1,3.662139892578125
8865.911,3,1,1,stimulusMovement,1,0.6260350545247395,0.5086889825761318,1,3.751220703125,1,1.0400827195909288,0.4375048242509365,1,3.634521484375
8882.578,3,1,1,stimulusMovement,1,0.5564337836371528,0.4815565384924412,1,3.7929534912109375,1,1.0212635464138455,0.43773452565073967,1,3.636199951171875
8899.245,3,1,1,stimulusMovement,1,0.538330078125,0.4895313009619713,1,3.685638427734375,1,0.9652820163302951,0.44086286425590515,1,3.6246795654296875
8915.912,3,1,1,stimulusMovement,1,0.551860491434733,0.4909333884716034,1,3.7292327880859375,1,0.989395989312066,0.4550357460975647,1,3.665771484375
8932.579,3,1,1,stimulusMovement,1,0.5306943257649739,0.4599836803972721,1,3.7169647216796875,1,0.9788318210177951,0.4457222670316696,1,3.6562347412109375
8949.246,3,1,1,stimulusMovement,1,0.5631877051459419,0.4965987089090049,1,3.7423248291015625,1,0.9843639797634548,0.4555947408080101,1,3.6602325439453125
8965.912,3,1,1,stimulusMovement,1,0.5497277577718098,0.4924518642947078,1,3.735198974609375,1,0.9772997962103949,0.4566969946026802,1,3.6748199462890625
8982.579,3,1,1,stimulusMovement,1,0.558025148179796,0.4866402894258499,1,3.7301788330078125,1,0.9881576961941189,0.4525603950023651,1,3.706451416015625
8999.246,3,1,1,stimulusMovement,1,0.5369480980767144,0.46284903585910797,1,3.7274932861328125,1,0.9813770718044704,0.45271286368370056,1,3.684173583984375
9015.912,3,1,1,stimulusMovement,1,0.5388872358534071,0.48958380427211523,1,3.77008056640625,1,0.9842113918728298,0.4522236958146095,1,3.66473388671875
9032.579,3,1,1,stimulusMovement,1,0.5534231397840712,0.4807208999991417,1,3.7198028564453125,1,0.9832598368326823,0.4400435760617256,1,3.6660308837890625
9049.247,3,1,1,stimulusMovement,1,0.549456066555447,0.4822863731533289,1,3.7577972412109375,1,0.979591581556532,0.4452662318944931,1,3.6860198974609375
9065.913,3,1,1,stimulusMovement,1,0.5152865515814887,0.48513977974653244,1,3.6517486572265625,1,0.9881498548719617,0.43300578743219376,1,3.6605224609375
9082.58,3,1,1,stimulusMovement,1,0.5238746007283528,0.47124139964580536,1,3.657440185546875,1,0.986602783203125,0.44758273661136627,1,3.685272216796875
9099.247,3,1,1,stimulusMovement,1,0.5299454794989692,0.4797028824687004,1,3.684112548828125,1,0.9989041222466363,0.44025010988116264,1,3.6902313232421875
9115.913,3,1,1,stimulusMovement,1,0.5432370503743489,0.4732449259608984,1,3.739593505859375,1,0.9938382042778863,0.44017911702394485,1,3.67218017578125
9132.58,3,1,1,stimulusMovement,1,0.5477591620551215,0.4667350798845291,1,3.6949005126953125,1,0.9841213226318359,0.4363357722759247,1,3.6743011474609375
9149.247,3,1,1,stimulusMovement,1,0.5378890567355685,0.48250407725572586,1,3.7026214599609375,1,0.9957716200086805,0.45042962580919266,1,3.7060699462890625
9165.914,3,1,1,stimulusMovement,1,0.548847410413954,0.5030193538405001,1,3.714385986328125,1,0.9869863722059461,0.44184842705726624,1,3.636199951171875
9182.581,3,1,1,stimulusMovement,1,0.5578859117296007,0.4949628901667893,1,3.6984710693359375,1,0.9962480333116319,0.43861380219459534,1,3.64263916015625
9199.248,3,1,1,stimulusMovement,1,0.5469270282321506,0.4746217280626297,1,3.7057952880859375,1,0.9970726437038845,0.44306039810180664,1,3.655517578125
9215.914,3,1,1,stimulusMovement,1,0.5389296213785807,0.47333881445229053,1,3.6648712158203125,1,1.0026255713568792,0.4342591464519501,1,3.66265869140625
9232.581,3,1,1,stimulusMovement,1,0.5397133297390407,0.47534243762493134,1,3.6545867919921875,1,0.9960568745930989,0.438121784478426,1,3.6321258544921875
9249.248,3,1,1,stimulusMovement,1,0.531023343404134,0.47095905244350433,1,3.5835418701171875,1,0.9970103369818792,0.4435652606189251,1,3.6371002197265625
9265.914,3,1,1,stimulusMovement,1,0.5520102183024088,0.47717510536313057,1,3.6937255859375,1,0.9967212677001953,0.42843303084373474,1,3.617889404296875
9282.581,3,1,1,stimulusMovement,1,0.5509938134087456,0.48525619972497225,1,3.6932373046875,1,1.003928714328342,0.4258190020918846,1,3.6246490478515625
9299.249,3,1,1,stimulusMovement,1,0.5457952287462022,0.5000073437113315,1,3.6822052001953125,1,0.9991878933376735,0.4543958865106106,1,3.6038360595703125
9315.915,3,1,1,stimulusMovement,1,0.5446704228719075,0.5060780541971326,1,3.6780548095703125,1,0.9982757568359375,0.4559810757637024,1,3.5756072998046875
9332.582,3,1,1,stimulusMovement,1,0.5395334031846788,0.49186717066913843,1,3.6940460205078125,1,0.9962501525878906,0.4447440505027771,1,3.5895843505859375
9349.249,3,1,1,stimulusMovement,0,nan,nan,0,nan,1,1.011061562432183,0.4431793615221977,1,3.5848388671875
9365.915,3,1,1,stimulusMovement,1,0.5472670661078559,0.4928781478665769,1,3.6007843017578125,1,0.9958979288736979,0.4415939673781395,1,3.5465240478515625
9382.582,3,1,1,stimulusMovement,1,0.5096942053900825,0.47727808728814125,1,3.4362030029296875,1,0.9942245483398438,0.4455753117799759,1,3.5496063232421875
9399.249,3,1,1,stimulusMovement,1,0.5546275244818794,0.515425780788064,1,3.6644134521484375,1,0.9959403143988714,0.44813188910484314,1,3.541046142578125
9415.916,3,1,1,stimulusMovement,1,0.5421903398301866,0.5006862324662507,1,3.52239990234375,1,0.9977035522460938,0.43956460803747177,1,3.5485992431640625
9432.583,3,1,1,stimulusMovement,1,0.5563451978895398,0.5050833504647017,1,3.5692901611328125,1,1.0032376183403862,0.4457668550312519,1,3.5131683349609375
9449.25,3,1,1,stimulusMovement,1,0.5285841623942057,0.46815942972898483,1,3.56634521484375,1,1.0037814246283636,0.4533468894660473,1,3.506134033203125
9465.916,3,1,1,stimulusMovement,1,0.5429553985595703,0.4965938972309232,1,3.6308135986328125,1,0.9985697004530164,0.4504951313138008,1,3.5356597900390625
9482.583,3,1,1,stimulusMovement,1,0.5493658913506402,0.49879159324336797,1,3.5905609130859375,1,0.9972118801540798,0.45965422689914703,1,3.5203857421875
9499.25,3,1,1,stimulusMovement,1,0.5526281992594401,0.48827010951936245,1,3.541046142578125,1,0.996551513671875,0.4426432251930237,1,3.54302978515625
9515.916,3,1,1,stimulusMovement,1,0.5565276675754123,0.5251346044242382,1,3.558074951171875,1,1.0036438835991752,0.4420788586139679,1,3.5180511474609375
9532.584,3,1,1,stimulusMovement,1,0.5482376946343316,0.49748897925019264,1,3.5414581298828125,1,1.0062446594238281,0.44275128841400146,1,3.490234375
9549.251,3,1,1,stimulusMovement,1,0.5330238342285156,0.5079985009506345,1,3.61529541015625,1,0.995385275946723,0.44295763224363327,1,3.502593994140625
9565.917,3,1,1,stimulusMovement,1,0.5514632331000434,0.5120635041967034,1,3.60205078125,1,1.0058114793565538,0.4533577039837837,1,3.4927825927734375
9582.584,3,1,1,stimulusMovement,1,0.5311046176486545,0.49905527010560036,1,3.58880615234375,1,0.9977671305338541,0.44928616285324097,1,3.47149658203125
9599.251,3,1,1,stimulusMovement,1,0.5502892600165473,0.49444744689390063,1,3.5134735107421875,1,1.0014016893174913,0.4444334916770458,1,3.4972381591796875
9615.917,3,1,1,stimulusMovement,1,0.5492801666259766,0.4945237380452454,1,3.5391693115234375,1,0.9981784820556641,0.44184697419404984,1,3.4917449951171875
9632.584,3,1,1,stimulusMovement,1,0.5379788080851237,0.49858252285048366,1,3.546539306640625,1,1.0135464138454862,0.4436631500720978,1,3.484130859375
9649.252,3,1,1,stimulusMovement,1,0.5602744420369465,0.5104424068704247,1,3.505645751953125,1,0.992531034681532,0.45805612578988075,1,3.489837646484375
9665.918,3,1,1,stimulusMovement,1,0.5502698686387804,0.5042505068704486,1,3.51348876953125,1,0.9991516537136501,0.4440629109740257,1,3.4679718017578125
9682.585,3,1,1,stimulusMovement,1,0.5270379384358723,0.5015372087946162,1,3.634979248046875,1,0.9949887593587239,0.45843319594860077,1,3.495574951171875
9699.253,3,1,1,stimulusMovement,1,0.5618614620632595,0.5202643666416407,1,3.55438232421875,1,0.9974948035346136,0.43307480961084366,1,3.48724365234375
9715.918,3,1,1,stimulusMovement,0,nan,nan,0,nan,1,1.0087943606906467,0.4418579712510109,1,3.459136962890625
9732.585,3,1,1,stimulusMovement,1,0.5360211266411675,0.4823354072868824,1,3.487762451171875,1,1.0021048651801214,0.4538578651845455,1,3.4827423095703125
9749.253,3,1,1,stimulusMovement,1,0.5545149909125434,0.4926929622888565,1,3.5168609619140625,1,1.0002348158094618,0.452611468732357,1,3.4866485595703125
9765.919,3,1,1,stimulusMovement,1,0.545156372918023,0.51622742600739,1,3.560943603515625,1,1.0035052829318576,0.44724974036216736,1,3.4849700927734375
9782.586,3,1,1,stimulusMovement,1,0.5431927575005425,0.49316893331706524,1,3.5391693115234375,1,0.995017581515842,0.4461151883006096,1,3.50238037109375
9799.253,3,1,1,stimulusMovement,1,0.553559939066569,0.5158593393862247,1,3.5458221435546875,1,1.0053969489203558,0.4551854878664017,1,3.484649658203125
9815.919,3,1,1,stimulusMovement,1,0.5502842797173394,0.5299544297158718,1,3.5917205810546875,1,0.9827338324652777,0.45344745367765427,1,3.5413818359375
9832.586,3,1,1,stimulusMovement,1,0.5395641326904297,0.49417610093951225,1,3.5178680419921875,1,1.0038738250732422,0.45257438719272614,1,3.50494384765625
9849.253,3,1,1,stimulusMovement,1,0.5472479926215278,0.4942971095442772,1,3.5704345703125,1,0.9959140353732638,0.45108091458678246,1,3.5317535400390625
9865.92,3,1,1,stimulusMovement,1,0.5360410478379991,0.511627035215497,1,3.6207275390625,1,0.9849035474989148,0.45324090495705605,1,3.51300048828125
9882.587,3,1,1,stimulusMovement,1,0.5361940595838759,0.4895006213337183,1,3.5517425537109375,1,0.9953373803032769,0.446870643645525,1,3.531829833984375
9899.254,3,1,1,stimulusMovement,1,0.5469689899020724,0.4977811661083251,1,3.5767822265625,1,0.9892955356174045,0.45439743250608444,1,3.5306854248046875
9915.92,3,1,1,stimulusMovement,1,0.5441084967719184,0.4999553021043539,1,3.5659637451171875,1,0.983832041422526,0.45086119696497917,1,3.5321044921875
9932.588,3,1,1,stimulusMovement,1,0.5546518961588541,0.49781429930590093,1,3.5619964599609375,1,0.983605490790473,0.4472622945904732,1,3.5648193359375
9949.254,3,1,1,stimulusMovement,1,0.542669932047526,0.49250760953873396,1,3.5612945556640625,1,0.9971989525689019,0.45600084587931633,1,3.5435943603515625
9965.921,3,1,1,stimulusMovement,1,0.5506137212117512,0.510587377473712,1,3.639984130859375,1,0.9978828430175781,0.45430105924606323,1,3.570098876953125
9982.588,3,1,1,stimulusMovement,1,0.533705817328559,0.4810679741203785,1,3.615966796875,1,0.99260499742296,0.44734737277030945,1,3.5643157958984375
9999.255,3,1,1,stimulusMovement,1,0.5550831688774956,0.5053942468948662,1,3.6387481689453125,1,0.9946979946560329,0.4502527266740799,1,3.578521728515625
10015.921,3,1,1,stimulusMovement,1,0.5475025177001953,0.4960760702379048,1,3.610321044921875,1,0.9937947591145833,0.44891101494431496,1,3.595550537109375
10032.589,3,1,1,stimulusMovement,1,0.5484553443060981,0.5179781001061201,1,3.627685546875,1,1.0084557003445096,0.455598808825016,1,3.5890350341796875
10049.256,3,1,1,stimulusMovement,1,0.5543859269883897,0.5152167789638042,1,3.6531219482421875,1,0.9838614993625217,0.43766090273857117,1,3.592315673828125
10065.922,3,1,1,stimulusMovement,1,0.5616368187798394,0.507610347121954,1,3.60260009765625,1,1.000109142727322,0.4436478838324547,1,3.6093292236328125
10082.589,3,1,1,stimulusMovement,1,0.5467254850599501,0.48879535496234894,1,3.6131591796875,1,0.9935518900553385,0.44528956711292267,1,3.578521728515625
10099.256,3,1,1,stimulusMovement,1,0.5579827626546223,0.5051492340862751,1,3.653564453125,1,0.9898603227403429,0.43671831488609314,1,3.628082275390625
10115.923,3,1,1,fixation,0,nan,nan,0,nan,1,0.9894426133897569,0.4447565972805023,1,3.609466552734375
10132.59,3,1,1,fixation,1,0.5396851433648003,0.472775936126709,1,3.3363494873046875,1,0.9768786960177951,0.44237346202135086,1,3.4116973876953125
10149.257,3,1,1,fixation,0,nan,nan,0,nan,0,nan,nan,0,nan
10165.924,3,1,1,fixation,1,0.5489724477132161,0.48624558839946985,1,3.673736572265625,1,0.9833776685926648,0.4345715492963791,1,3.631866455078125
10182.59,3,1,1,fixation,0,nan,nan,0,nan,1,0.9777079688178167,0.4401618055999279,1,3.417724609375
10199.257,3,1,1,fixation,0,nan,nan,0,nan,0,nan,nan,0,nan
10215.925,3,1,1,fixation,1,0.5571681128607856,0.4826128017157316,1,3.6905364990234375,1,0.9922294616699219,0.4332302659749985,1,3.6326446533203125
10232.591,3,1,1,fixation,1,0.5403836568196614,0.4713761415332556,1,3.3528594970703125,1,0.9785488976372613,0.43718619644641876,1,3.4132843017578125
10249.258,3,1,1,fixation,0,nan,nan,0,nan,0,nan,nan,0,nan
10265.926,3,1,1,fixation,1,0.5446419186062282,0.48175064101815224,1,3.6835784912109375,1,0.994749281141493,0.44100166112184525,1,3.5860443115234375
10282.592,3,1,1,fixation,1,0.5418421427408854,0.471320953220129,1,3.351531982421875,1,0.9767956203884548,0.4347855672240257,1,3.4098052978515625
10299.259,3,1,1,fixation,0,nan,nan,0,nan,0,nan,nan,0,nan
10315.926,3,1,1,fixation,1,0.5533319049411349,0.49238274432718754,1,3.6827392578125,1,0.9854452345106336,0.44003382325172424,1,3.6119842529296875
10332.592,3,1,1,fixation,1,0.5435241063435872,0.4695967212319374,1,3.3479766845703125,1,0.9791995154486761,0.437151238322258,1,3.4095916748046875
10349.26,3,1,1,fixation,0,nan,nan,0,nan,0,nan,nan,0,nan
10365.926,3,1,1,fixation,0,nan,nan,0,nan,1,0.9929481082492404,0.43869324028491974,1,3.625762939453125
10382.593,3,1,1,fixation,1,0.544550789727105,0.46806884929537773,1,3.3516387939453125,1,0.9770092434353298,0.4345894902944565,1,3.4088134765625
10399.26,3,1,1,fixation,0,nan,nan,0,nan,0,nan,nan,0,nan
10415.927,3,1,1,fixation,1,0.5594998465643989,0.48992511350661516,1,3.701416015625,1,0.9963965945773654,0.44903215765953064,1,3.606292724609375
10432.593,3,1,1,fixation,1,0.5460296207004123,0.4696109890937805,1,3.3523101806640625,1,0.9766084882948133,0.4338389188051224,1,3.4044342041015625
10449.26,3,1,1,fixation,0,nan,nan,0,nan,0,nan,nan,0,nan
10465.928,3,1,1,fixation,1,0.5591159396701388,0.45224545896053314,1,3.7346038818359375,1,0.9833963182237413,0.4460383355617523,1,3.5911407470703125
10482.594,3,1,1,fixation,1,0.5392577913072374,0.47350629791617393,1,3.3477630615234375,1,0.9682223002115885,0.4390271380543709,1,3.40234375
10499.261,3,1,1,fixation,0,nan,nan,0,nan,0,nan,nan,0,nan
10515.929,3,1,1,fixation,1,0.5516851213243272,0.4936870466917753,1,3.6461944580078125,1,0.9849683973524305,0.4430214837193489,1,3.612060546875
10532.595,3,1,1,fixation,1,0.5365411970350478,0.476383451372385,1,3.342529296875,1,0.9679256015353732,0.44423797726631165,1,3.396942138671875
10549.262,3,1,1,fixation,0,nan,nan,0,nan,0,nan,nan,0,nan
10565.929,3,1,1,fixation,1,0.545257568359375,0.48932456970214844,1,3.64141845703125,1,0.9862213134765625,0.449641652405262,1,3.605072021484375
10582.595,3,1,1,fixation,1,0.5349659389919704,0.4744390957057476,1,3.3370513916015625,1,0.9634335835774739,0.44017333537340164,1,3.4001312255859375
10599.263,3,1,1,fixation,0,nan,nan,0,nan,0,nan,nan,0,nan
10615.93,3,1,1,fixation,1,0.5564637713962131,0.4883575960993767,1,3.6721954345703125,1,0.9816246032714844,0.4545123800635338,1,3.5931549072265625
10632.596,3,1,1,fixation,1,0.5365568796793619,0.47295041754841805,1,3.3440093994140625,1,0.9637525346544054,0.44553807377815247,1,3.3991851806640625
10649.264,3,1,1,fixation,0,nan,nan,0,nan,0,nan,nan,0,nan
10665.93,3,1,1,fixation,1,0.5474408467610676,0.4919906882569194,1,3.67474365234375,1,0.9775543212890625,0.44935791194438934,1,3.620635986328125
10682.597,3,1,1,fixation,1,0.5351439581976997,0.47640665993094444,1,3.346435546875,1,0.9615442487928602,0.4460417740046978,1,3.410247802734375
10699.264,3,1,1,fixation,0,nan,nan,0,nan,0,nan,nan,0,nan
10715.931,3,1,1,fixation,1,0.5341228908962673,0.49967143510002643,1,3.67633056640625,1,0.9773256513807508,0.45683304965496063,1,3.609283447265625
10732.598,3,1,1,fixation,1,0.5346416897243923,0.4784283824265003,1,3.3580169677734375,1,0.9589186774359808,0.4461503028869629,1,3.42523193359375
10749.265,3,1,1,fixation,0,nan,nan,0,nan,0,nan,nan,0,nan
10765.932,3,1,1,fixation,1,0.5470745298597548,0.4764145091176033,1,3.689544677734375,1,0.975810792711046,0.4721197132021189,1,3.6526031494140625
10782.599,3,1,1,fixation,1,0.5351960923936632,0.4764295741915703,1,3.369781494140625,1,0.959082285563151,0.4485827311873436,1,3.442474365234375
10799.266,3,1,1,fixation,0,nan,nan,0,nan,0,nan,nan,0,nan
10815.933,3,1,1,fixation,1,0.5408964157104492,0.4851723685860634,1,3.676910400390625,1,0.976111094156901,0.4625823050737381,1,3.6920318603515625
10832.599,3,1,1,fixation,1,0.5340669420030382,0.47861599549651146,1,3.38836669921875,1,0.9562500847710503,0.4516576677560806,1,3.467559814453125
10849.266,3,1,1,fixation,0,nan,nan,0,nan,0,nan,nan,0,nan
10865.934,3,1,1,fixation,1,0.5469109217325846,0.4830634109675884,1,3.6763763427734375,1,0.981563991970486,0.4539061114192009,1,3.7061309814453125
10882.6,3,1,1,fixation,1,0.537681049770779,0.47479454055428505,1,3.4089508056640625,1,0.9564815097384982,0.4432319551706314,1,3.4982757568359375
10899.267,3,1,1,fixation,0,nan,nan,0,nan,0,nan,nan,0,nan
10915.934,3,1,1,fixation,1,0.5314559936523438,0.496810894459486,1,3.79486083984375,1,0.9734138912624782,0.44732240214943886,1,3.7181243896484375
10932.6,3,1,1,fixation,1,0.5372267829047309,0.4757026955485344,1,3.4317626953125,1,0.958086437649197,0.4435897506773472,1,3.519317626953125
10949.267,3,1,1,fixation,0,nan,nan,0,nan,0,nan,nan,0,nan
10965.935,3,1,1,fixation,1,0.5566853417290581,0.507708911318332,1,3.7454376220703125,1,0.9690564473470051,0.45488543808460236,1,3.7253265380859375
10982.601,3,1,1,fixation,1,0.5332263310750325,0.47234800457954407,1,3.4573211669921875,1,0.961530049641927,0.44440875947475433,1,3.5336151123046875
10999.268,3,1,1,fixation,0,nan,nan,0,nan,0,nan,nan,0,nan
11015.936,3,1,1,fixation,1,0.5385009977552626,0.5035056620836258,1,3.7861785888671875,1,0.9778828091091579,0.4590243250131607,1,3.772247314453125
11032.602,3,1,1,fixation,1,0.5346488952636719,0.47158860601484776,1,3.4759979248046875,1,0.965788099500868,0.4411657825112343,1,3.543548583984375
11049.269,3,1,1,fixation,0,nan,nan,0,nan,0,nan,nan,0,nan
11065.936,3,1,1,fixation,1,0.5430708991156684,0.4962491821497679,1,3.807830810546875,1,0.9883469475640191,0.453781358897686,1,3.765777587890625
11082.603,3,1,1,fixation,1,0.5389330122205946,0.4726291410624981,1,3.48388671875,1,0.965355979071723,0.4364992678165436,1,3.55108642578125
11099.27,3,1,1,fixation,0,nan,nan,0,nan,0,nan,nan,0,nan
11115.937,3,1,1,fixation,1,0.5476516087849934,0.48902555368840694,1,3.8390045166015625,1,0.9837057325575086,0.44164397567510605,1,3.7556610107421875
11132.604,3,1,1,fixation,1,0.5386534796820747,0.47102848440408707,1,3.4896240234375,1,0.9713834126790364,0.43813904374837875,1,3.55718994140625
11149.271,3,1,1,fixation,0,nan,nan,0,nan,0,nan,nan,0,nan
11165.938,3,1,1,fixation,1,0.5293870502048068,0.4862211486324668,1,3.859527587890625,1,0.9961045583089192,0.4504653587937355,1,3.8043060302734375
11182.604,3,1,1,stimulusMovement,1,0.5400863223605685,0.47333794459700584,1,3.492889404296875,1,0.9713537428114148,0.4339614138007164,1,3.5644378662109375
11199.272,3,1,1,stimulusMovement,0,nan,nan,0,nan,0,nan,nan,0,nan
11215.939,3,1,1,stimulusMovement,1,0.5479821099175347,0.5120960585772991,1,3.784454345703125,1,0.9919840494791666,0.44688593596220016,1,3.753631591796875
11232.605,3,1,1,stimulusMovement,1,0.5488090515136719,0.49809343880042434,1,3.88128662109375,1,0.9984196556939019,0.4389325976371765,1,3.75079345703125
11249.273,3,1,1,stimulusMovement,1,0.5514383316040039,0.5027130905073136,1,3.787353515625,1,0.9982077280680338,0.43682437390089035,1,3.76837158203125
11265.939,3,1,1,stimulusMovement,1,0.5478390587700738,0.4856131821870804,1,3.806854248046875,1,0.9882454342312282,0.4312392547726631,1,3.804443359375
11282.606,3,1,1,stimulusMovement,1,0.5581186082628038,0.5019640172831714,1,3.748809814453125,1,0.9908123016357422,0.4329891949892044,1,3.766387939453125
11299.273,3,1,1,stimulusMovement,1,0.562058342827691,0.5065434160642326,1,3.8291015625,1,1.0076571570502386,0.4433908313512802,1,3.78472900390625
11315.94,3,1,1,stimulusMovement,1,0.5451733271280924,0.49731102865189314,1,3.8039398193359375,1,0.9923884073893229,0.4433130696415901,1,3.7160186767578125
11332.607,3,1,1,stimulusMovement,1,0.5477881961398654,0.49083469435572624,1,3.7730560302734375,1,0.9912948608398438,0.4338068440556526,1,3.67144775390625
11349.274,3,1,1,stimulusMovement,1,0.5445574654473199,0.4928726451471448,1,3.7545623779296875,1,1.0068408118353949,0.45479414612054825,1,3.7219085693359375
11365.941,3,1,1,stimulusMovement,1,0.5589370727539062,0.4948423341847956,1,3.7438201904296875,1,0.9844911363389757,0.43980174511671066,1,3.6941986083984375
11382.608,3,1,1,stimulusMovement,1,0.5428166919284396,0.5098497280851007,1,3.75,1,0.994407229953342,0.44727443158626556,1,3.6980438232421875
11399.275,3,1,1,stimulusMovement,1,0.562361823187934,0.5008621296146885,1,3.730224609375,1,0.9987814161512586,0.43732893466949463,1,3.67181396484375
11415.941,3,1,1,stimulusMovement,1,0.5420557657877604,0.5054631335660815,1,3.7087249755859375,1,0.9901029798719617,0.4418099969625473,1,3.65338134765625
11432.609,3,1,1,stimulusMovement,1,0.5570632086859809,0.49452462419867516,1,3.7319488525390625,1,1.0017259385850694,0.447890505194664,1,3.659149169921875
11449.276,3,1,1,stimulusMovement,1,0.5318575965033637,0.48198840767145157,1,3.6174163818359375,1,0.9956183963351779,0.44272464886307716,1,3.6305084228515625
11465.942,3,1,1,stimulusMovement,1,0.5522502263387044,0.504629482049495,1,3.6897125244140625,1,0.9891406165228949,0.4595755375921726,1,3.64019775390625
11482.61,3,1,1,stimulusMovement,1,0.5331734551323785,0.47982149943709373,1,3.6765594482421875,1,1.0049701266818576,0.4439320042729378,1,3.6109771728515625
11499.276,3,1,1,stimulusMovement,1,0.5635651482476128,0.492615376599133,1,3.6610260009765625,1,0.9912308586968316,0.45191335678100586,1,3.6021575927734375
11515.942,3,1,1,stimulusMovement,1,0.5534271664089626,0.5049926228821278,1,3.67059326171875,1,0.9951816134982638,0.45260898396372795,1,3.60333251953125
11532.61,3,1,1,stimulusMovement,1,0.5528060065375434,0.4920059274882078,1,3.6550140380859375,1,0.993827395968967,0.4536682739853859,1,3.637939453125
11549.277,3,1,1,stimulusMovement,1,0.5502274831136067,0.481042742729187,1,3.6304473876953125,1,0.9967801835801866,0.4349723681807518,1,3.610504150390625
11565.943,3,1,1,stimulusMovement,0,nan,nan,0,nan,1,0.992539299858941,0.45424947887659073,1,3.5920867919921875
11582.611,3,1,1,stimulusMovement,1,0.5339338514539931,0.4925847272388637,1,3.603485107421875,1,1.002067142062717,0.4455752968788147,1,3.60052490234375
11599.278,3,1,1,stimulusMovement,1,0.5637185838487413,0.5097400639206171,1,3.683441162109375,1,0.9950447082519531,0.44915294274687767,1,3.6361846923828125
11615.944,3,1,1,stimulusMovement,1,0.5392918056911892,0.48524354584515095,1,3.7270050048828125,1,1.0008318159315321,0.45334750413894653,1,3.6447601318359375
11632.612,3,1,1,stimulusMovement,1,0.5378744337293837,0.46764862164855003,1,3.602020263671875,1,0.9947437710232204,0.43709033727645874,1,3.6278533935546875
11649.279,3,1,1,stimulusMovement,1,0.5354338751898872,0.48239231668412685,1,3.70947265625,1,0.9989458719889323,0.44040168449282646,1,3.5798797607421875
11665.945,3,1,1,stimulusMovement,1,0.5388250350952148,0.48056079633533955,1,3.663116455078125,1,0.984291288587782,0.4351199269294739,1,3.570892333984375
11682.613,3,1,1,stimulusMovement,1,0.5282108518812392,0.46245086938142776,1,3.7491607666015625,1,0.9995736016167535,0.4506540857255459,1,3.6147003173828125
11699.28,3,1,1,stimulusMovement,1,0.5407818688286675,0.4807303845882416,1,3.619049072265625,1,0.9892077975802951,0.4327714070677757,1,3.5861663818359375
11715.946,3,1,1,stimulusMovement,1,0.5507045321994357,0.49925562692806125,1,3.648590087890625,1,1.005240970187717,0.4382469356060028,1,3.6090850830078125
11732.614,3,1,1,stimulusMovement,1,0.5570269690619575,0.5058443113230169,1,3.667449951171875,1,1.0020086500379775,0.42873740941286087,1,3.5987548828125
11749.281,3,1,1,stimulusMovement,1,0.5231882731119791,0.46310779452323914,1,3.65203857421875,1,0.9866051144070095,0.4396901801228523,1,3.587371826171875
11765.947,3,1,1,stimulusMovement,1,0.5452932781643337,0.5018721830565482,1,3.686065673828125,1,0.9784935845269097,0.4450119212269783,1,3.61163330078125
11782.615,3,1,1,stimulusMovement,1,0.5400803883870442,0.48336632549762726,1,3.6992645263671875,1,0.9885203043619791,0.44002094119787216,1,3.6069183349609375
11799.282,3,1,1,stimulusMovement,1,0.5516160329182942,0.4977360740303993,1,3.6754913330078125,1,0.9785423278808594,0.4519564360380173,1,3.6614227294921875
11815.948,3,1,1,stimulusMovement,1,0.5330035951402452,0.47104891017079353,1,3.6812744140625,1,0.9895242055257161,0.4535936564207077,1,3.6192626953125
11832.616,3,1,1,stimulusMovement,1,0.5495836469862196,0.4850919842720032,1,3.684173583984375,1,0.9908241695827907,0.4498189650475979,1,3.6140289306640625
11849.283,3,1,1,stimulusMovement,1,0.5454124874538845,0.4837356135249138,1,3.7098388671875,1,0.9837784237331814,0.43415865302085876,1,3.63482666015625
11865.949,3,1,1,stimulusMovement,1,0.5406753751966689,0.4797177482396364,1,3.679443359375,1,0.9794190724690754,0.4381573870778084,1,3.6192169189453125
11882.617,3,1,1,stimulusMovement,1,0.5292797088623047,0.4866872765123844,1,3.6895294189453125,1,0.9823513031005859,0.4301416724920273,1,3.6154327392578125
11899.284,3,1,1,stimulusMovement,1,0.5490358140733507,0.48237487114965916,1,3.7157440185546875,1,0.9912100897894964,0.4333629608154297,1,3.651336669921875
11915.95,3,1,1,stimulusMovement,1,0.5467446645100911,0.4942208230495453,1,3.6835174560546875,1,0.990290535820855,0.4294712021946907,1,3.6488800048828125
11932.618,3,1,1,stimulusMovement,1,0.535422748989529,0.47338981553912163,1,3.71917724609375,1,0.9868200090196397,0.42524802684783936,1,3.66754150390625
11949.285,3,1,1,stimulusMovement,1,0.5506450865003798,0.49422648921608925,1,3.6988372802734375,1,0.9958860609266492,0.44457946717739105,1,3.6688079833984375
11965.951,3,1,1,stimulusMovement,1,0.5038897196451823,0.4792704861611128,1,3.5802459716796875,1,0.9919132656521267,0.43669702857732773,1,3.678924560546875
11982.619,3,1,1,stimulusMovement,0,nan,nan,0,nan,1,0.9943165249294704,0.44408558309078217,1,3.7050933837890625
11999.286,3,1,1,stimulusMovement,1,0.5488771862453884,0.49238336738198996,1,3.7571868896484375,1,0.9860098097059461,0.4391443468630314,1,3.6922149658203125
12015.952,3,1,1,stimulusMovement,1,0.5283781687418619,0.4965053563937545,1,3.5779266357421875,1,1.0011109246148002,0.44306203350424767,1,3.7434844970703125
12032.619,3,1,1,stimulusMovement,1,0.5469142066107856,0.46898247115314007,1,3.6885986328125,1,0.9942635430230035,0.43790485709905624,1,3.7208251953125
12049.286,3,1,1,stimulusMovement,1,0.5623785654703776,0.4873146675527096,1,3.7465362548828125,1,0.9932746887207031,0.43093111366033554,1,3.7157745361328125
12065.951,3,1,1,stimulusMovement,1,0.5501979192097981,0.48338839039206505,1,3.7572174072265625,1,1.0003895229763455,0.4535103365778923,1,3.750946044921875
12082.618,3,1,1,stimulusMovement,1,0.5288630591498481,0.47269194200634956,1,3.769500732421875,1,0.982015397813585,0.4391728788614273,1,3.7526702880859375
12099.285,3,1,1,stimulusMovement,1,0.5541466606987847,0.4964671784546226,1,3.7448883056640625,1,0.9875958760579426,0.43298519402742386,1,3.751922607421875
12115.951,3,1,1,stimulusMovement,1,0.5480821397569444,0.4720634054392576,1,3.8088836669921875,1,0.9937125311957464,0.41800055652856827,1,3.763671875
12132.618,3,1,1,stimulusMovement,1,0.5358312394883897,0.49196969624608755,1,3.7695770263671875,1,0.9941145579020182,0.440313134342432,1,3.7772369384765625
12149.285,3,1,1,stimulusMovement,1,0.5514938566419814,0.4787355810403824,1,3.7039031982421875,1,0.9856605529785156,0.4509248174726963,1,3.7999420166015625
12165.951,3,1,1,stimulusMovement,1,0.5522914462619357,0.4790944531559944,1,3.7585601806640625,1,0.9917331271701388,0.4272237792611122,1,3.77972412109375
12182.618,3,1,1,stimulusMovement,1,0.5514018800523546,0.47883396223187447,1,3.7967071533203125,1,0.9531748029920789,0.4761712644249201,1,3.6459503173828125
12199.285,3,1,1,stimulusMovement,1,0.547339227464464,0.48756065778434277,1,3.8484649658203125,1,0.987534417046441,0.4235427603125572,1,3.8306427001953125
12215.951,3,1,1,stimulusMovement,0,nan,nan,0,nan,1,0.9897503323025173,0.4398835450410843,1,3.8195037841796875
12232.618,3,1,1,stimulusMovement,1,0.5516599019368489,0.4671272039413452,1,3.837310791015625,1,0.9953954484727647,0.43274494260549545,1,3.8079376220703125
12249.285,3,1,1,stimulusMovement,1,0.5447992748684353,0.485760236158967,1,3.817901611328125,1,0.9772802988688151,0.43319136649370193,1,3.8307037353515625
12265.951,3,1,1,stimulusMovement,1,0.5346837573581271,0.485596283338964,1,3.829345703125,1,0.9942442576090494,0.41891591995954514,1,3.81231689453125
12282.618,3,1,1,stimulusMovement,1,0.5491078694661458,0.4825602639466524,1,3.8472900390625,1,1.0067350599500868,0.42459771037101746,1,3.868499755859375
12299.285,3,1,1,stimulusMovement,1,0.5345177120632595,0.480820057913661,1,3.8475189208984375,1,1.0016507042778862,0.44005483388900757,1,3.825531005859375
12315.951,3,1,1,stimulusMovement,1,0.5573365953233507,0.46981148794293404,1,3.821258544921875,1,0.9955086178249782,0.4370250105857849,1,3.8751220703125
12332.618,3,1,1,stimulusMovement,1,0.5346666971842448,0.48214458860456944,1,3.78173828125,1,1.0015970865885415,0.4422033652663231,1,3.881683349609375
12349.285,3,1,1,stimulusMovement,1,0.5114130443996853,0.4847435783594847,1,3.70361328125,1,1.0041491190592446,0.4379113018512726,1,3.8534088134765625
12365.951,3,1,1,stimulusMovement,1,0.5514277352227105,0.48721955716609955,1,3.830657958984375,1,0.9902015262179904,0.43756621330976486,1,3.8383941650390625
12382.618,3,1,1,stimulusMovement,1,0.5572936799791124,0.4825759753584862,1,3.7926177978515625,1,0.9867040846082898,0.43810415640473366,1,3.8419342041015625
12399.285,3,1,1,stimulusMovement,1,0.5407686233520508,0.4806043207645416,1,3.889129638671875,1,0.9850054846869574,0.4314362481236458,1,3.82025146484375
12415.951,3,1,1,stimulusMovement,1,0.5550628238254123,0.48824228439480066,1,3.80792236328125,1,1.003398683336046,0.4268994554877281,1,3.8572998046875
12432.618,3,1,1,stimulusMovement,1,0.5517864227294922,0.4704977720975876,1,3.8174591064453125,1,0.9941482543945312,0.4372667595744133,1,3.865875244140625
12449.285,3,1,1,stimulusMovement,1,0.5604239569769965,0.4742858409881592,1,3.8528289794921875,1,0.9962081909179688,0.42094680666923523,1,3.819976806640625
12465.951,3,1,1,stimulusMovement,1,0.551505618625217,0.4708346277475357,1,3.7942657470703125,1,0.9971832699245876,0.42076342552900314,1,3.825775146484375
12482.618,3,1,1,stimulusMovement,1,0.5497212939792209,0.4589507281780243,1,3.820953369140625,1,0.9933350880940754,0.43761081993579865,1,3.7938232421875
12499.285,3,1,1,stimulusMovement,1,0.539247088962131,0.47973761707544327,1,3.901885986328125,1,0.9898512098524305,0.42602261900901794,1,3.8404083251953125
12515.951,3,1,1,stimulusMovement,0,nan,nan,0,nan,1,0.9895816379123263,0.43146711587905884,1,3.81829833984375
12532.618,3,1,1,stimulusMovement,1,0.518774668375651,0.46730727329850197,1,3.674774169921875,1,0.9946941799587673,0.43804430216550827,1,3.845367431640625
12549.285,3,1,1,stimulusMovement,1,0.5255828433566623,0.47501780465245247,1,3.8374176025390625,1,0.9882946014404297,0.45703844726085663,1,3.8072509765625
12565.951,3,1,1,stimulusMovement,1,0.5314996507432725,0.46619582176208496,1,3.812713623046875,1,0.9855889214409722,0.42874935269355774,1,3.838623046875
12582.618,3,1,1,stimulusMovement,1,0.5387857225206163,0.48566393461078405,1,3.796783447265625,1,0.9828495449490017,0.44121813774108887,1,3.8320465087890625
12599.285,3,1,1,stimulusMovement,1,0.5338256624009874,0.47555587999522686,1,3.77728271484375,1,0.9889089796278211,0.4416845627129078,1,3.80126953125
12615.951,3,1,1,stimulusMovement,1,0.5217287275526259,0.4745175503194332,1,3.738739013671875,1,0.9923447502983941,0.44285936653614044,1,3.82220458984375
12632.617,3,1,1,stimulusMovement,1,0.5472617679172092,0.4879858624190092,1,3.789398193359375,1,0.9886500040690104,0.44210587814450264,1,3.800079345703125
12649.284,3,1,1,stimulusMovement,1,0.4933911429511176,0.5005786503315903,1,3.62384033203125,1,0.9928976694742838,0.4409510865807533,1,3.8062591552734375
12665.95,3,1,1,stimulusMovement,1,0.5267396503024631,0.4683062583208084,1,3.826934814453125,1,0.9903233846028645,0.4409426674246788,1,3.7924652099609375
12682.617,3,1,1,stimulusMovement,1,0.5243517557779948,0.4743821956217289,1,3.7928466796875,1,0.9794165293375651,0.42784106731414795,1,3.783782958984375
12699.284,3,1,1,stimulusMovement,1,0.5221146477593316,0.47361907735466957,1,3.7534332275390625,1,0.9763732486300998,0.448737446218729,1,3.7682647705078125
12715.95,3,1,1,stimulusMovement,1,0.5190476311577691,0.4719637408852577,1,3.7444000244140625,1,0.9831235673692491,0.43478381633758545,1,3.7566680908203125
12732.617,3,1,1,stimulusMovement,1,0.5367610719468858,0.49045190401375294,1,3.7741546630859375,1,0.9666415320502386,0.4293600544333458,1,3.7336883544921875
12749.284,3,1,1,stimulusMovement,1,0.5300922393798828,0.4840797707438469,1,3.751861572265625,1,0.9752496083577473,0.43055468797683716,1,3.735076904296875
12765.95,3,1,1,stimulusMovement,1,0.5153146319919162,0.46061817556619644,1,3.6959228515625,1,0.9768816630045573,0.4260780140757561,1,3.7285614013671875
12782.617,3,1,1,stimulusMovement,1,0.5277493794759114,0.4771471433341503,1,3.7215576171875,1,0.9726937611897786,0.41518738120794296,1,3.7305450439453125
12799.284,3,1,1,stimulusMovement,1,0.5182229148017036,0.46446025744080544,1,3.76611328125,1,0.9889458550347222,0.42203716933727264,1,3.7315826416015625
12815.95,3,1,1,stimulusMovement,1,0.5281665590074327,0.4787649679929018,1,3.724517822265625,1,0.9829273223876953,0.4306619241833687,1,3.719879150390625
12832.617,3,1,1,stimulusMovement,1,0.5107075373331705,0.4690459370613098,1,3.75921630859375,1,0.9823881785074869,0.4397038705646992,1,3.7574462890625
12849.284,3,1,1,stimulusMovement,1,0.5287558237711588,0.4644138589501381,1,3.7291717529296875,1,0.9746604495578342,0.4310140833258629,1,3.7150421142578125
12865.95,3,1,1,stimulusMovement,1,0.5226908789740669,0.4480028972029686,1,3.7091217041015625,1,0.9769920772976345,0.4155931919813156,1,3.71868896484375
12882.617,3,1,1,stimulusMovement,1,0.5196706983778212,0.47156660445034504,1,3.7235260009765625,1,0.9743069542778863,0.4176163822412491,1,3.6941375732421875
12899.284,3,1,1,stimulusMovement,0,nan,nan,0,nan,1,0.965633816189236,0.4274277836084366,1,3.709136962890625
12915.95,3,1,1,stimulusMovement,1,0.516869756910536,0.449659563601017,1,3.7482757568359375,1,0.9518443213568792,0.4201133996248245,1,3.7017669677734375
12932.617,3,1,1,stimulusMovement,1,0.5197306738959419,0.45500265806913376,1,3.6749267578125,1,0.983963860405816,0.40384691208601,1,3.7146453857421875
12949.284,3,1,1,stimulusMovement,1,0.49234686957465273,0.46863073855638504,1,3.5907440185546875,1,0.9769028557671441,0.4120834320783615,1,3.7462615966796875
12965.95,3,1,1,stimulusMovement,1,0.5192732281155056,0.45590874925255775,1,3.713623046875,1,0.9781841701931423,0.4076821804046631,1,3.7125396728515625
12982.617,3,1,1,stimulusMovement,1,0.5363032023111979,0.47668854147195816,1,3.7277679443359375,1,0.9827215406629773,0.411030113697052,1,3.7215576171875
12999.284,3,1,1,stimulusMovement,1,0.5076267454359267,0.4411819763481617,1,3.7082366943359375,1,0.9735162523057725,0.4124192073941231,1,3.725494384765625
13015.95,3,1,1,stimulusMovement,1,0.521195305718316,0.4605648070573807,1,3.68939208984375,1,0.9765199025472004,0.4009763151407242,1,3.711639404296875
13032.617,3,1,1,stimulusMovement,1,0.5348745981852213,0.45064065605401993,1,3.68707275390625,1,0.9767699771457248,0.39789069443941116,1,3.7177276611328125
13049.284,3,1,1,stimulusMovement,1,0.5280342102050781,0.3965839743614197,1,3.604949951171875,1,0.9777984619140625,0.35459502041339874,1,3.6860504150390625
13065.95,3,1,1,stimulusMovement,1,0.4962959289550781,0.16978031396865845,1,3.663330078125,1,0.9470314449734157,0.14570367336273193,1,3.7216796875
13082.617,3,1,1,stimulusMovement,1,0.4754638671875,0.16051477193832397,1,3.68731689453125,1,0.9560343424479166,0.1523011326789856,1,3.6663970947265625
13099.284,3,1,1,stimulusMovement,1,0.47913434770372176,0.11400622129440308,1,3.74371337890625,1,0.9688544803195529,0.1311277449131012,1,3.6734771728515625
13115.95,3,1,1,stimulusMovement,1,0.47566625807020396,0.14391803741455078,1,3.72393798828125,1,0.956443362765842,0.1049635112285614,1,3.70709228515625
13132.617,3,1,1,stimulusMovement,1,0.47416750590006507,0.11438751220703125,1,3.74822998046875,1,0.9756374359130859,0.14367279410362244,1,3.6634674072265625
13149.284,3,1,1,stimulusMovement,1,0.5012412601047092,0.13460057973861694,1,3.673583984375,1,0.9775509304470485,0.12545478343963623,1,3.6683502197265625
13165.95,3,1,1,stimulusMovement,1,0.4826078414916992,0.13051003217697144,1,3.729705810546875,1,0.9639456007215711,0.12198582291603088,1,3.6699371337890625
13182.617,3,1,1,stimulusMovement,1,0.4937691158718533,0.13629618287086487,1,3.6457977294921875,1,0.9847212897406683,0.1347895860671997,1,3.6634521484375
13199.283,3,1,1,stimulusMovement,1,0.4959458245171441,0.12063276767730713,1,3.7158966064453125,1,0.9784670935736761,0.11855435371398926,1,3.6612091064453125
13215.949,3,1,1,stimulusMovement,1,0.474406984117296,0.11862567067146301,1,3.700103759765625,1,0.99419191148546,0.11557716131210327,1,3.67779541015625
13232.616,3,1,1,stimulusMovement,1,0.4733412000868055,0.10105264186859131,1,3.7183380126953125,1,0.9721660614013672,0.10822898149490356,1,3.6794586181640625
13249.283,3,1,1,stimulusMovement,1,0.508172247144911,0.11891692876815796,1,3.6680450439453125,1,0.9862357245551214,0.11518704891204834,1,3.6713714599609375
13265.949,3,1,1,stimulusMovement,1,0.48190985785590273,0.10943040251731873,1,3.7106781005859375,1,0.9772684309217664,0.1195058524608612,1,3.6991729736328125
13282.616,3,1,1,stimulusMovement,1,0.48493173387315536,0.0987427830696106,1,3.7383575439453125,1,0.9944137997097439,0.1032896637916565,1,3.6835174560546875
13299.283,3,1,1,stimulusMovement,1,0.4809406068589952,0.12567490339279175,1,3.7075042724609375,1,0.9843923780653211,0.10084548592567444,1,3.704833984375
13315.949,3,1,1,stimulusMovement,1,0.48981210920545787,0.1109209656715393,1,3.70745849609375,1,0.9868431091308594,0.11593177914619446,1,3.66015625
13332.616,3,1,1,stimulusMovement,1,0.5079085032145182,0.007859110832214355,1,3.713470458984375,1,0.9812306298149956,0.010677427053451538,1,3.653961181640625
13349.283,3,1,1,stimulusMovement,1,0.5311305787828233,-0.13380670547485352,1,3.799896240234375,1,0.9691132439507378,-0.1108391284942627,1,3.7052001953125
13365.949,3,1,1,stimulusMovement,1,0.5191295411851671,-0.1119837760925293,1,3.77447509765625,1,0.9887979295518663,-0.11060827970504761,1,3.735809326171875
13382.616,3,1,1,stimulusMovement,1,0.476496590508355,-0.14601397514343262,1,3.85205078125,1,0.9878862169053819,-0.11669021844863892,1,3.7138671875
13399.283,3,1,1,stimulusMovement,1,0.509894053141276,-0.15633881092071533,1,3.807586669921875,1,0.9910596211751301,-0.11538934707641602,1,3.65350341796875
13415.949,3,1,1,stimulusMovement,1,0.5079529020521376,-0.15707927942276,1,3.8140106201171875,1,1.0016131930881076,-0.13713467121124268,1,3.7514801025390625
13432.616,3,1,1,stimulusMovement,1,0.49706755744086367,-0.15822142362594604,1,3.7714385986328125,1,0.9917295244004991,-0.1412665843963623,1,3.6661224365234375
13449.283,3,1,1,stimulusMovement,1,0.509935802883572,-0.17434823513031006,1,3.814239501953125,1,0.9983431498209635,-0.1389096975326538,1,3.6422576904296875
13465.949,3,1,1,stimulusMovement,1,0.518162727355957,-0.16719377040863037,1,3.77508544921875,1,0.992754406399197,-0.1393030285835266,1,3.6493377685546875
13482.616,3,1,1,stimulusMovement,1,0.5017494625515407,-0.15529918670654297,1,3.78314208984375,1,0.9786451127794054,-0.1471835970878601,1,3.6752777099609375
13499.283,3,1,1,stimulusMovement,1,0.501670413547092,-0.14862853288650513,1,3.7568359375,1,1.0094015333387587,-0.14963877201080322,1,3.6616058349609375
13515.949,3,1,1,stimulusMovement,1,0.5149305131700304,-0.16533595323562622,1,3.6927642822265625,1,0.9846343994140625,-0.14577794075012207,1,3.6332855224609375
13532.616,3,1,1,stimulusMovement,1,0.5054414537217882,-0.1857973337173462,1,3.7587432861328125,1,0.9986284044053819,-0.15784680843353271,1,3.6511077880859375
13549.283,3,1,1,stimulusMovement,1,0.4754929012722439,-0.17548835277557373,1,3.7669830322265625,1,0.9276178148057725,-0.1537908911705017,1,3.7592620849609375
13565.949,3,1,1,stimulusMovement,1,0.4758550855848524,-0.1515674591064453,1,3.7072296142578125,1,1.0111331939697266,-0.15045619010925293,1,3.624725341796875
13582.616,3,1,1,stimulusMovement,1,0.4809074401855469,-0.1627589464187622,1,3.7457275390625,1,0.9952865176730685,-0.1522945761680603,1,3.6111602783203125
13599.283,3,1,1,stimulusMovement,1,0.5028071933322482,-0.19123440980911255,1,3.72393798828125,1,0.9982833862304688,-0.17261600494384766,1,3.5857696533203125
13615.949,3,1,1,stimulusMovement,1,0.5288721720377604,-0.31390154361724854,1,3.615386962890625,1,1.0091122521294487,-0.3203418254852295,1,3.5945281982421875
13632.616,3,1,1,stimulusMovement,1,0.5175470776028103,-0.29875117540359497,1,3.49725341796875,1,0.9958540598551432,-0.3277921676635742,1,3.547576904296875
13649.283,3,1,1,stimulusMovement,1,0.5111271540323893,-0.3061455488204956,1,3.548431396484375,1,1.0237333509657118,-0.33966946601867676,1,3.5650177001953125
13665.949,3,1,1,stimulusMovement,1,0.5290053685506184,-0.3230050802230835,1,3.549774169921875,1,1.016474405924479,-0.3515191078186035,1,3.5463409423828125
13682.616,3,1,1,stimulusMovement,1,0.5140002568562825,-0.3320995569229126,1,3.53961181640625,1,1.0213419596354165,-0.35445642471313477,1,3.591461181640625
13699.283,3,1,1,stimulusMovement,1,0.5171250237358941,-0.33304715156555176,1,3.457916259765625,1,1.0092934502495658,-0.3527355194091797,1,3.539520263671875
13715.949,3,1,1,stimulusMovement,1,0.5199822319878472,-0.33906304836273193,1,3.496337890625,1,1.0181710984971788,-0.347716748714447,1,3.5084686279296875
13732.616,3,1,1,stimulusMovement,1,0.5190869437323676,-0.36043792963027954,1,3.4984283447265625,1,1.0294577280680337,-0.3602373003959656,1,3.490142822265625
13749.282,3,1,1,stimulusMovement,1,0.5106139712863498,-0.37236475944519043,1,3.4712066650390625,1,1.0251225365532768,-0.3607085943222046,1,3.46307373046875
13765.948,3,1,1,stimulusMovement,1,0.5099586910671657,-0.35425329208374023,1,3.44464111328125,1,1.0280647277832031,-0.3805044889450073,1,3.47833251953125
13782.615,3,1,1,stimulusMovement,1,0.5295878516303169,-0.37200796604156494,1,3.4573516845703125,1,1.0124136606852212,-0.3724100589752197,1,3.47479248046875
13799.282,3,1,1,stimulusMovement,1,0.524234135945638,-0.35853642225265503,1,3.421783447265625,1,1.0118670993381076,-0.38168108463287354,1,3.43121337890625
13815.948,3,1,1,stimulusMovement,1,0.5292186737060547,-0.38946932554244995,1,3.5027008056640625,1,1.038972642686632,-0.37311601638793945,1,3.4561004638671875
13832.615,3,1,1,stimulusMovement,1,0.5225213368733723,-0.3645966053009033,1,3.4407958984375,1,1.0241622924804688,-0.37464475631713867,1,3.4330291748046875
13849.282,3,1,1,stimulusMovement,1,0.5291584862603081,-0.3751552104949951,1,3.4610595703125,1,1.011761983235677,-0.37891554832458496,1,3.44970703125
13865.948,3,1,1,stimulusMovement,1,0.5079258812798394,-0.35484689474105835,1,3.406585693359375,1,1.0250642564561632,-0.376928448677063,1,3.455474853515625
13882.615,3,1,1,stimulusMovement,1,0.541834831237793,-0.3698834776878357,1,3.3933868408203125,1,1.010746849907769,-0.3742462992668152,1,3.4141693115234375
13899.282,3,1,1,stimulusMovement,1,0.5393543243408203,-0.35900676250457764,1,3.42041015625,1,1.019606696234809,-0.37360966205596924,1,3.4260711669921875
13915.948,3,1,1,stimulusMovement,1,0.5336449940999348,-0.3573341369628906,1,3.3932647705078125,1,1.023193147447374,-0.3673411011695862,1,3.3994903564453125
13932.615,3,1,1,stimulusMovement,1,0.5091973410712348,-0.34351634979248047,1,3.36285400390625,1,1.0235116746690538,-0.38300567865371704,1,3.429290771484375
13949.282,3,1,1,stimulusMovement,1,0.4941976335313585,-0.34759092330932617,1,3.3687896728515625,1,1.0171173943413627,-0.36753201484680176,1,3.4104156494140625
13965.948,3,1,1,stimulusMovement,1,0.5212476518419054,-0.3364752531051636,1,3.3191375732421875,1,1.022330813937717,-0.361072838306427,1,3.420867919921875
13982.615,3,1,1,stimulusMovement,1,0.5094333224826388,-0.33170467615127563,1,3.2628326416015625,1,1.0065394507514105,-0.38148951530456543,1,3.4019622802734375
13999.282,3,1,1,stimulusMovement,1,0.5134516821967231,-0.32612884044647217,1,3.28533935546875,1,1.0027554829915364,-0.37354356050491333,1,3.403594970703125
14015.948,3,1,1,stimulusMovement,1,0.5130639606051974,-0.331207275390625,1,3.313812255859375,1,1.0066354539659288,-0.37700438499450684,1,3.415802001953125
14032.615,3,1,1,stimulusMovement,1,0.5010229746500651,-0.3506384491920471,1,3.344635009765625,1,1.010467741224501,-0.37304753065109253,1,3.418426513671875
14049.282,3,1,1,stimulusMovement,1,0.5341308381822374,-0.33705848455429077,1,3.27178955078125,1,1.0243903266059027,-0.3857012987136841,1,3.4333648681640625
14065.948,3,1,1,stimulusMovement,1,0.5401649475097656,-0.3400719165802002,1,3.2961578369140625,1,1.0026423136393228,-0.38592952489852905,1,3.4096221923828125
14082.615,3,1,1,stimulusMovement,1,0.509052488538954,-0.34477245807647705,1,3.354949951171875,1,1.0190395779079862,-0.37204569578170776,1,3.4080963134765625
14099.282,3,1,1,stimulusMovement,1,0.5361417134602864,-0.3547999858856201,1,3.3473663330078125,1,1.0110882653130424,-0.3920412063598633,1,3.4039764404296875
14115.948,3,1,1,stimulusMovement,1,0.5197667015923394,-0.3438241481781006,1,3.280029296875,1,1.0233548482259114,-0.39917129278182983,1,3.367462158203125
14132.615,3,1,1,stimulusMovement,1,0.5305692884657118,-0.3565182089805603,1,3.348297119140625,1,1.000547832912869,-0.391362726688385,1,3.3795928955078125
14149.282,3,1,1,stimulusMovement,1,0.5136420991685655,-0.3479638695716858,1,3.28662109375,1,1.0281442006429036,-0.3875851035118103,1,3.3963775634765625
14165.948,3,1,1,stimulusMovement,1,0.5435430738661025,-0.3607776165008545,1,3.3099212646484375,1,1.0257534450954862,-0.40356045961380005,1,3.38232421875
14182.615,3,1,1,stimulusMovement,1,0.5226543214586046,-0.359355628490448,1,3.278472900390625,1,1.0287221272786458,-0.3954005837440491,1,3.36749267578125
14199.282,3,1,1,stimulusMovement,1,0.5427699618869357,-0.3548700213432312,1,3.2593231201171875,1,1.0089179144965277,-0.40111613273620605,1,3.3867340087890625
14215.948,3,1,1,stimulusMovement,1,0.5125344594319661,-0.35354167222976685,1,3.305450439453125,1,1.01921632554796,-0.4043140411376953,1,3.444122314453125
14232.615,3,1,1,stimulusMovement,1,0.5335351096259223,-0.3422284722328186,1,3.2250213623046875,1,1.0221616956922743,-0.4095034599304199,1,3.4147186279296875
14249.282,3,1,1,stimulusMovement,1,0.5271513197157118,-0.34695732593536377,1,3.2369842529296875,1,1.0092938741048176,-0.3977619409561157,1,3.405731201171875
14265.948,3,1,1,stimulusMovement,1,0.5172555711534288,-0.33169519901275635,1,3.2193450927734375,1,1.0305016835530598,-0.40595561265945435,1,3.356964111328125
14282.615,3,1,1,stimulusMovement,1,0.5104667875501845,-0.3529808521270752,1,3.293853759765625,1,1.0263184441460502,-0.40028369426727295,1,3.353363037109375
14299.282,3,1,1,stimulusMovement,1,0.5161954032050239,-0.34536492824554443,1,3.21649169921875,1,1.0020169152153862,-0.39255601167678833,1,3.302642822265625
14315.947,3,1,1,stimulusMovement,1,0.5213181177775065,-0.34141796827316284,1,3.2427215576171875,1,1.0114072163899739,-0.40637409687042236,1,3.3505401611328125
14332.614,3,1,1,stimulusMovement,1,0.5083026885986328,-0.3463551998138428,1,3.1990966796875,1,1.0166511535644531,-0.402543842792511,1,3.346343994140625
14349.281,3,1,1,stimulusMovement,1,0.5113785001966689,-0.3521427512168884,1,3.2422332763671875,1,0.9972703721788194,-0.40737301111221313,1,3.3414764404296875
14365.947,3,1,1,stimulusMovement,1,0.5160291459825304,-0.3521994948387146,1,3.2201690673828125,1,1.002084732055664,-0.40581727027893066,1,3.3511962890625
14382.614,3,1,1,stimulusMovement,1,0.5291124979654948,-0.3555145859718323,1,3.20086669921875,1,1.010609096950955,-0.40975385904312134,1,3.3013458251953125
14399.281,3,1,1,stimulusMovement,1,0.5281017091539171,-0.34928029775619507,1,3.1796875,1,1.017957263522678,-0.40093564987182617,1,3.283294677734375
14415.947,3,1,1,stimulusMovement,1,0.5185315873887804,-0.34604716300964355,1,3.2129669189453125,1,1.009237077501085,-0.3972160816192627,1,3.2687225341796875
14432.614,3,1,1,stimulusMovement,1,0.5165174272325304,-0.35530614852905273,1,3.1849365234375,1,1.0203579796685112,-0.40544068813323975,1,3.29510498046875
14449.281,3,1,1,stimulusMovement,1,0.5274324417114258,-0.32999348640441895,1,3.1646728515625,1,0.9825174543592664,-0.4010452628135681,1,3.2996826171875
14465.947,3,1,1,stimulusMovement,1,0.5360090467664931,-0.3172874450683594,1,3.1333160400390625,1,1.0026810963948567,-0.3653363585472107,1,3.283966064453125
14482.614,3,1,1,stimulusMovement,1,0.5331401824951172,-0.3222312927246094,1,3.0944671630859375,1,1.0128103892008462,-0.3813481330871582,1,3.2270965576171875
14499.281,3,1,1,stimulusMovement,1,0.5343405405680338,-0.33049315214157104,1,3.1486053466796875,1,1.0093265109592013,-0.37316572666168213,1,3.235504150390625
14515.947,3,1,1,stimulusMovement,1,0.545005268520779,-0.32030177116394043,1,3.129852294921875,1,1.015017827351888,-0.37541842460632324,1,3.258331298828125
14532.614,3,1,1,stimulusMovement,1,0.532395150926378,-0.32321417331695557,1,3.1324005126953125,1,1.0210397508409288,-0.3761422038078308,1,3.2571563720703125
14549.281,3,1,1,stimulusMovement,1,0.5413684844970703,-0.32226794958114624,1,3.10882568359375,1,1.0017636617024739,-0.370255708694458,1,3.243988037109375
14565.947,3,1,1,stimulusMovement,1,0.5353405210706923,-0.3292924761772156,1,3.1185760498046875,1,1.022470474243164,-0.3640815019607544,1,3.215179443359375
14582.614,3,1,1,stimulusMovement,1,0.5206061469184028,-0.33631980419158936,1,3.1533355712890625,1,1.0078595479329426,-0.3747912049293518,1,3.2606353759765625
14599.281,3,1,1,stimulusMovement,1,0.5144806967841254,-0.33627647161483765,1,3.1503143310546875,1,1.0088566674126518,-0.36963915824890137,1,3.2290191650390625
14615.947,3,1,1,stimulusMovement,1,0.5305017895168728,-0.35234367847442627,1,3.1482086181640625,1,1.0048450893825955,-0.37402963638305664,1,3.202545166015625
14632.614,3,1,1,stimulusMovement,1,0.5201139450073242,-0.3291020393371582,1,3.131011962890625,1,0.9878862169053819,-0.3751947283744812,1,3.2850189208984375
14649.281,3,1,1,stimulusMovement,0,nan,nan,0,nan,1,0.9866398705376519,-0.3597029447555542,1,3.2484283447265625
14665.947,3,1,1,stimulusMovement,1,0.5351348453097873,-0.33068203926086426,1,3.0856475830078125,1,0.9907343122694227,-0.36852842569351196,1,3.26666259765625
14682.614,3,1,1,stimulusMovement,1,0.5231631596883137,-0.3525071144104004,1,3.1463165283203125,1,1.0158479478624132,-0.3698009252548218,1,3.2368927001953125
14699.281,3,1,1,stimulusMovement,1,0.5357428656684028,-0.3238716125488281,1,3.118988037109375,1,0.991048600938585,-0.37966883182525635,1,3.2587890625
14715.947,3,1,1,stimulusMovement,1,0.5199243757459853,-0.3303709030151367,1,3.14532470703125,1,1.005159166124132,-0.3709444999694824,1,3.2541961669921875
14732.614,3,1,1,stimulusMovement,1,0.5437064700656467,-0.3178621530532837,1,3.0697174072265625,1,1.0020512474907768,-0.38737690448760986,1,3.283233642578125
14749.281,3,1,1,stimulusMovement,1,0.5411582522922092,-0.3226052522659302,1,3.061614990234375,1,0.9967166052924261,-0.37977689504623413,1,3.2274627685546875
14765.947,3,1,1,stimulusMovement,1,0.5239757961697048,-0.3411427140235901,1,3.1091156005859375,1,0.9895369211832682,-0.3952443599700928,1,3.276947021484375
14782.614,3,1,1,stimulusMovement,0,nan,nan,0,nan,1,1.0225423177083333,-0.3924201726913452,1,3.2166900634765625
14799.281,3,1,1,stimulusMovement,1,0.5290021896362305,-0.3379553556442261,1,3.123931884765625,1,1.0136530134412978,-0.38536083698272705,1,3.2635345458984375
14815.947,3,1,1,stimulusMovement,1,0.5294533835517036,-0.32566434144973755,1,3.1236572265625,1,0.9945604536268445,-0.38020992279052734,1,3.296142578125
14832.614,3,1,1,stimulusMovement,1,0.538188616434733,-0.34901511669158936,1,3.1142120361328125,1,1.0142317877875433,-0.393390417098999,1,3.271209716796875
14849.281,3,1,1,stimulusMovement,1,0.5530310736762153,-0.33060669898986816,1,3.08258056640625,1,1.009047402275933,-0.39305031299591064,1,3.281646728515625
14865.947,3,1,1,stimulusMovement,1,0.5235564973619249,-0.3461265563964844,1,3.128143310546875,1,1.0220243665907118,-0.38713538646698,1,3.269989013671875
14882.613,3,1,1,stimulusMovement,1,0.5288378397623698,-0.3231014609336853,1,3.129241943359375,1,0.9909655253092448,-0.40162861347198486,1,3.30438232421875
14899.28,3,1,1,stimulusMovement,1,0.5318648020426432,-0.3352072238922119,1,3.1483306884765625,1,0.998337639702691,-0.389650821685791,1,3.310333251953125
14915.946,3,1,1,stimulusMovement,1,0.5340662002563477,-0.35620516538619995,1,3.1700897216796875,1,0.9837375217013888,-0.39375680685043335,1,3.351348876953125
14932.613,3,1,1,stimulusMovement,1,0.5362976921929253,-0.35296630859375,1,3.175079345703125,1,1.0038714938693576,-0.39511263370513916,1,3.3152008056640625
14949.28,3,1,1,stimulusMovement,1,0.5297743479410807,-0.3540053367614746,1,3.17138671875,1,0.9969389173719617,-0.3915412425994873,1,3.3834075927734375
14965.946,3,1,1,stimulusMovement,1,0.5363904105292426,-0.3359842896461487,1,3.1949005126953125,1,0.9903060065375433,-0.381136953830719,1,3.37060546875
14982.613,3,1,1,stimulusMovement,1,0.5282771852281358,-0.34301865100860596,1,3.2061309814453125,1,0.9934775034586588,-0.3850494623184204,1,3.3418121337890625
14999.28,3,1,1,stimulusMovement,1,0.5138121710883247,-0.35079824924468994,1,3.21588134765625,1,1.0016763475206163,-0.38577455282211304,1,3.3458251953125
15015.946,3,1,1,stimulusMovement,1,0.5158685048421223,-0.3586001992225647,1,3.2366485595703125,1,1.0050568050808377,-0.3842461109161377,1,3.3362579345703125
15032.613,3,1,1,stimulusMovement,1,0.5237791273328993,-0.35594916343688965,1,3.2193145751953125,1,1.0032723744710286,-0.381095290184021,1,3.3544921875
15049.28,3,1,1,stimulusMovement,1,0.5359308454725478,-0.3370940685272217,1,3.1891937255859375,1,1.0047806633843315,-0.38440483808517456,1,3.372711181640625
15065.946,3,1,1,stimulusMovement,1,0.49944040510389537,-0.35901880264282227,1,3.28076171875,1,1.0141639709472656,-0.3986191749572754,1,3.38116455078125
15082.613,3,1,1,stimulusMovement,1,0.5119124518500434,-0.3374955654144287,1,3.224090576171875,1,1.0008903079562717,-0.4013727903366089,1,3.3860015869140625
15099.28,3,1,1,stimulusMovement,1,0.5101195441351997,-0.3324214816093445,1,3.2202911376953125,1,1.0123585595024955,-0.3874768614768982,1,3.346160888671875
15115.946,3,1,1,stimulusMovement,1,0.505974981519911,-0.33831435441970825,1,3.21990966796875,1,1.0126637352837455,-0.39735686779022217,1,3.3558197021484375
15132.613,3,1,1,stimulusMovement,1,0.5124299791124132,-0.3400307893753052,1,3.2303314208984375,1,1.0066250695122612,-0.39022696018218994,1,3.3419036865234375
15149.28,3,1,1,stimulusMovement,1,0.5190416971842448,-0.32702451944351196,1,3.205963134765625,1,0.99514283074273,-0.3943362236022949,1,3.3346099853515625
15165.946,3,1,1,stimulusMovement,1,0.5225969950358073,-0.32882511615753174,1,3.1979217529296875,1,0.9908072153727213,-0.3948873281478882,1,3.3951416015625
15182.612,3,1,1,fixation,1,0.5138012568155924,-0.35183215141296387,1,3.223297119140625,1,1.0004649692111545,-0.3940393924713135,1,3.350372314453125
15199.279,3,1,1,fixation,1,0.5433508555094401,-0.32553160190582275,1,2.946685791015625,1,1.0022911495632596,-0.3810420632362366,1,3.1259002685546875
15215.945,3,1,1,fixation,0,nan,nan,0,nan,0,nan,nan,0,nan
15232.612,3,1,1,fixation,1,0.5207272635565864,-0.331276535987854,1,3.1783599853515625,1,1.0152706570095487,-0.3806459903717041,1,3.331146240234375
15249.279,3,1,1,fixation,1,0.5408267974853516,-0.3249732255935669,1,2.9552764892578125,1,0.9998934004041883,-0.3798567056655884,1,3.1317901611328125
15265.945,3,1,1,fixation,0,nan,nan,0,nan,0,nan,nan,0,nan
15282.612,3,1,1,fixation,1,0.5141802893744575,-0.3350731134414673,1,3.1936492919921875,1,0.9986409081353081,-0.3924570083618164,1,3.35986328125
15299.278,3,1,1,fixation,1,0.5415774451361762,-0.32520854473114014,1,2.969818115234375,1,1.0027597215440538,-0.37940502166748047,1,3.14154052734375
15315.944,3,1,1,fixation,0,nan,nan,0,nan,0,nan,nan,0,nan
15332.611,3,1,1,fixation,1,0.48244582282172305,-0.3620007634162903,1,3.313873291015625,1,0.9963785807291666,-0.38951194286346436,1,3.34173583984375
15349.278,3,1,1,fixation,1,0.5370674133300781,-0.32400381565093994,1,2.9872589111328125,1,0.999315685696072,-0.37617045640945435,1,3.152099609375
15365.944,3,1,1,fixation,0,nan,nan,0,nan,0,nan,nan,0,nan
15382.611,3,1,1,fixation,1,0.5116481781005859,-0.3349357843399048,1,3.25927734375,1,0.9896284739176432,-0.3768044114112854,1,3.3766021728515625
15399.277,3,1,1,fixation,1,0.5355686611599392,-0.3206658959388733,1,3.0064697265625,1,1.0008339352077908,-0.3757089376449585,1,3.1708221435546875
15415.943,3,1,1,fixation,0,nan,nan,0,nan,0,nan,nan,0,nan
15432.61,3,1,1,fixation,1,0.5211565229627821,-0.3408058285713196,1,3.2649993896484375,1,0.9977821773952907,-0.38200390338897705,1,3.3607635498046875
15449.276,3,1,1,fixation,1,0.5427555508083767,-0.3219398856163025,1,3.006317138671875,1,0.9938153160942925,-0.37901824712753296,1,3.1766510009765625
15465.942,3,1,1,fixation,0,nan,nan,0,nan,0,nan,nan,0,nan
15482.609,3,1,1,fixation,1,0.5064525604248047,-0.32989221811294556,1,3.279052734375,1,0.9976971944173176,-0.3924058675765991,1,3.429779052734375
15499.276,3,1,1,fixation,1,0.5366919835408528,-0.31933146715164185,1,3.0027618408203125,1,0.9994316101074219,-0.3822587728500366,1,3.1827850341796875
15515.941,3,1,1,fixation,0,nan,nan,0,nan,0,nan,nan,0,nan
15532.608,3,1,1,fixation,1,0.5253604253133137,-0.34393882751464844,1,3.2346954345703125,1,1.0053496890597873,-0.3694691061973572,1,3.3924713134765625
15549.275,3,1,1,fixation,1,0.5363409254286025,-0.31950831413269043,1,2.992156982421875,1,0.9992459615071614,-0.380771279335022,1,3.1730194091796875
15565.941,3,1,1,fixation,0,nan,nan,0,nan,0,nan,nan,0,nan
15582.608,3,1,1,fixation,1,0.5176369349161783,-0.341777503490448,1,3.2421112060546875,1,1.0054581960042317,-0.37904131412506104,1,3.3823699951171875
15599.275,3,1,1,fixation,1,0.5363397598266602,-0.32056576013565063,1,2.9761199951171875,1,0.9990177154541016,-0.37509799003601074,1,3.15478515625
15615.94,3,1,1,fixation,0,nan,nan,0,nan,0,nan,nan,0,nan
15632.607,3,1,1,fixation,1,0.5121846728854709,-0.3379442095756531,1,3.2213592529296875,1,1.0081308152940538,-0.38074952363967896,1,3.3502655029296875
15649.274,3,1,1,fixation,1,0.5377256605360243,-0.321658194065094,1,2.95648193359375,1,0.9967746734619141,-0.3780471682548523,1,3.133941650390625
15665.94,3,1,1,fixation,0,nan,nan,0,nan,0,nan,nan,0,nan
15682.607,3,1,1,fixation,1,0.5003643035888672,-0.3490830659866333,1,3.2025299072265625,1,1.015663570827908,-0.37495511770248413,1,3.309051513671875
15699.274,3,1,1,fixation,1,0.5346559948391384,-0.32123905420303345,1,2.9417724609375,1,1.005160649617513,-0.3709312677383423,1,3.1153564453125
15715.939,3,1,1,fixation,0,nan,nan,0,nan,0,nan,nan,0,nan
15732.606,3,1,1,fixation,1,0.5049989488389757,-0.3399069309234619,1,3.1911773681640625,1,0.9820105234781901,-0.3794875741004944,1,3.3384857177734375
15749.273,3,1,1,fixation,1,0.5303656260172526,-0.3208770751953125,1,2.9305267333984375,1,1.0036805470784504,-0.36880922317504883,1,3.0999908447265625
15765.939,3,1,1,fixation,0,nan,nan,0,nan,0,nan,nan,0,nan
15782.606,3,1,1,fixation,1,0.5173554950290256,-0.33363139629364014,1,3.1824188232421875,1,1.0090679592556424,-0.3866811990737915,1,3.310821533203125
15799.273,3,1,1,fixation,1,0.5329280429416232,-0.317366361618042,1,2.9087982177734375,1,1.0002727508544922,-0.3679320216178894,1,3.0792083740234375
15815.938,3,1,1,fixation,0,nan,nan,0,nan,0,nan,nan,0,nan
15832.605,3,1,1,fixation,1,0.5108567343817817,-0.329262912273407,1,3.1689453125,1,0.9837998284233941,-0.390666663646698,1,3.2945404052734375
15849.272,3,1,1,fixation,1,0.5350735982259114,-0.32161784172058105,1,2.8946380615234375,1,1.0037918090820312,-0.3732187747955322,1,3.0694427490234375
15865.938,3,1,1,fixation,0,nan,nan,0,nan,0,nan,nan,0,nan
15882.605,3,1,1,fixation,1,0.5270233154296875,-0.33191031217575073,1,3.142425537109375,1,1.0188730027940538,-0.3839067816734314,1,3.2821197509765625
15899.272,3,1,1,fixation,1,0.5272355609469943,-0.32538294792175293,1,2.90093994140625,1,0.9999953375922308,-0.37319910526275635,1,3.064117431640625
15915.937,3,1,1,fixation,0,nan,nan,0,nan,0,nan,nan,0,nan
15932.604,3,1,1,fixation,0,nan,nan,0,nan,1,1.0015784369574652,-0.3920519948005676,1,3.2965087890625
15949.271,3,1,1,fixation,1,0.5357187059190538,-0.32144153118133545,1,2.90093994140625,1,1.0012889438205295,-0.3745134472846985,1,3.0662994384765625
15965.937,3,1,1,fixation,0,nan,nan,0,nan,0,nan,nan,0,nan
15982.604,3,1,1,fixation,1,0.5144934124416775,-0.34795618057250977,1,3.1611785888671875,1,0.9932312435574001,-0.3868558406829834,1,3.3049774169921875
15999.271,3,1,1,fixation,1,0.5331442091200087,-0.325114369392395,1,2.9129180908203125,1,1.0048300425211587,-0.3762397766113281,1,3.0742645263671875
16015.936,3,1,1,fixation,0,nan,nan,0,nan,0,nan,nan,0,nan
16032.602,3,1,1,fixation,1,0.5218536588880751,-0.340592622756958,1,3.17620849609375,1,1.0104251437717013,-0.38427913188934326,1,3.3196563720703125
16049.269,3,1,1,fixation,1,0.5410265392727321,-0.325380802154541,1,2.9301605224609375,1,0.9968905978732638,-0.3768841624259949,1,3.088836669921875
16065.935,3,1,1,fixation,0,nan,nan,0,nan,0,nan,nan,0,nan
16082.602,3,1,1,fixation,1,0.511827892727322,-0.33363866806030273,1,3.1902618408203125,1,1.0019878811306424,-0.385512113571167,1,3.33544921875
16099.269,3,1,1,fixation,1,0.5349625481499566,-0.32101869583129883,1,2.9471893310546875,1,0.9998389350043402,-0.37054526805877686,1,3.1113128662109375
16115.934,3,1,1,fixation,0,nan,nan,0,nan,0,nan,nan,0,nan
16132.601,3,1,1,fixation,1,0.5341866811116536,-0.32868993282318115,1,3.2097625732421875,1,0.9952439202202691,-0.38793039321899414,1,3.3455047607421875
16149.268,3,1,1,fixation,1,0.5361098183525933,-0.3236205577850342,1,2.978851318359375,1,0.9962130652533636,-0.3710578680038452,1,3.1331024169921875
16165.934,3,1,1,fixation,0,nan,nan,0,nan,0,nan,nan,0,nan
16182.601,3,1,1,fixation,1,0.5216971503363715,-0.341654896736145,1,3.2446136474609375,1,1.0088854895697699,-0.38394826650619507,1,3.3835601806640625
16199.268,3,1,1,stimulusMovement,1,0.5392651028103298,-0.3206188678741455,1,3.0085601806640625,1,0.9936519198947482,-0.37454044818878174,1,3.1633453369140625
16215.934,3,1,1,stimulusMovement,0,nan,nan,0,nan,0,nan,nan,0,nan
16232.6,3,1,1,stimulusMovement,1,0.5043538411458333,-0.33429932594299316,1,3.284088134765625,1,0.996437284681532,-0.3867325782775879,1,3.4288330078125
16249.267,3,1,1,stimulusMovement,1,0.5161398781670464,-0.3350478410720825,1,3.2888031005859375,1,0.986792246500651,-0.38503968715667725,1,3.4117431640625
16265.933,3,1,1,stimulusMovement,1,0.5118923187255859,-0.33006638288497925,1,3.2725830078125,1,1.0008612738715277,-0.3763188123703003,1,3.4424285888671875
16282.6,3,1,1,stimulusMovement,1,0.5038536919487847,-0.3316962718963623,1,3.353759765625,1,1.0035879347059462,-0.3669624328613281,1,3.4281005859375
16299.267,3,1,1,stimulusMovement,0,nan,nan,0,nan,1,1.0136619144015842,-0.37239909172058105,1,3.41888427734375
16315.932,3,1,1,stimulusMovement,1,0.5019586351182725,-0.3359396457672119,1,3.3325042724609375,1,1.0037174224853516,-0.36732393503189087,1,3.46954345703125
16332.599,3,1,1,stimulusMovement,1,0.5037820604112413,-0.3344305157661438,1,3.35980224609375,1,0.9752582973904079,-0.3799898624420166,1,3.4985504150390625
16349.266,3,1,1,stimulusMovement,1,0.5159511566162109,-0.3282715678215027,1,3.344085693359375,1,0.985446082221137,-0.3773878812789917,1,3.525146484375
16365.932,3,1,1,stimulusMovement,1,0.5280994839138454,-0.33114975690841675,1,3.36749267578125,1,0.9990643395317925,-0.37826818227767944,1,3.52056884765625
16382.599,3,1,1,stimulusMovement,1,0.5020940568712022,-0.33857786655426025,1,3.392730712890625,1,1.0147974226209853,-0.3682515621185303,1,3.5196990966796875
16399.266,3,1,1,stimulusMovement,1,0.4869634840223524,-0.3378162384033203,1,3.4495849609375,1,1.0209244622124565,-0.37193214893341064,1,3.5297393798828125
16415.931,3,1,1,stimulusMovement,1,0.503694110446506,-0.34603792428970337,1,3.4291534423828125,1,1.0002197689480252,-0.358575701713562,1,3.525543212890625
16432.598,3,1,1,stimulusMovement,1,0.5044182671440972,-0.33035367727279663,1,3.37725830078125,1,0.9899205101860894,-0.3558061122894287,1,3.5037841796875
16449.265,3,1,1,stimulusMovement,1,0.5057456758287218,-0.3322545886039734,1,3.4329986572265625,1,0.9925350613064235,-0.3801015615463257,1,3.5443115234375
16465.931,3,1,1,stimulusMovement,1,0.508083767361111,-0.3203580379486084,1,3.4035491943359375,1,0.987795935736762,-0.3764634132385254,1,3.568511962890625
16482.597,3,1,1,stimulusMovement,1,0.4945706261528863,-0.34252578020095825,1,3.4518890380859375,1,0.9993875291612413,-0.37350916862487793,1,3.550262451171875
16499.264,3,1,1,stimulusMovement,1,0.504500601026747,-0.3282637596130371,1,3.4571075439453125,1,0.9913363986545138,-0.37009865045547485,1,3.5807647705078125
16515.93,3,1,1,stimulusMovement,1,0.5036094453599718,-0.33044981956481934,1,3.421875,1,0.9911630418565538,-0.3848586678504944,1,3.5718994140625
16532.597,3,1,1,stimulusMovement,1,0.4963470035129123,-0.34622275829315186,1,3.472198486328125,1,0.9942270914713541,-0.3706715703010559,1,3.5750732421875
16549.264,3,1,1,stimulusMovement,1,0.48527420891655815,-0.3304210305213928,1,3.4725494384765625,1,1.000705083211263,-0.37765949964523315,1,3.569854736328125
16565.93,3,1,1,stimulusMovement,1,0.504256354437934,-0.33140742778778076,1,3.4340362548828125,1,0.9984605577256944,-0.38220953941345215,1,3.58734130859375
16582.596,3,1,1,stimulusMovement,1,0.5034945805867512,-0.34446752071380615,1,3.49444580078125,1,1.0008555518256292,-0.3644315004348755,1,3.55499267578125
16599.263,3,1,1,stimulusMovement,1,0.5085130267673068,-0.3407931327819824,1,3.443389892578125,1,1.0067094167073567,-0.3749905228614807,1,3.5655975341796875
16615.928,3,1,1,stimulusMovement,1,0.5189068052503798,-0.34007591009140015,1,3.4374237060546875,1,0.9980352189805772,-0.3784611225128174,1,3.5802764892578125
16632.595,3,1,1,stimulusMovement,1,0.5070949130588107,-0.32975494861602783,1,3.435089111328125,1,1.0160787370469835,-0.3773486018180847,1,3.561492919921875
16649.262,3,1,1,stimulusMovement,1,0.5047762129041884,-0.3376652002334595,1,3.4549407958984375,1,1.018711725870768,-0.37268149852752686,1,3.56646728515625
16665.928,3,1,1,stimulusMovement,1,0.5006099277072482,-0.32634270191192627,1,3.4249267578125,1,0.9903844197591145,-0.3819674849510193,1,3.5887908935546875
16682.594,3,1,1,stimulusMovement,1,0.4963572820027669,-0.3482581377029419,1,3.459320068359375,1,1.0182164510091145,-0.3704313635826111,1,3.536773681640625
16699.261,3,1,1,stimulusMovement,1,0.5213095347086588,-0.33371686935424805,1,3.4343109130859375,1,1.0221138000488281,-0.37902188301086426,1,3.57342529296875
16715.927,3,1,1,stimulusMovement,1,0.4986616770426432,-0.3411628007888794,1,3.4458770751953125,1,1.0177936553955078,-0.37530720233917236,1,3.564605712890625
16732.594,3,1,1,stimulusMovement,1,0.516231960720486,-0.3260173797607422,1,3.3913726806640625,1,1.010499742296007,-0.37956035137176514,1,3.5750885009765625
16749.261,3,1,1,stimulusMovement,1,0.5024394989013672,-0.33937180042266846,1,3.472686767578125,1,1.00841310289171,-0.3676952123641968,1,3.552886962890625
16765.927,3,1,1,stimulusMovement,1,0.5146770477294922,-0.3403548002243042,1,3.4490966796875,1,1.039003160264757,-0.374722957611084,1,3.579620361328125
16782.593,3,1,1,stimulusMovement,1,0.5028054979112413,-0.32879775762557983,1,3.4749755859375,1,1.0209437476264105,-0.3775303363800049,1,3.5828704833984375
16799.26,3,1,1,stimulusMovement,1,0.5106078253851997,-0.3389430046081543,1,3.4556121826171875,1,1.0135591295030382,-0.3811798691749573,1,3.587677001953125
16815.926,3,1,1,stimulusMovement,1,0.5042111078898112,-0.33252108097076416,1,3.47882080078125,1,1.0073051452636719,-0.37201565504074097,1,3.6161651611328125
16832.593,3,1,1,stimulusMovement,1,0.49513679080539275,-0.3533366322517395,1,3.54840087890625,1,1.016490724351671,-0.3680204153060913,1,3.6295013427734375
16849.259,3,1,1,stimulusMovement,1,0.5248137580023872,-0.33462953567504883,1,3.4364166259765625,1,1.010570102267795,-0.3801637887954712,1,3.6135711669921875
16865.925,3,1,1,stimulusMovement,1,0.5117840237087673,-0.33656418323516846,1,3.492156982421875,1,1.0156512790256076,-0.3868381381034851,1,3.6248779296875
16882.592,3,1,1,stimulusMovement,1,0.5049650404188368,-0.3200075030326843,1,3.498321533203125,1,1.0156105889214408,-0.3966061472892761,1,3.626800537109375
16899.259,3,1,1,stimulusMovement,1,0.4830513000488281,-0.35236406326293945,1,3.5535736083984375,1,1.011021508110894,-0.3907945156097412,1,3.6207275390625
16915.925,3,1,1,stimulusMovement,1,0.5102101431952583,-0.3322254419326782,1,3.546478271484375,1,1.015147738986545,-0.38047152757644653,1,3.641326904296875
16932.592,3,1,1,stimulusMovement,1,0.5133408440483941,-0.3195904493331909,1,3.5157318115234375,1,1.0254164801703558,-0.38430356979370117,1,3.60443115234375
16949.258,3,1,1,stimulusMovement,1,0.4979805416531033,-0.32530367374420166,1,3.544158935546875,1,0.996864530775282,-0.39392703771591187,1,3.671173095703125
16965.924,3,1,1,stimulusMovement,1,0.5017808278401692,-0.3478013277053833,1,3.5680084228515625,1,1.0052759382459853,-0.39441758394241333,1,3.6744842529296875
16982.591,3,1,1,stimulusMovement,1,0.5163084665934244,-0.33832138776779175,1,3.523773193359375,1,1.0081541273328993,-0.3919451832771301,1,3.6603240966796875
16999.258,3,1,1,stimulusMovement,1,0.5005747477213541,-0.3239138126373291,1,3.519378662109375,1,1.0176224178738065,-0.39391016960144043,1,3.6804962158203125
17015.924,3,1,1,stimulusMovement,1,0.4920114941067166,-0.3267238140106201,1,3.5578765869140625,1,1.010002983940972,-0.392411470413208,1,3.7136383056640625
17032.591,3,1,1,stimulusMovement,1,0.5269765853881836,-0.3442075252532959,1,3.5927581787109375,1,1.0074426862928603,-0.3889509439468384,1,3.7035675048828125
17049.257,3,1,1,stimulusMovement,1,0.5240357716878254,-0.3439798355102539,1,3.5505828857421875,1,1.0149449242485893,-0.3957470655441284,1,3.6968231201171875
17065.923,3,1,1,stimulusMovement,1,0.48261080847846133,-0.34674370288848877,1,3.613555908203125,1,0.9974899291992188,-0.39303791522979736,1,3.7067718505859375
17082.59,3,1,1,stimulusMovement,1,0.5115851296318902,-0.3451971411705017,1,3.587921142578125,1,0.9996164109971788,-0.3941481113433838,1,3.7189178466796875
17099.257,3,1,1,stimulusMovement,1,0.5031467013888888,-0.3343868851661682,1,3.5710906982421875,1,1.0037384033203125,-0.39128440618515015,1,3.739654541015625
17115.922,3,1,1,stimulusMovement,1,0.5071708891126845,-0.33506667613983154,1,3.5869598388671875,1,1.0168796115451388,-0.38618379831314087,1,3.7219085693359375
17132.589,3,1,1,stimulusMovement,1,0.5039038128323025,-0.3421064615249634,1,3.5956878662109375,1,1.003438949584961,-0.4113149642944336,1,3.756622314453125
17149.255,3,1,1,stimulusMovement,1,0.5019832187228732,-0.33288031816482544,1,3.5990447998046875,1,1.0077815585666232,-0.38842856884002686,1,3.759735107421875
17165.921,3,1,1,stimulusMovement,1,0.48572391933865017,-0.3530154228210449,1,3.728973388671875,0,nan,nan,0,nan
17182.588,3,1,1,stimulusMovement,1,0.4973198572794596,-0.3484828472137451,1,3.6282501220703125,1,1.0022875467936196,-0.409159779548645,1,3.7624664306640625
17199.255,3,1,1,stimulusMovement,1,0.5189399719238281,-0.33848679065704346,1,3.635589599609375,1,1.0037786695692275,-0.40225785970687866,1,3.7498321533203125
17215.921,3,1,1,stimulusMovement,1,0.5102435217963325,-0.3422977328300476,1,3.66217041015625,1,0.9967212677001953,-0.4003177285194397,1,3.7856597900390625
17232.588,3,1,1,stimulusMovement,1,0.5091162787543403,-0.3508921265602112,1,3.6366729736328125,1,0.9951036241319444,-0.4105128049850464,1,3.753631591796875
17249.254,3,1,1,stimulusMovement,1,0.4889087677001953,-0.3437587022781372,1,3.661285400390625,1,0.9991376664903429,-0.39856404066085815,1,3.7801666259765625
17265.92,3,1,1,stimulusMovement,1,0.5018676122029622,-0.3494836688041687,1,3.638885498046875,1,1.006077448527018,-0.4047890901565552,1,3.8123779296875
17282.587,3,1,1,stimulusMovement,1,0.5051290724012587,-0.3390660285949707,1,3.6495513916015625,1,1.008596420288086,-0.38947635889053345,1,3.76922607421875
17299.253,3,1,1,stimulusMovement,1,0.48873138427734375,-0.33377236127853394,1,3.65130615234375,1,0.9957256317138672,-0.40356314182281494,1,3.8021240234375
17315.919,3,1,1,stimulusMovement,1,0.5052108764648438,-0.3316422700881958,1,3.625396728515625,1,1.0047982533772786,-0.41234850883483887,1,3.7805023193359375
17332.586,3,1,1,stimulusMovement,1,0.5034077962239583,-0.33257317543029785,1,3.642974853515625,1,1.0023583306206596,-0.40959030389785767,1,3.7783050537109375
17349.253,3,1,1,stimulusMovement,1,0.49707370334201384,-0.34613388776779175,1,3.64874267578125,1,0.9978868696424695,-0.4038712978363037,1,3.777984619140625
17365.919,3,1,1,stimulusMovement,1,0.49486139085557723,-0.34418386220932007,1,3.6259765625,1,0.9954738616943359,-0.4104613661766052,1,3.77984619140625
17382.586,3,1,1,stimulusMovement,1,0.5030050277709961,-0.3310227394104004,1,3.6405029296875,1,0.9833111233181423,-0.41010481119155884,1,3.7754974365234375
17399.252,3,1,1,stimulusMovement,1,0.4926455815633138,-0.35012614727020264,1,3.6871795654296875,1,0.9878033532036675,-0.40031951665878296,1,3.774627685546875
17415.918,3,1,1,stimulusMovement,1,0.4969071282280816,-0.333829402923584,1,3.622100830078125,1,0.9996893141004773,-0.4011855721473694,1,3.751495361328125
17432.585,3,1,1,stimulusMovement,1,0.5012795130411783,-0.3271150588989258,1,3.5851287841796875,1,1.004224141438802,-0.3850674629211426,1,3.75408935546875
17449.251,3,1,1,stimulusMovement,1,0.4901438819037543,-0.34973227977752686,1,3.648712158203125,0,nan,nan,0,nan
17465.917,3,1,1,stimulusMovement,1,0.49059836069742835,-0.33861517906188965,1,3.65185546875,1,1.0013745625813801,-0.4216439723968506,1,3.7864837646484375
17482.584,3,1,1,stimulusMovement,0,nan,nan,0,nan,1,0.999571058485243,-0.387046754360199,1,3.7505645751953125
17499.251,3,1,1,stimulusMovement,1,0.49014006720648867,-0.33995968103408813,1,3.6229248046875,1,0.9979481167263454,-0.40884536504745483,1,3.7483673095703125
17515.917,3,1,1,stimulusMovement,1,0.4942381117078993,-0.33463335037231445,1,3.6419219970703125,1,1.0025448269314237,-0.3955879211425781,1,3.758758544921875
17532.584,3,1,1,stimulusMovement,1,0.49912728203667533,-0.33240240812301636,1,3.6428680419921875,1,1.0046628316243489,-0.408821702003479,1,3.745941162109375
17549.25,3,1,1,stimulusMovement,1,0.5030446582370334,-0.33887386322021484,1,3.62603759765625,1,0.9813622368706597,-0.4219503402709961,1,3.75799560546875
17565.916,3,1,1,stimulusMovement,1,0.493544684516059,-0.3523787260055542,1,3.6878814697265625,1,0.9951010810004339,-0.40389204025268555,1,3.744537353515625
17582.583,3,1,1,stimulusMovement,1,0.48435698615180117,-0.32960671186447144,1,3.658355712890625,1,0.9908368852403429,-0.40172696113586426,1,3.769500732421875
17599.25,3,1,1,stimulusMovement,1,0.4981892903645833,-0.3411914110183716,1,3.6485137939453125,1,0.99660767449273,-0.41860395669937134,1,3.7769622802734375
17615.916,3,1,1,stimulusMovement,1,0.4969922171698676,-0.3381366729736328,1,3.6662750244140625,1,0.9957400427924261,-0.40705442428588867,1,3.7720794677734375
17632.582,3,1,1,stimulusMovement,1,0.5044002532958984,-0.32329416275024414,1,3.632781982421875,1,1.0048929850260415,-0.4020540714263916,1,3.770111083984375
17649.249,3,1,1,stimulusMovement,1,0.4883255428738064,-0.33340638875961304,1,3.68505859375,1,0.9933446248372395,-0.4088296890258789,1,3.7689208984375
17665.915,3,1,1,stimulusMovement,1,0.47941313849555117,-0.3154234290122986,1,3.6717071533203125,0,nan,nan,0,nan
17682.581,3,1,1,stimulusMovement,1,0.4897794723510742,-0.3307751417160034,1,3.64141845703125,1,0.999290042453342,-0.41969889402389526,1,3.783447265625
17699.248,3,1,1,stimulusMovement,1,0.49858623080783415,-0.3214319944381714,1,3.6409149169921875,1,1.0032039218478732,-0.41082918643951416,1,3.78631591796875
17715.914,3,1,1,stimulusMovement,1,0.49236212836371523,-0.3427991271018982,1,3.6734466552734375,1,0.9918354882134331,-0.41193628311157227,1,3.775726318359375
17732.58,3,1,1,stimulusMovement,1,0.4829280641343858,-0.3281376361846924,1,3.659088134765625,1,1.0062111748589408,-0.3993825912475586,1,3.7830657958984375
17749.247,3,1,1,stimulusMovement,1,0.4969468646579318,-0.3459489941596985,1,3.674713134765625,1,1.0144678751627603,-0.4079328179359436,1,3.7778472900390625
17765.913,3,1,1,stimulusMovement,1,0.4801074133978949,-0.34459638595581055,1,3.751190185546875,1,0.9961202409532335,-0.4045989513397217,1,3.7790374755859375
17782.58,3,1,1,stimulusMovement,1,0.4947366714477539,-0.32753509283065796,1,3.6653289794921875,1,1.0091605716281467,-0.41048169136047363,1,3.7825775146484375
17799.247,3,1,1,stimulusMovement,1,0.5066511366102431,-0.322659432888031,1,3.6907196044921875,1,1.0042381286621094,-0.4017840623855591,1,3.7769012451171875
17815.913,3,1,1,stimulusMovement,1,0.5026721954345703,-0.32266783714294434,1,3.6327972412109375,0,nan,nan,0,nan
17832.579,3,1,1,stimulusMovement,1,0.4817289776272244,-0.32466399669647217,1,3.67999267578125,1,1.0034408569335938,-0.4009178876876831,1,3.802093505859375
17849.246,3,1,1,stimulusMovement,1,0.4974745644463433,-0.3434453010559082,1,3.7149200439453125,1,0.9970921410454644,-0.39284050464630127,1,3.76995849609375
17865.911,3,1,1,stimulusMovement,1,0.48941718207465273,-0.357477605342865,1,3.734619140625,1,1.0049627092149522,-0.4137251377105713,1,3.76214599609375
17882.578,3,1,1,stimulusMovement,1,0.4912717607286241,-0.33517956733703613,1,3.6562042236328125,1,1.0121262868245442,-0.4105958938598633,1,3.793243408203125
17899.245,3,1,1,stimulusMovement,1,0.5007572174072266,-0.35151350498199463,1,3.7149200439453125,1,0.9895674387613932,-0.4049471616744995,1,3.7608642578125
17915.911,3,1,1,stimulusMovement,1,0.48566638098822695,-0.3383829593658447,1,3.6874847412109375,1,0.9904554155137804,-0.40064573287963867,1,3.7523193359375
17932.578,3,1,1,stimulusMovement,1,0.4926421907212999,-0.35172128677368164,1,3.71063232421875,1,0.998713387383355,-0.4117974638938904,1,3.774658203125
17949.245,3,1,1,stimulusMovement,1,0.5053806304931641,-0.34234416484832764,1,3.702362060546875,1,0.9672902425130208,-0.3976280689239502,1,3.8065338134765625
17965.91,3,1,1,stimulusMovement,1,0.497195561726888,-0.34012889862060547,1,3.7219696044921875,1,0.9854477776421441,-0.4065265655517578,1,3.802734375
17982.577,3,1,1,stimulusMovement,1,0.505629751417372,-0.33825385570526123,1,3.7733917236328125,1,0.9961624145507812,-0.3975353240966797,1,3.790374755859375
17999.244,3,1,1,stimulusMovement,1,0.5087385177612305,-0.35819119215011597,1,3.7134246826171875,1,0.989784452650282,-0.40873444080352783,1,3.814910888671875
18015.91,3,1,1,stimulusMovement,1,0.49717044830322266,-0.34458231925964355,1,3.707305908203125,1,0.9935349358452691,-0.4118218421936035,1,3.806182861328125
18032.576,3,1,1,stimulusMovement,1,0.509004275004069,-0.3687664270401001,1,3.750030517578125,1,0.9895409478081597,-0.4125533103942871,1,3.8075714111328125
18049.243,3,1,1,stimulusMovement,1,0.5053334765964084,-0.34786999225616455,1,3.70404052734375,1,0.9759786393907335,-0.40563714504241943,1,3.806854248046875
18065.909,3,1,1,stimulusMovement,1,0.49613539377848304,-0.35412418842315674,1,3.6872711181640625,1,0.9869723849826388,-0.41233426332473755,1,3.823577880859375
18082.576,3,1,1,stimulusMovement,1,0.4878021876017252,-0.3609325885772705,1,3.80865478515625,1,0.9822506374782985,-0.398878812789917,1,3.7655487060546875
18099.242,3,1,1,stimulusMovement,1,0.4923411475287543,-0.3685789108276367,1,3.71148681640625,1,0.9774063958062066,-0.40213543176651,1,3.790557861328125
18115.908,3,1,1,stimulusMovement,1,0.4757976531982422,-0.37621384859085083,1,3.7213134765625,1,0.9803197648790147,-0.4060993194580078,1,3.789398193359375
18132.575,3,1,1,stimulusMovement,1,0.4734649658203125,-0.3758862018585205,1,3.687713623046875,1,0.9725131988525391,-0.4187585115432739,1,3.7804412841796875
18149.242,3,1,1,stimulusMovement,1,0.3086619906955295,-0.3355986475944519,1,3.6379241943359375,1,0.8224794599745008,-0.3876041769981384,1,3.6966705322265625
18165.908,3,1,1,stimulusMovement,1,0.3013375600179036,-0.34369075298309326,1,3.63232421875,1,0.7741834852430555,-0.38959991931915283,1,3.6882781982421875
18182.574,3,1,1,stimulusMovement,1,0.27884705861409503,-0.3551609516143799,1,3.608734130859375,1,0.774205207824707,-0.39721745252609253,1,3.692413330078125
18199.241,3,1,1,stimulusMovement,1,0.31422657436794704,-0.34568488597869873,1,3.5391387939453125,1,0.7540115780300564,-0.3934217095375061,1,3.69012451171875
18215.907,3,1,1,stimulusMovement,1,0.29416253831651473,-0.3318079710006714,1,3.524169921875,1,0.7593975067138672,-0.38676708936691284,1,3.6805572509765625
18232.573,3,1,1,stimulusMovement,1,0.29171816507975257,-0.3382490873336792,1,3.5513763427734375,1,0.7577824062771267,-0.3948879837989807,1,3.6641387939453125
18249.24,3,1,1,stimulusMovement,1,0.2914550569322374,-0.36207157373428345,1,3.55029296875,1,0.7586427264743381,-0.3857252597808838,1,3.644500732421875
18265.906,3,1,1,stimulusMovement,1,0.29746161566840273,-0.34287405014038086,1,3.532501220703125,1,0.7518147362603081,-0.37758439779281616,1,3.6005859375
18282.572,3,1,1,stimulusMovement,1,0.29072125752766925,-0.3290098309516907,1,3.473785400390625,1,0.7468640009562174,-0.3937261700630188,1,3.655914306640625
18299.239,3,1,1,stimulusMovement,1,0.29098743862575954,-0.3325095772743225,1,3.467132568359375,1,0.7422203487820095,-0.3889878988265991,1,3.5936737060546875
18315.905,3,1,1,stimulusMovement,1,0.18387699127197266,-0.32416409254074097,1,3.487945556640625,1,0.6389798058403863,-0.3830583691596985,1,3.5882568359375
18332.572,3,1,1,stimulusMovement,1,0.13645648956298828,-0.33748728036880493,1,3.5273590087890625,1,0.5759755240546333,-0.36647093296051025,1,3.545623779296875
18349.239,3,1,1,stimulusMovement,1,0.1463605033026801,-0.3230888843536377,1,3.405548095703125,1,0.5592274136013454,-0.36529767513275146,1,3.5769195556640625
18365.904,3,1,1,stimulusMovement,1,0.12075455983479817,-0.3492658734321594,1,3.4685821533203125,1,0.5599679946899414,-0.36614835262298584,1,3.5526275634765625
18382.571,3,1,1,stimulusMovement,1,0.1312520768907335,-0.32854676246643066,1,3.4014434814453125,1,0.5600170559353298,-0.3739246129989624,1,3.556976318359375
18399.238,3,1,1,stimulusMovement,1,0.1114047368367513,-0.3471936583518982,1,3.474395751953125,1,0.5544000201755099,-0.36585158109664917,1,3.5503082275390625
18415.904,3,1,1,stimulusMovement,1,0.12011771731906466,-0.32926732301712036,1,3.414825439453125,1,0.5688664118448893,-0.36267924308776855,1,3.5370635986328125
18432.57,3,1,1,stimulusMovement,1,0.11374759674072266,-0.31883764266967773,1,3.34527587890625,1,0.5551617940266926,-0.3685727119445801,1,3.49639892578125
18449.237,3,1,1,stimulusMovement,1,0.11401420169406466,-0.33030301332473755,1,3.3822479248046875,1,0.5434462229410807,-0.3714190125465393,1,3.5189056396484375
18465.903,3,1,1,stimulusMovement,1,0.08044317033555771,-0.33434873819351196,1,3.4151153564453125,1,0.5366520351833767,-0.3781512975692749,1,3.52508544921875
18482.569,3,1,1,stimulusMovement,0,nan,nan,0,nan,1,0.5314352247450087,-0.3655961751937866,1,3.5048828125
18499.236,3,1,1,stimulusMovement,1,0.0475566652086046,-0.3308216333389282,1,3.41180419921875,1,0.5070352554321289,-0.36606258153915405,1,3.523651123046875
18515.902,3,1,1,stimulusMovement,1,-0.06488625208536783,-0.31960630416870117,1,3.3300323486328125,1,0.38718859354654944,-0.3502539396286011,1,3.4930419921875
18532.569,3,1,1,stimulusMovement,1,-0.2039052645365397,-0.3233638405799866,1,3.3416900634765625,1,0.33318339453803164,-0.35373204946517944,1,3.5093536376953125
18549.236,3,1,1,stimulusMovement,1,-0.22883966233995223,-0.32255464792251587,1,3.365234375,1,0.3288964165581597,-0.3403974175453186,1,3.457305908203125
18565.902,3,1,1,stimulusMovement,1,-0.24781841701931423,-0.3279750347137451,1,3.29962158203125,1,0.314223395453559,-0.345026433467865,1,3.4691162109375
18582.568,3,1,1,stimulusMovement,1,-0.24635155995686847,-0.32822978496551514,1,3.3186798095703125,1,0.3027731577555338,-0.3453846573829651,1,3.4494476318359375
18599.235,3,1,1,stimulusMovement,1,-0.26426511340671116,-0.3366715908050537,1,3.34234619140625,1,0.30271593729654944,-0.35025352239608765,1,3.451629638671875
18615.901,3,1,1,stimulusMovement,1,-0.26347435845269096,-0.32213324308395386,1,3.355010986328125,1,0.3212197621663411,-0.34621715545654297,1,3.4610443115234375
18632.567,3,1,1,stimulusMovement,1,-0.2615671157836914,-0.3208061456680298,1,3.3279876708984375,1,0.29234833187527126,-0.3529214859008789,1,3.440826416015625
18649.234,3,1,1,stimulusMovement,1,-0.2621215714348687,-0.31254851818084717,1,3.2935028076171875,1,0.2934221691555447,-0.3512444496154785,1,3.443817138671875
18665.9,3,1,1,stimulusMovement,1,-0.2771192126803928,-0.32096391916275024,1,3.293853759765625,1,0.27626779344346786,-0.3460339307785034,1,3.4299774169921875
18682.567,3,1,1,stimulusMovement,1,-0.2880031797620985,-0.3336838483810425,1,3.3282012939453125,1,0.2708093855116102,-0.3443363308906555,1,3.4226226806640625
18699.233,3,1,1,stimulusMovement,1,-0.27618249257405597,-0.3365018367767334,1,3.3028564453125,1,0.27269458770751953,-0.34099483489990234,1,3.4009857177734375
18715.899,3,1,1,stimulusMovement,1,-0.2996207343207465,-0.33955711126327515,1,3.3475341796875,1,0.27713923984103733,-0.35255205631256104,1,3.4185028076171875
18732.566,3,1,1,stimulusMovement,1,-0.29739708370632595,-0.3373647928237915,1,3.305999755859375,1,0.25229454040527344,-0.3464704751968384,1,3.397735595703125
18749.233,3,1,1,stimulusMovement,1,-0.30895487467447913,-0.3304731845855713,1,3.3069610595703125,1,0.26078224182128906,-0.36208975315093994,1,3.42266845703125
18765.899,3,1,1,stimulusMovement,1,-0.31110074785020614,-0.3353283405303955,1,3.33447265625,1,0.2609710693359375,-0.3641376495361328,1,3.4565277099609375
18782.565,3,1,1,stimulusMovement,1,-0.3134770923190647,-0.33092808723449707,1,3.291656494140625,1,0.2470625771416558,-0.35484957695007324,1,3.36376953125
18799.232,3,1,1,stimulusMovement,1,-0.35787391662597656,-0.33295589685440063,1,3.323486328125,1,0.20328193240695527,-0.36121636629104614,1,3.3995819091796875
18815.898,3,1,1,stimulusMovement,1,-0.474675973256429,-0.36663544178009033,1,3.3534088134765625,1,-0.0344090461730957,-0.4149014949798584,1,3.414581298828125
18832.564,3,1,1,stimulusMovement,1,-0.49338049358791775,-0.36710256338119507,1,3.3092498779296875,1,-0.0855602158440484,-0.41010791063308716,1,3.4546051025390625
18849.231,3,1,1,stimulusMovement,1,-0.4933132595486111,-0.3499462604522705,1,3.30206298828125,1,-0.06767797470092773,-0.3936970829963684,1,3.3857574462890625
18865.896,3,1,1,stimulusMovement,1,-0.4944613244798448,-0.37753593921661377,1,3.3073883056640625,1,-0.08475012249416775,-0.41802889108657837,1,3.4215240478515625
18882.563,3,1,1,stimulusMovement,1,-0.4917317231496175,-0.36103957891464233,1,3.27508544921875,1,-0.10864570405748154,-0.4157201051712036,1,3.40093994140625
18899.23,3,1,1,stimulusMovement,1,-0.5056279765235053,-0.368125855922699,1,3.319976806640625,1,-0.11066389083862305,-0.4077988266944885,1,3.368988037109375
18915.896,3,1,1,stimulusMovement,1,-0.5255796114603678,-0.36397427320480347,1,3.305389404296875,1,-0.13446961508856878,-0.40376925468444824,1,3.3869171142578125
18932.563,3,1,1,stimulusMovement,1,-0.5258655548095703,-0.3734390139579773,1,3.3011627197265625,1,-0.12309201558430989,-0.4092828631401062,1,3.3800201416015625
18949.23,3,1,1,stimulusMovement,1,-0.5298802057902018,-0.3757447600364685,1,3.2954254150390625,1,-0.11258506774902344,-0.39624857902526855,1,3.3421630859375
18965.895,3,1,1,stimulusMovement,1,-0.5470284356011285,-0.35359829664230347,1,3.27203369140625,1,-0.16433461507161456,-0.41219085454940796,1,3.378326416015625
18982.562,3,1,1,stimulusMovement,1,-0.5537727408938937,-0.37018656730651855,1,3.2878265380859375,1,-0.18441692988077799,-0.4050278663635254,1,3.3824310302734375
18999.229,3,1,1,stimulusMovement,1,-0.5621165699428982,-0.3711896538734436,1,3.265960693359375,1,-0.18908045026991102,-0.41992074251174927,1,3.4160614013671875
19015.895,3,1,1,stimulusMovement,1,-0.6302989853752984,-0.34124326705932617,1,3.2662353515625,1,-0.25656053755018443,-0.39059603214263916,1,3.427459716796875
19032.561,3,1,1,stimulusMovement,1,-0.6890026993221706,-0.3173058032989502,1,3.2530975341796875,1,-0.31901857588026256,-0.3681551218032837,1,3.39385986328125
19049.228,3,1,1,stimulusMovement,1,-0.702035731739468,-0.33024847507476807,1,3.2577972412109375,1,-0.2947789827982584,-0.35351288318634033,1,3.3297882080078125
19065.893,3,1,1,stimulusMovement,1,-0.7216671837700738,-0.3224605321884155,1,3.272918701171875,1,-0.31683434380425346,-0.3598032593727112,1,3.35797119140625
19082.56,3,1,1,stimulusMovement,1,-0.721567604276869,-0.32570189237594604,1,3.3178558349609375,1,-0.33043267991807723,-0.363167941570282,1,3.386566162109375
19099.227,3,1,1,stimulusMovement,1,-0.739184472295973,-0.32370954751968384,1,3.2330169677734375,1,-0.3494921790228949,-0.36983156204223633,1,3.373199462890625
19115.893,3,1,1,stimulusMovement,1,-0.7570855749977959,-0.32415926456451416,1,3.237152099609375,1,-0.35418192545572913,-0.36701714992523193,1,3.3680419921875
19132.56,3,1,1,stimulusMovement,0,nan,nan,0,nan,1,-0.3610186047024197,-0.364255428314209,1,3.3398895263671875
19149.226,3,1,1,stimulusMovement,1,-0.759128212928772,-0.3218153715133667,1,3.2582244873046875,0,nan,nan,0,nan
19165.892,3,1,1,stimulusMovement,1,-0.7789613670772976,-0.321766197681427,1,3.2150115966796875,1,-0.3806484010484483,-0.36747556924819946,1,3.3152923583984375
19182.559,3,1,1,stimulusMovement,1,-0.7994230455822414,-0.32333970069885254,1,3.197052001953125,1,-0.3964069684346517,-0.36345839500427246,1,3.329071044921875
19199.226,3,1,1,stimulusMovement,1,-0.8047996958096821,-0.32494813203811646,1,3.2008209228515625,1,-0.41274515787760413,-0.3673321008682251,1,3.2974853515625
19215.892,3,1,1,stimulusMovement,1,-0.8181759119033813,-0.33223819732666016,1,3.2233123779296875,1,-0.39780161115858287,-0.3511025309562683,1,3.2538604736328125
19232.558,3,1,1,stimulusMovement,1,-0.8397913343376583,-0.33872222900390625,1,3.21343994140625,1,-0.4178342819213867,-0.370558500289917,1,3.2969207763671875
19249.224,3,1,1,stimulusMovement,1,-0.8404301901658375,-0.32851481437683105,1,3.207275390625,1,-0.426203621758355,-0.36577653884887695,1,3.302703857421875
19265.89,3,1,1,stimulusMovement,1,-0.8339205152458614,-0.32671964168548584,1,3.219024658203125,1,-0.4116921954684787,-0.36266982555389404,1,3.272491455078125
19282.557,3,1,1,stimulusMovement,1,-0.8690657003058327,-0.32100993394851685,1,3.177642822265625,1,-0.467914687262641,-0.37333691120147705,1,3.29986572265625
19299.224,3,1,1,stimulusMovement,1,-0.862054857942793,-0.3399592638015747,1,3.228759765625,1,-0.46397248903910315,-0.37390780448913574,1,3.310546875
19315.89,3,1,1,stimulusMovement,1,-0.885098756601413,-0.32692432403564453,1,3.1951446533203125,1,-0.49319908354017467,-0.3709547519683838,1,3.3177642822265625
19332.556,3,1,1,stimulusMovement,1,-0.8764740170703993,-0.35250478982925415,1,3.254974365234375,1,-0.48454952239990234,-0.3678767681121826,1,3.311187744140625
19349.223,3,1,1,stimulusMovement,1,-0.9018701728847291,-0.33761489391326904,1,3.2581024169921875,1,-0.5122289657592773,-0.3721337914466858,1,3.3089599609375
19365.889,3,1,1,stimulusMovement,1,-0.9052550428443484,-0.3320971727371216,1,3.2304840087890625,1,-0.5105071067810059,-0.3735086917877197,1,3.3739166259765625
19382.556,3,1,1,stimulusMovement,1,-0.9171476066112518,-0.33390486240386963,1,3.2292327880859375,1,-0.5209396680196126,-0.3737154006958008,1,3.3361053466796875
19399.223,3,1,1,stimulusMovement,1,-0.9284171561400095,-0.34097349643707275,1,3.2362213134765625,1,-0.5182715786827935,-0.38461947441101074,1,3.34454345703125
19415.888,3,1,1,stimulusMovement,1,-0.9276654091146257,-0.3330371379852295,1,3.2921295166015625,1,-0.5245901743570963,-0.37770187854766846,1,3.361297607421875
19432.554,3,1,1,stimulusMovement,1,-0.944279498524136,-0.35122430324554443,1,3.3040618896484375,0,nan,nan,0,nan
19449.221,3,1,1,stimulusMovement,1,-0.9418018460273743,-0.3424590229988098,1,3.289093017578125,1,-0.5247389475504557,-0.35354483127593994,1,3.3626861572265625
19465.887,3,1,1,stimulusMovement,1,-0.9486442671881781,-0.3479214906692505,1,3.2924041748046875,0,nan,nan,0,nan
19482.554,3,1,1,stimulusMovement,1,-0.9527077741093105,-0.34923434257507324,1,3.372283935546875,1,-0.5379923714531792,-0.3734918236732483,1,3.369781494140625
19499.221,3,1,1,stimulusMovement,1,-0.9420825011200374,-0.3560224175453186,1,3.369659423828125,1,-0.5344418949551052,-0.3851662874221802,1,3.40496826171875
19515.886,3,1,1,stimulusMovement,1,-0.9481933911641438,-0.3388676047325134,1,3.323883056640625,1,-0.5446995629204644,-0.3623868227005005,1,3.436187744140625
19532.553,3,1,1,stimulusMovement,1,-0.9492751624849107,-0.34325122833251953,1,3.388458251953125,1,-0.5436889860365126,-0.36150169372558594,1,3.44488525390625
19549.22,3,1,1,stimulusMovement,1,-0.9435535536872015,-0.3363724946975708,1,3.345306396484375,1,-0.5413106812371148,-0.36588531732559204,1,3.451690673828125
19565.886,3,1,1,stimulusMovement,1,-0.9440191951062944,-0.34175169467926025,1,3.3283538818359375,0,nan,nan,0,nan
19582.553,3,1,1,stimulusMovement,1,-0.9227992826037936,-0.3437356948852539,1,3.381317138671875,1,-0.5319724082946777,-0.373205304145813,1,3.4588623046875
19599.219,3,1,1,stimulusMovement,1,-0.9364782075087229,-0.3503071069717407,1,3.4195556640625,1,-0.5378572940826416,-0.3570159673690796,1,3.460723876953125
19615.885,3,1,1,stimulusMovement,1,-0.9334908823172251,-0.3390688896179199,1,3.39617919921875,1,-0.5338483651479085,-0.3590913414955139,1,3.45989990234375
19632.551,3,1,1,stimulusMovement,1,-0.9389190442032284,-0.3196719288825989,1,3.37939453125,1,-0.5342558754814996,-0.37051117420196533,1,3.4582672119140625
19649.218,3,1,1,stimulusMovement,1,-0.9466406835450066,-0.34469860792160034,1,3.410675048828125,1,-0.532256974114312,-0.3611721992492676,1,3.4448699951171875
19665.884,3,1,1,stimulusMovement,1,-0.9465888341267903,-0.35127896070480347,1,3.388214111328125,1,-0.5242902967664931,-0.370245099067688,1,3.4918975830078125
19682.55,3,1,1,stimulusMovement,1,-0.9483432902230157,-0.35000938177108765,1,3.4057769775390625,1,-0.5296939214070637,-0.3715660572052002,1,3.44854736328125
19699.217,3,1,1,stimulusMovement,1,-0.9327543013625674,-0.34553778171539307,1,3.412109375,1,-0.5301709175109863,-0.36986321210861206,1,3.46197509765625
19715.883,3,1,1,stimulusMovement,1,-0.9546586606237623,-0.34121954441070557,1,3.4082794189453125,1,-0.5699774424235026,-0.3512392044067383,1,3.4972076416015625
19732.55,3,1,1,stimulusMovement,1,-0.9451466865009731,-0.3407973051071167,1,3.4120330810546875,1,-0.5235273838043213,-0.3805263042449951,1,3.4564666748046875
19749.217,3,1,1,stimulusMovement,1,-0.9451423552301195,-0.3596532344818115,1,3.4040985107421875,1,-0.5663010809156629,-0.3599362373352051,1,3.5298309326171875
19765.882,3,1,1,stimulusMovement,1,-0.952278541194068,-0.3374447822570801,1,3.4069976806640625,1,-0.5515688260396321,-0.3517780303955078,1,3.53045654296875
19782.549,3,1,1,stimulusMovement,1,-0.9474402732319301,-0.3423404097557068,1,3.398895263671875,1,-0.5377326276567247,-0.3774818181991577,1,3.497955322265625
19799.216,3,1,1,stimulusMovement,1,-0.9648322661717732,-0.3463336229324341,1,3.408477783203125,1,-0.5293935404883491,-0.3748488426208496,1,3.4846649169921875
19815.882,3,1,1,stimulusMovement,1,-0.9575266043345133,-0.3594331741333008,1,3.3683013916015625,1,-0.5462892850240071,-0.3847973346710205,1,3.441070556640625
19832.548,3,1,1,stimulusMovement,1,-0.9540476004282633,-0.36316949129104614,1,3.4324188232421875,1,-0.525905794567532,-0.3871895670890808,1,3.5078125
19849.215,3,1,1,stimulusMovement,1,-0.9526816341612073,-0.3688846826553345,1,3.4088134765625,1,-0.5333077642652724,-0.3908844590187073,1,3.4972076416015625
19865.88,3,1,1,stimulusMovement,1,-0.9593287309010823,-0.3685559034347534,1,3.41998291015625,1,-0.5437775188022189,-0.39913952350616455,1,3.5088958740234375
19882.547,3,1,1,stimulusMovement,1,-0.9640691214137607,-0.36498159170150757,1,3.376190185546875,1,-0.547458012898763,-0.3746405243873596,1,3.4956512451171875
19899.214,3,1,1,stimulusMovement,1,-0.9538883235719469,-0.3596506118774414,1,3.4015350341796875,1,-0.5302154752943251,-0.37955474853515625,1,3.4649658203125
19915.88,3,1,1,stimulusMovement,1,-0.9494566784964666,-0.36781251430511475,1,3.4271697998046875,0,nan,nan,0,nan
19932.546,3,1,1,stimulusMovement,1,-0.9621474610434637,-0.3615038990974426,1,3.39727783203125,1,-0.5632932715945773,-0.38338738679885864,1,3.541473388671875
19949.213,3,1,1,stimulusMovement,1,-0.9534195727772182,-0.3499836325645447,1,3.416717529296875,1,-0.5458495881822374,-0.38087671995162964,1,3.474822998046875
19965.879,3,1,1,stimulusMovement,1,-0.9452348285251193,-0.3693004250526428,1,3.4132537841796875,1,-0.555377377404107,-0.381044864654541,1,3.5379791259765625
19982.546,3,1,1,stimulusMovement,1,-0.9727178547117444,-0.3474886417388916,1,3.3606414794921875,1,-0.5407268206278483,-0.3717350959777832,1,3.466552734375
19999.213,3,1,1,stimulusMovement,1,-0.9749924341837565,-0.34797799587249756,1,3.3813323974609375,1,-0.5403119193183051,-0.37039220333099365,1,3.480804443359375
20015.878,3,1,1,stimulusMovement,1,-0.9657067788971795,-0.36185818910598755,1,3.41943359375,1,-0.5289766258663601,-0.37225449085235596,1,3.43902587890625
20032.544,3,1,1,stimulusMovement,1,-0.9641895161734686,-0.3727344274520874,1,3.402557373046875,1,-0.5162049929300944,-0.3923121690750122,1,3.4842376708984375
20049.211,3,1,1,stimulusMovement,1,-0.961400224102868,-0.3482014536857605,1,3.3543243408203125,1,-0.5471954875522189,-0.37348079681396484,1,3.4761199951171875
20065.877,3,1,1,stimulusMovement,1,-0.9603299962149725,-0.3561871647834778,1,3.3883819580078125,1,-0.536203040017022,-0.3658449649810791,1,3.4738311767578125
20082.544,3,1,1,stimulusMovement,1,-0.9563963347011142,-0.3454110026359558,1,3.388671875,1,-0.5585575103759766,-0.36356121301651,1,3.4592742919921875
20099.21,3,1,1,stimulusMovement,1,-0.9666957590315076,-0.35559940338134766,1,3.3948516845703125,1,-0.5858127541012234,-0.3644499182701111,1,3.5386962890625
20115.876,3,1,1,stimulusMovement,1,-0.9419956604639689,-0.361339807510376,1,3.33642578125,1,-0.552433066897922,-0.38191527128219604,1,3.4523773193359375
20132.543,3,1,1,stimulusMovement,1,-0.9443361030684576,-0.36607658863067627,1,3.389129638671875,1,-0.5458373493618435,-0.37474513053894043,1,3.4354705810546875
20149.21,3,1,1,stimulusMovement,1,-0.9525278409322102,-0.357413649559021,1,3.339508056640625,1,-0.5506071249643961,-0.3849026560783386,1,3.4098358154296875
20165.876,3,1,1,stimulusMovement,1,-0.9571144580841064,-0.3671976923942566,1,3.304779052734375,1,-0.54101472430759,-0.37018388509750366,1,3.371856689453125
20182.543,3,1,1,stimulusMovement,1,-0.962775859567854,-0.3712295889854431,1,3.329193115234375,1,-0.5492394765218098,-0.37994521856307983,1,3.41754150390625
20199.21,3,1,1,stimulusMovement,1,-0.9570833974414401,-0.3623034954071045,1,3.2759552001953125,1,-0.5570087962680392,-0.3813127279281616,1,3.39697265625
20215.876,3,1,1,stimulusMovement,1,-0.9664751026365491,-0.3679080605506897,1,3.30474853515625,1,-0.5260443687438965,-0.38946980237960815,1,3.3269805908203125
20232.542,3,1,1,stimulusMovement,1,-0.9421700504091051,-0.36312371492385864,1,3.2810821533203125,1,-0.535638756222195,-0.38127458095550537,1,3.3565673828125
20249.209,3,1,1,stimulusMovement,1,-0.9522205458747015,-0.3578532934188843,1,3.2152252197265625,0,nan,nan,0,nan
20265.875,3,1,1,stimulusMovement,1,-0.9437995685471429,-0.36942166090011597,1,3.2575225830078125,0,nan,nan,0,nan
20282.542,3,1,1,stimulusMovement,1,-0.9515429735183716,-0.35837459564208984,1,3.2333831787109375,1,-0.5395077599419488,-0.3914877772331238,1,3.37957763671875
20299.209,3,1,1,stimulusMovement,1,-0.9361736045943365,-0.3754984140396118,1,3.26580810546875,1,-0.5336090193854438,-0.38970786333084106,1,3.3137054443359375
20315.875,3,1,1,stimulusMovement,1,-0.9627567264768812,-0.3554762601852417,1,3.2377166748046875,1,-0.5515217251247829,-0.3836839199066162,1,3.31060791015625
20332.542,3,1,1,stimulusMovement,1,-0.9532418780856662,-0.3739314675331116,1,3.2439727783203125,1,-0.5355942249298096,-0.38035231828689575,1,3.310028076171875
20349.209,3,1,1,stimulusMovement,1,-0.9433572954601711,-0.36797600984573364,1,3.212371826171875,0,nan,nan,0,nan
20365.875,3,1,1,stimulusMovement,1,-0.9321209821436139,-0.3717188239097595,1,3.2492218017578125,1,-0.5690267880757649,-0.3885994553565979,1,3.3430023193359375
20382.542,3,1,1,stimulusMovement,1,-0.9451051884227328,-0.3654634952545166,1,3.1776580810546875,1,-0.5495023992326524,-0.3998813033103943,1,3.3184967041015625
20399.209,3,1,1,stimulusMovement,1,-0.9584608342912462,-0.3473348617553711,1,3.1685333251953125,1,-0.5260457462734646,-0.3698246479034424,1,3.2017822265625
20415.875,3,1,1,stimulusMovement,1,-0.9434220823976728,-0.38061559200286865,1,3.199981689453125,1,-0.5465648969014485,-0.383870005607605,1,3.274261474609375
20432.541,3,1,1,stimulusMovement,1,-0.9451890057987636,-0.35373765230178833,1,3.1406707763671875,1,-0.5402257707383897,-0.36324191093444824,1,3.2339324951171875
20449.208,3,1,1,stimulusMovement,1,-0.9398227367136213,-0.3606741428375244,1,3.1604766845703125,1,-0.5717304017808702,-0.38012802600860596,1,3.286407470703125
20465.874,3,1,1,stimulusMovement,1,-0.961134288046095,-0.36318182945251465,1,3.150604248046875,1,-0.5535219510396321,-0.37623584270477295,1,3.240447998046875
20482.541,3,1,1,stimulusMovement,1,-0.9445845418506198,-0.3733975887298584,1,3.1586761474609375,1,-0.5554509427812364,-0.38507211208343506,1,3.2857208251953125
20499.208,3,1,1,stimulusMovement,1,-0.9362719423241085,-0.37528032064437866,1,3.1887969970703125,1,-0.5559609201219347,-0.3866221308708191,1,3.26123046875
20515.874,3,1,1,stimulusMovement,1,-0.9228089716699388,-0.3756065368652344,1,3.2016448974609375,1,-0.5607095824347602,-0.3842293620109558,1,3.2555389404296875
20532.541,3,1,1,stimulusMovement,1,-0.9437782665093739,-0.37944358587265015,1,3.159912109375,1,-0.5368845727708604,-0.37794363498687744,1,3.254608154296875
20549.208,3,1,1,stimulusMovement,1,-0.9454856183793809,-0.3729829788208008,1,3.1438446044921875,0,nan,nan,0,nan
20565.874,3,1,1,stimulusMovement,1,-0.9454457428720262,-0.35392892360687256,1,3.1609649658203125,0,nan,nan,0,nan
20582.541,3,1,1,stimulusMovement,1,-0.9345006412929958,-0.3843628168106079,1,3.209197998046875,0,nan,nan,0,nan
20599.208,3,1,1,stimulusMovement,1,-0.9590578807724847,-0.3750964403152466,1,3.1624908447265625,1,-0.5257487032148573,-0.3585737943649292,1,3.15289306640625
20615.874,3,1,1,stimulusMovement,1,-0.9406367507245805,-0.3620365262031555,1,3.177734375,0,nan,nan,0,nan
20632.54,3,1,1,stimulusMovement,1,-0.9558148052957323,-0.38088661432266235,1,3.1983795166015625,1,-0.5254307058122423,-0.3816506266593933,1,3.2110137939453125
20649.207,3,1,1,stimulusMovement,1,-0.9355602595541211,-0.3850075602531433,1,3.2097625732421875,1,-0.5119438966115315,-0.37171798944473267,1,3.1986083984375
20665.873,3,1,1,stimulusMovement,1,-0.9424726896815829,-0.38363516330718994,1,3.155731201171875,1,-0.5645945337083604,-0.38810479640960693,1,3.30059814453125
20682.54,3,1,1,stimulusMovement,1,-0.9400097297297583,-0.37982290983200073,1,3.19903564453125,1,-0.5442349645826552,-0.3904874920845032,1,3.249114990234375
20699.207,3,1,1,stimulusMovement,1,-0.9485602246390448,-0.37790626287460327,1,3.192718505859375,1,-0.5250393019782172,-0.3523610830307007,1,3.1500396728515625
20715.873,3,1,1,stimulusMovement,1,-0.9172187944253285,-0.3857407569885254,1,3.20172119140625,1,-0.6042738490634494,-0.37113404273986816,1,3.3423004150390625
20732.54,3,1,1,stimulusMovement,1,-0.9249108268154992,-0.38633471727371216,1,3.2981109619140625,1,-0.5238036579555935,-0.35051560401916504,1,3.202178955078125
20749.207,3,1,1,stimulusMovement,1,-0.9472937650150722,-0.37569522857666016,1,3.1886444091796875,1,-0.5103020932939317,-0.36477166414260864,1,3.19000244140625
20765.873,3,1,1,stimulusMovement,1,-0.9484459956487019,-0.3668879270553589,1,3.15350341796875,1,-0.5070018768310547,-0.35246098041534424,1,3.1831207275390625
20782.54,3,1,1,stimulusMovement,1,-0.9461339712142944,-0.3495556712150574,1,3.138214111328125,1,-0.5258619255489773,-0.34611356258392334,1,3.190582275390625
20799.207,3,1,1,stimulusMovement,1,-0.9739782876438564,-0.35282373428344727,1,3.1685333251953125,1,-0.5279209878709581,-0.3682658076286316,1,3.252593994140625
20815.873,3,1,1,stimulusMovement,1,-0.9484584795104132,-0.3731513023376465,1,3.18621826171875,1,-0.5818831125895182,-0.33906203508377075,1,3.38385009765625
20832.539,3,1,1,fixation,1,-0.9466069406933254,-0.363319456577301,1,3.1741943359375,1,-0.5445063379075792,-0.36422938108444214,1,3.2338714599609375
20849.206,3,1,1,fixation,1,-0.962405522664388,-0.3440704941749573,1,2.9235076904296875,1,-0.5239271587795681,-0.3443247079849243,1,2.944488525390625
20865.872,3,1,1,fixation,0,nan,nan,0,nan,0,nan,nan,0,nan
20882.539,3,1,1,fixation,1,-0.9516661432054307,-0.36995917558670044,1,3.193145751953125,1,-0.5392740567525227,-0.3647255301475525,1,3.2704010009765625
20899.206,3,1,1,fixation,1,-0.9690596130159166,-0.34933727979660034,1,2.942047119140625,1,-0.5254902309841579,-0.34515100717544556,1,2.9751434326171875
20915.872,3,1,1,fixation,0,nan,nan,0,nan,0,nan,nan,0,nan
20932.539,3,1,1,fixation,1,-0.9538869261741638,-0.36928313970565796,1,3.205596923828125,1,-0.5189816421932644,-0.35604697465896606,1,3.2960662841796875
20949.206,3,1,1,fixation,1,-0.9634326034122043,-0.34123778343200684,1,2.9627532958984375,1,-0.5255895720587836,-0.34716129302978516,1,3.0001373291015625
20965.872,3,1,1,fixation,0,nan,nan,0,nan,0,nan,nan,0,nan
20982.539,3,1,1,fixation,1,-0.9441245496273041,-0.37865376472473145,1,3.2480010986328125,1,-0.5464795165591769,-0.3645499348640442,1,3.3836669921875
20999.206,3,1,1,fixation,1,-0.9662056962649027,-0.3520776033401489,1,2.981536865234375,1,-0.5180676778157551,-0.3507487177848816,1,3.023681640625
21015.872,3,1,1,fixation,0,nan,nan,0,nan,0,nan,nan,0,nan
21032.538,3,1,1,fixation,1,-0.9517814583248562,-0.35576534271240234,1,3.2231292724609375,0,nan,nan,0,nan
21049.205,3,1,1,fixation,1,-0.9697052107916937,-0.34181106090545654,1,2.9973602294921875,1,-0.5167057249281142,-0.34847313165664673,1,3.0421600341796875
21065.871,3,1,1,fixation,0,nan,nan,0,nan,0,nan,nan,0,nan
21082.538,3,1,1,fixation,1,-0.9429445134268866,-0.3756290674209595,1,3.24017333984375,1,-0.5877738263871934,-0.34921514987945557,1,3.442108154296875
21099.205,3,1,1,fixation,1,-0.9655519856346978,-0.34573084115982056,1,3.0108795166015625,1,-0.5206400553385416,-0.3501279950141907,1,3.0603790283203125
21115.871,3,1,1,fixation,0,nan,nan,0,nan,0,nan,nan,0,nan
21132.538,3,1,1,fixation,1,-0.9585979183514912,-0.3658127784729004,1,3.2324066162109375,0,nan,nan,0,nan
21149.205,3,1,1,fixation,1,-0.9653571049372355,-0.3519064784049988,1,3.0225372314453125,1,-0.5199339654710557,-0.3491358757019043,1,3.0738677978515625
21165.871,3,1,1,fixation,0,nan,nan,0,nan,0,nan,nan,0,nan
21182.538,3,1,1,fixation,1,-0.9523125092188517,-0.3716146945953369,1,3.27374267578125,1,-0.5457762347327338,-0.3834741711616516,1,3.478790283203125
21199.205,3,1,1,fixation,1,-0.9593314462237887,-0.34851670265197754,1,3.0308380126953125,1,-0.5183575683169894,-0.3498893976211548,1,3.089752197265625
21215.871,3,1,1,fixation,0,nan,nan,0,nan,0,nan,nan,0,nan
21232.537,3,1,1,fixation,1,-0.9489608274565802,-0.3596952557563782,1,3.2865753173828125,1,-0.5307376384735107,-0.3570268154144287,1,3.379547119140625
21249.204,3,1,1,fixation,1,-0.960245390733083,-0.35220009088516235,1,3.04241943359375,1,-0.5137864483727349,-0.3477967381477356,1,3.0899658203125
21265.87,3,1,1,fixation,0,nan,nan,0,nan,0,nan,nan,0,nan
21282.537,3,1,1,fixation,1,-0.970020572344462,-0.3595202565193176,1,3.302947998046875,1,-0.5471370220184326,-0.3549620509147644,1,3.4399566650390625
21299.204,3,1,1,fixation,1,-0.9628216094440883,-0.3511308431625366,1,3.0453643798828125,1,-0.5156275961134169,-0.3480002284049988,1,3.0918426513671875
21315.87,3,1,1,fixation,0,nan,nan,0,nan,0,nan,nan,0,nan
21332.537,3,1,1,fixation,1,-0.9513548149002923,-0.3585156202316284,1,3.2866668701171875,1,-0.5824722978803846,-0.3656342625617981,1,3.518157958984375
21349.204,3,1,1,fixation,1,-0.9656318028767903,-0.35099440813064575,1,3.0420684814453125,1,-0.5174615118238661,-0.3448731303215027,1,3.0857086181640625
21365.87,3,1,1,fixation,0,nan,nan,0,nan,0,nan,nan,0,nan
21382.537,3,1,1,fixation,1,-0.943252984020445,-0.3636692762374878,1,3.2830963134765625,1,-0.5389170911577013,-0.3545820713043213,1,3.45513916015625
21399.204,3,1,1,fixation,1,-0.9659563567903307,-0.35138994455337524,1,3.02655029296875,1,-0.5141341156429714,-0.34896838665008545,1,3.0755157470703125
21415.87,3,1,1,fixation,0,nan,nan,0,nan,0,nan,nan,0,nan
21432.536,3,1,1,fixation,1,-0.9401526186201307,-0.3758126497268677,1,3.3032379150390625,1,-0.5213771131303575,-0.37444037199020386,1,3.36083984375
21449.203,3,1,1,fixation,1,-0.968705846203698,-0.3516939878463745,1,3.0004119873046875,1,-0.5153368049197726,-0.3478255867958069,1,3.0540313720703125
21465.869,3,1,1,fixation,0,nan,nan,0,nan,0,nan,nan,0,nan
21482.536,3,1,1,fixation,1,-0.9451483752992418,-0.36578845977783203,1,3.24322509765625,1,-0.4916014141506619,-0.3524214029312134,1,3.3293304443359375
21499.203,3,1,1,fixation,1,-0.9606742792659335,-0.34108221530914307,1,2.986602783203125,1,-0.5134375890096028,-0.34514033794403076,1,3.04241943359375
21515.869,3,1,1,fixation,0,nan,nan,0,nan,0,nan,nan,0,nan
21532.536,3,1,1,fixation,1,-0.9538832902908325,-0.36113691329956055,1,3.215240478515625,1,-0.49774935510423446,-0.3580937385559082,1,3.301239013671875
21549.203,3,1,1,fixation,1,-0.9652370082007513,-0.3485339283943176,1,2.9734344482421875,1,-0.5147728390163845,-0.3460880517959595,1,3.035552978515625
21565.869,3,1,1,fixation,0,nan,nan,0,nan,0,nan,nan,0,nan
21582.536,3,1,1,fixation,1,-0.9641419053077698,-0.35357367992401123,1,3.196533203125,1,-0.5134664641486274,-0.3590284585952759,1,3.2968597412109375
21599.203,3,1,1,fixation,1,-0.9560102621714274,-0.348305344581604,1,2.9762420654296875,1,-0.518528037601047,-0.3428516387939453,1,3.0352325439453125
21615.869,3,1,1,fixation,0,nan,nan,0,nan,0,nan,nan,0,nan
21632.535,3,1,1,fixation,1,-0.9512229230668809,-0.3675205707550049,1,3.2240142822265625,1,-0.5277031262715657,-0.36675870418548584,1,3.3939971923828125
21649.202,3,1,1,fixation,1,-0.9560617738299899,-0.33965158462524414,1,2.97479248046875,1,-0.512901226679484,-0.34486931562423706,1,3.0302276611328125
21665.868,3,1,1,fixation,0,nan,nan,0,nan,0,nan,nan,0,nan
21682.535,3,1,1,fixation,1,-0.9344467553827497,-0.3630066514015198,1,3.2814483642578125,1,-0.5383606751759846,-0.3550754189491272,1,3.3406219482421875
21699.202,3,1,1,fixation,1,-0.9585145314534504,-0.3427451252937317,1,2.972320556640625,1,-0.5184933874342177,-0.34643155336380005,1,3.0269622802734375
21715.868,3,1,1,fixation,0,nan,nan,0,nan,0,nan,nan,0,nan
21732.535,3,1,1,fixation,1,-0.9290466507275899,-0.39200854301452637,1,3.2783355712890625,1,-0.5161909792158339,-0.3525717258453369,1,3.3079833984375
21749.202,3,1,1,fixation,1,-0.9617856277359856,-0.3385833501815796,1,2.9658660888671875,1,-0.5191257264879015,-0.34332263469696045,1,3.0207977294921875
21765.868,3,1,1,fixation,0,nan,nan,0,nan,0,nan,nan,0,nan
21782.535,3,1,1,fixation,1,-0.9498738712734646,-0.36558425426483154,1,3.240447998046875,1,-0.5287067095438639,-0.35099416971206665,1,3.313079833984375
21799.202,3,1,1,fixation,1,-0.9601693153381348,-0.33625221252441406,1,2.96337890625,1,-0.5168486171298556,-0.347568154335022,1,3.018829345703125
21815.868,3,1,1,fixation,0,nan,nan,0,nan,0,nan,nan,0,nan
21832.534,3,1,1,fixation,1,-0.9520186450746324,-0.36290812492370605,1,3.2394561767578125,1,-0.5225390328301324,-0.35163378715515137,1,3.31243896484375
21849.201,3,1,1,fixation,1,-0.9567445715268452,-0.3460824489593506,1,2.9698944091796875,1,-0.5112522443135579,-0.34464776515960693,1,3.026214599609375
21865.867,3,1,1,fixation,0,nan,nan,0,nan,0,nan,nan,0,nan
21882.534,3,1,1,fixation,1,-0.9491175744268628,-0.3660404682159424,1,3.2465972900390625,1,-0.5070663028293185,-0.3531774878501892,1,3.2929840087890625
21899.201,3,1,1,stimulusMovement,1,-0.958450694878896,-0.3470933437347412,1,2.9862823486328125,1,-0.5160371992323134,-0.3435485363006592,1,3.039459228515625
21915.867,3,1,1,stimulusMovement,0,nan,nan,0,nan,0,nan,nan,0,nan
21932.534,3,1,1,stimulusMovement,1,-0.9571288360489739,-0.35820579528808594,1,3.263458251953125,1,-0.5559484693739148,-0.3518454432487488,1,3.402801513671875
21949.201,3,1,1,stimulusMovement,1,-0.9590622252888149,-0.3698155879974365,1,3.292510986328125,1,-0.5098689926995171,-0.3649110794067383,1,3.3221435546875
21965.867,3,1,1,stimulusMovement,1,-0.946565720770094,-0.35912811756134033,1,3.263519287109375,1,-0.5306178463829888,-0.3584405183792114,1,3.4109039306640625
21982.534,3,1,1,stimulusMovement,1,-0.9442301458782619,-0.3562183380126953,1,3.2510986328125,1,-0.5372310214572482,-0.3359195590019226,1,3.472259521484375
21999.201,3,1,1,stimulusMovement,1,-0.9475473629103766,-0.36556577682495117,1,3.2928009033203125,1,-0.559681389066908,-0.32366520166397095,1,3.509521484375
22015.867,3,1,1,stimulusMovement,1,-0.9364176789919535,-0.35412126779556274,1,3.2723541259765625,0,nan,nan,0,nan
22032.533,3,1,1,stimulusMovement,1,-0.9334687623712751,-0.3665928244590759,1,3.306121826171875,1,-0.5420746538374159,-0.3707752227783203,1,3.4955902099609375
22049.2,3,1,1,stimulusMovement,1,-0.9423925942844814,-0.365753173828125,1,3.2998504638671875,1,-0.5946329434712727,-0.35284876823425293,1,3.6070709228515625
22065.866,3,1,1,stimulusMovement,1,-0.9378811319669087,-0.3672863841056824,1,3.3303985595703125,0,nan,nan,0,nan
22082.533,3,1,1,stimulusMovement,1,-0.9482794735166761,-0.3708304762840271,1,3.3112945556640625,1,-0.5403788354661729,-0.37414872646331787,1,3.4608001708984375
22099.2,3,1,1,stimulusMovement,1,-0.9528333478503757,-0.3686349391937256,1,3.3652496337890625,1,-0.5433220068613688,-0.36975008249282837,1,3.4061737060546875
22115.866,3,1,1,stimulusMovement,1,-0.9616479476292927,-0.362074077129364,1,3.32952880859375,1,-0.533375687069363,-0.3710324764251709,1,3.4579620361328125
22132.533,3,1,1,stimulusMovement,1,-0.9577770365609063,-0.3720003366470337,1,3.3223419189453125,1,-0.5252976947360568,-0.35505807399749756,1,3.4880523681640625
22149.2,3,1,1,stimulusMovement,1,-0.9626723262998792,-0.3602104187011719,1,3.3177947998046875,1,-0.5502434836493598,-0.3870198726654053,1,3.45947265625
22165.866,3,1,1,stimulusMovement,1,-0.9519610338740878,-0.36600565910339355,1,3.3177337646484375,1,-0.523887210422092,-0.36573702096939087,1,3.408203125
22182.533,3,1,1,stimulusMovement,1,-0.9552778402964274,-0.36407411098480225,1,3.318115234375,1,-0.5211212635040283,-0.3899545669555664,1,3.4651336669921875
22199.2,3,1,1,stimulusMovement,1,-0.9553366369671291,-0.37600409984588623,1,3.335784912109375,1,-0.5408156712849934,-0.37761765718460083,1,3.402923583984375
22215.866,3,1,1,stimulusMovement,1,-0.9633908338016933,-0.3632161617279053,1,3.2900848388671875,1,-0.5439862410227457,-0.38739973306655884,1,3.445556640625
22232.532,3,1,1,stimulusMovement,1,-0.9540727602110968,-0.3667965531349182,1,3.2951202392578125,1,-0.5340779092576768,-0.38306212425231934,1,3.4163665771484375
22249.199,3,1,1,stimulusMovement,1,-0.9521200127071804,-0.370445191860199,1,3.310272216796875,1,-0.5595517158508301,-0.38587653636932373,1,3.4513092041015625
22265.865,3,1,1,stimulusMovement,1,-0.9532693160904778,-0.35019946098327637,1,3.2808380126953125,1,-0.5168062580956353,-0.3688693642616272,1,3.4140625
22282.532,3,1,1,stimulusMovement,1,-0.9680204656389024,-0.36814022064208984,1,3.338043212890625,1,-0.5260313616858588,-0.3662146329879761,1,3.3664398193359375
22299.199,3,1,1,stimulusMovement,1,-0.9508844084209865,-0.36157917976379395,1,3.297088623046875,1,-0.5385466151767306,-0.3738476037979126,1,3.3977508544921875
22315.865,3,1,1,stimulusMovement,1,-0.9510485198762682,-0.3744809627532959,1,3.3014984130859375,1,-0.5161642498440212,-0.3741934895515442,1,3.414215087890625
22332.532,3,1,1,stimulusMovement,1,-0.9512240555551317,-0.358623743057251,1,3.2451629638671875,1,-0.5466477076212565,-0.38673895597457886,1,3.4294586181640625
22349.199,3,1,1,stimulusMovement,1,-0.9456377956602308,-0.35886669158935547,1,3.264556884765625,1,-0.5285452206929524,-0.38291019201278687,1,3.386383056640625
22365.865,3,1,1,stimulusMovement,1,-0.9590442180633545,-0.37365269660949707,1,3.248321533203125,1,-0.5565386878119575,-0.37850284576416016,1,3.360382080078125
22382.532,3,1,1,stimulusMovement,1,-0.9619645012749566,-0.36395716667175293,1,3.22882080078125,1,-0.5486704243554009,-0.38572782278060913,1,3.3696136474609375
22399.199,3,1,1,stimulusMovement,1,-0.9588789674970838,-0.370064377784729,1,3.2224273681640625,1,-0.5495436191558838,-0.3795396089553833,1,3.319091796875
22415.865,3,1,1,stimulusMovement,1,-0.9347126550144619,-0.38069939613342285,1,3.258697509765625,1,-0.5448071426815456,-0.36930155754089355,1,3.336883544921875
22432.531,3,1,1,stimulusMovement,1,-0.9435099363327026,-0.3781932592391968,1,3.286529541015625,1,-0.5552401012844509,-0.3784526586532593,1,3.3626708984375
22449.198,3,1,1,stimulusMovement,1,-0.9452587101194593,-0.3703628182411194,1,3.272674560546875,1,-0.5525242487589518,-0.3924257159233093,1,3.427764892578125
22465.864,3,1,1,stimulusMovement,1,-0.9721777174207898,-0.38484668731689453,1,3.22796630859375,1,-0.5375964376661513,-0.37484753131866455,1,3.32177734375
22482.531,3,1,1,stimulusMovement,1,-0.9544465409384832,-0.38098078966140747,1,3.1954345703125,1,-0.5320672988891602,-0.3794898986816406,1,3.3171844482421875
22499.198,3,1,1,stimulusMovement,1,-0.9352968103355831,-0.37334293127059937,1,3.1828765869140625,1,-0.5498438941107856,-0.391155481338501,1,3.31787109375
22515.864,3,1,1,stimulusMovement,1,-0.9554047253396776,-0.36483216285705566,1,3.1483917236328125,1,-0.5519643889533149,-0.3812389373779297,1,3.319854736328125
22532.531,3,1,1,stimulusMovement,1,-0.9635178512997097,-0.3959140181541443,1,3.17559814453125,1,-0.5434018241034614,-0.3835427165031433,1,3.2863616943359375
22549.198,3,1,1,stimulusMovement,1,-0.9512250489658779,-0.3771485686302185,1,3.144012451171875,1,-0.5406940778096516,-0.37560415267944336,1,3.2577667236328125
22565.864,3,1,1,stimulusMovement,1,-0.9443512558937073,-0.4012511968612671,1,3.1657867431640625,1,-0.5328507953219943,-0.38093137741088867,1,3.249786376953125
22582.531,3,1,1,stimulusMovement,1,-0.9291820062531365,-0.3940305709838867,1,3.2073211669921875,1,-0.5376919110616047,-0.40011096000671387,1,3.297088623046875
22599.198,3,1,1,stimulusMovement,1,-0.9465248849656847,-0.38153523206710815,1,3.1275634765625,1,-0.5221389664543999,-0.366477370262146,1,3.2254180908203125
22615.864,3,1,1,stimulusMovement,1,-0.9288608233133951,-0.40155309438705444,1,3.161041259765625,1,-0.5243000984191895,-0.37779664993286133,1,3.1815338134765625
22632.53,3,1,1,stimulusMovement,1,-0.9566917220751444,-0.37210869789123535,1,3.0974884033203125,1,-0.5430435604519314,-0.389837384223938,1,3.2564849853515625
22649.197,3,1,1,stimulusMovement,1,-0.9283098445998297,-0.38870686292648315,1,3.1085205078125,1,-0.5231820212470161,-0.3766077756881714,1,3.1883544921875
22665.863,3,1,1,stimulusMovement,1,-0.9249865147802564,-0.3934556841850281,1,3.1000823974609375,1,-0.5237654315100776,-0.3727434277534485,1,3.1925201416015625
22682.53,3,1,1,stimulusMovement,1,-0.9373759859138064,-0.37360042333602905,1,3.06402587890625,1,-0.5353676478068033,-0.38753944635391235,1,3.180877685546875
22699.197,3,1,1,stimulusMovement,1,-0.9356749123997158,-0.39650464057922363,1,3.089813232421875,1,-0.5224409633212619,-0.392164945602417,1,3.18341064453125
22715.863,3,1,1,stimulusMovement,1,-0.9573558171590169,-0.38004881143569946,1,3.061614990234375,1,-0.56025054719713,-0.3924431800842285,1,3.1903839111328125
22732.53,3,1,1,stimulusMovement,1,-0.935227655702167,-0.3788803219795227,1,3.0676116943359375,1,-0.5522438155280219,-0.39161157608032227,1,3.1956939697265625
22749.197,3,1,1,stimulusMovement,1,-0.9478951692581177,-0.37692224979400635,1,3.0845184326171875,1,-0.5416502422756618,-0.3876582384109497,1,3.192657470703125
22765.863,3,1,1,stimulusMovement,1,-0.9391012522909375,-0.38257646560668945,1,3.0987091064453125,1,-0.5352422926161025,-0.3921821117401123,1,3.2367095947265625
22782.53,3,1,1,stimulusMovement,1,-0.9286554886235131,-0.39245593547821045,1,3.1167449951171875,1,-0.530092716217041,-0.3867695927619934,1,3.2282562255859375
22799.197,3,1,1,stimulusMovement,1,-0.9332566791110568,-0.38578397035598755,1,3.071441650390625,1,-0.5359681447347004,-0.39120519161224365,1,3.22125244140625
22815.862,3,1,1,stimulusMovement,1,-0.935839252339469,-0.36317259073257446,1,3.0712432861328125,1,-0.5340054829915364,-0.37629055976867676,1,3.16644287109375
22832.529,3,1,1,stimulusMovement,1,-0.9296422766314612,-0.3679385781288147,1,3.1021728515625,1,-0.5135879516601562,-0.380815327167511,1,3.265350341796875
22849.196,3,1,1,stimulusMovement,1,-0.9180577364232805,-0.3872917890548706,1,3.1180267333984375,1,-0.5177550845675998,-0.3855820298194885,1,3.250244140625
22865.862,3,1,1,stimulusMovement,1,-0.9217896527714199,-0.3917900323867798,1,3.13116455078125,1,-0.5354434384240044,-0.3962010145187378,1,3.223052978515625
22882.529,3,1,1,stimulusMovement,1,-0.9299359652731153,-0.3820880055427551,1,3.09942626953125,1,-0.535397900475396,-0.3733539581298828,1,3.2291412353515625
22899.196,3,1,1,stimulusMovement,1,-0.9402458833323584,-0.3644380569458008,1,3.0963592529296875,1,-0.522699409061008,-0.35371196269989014,1,3.220977783203125
22915.862,3,1,1,stimulusMovement,1,-0.9486159947183397,-0.3776209354400635,1,3.1341094970703125,1,-0.5162876447041829,-0.3998682498931885,1,3.32232666015625
22932.529,3,1,1,stimulusMovement,1,-0.9267657001813252,-0.3736892342567444,1,3.13720703125,1,-0.5133631759219699,-0.36744433641433716,1,3.2749481201171875
22949.196,3,1,1,stimulusMovement,1,-0.9336735208829243,-0.37363332509994507,1,3.174346923828125,1,-0.536757230758667,-0.38983476161956787,1,3.3066864013671875
22965.862,3,1,1,stimulusMovement,1,-0.9338672690921359,-0.3808169960975647,1,3.1728973388671875,1,-0.5301900704701741,-0.3715910315513611,1,3.2770233154296875
22982.529,3,1,1,stimulusMovement,1,-0.9297610819339752,-0.3822755813598633,1,3.2103729248046875,1,-0.5380703873104519,-0.37659305334091187,1,3.261566162109375
22999.196,3,1,1,stimulusMovement,1,-0.9324668546517689,-0.37946468591690063,1,3.199859619140625,1,-0.5336952209472656,-0.37870538234710693,1,3.278564453125
23015.861,3,1,1,stimulusMovement,1,-0.9582275682025485,-0.3845362663269043,1,3.1984710693359375,1,-0.5132009983062744,-0.38402998447418213,1,3.3043975830078125
23032.528,3,1,1,stimulusMovement,1,-0.9443431794643402,-0.3805549740791321,1,3.179046630859375,1,-0.530788951449924,-0.3697298765182495,1,3.279510498046875
23049.195,3,1,1,stimulusMovement,1,-0.9637820654445224,-0.3733532428741455,1,3.1784210205078125,1,-0.557879262500339,-0.3645760416984558,1,3.3034515380859375
23065.861,3,1,1,stimulusMovement,1,-0.9401722914642757,-0.36624884605407715,1,3.1461944580078125,0,nan,nan,0,nan
23082.528,3,1,1,stimulusMovement,1,-0.9387975368234845,-0.37186217308044434,1,3.1790618896484375,0,nan,nan,0,nan
23099.195,3,1,1,stimulusMovement,1,-0.9492303199238247,-0.3774162530899048,1,3.18377685546875,1,-0.533489015367296,-0.37750905752182007,1,3.306121826171875
23115.861,3,1,1,stimulusMovement,1,-0.9338730937904781,-0.3735821843147278,1,3.1663360595703125,1,-0.5396688249376085,-0.3642786145210266,1,3.2918701171875
23132.528,3,1,1,stimulusMovement,1,-0.9572036133872137,-0.36942100524902344,1,3.2194061279296875,1,-0.534128983815511,-0.36548304557800293,1,3.29388427734375
23149.195,3,1,1,stimulusMovement,1,-0.9161789019902546,-0.37808507680892944,1,3.2681884765625,1,-0.5311027632819282,-0.3661789894104004,1,3.31561279296875
23165.861,3,1,1,stimulusMovement,1,-0.9444099101755353,-0.36810100078582764,1,3.16290283203125,1,-0.5445144971211751,-0.3769828677177429,1,3.3259735107421875
23182.528,3,1,1,stimulusMovement,1,-0.9576598935657077,-0.3729517459869385,1,3.1824493408203125,1,-0.5402907795376247,-0.3641228675842285,1,3.293304443359375
23199.195,3,1,1,stimulusMovement,1,-0.9432869652907053,-0.3771972060203552,1,3.198028564453125,1,-0.5353635417090522,-0.373279333114624,1,3.340911865234375
23215.86,3,1,1,stimulusMovement,1,-0.9444044762187533,-0.3701322674751282,1,3.1782684326171875,1,-0.536398622724745,-0.3875190019607544,1,3.312591552734375
23232.527,3,1,1,stimulusMovement,1,-0.9622992409600152,-0.37565428018569946,1,3.2548675537109375,1,-0.5455648634168837,-0.36190545558929443,1,3.34271240234375
23249.194,3,1,1,stimulusMovement,1,-0.9374207523134019,-0.3794434070587158,1,3.2000579833984375,1,-0.5243373976813422,-0.39079415798187256,1,3.37066650390625
23265.86,3,1,1,stimulusMovement,1,-0.9275869727134705,-0.38939452171325684,1,3.1915130615234375,1,-0.5336765713161892,-0.38141924142837524,1,3.33197021484375
23282.527,3,1,1,stimulusMovement,1,-0.9375190205044216,-0.3799934983253479,1,3.1913604736328125,1,-0.5415580007765028,-0.38458800315856934,1,3.35015869140625
23299.194,3,1,1,stimulusMovement,1,-0.9408950772550371,-0.3809155225753784,1,3.1696319580078125,1,-0.5270425743526882,-0.3924301862716675,1,3.3369293212890625
23315.86,3,1,1,stimulusMovement,1,-0.9461877412266201,-0.3798544406890869,1,3.19580078125,1,-0.5287713209788004,-0.3899022936820984,1,3.3129730224609375
23332.527,3,1,1,stimulusMovement,1,-0.9371544586287603,-0.37205612659454346,1,3.1709136962890625,1,-0.520429770151774,-0.37141621112823486,1,3.3125762939453125
23349.194,3,1,1,stimulusMovement,1,-0.9231447478135426,-0.3641486167907715,1,3.210968017578125,0,nan,nan,0,nan
23365.86,3,1,1,stimulusMovement,1,-0.9227671523888905,-0.36653047800064087,1,3.156829833984375,1,-0.509577300813463,-0.3827251195907593,1,3.3360443115234375
23382.527,3,1,1,stimulusMovement,1,-0.9384360975689358,-0.3656672239303589,1,3.1965179443359375,1,-0.5065666569603814,-0.3761753439903259,1,3.3103485107421875
23399.194,3,1,1,stimulusMovement,1,-0.9347143835491604,-0.3712038993835449,1,3.1656341552734375,1,-0.5239320860968696,-0.3816109299659729,1,3.305511474609375
23415.859,3,1,1,stimulusMovement,1,-0.9272116389539506,-0.3796774744987488,1,3.195953369140625,0,nan,nan,0,nan
23432.526,3,1,1,stimulusMovement,1,-0.9353112412823571,-0.36779993772506714,1,3.1918182373046875,1,-0.49088019794887966,-0.3873642086982727,1,3.3023681640625
23449.193,3,1,1,stimulusMovement,1,-0.9509985579384698,-0.3691294193267822,1,3.17547607421875,1,-0.5103475517696804,-0.36869895458221436,1,3.2765350341796875
23465.859,3,1,1,stimulusMovement,1,-0.9421930346224042,-0.3689146041870117,1,3.16229248046875,1,-0.4980502128601074,-0.3800262212753296,1,3.3216552734375
23482.526,3,1,1,stimulusMovement,1,-0.9376464651690588,-0.37636250257492065,1,3.1867828369140625,1,-0.520371225145128,-0.38456904888153076,1,3.31475830078125
23499.193,3,1,1,stimulusMovement,1,-0.9462418622440761,-0.3653632402420044,1,3.157623291015625,1,-0.522305859459771,-0.39459699392318726,1,3.3035736083984375
23515.859,3,1,1,stimulusMovement,1,-0.9597806135813395,-0.3632410764694214,1,3.2266693115234375,1,-0.5046774281395806,-0.3761717677116394,1,3.2680816650390625
23532.526,3,1,1,stimulusMovement,1,-0.9276530179712507,-0.3699188232421875,1,3.19769287109375,1,-0.5147955947452121,-0.3611897826194763,1,3.2322540283203125
23549.193,3,1,1,stimulusMovement,1,-0.945568217171563,-0.36571645736694336,1,3.193603515625,1,-0.4929934077792697,-0.35101592540740967,1,3.2311248779296875
23565.859,3,1,1,stimulusMovement,1,-0.9494890570640564,-0.3716467022895813,1,3.17529296875,1,-0.5019763310750325,-0.35141175985336304,1,3.248779296875
23582.526,3,1,1,stimulusMovement,1,-0.9584305153952704,-0.3727375268936157,1,3.1948699951171875,1,-0.4899672402275933,-0.3787628412246704,1,3.294403076171875
23599.193,3,1,1,stimulusMovement,1,-0.9367688828044467,-0.37412190437316895,1,3.218780517578125,1,-0.4975955221388075,-0.37880003452301025,1,3.294830322265625
23615.858,3,1,1,stimulusMovement,1,-0.9531516896353827,-0.3747919201850891,1,3.173248291015625,1,-0.49972311655680335,-0.3759363889694214,1,3.303466796875
23632.525,3,1,1,stimulusMovement,1,-0.9268286824226379,-0.3746909499168396,1,3.232025146484375,1,-0.49040728145175505,-0.3790380358695984,1,3.2605743408203125
23649.192,3,1,1,stimulusMovement,1,-0.9459636741214328,-0.37735968828201294,1,3.1883697509765625,1,-0.4992312325371636,-0.3522852659225464,1,3.217376708984375
23665.858,3,1,1,stimulusMovement,1,-0.9281377659903631,-0.3782604932785034,1,3.244384765625,1,-0.48980800310770667,-0.3650091886520386,1,3.27691650390625
23682.525,3,1,1,stimulusMovement,1,-0.9445958534876505,-0.36660468578338623,1,3.1748809814453125,1,-0.48609383900960285,-0.3689103126525879,1,3.29119873046875
23699.192,3,1,1,stimulusMovement,1,-0.9302618470456865,-0.364358127117157,1,3.21337890625,1,-0.4920611116621229,-0.347128689289093,1,3.2519989013671875
23715.858,3,1,1,stimulusMovement,1,-0.9293215109242333,-0.3698193430900574,1,3.2291412353515625,1,-0.4846557511223687,-0.35245275497436523,1,3.2479248046875
23732.525,3,1,1,stimulusMovement,1,-0.9347823427783117,-0.3652116060256958,1,3.181427001953125,1,-0.4807664553324381,-0.363078773021698,1,3.255889892578125
23749.192,3,1,1,stimulusMovement,1,-0.9318619536028967,-0.3631376624107361,1,3.1666259765625,0,nan,nan,0,nan
23765.858,3,1,1,stimulusMovement,1,-0.9262540837128956,-0.36877381801605225,1,3.19390869140625,1,-0.4819927215576172,-0.36211323738098145,1,3.2428436279296875
23782.525,3,1,1,stimulusMovement,1,-0.9084890633821487,-0.35250139236450195,1,3.1725616455078125,1,-0.446668889787462,-0.3560847043991089,1,3.269805908203125
23799.192,3,1,1,stimulusMovement,1,-0.810622493426005,-0.2823421359062195,1,3.184783935546875,1,-0.3627153502570258,-0.274727463722229,1,3.2091217041015625
23815.857,3,1,1,stimulusMovement,1,-0.7696993615892198,-0.27471286058425903,1,3.169525146484375,1,-0.33133708106146914,-0.2784092426300049,1,3.216064453125
23832.524,3,1,1,stimulusMovement,1,-0.755902436044481,-0.27394622564315796,1,3.1433258056640625,1,-0.32609436247083873,-0.2712339162826538,1,3.187347412109375
23849.191,3,1,1,stimulusMovement,1,-0.7405058542887369,-0.28414344787597656,1,3.1613311767578125,1,-0.3286407258775499,-0.28043341636657715,1,3.233184814453125
23865.857,3,1,1,stimulusMovement,1,-0.735191822052002,-0.27816569805145264,1,3.1424713134765625,1,-0.3042154312133789,-0.2775905132293701,1,3.236083984375
23882.524,3,1,1,stimulusMovement,1,-0.7223219474156697,-0.2733168601989746,1,3.1399993896484375,1,-0.30661270353529185,-0.27750158309936523,1,3.2152557373046875
23899.191,3,1,1,stimulusMovement,1,-0.7280632389916314,-0.2917177081108093,1,3.18316650390625,1,-0.298265986972385,-0.2730056047439575,1,3.218292236328125
23915.857,3,1,1,stimulusMovement,1,-0.7308464580112033,-0.2778427004814148,1,3.1378936767578125,1,-0.29609383477105033,-0.26544487476348877,1,3.232330322265625
23932.524,3,1,1,stimulusMovement,1,-0.7059764597151014,-0.2790428400039673,1,3.125396728515625,1,-0.2938140233357747,-0.2817758321762085,1,3.246307373046875
23949.191,3,1,1,stimulusMovement,1,-0.7117507987552218,-0.2563096880912781,1,3.106292724609375,1,-0.2809565332200792,-0.26036137342453003,1,3.1756439208984375
23965.857,3,1,1,stimulusMovement,1,-0.6928532388475206,-0.2764688730239868,1,3.1457061767578125,1,-0.26113298204210067,-0.2574099898338318,1,3.1660003662109375
23982.524,3,1,1,stimulusMovement,1,-0.6913265387217203,-0.2718741297721863,1,3.155181884765625,1,-0.24324814478556314,-0.2551339268684387,1,3.204833984375
23999.191,3,1,1,stimulusMovement,1,-0.5968883302476671,-0.22846686840057373,1,3.2368621826171875,1,-0.16705894470214844,-0.1766371726989746,1,3.1743621826171875
24015.856,3,1,1,stimulusMovement,1,-0.5304009914398193,-0.14659881591796875,1,3.0850677490234375,1,-0.10979694790310329,-0.13298892974853516,1,3.1542510986328125
24032.523,3,1,1,stimulusMovement,1,-0.531876458062066,-0.16447067260742188,1,3.156768798828125,1,-0.12027443779839408,-0.14172065258026123,1,3.13494873046875
24049.19,3,1,1,stimulusMovement,1,-0.512466271718343,-0.15726089477539062,1,3.12518310546875,1,-0.08840910593668619,-0.14836251735687256,1,3.1988067626953125
24065.856,3,1,1,stimulusMovement,1,-0.5065055953131782,-0.1804487705230713,1,3.2038116455078125,1,-0.09261258443196614,-0.14873546361923218,1,3.1560821533203125
24082.523,3,1,1,stimulusMovement,1,-0.4911210536956787,-0.18720674514770508,1,3.1989898681640625,1,-0.08200867970784505,-0.13378971815109253,1,3.1350250244140625
24099.19,3,1,1,stimulusMovement,1,-0.4900236394670274,-0.15135657787322998,1,3.13177490234375,1,-0.07379362318250868,-0.13397711515426636,1,3.16424560546875
24115.856,3,1,1,stimulusMovement,1,-0.48556555642022026,-0.17347580194473267,1,3.2055206298828125,1,-0.06573555204603407,-0.12705117464065552,1,3.1167755126953125
24132.523,3,1,1,stimulusMovement,1,-0.4690390162997775,-0.14762598276138306,1,3.104278564453125,1,-0.04168584611680772,-0.14905202388763428,1,3.186004638671875
24149.19,3,1,1,stimulusMovement,1,-0.4568925963507758,-0.1636134386062622,1,3.164031982421875,1,-0.040494071112738714,-0.15270543098449707,1,3.1717376708984375
24165.856,3,1,1,stimulusMovement,1,-0.439388804965549,-0.14333957433700562,1,3.123931884765625,1,-0.03522120581732856,-0.14097875356674194,1,3.1453094482421875
24182.523,3,1,1,stimulusMovement,1,-0.4199344846937391,-0.1515597105026245,1,3.089019775390625,1,-0.008531570434570312,-0.1061474084854126,1,3.071197509765625
24199.19,3,1,1,stimulusMovement,1,-0.4153355492485894,-0.12649208307266235,1,3.0520477294921875,1,0.013153182135687932,-0.13744956254959106,1,3.1912384033203125
24215.855,3,1,1,stimulusMovement,1,-0.40354167090521914,-0.12843000888824463,1,3.028228759765625,1,0.0010289086235894097,-0.11670905351638794,1,3.08636474609375
24232.522,3,1,1,stimulusMovement,1,-0.3844583299424913,-0.13213706016540527,1,3.0414886474609375,1,0.01794571346706814,-0.14656507968902588,1,3.136993408203125
24249.189,3,1,1,stimulusMovement,1,-0.37487522761027015,-0.12198883295059204,1,2.9959869384765625,1,0.05094326866997612,-0.1248621940612793,1,3.1009674072265625
24265.855,3,1,1,stimulusMovement,1,-0.35743141174316406,-0.13469570875167847,1,3.037933349609375,1,0.054251564873589404,-0.11880266666412354,1,3.0205230712890625
24282.522,3,1,1,stimulusMovement,1,-0.33781936433580184,-0.08495759963989258,1,2.9811553955078125,1,0.06625207265218098,-0.09421592950820923,1,3.07489013671875
24299.189,3,1,1,stimulusMovement,1,-0.28765498267279727,0.009566724300384521,1,3.0039520263671875,1,0.1997120115492079,0.02357560396194458,1,3.034759521484375
24315.855,3,1,1,stimulusMovement,1,-0.2628595564100477,0.04780709743499756,1,2.95770263671875,1,0.2207010057237413,0.06624102592468262,1,2.9928741455078125
24332.522,3,1,1,stimulusMovement,1,-0.23919688330756292,0.02546951174736023,1,2.999481201171875,1,0.22752867804633245,0.05224362015724182,1,3.0428924560546875
24349.189,3,1,1,stimulusMovement,1,-0.21241172154744464,0.05046147108078003,1,2.906585693359375,1,0.2444881863064236,0.07254958152770996,1,3.0217437744140625
24365.855,3,1,1,stimulusMovement,1,-0.19130028618706596,0.047054171562194824,1,2.9286041259765625,1,0.25113995869954425,0.08283638954162598,1,3.019561767578125
24382.522,3,1,1,stimulusMovement,1,-0.11309994591606987,0.0105227530002594,1,3.0775146484375,1,0.27037090725368923,0.07159024477005005,1,2.9954376220703125
24399.189,3,1,1,stimulusMovement,1,-0.09793085522121853,0.035039305686950684,1,2.94952392578125,1,0.2762662039862739,0.08317193388938904,1,3.037261962890625
24415.854,3,1,1,stimulusMovement,1,-0.10804420047336154,0.05175298452377319,1,2.9439544677734375,1,0.2720598644680447,0.07295477390289307,1,2.999359130859375
24432.521,3,1,1,stimulusMovement,1,-0.11009173923068576,0.04574671387672424,1,2.98095703125,1,0.29087596469455296,0.09311935305595398,1,2.9624786376953125
24449.188,3,1,1,stimulusMovement,1,-0.09349960751003689,0.060604870319366455,1,2.8984375,1,0.29472128550211585,0.1151142418384552,1,3.0037384033203125
24465.854,3,1,1,stimulusMovement,1,-0.09950049718221028,0.06293141841888428,1,2.9138641357421875,1,0.2874986860487196,0.05685609579086304,1,3.099517822265625
24482.521,3,1,1,stimulusMovement,1,-0.08064291212293836,0.057666003704071045,1,2.921051025390625,1,0.3097407023111979,0.09639549255371094,1,2.99859619140625
24499.188,3,1,1,stimulusMovement,1,-0.0652423964606391,0.06484714150428772,1,2.97393798828125,1,0.3109315236409505,0.10315155982971191,1,2.9189300537109375
24515.854,3,1,1,stimulusMovement,1,-0.07853889465332031,0.06481784582138062,1,2.897125244140625,1,0.32000213199191624,0.11003342270851135,1,3.020294189453125
24532.521,3,1,1,stimulusMovement,1,-0.07008319430881076,0.04525300860404968,1,2.965576171875,1,0.32942432827419704,0.09985190629959106,1,2.949615478515625
24549.188,3,1,1,stimulusMovement,1,-0.07688172658284505,0.0681266188621521,1,2.8986053466796875,1,0.31564288669162327,0.101891428232193,1,2.9081878662109375
24565.854,3,1,1,stimulusMovement,1,-0.05284690856933594,0.060570091009140015,1,2.90887451171875,1,0.31056616041395396,0.07615551352500916,1,3.00048828125
24582.521,3,1,1,stimulusMovement,1,-0.05636771519978841,0.05640825629234314,1,2.8751373291015625,1,0.32293425665961367,0.10409653186798096,1,2.941925048828125
24599.188,3,1,1,stimulusMovement,1,-0.07286389668782552,0.0521082878112793,1,2.8934478759765625,1,0.31732728746202254,0.10133907198905945,1,2.9517974853515625
24615.853,3,1,1,stimulusMovement,1,-0.07447014914618598,0.07057496905326843,1,2.8833160400390625,1,0.30702781677246094,0.12688535451889038,1,2.90948486328125
24632.52,3,1,1,stimulusMovement,1,-0.08433267805311415,0.05264544486999512,1,2.8855133056640625,1,0.292136722140842,0.1069231927394867,1,2.952545166015625
24649.187,3,1,1,stimulusMovement,1,-0.2338671154446072,0.04891905188560486,1,2.8765106201171875,1,0.22917005750868055,0.09669703245162964,1,2.94775390625
24665.853,3,1,1,stimulusMovement,1,-0.23528846104939777,0.033491551876068115,1,2.89697265625,1,0.21969318389892578,0.09032487869262695,1,2.9595489501953125
24682.52,3,1,1,stimulusMovement,1,-0.24011156294080946,0.06926184892654419,1,2.83056640625,1,0.20740678575303817,0.07826527953147888,1,2.957794189453125
24699.187,3,1,1,stimulusMovement,1,-0.25666289859347874,0.05873289704322815,1,2.8515625,1,0.21446842617458767,0.08849143981933594,1,2.9154510498046875
24715.853,3,1,1,stimulusMovement,1,-0.24547788831922743,0.061911046504974365,1,2.826171875,1,0.21464474995930988,0.07541525363922119,1,2.9765472412109375
24732.52,3,1,1,stimulusMovement,1,-0.25067159864637584,0.06224614381790161,1,2.8434906005859375,1,0.2208569844563802,0.08441144227981567,1,2.9332122802734375
24749.187,3,1,1,stimulusMovement,1,-0.25581524107191295,0.06364160776138306,1,2.804901123046875,0,nan,nan,0,nan
24765.853,3,1,1,stimulusMovement,1,-0.26199764675564235,0.05801713466644287,1,2.8963623046875,1,0.20487234327528211,0.06715899705886841,1,2.9149169921875
24782.52,3,1,1,stimulusMovement,1,-0.2627709706624349,0.04714268445968628,1,2.9054718017578125,1,0.20594088236490884,0.08809050917625427,1,2.8812103271484375
24799.187,3,1,1,stimulusMovement,1,-0.2509397930569119,0.06665664911270142,1,2.833221435546875,1,0.2037149005466037,0.09753823280334473,1,2.8712005615234375
24815.852,3,1,1,stimulusMovement,1,-0.2578754954867893,0.052357614040374756,1,2.851837158203125,1,0.2033274968465169,0.09140855073928833,1,2.9433441162109375
24832.519,3,1,1,stimulusMovement,1,-0.25340096155802405,0.04940098524093628,1,2.8972320556640625,1,0.2001951005723741,0.07618656754493713,1,2.9384002685546875
24849.186,3,1,1,stimulusMovement,1,-0.2465605205959744,0.0529879629611969,1,2.9147491455078125,1,0.22968769073486328,0.0821075439453125,1,2.991180419921875
24865.852,3,1,1,stimulusMovement,1,-0.21786838107638887,0.08885592222213745,1,2.8744354248046875,1,0.23812813229031032,0.10642868280410767,1,3.0021514892578125
24882.519,3,1,1,stimulusMovement,1,-0.20753102832370332,0.09131309390068054,1,2.8658447265625,1,0.243459595574273,0.11239379644393921,1,2.9732208251953125
24899.186,3,1,1,stimulusMovement,1,-0.21886147393120658,0.09318435192108154,1,2.87384033203125,0,nan,nan,0,nan
24915.852,3,1,1,stimulusMovement,1,-0.20723851521809894,0.09195679426193237,1,2.9243927001953125,0,nan,nan,0,nan
24932.519,3,1,1,stimulusMovement,1,-0.22217782338460285,0.10332620143890381,1,2.9356231689453125,0,nan,nan,0,nan
24949.186,3,1,1,stimulusMovement,1,-0.23047902848985458,0.06264704465866089,1,2.997528076171875,1,0.25384288363986546,0.12002354860305786,1,3.015869140625
24965.852,3,1,1,stimulusMovement,1,-0.20404985215928817,0.08745419979095459,1,2.9063262939453125,1,0.25188912285698783,0.09448283910751343,1,3.0471038818359375
24982.519,3,1,1,stimulusMovement,1,-0.20742903815375432,0.07929578423500061,1,2.945556640625,1,0.253429200914171,0.10556191205978394,1,3.0571746826171875
24999.186,3,1,1,stimulusMovement,1,-0.2210193739997016,0.042743802070617676,1,3.0622406005859375,1,0.2532912360297309,0.11274108290672302,1,3.0564727783203125
25015.851,3,1,1,stimulusMovement,1,-0.22548786799112955,0.09137797355651855,1,2.985137939453125,1,0.24281692504882812,0.11925631761550903,1,3.0985107421875
25032.518,3,1,1,stimulusMovement,1,-0.22060648600260416,0.08861556649208069,1,2.9733734130859375,0,nan,nan,0,nan
25049.185,3,1,1,stimulusMovement,1,-0.2073139084710015,0.05913817882537842,1,2.9742431640625,1,0.2541419135199653,0.12911373376846313,1,3.0843505859375
25065.851,3,1,1,stimulusMovement,1,-0.24162811703152126,0.04905247688293457,1,3.1108551025390625,1,0.23409536149766708,0.08040645718574524,1,3.221527099609375
25082.518,3,1,1,stimulusMovement,1,-0.22106350792778862,0.09444734454154968,1,2.971923828125,1,0.23848798539903426,0.10350427031517029,1,3.1139678955078125
25099.185,3,1,1,stimulusMovement,1,-0.20542452070448133,0.06700152158737183,1,3.0255126953125,1,0.2308916515774197,0.10932189226150513,1,3.064361572265625
25115.851,3,1,1,stimulusMovement,1,-0.22182231479220918,0.03702300786972046,1,3.0425872802734375,1,0.24221971299913192,0.08960562944412231,1,3.0484161376953125
25132.518,3,1,1,stimulusMovement,1,-0.2215489281548394,0.04766947031021118,1,3.0217742919921875,1,0.23025131225585938,0.09870034456253052,1,3.0964508056640625
25149.185,3,1,1,stimulusMovement,1,-0.20177284876505533,0.06354361772537231,1,2.9880523681640625,1,0.26355213589138454,0.0574793815612793,1,3.1781158447265625
25165.851,3,1,1,stimulusMovement,1,-0.19468042585584852,0.06432127952575684,1,2.9474029541015625,1,0.24597591824001735,0.08766672015190125,1,3.056396484375
25182.518,3,1,1,stimulusMovement,1,-0.21045038435194227,0.05648183822631836,1,2.973541259765625,1,0.24393982357449,0.07623791694641113,1,3.0643310546875
25199.185,3,1,1,stimulusMovement,1,-0.21065420574612087,0.04778552055358887,1,2.986572265625,1,0.24275843302408853,0.10267618298530579,1,3.0887298583984375
25215.85,3,1,1,stimulusMovement,1,-0.2114903661939833,0.06357669830322266,1,2.939544677734375,1,0.24917284647623697,0.08373266458511353,1,3.0908050537109375
25232.517,3,1,1,stimulusMovement,1,-0.2206688986884223,0.060290396213531494,1,2.98919677734375,0,nan,nan,0,nan
25249.184,3,1,1,stimulusMovement,1,-0.23100434409247503,0.048291683197021484,1,3.03179931640625,1,0.24771542019314235,0.08897984027862549,1,3.1092376708984375
25265.85,3,1,1,stimulusMovement,1,-0.20547914505004883,0.06142023205757141,1,2.964996337890625,1,0.2404884762234158,0.08180367946624756,1,3.15716552734375
25282.517,3,1,1,stimulusMovement,0,nan,nan,0,nan,1,0.2396498786078559,0.11097794771194458,1,3.1366119384765625
25299.184,3,1,1,stimulusMovement,1,-0.23196225696139863,0.0627167820930481,1,2.9970245361328125,1,0.24867704179551864,0.09549775719642639,1,3.0818328857421875
25315.851,3,1,1,stimulusMovement,1,-0.2267749574449327,0.06702446937561035,1,2.9830474853515625,1,0.24130609300401473,0.08826524019241333,1,3.1739654541015625
25332.518,3,1,1,stimulusMovement,1,-0.22234614690144855,0.05066213011741638,1,3.0474090576171875,1,0.23762936062282985,0.07636129856109619,1,3.1319732666015625
25349.185,3,1,1,stimulusMovement,1,-0.23166857825385198,0.05533629655838013,1,3.05914306640625,1,0.24195045895046657,0.09817254543304443,1,3.129669189453125
25365.851,3,1,1,stimulusMovement,1,-0.23037168714735243,0.06504657864570618,1,3.046875,0,nan,nan,0,nan
25382.518,3,1,1,stimulusMovement,1,-0.22024080488416883,0.03825777769088745,1,3.0681610107421875,1,0.24085892571343315,0.09119898080825806,1,3.139312744140625
25399.185,3,1,1,stimulusMovement,1,-0.23701614803738064,0.06274127960205078,1,3.037384033203125,1,0.2423553466796875,0.0724443793296814,1,3.1803131103515625
25415.85,3,1,1,stimulusMovement,1,-0.21236933602227104,0.06595790386199951,1,3.022735595703125,1,0.24124166700575086,0.07440200448036194,1,3.1201934814453125
25432.518,3,1,1,stimulusMovement,1,-0.2193397945827908,0.06372725963592529,1,3.0268402099609375,0,nan,nan,0,nan
25449.185,3,1,1,stimulusMovement,1,-0.23202604717678493,0.06308168172836304,1,3.02581787109375,1,0.24215242597791883,0.08464431762695312,1,3.11712646484375
25465.851,3,1,1,stimulusMovement,1,-0.22863758934868705,0.032694727182388306,1,3.0966033935546875,0,nan,nan,0,nan
25482.518,3,1,1,stimulusMovement,1,-0.22059181001451278,0.04955017566680908,1,3.0454559326171875,1,0.23821279737684461,0.09136053919792175,1,3.1011505126953125
25499.185,3,1,1,stimulusMovement,1,-0.224476072523329,0.055066078901290894,1,3.0301055908203125,1,0.23394637637668184,0.09031689167022705,1,3.1245880126953125
25515.851,3,1,1,stimulusMovement,1,-0.20806275473700628,0.06750953197479248,1,2.986236572265625,1,0.23300319247775605,0.08346891403198242,1,3.1418304443359375
25532.518,3,1,1,stimulusMovement,1,-0.2246281835767958,0.06393837928771973,1,2.9942779541015625,1,0.23663637373182508,0.093618243932724,1,3.113311767578125
25549.186,3,1,1,stimulusMovement,1,-0.21198956171671549,0.05554020404815674,1,3.0117340087890625,1,0.23520872328016493,0.11513715982437134,1,3.134185791015625
25565.852,3,1,1,stimulusMovement,1,-0.20690520604451496,0.04511106014251709,1,3.0940399169921875,1,0.23203341166178384,0.11033886671066284,1,3.124755859375
25582.519,3,1,1,stimulusMovement,1,-0.2187176810370551,0.0638270378112793,1,3.1051483154296875,1,0.2440821329752604,0.12142956256866455,1,3.1676483154296875
25599.186,3,1,1,stimulusMovement,1,-0.19966840744018555,0.06693381071090698,1,3.0525665283203125,1,0.2689306471082899,0.11778485774993896,1,3.2251129150390625
25615.851,3,1,1,stimulusMovement,1,-0.18843004438612196,0.0804307758808136,1,3.0477142333984375,1,0.23899639977349174,0.07661253213882446,1,3.331787109375
25632.518,3,1,1,stimulusMovement,1,-0.2086044947306315,0.07013165950775146,1,3.1082305908203125,1,0.25610923767089844,0.10987144708633423,1,3.1802520751953125
25649.186,3,1,1,stimulusMovement,1,-0.1983611848619249,0.060010433197021484,1,3.0927276611328125,1,0.23838265736897785,0.10804527997970581,1,3.1534881591796875
25665.852,3,1,1,stimulusMovement,1,-0.20166714986165363,0.05357503890991211,1,3.1043548583984375,1,0.27482159932454425,0.1152106523513794,1,3.2589263916015625
25682.519,3,1,1,stimulusMovement,1,-0.19684463077121309,0.08682507276535034,1,3.0744781494140625,1,0.24631277720133463,0.09031862020492554,1,3.1935882568359375
25699.186,3,1,1,stimulusMovement,1,-0.20347854826185438,0.05834007263183594,1,3.071136474609375,1,0.24281671312120223,0.10048770904541016,1,3.1485748291015625
25715.852,3,1,1,stimulusMovement,1,-0.2036192152235243,0.0632987916469574,1,3.1365509033203125,1,0.25606134202745223,0.11414307355880737,1,3.1743011474609375
25732.519,3,1,1,stimulusMovement,1,-0.19657018449571395,0.07645460963249207,1,3.0860137939453125,1,0.2480958302815755,0.09679371118545532,1,3.1969451904296875
25749.186,3,1,1,stimulusMovement,1,-0.20116684171888563,0.06695067882537842,1,3.1346282958984375,1,0.25143199496799046,0.12422105669975281,1,3.20440673828125
25765.853,3,1,1,stimulusMovement,1,-0.22478357950846353,0.04579973220825195,1,3.20361328125,1,0.2471889919704861,0.09942814707756042,1,3.2295684814453125
25782.52,3,1,1,stimulusMovement,1,-0.20461098353068033,0.07007777690887451,1,3.076202392578125,1,0.2444371117485894,0.11227014660835266,1,3.1762237548828125
25799.187,3,1,1,stimulusMovement,1,-0.18674691518147785,0.07815486192703247,1,3.056610107421875,1,0.2513333426581489,0.11344575881958008,1,3.2118377685546875
25815.852,3,1,1,stimulusMovement,1,-0.19576284620496961,0.08059731125831604,1,3.083709716796875,1,0.23772896660698783,0.09658953547477722,1,3.228546142578125
25832.519,3,1,1,stimulusMovement,1,-0.19251505533854166,0.08118605613708496,1,3.099029541015625,1,0.241471078660753,0.11232617497444153,1,3.1942901611328125
25849.186,3,1,1,stimulusMovement,1,-0.21174854702419704,0.06298226118087769,1,3.0978851318359375,1,0.24526129828559026,0.11743772029876709,1,3.228118896484375
25865.852,3,1,1,fixation,1,-0.20021841261121961,0.07823356986045837,1,3.106903076171875,1,0.2399264441596137,0.12311309576034546,1,3.1619415283203125
25882.52,3,1,1,fixation,1,-0.21408361858791775,0.10169234871864319,1,3.04669189453125,0,nan,nan,0,nan
25899.187,3,1,1,fixation,1,-0.16111940807766384,0.04617494344711304,1,2.8675994873046875,1,0.23160065544976127,0.04314786195755005,1,2.9450531005859375
25915.853,3,1,1,fixation,1,-0.20056533813476562,0.04909169673919678,1,2.8800048828125,1,0.18371094597710502,0.054612815380096436,1,2.931732177734375
25932.52,3,1,1,fixation,0,nan,nan,0,nan,0,nan,nan,0,nan
25949.187,3,1,1,fixation,1,-0.2254314422607422,0.08693796396255493,1,3.111541748046875,1,0.23223453097873262,0.10225296020507812,1,3.1923828125
25965.853,3,1,1,fixation,1,-0.16537385516696504,0.050058990716934204,1,2.8689422607421875,1,0.22562938266330293,0.05115342140197754,1,2.9452362060546875
25982.52,3,1,1,fixation,1,-0.20398886998494464,0.05839872360229492,1,2.87896728515625,1,0.18273671468098956,0.05846911668777466,1,2.9346923828125
25999.188,3,1,1,fixation,0,nan,nan,0,nan,0,nan,nan,0,nan
26015.854,3,1,1,fixation,1,-0.22071923149956596,0.0688905119895935,1,3.084808349609375,1,0.24155298868815103,0.10842013359069824,1,3.233551025390625
26032.52,3,1,1,fixation,1,-0.16620074378119573,0.05205616354942322,1,2.8737030029296875,1,0.22913106282552081,0.04961752891540527,1,2.9551849365234375
26049.187,3,1,1,fixation,1,-0.2016514672173394,0.054520368576049805,1,2.884490966796875,1,0.18341806199815539,0.0561487078666687,1,2.938873291015625
26065.853,3,1,1,fixation,0,nan,nan,0,nan,0,nan,nan,0,nan
26082.521,3,1,1,fixation,0,nan,nan,0,nan,1,0.22438346015082464,0.0960034430027008,1,3.1961822509765625
26099.188,3,1,1,fixation,1,-0.16672049628363714,0.05308574438095093,1,2.887054443359375,1,0.22528288099500868,0.052987635135650635,1,2.956268310546875
26115.854,3,1,1,fixation,1,-0.20319398244222003,0.054427266120910645,1,2.8979949951171875,1,0.18157535129123262,0.05423137545585632,1,2.9473419189453125
26132.521,3,1,1,fixation,0,nan,nan,0,nan,0,nan,nan,0,nan
26149.188,3,1,1,fixation,1,-0.2239591810438368,0.09585273265838623,1,3.082611083984375,1,0.23442130618625215,0.10983610153198242,1,3.19110107421875
26165.854,3,1,1,fixation,1,-0.16571097903781465,0.05569598078727722,1,2.900177001953125,1,0.22709825303819442,0.05187565088272095,1,2.9723968505859375
26182.521,3,1,1,fixation,1,-0.20228566063774955,0.05163198709487915,1,2.9136962890625,1,0.18170462714301214,0.05385422706604004,1,2.9630584716796875
26199.188,3,1,1,fixation,0,nan,nan,0,nan,0,nan,nan,0,nan
26215.855,3,1,1,fixation,1,-0.21655665503607854,0.07879278063774109,1,3.1441650390625,1,0.24372567070855033,0.12012073397636414,1,3.2305755615234375
26232.521,3,1,1,fixation,1,-0.16499524646335176,0.054672181606292725,1,2.9235076904296875,1,0.22607654995388454,0.04791313409805298,1,2.987335205078125
26249.188,3,1,1,fixation,1,-0.2031179004245334,0.05135464668273926,1,2.9460601806640625,1,0.18216832478841144,0.054652512073516846,1,2.9841461181640625
26265.854,3,1,1,fixation,0,nan,nan,0,nan,0,nan,nan,0,nan
26282.521,3,1,1,fixation,1,-0.22022946675618488,0.092354416847229,1,3.161895751953125,1,0.23871813880072698,0.10060450434684753,1,3.2768402099609375
26299.188,3,1,1,fixation,1,-0.1642468770345052,0.048020511865615845,1,2.957763671875,1,0.2299150890774197,0.04554590582847595,1,3.0165557861328125
26315.855,3,1,1,fixation,1,-0.20646381378173828,0.05307823419570923,1,2.9739990234375,1,0.18627389272054035,0.05212634801864624,1,3.0117950439453125
26332.522,3,1,1,fixation,0,nan,nan,0,nan,0,nan,nan,0,nan
26349.189,3,1,1,fixation,1,-0.20705811182657877,0.09333032369613647,1,3.1890869140625,1,0.22501680586073133,0.10746955871582031,1,3.2685394287109375
26365.855,3,1,1,fixation,1,-0.16592009862263996,0.047996580600738525,1,2.9934539794921875,1,0.2296428680419922,0.04675966501235962,1,3.04736328125
26382.522,3,1,1,fixation,1,-0.20676093631320527,0.05274909734725952,1,3.0112152099609375,1,0.18396822611490884,0.0530814528465271,1,3.043701171875
26399.189,3,1,1,fixation,0,nan,nan,0,nan,0,nan,nan,0,nan
26415.856,3,1,1,fixation,1,-0.2300082312689887,0.0779990553855896,1,3.267578125,1,0.24064244164360893,0.08664581179618835,1,3.3307342529296875
26432.522,3,1,1,fixation,1,-0.16473393970065645,0.05017712712287903,1,3.031005859375,1,0.2313098907470703,0.05016002058982849,1,3.0824737548828125
26449.189,3,1,1,fixation,1,-0.20367225011189777,0.05041271448135376,1,3.0411834716796875,1,0.18560462527804902,0.05206561088562012,1,3.0780792236328125
26465.855,3,1,1,fixation,0,nan,nan,0,nan,0,nan,nan,0,nan
26482.522,3,1,1,fixation,1,-0.19654358757866752,0.06332230567932129,1,3.2397308349609375,1,0.2311087714301215,0.10144513845443726,1,3.321563720703125
26499.189,3,1,1,fixation,1,-0.16358057657877603,0.05437356233596802,1,3.0565338134765625,1,0.23364724053276908,0.045056939125061035,1,3.110931396484375
26515.855,3,1,1,fixation,1,-0.20517243279351127,0.047842979431152344,1,3.067901611328125,1,0.18579133351643878,0.050081998109817505,1,3.1067352294921875
26532.523,3,1,1,fixation,0,nan,nan,0,nan,0,nan,nan,0,nan
26549.19,3,1,1,fixation,1,-0.2166288163926866,0.07487639784812927,1,3.3173370361328125,1,0.24232694837782118,0.10949259996414185,1,3.3698883056640625
26565.856,3,1,1,fixation,1,-0.16596126556396484,0.05314406752586365,1,3.0701904296875,1,0.2289404339260525,0.05353623628616333,1,3.130126953125
26582.523,3,1,1,fixation,1,-0.20498243967692056,0.04847770929336548,1,3.0756378173828125,1,0.18652979532877603,0.04913780093193054,1,3.125640869140625
26599.19,3,1,1,fixation,0,nan,nan,0,nan,0,nan,nan,0,nan
26615.857,3,1,1,fixation,1,-0.2117071681552463,0.06399250030517578,1,3.307220458984375,1,0.23252444797092012,0.10212129354476929,1,3.365936279296875
26632.523,3,1,1,fixation,1,-0.16287570529513887,0.04942774772644043,1,3.0717315673828125,1,0.22266430324978298,0.05467432737350464,1,3.1388092041015625
26649.19,3,1,1,fixation,1,-0.2044385274251302,0.05223953723907471,1,3.0734405517578125,1,0.18468093872070312,0.0495227575302124,1,3.1278228759765625
26665.856,3,1,1,fixation,0,nan,nan,0,nan,0,nan,nan,0,nan
26682.523,3,1,1,fixation,1,-0.24930058585272893,0.08926910161972046,1,3.4905548095703125,1,0.2288360595703125,0.09165036678314209,1,3.3856964111328125
26699.19,3,1,1,fixation,1,-0.17062769995795354,0.04490432143211365,1,3.068115234375,1,0.221254030863444,0.05247056484222412,1,3.1257476806640625
26715.857,3,1,1,fixation,1,-0.21211857265896267,0.043115973472595215,1,3.0680389404296875,1,0.18443923526340059,0.053534090518951416,1,3.1101226806640625
26732.524,3,1,1,fixation,0,nan,nan,0,nan,0,nan,nan,0,nan
26749.191,3,1,1,fixation,1,-0.21551317638821071,0.07399535179138184,1,3.3089447021484375,1,0.2339842054578993,0.08722805976867676,1,3.344696044921875
26765.857,3,1,1,fixation,1,-0.16372145546807182,0.033388733863830566,1,3.052825927734375,1,0.21928024291992188,0.052218616008758545,1,3.1044464111328125
26782.524,3,1,1,fixation,1,-0.21109210120307073,0.04479879140853882,1,3.052825927734375,1,0.1804971694946289,0.049719274044036865,1,3.0911407470703125
26799.191,3,1,1,fixation,0,nan,nan,0,nan,0,nan,nan,0,nan
26815.858,3,1,1,fixation,1,-0.20442379845513237,0.0883704423904419,1,3.25762939453125,1,0.23805872599283853,0.08986583352088928,1,3.3403472900390625
26832.524,3,1,1,fixation,1,-0.17088858286539713,0.03954422473907471,1,3.0391998291015625,1,0.21844651963975692,0.05475553870201111,1,3.0837249755859375
26849.191,3,1,1,fixation,1,-0.2110664579603407,0.04050874710083008,1,3.0309295654296875,1,0.1814428965250651,0.05026179552078247,1,3.068817138671875
26865.857,3,1,1,fixation,0,nan,nan,0,nan,0,nan,nan,0,nan
26882.524,3,1,1,fixation,1,-0.22962077458699542,0.05104890465736389,1,3.2357177734375,1,0.24000973171657985,0.09377002716064453,1,3.3065643310546875
26899.191,3,1,1,fixation,1,-0.17179791132609049,0.04548412561416626,1,3.0044097900390625,1,0.21481217278374565,0.05500370264053345,1,3.0637054443359375
26915.857,3,1,1,fixation,1,-0.2177469465467665,0.042883217334747314,1,3.008209228515625,1,0.18420706854926214,0.050563037395477295,1,3.046783447265625
26932.525,3,1,1,fixation,0,nan,nan,0,nan,0,nan,nan,0,nan
26949.192,3,1,1,fixation,1,-0.23084571626451278,0.0831151008605957,1,3.1573944091796875,1,0.2192866007486979,0.08193522691726685,1,3.305694580078125
26965.858,3,1,1,fixation,1,-0.17175711525811088,0.03950762748718262,1,2.9863433837890625,1,0.2206215328640408,0.04696005582809448,1,3.0447235107421875
26982.525,3,1,1,fixation,1,-0.21593422359890407,0.04349076747894287,1,2.9895172119140625,1,0.18159103393554688,0.05091071128845215,1,3.029144287109375
26999.192,3,1,1,fixation,0,nan,nan,0,nan,0,nan,nan,0,nan
27015.859,3,1,1,fixation,1,-0.2275854746500651,0.07598668336868286,1,3.172576904296875,1,0.23054398430718315,0.09428092837333679,1,3.287261962890625
27032.525,3,1,1,fixation,1,-0.1752399338616265,0.044422537088394165,1,2.972686767578125,1,0.22502941555447048,0.04249304533004761,1,3.036834716796875
27049.192,3,1,1,fixation,1,-0.21716637081570095,0.04668450355529785,1,2.981048583984375,1,0.17950227525499132,0.046051204204559326,1,3.0260009765625
27065.858,3,1,1,fixation,0,nan,nan,0,nan,0,nan,nan,0,nan
27082.525,3,1,1,fixation,1,-0.2383871078491211,0.07652759552001953,1,3.193756103515625,1,0.22571775648328993,0.09076336026191711,1,3.2853240966796875
27099.192,3,1,1,fixation,1,-0.17661428451538086,0.04291370511054993,1,2.9788818359375,1,0.22342406378851995,0.04251450300216675,1,3.0444793701171875
27115.859,3,1,1,fixation,1,-0.21637429131401908,0.042809128761291504,1,2.994110107421875,1,0.17918544345431855,0.048102498054504395,1,3.041595458984375
27132.526,3,1,1,fixation,0,nan,nan,0,nan,0,nan,nan,0,nan
27149.193,3,1,1,fixation,1,-0.23179727130466035,0.05407041311264038,1,3.2348480224609375,1,0.23081737094455293,0.10570067167282104,1,3.30255126953125
27165.859,3,1,1,fixation,1,-0.17553239398532441,0.04616427421569824,1,3.007781982421875,1,0.21821117401123047,0.05282551050186157,1,3.07794189453125
27182.526,3,1,1,fixation,1,-0.215423583984375,0.04580116271972656,1,3.0212554931640625,1,0.17915577358669704,0.046715497970581055,1,3.0796051025390625
27199.193,3,1,1,fixation,0,nan,nan,0,nan,0,nan,nan,0,nan
27215.86,3,1,1,fixation,1,-0.23109828101264104,0.062032073736190796,1,3.2555084228515625,1,0.2229483922322591,0.09086674451828003,1,3.3549346923828125
27232.526,3,1,1,stimulusMovement,1,-0.17614740795559353,0.04307961463928223,1,3.05047607421875,1,0.21695115831163192,0.05272367596626282,1,3.1176300048828125
27249.193,3,1,1,stimulusMovement,0,nan,nan,0,nan,0,nan,nan,0,nan
27265.86,3,1,1,stimulusMovement,1,-0.22088416417439777,0.0758410096168518,1,3.297698974609375,1,0.23395919799804688,0.08629453182220459,1,3.4183349609375
27282.526,3,1,1,stimulusMovement,1,-0.24693902333577472,0.06837379932403564,1,3.3186492919921875,1,0.21904203626844618,0.10774755477905273,1,3.3914947509765625
27299.193,3,1,1,stimulusMovement,1,-0.2146627108256022,0.04292631149291992,1,3.3258514404296875,1,0.22928195529513887,0.11219891905784607,1,3.4063568115234375
27315.859,3,1,1,stimulusMovement,0,nan,nan,0,nan,1,0.2253966861300998,0.10833007097244263,1,3.4168701171875
27332.527,3,1,1,stimulusMovement,1,-0.2452909681532118,0.071595698595047,1,3.358612060546875,1,0.2314721213446723,0.11434394121170044,1,3.4149169921875
27349.194,3,1,1,stimulusMovement,1,-0.25402948591444224,0.04584163427352905,1,3.402862548828125,1,0.21207131279839408,0.09442585706710815,1,3.432373046875
27365.86,3,1,1,stimulusMovement,1,-0.24875217013888887,0.0463176965713501,1,3.4884490966796875,1,0.2412109375,0.11248427629470825,1,3.4821319580078125
27382.527,3,1,1,stimulusMovement,1,-0.2330183982849121,0.05143016576766968,1,3.3750152587890625,0,nan,nan,0,nan
27399.194,3,1,1,stimulusMovement,1,-0.24076790279812282,0.056981801986694336,1,3.421539306640625,1,0.24110253651936847,0.10001802444458008,1,3.493682861328125
27415.86,3,1,1,stimulusMovement,1,-0.23249223497178817,0.07199892401695251,1,3.3820648193359375,1,0.2368600633409288,0.1065027117729187,1,3.456695556640625
27432.527,3,1,1,stimulusMovement,1,-0.2412189377678765,0.05070015788078308,1,3.3852081298828125,1,0.23682159847683376,0.10899007320404053,1,3.4466552734375
27449.194,3,1,1,stimulusMovement,1,-0.2404623031616211,0.038432300090789795,1,3.4447021484375,1,0.22871017456054688,0.1143692135810852,1,3.4625244140625
27465.86,3,1,1,stimulusMovement,1,-0.23066880967881942,0.05399408936500549,1,3.414794921875,1,0.2389887703789605,0.0980367660522461,1,3.5077667236328125
27482.528,3,1,1,stimulusMovement,1,-0.23214562733968097,0.07234838604927063,1,3.40350341796875,0,nan,nan,0,nan
27499.194,3,1,1,stimulusMovement,1,-0.24318578508165145,0.049906134605407715,1,3.442962646484375,1,0.24715593126085067,0.08465424180030823,1,3.5058746337890625
27515.86,3,1,1,stimulusMovement,1,-0.24258528815375432,0.059176504611968994,1,3.3993072509765625,1,0.23217275407579208,0.10209491848945618,1,3.520843505859375
27532.528,3,1,1,stimulusMovement,1,-0.23609219657050237,0.0633678138256073,1,3.387115478515625,1,0.24295277065700954,0.10238438844680786,1,3.499237060546875
27549.195,3,1,1,stimulusMovement,1,-0.2461223602294922,0.056178510189056396,1,3.4058990478515625,1,0.24085828993055555,0.10995423793792725,1,3.5081634521484375
27565.861,3,1,1,stimulusMovement,0,nan,nan,0,nan,0,nan,nan,0,nan
27582.528,3,1,1,stimulusMovement,1,-0.23425266477796766,0.05798456072807312,1,3.4147186279296875,1,0.23846456739637586,0.09747472405433655,1,3.4859161376953125
27599.195,3,1,1,stimulusMovement,1,-0.23889891306559244,0.02688300609588623,1,3.427703857421875,1,0.24870003594292533,0.08414244651794434,1,3.5460968017578125
27615.861,3,1,1,stimulusMovement,1,-0.22774293687608504,0.056573182344436646,1,3.37872314453125,1,0.2377631929185655,0.10153043270111084,1,3.46771240234375
27632.528,3,1,1,stimulusMovement,1,-0.24887662463717988,0.06277233362197876,1,3.3974761962890625,0,nan,nan,0,nan
27649.195,3,1,1,stimulusMovement,1,-0.23449669943915472,0.05515122413635254,1,3.366973876953125,1,0.24724366929796004,0.10875546932220459,1,3.4285736083984375
27665.861,3,1,1,stimulusMovement,0,nan,nan,0,nan,1,0.24209033118353948,0.08697056770324707,1,3.4430999755859375
27682.528,3,1,1,stimulusMovement,1,-0.24273798200819227,0.044546693563461304,1,3.3447418212890625,1,0.24592547946506074,0.0998910665512085,1,3.425689697265625
27699.196,3,1,1,stimulusMovement,1,-0.23112063937717012,0.0597912073135376,1,3.30889892578125,0,nan,nan,0,nan
27715.862,3,1,1,stimulusMovement,1,-0.22915003034803602,0.05992797017097473,1,3.29119873046875,1,0.2350149154663086,0.10078555345535278,1,3.3708648681640625
27732.529,3,1,1,stimulusMovement,1,-0.2345847553677029,0.04664027690887451,1,3.3218994140625,1,0.23688793182373047,0.08634835481643677,1,3.3970184326171875
27749.196,3,1,1,stimulusMovement,1,-0.24207284715440536,0.035170018672943115,1,3.3163299560546875,1,0.24677742852105033,0.10170501470565796,1,3.353668212890625
27765.862,3,1,1,stimulusMovement,1,-0.24240403705173066,0.043581604957580566,1,3.285736083984375,1,0.2480945587158203,0.07532209157943726,1,3.40911865234375
27782.529,3,1,1,stimulusMovement,1,-0.23648802439371744,0.06482183933258057,1,3.252593994140625,1,0.24335013495551214,0.08573538064956665,1,3.348052978515625
27799.197,3,1,1,stimulusMovement,1,-0.24912924236721462,0.04014292359352112,1,3.31854248046875,1,0.26000531514485675,0.10472208261489868,1,3.3160400390625
27815.862,3,1,1,stimulusMovement,1,-0.24023045433892143,0.04059216380119324,1,3.2643890380859375,1,0.2471752166748047,0.10306370258331299,1,3.32647705078125
27832.529,3,1,1,stimulusMovement,1,-0.24424235026041666,0.05543333292007446,1,3.224761962890625,1,0.23453182644314235,0.10447472333908081,1,3.28167724609375
27849.196,3,1,1,stimulusMovement,1,-0.24172125922309026,0.06410574913024902,1,3.2322235107421875,1,0.24077680375840926,0.11132854223251343,1,3.288543701171875
27865.862,3,1,1,stimulusMovement,1,-0.2299565209282769,0.06881940364837646,1,3.1628570556640625,1,0.2345030042860243,0.11000055074691772,1,3.3108367919921875
27882.529,3,1,1,stimulusMovement,1,-0.23837418026394314,0.051880478858947754,1,3.2121429443359375,1,0.2436629401312934,0.1009485125541687,1,3.2442474365234375
27899.197,3,1,1,stimulusMovement,1,-0.2379876242743598,0.055810749530792236,1,3.1742095947265625,1,0.24716207716200086,0.11047953367233276,1,3.28302001953125
27915.863,3,1,1,stimulusMovement,1,-0.23179859585232204,0.056044310331344604,1,3.1904144287109375,0,nan,nan,0,nan
27932.53,3,1,1,stimulusMovement,1,-0.23335001203748915,0.04671350121498108,1,3.174591064453125,1,0.23137410481770831,0.10350582003593445,1,3.2592926025390625
27949.197,3,1,1,stimulusMovement,1,-0.2201077143351237,0.04790443181991577,1,3.156951904296875,0,nan,nan,0,nan
27965.863,3,1,1,stimulusMovement,1,-0.22077878316243488,0.060157716274261475,1,3.117889404296875,1,0.20479467180040145,0.08976560831069946,1,3.2690887451171875
27982.53,3,1,1,stimulusMovement,1,-0.22253619299994573,0.039588868618011475,1,3.18658447265625,1,0.24754269917805988,0.09370353817939758,1,3.1959381103515625
27999.197,3,1,1,stimulusMovement,1,-0.22930346594916448,0.06021437048912048,1,3.1364898681640625,1,0.2430978351169162,0.10136708617210388,1,3.2448883056640625
28015.863,3,1,1,stimulusMovement,1,-0.23635503980848524,0.06068611145019531,1,3.09307861328125,1,0.23437394036187065,0.09063947200775146,1,3.1810302734375
28032.53,3,1,1,stimulusMovement,1,-0.23209895028008354,0.025723814964294434,1,3.185211181640625,1,0.25896602206759983,0.08163043856620789,1,3.2999420166015625
28049.198,3,1,1,stimulusMovement,1,-0.22418636745876735,0.04952290654182434,1,3.1065673828125,1,0.24632793002658418,0.06713348627090454,1,3.170623779296875
28065.864,3,1,1,stimulusMovement,1,-0.21550634172227645,0.040138959884643555,1,3.1247100830078125,1,0.2519393497043186,0.09202325344085693,1,3.14031982421875
28082.531,3,1,1,stimulusMovement,1,-0.23873864279852972,0.01486361026763916,1,3.19866943359375,1,0.24347559611002603,0.08531051874160767,1,3.174652099609375
28099.198,3,1,1,stimulusMovement,1,-0.23728677961561415,0.0630711019039154,1,3.1097564697265625,1,0.24843173556857637,0.07253402471542358,1,3.1687164306640625
28115.864,3,1,1,stimulusMovement,1,-0.23527643415662977,0.05676940083503723,1,3.1029510498046875,1,0.2340518103705512,0.08029824495315552,1,3.1963958740234375
28132.531,3,1,1,stimulusMovement,1,-0.2387549082438151,0.03397834300994873,1,3.1056365966796875,1,0.24846087561713323,0.07750934362411499,1,3.1567840576171875
28149.199,3,1,1,stimulusMovement,1,-0.2286754184299045,0.05585363507270813,1,3.066741943359375,1,0.3105568355984158,0.0845521092414856,1,3.29150390625
28165.865,3,1,1,stimulusMovement,1,-0.24469470977783203,0.04210168123245239,1,3.0756378173828125,1,0.24191135830349392,0.0817410945892334,1,3.129852294921875
28182.531,3,1,1,stimulusMovement,1,-0.2521151966518826,0.0509776771068573,1,3.0920562744140625,1,0.24264812469482422,0.09374704957008362,1,3.1313323974609375
28199.198,3,1,1,stimulusMovement,1,-0.2310567431979709,0.059950172901153564,1,3.0173492431640625,1,0.2508615917629666,0.06844520568847656,1,3.0990447998046875
28215.864,3,1,1,stimulusMovement,1,-0.24477163950602213,0.05479949712753296,1,3.0532684326171875,1,0.2471946080525716,0.06635493040084839,1,3.10931396484375
28232.531,3,1,1,stimulusMovement,1,-0.23150926166110566,0.039090871810913086,1,3.0763092041015625,1,0.24178197648790145,0.08326113224029541,1,3.0902099609375
28249.198,3,1,1,stimulusMovement,1,-0.2428645028008355,0.0382004976272583,1,3.06072998046875,1,0.25252787272135413,0.06544357538223267,1,3.1012115478515625
28265.865,3,1,1,stimulusMovement,1,-0.22961711883544922,0.04170304536819458,1,3.0541839599609375,1,0.24212222629123262,0.07022777199745178,1,3.109344482421875
28282.532,3,1,1,stimulusMovement,1,-0.23638937208387586,0.03694382309913635,1,3.0608062744140625,1,0.2471488316853841,0.05931869149208069,1,3.1371002197265625
28299.199,3,1,1,stimulusMovement,1,-0.24512041939629448,0.029789775609970093,1,3.081268310546875,1,0.23742421468098956,0.07112336158752441,1,3.179107666015625
28315.865,3,1,1,stimulusMovement,1,-0.23619111378987628,0.021030426025390625,1,3.078765869140625,1,0.2502111858791775,0.07607695460319519,1,3.1052093505859375
28332.532,3,1,1,stimulusMovement,1,-0.23753134409586588,0.03360486030578613,1,3.0661773681640625,1,0.24531449211968315,0.05740076303482056,1,3.15399169921875
28349.199,3,1,1,stimulusMovement,1,-0.23910172780354816,0.028426051139831543,1,3.0611724853515625,1,0.24474122789171004,0.05718529224395752,1,3.1633148193359375
28365.866,3,1,1,stimulusMovement,1,-0.24705621931287977,0.008357107639312744,1,3.1295623779296875,1,0.24412875705295137,0.052625298500061035,1,3.134979248046875
28382.533,3,1,1,stimulusMovement,1,-0.28508207533094615,-0.1524447202682495,1,3.0359344482421875,1,0.2002669440375434,-0.14788055419921875,1,3.1152801513671875
28399.2,3,1,1,stimulusMovement,1,-0.31408214569091797,-0.3128475546836853,1,3.0159759521484375,1,0.09346580505371094,-0.34062880277633667,1,3.1539154052734375
28415.866,3,1,1,stimulusMovement,1,-0.33291371663411456,-0.32198071479797363,1,3.09222412109375,1,0.08869870503743489,-0.3278891444206238,1,3.1300201416015625
28432.533,3,1,1,stimulusMovement,1,-0.3567904366387261,-0.3401808738708496,1,3.1164703369140625,1,0.20093907250298393,-0.31911295652389526,1,3.1591796875
28449.2,3,1,1,stimulusMovement,1,-0.3391939798990885,-0.3083399534225464,1,3.06463623046875,1,0.20166884528266057,-0.3338061571121216,1,3.1549530029296875
28465.866,3,1,1,stimulusMovement,1,-0.09581878450181748,-0.3933636546134949,1,3.0863037109375,1,-0.04102770487467448,-0.36615216732025146,1,3.146240234375
28482.533,3,1,1,stimulusMovement,1,-0.09929158952501084,-0.3949926495552063,1,3.1249542236328125,1,-0.03339009814792209,-0.3763267397880554,1,3.174041748046875
28499.201,3,1,1,stimulusMovement,1,-0.10473182466295029,-0.3622957468032837,1,2.82928466796875,1,-0.0737921396891276,-0.3601938486099243,1,2.92864990234375
28515.866,3,1,1,stimulusMovement,1,-0.10093439949883354,-0.35998284816741943,1,2.8402557373046875,1,-0.07122283511691622,-0.3587775230407715,1,2.9396514892578125
