timestamp,ID,expOrder,trialNumber,event,lv,lx,ly,lpv,lps,rv,rx,ry,rpv,rps
7.235,5,1,1,stimulusMovement,1,-0.011119100782606335,0.0026067495346069336,1,3.0018310546875,1,0.19417042202419704,-0.02514493465423584,1,3.13421630859375
23.915,5,1,1,stimulusMovement,1,-0.005837228563096788,-0.03213369846343994,1,3.08807373046875,1,0.20204088422987196,0.001573711633682251,1,3.041778564453125
40.596,5,1,1,stimulusMovement,1,-0.002854400210910373,0.006453514099121094,1,3.0673370361328125,1,0.21137513054741752,0.0602494478225708,1,2.9739990234375
57.271,5,1,1,stimulusMovement,1,-0.00018639034695095485,0.030174553394317627,1,3.0189056396484375,1,0.20214737786187065,0.060631513595581055,1,3.0020599365234375
73.939,5,1,1,stimulusMovement,1,0.0043443044026692705,0.026227295398712158,1,3.016204833984375,1,0.20511192745632595,0.05601924657821655,1,2.9697113037109375
90.609,5,1,1,stimulusMovement,1,-0.006071196662055121,0.015415072441101074,1,3.0425872802734375,1,0.19870376586914062,0.053786903619766235,1,2.989654541015625
107.278,5,1,1,stimulusMovement,1,-0.0062444474962022566,0.019838660955429077,1,2.993804931640625,1,0.20081541273328993,0.0500963032245636,1,3.012969970703125
123.947,5,1,1,stimulusMovement,1,-0.01671187082926432,0.01165926456451416,1,3.06951904296875,1,0.21694988674587673,0.0621550977230072,1,3.023681640625
140.616,5,1,1,stimulusMovement,1,-0.011487960815429688,0.008711636066436768,1,3.059967041015625,1,0.20404095119900173,0.015002846717834473,1,3.105926513671875
157.286,5,1,1,stimulusMovement,1,0.0018071068657769095,0.032674700021743774,1,2.985015869140625,1,0.20451800028483072,0.06489002704620361,1,2.9397430419921875
173.954,5,1,1,stimulusMovement,1,-0.007658640543619791,0.008443772792816162,1,3.023284912109375,1,0.19580290052625868,0.046452462673187256,1,2.9843597412109375
190.622,5,1,1,stimulusMovement,1,0.004830148484971788,0.02253037691116333,1,2.9865875244140625,1,0.21031125386555988,0.06988036632537842,1,3.0130615234375
207.289,5,1,1,stimulusMovement,1,-0.002082400851779514,0.03133559226989746,1,2.9947662353515625,1,0.19093534681532118,0.05784916877746582,1,2.9942169189453125
223.956,5,1,1,stimulusMovement,1,0.0022073321872287323,0.023392081260681152,1,3.03875732421875,1,0.21750333574083114,0.04124835133552551,1,3.0322113037109375
240.624,5,1,1,stimulusMovement,1,0.0015649795532226562,0.03544706106185913,1,2.958465576171875,1,0.22541364034016925,0.0553528368473053,1,2.99993896484375
257.293,5,1,1,stimulusMovement,1,0.0028483072916666665,0.039430439472198486,1,2.9991302490234375,1,0.22435114118787977,0.06751435995101929,1,2.949462890625
273.961,5,1,1,stimulusMovement,1,0.0048461490207248265,0.03658461570739746,1,2.9729766845703125,0,nan,nan,0,nan
290.641,5,1,1,stimulusMovement,1,0.015431086222330729,0.014375925064086914,1,3.0200042724609375,1,0.21021736992730033,0.05406332015991211,1,2.9591522216796875
307.33,5,1,1,stimulusMovement,1,0.0171104007297092,0.032946765422821045,1,3.0254364013671875,1,0.23288271162245008,0.07501894235610962,1,2.9182586669921875
324.02,5,1,1,stimulusMovement,1,0.022597842746310763,0.03598511219024658,1,3.010040283203125,1,0.21775160895453557,0.038834333419799805,1,3.0153350830078125
340.701,5,1,1,stimulusMovement,1,0.026023228963216145,0.029307901859283447,1,3.059234619140625,1,0.21830156114366317,0.052034735679626465,1,3.0009918212890625
357.373,5,1,1,stimulusMovement,1,0.04216014014350043,0.04275956749916077,1,3.022491455078125,1,0.22297837999131942,0.04003790020942688,1,3.0342254638671875
374.043,5,1,1,stimulusMovement,1,0.12473275926378037,0.08288508653640747,1,3.046173095703125,1,0.3434451421101888,0.11748483777046204,1,3.0412750244140625
390.706,5,1,1,stimulusMovement,1,0.15031602647569445,0.0888097882270813,1,3.03533935546875,1,0.3331756591796875,0.11481088399887085,1,3.0164031982421875
407.361,5,1,1,stimulusMovement,1,0.16443485683865017,0.08973768353462219,1,3.0591888427734375,1,0.35435846116807723,0.12273889780044556,1,3.05511474609375
424.013,5,1,1,stimulusMovement,1,0.1665111117892795,0.09842687845230103,1,3.0374298095703125,1,0.3498884836832682,0.11953377723693848,1,3.063568115234375
440.676,5,1,1,stimulusMovement,1,0.16981993781195745,0.11443540453910828,1,3.02197265625,1,0.36644660101996523,0.13030493259429932,1,3.01885986328125
457.345,5,1,1,stimulusMovement,1,0.1761135525173611,0.1045370101928711,1,3.0303802490234375,1,0.3623374303181966,0.1244545578956604,1,3.03814697265625
474.014,5,1,1,stimulusMovement,1,0.19036716885036892,0.11397123336791992,1,3.03741455078125,1,0.36605559455023867,0.12380623817443848,1,3.1054229736328125
490.682,5,1,1,stimulusMovement,1,0.17997105916341144,0.12292370200157166,1,3.05816650390625,1,0.384197023179796,0.14243221282958984,1,3.0985107421875
507.348,5,1,1,stimulusMovement,1,0.18418396843804252,0.09346753358840942,1,3.1062164306640625,1,0.38008160061306423,0.1318901777267456,1,3.0948486328125
524.013,5,1,1,stimulusMovement,1,0.1805189980400933,0.05666244029998779,1,3.2203216552734375,1,0.3616210089789496,0.08259671926498413,1,3.277099609375
540.681,5,1,1,stimulusMovement,1,0.19805145263671875,0.11218506097793579,1,3.0892486572265625,1,0.39126014709472656,0.1570286750793457,1,3.070648193359375
557.351,5,1,1,stimulusMovement,1,0.22066858079698348,0.1265500783920288,1,3.1409149169921875,1,0.3937916225857205,0.13661938905715942,1,3.1963653564453125
574.019,5,1,1,stimulusMovement,1,0.2945755852593316,0.16976678371429443,1,3.188446044921875,1,0.4859903123643663,0.21660399436950684,1,3.102691650390625
590.68,5,1,1,stimulusMovement,1,0.37769709693060977,0.2247427999973297,1,3.14398193359375,1,0.5648246341281467,0.26396599411964417,1,3.1246795654296875
607.335,5,1,1,stimulusMovement,1,0.38188531663682723,0.22549968957901,1,3.1888275146484375,1,0.5726222991943359,0.2933897078037262,1,3.085906982421875
623.987,5,1,1,stimulusMovement,1,0.37361017862955725,0.22101297974586487,1,3.2034454345703125,1,0.5861476262410481,0.27570168673992157,1,3.13446044921875
640.648,5,1,1,stimulusMovement,1,0.3980088763766818,0.23934495449066162,1,3.1877593994140625,1,0.596417744954427,0.29423725605010986,1,3.1266021728515625
657.316,5,1,1,stimulusMovement,1,0.39978461795383025,0.23558378219604492,1,3.197174072265625,1,0.6028492185804578,0.2796361744403839,1,3.11627197265625
673.983,5,1,1,stimulusMovement,1,0.4038871129353841,0.22975367307662964,1,3.242584228515625,1,0.5970899793836805,0.30094826221466064,1,3.1849517822265625
690.65,5,1,1,stimulusMovement,1,0.42018847995334196,0.23908177018165588,1,3.23150634765625,1,0.6277187135484483,0.28750763833522797,1,3.1760711669921875
707.316,5,1,1,stimulusMovement,1,0.42194493611653644,0.26297229528427124,1,3.202056884765625,1,0.627768940395779,0.295330286026001,1,3.1778564453125
723.981,5,1,1,stimulusMovement,1,0.45276408725314665,0.25069791078567505,1,3.225982666015625,1,0.6451730728149414,0.31206876039505005,1,3.1703948974609375
740.648,5,1,1,stimulusMovement,1,0.43705081939697266,0.2578536421060562,1,3.2701568603515625,1,0.6534005271063911,0.34614571928977966,1,3.1336212158203125
757.316,5,1,1,stimulusMovement,1,0.45664034949408633,0.25036197900772095,1,3.2612457275390625,1,0.6694901784261067,0.3358474671840668,1,3.167755126953125
773.983,5,1,1,stimulusMovement,1,0.4788398742675781,0.24625331163406372,1,3.2539215087890625,1,0.6918167538113064,0.3447949290275574,1,3.1700897216796875
790.648,5,1,1,stimulusMovement,1,0.4990077548556857,0.23716381192207336,1,3.290252685546875,1,0.7052663167317708,0.33583614230155945,1,3.188446044921875
807.311,5,1,1,stimulusMovement,1,0.5054373211330837,0.2858496755361557,1,3.205169677734375,1,0.709231694539388,0.3512624651193619,1,3.1639862060546875
823.972,5,1,1,stimulusMovement,1,0.5182926389906142,0.2750685214996338,1,3.2555694580078125,1,0.725224600897895,0.3496963530778885,1,3.186126708984375
840.638,5,1,1,stimulusMovement,1,0.6298671298556857,0.32456278800964355,1,3.221160888671875,1,0.825559828016493,0.3784276992082596,1,3.181396484375
857.305,5,1,1,stimulusMovement,1,0.6518898010253906,0.3438222110271454,1,3.19830322265625,1,0.8723968929714626,0.39810433983802795,1,3.18780517578125
873.972,5,1,1,stimulusMovement,1,0.6698339250352647,0.34396645426750183,1,3.197906494140625,1,0.8937990400526258,0.4179942011833191,1,3.1754608154296875
890.638,5,1,1,stimulusMovement,1,0.6655519273546007,0.3531588315963745,1,3.2336883544921875,1,0.9020262824164496,0.42468976974487305,1,3.1180572509765625
907.305,5,1,1,stimulusMovement,1,0.6961231231689453,0.36758024990558624,1,3.1834869384765625,1,0.9124692281087239,0.4382375627756119,1,3.1572265625
923.971,5,1,1,stimulusMovement,1,0.7034865485297309,0.3715040534734726,1,3.1894378662109375,1,0.9144770304361979,0.4196866378188133,1,3.1985015869140625
940.636,5,1,1,stimulusMovement,1,0.7148635652330186,0.3682512044906616,1,3.1812896728515625,1,0.9334015316433376,0.4020724296569824,1,3.2096710205078125
957.303,5,1,1,stimulusMovement,1,0.7282243304782443,0.3782530725002289,1,3.191497802734375,1,0.9537001715766058,0.431946337223053,1,3.2520599365234375
973.968,5,1,1,stimulusMovement,1,0.7331816355387369,0.37427738308906555,1,3.1860198974609375,1,0.9417692820231119,0.42513100802898407,1,3.2117767333984375
990.635,5,1,1,stimulusMovement,1,0.7344175974527994,0.366220086812973,1,3.24346923828125,0,nan,nan,0,nan
1007.303,5,1,1,stimulusMovement,1,0.7295897801717122,0.37389595806598663,1,3.2412109375,1,0.9535535176595051,0.44762496277689934,1,3.23162841796875
1023.969,5,1,1,stimulusMovement,1,0.7510739432440864,0.39132002741098404,1,3.1785125732421875,1,0.971451653374566,0.4472612179815769,1,3.215728759765625
1040.637,5,1,1,stimulusMovement,1,0.7606326209174262,0.38799841701984406,1,3.1932220458984375,1,0.936796400282118,0.41634417325258255,1,3.3184356689453125
1057.304,5,1,1,stimulusMovement,1,0.7590741051567925,0.3952593058347702,1,3.192474365234375,1,0.9751097361246744,0.44354889169335365,1,3.2439727783203125
1073.97,5,1,1,stimulusMovement,1,0.7670726776123047,0.3911562114953995,1,3.183502197265625,1,0.9825202094184027,0.4521472677588463,1,3.2547607421875
1090.637,5,1,1,stimulusMovement,1,0.763242933485243,0.38638442009687424,1,3.2012939453125,1,0.9683795505099826,0.4292663633823395,1,3.3127593994140625
1107.301,5,1,1,stimulusMovement,1,0.7484345965915256,0.35631322860717773,1,3.2624053955078125,1,0.9677666558159722,0.4209284260869026,1,3.2802734375
1123.965,5,1,1,stimulusMovement,1,0.7828602261013454,0.35590188205242157,1,3.14080810546875,1,0.9563166300455729,0.4054279699921608,1,3.211334228515625
1140.63,5,1,1,stimulusMovement,1,0.8178683386908636,0.30362874269485474,1,2.9610443115234375,1,1.0030856662326388,0.39727479219436646,1,3.097991943359375
1157.295,5,1,1,stimulusMovement,0,nan,nan,0,nan,0,nan,nan,0,nan
1173.958,5,1,1,stimulusMovement,0,nan,nan,0,nan,0,nan,nan,0,nan
1190.623,5,1,1,stimulusMovement,0,nan,nan,0,nan,0,nan,nan,0,nan
1207.288,5,1,1,stimulusMovement,0,nan,nan,0,nan,0,nan,nan,0,nan
1223.951,5,1,1,stimulusMovement,0,nan,nan,0,nan,0,nan,nan,0,nan
1240.615,5,1,1,stimulusMovement,0,nan,nan,0,nan,1,0.6550337473551432,0.2621503174304962,1,3.3385009765625
1257.279,5,1,1,stimulusMovement,0,nan,nan,0,nan,1,0.6921378241644965,0.2209882140159607,1,3.2489471435546875
1273.942,5,1,1,stimulusMovement,1,0.4565082126193576,0.2692214995622635,1,3.29522705078125,1,0.6866705152723523,0.22374576330184937,1,3.236602783203125
1290.607,5,1,1,stimulusMovement,1,0.4441402223375108,0.26205602288246155,1,3.247894287109375,1,0.6763393614027234,0.20106947422027588,1,3.263336181640625
1307.274,5,1,1,stimulusMovement,1,0.4236316680908203,0.2367873191833496,1,3.3235931396484375,1,0.6807484096950954,0.21832573413848877,1,3.2429046630859375
1323.94,5,1,1,stimulusMovement,1,0.37268829345703125,0.22997963428497314,1,3.49298095703125,1,0.6800812615288628,0.22840744256973267,1,3.2310943603515625
1340.606,5,1,1,stimulusMovement,1,0.4602375030517578,0.24792754650115967,1,3.2196197509765625,1,0.6832995944552951,0.22471362352371216,1,3.2615203857421875
1357.273,5,1,1,stimulusMovement,1,0.40237787034776473,0.2305958867073059,1,3.3837738037109375,1,0.6710038714938693,0.24808406829833984,1,3.271942138671875
1373.938,5,1,1,stimulusMovement,1,0.4279410044352213,0.26715153455734253,1,3.280364990234375,1,0.6869112650553385,0.2606671452522278,1,3.2088470458984375
1390.605,5,1,1,stimulusMovement,1,0.3745672437879774,0.18916788697242737,1,3.4623870849609375,1,0.7007154888576931,0.24384737014770508,1,3.2819366455078125
1407.272,5,1,1,stimulusMovement,1,0.4215833875868055,0.25712059438228607,1,3.3109283447265625,1,0.6350768407185872,0.1941205859184265,1,3.4143524169921875
1423.937,5,1,1,stimulusMovement,1,0.4097201029459635,0.21010693907737732,1,3.4347686767578125,1,0.6942655775282117,0.2541050761938095,1,3.263946533203125
1440.604,5,1,1,stimulusMovement,1,0.582625495062934,0.29881981015205383,1,3.1788482666015625,1,0.8284098307291666,0.3723551034927368,1,3.2283935546875
1457.27,5,1,1,stimulusMovement,1,0.6251727210150825,0.3203815817832947,1,3.22125244140625,1,0.8709718916151258,0.3826538100838661,1,3.260955810546875
1473.936,5,1,1,stimulusMovement,1,0.6482216517130533,0.3172348290681839,1,3.1781463623046875,1,0.7851611243353949,0.3241480439901352,1,3.4420166015625
1490.602,5,1,1,stimulusMovement,1,0.664160516526964,0.32573652267456055,1,3.1311187744140625,1,0.861689461602105,0.3796010762453079,1,3.2691802978515625
1507.268,5,1,1,stimulusMovement,1,0.6280916002061632,0.3286096900701523,1,3.1890411376953125,1,0.8653755187988281,0.40129414945840836,1,3.265289306640625
1523.934,5,1,1,stimulusMovement,1,0.5605024761623806,0.2529229670763016,1,3.4570770263671875,1,0.8650644090440538,0.3878227770328522,1,3.2268218994140625
1540.6,5,1,1,stimulusMovement,1,0.6359660890367296,0.3214491456747055,1,3.1691436767578125,1,0.8587348726060655,0.38339920341968536,1,3.238800048828125
1557.267,5,1,1,stimulusMovement,1,0.6450862884521484,0.3335501253604889,1,3.1401519775390625,1,0.8686706754896375,0.39130744338035583,1,3.209564208984375
1573.932,5,1,1,stimulusMovement,1,0.6482064988878038,0.33929479122161865,1,3.1297760009765625,1,0.849151611328125,0.3845577910542488,1,3.23602294921875
1590.598,5,1,1,stimulusMovement,1,0.6429355409410265,0.3421657532453537,1,3.1017608642578125,1,0.8639233907063801,0.4112267419695854,1,3.1953277587890625
1607.265,5,1,1,stimulusMovement,1,0.6501714918348523,0.34664249420166016,1,3.135223388671875,1,0.8304960462782117,0.37860823422670364,1,3.2395477294921875
1623.93,5,1,1,stimulusMovement,1,0.6553909513685438,0.3240058124065399,1,3.1302490234375,1,0.8682243559095594,0.39760980010032654,1,3.1920166015625
1640.597,5,1,1,stimulusMovement,1,0.6504742304484049,0.34158681333065033,1,3.1123809814453125,1,0.8526863521999782,0.3942861407995224,1,3.137786865234375
1657.262,5,1,1,stimulusMovement,1,0.6404894722832574,0.3354892134666443,1,3.1235504150390625,1,0.864983664618598,0.38785745203495026,1,3.1638336181640625
1673.928,5,1,1,stimulusMovement,1,0.620709737141927,0.3112158328294754,1,3.2036590576171875,1,0.8593497806125217,0.394186869263649,1,3.1498870849609375
1690.594,5,1,1,stimulusMovement,1,0.6376955244276258,0.3492678105831146,1,3.109893798828125,1,0.8606483671400281,0.40293001383543015,1,3.1627197265625
1707.26,5,1,1,stimulusMovement,1,0.6275170644124348,0.309283971786499,1,3.1826019287109375,1,0.8743625217013888,0.394638329744339,1,3.1421356201171875
1723.926,5,1,1,stimulusMovement,1,0.6424948374430338,0.3471738398075104,1,3.1218109130859375,1,0.8632706536187066,0.39421844482421875,1,3.19140625
1740.592,5,1,1,stimulusMovement,1,0.6467875374688042,0.3395679146051407,1,3.13916015625,1,0.8404488033718532,0.3603767454624176,1,3.2897186279296875
1757.258,5,1,1,stimulusMovement,1,0.6361391279432508,0.340015172958374,1,3.11993408203125,1,0.8638710445827907,0.39877577871084213,1,3.1714324951171875
1773.923,5,1,1,stimulusMovement,1,0.6295178731282551,0.3400002121925354,1,3.1333465576171875,1,0.8708815044826931,0.38747552782297134,1,3.179534912109375
1790.589,5,1,1,stimulusMovement,1,0.6352143817477756,0.31708016991615295,1,3.1491241455078125,1,0.8012664582994249,0.3367004692554474,1,3.316497802734375
1807.256,5,1,1,stimulusMovement,1,0.6389702690972222,0.3374316841363907,1,3.1532440185546875,1,0.8655694325764973,0.388124518096447,1,3.174896240234375
1823.921,5,1,1,stimulusMovement,1,0.6473914252387153,0.3337358236312866,1,3.1681976318359375,1,0.8803139792548285,0.38606713712215424,1,3.1933441162109375
1840.586,5,1,1,stimulusMovement,1,0.6411134931776258,0.34535060822963715,1,3.17095947265625,1,0.8631839752197266,0.39307916164398193,1,3.1943817138671875
1857.253,5,1,1,stimulusMovement,1,0.6507447560628254,0.34282100200653076,1,3.149505615234375,1,0.8695977528889973,0.3920489549636841,1,3.202789306640625
1873.918,5,1,1,stimulusMovement,1,0.643747435675727,0.3345525562763214,1,3.20574951171875,1,0.8633073170979817,0.3851878196001053,1,3.1883697509765625
1890.585,5,1,1,stimulusMovement,1,0.6433275010850694,0.3277479112148285,1,3.2159271240234375,1,0.8713775210910373,0.39091072976589203,1,3.194793701171875
1907.251,5,1,1,stimulusMovement,1,0.6421078575981988,0.3311249166727066,1,3.2021484375,1,0.8718295627170138,0.39136190712451935,1,3.21466064453125
1923.916,5,1,1,stimulusMovement,1,0.6559766133626301,0.33492061495780945,1,3.1772613525390625,1,0.8687311808268229,0.3992541879415512,1,3.204132080078125
1940.583,5,1,1,stimulusMovement,1,0.6583177778455945,0.3423798829317093,1,3.1952056884765625,1,0.8991805182562933,0.3992571383714676,1,3.233001708984375
1957.249,5,1,1,stimulusMovement,1,0.657791985405816,0.34997960925102234,1,3.2028961181640625,1,0.8763075934516058,0.39264339208602905,1,3.2600555419921875
1973.915,5,1,1,stimulusMovement,1,0.6555150349934895,0.34368519484996796,1,3.1911773681640625,1,0.8471238878038194,0.36215969920158386,1,3.3762969970703125
1990.581,5,1,1,stimulusMovement,1,0.6625356674194336,0.3398689478635788,1,3.20770263671875,1,0.8837980694240993,0.37221232056617737,1,3.2738494873046875
2007.247,5,1,1,stimulusMovement,1,0.6634735531277126,0.33822526037693024,1,3.2105255126953125,1,0.867633925543891,0.3816969692707062,1,3.3048858642578125
2023.913,5,1,1,stimulusMovement,1,0.6727611753675672,0.33786189556121826,1,3.2220001220703125,1,0.9031177096896701,0.39001771807670593,1,3.2644805908203125
2040.579,5,1,1,stimulusMovement,1,0.6686428917778863,0.3158782720565796,1,3.24591064453125,1,0.8771704567803277,0.3835343271493912,1,3.3307037353515625
2057.246,5,1,1,stimulusMovement,1,0.6785933176676432,0.3497926741838455,1,3.2194976806640625,1,0.9063254462348089,0.3980832099914551,1,3.2600555419921875
2073.911,5,1,1,stimulusMovement,1,0.6697721481323242,0.3140348792076111,1,3.2840423583984375,1,0.8900256686740451,0.3631269037723541,1,3.35284423828125
2090.577,5,1,1,stimulusMovement,1,0.6642240948147243,0.32370680570602417,1,3.268585205078125,1,0.874060312906901,0.38549257069826126,1,3.31207275390625
2107.244,5,1,1,stimulusMovement,1,0.6710629993014865,0.34324538707733154,1,3.235076904296875,1,0.9091919793023003,0.38750673830509186,1,3.2617034912109375
2123.909,5,1,1,stimulusMovement,1,0.6715494791666666,0.34299930930137634,1,3.24481201171875,1,0.8929189046223958,0.39682023972272873,1,3.2864990234375
2140.576,5,1,1,stimulusMovement,1,0.6776928371853298,0.332618772983551,1,3.2626953125,1,0.8981196085611979,0.3913850113749504,1,3.2841339111328125
2157.242,5,1,1,stimulusMovement,1,0.679123772515191,0.3359445035457611,1,3.2696990966796875,1,0.9074187808566623,0.38998837769031525,1,3.26055908203125
2173.907,5,1,1,stimulusMovement,1,0.6652211083306206,0.33288906514644623,1,3.2687835693359375,1,0.8961077796088324,0.38618482649326324,1,3.30157470703125
2190.574,5,1,1,stimulusMovement,1,0.6650833553738064,0.3325897455215454,1,3.2606048583984375,1,0.8358804914686414,0.3512609302997589,1,3.433990478515625
2207.24,5,1,1,stimulusMovement,1,0.6631753709581163,0.3248850405216217,1,3.2907257080078125,1,0.8954349093967013,0.38083767890930176,1,3.2961883544921875
2223.905,5,1,1,stimulusMovement,1,0.6706303490532769,0.327382355928421,1,3.289520263671875,1,0.8992589314778645,0.3999377489089966,1,3.282196044921875
2240.572,5,1,1,stimulusMovement,1,0.6550827026367188,0.3064463436603546,1,3.3511810302734375,1,0.8907441033257378,0.3954193890094757,1,3.2779693603515625
2257.238,5,1,1,stimulusMovement,1,0.6681766510009766,0.33809763193130493,1,3.318389892578125,1,0.9145113627115885,0.3766028881072998,1,3.318450927734375
2273.904,5,1,1,stimulusMovement,1,0.6684471766153971,0.32692965865135193,1,3.3297271728515625,1,0.9034527672661675,0.39126838743686676,1,3.274566650390625
2290.57,5,1,1,stimulusMovement,1,0.679097917344835,0.33930903673171997,1,3.330108642578125,1,0.9018332163492838,0.3709050714969635,1,3.3280792236328125
2307.236,5,1,1,stimulusMovement,1,0.6774932013617622,0.33062905073165894,1,3.362884521484375,1,0.8903291490342882,0.38537219166755676,1,3.3379364013671875
2323.902,5,1,1,stimulusMovement,1,0.6647478739420573,0.34086722135543823,1,3.3429718017578125,1,0.884039560953776,0.36961475014686584,1,3.356719970703125
2340.568,5,1,1,stimulusMovement,1,0.6867245568169488,0.3272269666194916,1,3.3828887939453125,1,0.8931204477945963,0.38554729521274567,1,3.3190155029296875
2357.236,5,1,1,stimulusMovement,1,0.6737937927246094,0.33469952642917633,1,3.39410400390625,1,0.8833452860514323,0.3861839324235916,1,3.3357086181640625
2373.901,5,1,1,stimulusMovement,1,0.663317044576009,0.3229028731584549,1,3.3962249755859375,1,0.8922534518771701,0.3642948120832443,1,3.4359588623046875
2390.568,5,1,1,stimulusMovement,1,0.6762434641520182,0.33152541518211365,1,3.3991241455078125,0,nan,nan,0,nan
2407.235,5,1,1,stimulusMovement,1,0.667557504442003,0.3160744905471802,1,3.447509765625,1,0.8970915476481119,0.39857135713100433,1,3.355133056640625
2423.9,5,1,1,stimulusMovement,1,0.6552255418565538,0.31722845137119293,1,3.4532470703125,1,0.8710432052612305,0.36298634111881256,1,3.45196533203125
2440.567,5,1,1,stimulusMovement,1,0.6678427590264214,0.3274785578250885,1,3.4476776123046875,1,0.8969137403700086,0.37673432379961014,1,3.455230712890625
2457.234,5,1,1,fixation,1,0.6700050565931531,0.31977781653404236,1,3.474761962890625,1,0.8913928137885199,0.36799976229667664,1,3.496124267578125
2473.899,5,1,1,fixation,0,nan,nan,0,nan,1,0.8917526668972439,0.3667577803134918,1,3.20355224609375
2490.567,5,1,1,fixation,0,nan,nan,0,nan,0,nan,nan,0,nan
2507.233,5,1,1,fixation,1,0.6581069098578559,0.3122587651014328,1,3.4752655029296875,1,0.9058297475179036,0.37919747829437256,1,3.4785308837890625
2523.899,5,1,1,fixation,0,nan,nan,0,nan,1,0.8890037536621094,0.3660757392644882,1,3.2320098876953125
2540.566,5,1,1,fixation,0,nan,nan,0,nan,0,nan,nan,0,nan
2557.232,5,1,1,fixation,1,0.6751166449652778,0.3268910348415375,1,3.521881103515625,1,0.8871099683973523,0.3876447528600693,1,3.470947265625
2573.898,5,1,1,fixation,1,0.6668607923719617,0.2742999494075775,1,3.2111968994140625,1,0.8933188120524088,0.37020279467105865,1,3.261199951171875
2590.565,5,1,1,fixation,0,nan,nan,0,nan,0,nan,nan,0,nan
2607.232,5,1,1,fixation,1,0.6668293211195203,0.31255975365638733,1,3.54327392578125,1,0.9013226826985676,0.38134029507637024,1,3.50323486328125
2623.897,5,1,1,fixation,1,0.6568528281317817,0.2963818162679672,1,3.28277587890625,1,0.8866534762912326,0.3603820204734802,1,3.277679443359375
2640.564,5,1,1,fixation,0,nan,nan,0,nan,0,nan,nan,0,nan
2657.231,5,1,1,fixation,1,0.6447963714599609,0.2775674909353256,1,3.651885986328125,1,0.8819123374091253,0.3630228340625763,1,3.56854248046875
2673.897,5,1,1,fixation,1,0.6475344763861762,0.29119542241096497,1,3.3029937744140625,1,0.8930276234944661,0.3728853315114975,1,3.300567626953125
2690.564,5,1,1,fixation,0,nan,nan,0,nan,0,nan,nan,0,nan
2707.23,5,1,1,fixation,1,0.6634705861409504,0.3130086809396744,1,3.5794830322265625,1,0.8816976547241211,0.37027646601200104,1,3.5811614990234375
2723.896,5,1,1,fixation,1,0.6525168948703342,0.2928117513656616,1,3.31939697265625,1,0.8899447123209635,0.3666592538356781,1,3.32611083984375
2740.563,5,1,1,fixation,0,nan,nan,0,nan,0,nan,nan,0,nan
2757.229,5,1,1,fixation,1,0.6623157925075954,0.32179537415504456,1,3.5889129638671875,1,0.8786351945665147,0.3923722431063652,1,3.6217803955078125
2773.895,5,1,1,fixation,1,0.6435912450154622,0.29898136854171753,1,3.336883544921875,1,0.8854262034098307,0.3663119077682495,1,3.3441619873046875
2790.562,5,1,1,fixation,0,nan,nan,0,nan,0,nan,nan,0,nan
2807.229,5,1,1,fixation,1,0.6578824785020616,0.3150741159915924,1,3.6198883056640625,1,0.8374839358859592,0.3698260486125946,1,3.8042449951171875
2823.895,5,1,1,fixation,1,0.6576063368055555,0.28574711084365845,1,3.3561248779296875,1,0.88707521226671,0.3661844730377197,1,3.357147216796875
2840.562,5,1,1,fixation,0,nan,nan,0,nan,0,nan,nan,0,nan
2857.228,5,1,1,fixation,1,0.6637083689371744,0.32156798243522644,1,3.6310882568359375,1,0.8673286437988281,0.36278094351291656,1,3.6445465087890625
2873.895,5,1,1,fixation,1,0.6377133263481988,0.29979415237903595,1,3.3829345703125,1,0.8833191129896375,0.3644520342350006,1,3.3736419677734375
2890.561,5,1,1,fixation,0,nan,nan,0,nan,0,nan,nan,0,nan
2907.228,5,1,1,fixation,1,0.6477315690782335,0.3168639838695526,1,3.66546630859375,1,0.8915150960286458,0.3765639215707779,1,3.6785888671875
2923.894,5,1,1,fixation,1,0.6425488789876301,0.2749042510986328,1,3.3944549560546875,1,0.8925874498155382,0.3675709664821625,1,3.3916015625
2940.561,5,1,1,fixation,0,nan,nan,0,nan,0,nan,nan,0,nan
2957.228,5,1,1,fixation,1,0.6439098782009548,0.2998553514480591,1,3.740386962890625,1,0.8474446402655706,0.3475019037723541,1,3.767486572265625
2973.894,5,1,1,fixation,1,0.6372469796074761,0.30145615339279175,1,3.4206695556640625,1,0.8861236572265625,0.36648933589458466,1,3.4068756103515625
2990.56,5,1,1,fixation,0,nan,nan,0,nan,0,nan,nan,0,nan
3007.228,5,1,1,fixation,1,0.6635135014851887,0.3146076649427414,1,3.7084808349609375,1,0.8425959481133355,0.3512573689222336,1,3.807281494140625
3023.893,5,1,1,fixation,1,0.6394403245713975,0.29240770637989044,1,3.44732666015625,1,0.8794434865315754,0.361971452832222,1,3.4122772216796875
3040.56,5,1,1,fixation,0,nan,nan,0,nan,0,nan,nan,0,nan
3057.227,5,1,1,fixation,1,0.6572081247965494,0.29614946246147156,1,3.766143798828125,1,0.815227296617296,0.3491050750017166,1,3.843994140625
3073.893,5,1,1,fixation,1,0.6512489318847656,0.29443617165088654,1,3.456207275390625,1,0.8830248514811198,0.36449429392814636,1,3.42266845703125
3090.56,5,1,1,fixation,0,nan,nan,0,nan,0,nan,nan,0,nan
3107.227,5,1,1,fixation,1,0.6587922837999132,0.3117397725582123,1,3.70843505859375,1,0.7996989356146917,0.32949526607990265,1,3.9299774169921875
3123.892,5,1,1,fixation,1,0.6366318596733941,0.30225951969623566,1,3.461944580078125,1,0.8783041636149088,0.36745843291282654,1,3.42578125
3140.559,5,1,1,fixation,0,nan,nan,0,nan,0,nan,nan,0,nan
3157.225,5,1,1,fixation,1,0.638740751478407,0.2672327756881714,1,3.8307037353515625,1,0.8932403988308376,0.400746688246727,1,3.7318115234375
3173.891,5,1,1,fixation,1,0.632911894056532,0.3028768301010132,1,3.4557952880859375,1,0.8862467871771917,0.37297944724559784,1,3.4285736083984375
3190.557,5,1,1,fixation,0,nan,nan,0,nan,0,nan,nan,0,nan
3207.224,5,1,1,fixation,1,0.6486650043063693,0.2927025705575943,1,3.7285919189453125,1,0.7957172393798828,0.33876878023147583,1,3.875885009765625
3223.889,5,1,1,fixation,1,0.6438344319661458,0.29265934228897095,1,3.4425506591796875,1,0.8833808898925781,0.3688330799341202,1,3.42327880859375
3240.556,5,1,1,fixation,0,nan,nan,0,nan,0,nan,nan,0,nan
3257.222,5,1,1,fixation,1,0.6598695119222004,0.3228761702775955,1,3.701446533203125,1,0.7964221106635199,0.3430301249027252,1,3.88616943359375
3273.888,5,1,1,fixation,1,0.6532735824584961,0.2964510917663574,1,3.4183349609375,1,0.8785168329874674,0.3689987510442734,1,3.419464111328125
3290.554,5,1,1,fixation,0,nan,nan,0,nan,0,nan,nan,0,nan
3307.221,5,1,1,fixation,1,0.6611332363552517,0.3099738359451294,1,3.6584014892578125,1,0.845367431640625,0.3725912719964981,1,3.762420654296875
3323.886,5,1,1,fixation,1,0.6461633046468098,0.2937972843647003,1,3.4155731201171875,1,0.8808992173936632,0.3652039170265198,1,3.4111175537109375
3340.553,5,1,1,fixation,0,nan,nan,0,nan,0,nan,nan,0,nan
3357.219,5,1,1,fixation,1,0.6658585866292317,0.2890356630086899,1,3.7068328857421875,1,0.805138693915473,0.3197263330221176,1,3.974578857421875
3373.885,5,1,1,fixation,1,0.6382838355170356,0.3027513921260834,1,3.4107818603515625,1,0.8855932023790147,0.37436744570732117,1,3.4196014404296875
3390.551,5,1,1,fixation,0,nan,nan,0,nan,0,nan,nan,0,nan
3407.218,5,1,1,fixation,1,0.6636390686035156,0.3183049410581589,1,3.6702728271484375,1,0.8248691558837891,0.35333555936813354,1,3.8815460205078125
3423.883,5,1,1,fixation,1,0.6480490366617838,0.2997947633266449,1,3.415191650390625,1,0.8808390299479166,0.36997470259666443,1,3.42742919921875
3440.55,5,1,1,fixation,0,nan,nan,0,nan,0,nan,nan,0,nan
3457.216,5,1,1,fixation,1,0.7473324669731988,0.37546051293611526,1,3.6784515380859375,1,0.9284710354275173,0.4110480323433876,1,3.832305908203125
3473.881,5,1,1,fixation,1,0.7424911922878689,0.37574462592601776,1,3.415374755859375,1,0.9934414757622613,0.43905483558773994,1,3.4451751708984375
3490.548,5,1,1,fixation,0,nan,nan,0,nan,0,nan,nan,0,nan
3507.214,5,1,1,fixation,1,0.7738344404432508,0.3805941641330719,1,3.6818389892578125,1,0.9477191501193576,0.4086483344435692,1,3.857147216796875
3523.88,5,1,1,fixation,1,0.7462230258517795,0.3796914368867874,1,3.4284210205078125,1,0.9984224107530382,0.4365461394190788,1,3.457275390625
3540.546,5,1,1,stimulusMovement,0,nan,nan,0,nan,0,nan,nan,0,nan
3557.213,5,1,1,stimulusMovement,1,0.7789976331922742,0.3849075734615326,1,3.6876678466796875,1,0.9852248297797308,0.4570387974381447,1,3.799346923828125
3573.878,5,1,1,stimulusMovement,1,0.7720631493462456,0.3823715150356293,1,3.6387939453125,1,0.9749359554714626,0.4358854293823242,1,3.792205810546875
3590.545,5,1,1,stimulusMovement,1,0.7647906409369575,0.39537660777568817,1,3.6852874755859375,1,0.9891446431477864,0.453734926879406,1,3.8085784912109375
3607.211,5,1,1,stimulusMovement,1,0.7729515499538845,0.38516198098659515,1,3.7005615234375,1,0.934913847181532,0.4215303882956505,1,3.959625244140625
3623.877,5,1,1,stimulusMovement,1,0.7509625752766926,0.3425471782684326,1,3.777374267578125,1,0.9498032463921441,0.42172208428382874,1,3.899017333984375
3640.543,5,1,1,stimulusMovement,1,0.7662092844645182,0.3742357939481735,1,3.6887359619140625,1,0.960100597805447,0.4379119649529457,1,3.8313751220703125
3657.21,5,1,1,stimulusMovement,1,0.7618178261650933,0.38703320175409317,1,3.671600341796875,1,0.9787750244140625,0.44030192866921425,1,3.8085479736328125
3673.875,5,1,1,stimulusMovement,1,0.7642025417751735,0.37319712340831757,1,3.69305419921875,1,0.9231457180447048,0.41115158796310425,1,4.0198211669921875
3690.542,5,1,1,stimulusMovement,1,0.8162766562567816,0.40634866058826447,1,3.7007293701171875,1,0.9918746948242188,0.44951818883419037,1,3.9210052490234375
3707.208,5,1,1,stimulusMovement,1,0.7872664133707682,0.37828100472688675,1,3.74945068359375,1,0.9794726901584201,0.45786789804697037,1,3.9956207275390625
3723.874,5,1,1,stimulusMovement,1,0.8122819264729817,0.3763127326965332,1,3.76141357421875,1,0.9612204233805338,0.4152469113469124,1,4.014617919921875
3740.54,5,1,1,stimulusMovement,1,0.8036013709174261,0.3968184143304825,1,3.710418701171875,1,1.017648696899414,0.4769984781742096,1,3.851898193359375
3757.207,5,1,1,stimulusMovement,1,0.7932065327962239,0.37473657727241516,1,3.7776641845703125,1,1.0915245480007596,0.4361194744706154,1,3.6569671630859375
3773.872,5,1,1,stimulusMovement,1,0.7912087970309787,0.3927261531352997,1,3.74212646484375,1,1.0379248725043402,0.45390815287828445,1,3.8474884033203125
3790.539,5,1,1,stimulusMovement,1,0.7216343349880642,0.30388589203357697,1,4.0078277587890625,1,1.007791519165039,0.4410093165934086,1,3.8365020751953125
3807.205,5,1,1,stimulusMovement,1,0.789929707845052,0.36731724441051483,1,3.7926177978515625,1,1.0163273281521268,0.4737838264554739,1,3.9560394287109375
3823.871,5,1,1,stimulusMovement,1,0.8086937798394097,0.39130887389183044,1,3.7598724365234375,1,1.0443498823377821,0.4616680443286896,1,3.915008544921875
3840.537,5,1,1,stimulusMovement,1,0.8018683327568902,0.38188502192497253,1,3.7926483154296875,1,1.0201515621609158,0.4764021895825863,1,3.94805908203125
3857.204,5,1,1,stimulusMovement,1,0.7739427354600694,0.34412306547164917,1,3.886993408203125,1,0.996874279446072,0.44486547261476517,1,3.938720703125
3873.869,5,1,1,stimulusMovement,1,0.7875338660346136,0.37985098361968994,1,3.8125457763671875,1,0.9705884721544054,0.4599870778620243,1,4.0811004638671875
3890.536,5,1,1,stimulusMovement,1,0.8077132966783311,0.4026992917060852,1,3.7649078369140625,1,0.9841336144341363,0.4430839642882347,1,3.9989471435546875
3907.202,5,1,1,stimulusMovement,1,0.8082080417209201,0.39064741134643555,1,3.7778167724609375,1,1.0148531595865884,0.4714408405125141,1,3.93798828125
3923.868,5,1,1,stimulusMovement,1,0.8084824879964192,0.3989354968070984,1,3.8068695068359375,1,1.0283885531955295,0.45633069425821304,1,3.9238739013671875
3940.535,5,1,1,stimulusMovement,1,0.7866356107923719,0.3724370002746582,1,3.850860595703125,1,1.0318561130099826,0.47824323922395706,1,3.88104248046875
3957.203,5,1,1,stimulusMovement,1,0.8156027264065212,0.39660701155662537,1,3.8431549072265625,1,1.0324420928955078,0.4720688834786415,1,3.90643310546875
3973.868,5,1,1,stimulusMovement,1,0.8057253095838758,0.3792077898979187,1,3.8497467041015625,1,0.9878745608859592,0.4567491039633751,1,4.0567779541015625
3990.536,5,1,1,stimulusMovement,1,0.7941006554497613,0.3670949190855026,1,3.8929901123046875,1,0.9475307464599609,0.4469200372695923,1,4.0850067138671875
4007.203,5,1,1,stimulusMovement,1,0.8135032653808594,0.3875265419483185,1,3.8834686279296875,1,0.9777314927842882,0.4318203181028366,1,4.1637115478515625
4023.87,5,1,1,stimulusMovement,1,0.7920909457736545,0.38292740285396576,1,3.886932373046875,1,1.025821050008138,0.4719154220074415,1,3.981842041015625
4040.536,5,1,1,stimulusMovement,1,0.7527133093939887,0.3458261489868164,1,4.0195159912109375,1,0.9725638495551214,0.42431702464818954,1,4.0574951171875
4057.204,5,1,1,stimulusMovement,1,0.7263179355197482,0.32247039675712585,1,4.0279541015625,1,0.9414371914333767,0.4208230674266815,1,4.044647216796875
4073.87,5,1,1,stimulusMovement,1,0.6621598137749566,0.3055794835090637,1,3.9835662841796875,1,0.8727167977227105,0.3499646484851837,1,3.7983245849609375
4090.538,5,1,1,stimulusMovement,1,0.6006285349527994,0.22421926259994507,1,4.104827880859375,1,0.8823120329115125,0.37826256453990936,1,3.834075927734375
4107.205,5,1,1,stimulusMovement,1,0.6434118482801648,0.21833211183547974,1,4.1060028076171875,1,0.8597583770751953,0.396187387406826,1,4.0787506103515625
4123.871,5,1,1,stimulusMovement,1,0.6546279059516059,0.3024521768093109,1,3.899658203125,1,0.9095130496554904,0.4212052896618843,1,3.9334259033203125
4140.538,5,1,1,stimulusMovement,1,0.6543870502048068,0.2780723124742508,1,3.9659881591796875,1,0.8411018583509656,0.3366084098815918,1,4.0892486572265625
4157.206,5,1,1,stimulusMovement,1,0.5664162105984157,0.2091299593448639,1,4.18328857421875,0,nan,nan,0,nan
4173.872,5,1,1,stimulusMovement,1,0.629407352871365,0.2519156485795975,1,4.05157470703125,1,0.8191853629218206,0.3780165836215019,1,4.0331268310546875
4190.54,5,1,1,stimulusMovement,1,0.5989212459988064,0.23184126615524292,1,4.1526336669921875,1,0.8678439458211262,0.4031529203057289,1,3.902679443359375
4207.207,5,1,1,stimulusMovement,0,nan,nan,0,nan,1,0.8774723476833767,0.4195612221956253,1,3.99871826171875
4223.874,5,1,1,stimulusMovement,1,0.6379328833685981,0.20224502682685852,1,4.1637725830078125,1,0.8728760613335503,0.36013494431972504,1,4.02899169921875
4240.541,5,1,1,stimulusMovement,1,0.6007092793782551,0.20453137159347534,1,4.226654052734375,1,0.8603146870930989,0.3818160593509674,1,3.9864501953125
4257.208,5,1,1,stimulusMovement,1,0.6407553354899088,0.2092583179473877,1,4.0926971435546875,1,0.8843129475911458,0.3899999260902405,1,3.9208831787109375
4273.874,5,1,1,stimulusMovement,1,0.6763440238104926,0.2996576726436615,1,3.9156341552734375,1,0.8512802124023438,0.38702791929244995,1,3.98614501953125
4290.542,5,1,1,stimulusMovement,1,0.6601221296522352,0.28634320199489594,1,3.9869842529296875,1,0.8345882627699109,0.3918599635362625,1,4.0866546630859375
4307.209,5,1,1,stimulusMovement,1,0.6706744299994575,0.27951790392398834,1,3.957733154296875,1,0.8629627227783203,0.3630998134613037,1,3.9826812744140625
4323.876,5,1,1,stimulusMovement,1,0.6663586298624674,0.23805326223373413,1,4.0403289794921875,1,0.7915962007310655,0.3369459807872772,1,4.101409912109375
4340.543,5,1,1,stimulusMovement,1,0.669608645968967,0.2612913250923157,1,3.9683074951171875,1,0.8540259467230902,0.3646242916584015,1,3.9637603759765625
4357.211,5,1,1,stimulusMovement,1,0.6560018327501085,0.2860898971557617,1,3.9046630859375,1,0.8700048658582898,0.3892601281404495,1,3.938873291015625
4373.877,5,1,1,stimulusMovement,1,0.6739847395155164,0.2660125494003296,1,3.9554290771484375,1,0.8718723720974392,0.3837389275431633,1,3.910797119140625
4390.545,5,1,1,stimulusMovement,1,0.6494420369466145,0.2912037670612335,1,3.88739013671875,1,0.8012556499905056,0.33426330983638763,1,3.9915008544921875
4407.212,5,1,1,stimulusMovement,1,0.6596826977199978,0.2893251031637192,1,3.9014434814453125,1,0.8276248508029513,0.3425093740224838,1,3.992218017578125
4423.878,5,1,1,stimulusMovement,1,0.666667620340983,0.3140702247619629,1,3.7900848388671875,1,0.8723993301391602,0.36410100758075714,1,3.8271636962890625
4440.546,5,1,1,stimulusMovement,1,0.6161728964911567,0.24680638313293457,1,3.996978759765625,1,0.9054620530870225,0.3772909343242645,1,3.8177032470703125
4457.213,5,1,1,stimulusMovement,1,0.659810913933648,0.28574085235595703,1,3.812835693359375,1,0.8733988867865667,0.35573072731494904,1,3.8531341552734375
4473.88,5,1,1,stimulusMovement,1,0.6820813284979926,0.27231675386428833,1,3.8537750244140625,1,0.8715488645765516,0.40020886063575745,1,3.867431640625
4490.547,5,1,1,stimulusMovement,1,0.6377589967515733,0.2749958336353302,1,3.915924072265625,1,0.8750678168402777,0.3869856148958206,1,3.841461181640625
4507.215,5,1,1,stimulusMovement,1,0.6654393937852647,0.2962842434644699,1,3.784271240234375,1,0.8514898088243272,0.3978550136089325,1,3.7966766357421875
4523.881,5,1,1,stimulusMovement,1,0.666097429063585,0.28994637727737427,1,3.7682952880859375,1,0.8931823306613498,0.40319589525461197,1,3.7507781982421875
4540.549,5,1,1,stimulusMovement,1,0.6641621059841579,0.2992521971464157,1,3.728973388671875,0,nan,nan,0,nan
4557.216,5,1,1,stimulusMovement,1,0.6777345869276258,0.3268253952264786,1,3.691925048828125,1,0.8850409189860026,0.4010971486568451,1,3.7185211181640625
4573.883,5,1,1,stimulusMovement,1,0.652563730875651,0.2721944600343704,1,3.7779693603515625,1,0.8740930557250977,0.37752028554677963,1,3.7202606201171875
4590.55,5,1,1,stimulusMovement,1,0.6634960174560547,0.3210317939519882,1,3.6627960205078125,1,0.8870237138536241,0.39836396276950836,1,3.6561126708984375
4607.218,5,1,1,stimulusMovement,1,0.6682486004299587,0.33290907740592957,1,3.6336822509765625,1,0.7921103371514214,0.34187087416648865,1,3.8490142822265625
4623.885,5,1,1,stimulusMovement,1,0.6872260835435655,0.31070925295352936,1,3.6643218994140625,1,0.7774880727132161,0.3591614067554474,1,3.922943115234375
4640.553,5,1,1,stimulusMovement,1,0.6824155383639865,0.33221690356731415,1,3.6124114990234375,1,0.8593328264024522,0.3880012184381485,1,3.7691802978515625
4657.22,5,1,1,stimulusMovement,1,0.6809321509467231,0.32689228653907776,1,3.6221771240234375,0,nan,nan,0,nan
4673.887,5,1,1,stimulusMovement,1,0.6884580188327365,0.2667989730834961,1,3.731414794921875,1,0.8312596215142144,0.36826780438423157,1,3.7662353515625
4690.554,5,1,1,stimulusMovement,1,0.680946562025282,0.33299943804740906,1,3.5611724853515625,1,0.8488660388522677,0.37768248468637466,1,3.7230224609375
4707.222,5,1,1,stimulusMovement,1,0.6789279513888888,0.3213418126106262,1,3.6061553955078125,1,0.8934095170762804,0.38614632934331894,1,3.62188720703125
4723.888,5,1,1,stimulusMovement,1,0.6885321935017903,0.3001672774553299,1,3.6388092041015625,1,0.882560306125217,0.38866230845451355,1,3.651702880859375
4740.556,5,1,1,stimulusMovement,1,0.6730170779758029,0.3198567181825638,1,3.6096954345703125,1,0.8962071736653645,0.3958231508731842,1,3.5818023681640625
4757.224,5,1,1,stimulusMovement,1,0.6714615292019314,0.2828511446714401,1,3.6450958251953125,0,nan,nan,0,nan
4773.891,5,1,1,stimulusMovement,1,0.665475951300727,0.28616011142730713,1,3.5967254638671875,1,0.8583298789130316,0.37054865062236786,1,3.6918487548828125
4790.558,5,1,1,stimulusMovement,1,0.6925025516086154,0.34620870649814606,1,3.5372314453125,1,0.8859482871161566,0.3884013146162033,1,3.5828704833984375
4807.226,5,1,1,stimulusMovement,1,0.6873029073079426,0.33460187911987305,1,3.527130126953125,1,0.9039997524685329,0.38134146481752396,1,3.58221435546875
4823.893,5,1,1,stimulusMovement,1,0.679509162902832,0.3180495351552963,1,3.5138092041015625,0,nan,nan,0,nan
4840.561,5,1,1,stimulusMovement,1,0.6938124762641059,0.33984026312828064,1,3.469573974609375,1,0.905164082845052,0.4087529256939888,1,3.529327392578125
4857.228,5,1,1,stimulusMovement,1,0.6874010297987195,0.3359583467245102,1,3.4923858642578125,1,0.8513187832302517,0.36571817100048065,1,3.711700439453125
4873.895,5,1,1,stimulusMovement,1,0.6910915374755859,0.34652650356292725,1,3.4775543212890625,0,nan,nan,0,nan
4890.562,5,1,1,stimulusMovement,1,0.686407830980089,0.34416940808296204,1,3.446807861328125,0,nan,nan,0,nan
4907.23,5,1,1,stimulusMovement,1,0.6852590772840711,0.3428194671869278,1,3.45648193359375,1,0.8801121181911892,0.3978430777788162,1,3.4943389892578125
4923.897,5,1,1,stimulusMovement,1,0.6972406175401475,0.32981741428375244,1,3.4425811767578125,1,0.8782512876722547,0.39542391896247864,1,3.5152587890625
4940.565,5,1,1,stimulusMovement,1,0.6913832558525933,0.34073658287525177,1,3.4174652099609375,0,nan,nan,0,nan
4957.232,5,1,1,stimulusMovement,1,0.68157958984375,0.34158916771411896,1,3.4325408935546875,1,0.8960056304931641,0.3948569744825363,1,3.454620361328125
4973.899,5,1,1,stimulusMovement,1,0.6946879492865669,0.3435399979352951,1,3.43670654296875,0,nan,nan,0,nan
4990.567,5,1,1,stimulusMovement,1,0.6940765380859375,0.33492153882980347,1,3.4516754150390625,1,0.7852818171183268,0.31574539840221405,1,3.7193756103515625
5007.235,5,1,1,stimulusMovement,1,0.6912818484836154,0.3381192684173584,1,3.4430694580078125,1,0.8942457834879557,0.40094325691461563,1,3.473419189453125
5023.902,5,1,1,stimulusMovement,1,0.6954896714952257,0.3479449301958084,1,3.45281982421875,1,0.9150439368353949,0.4146454632282257,1,3.5198516845703125
5040.57,5,1,1,stimulusMovement,1,0.6859491136338975,0.34709346294403076,1,3.424163818359375,0,nan,nan,0,nan
5057.237,5,1,1,stimulusMovement,1,0.6905961566501193,0.32971520721912384,1,3.4387664794921875,0,nan,nan,0,nan
5073.904,5,1,1,stimulusMovement,1,0.7030891842312282,0.34395259618759155,1,3.4381561279296875,0,nan,nan,0,nan
5090.572,5,1,1,stimulusMovement,1,0.702988518608941,0.32749152183532715,1,3.4546661376953125,1,0.8927311367458767,0.380807027220726,1,3.4994049072265625
5107.24,5,1,1,stimulusMovement,1,0.7011146545410156,0.34083564579486847,1,3.459075927734375,1,0.8943831125895182,0.38914257287979126,1,3.463714599609375
5123.906,5,1,1,stimulusMovement,1,0.7029961480034722,0.3422362953424454,1,3.45269775390625,1,0.8931526607937282,0.3971099406480789,1,3.4932403564453125
5140.574,5,1,1,stimulusMovement,1,0.7007817162407769,0.34602075815200806,1,3.440765380859375,1,0.8605864842732747,0.35930825769901276,1,3.606536865234375
5157.242,5,1,1,stimulusMovement,1,0.697694354587131,0.3333309590816498,1,3.468353271484375,1,0.8422408633761935,0.3461058884859085,1,3.7125396728515625
5173.909,5,1,1,stimulusMovement,1,0.6985702514648438,0.3481334149837494,1,3.4613800048828125,0,nan,nan,0,nan
5190.577,5,1,1,stimulusMovement,1,0.7001618279351128,0.34063248336315155,1,3.4596099853515625,0,nan,nan,0,nan
5207.245,5,1,1,stimulusMovement,1,0.7144260406494141,0.3380056321620941,1,3.4863128662109375,0,nan,nan,0,nan
5223.912,5,1,1,stimulusMovement,1,0.704575326707628,0.351634681224823,1,3.4593505859375,1,0.9038976033528645,0.3938304930925369,1,3.5620574951171875
5240.58,5,1,1,stimulusMovement,1,0.6925536261664497,0.34158581495285034,1,3.4606475830078125,1,0.9015530480278863,0.3923099786043167,1,3.5343780517578125
5257.247,5,1,1,stimulusMovement,1,0.6889177958170573,0.32080698013305664,1,3.5291748046875,0,nan,nan,0,nan
5273.914,5,1,1,stimulusMovement,1,0.6985147264268663,0.31958070397377014,1,3.5024566650390625,1,0.8324996100531683,0.28166595101356506,1,3.510894775390625
5290.582,5,1,1,stimulusMovement,1,0.6867522133721246,0.32428041100502014,1,3.5103302001953125,1,0.8935601976182725,0.3241836726665497,1,3.454376220703125
5307.25,5,1,1,stimulusMovement,1,0.6844156053331163,0.3262486457824707,1,3.5127105712890625,1,0.8843057420518663,0.3930366337299347,1,3.704803466796875
5323.917,5,1,1,stimulusMovement,1,0.67510011461046,0.2832949608564377,1,3.578338623046875,0,nan,nan,0,nan
5340.585,5,1,1,stimulusMovement,1,0.673002454969618,0.23722335696220398,1,3.5294647216796875,0,nan,nan,0,nan
5357.253,5,1,1,stimulusMovement,1,0.6744918823242188,0.1997169554233551,1,3.5358428955078125,1,0.866853290134006,0.2559170722961426,1,3.5914459228515625
5373.92,5,1,1,stimulusMovement,1,0.6680242750379773,0.18093577027320862,1,3.585052490234375,1,0.8545623355441623,0.20976689457893372,1,3.6320037841796875
5390.588,5,1,1,stimulusMovement,1,0.6682590908474392,0.1720377802848816,1,3.5731048583984375,1,0.863030539618598,0.23375457525253296,1,3.5987701416015625
5407.257,5,1,1,stimulusMovement,1,0.6628307766384548,0.19199466705322266,1,3.551239013671875,1,0.8763885498046875,0.2169695496559143,1,3.6101837158203125
5423.924,5,1,1,stimulusMovement,1,0.6643855836656358,0.16757002472877502,1,3.618621826171875,1,0.8665796915690104,0.2115078866481781,1,3.6579437255859375
5440.592,5,1,1,stimulusMovement,1,0.6720337337917751,0.17229357361793518,1,3.5587921142578125,1,0.8587379455566406,0.20384323596954346,1,3.6342315673828125
5457.259,5,1,1,stimulusMovement,1,0.6843590206570095,0.16308528184890747,1,3.604888916015625,1,0.865883191426595,0.1877281367778778,1,3.6563262939453125
5473.926,5,1,1,stimulusMovement,1,0.6596193313598633,0.15505167841911316,1,3.5691680908203125,1,0.8145506117078992,0.15041512250900269,1,3.739959716796875
5490.594,5,1,1,stimulusMovement,1,0.6481797960069444,0.09864342212677002,1,3.6507568359375,1,0.7843534681532117,0.1379612684249878,1,3.8805999755859375
5507.262,5,1,1,stimulusMovement,1,0.6672278510199653,0.15226426720619202,1,3.5451202392578125,1,0.8350062900119357,0.17880314588546753,1,3.7242584228515625
5523.929,5,1,1,stimulusMovement,1,0.6685487959120008,0.13257786631584167,1,3.572845458984375,1,0.8463304307725694,0.16303250193595886,1,3.7100067138671875
5540.596,5,1,1,stimulusMovement,1,0.6524525748358833,-0.003123044967651367,1,3.6413421630859375,1,0.8802038828531901,0.028956472873687744,1,3.6330718994140625
5557.263,5,1,1,stimulusMovement,1,0.6526569790310329,-0.03364473581314087,1,3.7119140625,1,0.8043920728895398,-0.05220460891723633,1,3.908294677734375
5573.929,5,1,1,stimulusMovement,1,0.6925214131673176,-0.07217872142791748,1,3.6590423583984375,1,0.8081216812133789,-0.08516210317611694,1,3.891387939453125
5590.596,5,1,1,stimulusMovement,1,0.6535559760199653,-0.08574998378753662,1,3.7412872314453125,1,0.8600753148396809,-0.04683905839920044,1,3.714874267578125
5607.263,5,1,1,stimulusMovement,1,0.71029175652398,-0.06618869304656982,1,3.6076507568359375,1,0.8816608852810329,-0.06590050458908081,1,3.7154693603515625
5623.929,5,1,1,stimulusMovement,1,0.6289472579956055,-0.1455141305923462,1,3.88250732421875,1,0.8616130616929796,-0.07541418075561523,1,3.7510223388671875
5640.595,5,1,1,stimulusMovement,1,0.6717740164862739,-0.08135217428207397,1,3.62872314453125,1,0.8330427805582682,-0.0897601842880249,1,3.8212738037109375
5657.262,5,1,1,stimulusMovement,1,0.6427249908447266,-0.11124014854431152,1,3.6893310546875,1,0.7492429945203992,-0.1112217903137207,1,3.9717559814453125
5673.928,5,1,1,stimulusMovement,1,0.6679939693874782,-0.10765194892883301,1,3.6142730712890625,1,0.8887496524386935,-0.05314028263092041,1,3.618011474609375
5690.595,5,1,1,stimulusMovement,1,0.5916351742214626,-0.1472606658935547,1,3.7689361572265625,1,0.7995745340983073,-0.1322271227836609,1,3.873504638671875
5707.262,5,1,1,stimulusMovement,1,0.6507161458333333,-0.13092905282974243,1,3.6198883056640625,1,0.7746393415662977,-0.16267061233520508,1,3.8690643310546875
5723.928,5,1,1,stimulusMovement,1,0.6824103461371528,-0.12943404912948608,1,3.54901123046875,1,0.8393775092230902,-0.10872757434844971,1,3.69775390625
5740.595,5,1,1,stimulusMovement,1,0.6368419859144422,-0.16204583644866943,1,3.6848907470703125,1,0.8538441128200954,-0.09945178031921387,1,3.6171875
5757.262,5,1,1,stimulusMovement,1,0.662171893649631,-0.15314292907714844,1,3.4876861572265625,1,0.8132062488132052,-0.11322581768035889,1,3.6903076171875
5773.928,5,1,1,stimulusMovement,1,0.6411596934000651,-0.17099428176879883,1,3.5467681884765625,1,0.8697465260823567,-0.10627782344818115,1,3.528839111328125
5790.595,5,1,1,stimulusMovement,1,0.6547719107733833,-0.14784729480743408,1,3.43035888671875,1,0.8280917273627386,-0.12368041276931763,1,3.597900390625
5807.262,5,1,1,stimulusMovement,1,0.6622495651245117,-0.1473183035850525,1,3.3531036376953125,1,0.8365539974636501,-0.12647205591201782,1,3.5656890869140625
5823.928,5,1,1,stimulusMovement,1,0.6872265073988172,-0.2047557830810547,1,3.296234130859375,1,0.8676874372694227,-0.1593914031982422,1,3.4896240234375
5840.594,5,1,1,stimulusMovement,1,0.6737932629055446,-0.2603447437286377,1,3.3856658935546875,1,0.9017810821533203,-0.26784366369247437,1,3.4325103759765625
5857.261,5,1,1,stimulusMovement,1,0.6773245069715711,-0.27914100885391235,1,3.259918212890625,1,0.8216888639662,-0.30679851770401,1,3.5965118408203125
5873.927,5,1,1,stimulusMovement,1,0.6777635150485568,-0.2877366542816162,1,3.31103515625,1,0.8841542137993706,-0.27790284156799316,1,3.3872222900390625
5890.594,5,1,1,stimulusMovement,1,0.7075379689534504,-0.32767021656036377,1,3.2971343994140625,1,0.8823407491048176,-0.2708226442337036,1,3.3983001708984375
5907.261,5,1,1,stimulusMovement,1,0.6998914082845051,-0.3073958158493042,1,3.1991119384765625,1,0.8141408496432834,-0.32813704013824463,1,3.522552490234375
5923.927,5,1,1,stimulusMovement,1,0.6986860699123806,-0.3042430877685547,1,3.184967041015625,1,0.8598741955227321,-0.3153724670410156,1,3.4156494140625
5940.594,5,1,1,stimulusMovement,1,0.7015336354573567,-0.34011077880859375,1,3.177490234375,1,0.8888351652357313,-0.30876433849334717,1,3.316864013671875
5957.261,5,1,1,stimulusMovement,1,0.6889448165893555,-0.3354001045227051,1,3.1504058837890625,1,0.8510121239556206,-0.3515397906303406,1,3.4127349853515625
5973.927,5,1,1,stimulusMovement,1,0.6986562940809461,-0.3748483657836914,1,3.211578369140625,1,0.8598285251193576,-0.3091423511505127,1,3.32574462890625
5990.594,5,1,1,stimulusMovement,1,0.7131114535861545,-0.3530256152153015,1,3.1703033447265625,1,0.9031272464328342,-0.32681071758270264,1,3.2828826904296875
6007.261,5,1,1,stimulusMovement,1,0.7013785044352213,-0.3690478801727295,1,3.132965087890625,1,0.7922659979926214,-0.42423027753829956,1,3.55242919921875
6023.927,5,1,1,stimulusMovement,1,0.7235546112060547,-0.3898000717163086,1,3.1298980712890625,1,0.8365932040744357,-0.3594280481338501,1,3.4327392578125
6040.593,5,1,1,stimulusMovement,1,0.7153615951538086,-0.3834480047225952,1,3.12255859375,1,0.8223917219373914,-0.4363001585006714,1,3.4646759033203125
6057.26,5,1,1,stimulusMovement,1,0.7135420905219184,-0.3953101634979248,1,3.1331329345703125,1,0.8583994971381292,-0.4092491865158081,1,3.3772430419921875
6073.926,5,1,1,stimulusMovement,1,0.7233490414089626,-0.4214709997177124,1,3.129730224609375,1,0.8242727915445963,-0.4343019723892212,1,3.4539947509765625
6090.593,5,1,1,stimulusMovement,1,0.719223870171441,-0.41885924339294434,1,3.1179351806640625,1,0.8347214592827691,-0.46310216188430786,1,3.4304656982421875
6107.26,5,1,1,stimulusMovement,1,0.6938045289781358,-0.43341439962387085,1,3.0762176513671875,1,0.8133036295572916,-0.47489094734191895,1,3.4549407958984375
6123.926,5,1,1,stimulusMovement,1,0.6892889870537652,-0.4598371386528015,1,3.13262939453125,1,0.810945087009006,-0.5083271265029907,1,3.438262939453125
6140.593,5,1,1,stimulusMovement,1,0.7102733188205295,-0.46026086807250977,1,3.044921875,1,0.7952130635579426,-0.4972027540206909,1,3.4500732421875
6157.26,5,1,1,stimulusMovement,1,0.7046004401312934,-0.4679471254348755,1,3.03094482421875,1,0.8364072375827365,-0.5153505802154541,1,3.4234466552734375
6173.926,5,1,1,stimulusMovement,1,0.7205993864271375,-0.4831992983818054,1,3.06524658203125,1,0.7943196826510959,-0.5249748229980469,1,3.4260406494140625
6190.593,5,1,1,stimulusMovement,1,0.6933640374077691,-0.4872812032699585,1,3.0732269287109375,1,0.8557067447238498,-0.47885894775390625,1,3.266876220703125
6207.26,5,1,1,stimulusMovement,1,0.7017781999376085,-0.489868700504303,1,3.084442138671875,1,0.7820072174072266,-0.5204179286956787,1,3.4156494140625
6223.926,5,1,1,stimulusMovement,1,0.6731672286987305,-0.49051976203918457,1,3.004302978515625,1,0.7849625481499566,-0.5101865530014038,1,3.47760009765625
6240.592,5,1,1,stimulusMovement,1,0.6521479288736979,-0.49167054891586304,1,3.1434326171875,1,0.8131024042765299,-0.500988245010376,1,3.3247222900390625
6257.259,5,1,1,stimulusMovement,1,0.6405715942382812,-0.4647732973098755,1,3.1812744140625,1,0.7993554009331597,-0.4755901098251343,1,3.34552001953125
6273.925,5,1,1,stimulusMovement,1,0.6879367828369141,-0.4825408458709717,1,3.0404815673828125,1,0.8597320980495876,-0.4945128560066223,1,3.2080535888671875
6290.592,5,1,1,stimulusMovement,1,0.7025425169203016,-0.48459166288375854,1,3.0889434814453125,1,0.8398862414889865,-0.49357420206069946,1,3.2518157958984375
6307.259,5,1,1,stimulusMovement,1,0.6778975592719184,-0.4647766351699829,1,3.0792999267578125,1,0.8442126380072699,-0.49025774002075195,1,3.2335205078125
6323.925,5,1,1,stimulusMovement,1,0.6657916174994575,-0.4734841585159302,1,3.04400634765625,1,0.837893591986762,-0.4818975329399109,1,3.2486419677734375
6340.592,5,1,1,stimulusMovement,1,0.7058398988511827,-0.46561938524246216,1,2.9834136962890625,1,0.8404419157240125,-0.47345203161239624,1,3.2221527099609375
6357.259,5,1,1,stimulusMovement,1,0.6712667677137586,-0.4591580629348755,1,3.0278167724609375,1,0.8198063108656141,-0.4609953761100769,1,3.2403411865234375
6373.925,5,1,1,stimulusMovement,1,0.6783369912041558,-0.4544793963432312,1,3.0124359130859375,1,0.8504551781548394,-0.4540017247200012,1,3.21270751953125
6390.592,5,1,1,stimulusMovement,1,0.7369586096869575,-0.3992420434951782,1,3.0158538818359375,1,0.8701008690728081,-0.3899163007736206,1,3.1581268310546875
6407.259,5,1,1,stimulusMovement,1,0.7074312633938259,-0.41087067127227783,1,2.992340087890625,1,0.8622667524549695,-0.40679919719696045,1,3.178314208984375
6423.924,5,1,1,stimulusMovement,1,0.6967086791992188,-0.3971118927001953,1,2.9764862060546875,1,0.8592677646213107,-0.3977140188217163,1,3.191558837890625
6440.591,5,1,1,stimulusMovement,1,0.7111621432834201,-0.4117698073387146,1,3.01495361328125,1,0.8878174887763128,-0.38973724842071533,1,3.132232666015625
6457.258,5,1,1,stimulusMovement,1,0.7076789008246528,-0.3925607204437256,1,3.0001220703125,1,0.8587830861409504,-0.4246489405632019,1,3.172332763671875
6473.924,5,1,1,stimulusMovement,1,0.6963441636827257,-0.40603935718536377,1,3.015625,1,0.8613497416178385,-0.4061773419380188,1,3.16888427734375
6490.591,5,1,1,stimulusMovement,1,0.7143228318956163,-0.4082678556442261,1,2.983856201171875,1,0.8663594987657335,-0.4093594551086426,1,3.2114410400390625
6507.258,5,1,1,stimulusMovement,1,0.7647358576456705,-0.42000216245651245,1,3.0665130615234375,1,0.8685019810994465,-0.39444494247436523,1,3.1262054443359375
6523.924,5,1,1,stimulusMovement,1,0.7223687701755099,-0.4184073805809021,1,2.979248046875,1,0.8521748648749456,-0.3953115940093994,1,3.18060302734375
6540.591,5,1,1,stimulusMovement,1,0.733064333597819,-0.4175841808319092,1,3.00592041015625,1,0.8491079542371961,-0.41051626205444336,1,3.23016357421875
6557.258,5,1,1,stimulusMovement,1,0.7221537695990669,-0.41398072242736816,1,3.01190185546875,1,0.862352795071072,-0.3997698426246643,1,3.1430816650390625
6573.924,5,1,1,stimulusMovement,1,0.7118314107259114,-0.40508776903152466,1,2.99188232421875,1,0.8950640360514323,-0.3967961072921753,1,3.109954833984375
6590.591,5,1,1,stimulusMovement,1,0.7051324844360352,-0.41454029083251953,1,2.97454833984375,1,0.8779963387383355,-0.40582311153411865,1,3.13946533203125
6607.258,5,1,1,stimulusMovement,1,0.6989626354641384,-0.4233529567718506,1,3.0011138916015625,1,0.891292995876736,-0.40658026933670044,1,3.106231689453125
6623.923,5,1,1,stimulusMovement,1,0.7454836103651258,-0.4268573522567749,1,3.0199127197265625,1,0.8768179151746961,-0.40391838550567627,1,3.134063720703125
6640.59,5,1,1,stimulusMovement,1,0.7109767066107856,-0.4077993631362915,1,2.9710540771484375,1,0.8799571990966797,-0.3981250524520874,1,3.1134796142578125
6657.257,5,1,1,stimulusMovement,1,0.7220475938585069,-0.40315675735473633,1,3.0109405517578125,1,0.8864430321587456,-0.40957891941070557,1,3.118377685546875
6673.923,5,1,1,stimulusMovement,1,0.7058631049262153,-0.42096835374832153,1,2.9769744873046875,1,0.8827313317192925,-0.41557013988494873,1,3.113006591796875
6690.59,5,1,1,stimulusMovement,1,0.6990172068277994,-0.4173935651779175,1,2.9806671142578125,1,0.8786482281155056,-0.4105052947998047,1,3.080291748046875
6707.257,5,1,1,stimulusMovement,1,0.7190972434149848,-0.402066707611084,1,2.957489013671875,1,0.8899822235107422,-0.406493604183197,1,3.0860748291015625
6723.923,5,1,1,stimulusMovement,1,0.7063362333509656,-0.4142090082168579,1,2.939910888671875,1,0.8506024678548176,-0.4084610939025879,1,3.17181396484375
6740.59,5,1,1,stimulusMovement,1,0.7244095272488064,-0.4218977093696594,1,2.9958648681640625,1,0.8790211147732204,-0.41572266817092896,1,3.0697021484375
6757.257,5,1,1,stimulusMovement,1,0.6865808698866102,-0.4053936004638672,1,2.927032470703125,1,0.8881202273898654,-0.41560518741607666,1,3.0620574951171875
6773.923,5,1,1,stimulusMovement,1,0.6890038384331597,-0.4085070490837097,1,2.8991851806640625,1,0.885520511203342,-0.41162025928497314,1,3.039093017578125
6790.59,5,1,1,stimulusMovement,1,0.6748246086968316,-0.4112488627433777,1,2.908538818359375,1,0.868989626566569,-0.4072681665420532,1,3.080902099609375
6807.257,5,1,1,stimulusMovement,1,0.6910235087076823,-0.41183704137802124,1,2.9178924560546875,1,0.891694598727756,-0.4137648344039917,1,2.9909210205078125
6823.922,5,1,1,stimulusMovement,1,0.7004292805989583,-0.40687358379364014,1,2.8949127197265625,1,0.8707648383246527,-0.41572105884552,1,3.0746307373046875
6840.589,5,1,1,stimulusMovement,1,0.7565413581000434,-0.4286905527114868,1,3.012908935546875,1,0.8724545372856988,-0.41032886505126953,1,3.0296478271484375
6857.256,5,1,1,stimulusMovement,1,0.6912803649902344,-0.4206446409225464,1,2.9116973876953125,1,0.8671610090467664,-0.4117710590362549,1,3.04400634765625
6873.922,5,1,1,stimulusMovement,1,0.7068855497572156,-0.43222081661224365,1,2.9296112060546875,1,0.8817936579386393,-0.40755218267440796,1,3.0116119384765625
6890.589,5,1,1,stimulusMovement,1,0.7020755343967013,-0.4045693874359131,1,2.8919219970703125,1,0.821642239888509,-0.4029389023780823,1,3.1532440185546875
6907.256,5,1,1,stimulusMovement,1,0.7123908996582031,-0.40966010093688965,1,2.938934326171875,1,0.8712861802842882,-0.4272586703300476,1,3.049713134765625
6923.922,5,1,1,stimulusMovement,1,0.6919778188069661,-0.4085313081741333,1,2.91839599609375,1,0.8353424072265625,-0.40046370029449463,1,3.0826416015625
6940.589,5,1,1,stimulusMovement,1,0.6857902738783094,-0.4096449613571167,1,2.9117431640625,1,0.8637520472208658,-0.39777153730392456,1,3.067840576171875
6957.256,5,1,1,stimulusMovement,1,0.6952523125542535,-0.40741944313049316,1,2.9159393310546875,1,0.8549974229600694,-0.3904767632484436,1,3.1269683837890625
6973.922,5,1,1,stimulusMovement,1,0.6938103569878472,-0.4159134030342102,1,2.918060302734375,1,0.8929542965359157,-0.40378308296203613,1,3.053741455078125
6990.589,5,1,1,stimulusMovement,1,0.719980345831977,-0.39116501808166504,1,2.9233551025390625,1,0.87524233924018,-0.42743420600891113,1,3.123504638671875
7007.256,5,1,1,stimulusMovement,1,0.6964007483588325,-0.3943546414375305,1,2.9589385986328125,1,0.8444413079155816,-0.39824968576431274,1,3.1140289306640625
7023.921,5,1,1,stimulusMovement,1,0.6972007751464844,-0.40539437532424927,1,2.9498443603515625,1,0.7697499593098958,-0.413642942905426,1,3.2855072021484375
7040.588,5,1,1,stimulusMovement,1,0.7233458624945747,-0.4030226469039917,1,2.952239990234375,1,0.8501319885253906,-0.4217965602874756,1,3.2040863037109375
7057.255,5,1,1,stimulusMovement,1,0.7160335116916232,-0.40108054876327515,1,2.98974609375,1,0.8921661376953125,-0.41473788022994995,1,3.110748291015625
7073.921,5,1,1,stimulusMovement,1,0.6857311460706922,-0.4019484519958496,1,2.9652557373046875,1,0.8915360768636067,-0.41559481620788574,1,3.1011505126953125
7090.588,5,1,1,stimulusMovement,1,0.7105216979980469,-0.40493643283843994,1,2.9712371826171875,1,0.8513177235921223,-0.4409032464027405,1,3.2024383544921875
7107.255,5,1,1,stimulusMovement,1,0.7059812545776367,-0.39426350593566895,1,2.9802093505859375,1,0.852328618367513,-0.39962518215179443,1,3.179473876953125
7123.921,5,1,1,stimulusMovement,1,0.6953572167290581,-0.4059045910835266,1,2.9809112548828125,1,0.8700648413764105,-0.3968160152435303,1,3.154754638671875
7140.588,5,1,1,stimulusMovement,1,0.6828406651814778,-0.39251595735549927,1,2.95465087890625,1,0.8926209343804253,-0.3899303674697876,1,3.0636138916015625
7157.255,5,1,1,stimulusMovement,1,0.7130315568712022,-0.40403276681900024,1,2.9809417724609375,1,0.8735447989569769,-0.3886551260948181,1,3.1327056884765625
7173.921,5,1,1,stimulusMovement,1,0.690055317348904,-0.39496421813964844,1,2.997344970703125,1,0.8781932195027669,-0.3789960741996765,1,3.0680389404296875
7190.589,5,1,1,stimulusMovement,1,0.6864207585652669,-0.4004296064376831,1,2.9995574951171875,1,0.8846662309434679,-0.4048636555671692,1,3.12939453125
7207.255,5,1,1,stimulusMovement,1,0.6896502176920573,-0.38466423749923706,1,2.991851806640625,1,0.8891393873426648,-0.3937801718711853,1,3.1608123779296875
7223.921,5,1,1,stimulusMovement,1,0.6876426272922092,-0.39743709564208984,1,3.03253173828125,1,0.864985360039605,-0.41531383991241455,1,3.188690185546875
7240.589,5,1,1,stimulusMovement,1,0.7069649166531032,-0.39437180757522583,1,3.057586669921875,1,0.8502801259358723,-0.4007934331893921,1,3.20806884765625
7257.256,5,1,1,stimulusMovement,1,0.7091253068712022,-0.3940584659576416,1,3.03021240234375,1,0.8768299950493706,-0.4053599238395691,1,3.15179443359375
7273.922,5,1,1,stimulusMovement,1,0.6953457726372613,-0.40185225009918213,1,3.03204345703125,1,0.8781587812635633,-0.40586739778518677,1,3.1767120361328125
7290.59,5,1,1,stimulusMovement,1,0.7025026745266384,-0.3897395133972168,1,3.06494140625,1,0.8914688958062066,-0.3902817964553833,1,3.130767822265625
7307.257,5,1,1,stimulusMovement,1,0.6968574523925781,-0.3973195552825928,1,3.0580291748046875,1,0.8719267315334743,-0.39760011434555054,1,3.1411590576171875
7323.923,5,1,1,stimulusMovement,1,0.6934231652153863,-0.3958430290222168,1,3.083709716796875,1,0.8532472186618381,-0.3902866840362549,1,3.22442626953125
7340.59,5,1,1,stimulusMovement,1,0.6859473122490777,-0.40260231494903564,1,3.1358795166015625,1,0.8304218716091579,-0.4105146527290344,1,3.2813262939453125
7357.258,5,1,1,stimulusMovement,1,0.6722777684529622,-0.4066407084465027,1,3.1246490478515625,1,0.8356206681993272,-0.4301425814628601,1,3.2784423828125
7373.924,5,1,1,stimulusMovement,1,0.6949931250678169,-0.39527225494384766,1,3.1161041259765625,1,0.857076432969835,-0.41989314556121826,1,3.2785491943359375
7390.591,5,1,1,stimulusMovement,1,0.6513576507568359,-0.41948676109313965,1,3.2620849609375,1,0.8488109376695421,-0.40612107515335083,1,3.303192138671875
7407.258,5,1,1,stimulusMovement,1,0.690049065483941,-0.4134390950202942,1,3.1898651123046875,1,0.8158993191189235,-0.4201260805130005,1,3.37200927734375
7423.924,5,1,1,stimulusMovement,1,0.6857075161404079,-0.40595048666000366,1,3.1900634765625,1,0.8144764370388454,-0.43222862482070923,1,3.3922271728515625
7440.591,5,1,1,stimulusMovement,1,0.6733421749538845,-0.44029700756073,1,3.285919189453125,1,0.7720230950249566,-0.4816925525665283,1,3.52984619140625
7457.259,5,1,1,stimulusMovement,1,0.6988976796468098,-0.41098135709762573,1,3.2115325927734375,1,0.8319553799099392,-0.4435751438140869,1,3.4073944091796875
7473.925,5,1,1,stimulusMovement,1,0.6884759267171223,-0.4083383083343506,1,3.202667236328125,1,0.8094112608167859,-0.48591524362564087,1,3.5009613037109375
7490.592,5,1,1,stimulusMovement,1,0.691147698296441,-0.41543424129486084,1,3.276336669921875,1,0.8083890279134114,-0.4949222803115845,1,3.5380401611328125
7507.26,5,1,1,fixation,1,0.7004319296942817,-0.40477454662323,1,3.27069091796875,1,0.8246088027954102,-0.4804452061653137,1,3.505279541015625
7523.926,5,1,1,fixation,1,0.6659651862250434,-0.3813692331314087,1,2.9322662353515625,1,0.8954942491319444,-0.3846083879470825,1,3.0058746337890625
7540.593,5,1,1,fixation,0,nan,nan,0,nan,0,nan,nan,0,nan
7557.26,5,1,1,fixation,1,0.6732030444675021,-0.41100895404815674,1,3.305419921875,1,0.8325975206163194,-0.4512087106704712,1,3.4902191162109375
7573.927,5,1,1,fixation,1,0.6699363920423719,-0.37876594066619873,1,2.9634857177734375,1,0.8875349892510308,-0.3887729048728943,1,3.055145263671875
7590.594,5,1,1,fixation,0,nan,nan,0,nan,0,nan,nan,0,nan
7607.261,5,1,1,fixation,1,0.6834858788384331,-0.4044337272644043,1,3.325347900390625,1,0.813625759548611,-0.46184754371643066,1,3.6158599853515625
7623.927,5,1,1,fixation,1,0.6657066345214844,-0.38059449195861816,1,3.0178985595703125,1,0.8957797156439886,-0.3872022032737732,1,3.0871124267578125
7640.594,5,1,1,fixation,0,nan,nan,0,nan,0,nan,nan,0,nan
7657.261,5,1,1,fixation,1,0.7010765075683594,-0.422080397605896,1,3.4088897705078125,1,0.8119087219238281,-0.4591236114501953,1,3.59130859375
7673.928,5,1,1,fixation,1,0.6617812050713433,-0.3810865879058838,1,3.04998779296875,1,0.8875982496473523,-0.38708895444869995,1,3.1165313720703125
7690.595,5,1,1,fixation,0,nan,nan,0,nan,0,nan,nan,0,nan
7707.263,5,1,1,fixation,1,0.6946207682291666,-0.4322773218154907,1,3.4161376953125,1,0.7783598370022243,-0.4275761842727661,1,3.669586181640625
7723.929,5,1,1,fixation,1,0.6651880476209852,-0.38340532779693604,1,3.0661163330078125,1,0.8962616390652126,-0.3912010192871094,1,3.1444244384765625
7740.596,5,1,1,fixation,0,nan,nan,0,nan,0,nan,nan,0,nan
7757.263,5,1,1,fixation,1,0.6903226640489366,-0.4288861155509949,1,3.4290008544921875,1,0.8317667643229166,-0.44642341136932373,1,3.5973663330078125
7773.93,5,1,1,fixation,1,0.6626834869384766,-0.3809715509414673,1,3.08380126953125,1,0.8979252709282769,-0.39110004901885986,1,3.1545562744140625
7790.597,5,1,1,fixation,0,nan,nan,0,nan,0,nan,nan,0,nan
7807.264,5,1,1,fixation,1,0.6882126066419813,-0.4296644330024719,1,3.432708740234375,1,0.8046799765692816,-0.4639880657196045,1,3.64654541015625
7823.93,5,1,1,fixation,1,0.6656294928656684,-0.3815147876739502,1,3.0934295654296875,0,nan,nan,0,nan
7840.597,5,1,1,fixation,0,nan,nan,0,nan,0,nan,nan,0,nan
7857.265,5,1,1,fixation,1,0.6846747928195529,-0.41126883029937744,1,3.4378662109375,1,0.8191087510850694,-0.4459075331687927,1,3.6153564453125
7873.931,5,1,1,fixation,1,0.6689272986518012,-0.3823001980781555,1,3.0824737548828125,1,0.8986087375217013,-0.39609044790267944,1,3.1566314697265625
7890.598,5,1,1,fixation,0,nan,nan,0,nan,0,nan,nan,0,nan
7907.266,5,1,1,fixation,1,0.6948856777615017,-0.41116011142730713,1,3.43341064453125,1,0.8452701568603516,-0.44778352975845337,1,3.550567626953125
7923.932,5,1,1,fixation,1,0.6665660010443794,-0.38074010610580444,1,3.0596466064453125,1,0.8965193430582682,-0.3950016498565674,1,3.138214111328125
7940.599,5,1,1,fixation,0,nan,nan,0,nan,0,nan,nan,0,nan
7957.267,5,1,1,fixation,1,0.6917890972561306,-0.41271376609802246,1,3.3581695556640625,1,0.8309238221910265,-0.4442322850227356,1,3.590667724609375
7973.933,5,1,1,fixation,1,0.666396247016059,-0.3799876570701599,1,3.03204345703125,1,0.9013243781195746,-0.3954890966415405,1,3.1115264892578125
7990.6,5,1,1,fixation,0,nan,nan,0,nan,0,nan,nan,0,nan
8007.267,5,1,1,fixation,1,0.7012921439276801,-0.4209696054458618,1,3.362518310546875,1,0.8463102976481119,-0.44705939292907715,1,3.5362701416015625
8023.933,5,1,1,fixation,1,0.6774441401163737,-0.3829376697540283,1,3.0025634765625,1,0.8991137610541449,-0.3913230895996094,1,3.0964813232421875
8040.601,5,1,1,fixation,0,nan,nan,0,nan,0,nan,nan,0,nan
8057.268,5,1,1,fixation,1,0.6952025095621744,-0.41016674041748047,1,3.3277130126953125,1,0.7800714704725477,-0.4462089538574219,1,3.653106689453125
8073.934,5,1,1,fixation,1,0.6725601620144314,-0.38379526138305664,1,2.9975738525390625,1,0.9061508178710938,-0.39413219690322876,1,3.0942840576171875
8090.602,5,1,1,fixation,0,nan,nan,0,nan,0,nan,nan,0,nan
8107.269,5,1,1,fixation,1,0.5707251230875651,-0.4492974281311035,1,3.6663665771484375,1,0.8332027859157985,-0.47733354568481445,1,3.5794525146484375
8123.935,5,1,1,fixation,1,0.6654407713148328,-0.3819328546524048,1,3.00091552734375,1,0.9002643161349826,-0.3929038643836975,1,3.097015380859375
8140.603,5,1,1,fixation,0,nan,nan,0,nan,0,nan,nan,0,nan
8157.27,5,1,1,fixation,1,0.6974940829806857,-0.43328428268432617,1,3.363311767578125,1,0.8140994177924261,-0.4517590403556824,1,3.5458221435546875
8173.936,5,1,1,fixation,1,0.6682186126708984,-0.38201093673706055,1,3.0188751220703125,1,0.9038901858859592,-0.39360249042510986,1,3.1135711669921875
8190.603,5,1,1,fixation,0,nan,nan,0,nan,0,nan,nan,0,nan
8207.271,5,1,1,fixation,1,0.6973321702745225,-0.41777223348617554,1,3.3525543212890625,1,0.8128797743055555,-0.4636771082878113,1,3.595123291015625
8223.937,5,1,1,fixation,1,0.6736852857801648,-0.38732218742370605,1,3.01300048828125,1,0.9023719363742404,-0.39770257472991943,1,3.1226043701171875
8240.604,5,1,1,fixation,0,nan,nan,0,nan,0,nan,nan,0,nan
8257.272,5,1,1,fixation,1,0.7136965857611762,-0.4328835606575012,1,3.38104248046875,1,0.8374903996785481,-0.45537829399108887,1,3.5682830810546875
8273.938,5,1,1,fixation,1,0.6706394619411892,-0.38122838735580444,1,2.9947052001953125,1,0.8991387685139973,-0.3929086923599243,1,3.1270751953125
8290.605,5,1,1,fixation,0,nan,nan,0,nan,0,nan,nan,0,nan
8307.273,5,1,1,fixation,1,0.704641236199273,-0.41561442613601685,1,3.308319091796875,1,0.7985761430528429,-0.4352298378944397,1,3.6438446044921875
8323.939,5,1,1,fixation,1,0.6701811684502496,-0.38457679748535156,1,2.9593048095703125,1,0.9082900153266058,-0.39396846294403076,1,3.1059417724609375
8340.606,5,1,1,fixation,0,nan,nan,0,nan,0,nan,nan,0,nan
8357.274,5,1,1,fixation,1,0.6842996809217664,-0.41758453845977783,1,3.29864501953125,1,0.8018893135918511,-0.44885098934173584,1,3.639251708984375
8373.94,5,1,1,fixation,1,0.673824840121799,-0.3806651830673218,1,2.91748046875,1,0.9103686014811198,-0.3931316137313843,1,3.0885772705078125
8390.607,5,1,1,fixation,0,nan,nan,0,nan,0,nan,nan,0,nan
8407.274,5,1,1,fixation,1,0.7093016306559244,-0.39906466007232666,1,3.2392120361328125,1,0.8160397211710612,-0.476001501083374,1,3.6225738525390625
8423.941,5,1,1,fixation,1,0.6744643317328559,-0.3808424472808838,1,2.8857879638671875,1,0.8999515109592013,-0.3904796242713928,1,3.0684967041015625
8440.608,5,1,1,fixation,0,nan,nan,0,nan,0,nan,nan,0,nan
8457.276,5,1,1,fixation,1,0.6745628780788845,-0.40847504138946533,1,3.2143402099609375,1,0.803805457221137,-0.453450083732605,1,3.5445556640625
8473.942,5,1,1,fixation,1,0.6464383867051866,-0.38110125064849854,1,2.8587188720703125,1,0.8780517578125,-0.3944896459579468,1,3.0531463623046875
8490.609,5,1,1,fixation,0,nan,nan,0,nan,0,nan,nan,0,nan
8507.277,5,1,1,fixation,1,0.5477901034884982,-0.47633713483810425,1,3.678680419921875,1,0.7765292061699761,-0.46386516094207764,1,3.607330322265625
8523.943,5,1,1,fixation,1,0.6449659135606554,-0.38060474395751953,1,2.863433837890625,1,0.8737892574734157,-0.3947417140007019,1,3.0507659912109375
8540.61,5,1,1,stimulusMovement,0,nan,nan,0,nan,0,nan,nan,0,nan
8557.278,5,1,1,stimulusMovement,1,0.660183482699924,-0.4080372452735901,1,3.21160888671875,1,0.7532739639282227,-0.44359588623046875,1,3.6227264404296875
8573.944,5,1,1,stimulusMovement,1,0.6720186869303385,-0.3968338966369629,1,3.2118072509765625,1,0.818327162000868,-0.44233739376068115,1,3.4951019287109375
8590.611,5,1,1,stimulusMovement,1,0.6666946411132812,-0.4041959047317505,1,3.1912994384765625,1,0.7879242367214626,-0.4615710973739624,1,3.5540618896484375
8607.278,5,1,1,stimulusMovement,1,0.6629581451416016,-0.4007851481437683,1,3.1961669921875,1,0.778814951578776,-0.44389981031417847,1,3.55023193359375
8623.945,5,1,1,stimulusMovement,1,0.6842451095581055,-0.4253689646720886,1,3.266326904296875,1,0.7873635821872287,-0.45994943380355835,1,3.588836669921875
8640.612,5,1,1,stimulusMovement,1,0.7021141052246094,-0.417133092880249,1,3.24273681640625,1,0.7983636856079102,-0.483859658241272,1,3.6097869873046875
8657.279,5,1,1,stimulusMovement,1,0.6791684892442491,-0.4036029577255249,1,3.2403106689453125,1,0.8442175123426648,-0.4586050510406494,1,3.5097198486328125
8673.946,5,1,1,stimulusMovement,1,0.6989315880669488,-0.4210941791534424,1,3.2801055908203125,1,0.7971282535129123,-0.45495617389678955,1,3.612548828125
8690.613,5,1,1,stimulusMovement,1,0.6789567735460069,-0.40641725063323975,1,3.2451934814453125,1,0.8061116536458333,-0.440967321395874,1,3.5762939453125
8707.281,5,1,1,stimulusMovement,1,0.6977184083726671,-0.41130638122558594,1,3.27471923828125,1,0.79547119140625,-0.454700767993927,1,3.669677734375
8723.947,5,1,1,stimulusMovement,1,0.6938819885253906,-0.41434383392333984,1,3.2958221435546875,1,0.8181542290581597,-0.4735998511314392,1,3.612518310546875
8740.614,5,1,1,stimulusMovement,1,0.6874052683512369,-0.41550689935684204,1,3.285064697265625,1,0.7889894909328884,-0.44898051023483276,1,3.6417388916015625
8757.282,5,1,1,stimulusMovement,1,0.6998169157240125,-0.41316211223602295,1,3.2860260009765625,1,0.8213701248168945,-0.4651484489440918,1,3.6611785888671875
8773.948,5,1,1,stimulusMovement,1,0.7082040574815538,-0.424956738948822,1,3.349090576171875,1,0.7664372126261393,-0.43686968088150024,1,3.793853759765625
8790.615,5,1,1,stimulusMovement,1,0.6915134853786892,-0.41884899139404297,1,3.3389739990234375,1,0.8023832109239366,-0.43953436613082886,1,3.71331787109375
8807.282,5,1,1,stimulusMovement,1,0.6842837863498263,-0.4180169701576233,1,3.37579345703125,1,0.8103300730387369,-0.46078336238861084,1,3.6999969482421875
8823.949,5,1,1,stimulusMovement,1,0.6979826821221246,-0.4381088614463806,1,3.3785858154296875,1,0.8101134830050998,-0.4533444046974182,1,3.669036865234375
8840.616,5,1,1,stimulusMovement,1,0.7023707495795356,-0.4067327380180359,1,3.34759521484375,1,0.8144495222303602,-0.45840543508529663,1,3.67340087890625
8857.284,5,1,1,stimulusMovement,1,0.6904917822943794,-0.4157232642173767,1,3.40936279296875,1,0.8381824493408203,-0.4616488218307495,1,3.6907196044921875
8873.95,5,1,1,stimulusMovement,1,0.7071954939100477,-0.4393022656440735,1,3.4618682861328125,1,0.7884900834825304,-0.44002676010131836,1,3.7486724853515625
8890.617,5,1,1,stimulusMovement,1,0.7083795335557725,-0.43081361055374146,1,3.4817047119140625,1,0.8220449023776584,-0.46750253438949585,1,3.7424163818359375
8907.285,5,1,1,stimulusMovement,1,0.7067747116088867,-0.4321584105491638,1,3.4885406494140625,1,0.7980047861735026,-0.4382052421569824,1,3.7718353271484375
8923.952,5,1,1,stimulusMovement,1,0.6643957561916775,-0.44430214166641235,1,3.5487823486328125,1,0.8212092717488606,-0.45042192935943604,1,3.7355194091796875
8940.619,5,1,1,stimulusMovement,1,0.680863274468316,-0.43188709020614624,1,3.5165557861328125,1,0.8181670506795247,-0.43747687339782715,1,3.73870849609375
8957.286,5,1,1,stimulusMovement,1,0.6817990409003364,-0.4232791066169739,1,3.51519775390625,1,0.7921935187445746,-0.41240549087524414,1,3.846282958984375
8973.952,5,1,1,stimulusMovement,1,0.6973159578111436,-0.4240604639053345,1,3.5110321044921875,1,0.815754042731391,-0.441001832485199,1,3.7723846435546875
8990.62,5,1,1,stimulusMovement,1,0.6921778784857856,-0.45211493968963623,1,3.599456787109375,1,0.8000280592176648,-0.43192970752716064,1,3.78411865234375
9007.287,5,1,1,stimulusMovement,1,0.6816041734483507,-0.4475548267364502,1,3.559417724609375,1,0.8073991139729817,-0.4356060028076172,1,3.7810821533203125
9023.953,5,1,1,stimulusMovement,1,0.6923151016235352,-0.4319152235984802,1,3.55877685546875,1,0.7997643152872721,-0.4439125061035156,1,3.8224639892578125
9040.621,5,1,1,stimulusMovement,1,0.6353242662217882,-0.4504968523979187,1,3.6902618408203125,1,0.7941462198893229,-0.4370630383491516,1,3.8138885498046875
9057.288,5,1,1,stimulusMovement,1,0.7027471330430772,-0.44077086448669434,1,3.5418548583984375,1,0.7956849204169378,-0.4320216178894043,1,3.80975341796875
9073.955,5,1,1,stimulusMovement,1,0.6820021735297309,-0.43602973222732544,1,3.615997314453125,1,0.8055197397867838,-0.4370186924934387,1,3.82684326171875
9090.622,5,1,1,stimulusMovement,1,0.6859718958536783,-0.4259812831878662,1,3.56805419921875,1,0.8007836871676974,-0.44045722484588623,1,3.829986572265625
9107.289,5,1,1,stimulusMovement,1,0.7031045489841037,-0.43958961963653564,1,3.5179290771484375,1,0.7908484141031901,-0.4052484631538391,1,3.92840576171875
9123.956,5,1,1,stimulusMovement,1,0.6859842936197916,-0.41512370109558105,1,3.553924560546875,1,0.8243314954969617,-0.4450823664665222,1,3.813751220703125
9140.623,5,1,1,stimulusMovement,1,0.6855699751112195,-0.4226435422897339,1,3.5728759765625,1,0.8212642669677734,-0.4509165287017822,1,3.823699951171875
9157.291,5,1,1,stimulusMovement,1,0.6925185521443684,-0.416317343711853,1,3.53778076171875,1,0.815397474500868,-0.43570518493652344,1,3.8074798583984375
9173.957,5,1,1,stimulusMovement,1,0.6844322416517469,-0.4198811650276184,1,3.528717041015625,1,0.8105373382568359,-0.4364267587661743,1,3.8600921630859375
9190.624,5,1,1,stimulusMovement,1,0.6934394836425781,-0.44315528869628906,1,3.56573486328125,1,0.8347877926296657,-0.43267905712127686,1,3.8334808349609375
9207.292,5,1,1,stimulusMovement,1,0.6963044272528754,-0.41956138610839844,1,3.56353759765625,1,0.8212479485405816,-0.44162625074386597,1,3.8274688720703125
9223.958,5,1,1,stimulusMovement,1,0.6719952689276801,-0.4307394027709961,1,3.552825927734375,1,0.8500953250461154,-0.43339407444000244,1,3.810302734375
9240.626,5,1,1,stimulusMovement,1,0.6900995042588975,-0.42848193645477295,1,3.5356903076171875,1,0.8391902711656358,-0.44160062074661255,1,3.82867431640625
9257.293,5,1,1,stimulusMovement,1,0.6915855407714844,-0.4370269775390625,1,3.579864501953125,1,0.8346354166666666,-0.40708160400390625,1,3.8871002197265625
9273.959,5,1,1,stimulusMovement,1,0.6887305577596028,-0.43928128480911255,1,3.57025146484375,1,0.8084302478366427,-0.40945959091186523,1,3.8926544189453125
9290.627,5,1,1,stimulusMovement,1,0.7069916195339626,-0.4262229800224304,1,3.5173492431640625,1,0.8255554835001627,-0.42369693517684937,1,3.8585357666015625
9307.294,5,1,1,stimulusMovement,1,0.6942095226711696,-0.43038666248321533,1,3.5884857177734375,1,0.8339508904351128,-0.41655468940734863,1,3.8430938720703125
9323.961,5,1,1,stimulusMovement,1,0.6972198486328125,-0.4235095977783203,1,3.5077972412109375,1,0.8208385043674045,-0.4238511323928833,1,3.8268890380859375
9340.628,5,1,1,stimulusMovement,1,0.7023446824815538,-0.41332483291625977,1,3.5137786865234375,1,0.82134829627143,-0.43036264181137085,1,3.8232269287109375
9357.295,5,1,1,stimulusMovement,1,0.6991221110026041,-0.39052248001098633,1,3.4041595458984375,1,0.8010748757256402,-0.4286611080169678,1,3.7933807373046875
9373.961,5,1,1,stimulusMovement,1,0.6964341269599067,-0.434749960899353,1,3.4723968505859375,1,0.8123412662082248,-0.4431372284889221,1,3.815826416015625
9390.629,5,1,1,stimulusMovement,1,0.7018057505289713,-0.4099023938179016,1,3.4223785400390625,1,0.8005030949910481,-0.4316422939300537,1,3.82635498046875
9407.297,5,1,1,stimulusMovement,1,0.6858571370442708,-0.4484342336654663,1,3.5085296630859375,1,0.790771378411187,-0.4245847463607788,1,3.8424835205078125
9423.963,5,1,1,stimulusMovement,1,0.7097663879394531,-0.43598300218582153,1,3.447265625,1,0.8141935136583116,-0.45007431507110596,1,3.734954833984375
9440.631,5,1,1,stimulusMovement,1,0.6200016869439019,-0.45444023609161377,1,3.6773529052734375,1,0.8465434180365667,-0.43986809253692627,1,3.802459716796875
9457.298,5,1,1,stimulusMovement,1,0.7005465825398762,-0.4541223645210266,1,3.4556121826171875,1,0.7972482045491536,-0.4335642457008362,1,3.77862548828125
9473.964,5,1,1,stimulusMovement,1,0.6988333596123589,-0.47667598724365234,1,3.4972991943359375,1,0.8079311582777234,-0.4447888731956482,1,3.7542266845703125
9490.632,5,1,1,stimulusMovement,1,0.7106202443440754,-0.4335591197013855,1,3.390716552734375,1,0.7965413199530706,-0.4396435022354126,1,3.799468994140625
9507.299,5,1,1,stimulusMovement,1,0.7002818849351671,-0.4401167631149292,1,3.39239501953125,1,0.7904583613077799,-0.4358382821083069,1,3.7983856201171875
9523.966,5,1,1,stimulusMovement,1,0.705325338575575,-0.4182760715484619,1,3.3705902099609375,1,0.8341103659735785,-0.4913954734802246,1,3.7248077392578125
9540.633,5,1,1,stimulusMovement,1,0.71732849544949,-0.41662877798080444,1,3.3862152099609375,1,0.8198020723130968,-0.4761316180229187,1,3.6966094970703125
9557.3,5,1,1,stimulusMovement,1,0.7192753685845269,-0.422291100025177,1,3.3887939453125,1,0.8272209167480469,-0.47609275579452515,1,3.688232421875
9573.967,5,1,1,stimulusMovement,1,0.7043905258178711,-0.40861546993255615,1,3.3476104736328125,1,0.815397368537055,-0.4505237340927124,1,3.696136474609375
9590.634,5,1,1,stimulusMovement,1,0.7039016087849934,-0.4202471971511841,1,3.3767547607421875,1,0.8223928875393337,-0.4647659659385681,1,3.688995361328125
9607.301,5,1,1,stimulusMovement,1,0.7078291575113932,-0.4260716438293457,1,3.360015869140625,1,0.7930755615234375,-0.4405876398086548,1,3.8089141845703125
9623.968,5,1,1,stimulusMovement,1,0.7195412317911783,-0.4158179759979248,1,3.3144683837890625,1,0.8106390635172526,-0.4636584520339966,1,3.65924072265625
9640.635,5,1,1,stimulusMovement,1,0.7321068445841471,-0.47252893447875977,1,3.503326416015625,1,0.9406950208875867,-0.4672412872314453,1,3.6570892333984375
9657.303,5,1,1,stimulusMovement,1,0.9434045155843098,-0.4574223756790161,1,3.3355560302734375,1,1.0977372063530815,-0.46528685092926025,1,3.6904449462890625
9673.97,5,1,1,stimulusMovement,1,1.006590101453993,-0.512169361114502,1,3.3156890869140625,1,1.1467880672878688,-0.5449038743972778,1,3.6590118408203125
9690.637,5,1,1,stimulusMovement,1,1.0036557515462239,-0.49077337980270386,1,3.3296966552734375,1,1.1498296525743272,-0.529309868812561,1,3.713531494140625
9707.305,5,1,1,stimulusMovement,1,1.0247423383924696,-0.5148425102233887,1,3.3256378173828125,1,1.1095672183566623,-0.5587704181671143,1,3.7920989990234375
9723.971,5,1,1,stimulusMovement,1,1.0244098239474826,-0.5130434036254883,1,3.3370513916015625,1,1.152385499742296,-0.5276825428009033,1,3.66461181640625
9740.638,5,1,1,stimulusMovement,1,1.0183804829915364,-0.504318118095398,1,3.3426666259765625,1,1.1905390421549478,-0.521726131439209,1,3.638763427734375
9757.306,5,1,1,stimulusMovement,1,0.9885105556911892,-0.50128173828125,1,3.4001007080078125,1,1.157973395453559,-0.5271295309066772,1,3.6955108642578125
9773.972,5,1,1,stimulusMovement,1,0.867510265774197,-0.5156972408294678,1,3.614532470703125,1,1.166351318359375,-0.5247865915298462,1,3.6675872802734375
9790.639,5,1,1,stimulusMovement,1,0.9942504035101996,-0.5202698707580566,1,3.4674835205078125,1,1.155655331081814,-0.5016621351242065,1,3.698211669921875
9807.307,5,1,1,stimulusMovement,1,0.8577971988254123,-0.48338931798934937,1,3.7281646728515625,1,1.182774437798394,-0.5170973539352417,1,3.68267822265625
9823.973,5,1,1,stimulusMovement,1,0.8276052474975586,-0.5114389657974243,1,3.82672119140625,1,1.2187735239664712,-0.5107717514038086,1,3.625335693359375
9840.641,5,1,1,stimulusMovement,1,0.8636576334635416,-0.5013449192047119,1,3.79107666015625,1,1.1631344689263237,-0.49693453311920166,1,3.67950439453125
9857.308,5,1,1,stimulusMovement,1,0.8265319400363498,-0.5075123310089111,1,3.9345703125,1,1.1665297614203558,-0.4993821382522583,1,3.659942626953125
9873.975,5,1,1,stimulusMovement,1,0.8464391496446397,-0.4740262031555176,1,3.8592529296875,1,1.1815808614095051,-0.4954867959022522,1,3.6863555908203125
9890.643,5,1,1,stimulusMovement,1,1.0302759806315103,-0.5072457790374756,1,3.456146240234375,1,1.200158013237847,-0.501618504524231,1,3.6563720703125
9907.31,5,1,1,stimulusMovement,1,0.7836443583170573,-0.475816547870636,1,4.069732666015625,1,1.1511845058865016,-0.5103923082351685,1,3.7314910888671875
9923.977,5,1,1,stimulusMovement,1,0.8443837695651584,-0.46738797426223755,1,3.93792724609375,1,1.1624018351236978,-0.5029070377349854,1,3.77777099609375
9940.644,5,1,1,stimulusMovement,1,0.9223056369357638,-0.4947304129600525,1,3.7879638671875,1,1.211268107096354,-0.49019062519073486,1,3.673583984375
9957.311,5,1,1,stimulusMovement,1,0.7872240278455945,-0.4526110887527466,1,4.100830078125,1,1.1850365532769096,-0.499053418636322,1,3.705810546875
9973.978,5,1,1,stimulusMovement,0,nan,nan,0,nan,1,1.214535183376736,-0.5046286582946777,1,3.664947509765625
9990.645,5,1,1,stimulusMovement,1,0.862640380859375,-0.42764902114868164,1,3.9747772216796875,1,1.2036124335394964,-0.49046051502227783,1,3.7418365478515625
10007.313,5,1,1,stimulusMovement,1,1.1048851013183594,-0.5057708024978638,1,3.4912261962890625,1,1.2640577952067056,-0.49402642250061035,1,3.6979827880859375
10023.979,5,1,1,stimulusMovement,1,1.1006128523084853,-0.5253818035125732,1,3.491119384765625,1,1.2442474365234375,-0.4997061491012573,1,3.7518310546875
10040.646,5,1,1,stimulusMovement,1,1.1046579149034288,-0.5092034339904785,1,3.474212646484375,1,1.244729995727539,-0.4752542972564697,1,3.7353057861328125
10057.314,5,1,1,stimulusMovement,1,1.119864781697591,-0.5221329927444458,1,3.5108184814453125,1,1.246419694688585,-0.5002892017364502,1,3.7783966064453125
10073.98,5,1,1,stimulusMovement,1,1.1118253072102864,-0.5230653285980225,1,3.4780120849609375,1,1.2490944332546656,-0.5054324865341187,1,3.7681121826171875
10090.648,5,1,1,stimulusMovement,1,1.0805943806966145,-0.493267297744751,1,3.5403900146484375,1,1.160135269165039,-0.5439976453781128,1,3.91162109375
10107.315,5,1,1,stimulusMovement,0,nan,nan,0,nan,1,1.2171594831678603,-0.5307812690734863,1,3.8581695556640625
10123.982,5,1,1,stimulusMovement,1,1.0549602508544922,-0.5137171745300293,1,3.6178436279296875,1,1.1534877353244357,-0.5559614896774292,1,3.9438934326171875
10140.65,5,1,1,stimulusMovement,1,1.0549808078342013,-0.4932805895805359,1,3.532806396484375,1,1.1983540852864583,-0.5670040845870972,1,3.8632965087890625
10157.317,5,1,1,stimulusMovement,1,1.1080652872721353,-0.5215126276016235,1,3.4584197998046875,1,1.1275547875298393,-0.5986297130584717,1,4.0630645751953125
10173.984,5,1,1,stimulusMovement,1,1.110542721218533,-0.5435396432876587,1,3.438385009765625,1,1.0901330312093098,-0.5464599132537842,1,3.9927520751953125
10190.651,5,1,1,stimulusMovement,1,1.0880499945746527,-0.5089718103408813,1,3.396331787109375,1,1.1974400414360893,-0.5214557647705078,1,3.8074951171875
10207.319,5,1,1,stimulusMovement,1,1.1065885755750868,-0.5116937160491943,1,3.4211883544921875,1,1.2494591606987846,-0.532379150390625,1,3.7038421630859375
10223.985,5,1,1,stimulusMovement,1,1.0643282996283636,-0.47599589824676514,1,3.3585968017578125,1,1.266357421875,-0.5349907875061035,1,3.6671600341796875
10240.652,5,1,1,stimulusMovement,1,1.0546298556857638,-0.4839056730270386,1,3.3888397216796875,1,1.2283109029134114,-0.5334556102752686,1,3.6707916259765625
10257.32,5,1,1,stimulusMovement,1,0.8543517854478624,-0.447867214679718,1,3.8934478759765625,1,1.2260816362169054,-0.5426372289657593,1,3.610443115234375
10273.986,5,1,1,stimulusMovement,1,1.0466499328613281,-0.46105051040649414,1,3.364715576171875,1,1.2193656497531467,-0.511314868927002,1,3.594085693359375
10290.654,5,1,1,stimulusMovement,1,1.0793202718098958,-0.4806135296821594,1,3.27734375,1,1.2361554039849174,-0.5452947616577148,1,3.5712890625
10307.321,5,1,1,stimulusMovement,1,1.0747998555501301,-0.48946112394332886,1,3.209381103515625,1,1.0912002987331815,-0.5478343963623047,1,3.8558502197265625
10323.988,5,1,1,stimulusMovement,1,1.0670113033718533,-0.5066819190979004,1,3.2077484130859375,1,1.2399698893229165,-0.5172637701034546,1,3.566375732421875
10340.655,5,1,1,stimulusMovement,1,1.065156512790256,-0.47360897064208984,1,3.2248687744140625,1,1.2788329654269748,-0.5440574884414673,1,3.48638916015625
10357.322,5,1,1,stimulusMovement,1,1.0694478352864583,-0.49333637952804565,1,3.1663970947265625,1,1.2766393025716145,-0.5337412357330322,1,3.4137420654296875
10373.989,5,1,1,stimulusMovement,1,1.0445757971869574,-0.47044968605041504,1,3.2235260009765625,1,1.2124532063802083,-0.5391695499420166,1,3.5202789306640625
10390.656,5,1,1,stimulusMovement,1,0.9164784749348958,-0.46605831384658813,1,3.046630859375,1,1.0275815327962239,-0.5354197025299072,1,3.5645904541015625
10407.323,5,1,1,stimulusMovement,1,0.670793957180447,-0.38437145948410034,1,3.0882110595703125,1,0.7903540929158528,-0.42453134059906006,1,3.531829833984375
10423.989,5,1,1,stimulusMovement,1,0.4799702962239583,-0.39353495836257935,1,3.094635009765625,1,0.6614659627278645,-0.41060447692871094,1,3.4161834716796875
10440.656,5,1,1,stimulusMovement,1,0.47345203823513454,-0.3950687050819397,1,3.0777435302734375,1,0.6636197831895616,-0.4583010673522949,1,3.3492431640625
10457.323,5,1,1,stimulusMovement,1,0.4442729949951172,-0.39695972204208374,1,3.050079345703125,1,0.6271129184299045,-0.4308159351348877,1,3.32513427734375
10473.989,5,1,1,stimulusMovement,1,0.41731304592556423,-0.35691845417022705,1,3.14031982421875,1,0.6335148281521267,-0.4345967173576355,1,3.31793212890625
10490.656,5,1,1,stimulusMovement,1,0.43266730838351775,-0.3889947533607483,1,3.0714874267578125,1,0.6268195046318902,-0.42130982875823975,1,3.2621917724609375
10507.323,5,1,1,stimulusMovement,1,0.44990073310004336,-0.3982846140861511,1,2.978485107421875,1,0.6345019870334201,-0.4334496855735779,1,3.2816619873046875
10523.989,5,1,1,stimulusMovement,1,0.4531323115030924,-0.547856330871582,1,2.515960693359375,1,0.6299200057983398,-0.4343748688697815,1,3.252197265625
10540.656,5,1,1,stimulusMovement,1,0.4428013695610894,-0.40475451946258545,1,3.0181121826171875,1,0.6093656751844617,-0.42905133962631226,1,3.3006134033203125
10557.323,5,1,1,stimulusMovement,1,0.44988017612033415,-0.40691328048706055,1,2.97625732421875,1,0.5107615788777669,-0.38080984354019165,1,3.6629791259765625
10573.989,5,1,1,stimulusMovement,0,nan,nan,0,nan,1,0.612956682840983,-0.430208683013916,1,3.2247161865234375
10590.656,5,1,1,stimulusMovement,1,0.4897521336873372,-0.50217604637146,1,2.67950439453125,1,0.6110412809583875,-0.41512805223464966,1,3.1869049072265625
10607.323,5,1,1,stimulusMovement,1,0.45023303561740446,-0.3902108073234558,1,3.02679443359375,1,0.5950089560614692,-0.4221022129058838,1,3.2379608154296875
10623.99,5,1,1,stimulusMovement,0,nan,nan,0,nan,1,0.5876575046115451,-0.42681610584259033,1,3.2447052001953125
10640.657,5,1,1,stimulusMovement,0,nan,nan,0,nan,1,0.5767536163330078,-0.4002668857574463,1,3.276763916015625
10657.324,5,1,1,stimulusMovement,1,0.41735585530598956,-0.41257065534591675,1,2.946136474609375,1,0.594988293117947,-0.4311872720718384,1,3.179229736328125
10673.99,5,1,1,stimulusMovement,1,0.4177224900987413,-0.4154244661331177,1,2.882781982421875,1,0.5721087985568576,-0.4396646022796631,1,3.2299346923828125
10690.657,5,1,1,stimulusMovement,0,nan,nan,0,nan,1,0.5835151672363281,-0.4270738959312439,1,3.1775054931640625
10707.324,5,1,1,stimulusMovement,0,nan,nan,0,nan,1,0.5460692511664497,-0.41943109035491943,1,3.2318267822265625
10723.99,5,1,1,stimulusMovement,0,nan,nan,0,nan,0,nan,nan,0,nan
10740.657,5,1,1,stimulusMovement,0,nan,nan,0,nan,1,0.5505157046847873,-0.4283219575881958,1,3.1458282470703125
10757.324,5,1,1,stimulusMovement,0,nan,nan,0,nan,1,0.5465667512681749,-0.4203934669494629,1,3.1115570068359375
10773.99,5,1,1,stimulusMovement,0,nan,nan,0,nan,1,0.5356579886542426,-0.43062084913253784,1,3.138824462890625
10790.657,5,1,1,stimulusMovement,0,nan,nan,0,nan,1,0.46384218004014754,-0.4100991487503052,1,3.0964202880859375
10807.324,5,1,1,stimulusMovement,0,nan,nan,0,nan,1,0.36362436082628036,-0.39019882678985596,1,3.05963134765625
10823.99,5,1,1,stimulusMovement,0,nan,nan,0,nan,1,0.33191225263807506,-0.3756149411201477,1,3.0189361572265625
10840.657,5,1,1,stimulusMovement,0,nan,nan,0,nan,0,nan,nan,0,nan
10857.324,5,1,1,stimulusMovement,0,nan,nan,0,nan,1,0.4145791795518663,-0.5348985195159912,1,2.7196197509765625
10873.991,5,1,1,stimulusMovement,0,nan,nan,0,nan,1,0.29391617245144314,-0.36862772703170776,1,3.038726806640625
10890.658,5,1,1,stimulusMovement,0,nan,nan,0,nan,1,0.29591454399956596,-0.4011077880859375,1,3.1176605224609375
10907.325,5,1,1,stimulusMovement,0,nan,nan,0,nan,1,0.27101273006863064,-0.4138932228088379,1,3.1194305419921875
10923.991,5,1,1,stimulusMovement,0,nan,nan,0,nan,1,0.24474928114149305,-0.4057956337928772,1,3.1446380615234375
10940.658,5,1,1,stimulusMovement,0,nan,nan,0,nan,0,nan,nan,0,nan
10957.325,5,1,1,stimulusMovement,0,nan,nan,0,nan,1,0.24176788330078125,-0.4199572205543518,1,3.1424560546875
10973.991,5,1,1,stimulusMovement,0,nan,nan,0,nan,1,0.21311802334255642,-0.4063689112663269,1,3.0963592529296875
10990.658,5,1,1,stimulusMovement,0,nan,nan,0,nan,1,0.21631007724338105,-0.3895019292831421,1,3.042755126953125
11007.325,5,1,1,stimulusMovement,0,nan,nan,0,nan,1,0.1603465610080295,-0.3776158094406128,1,3.0582427978515625
11023.991,5,1,1,stimulusMovement,0,nan,nan,0,nan,1,0.1527065700954861,-0.39110833406448364,1,3.0748443603515625
11040.658,5,1,1,stimulusMovement,0,nan,nan,0,nan,1,0.14856942494710285,-0.39255547523498535,1,3.0675048828125
11057.325,5,1,1,stimulusMovement,0,nan,nan,0,nan,1,0.04517173767089844,-0.39334583282470703,1,3.0589447021484375
11073.991,5,1,1,stimulusMovement,0,nan,nan,0,nan,1,0.0010173585679796007,-0.3989197015762329,1,3.0570831298828125
11090.658,5,1,1,stimulusMovement,0,nan,nan,0,nan,1,0.00021722581651475694,-0.4327431321144104,1,3.0921630859375
11107.326,5,1,1,stimulusMovement,0,nan,nan,0,nan,0,nan,nan,0,nan
11123.992,5,1,1,stimulusMovement,0,nan,nan,0,nan,1,-0.051393879784478076,-0.4111342430114746,1,3.0327606201171875
11140.659,5,1,1,stimulusMovement,0,nan,nan,0,nan,1,-0.04493236541748047,-0.40667200088500977,1,3.0648193359375
11157.326,5,1,1,stimulusMovement,0,nan,nan,0,nan,1,-0.07377264234754774,-0.42068344354629517,1,3.047882080078125
11173.992,5,1,1,stimulusMovement,0,nan,nan,0,nan,1,-0.22754886415269637,-0.40879249572753906,1,3.0484771728515625
11190.659,5,1,1,stimulusMovement,0,nan,nan,0,nan,1,-0.25316211912367076,-0.41624367237091064,1,3.04168701171875
11207.326,5,1,1,stimulusMovement,0,nan,nan,0,nan,1,0.09077252282036676,-0.4292870759963989,1,3.75067138671875
11223.992,5,1,1,stimulusMovement,0,nan,nan,0,nan,1,-0.2697184880574544,-0.40798890590667725,1,3.085693359375
11240.659,5,1,1,stimulusMovement,0,nan,nan,0,nan,1,-0.2801380687289768,-0.4087941646575928,1,3.05029296875
11257.326,5,1,1,stimulusMovement,0,nan,nan,0,nan,1,-0.3006793657938639,-0.42634546756744385,1,3.0972900390625
11273.992,5,1,1,stimulusMovement,0,nan,nan,0,nan,1,-0.3200264506869846,-0.43237268924713135,1,3.1260986328125
11290.659,5,1,1,stimulusMovement,0,nan,nan,0,nan,1,-0.3391540315416124,-0.424915075302124,1,3.09356689453125
11307.326,5,1,1,stimulusMovement,0,nan,nan,0,nan,1,-0.36143016815185547,-0.42206066846847534,1,3.083221435546875
11323.992,5,1,1,stimulusMovement,0,nan,nan,0,nan,1,-0.3629349602593316,-0.4088243246078491,1,3.0682830810546875
11340.659,5,1,1,stimulusMovement,0,nan,nan,0,nan,1,-0.3755569987826877,-0.4240363836288452,1,3.0868377685546875
11357.327,5,1,1,stimulusMovement,0,nan,nan,0,nan,1,-0.4008104006449381,-0.4239100217819214,1,3.07403564453125
11373.993,5,1,1,stimulusMovement,0,nan,nan,0,nan,0,nan,nan,0,nan
11390.66,5,1,1,stimulusMovement,1,-0.6013281345367432,-0.4126201868057251,1,2.9345550537109375,1,-0.44092199537489146,-0.42713916301727295,1,3.0608673095703125
11407.327,5,1,1,stimulusMovement,1,-0.6052597628699409,-0.3751552700996399,1,3.003875732421875,1,-0.43466912375556094,-0.4320107102394104,1,3.072662353515625
11423.993,5,1,1,stimulusMovement,1,-0.6313770347171359,-0.39076727628707886,1,2.9919891357421875,1,-0.45110061433580184,-0.44396859407424927,1,3.0723419189453125
11440.66,5,1,1,stimulusMovement,0,nan,nan,0,nan,1,-0.46118715074327254,-0.4363396167755127,1,3.0791168212890625
11457.327,5,1,1,stimulusMovement,1,-0.6471154424879285,-0.39439892768859863,1,3.029998779296875,1,-0.4729537698957655,-0.44034284353256226,1,3.0410003662109375
11473.993,5,1,1,stimulusMovement,1,-0.6486810048421223,-0.39664632081985474,1,2.979034423828125,1,-0.4703945583767361,-0.4276498556137085,1,3.047149658203125
11490.66,5,1,1,stimulusMovement,1,-0.6689597765604655,-0.3716784119606018,1,3.0584259033203125,1,-0.49450437227884925,-0.4361312985420227,1,3.03350830078125
11507.327,5,1,1,stimulusMovement,1,-0.6814295185936822,-0.3640861511230469,1,3.0076141357421875,1,-0.49768182966444224,-0.42610496282577515,1,3.01300048828125
11523.993,5,1,1,stimulusMovement,1,-0.6952143642637464,-0.41184818744659424,1,2.964599609375,1,-0.5045483642154269,-0.44724440574645996,1,3.041412353515625
11540.66,5,1,1,stimulusMovement,1,-0.7085169818666246,-0.423625111579895,1,2.894500732421875,1,-0.5241829554239908,-0.4271005392074585,1,3.020172119140625
11557.327,5,1,1,stimulusMovement,1,-0.719017465909322,-0.4246917963027954,1,2.928436279296875,1,-0.5359774695502387,-0.4445008635520935,1,2.9847869873046875
11573.993,5,1,1,stimulusMovement,1,-0.7490334510803223,-0.41244542598724365,1,2.890533447265625,1,-0.5597600936889648,-0.4425230026245117,1,2.97509765625
11590.661,5,1,1,stimulusMovement,1,-0.7687625885009766,-0.38905346393585205,1,2.950958251953125,1,-0.5617180400424533,-0.4448145031929016,1,2.950286865234375
11607.328,5,1,1,stimulusMovement,1,-0.7800482908884684,-0.38178586959838867,1,2.9506683349609375,1,-0.5836117267608643,-0.44370102882385254,1,2.9737091064453125
11623.994,5,1,1,stimulusMovement,1,-0.7673422892888386,-0.4152228832244873,1,2.892425537109375,1,-0.5988352563646104,-0.45115453004837036,1,2.9771881103515625
11640.661,5,1,1,stimulusMovement,1,-0.7557389736175537,-0.4205056428909302,1,2.9654388427734375,1,-0.6118330160776774,-0.4396939277648926,1,2.9301605224609375
11657.328,5,1,1,stimulusMovement,1,-0.8151649236679077,-0.407511830329895,1,2.8809814453125,1,-0.6233407126532661,-0.43355488777160645,1,2.916778564453125
11673.994,5,1,1,stimulusMovement,1,-0.8236361344655354,-0.42571955919265747,1,2.88018798828125,1,-0.6339764330122205,-0.42657315731048584,1,2.9454803466796875
11690.661,5,1,1,stimulusMovement,1,-0.8273812532424927,-0.44095683097839355,1,2.8712615966796875,1,-0.6301142109764947,-0.45100265741348267,1,2.99700927734375
11707.328,5,1,1,stimulusMovement,1,-0.849057846599155,-0.397638201713562,1,2.9413299560546875,1,-0.33636803097195095,-0.408321738243103,1,3.77880859375
11723.994,5,1,1,stimulusMovement,1,-0.8569950461387634,-0.44488710165023804,1,2.8456573486328125,1,-0.6906197865804036,-0.4496006965637207,1,2.966278076171875
11740.661,5,1,1,stimulusMovement,1,-0.8699489815367593,-0.42669302225112915,1,2.9119720458984375,1,-0.6732927030987209,-0.46183013916015625,1,2.9447174072265625
11757.328,5,1,1,stimulusMovement,1,-0.879590334991614,-0.4408101439476013,1,2.8369903564453125,1,-0.6840647988849216,-0.4335330128669739,1,2.9456329345703125
11773.994,5,1,1,stimulusMovement,1,-0.8915444314479828,-0.4408431649208069,1,2.8177032470703125,1,-0.6923552619086372,-0.4509360194206238,1,2.9768218994140625
11790.661,5,1,1,stimulusMovement,1,-0.8785371796952353,-0.3844829201698303,1,3.0456695556640625,1,-0.7266745037502712,-0.45551109313964844,1,2.9608917236328125
11807.328,5,1,1,stimulusMovement,1,-0.8980404105451372,-0.41854262351989746,1,2.899932861328125,1,-0.7284348011016846,-0.4626844525337219,1,2.968780517578125
11823.994,5,1,1,stimulusMovement,1,-0.9259547425640954,-0.4353596568107605,1,2.9132537841796875,1,-0.7263635529412164,-0.44598299264907837,1,2.9874114990234375
11840.662,5,1,1,stimulusMovement,1,-0.9219284057617188,-0.4265606999397278,1,2.9442138671875,1,-0.7382727861404419,-0.4470861554145813,1,2.9375152587890625
11857.329,5,1,1,stimulusMovement,1,-0.9202900893158382,-0.4452892541885376,1,2.98028564453125,1,-0.7354816595713297,-0.46225619316101074,1,2.9883270263671875
11873.995,5,1,1,stimulusMovement,1,-0.9537334707048204,-0.4163828492164612,1,2.9947509765625,1,-0.7204331689410739,-0.4415844678878784,1,3.0010223388671875
11890.662,5,1,1,stimulusMovement,1,-0.9213154647085401,-0.4295341968536377,1,2.9668426513671875,1,-0.7307497925228542,-0.44954657554626465,1,2.972442626953125
11907.329,5,1,1,stimulusMovement,1,-0.9352791508038838,-0.43461328744888306,1,2.922454833984375,1,-0.7378971841600206,-0.4378533363342285,1,3.0035400390625
11923.995,5,1,1,stimulusMovement,1,-0.9407307969199286,-0.4186389446258545,1,2.99371337890625,1,-0.7280526955922444,-0.45402413606643677,1,2.9967193603515625
11940.662,5,1,1,stimulusMovement,1,-0.9417735073301526,-0.41143929958343506,1,3.0057220458984375,1,-0.7261600759294298,-0.4458475112915039,1,3.0067596435546875
11957.329,5,1,1,stimulusMovement,1,-0.9270574251810709,-0.43289822340011597,1,2.9963531494140625,1,-0.7278869946797688,-0.45314955711364746,1,3.04583740234375
11973.995,5,1,1,stimulusMovement,0,nan,nan,0,nan,1,-0.6899918715159098,-0.43508946895599365,1,3.056915283203125
11990.662,5,1,1,stimulusMovement,1,-0.8325497640503777,-0.34361791610717773,1,3.152618408203125,1,-0.6705858972337511,-0.4449443817138672,1,3.026275634765625
12007.329,5,1,1,stimulusMovement,1,-0.821219695938958,-0.41591840982437134,1,2.946258544921875,1,-0.6586838828192817,-0.45495593547821045,1,3.0922393798828125
12023.995,5,1,1,stimulusMovement,1,-0.8144111765755547,-0.39786994457244873,1,3.0373992919921875,1,-0.6464322672949897,-0.4240294098854065,1,3.048309326171875
12040.662,5,1,1,stimulusMovement,1,-0.7959002123938665,-0.37767213582992554,1,3.0807037353515625,1,-0.639089478386773,-0.4128318428993225,1,3.01544189453125
12057.329,5,1,1,stimulusMovement,1,-0.8239922324816386,-0.42120182514190674,1,2.9569091796875,1,-0.5683318508995904,-0.5495405197143555,1,3.3204498291015625
12073.995,5,1,1,stimulusMovement,1,-0.8021578590075175,-0.42211389541625977,1,3.0137481689453125,1,-0.6485225359598795,-0.43493038415908813,1,3.0560302734375
12090.663,5,1,1,stimulusMovement,1,-0.8214778900146484,-0.4198354482650757,1,2.9837493896484375,1,-0.6465839809841579,-0.4579387903213501,1,3.104461669921875
12107.33,5,1,1,stimulusMovement,1,-0.8201172881656222,-0.4136003255844116,1,2.99505615234375,1,-0.5933620929718018,-0.43539297580718994,1,3.14501953125
12123.996,5,1,1,stimulusMovement,1,-0.8164289063877529,-0.4189491271972656,1,2.9845428466796875,1,-0.37982553905910915,-0.4692608118057251,1,3.7584228515625
12140.663,5,1,1,stimulusMovement,1,-0.8211843901210361,-0.3976249694824219,1,3.0572357177734375,1,-0.6422245237562391,-0.4478352665901184,1,3.0693206787109375
12157.33,5,1,1,stimulusMovement,1,-0.7981155382262335,-0.39944785833358765,1,3.037750244140625,1,-0.6362092759874132,-0.4343410134315491,1,3.0794525146484375
12173.996,5,1,1,stimulusMovement,1,-0.8187880383597479,-0.4153509736061096,1,2.9947509765625,1,-0.6335221131642659,-0.4452507495880127,1,3.110626220703125
12190.663,5,1,1,stimulusMovement,1,-0.8055335481961567,-0.4087372422218323,1,3.0531463623046875,1,-0.6402828428480359,-0.42811036109924316,1,3.088592529296875
12207.33,5,1,1,stimulusMovement,1,-0.8086474008030361,-0.3986361026763916,1,3.0242767333984375,1,-0.6428987185160319,-0.43452906608581543,1,3.0859222412109375
12223.996,5,1,1,stimulusMovement,1,-0.805290056599511,-0.4029043912887573,1,3.0537261962890625,1,-0.6212084823184543,-0.471790075302124,1,3.177001953125
12240.663,5,1,1,stimulusMovement,1,-0.8052485386530558,-0.416980504989624,1,3.09149169921875,1,-0.6370636887020534,-0.4235655665397644,1,3.0825042724609375
12257.33,5,1,1,stimulusMovement,1,-0.8122139904234144,-0.41721105575561523,1,3.0843658447265625,1,-0.623702155219184,-0.4223625659942627,1,3.1122283935546875
12273.996,5,1,1,stimulusMovement,1,-0.8079021175702412,-0.4034532308578491,1,3.0552978515625,1,-0.6229795085059272,-0.42439842224121094,1,3.1279449462890625
12290.663,5,1,1,stimulusMovement,1,-0.8071634504530164,-0.40644872188568115,1,3.098052978515625,1,-0.6395111613803439,-0.4573291540145874,1,3.1377105712890625
12307.33,5,1,1,stimulusMovement,1,-0.8008728755844964,-0.4305902123451233,1,3.1230316162109375,1,-0.6326585345798068,-0.44629842042922974,1,3.161468505859375
12323.997,5,1,1,stimulusMovement,1,-0.819894168112013,-0.42091667652130127,1,3.1160736083984375,1,-0.6294940577612983,-0.44529104232788086,1,3.153778076171875
12340.664,5,1,1,stimulusMovement,1,-0.8185148371590508,-0.4138704538345337,1,3.07916259765625,1,-0.612869660059611,-0.46505165100097656,1,3.1540679931640625
12357.331,5,1,1,stimulusMovement,1,-0.8194934129714966,-0.4255577325820923,1,3.0931243896484375,1,-0.6449504958258735,-0.44055819511413574,1,3.1305999755859375
12373.997,5,1,1,stimulusMovement,1,-0.8131854666603936,-0.409709095954895,1,3.0785064697265625,1,-0.6172522703806559,-0.42394089698791504,1,3.131622314453125
12390.664,5,1,1,stimulusMovement,1,-0.8155403667026095,-0.41625821590423584,1,3.07855224609375,1,-0.6216290791829426,-0.44453346729278564,1,3.1596527099609375
12407.331,5,1,1,stimulusMovement,1,-0.8198853002654181,-0.41705161333084106,1,3.0706634521484375,1,-0.6252165370517306,-0.42504996061325073,1,3.1044464111328125
12423.997,5,1,1,stimulusMovement,1,-0.8194526500172085,-0.4123406410217285,1,3.0884857177734375,1,-0.6303230656517876,-0.44505906105041504,1,3.104217529296875
12440.664,5,1,1,stimulusMovement,1,-0.8287341263559129,-0.41971850395202637,1,3.0673675537109375,1,-0.4291198518541124,-0.4715082049369812,1,3.591064453125
12457.331,5,1,1,stimulusMovement,1,-0.8115381333563062,-0.41565144062042236,1,3.0496368408203125,1,-0.649837573369344,-0.4254605770111084,1,3.1111907958984375
12473.997,5,1,1,stimulusMovement,1,-0.806568874253167,-0.4197848439216614,1,3.032257080078125,1,-0.6350079642401801,-0.42890435457229614,1,3.088592529296875
12490.664,5,1,1,stimulusMovement,1,-0.8070201873779297,-0.4108479619026184,1,3.0568084716796875,1,-0.536871936586168,-0.6051579713821411,1,3.532867431640625
12507.331,5,1,1,stimulusMovement,1,-0.8323329091072083,-0.41847163438796997,1,3.0518951416015625,1,-0.6335395442114936,-0.4309018850326538,1,3.095306396484375
12523.997,5,1,1,stimulusMovement,1,-0.8087405363718668,-0.4022185802459717,1,3.1262054443359375,1,-0.6354685094621446,-0.4266500473022461,1,3.1065826416015625
12540.664,5,1,1,stimulusMovement,1,-0.8158900605307684,-0.4186590909957886,1,3.05609130859375,1,-0.6465975708431667,-0.4330759048461914,1,3.087554931640625
12557.331,5,1,1,stimulusMovement,1,-0.8285512857966952,-0.4105042815208435,1,3.0446624755859375,1,-0.6392074690924751,-0.44195979833602905,1,3.1124725341796875
12573.998,5,1,1,stimulusMovement,0,nan,nan,0,nan,1,-0.6295943525102403,-0.44799596071243286,1,3.1157073974609375
12590.665,5,1,1,stimulusMovement,1,-0.8208603925175136,-0.41854923963546753,1,3.106353759765625,1,-0.639695405960083,-0.4435330629348755,1,3.1337432861328125
12607.332,5,1,1,stimulusMovement,1,-0.8200896051194932,-0.40514498949050903,1,3.093902587890625,1,-0.6288782755533854,-0.42861485481262207,1,3.0975189208984375
12623.998,5,1,1,stimulusMovement,1,-0.8349337776501973,-0.3956395387649536,1,3.0996551513671875,1,-0.6353751023610432,-0.4342360496520996,1,3.153106689453125
12640.665,5,1,1,stimulusMovement,1,-0.8120214144388834,-0.42276883125305176,1,3.100341796875,1,-0.42454322179158527,-0.42232054471969604,1,3.616302490234375
12657.332,5,1,1,stimulusMovement,1,-0.8135097887780931,-0.39368224143981934,1,3.13238525390625,1,-0.5895317925347222,-0.4582391381263733,1,3.237945556640625
12673.998,5,1,1,stimulusMovement,1,-0.8217360046174791,-0.4135061502456665,1,3.14208984375,1,-0.6188600593143039,-0.4464097023010254,1,3.1577911376953125
12690.665,5,1,1,stimulusMovement,1,-0.8102092478010389,-0.4110783338546753,1,3.1069488525390625,1,-0.6185796790652804,-0.44379907846450806,1,3.1334075927734375
12707.332,5,1,1,stimulusMovement,1,-0.8089680009418063,-0.4121537208557129,1,3.1475982666015625,1,-0.6331236097547742,-0.44148075580596924,1,3.177703857421875
12723.998,5,1,1,stimulusMovement,1,-0.806238485707177,-0.4124424457550049,1,3.1661376953125,1,-0.6336036788092719,-0.4262206554412842,1,3.1625823974609375
12740.665,5,1,1,stimulusMovement,1,-0.8205488059255811,-0.4189460277557373,1,3.1547698974609375,1,-0.6314331955379909,-0.4694467782974243,1,3.2140655517578125
12757.332,5,1,1,stimulusMovement,1,-0.829153557618459,-0.4127369523048401,1,3.18231201171875,1,-0.6228217548794216,-0.4266303777694702,1,3.1487579345703125
12773.998,5,1,1,stimulusMovement,1,-0.8209378984239366,-0.4152917265892029,1,3.1697998046875,1,-0.6358475420210096,-0.4606668949127197,1,3.249237060546875
12790.665,5,1,1,stimulusMovement,1,-0.8128752575980291,-0.42800235748291016,1,3.183013916015625,1,-0.6013220681084527,-0.44090837240219116,1,3.279022216796875
12807.332,5,1,1,stimulusMovement,1,-0.8244652284516228,-0.4155328869819641,1,3.18450927734375,1,-0.6301732858022053,-0.436861515045166,1,3.219390869140625
12823.999,5,1,1,stimulusMovement,1,-0.8078046374850802,-0.4080040454864502,1,3.2420654296875,1,-0.6345369550916883,-0.4261159300804138,1,3.181640625
12840.666,5,1,1,stimulusMovement,1,-0.8120744890636867,-0.4035162925720215,1,3.21173095703125,1,-0.635481595993042,-0.43798285722732544,1,3.1731109619140625
12857.333,5,1,1,stimulusMovement,1,-0.7901754975318909,-0.38578325510025024,1,3.305511474609375,1,-0.33211713367038304,-0.49554359912872314,1,4.0505828857421875
12873.999,5,1,1,stimulusMovement,1,-0.8183210558361477,-0.40649914741516113,1,3.2291259765625,1,-0.6164768271976047,-0.4232313632965088,1,3.2526092529296875
12890.666,5,1,1,stimulusMovement,1,-0.8031001091003418,-0.4221041202545166,1,3.2613525390625,1,-0.6206031905280219,-0.4572552442550659,1,3.2976531982421875
12907.333,5,1,1,stimulusMovement,1,-0.8119660218556721,-0.4074574112892151,1,3.27325439453125,1,-0.6301350328657361,-0.4276036024093628,1,3.258148193359375
12923.999,5,1,1,stimulusMovement,1,-0.8179081877072651,-0.41757816076278687,1,3.2964630126953125,1,-0.6234568489922417,-0.3477632999420166,1,3.4544525146484375
12940.666,5,1,1,stimulusMovement,1,-0.8162285619311862,-0.4119277000427246,1,3.289398193359375,1,-0.6287294758690728,-0.44038963317871094,1,3.2967071533203125
12957.333,5,1,1,stimulusMovement,1,-0.802098552385966,-0.4144786596298218,1,3.2851409912109375,1,-0.6344259050157335,-0.4325300455093384,1,3.2619781494140625
12973.999,5,1,1,stimulusMovement,1,-0.8160372641351488,-0.41104787588119507,1,3.2767791748046875,1,-0.6275730927785237,-0.432181179523468,1,3.3017120361328125
12990.666,5,1,1,stimulusMovement,1,-0.7719137138790554,-0.4190722703933716,1,3.456146240234375,1,-0.6176322566138374,-0.44594264030456543,1,3.3330230712890625
13007.333,5,1,1,stimulusMovement,1,-0.8079565167427063,-0.39215612411499023,1,3.328704833984375,1,-0.6358873314327663,-0.4288344383239746,1,3.2798309326171875
13023.999,5,1,1,stimulusMovement,1,-0.7817837662167019,-0.39520180225372314,1,3.3948974609375,1,-0.6278689172532823,-0.43747466802597046,1,3.2921295166015625
13040.666,5,1,1,stimulusMovement,1,-0.8109484314918518,-0.4125381112098694,1,3.326904296875,1,-0.6176706684960259,-0.435579776763916,1,3.2993927001953125
13057.334,5,1,1,stimulusMovement,1,-0.7972049249543084,-0.4112786650657654,1,3.3344268798828125,1,-0.6276225248972574,-0.43420183658599854,1,3.3450469970703125
13074.0,5,1,1,stimulusMovement,1,-0.7958406408627827,-0.4030493497848511,1,3.321746826171875,1,-0.6264499293433295,-0.43748074769973755,1,3.390899658203125
13090.667,5,1,1,stimulusMovement,1,-0.8064441084861755,-0.41425031423568726,1,3.37176513671875,1,-0.6236755583021375,-0.4327707290649414,1,3.343017578125
13107.334,5,1,1,stimulusMovement,1,-0.7834901677237616,-0.4020535349845886,1,3.4000244140625,1,-0.6258053514692518,-0.44231700897216797,1,3.3668212890625
13124.0,5,1,1,stimulusMovement,1,-0.804047597779168,-0.4084172248840332,1,3.3877105712890625,1,-0.6193368434906006,-0.44492000341415405,1,3.3567352294921875
13140.667,5,1,1,stimulusMovement,1,-0.8065714902347988,-0.40120410919189453,1,3.3893280029296875,1,-0.5265375508202447,-0.5121545791625977,1,3.57470703125
13157.334,5,1,1,fixation,1,-0.8115712271796331,-0.4037787914276123,1,3.366119384765625,1,-0.6171263323889838,-0.4381253719329834,1,3.3649749755859375
13174.0,5,1,1,fixation,1,-0.80498649014367,-0.403462290763855,1,3.3997955322265625,1,-0.6078835858239068,-0.45247822999954224,1,3.3759002685546875
13190.667,5,1,1,fixation,1,-0.8074285652902391,-0.3820863366127014,1,3.146575927734375,1,-0.5921086735195583,-0.41077089309692383,1,3.0548248291015625
13207.334,5,1,1,fixation,0,nan,nan,0,nan,0,nan,nan,0,nan
13224.001,5,1,1,fixation,1,-0.7948509918318853,-0.38762712478637695,1,3.404052734375,1,-0.45854738023546004,-0.4392833709716797,1,3.7370147705078125
13240.667,5,1,1,fixation,1,-0.8040599558088514,-0.3837466239929199,1,3.1764373779296875,1,-0.5966288513607448,-0.41220104694366455,1,3.0781707763671875
13257.334,5,1,1,fixation,0,nan,nan,0,nan,0,nan,nan,0,nan
13274.001,5,1,1,fixation,1,-0.8115044368637933,-0.41432666778564453,1,3.4003753662109375,1,-0.6140049298604329,-0.45845311880111694,1,3.419189453125
13290.667,5,1,1,fixation,1,-0.8069240053494771,-0.3846619129180908,1,3.195343017578125,1,-0.5987891356150309,-0.4156538248062134,1,3.1051025390625
13307.335,5,1,1,fixation,0,nan,nan,0,nan,0,nan,nan,0,nan
13324.002,5,1,1,fixation,1,-0.7769773536258273,-0.4077049493789673,1,3.53668212890625,1,-0.5831646919250488,-0.35376060009002686,1,3.6787872314453125
13340.668,5,1,1,fixation,1,-0.8114176458782619,-0.385806679725647,1,3.2161712646484375,1,-0.599736319647895,-0.4119521379470825,1,3.1292266845703125
13357.335,5,1,1,fixation,0,nan,nan,0,nan,0,nan,nan,0,nan
13374.002,5,1,1,fixation,1,-0.8060767187012566,-0.4064910411834717,1,3.4650726318359375,1,-0.6139836841159396,-0.4558108448982239,1,3.4585113525390625
13390.668,5,1,1,fixation,1,-0.8107574118508233,-0.3798859119415283,1,3.24652099609375,1,-0.5995097955067952,-0.4113638401031494,1,3.1591339111328125
13407.335,5,1,1,fixation,0,nan,nan,0,nan,0,nan,nan,0,nan
13424.002,5,1,1,fixation,1,-0.8128923508856031,-0.4020785093307495,1,3.5197296142578125,1,-0.5884714126586914,-0.44170862436294556,1,3.5531768798828125
13440.668,5,1,1,fixation,1,-0.8068011138174268,-0.38541704416275024,1,3.27166748046875,1,-0.5996169249216715,-0.41191262006759644,1,3.182159423828125
13457.335,5,1,1,fixation,0,nan,nan,0,nan,0,nan,nan,0,nan
13474.002,5,1,1,fixation,1,-0.773904111650255,-0.414977490901947,1,3.562103271484375,1,-0.6047572559780544,-0.4456774592399597,1,3.49639892578125
13490.668,5,1,1,fixation,1,-0.8036090003119574,-0.38491708040237427,1,3.288238525390625,1,-0.597697893778483,-0.4146130084991455,1,3.20245361328125
13507.335,5,1,1,fixation,0,nan,nan,0,nan,0,nan,nan,0,nan
13524.002,5,1,1,fixation,1,-0.7185759014553493,-0.3694264888763428,1,3.7389068603515625,1,-0.605746587117513,-0.4551144242286682,1,3.509979248046875
13540.669,5,1,1,fixation,1,-0.7981600761413574,-0.38552600145339966,1,3.3130035400390625,1,-0.5963753329383003,-0.41395020484924316,1,3.2193756103515625
13557.336,5,1,1,fixation,0,nan,nan,0,nan,0,nan,nan,0,nan
13574.003,5,1,1,fixation,1,-0.7794412242041693,-0.3949353098869324,1,3.5783843994140625,1,-0.6032896041870117,-0.43872809410095215,1,3.531280517578125
13590.669,5,1,1,fixation,1,-0.8018207351366679,-0.38691139221191406,1,3.3235931396484375,1,-0.5944844881693522,-0.41579556465148926,1,3.23443603515625
13607.336,5,1,1,fixation,0,nan,nan,0,nan,0,nan,nan,0,nan
13624.003,5,1,1,fixation,1,-0.803988410366906,-0.40935206413269043,1,3.581939697265625,1,-0.6105495558844672,-0.4287242889404297,1,3.5663909912109375
13640.669,5,1,1,fixation,1,-0.8049811257256402,-0.3857206106185913,1,3.3372802734375,1,-0.5970010492536756,-0.4172733426094055,1,3.2454376220703125
13657.336,5,1,1,fixation,0,nan,nan,0,nan,0,nan,nan,0,nan
13674.003,5,1,1,fixation,1,-0.785427278942532,-0.4071785807609558,1,3.615020751953125,1,-0.6019417179955376,-0.4492427706718445,1,3.57177734375
13690.669,5,1,1,fixation,1,-0.8070262670516968,-0.38668107986450195,1,3.3472900390625,1,-0.590682824452718,-0.41829341650009155,1,3.2535247802734375
13707.336,5,1,1,fixation,0,nan,nan,0,nan,0,nan,nan,0,nan
13724.003,5,1,1,fixation,1,-0.771159807840983,-0.41768383979797363,1,3.6476898193359375,1,-0.6066117816501193,-0.43539130687713623,1,3.6394195556640625
13740.669,5,1,1,fixation,1,-0.8041409187846713,-0.3834410309791565,1,3.3577880859375,1,-0.5941717624664307,-0.4171965718269348,1,3.258941650390625
13757.336,5,1,1,fixation,0,nan,nan,0,nan,0,nan,nan,0,nan
13774.003,5,1,1,fixation,1,-0.7932259904013739,-0.4030211567878723,1,3.6254425048828125,1,-0.6075561046600342,-0.43528783321380615,1,3.591278076171875
13790.67,5,1,1,fixation,1,-0.807667162683275,-0.38862138986587524,1,3.3754119873046875,1,-0.5955647892422146,-0.41952645778656006,1,3.264556884765625
13807.337,5,1,1,fixation,0,nan,nan,0,nan,0,nan,nan,0,nan
13824.004,5,1,1,fixation,1,-0.7723875045776367,-0.41725242137908936,1,3.6807098388671875,1,-0.459250529607137,-0.4090104103088379,1,4.0068206787109375
13840.67,5,1,1,fixation,1,-0.7972643176714579,-0.3908454179763794,1,3.4016265869140625,1,-0.5981814331478542,-0.4175073504447937,1,3.276641845703125
13857.337,5,1,1,fixation,0,nan,nan,0,nan,0,nan,nan,0,nan
13874.004,5,1,1,fixation,1,-0.8126385476854112,-0.4234601855278015,1,3.6439361572265625,1,-0.6281934314303927,-0.41663479804992676,1,3.583953857421875
13890.67,5,1,1,fixation,1,-0.8207622369130452,-0.3869829773902893,1,3.41168212890625,1,-0.6191226376427544,-0.4092707633972168,1,3.29827880859375
13907.337,5,1,1,fixation,0,nan,nan,0,nan,0,nan,nan,0,nan
13924.004,5,1,1,fixation,1,-0.7922394474347432,-0.4082430601119995,1,3.71539306640625,1,-0.618699418173896,-0.445079505443573,1,3.625732421875
13940.67,5,1,1,fixation,1,-0.8289780285623338,-0.38600069284439087,1,3.425811767578125,1,-0.6135179201761881,-0.4126412868499756,1,3.314208984375
13957.337,5,1,1,fixation,0,nan,nan,0,nan,0,nan,nan,0,nan
13974.004,5,1,1,fixation,1,-0.8110845817459954,-0.4182581901550293,1,3.670379638671875,1,-0.6334943506452771,-0.42714810371398926,1,3.6174774169921875
13990.67,5,1,1,fixation,1,-0.8183948728773328,-0.38702815771102905,1,3.4505767822265625,1,-0.6098703278435601,-0.41321516036987305,1,3.3351593017578125
14007.337,5,1,1,fixation,0,nan,nan,0,nan,0,nan,nan,0,nan
14024.004,5,1,1,fixation,1,-0.789451003074646,-0.408622682094574,1,3.712799072265625,1,-0.623920996983846,-0.4255906939506531,1,3.6349945068359375
14040.671,5,1,1,fixation,1,-0.8291717304123772,-0.3886668086051941,1,3.460693359375,1,-0.6098693741692437,-0.4129735827445984,1,3.3559112548828125
14057.338,5,1,1,fixation,0,nan,nan,0,nan,0,nan,nan,0,nan
14074.005,5,1,1,fixation,1,-0.7965832882457309,-0.4149234890937805,1,3.7490234375,1,-0.6195913685692681,-0.4187726378440857,1,3.6874847412109375
14090.671,5,1,1,fixation,1,-0.8211584952142503,-0.3916255235671997,1,3.485076904296875,1,-0.6133561664157443,-0.4163883924484253,1,3.37591552734375
14107.338,5,1,1,fixation,0,nan,nan,0,nan,0,nan,nan,0,nan
14124.005,5,1,1,fixation,1,-0.7992677953508165,-0.4321248531341553,1,3.753631591796875,1,-0.6114242606692843,-0.44225895404815674,1,3.6757659912109375
14140.671,5,1,1,fixation,1,-0.8307021657625834,-0.3912632465362549,1,3.4962921142578125,1,-0.6082740359836154,-0.41684603691101074,1,3.3939971923828125
14157.338,5,1,1,stimulusMovement,0,nan,nan,0,nan,0,nan,nan,0,nan
14174.005,5,1,1,stimulusMovement,1,-0.7508825461069742,-0.3875470757484436,1,3.8684539794921875,1,-0.6222900019751655,-0.42231619358062744,1,3.7554168701171875
14190.671,5,1,1,stimulusMovement,1,-0.77270950211419,-0.4205082654953003,1,3.836273193359375,1,-0.5862487687004937,-0.44462311267852783,1,3.7473297119140625
14207.338,5,1,1,stimulusMovement,1,-0.7786027987798054,-0.44561856985092163,1,3.7674560546875,1,-0.6038506825764973,-0.4408900737762451,1,3.759002685546875
14224.004,5,1,1,stimulusMovement,1,-0.7922140889697604,-0.3746105432510376,1,3.90155029296875,0,nan,nan,0,nan
14240.67,5,1,1,stimulusMovement,1,-0.7480938699510362,-0.39076030254364014,1,3.9250030517578125,1,-0.6031119293636745,-0.4289064407348633,1,3.76593017578125
14257.337,5,1,1,stimulusMovement,1,-0.8074652552604675,-0.41071832180023193,1,3.8324737548828125,1,-0.6107150713602701,-0.4364297389984131,1,3.7270050048828125
14274.004,5,1,1,stimulusMovement,1,-0.7073084248436822,-0.33936601877212524,1,4.16412353515625,1,-0.5730577574835883,-0.41798990964889526,1,3.83349609375
14290.671,5,1,1,stimulusMovement,1,-0.7406326664818658,-0.34218406677246094,1,4.015869140625,1,-0.6159099472893609,-0.4307088851928711,1,3.7447052001953125
14307.338,5,1,1,stimulusMovement,1,-0.8056205378638372,-0.4090512990951538,1,3.843353271484375,1,-0.5960167249043782,-0.42565834522247314,1,3.7097320556640625
14324.004,5,1,1,stimulusMovement,1,-0.7778075536092122,-0.4166508913040161,1,3.8226776123046875,1,-0.5989042123158772,-0.41766947507858276,1,3.755889892578125
14340.67,5,1,1,stimulusMovement,1,-0.7779361406962076,-0.3938685655593872,1,3.883544921875,1,-0.6196813583374023,-0.4154459238052368,1,3.7492523193359375
14357.337,5,1,1,stimulusMovement,1,-0.7741036547554864,-0.4223519563674927,1,3.8182830810546875,1,-0.6021102269490559,-0.4266972541809082,1,3.732696533203125
14374.003,5,1,1,stimulusMovement,1,-0.7757442659801906,-0.4312242269515991,1,3.816619873046875,1,-0.6089246008131238,-0.41685980558395386,1,3.7355194091796875
14390.67,5,1,1,stimulusMovement,1,-0.801631556616889,-0.3848862648010254,1,3.9175567626953125,1,-0.6253226863013374,-0.4213693141937256,1,3.7491455078125
14407.337,5,1,1,stimulusMovement,1,-0.7918028434117634,-0.3958534598350525,1,3.8416595458984375,1,-0.5936517450544568,-0.4163496494293213,1,3.7170867919921875
14424.002,5,1,1,stimulusMovement,1,-0.7916646401087443,-0.41078031063079834,1,3.8437042236328125,1,-0.5873975223965114,-0.42954885959625244,1,3.6939239501953125
14440.669,5,1,1,stimulusMovement,1,-0.8016918367809719,-0.39731907844543457,1,3.8389739990234375,1,-0.5831192334493001,-0.4258536696434021,1,3.72064208984375
14457.336,5,1,1,stimulusMovement,1,-0.7832969824473063,-0.3913760185241699,1,3.959381103515625,1,-0.5884206030103895,-0.41647017002105713,1,3.7033233642578125
14474.002,5,1,1,stimulusMovement,1,-0.7837216787868075,-0.4012805223464966,1,3.870849609375,1,-0.618432601292928,-0.4399939775466919,1,3.7055511474609375
14490.669,5,1,1,stimulusMovement,1,-0.7924770315488179,-0.4232964515686035,1,3.8434295654296875,1,-0.6057769457499186,-0.42174941301345825,1,3.71063232421875
14507.336,5,1,1,stimulusMovement,1,-0.7580549054675632,-0.4180372357368469,1,3.9232330322265625,1,-0.5643329090542263,-0.3777007460594177,1,3.835205078125
14524.002,5,1,1,stimulusMovement,1,-0.76210441854265,-0.3280212879180908,1,4.1339263916015625,1,-0.5843881501091851,-0.39944958686828613,1,3.7385406494140625
14540.669,5,1,1,stimulusMovement,1,-0.8234836525387234,-0.4006745219230652,1,3.8387451171875,1,-0.5954583221011691,-0.42824554443359375,1,3.68389892578125
14557.336,5,1,1,stimulusMovement,1,-0.7579599883821275,-0.3374719023704529,1,4.074249267578125,1,-0.6022217273712158,-0.41783440113067627,1,3.697296142578125
14574.002,5,1,1,stimulusMovement,1,-0.7899555696381463,-0.4052140712738037,1,3.8817291259765625,1,-0.5934749709235297,-0.43362247943878174,1,3.684600830078125
14590.669,5,1,1,stimulusMovement,1,-0.7916922503047519,-0.39457011222839355,1,3.926849365234375,1,-0.6131773524814181,-0.43214190006256104,1,3.6897125244140625
14607.336,5,1,1,stimulusMovement,1,-0.789600650469462,-0.38604968786239624,1,3.95294189453125,1,-0.5966431299845377,-0.430633544921875,1,3.616973876953125
14624.001,5,1,1,stimulusMovement,1,-0.7690323723687066,-0.3945932388305664,1,3.9476470947265625,1,-0.5992850727505153,-0.4335227608680725,1,3.6809234619140625
14640.668,5,1,1,stimulusMovement,1,-0.7812433838844299,-0.39799582958221436,1,3.9080047607421875,1,-0.5725546412997775,-0.4002631902694702,1,3.78558349609375
14657.335,5,1,1,stimulusMovement,1,-0.7792280713717142,-0.4216434359550476,1,3.8891448974609375,1,-0.5984764099121094,-0.432428240776062,1,3.6942596435546875
14674.001,5,1,1,stimulusMovement,1,-0.8087153169843885,-0.4151023030281067,1,3.876861572265625,1,-0.5976680119832356,-0.4337092638015747,1,3.6757965087890625
14690.668,5,1,1,stimulusMovement,1,-0.806827598147922,-0.38791215419769287,1,3.956512451171875,1,-0.5976027117835151,-0.4238821864128113,1,3.685394287109375
14707.335,5,1,1,stimulusMovement,1,-0.78771264023251,-0.41396772861480713,1,3.9514312744140625,1,-0.6079631911383735,-0.42813026905059814,1,3.6803741455078125
14724.0,5,1,1,stimulusMovement,1,-0.8090414338641696,-0.4024832248687744,1,3.926910400390625,1,-0.5923067993587917,-0.4334369897842407,1,3.69854736328125
14740.667,5,1,1,stimulusMovement,1,-0.7613264189826118,-0.34724366664886475,1,4.0892333984375,1,-0.6137175824907091,-0.4233570098876953,1,3.6920318603515625
14757.335,5,1,1,stimulusMovement,1,-0.7907971342404683,-0.3840806484222412,1,3.9388580322265625,1,-0.610761801401774,-0.4323263168334961,1,3.6963653564453125
14774.001,5,1,1,stimulusMovement,1,-0.811522556675805,-0.3992375135421753,1,3.907989501953125,1,-0.5594726138644748,-0.41653406620025635,1,3.79998779296875
14790.668,5,1,1,stimulusMovement,1,-0.7898681163787842,-0.4155033230781555,1,3.9960479736328125,1,-0.6056335237291124,-0.40861326456069946,1,3.7628936767578125
14807.334,5,1,1,stimulusMovement,1,-0.7692339685228136,-0.37723058462142944,1,4.067474365234375,1,-0.6044779088762071,-0.41595137119293213,1,3.784027099609375
14824.0,5,1,1,stimulusMovement,1,-0.7801296644740634,-0.3954390287399292,1,4.0298614501953125,1,-0.5771782663133409,-0.4262780547142029,1,3.7375030517578125
14840.667,5,1,1,stimulusMovement,1,-0.7863428658909267,-0.39266854524612427,1,4.0381317138671875,0,nan,nan,0,nan
14857.334,5,1,1,stimulusMovement,1,-0.782395217153761,-0.409429669380188,1,4.0115966796875,1,-0.6070875061882867,-0.41300272941589355,1,3.7412261962890625
14874.0,5,1,1,stimulusMovement,1,-0.7842169337802463,-0.42536497116088867,1,3.9177398681640625,1,-0.5704888502756754,-0.41410762071609497,1,3.8183135986328125
14890.667,5,1,1,stimulusMovement,1,-0.7964309453964233,-0.42930418252944946,1,3.969573974609375,1,-0.6038344436221652,-0.419805109500885,1,3.7372283935546875
14907.333,5,1,1,stimulusMovement,1,-0.7784409390555487,-0.413429856300354,1,4.018157958984375,1,-0.5890172587500678,-0.4241441488265991,1,3.8169097900390625
14923.999,5,1,1,stimulusMovement,1,-0.7886520889070299,-0.3883739113807678,1,4.0155487060546875,1,-0.5992344750298394,-0.3883458375930786,1,3.8553619384765625
14940.666,5,1,1,stimulusMovement,1,-0.7743889225853814,-0.4055289030075073,1,3.9866790771484375,1,-0.5911002953847249,-0.39760637283325195,1,3.84832763671875
14957.333,5,1,1,stimulusMovement,1,-0.7750614351696438,-0.3723721504211426,1,4.0693359375,1,-0.6005340417226155,-0.4080764055252075,1,3.8630218505859375
14973.999,5,1,1,stimulusMovement,1,-0.7431826061672634,-0.39594554901123047,1,4.1211700439453125,1,-0.5858667691548665,-0.3892365097999573,1,3.87506103515625
14990.666,5,1,1,stimulusMovement,1,-0.7698631551530626,-0.3902631998062134,1,4.0620574951171875,1,-0.5923644171820747,-0.4157143831253052,1,3.7973480224609375
15007.333,5,1,1,stimulusMovement,1,-0.7745687299304538,-0.39402222633361816,1,4.0522308349609375,1,-0.5900204711490207,-0.41600823402404785,1,3.8243255615234375
15023.999,5,1,1,stimulusMovement,1,-0.7580525477727253,-0.37488341331481934,1,4.084197998046875,0,nan,nan,0,nan
15040.666,5,1,1,stimulusMovement,1,-0.7702783081266614,-0.38800156116485596,1,4.0964813232421875,1,-0.5944283538394504,-0.4241076707839966,1,3.7879180908203125
15057.333,5,1,1,stimulusMovement,1,-0.7785794602500067,-0.35617345571517944,1,4.1904296875,0,nan,nan,0,nan
15073.999,5,1,1,stimulusMovement,1,-0.7637379301918877,-0.4166684150695801,1,4.022125244140625,1,-0.602073245578342,-0.42281246185302734,1,3.7890167236328125
15090.665,5,1,1,stimulusMovement,1,-0.7564627726872761,-0.3970125913619995,1,4.0169219970703125,1,-0.5986643367343478,-0.42085641622543335,1,3.8188018798828125
15107.332,5,1,1,stimulusMovement,1,-0.7621720631917317,-0.4320504069328308,1,4.025421142578125,1,-0.5875418186187744,-0.4028174877166748,1,3.867523193359375
15123.998,5,1,1,stimulusMovement,1,-0.7676035960515339,-0.39188653230667114,1,3.999053955078125,1,-0.5946943759918213,-0.39557945728302,1,3.8914642333984375
15140.665,5,1,1,stimulusMovement,1,-0.7570965025160047,-0.41639167070388794,1,3.9958648681640625,1,-0.5823446114857991,-0.41450774669647217,1,3.8455810546875
15157.332,5,1,1,stimulusMovement,0,nan,nan,0,nan,1,-0.5871316062079536,-0.4084118604660034,1,3.822479248046875
15173.997,5,1,1,stimulusMovement,1,-0.7635182804531521,-0.4184072017669678,1,3.9702606201171875,1,-0.5810552438100178,-0.40186625719070435,1,3.8752593994140625
15190.664,5,1,1,stimulusMovement,1,-0.7542457315656873,-0.42134130001068115,1,4.0101470947265625,1,-0.5815955797831217,-0.4198765754699707,1,3.854400634765625
15207.331,5,1,1,stimulusMovement,1,-0.7463036643134223,-0.3695089817047119,1,4.12750244140625,1,-0.5884615315331353,-0.42047178745269775,1,3.8289337158203125
15223.997,5,1,1,stimulusMovement,1,-0.7479268842273288,-0.40624386072158813,1,3.991973876953125,1,-0.6056198543972439,-0.3995424509048462,1,3.915283203125
15240.664,5,1,1,stimulusMovement,1,-0.7507054938210381,-0.44504427909851074,1,3.9510955810546875,1,-0.5750456915961372,-0.3850904107093811,1,3.86566162109375
15257.331,5,1,1,stimulusMovement,1,-0.7731755177179972,-0.4259885549545288,1,3.9470062255859375,1,-0.5959941016303169,-0.4085072875022888,1,3.8484649658203125
15273.997,5,1,1,stimulusMovement,1,-0.7395912011464436,-0.39394259452819824,1,4.077392578125,1,-0.5759727160135905,-0.407340943813324,1,3.7813262939453125
15290.664,5,1,1,stimulusMovement,1,-0.7366469038857354,-0.4154759645462036,1,4.0049285888671875,1,-0.5791591538323296,-0.40205907821655273,1,3.869110107421875
15307.331,5,1,1,stimulusMovement,1,-0.7516073783238728,-0.414348840713501,1,3.92425537109375,1,-0.5950859917534722,-0.4142637252807617,1,3.8066253662109375
15323.997,5,1,1,stimulusMovement,1,-0.7462867101033528,-0.40184295177459717,1,4.0771942138671875,1,-0.5897684362199571,-0.433696985244751,1,3.77398681640625
15340.663,5,1,1,stimulusMovement,1,-0.7311002148522271,-0.4069371223449707,1,4.0044708251953125,1,-0.5902658833397759,-0.4014121890068054,1,3.809417724609375
15357.33,5,1,1,stimulusMovement,1,-0.7669204605950249,-0.40664589405059814,1,4.007476806640625,1,-0.584016826417711,-0.4011373519897461,1,3.816680908203125
15373.996,5,1,1,stimulusMovement,1,-0.7598852316538492,-0.382595419883728,1,4.056915283203125,1,-0.5664923720889621,-0.412325382232666,1,3.8911285400390625
15390.663,5,1,1,stimulusMovement,0,nan,nan,0,nan,1,-0.57010817527771,-0.37424564361572266,1,3.9533233642578125
15407.33,5,1,1,stimulusMovement,1,-0.7308200067943996,-0.3789083957672119,1,4.04461669921875,1,-0.5785492791069878,-0.4051673412322998,1,3.866851806640625
15423.996,5,1,1,stimulusMovement,1,-0.7423865265316433,-0.38559794425964355,1,4.0450592041015625,1,-0.5755380524529351,-0.4078825116157532,1,3.8178863525390625
15440.662,5,1,1,stimulusMovement,1,-0.7468928496042887,-0.40246260166168213,1,4.002685546875,1,-0.5806965827941895,-0.40783464908599854,1,3.846405029296875
15457.329,5,1,1,stimulusMovement,1,-0.7359363238016764,-0.4218348264694214,1,3.9781341552734375,1,-0.5809297296735975,-0.3995838165283203,1,3.8424224853515625
15473.995,5,1,1,stimulusMovement,1,-0.7604065471225314,-0.38847172260284424,1,4.0442962646484375,1,-0.5761519802941216,-0.4136555790901184,1,3.8740692138671875
15490.663,5,1,1,stimulusMovement,1,-0.731550998157925,-0.35378867387771606,1,4.20648193359375,0,nan,nan,0,nan
15507.329,5,1,1,stimulusMovement,1,-0.7482095824347602,-0.35748976469039917,1,4.131134033203125,1,-0.4734638267093234,-0.35764849185943604,1,4.145355224609375
15523.995,5,1,1,stimulusMovement,1,-0.7607275777392917,-0.38962364196777344,1,4.037261962890625,1,-0.5888411204020182,-0.41086965799331665,1,3.8085784912109375
15540.662,5,1,1,stimulusMovement,1,-0.7434226274490356,-0.3861004710197449,1,4.113739013671875,1,-0.5062442355685763,-0.42646801471710205,1,3.985443115234375
15557.329,5,1,1,stimulusMovement,1,-0.7308745384216309,-0.3672625422477722,1,4.15087890625,1,-0.5648101965586344,-0.40031230449676514,1,3.8601226806640625
15573.995,5,1,1,stimulusMovement,1,-0.7538933356602986,-0.3711007237434387,1,4.111785888671875,1,-0.5480030907524956,-0.3750544786453247,1,3.9928436279296875
15590.661,5,1,1,stimulusMovement,1,-0.7459167639414469,-0.426186203956604,1,4.0403594970703125,1,-0.5856895446777344,-0.41572046279907227,1,3.8914337158203125
15607.328,5,1,1,stimulusMovement,1,-0.7561231056849161,-0.4044688940048218,1,4.0627899169921875,1,-0.5749592516157361,-0.3874838352203369,1,3.8497314453125
15623.994,5,1,1,stimulusMovement,1,-0.7449343469407823,-0.39384639263153076,1,4.1207275390625,1,-0.474498086505466,-0.37568020820617676,1,4.1215667724609375
15640.661,5,1,1,stimulusMovement,1,-0.7529826429155138,-0.40553200244903564,1,4.080230712890625,1,-0.592375463909573,-0.40776145458221436,1,3.8235626220703125
15657.328,5,1,1,stimulusMovement,0,nan,nan,0,nan,0,nan,nan,0,nan
15673.994,5,1,1,stimulusMovement,1,-0.730469438764784,-0.3929287791252136,1,4.1241302490234375,1,-0.5266270902421739,-0.36263394355773926,1,4.0309600830078125
15690.66,5,1,1,stimulusMovement,1,-0.7667321628994411,-0.37688934803009033,1,4.15411376953125,1,-0.5773885250091553,-0.4006509780883789,1,3.8424530029296875
15707.327,5,1,1,stimulusMovement,0,nan,nan,0,nan,1,-0.5766477849748399,-0.39571356773376465,1,3.868377685546875
15723.993,5,1,1,stimulusMovement,1,-0.769315587149726,-0.39178287982940674,1,4.0704345703125,1,-0.5902170605129665,-0.3818902373313904,1,3.8884124755859375
15740.661,5,1,1,stimulusMovement,1,-0.7393501202265421,-0.4093731641769409,1,4.073272705078125,1,-0.5833415720197889,-0.3935650587081909,1,3.889404296875
15757.327,5,1,1,stimulusMovement,1,-0.73767442173428,-0.37345027923583984,1,4.144622802734375,1,-0.5747312439812554,-0.4113156199455261,1,3.78387451171875
15773.993,5,1,1,stimulusMovement,1,-0.7368635601467556,-0.3778369426727295,1,4.0932464599609375,1,-0.4484631220499674,-0.38098061084747314,1,4.102783203125
15790.66,5,1,1,stimulusMovement,1,-0.7238821453518337,-0.38382869958877563,1,4.150146484375,1,-0.5090266333685981,-0.39726436138153076,1,3.945953369140625
15807.327,5,1,1,stimulusMovement,1,-0.7444993125067817,-0.36376309394836426,1,4.09393310546875,1,-0.585415416293674,-0.41200876235961914,1,3.848480224609375
15823.993,5,1,1,stimulusMovement,1,-0.7472183969285753,-0.39657795429229736,1,4.0012664794921875,1,-0.5123137103186713,-0.3866083025932312,1,3.9752197265625
15840.659,5,1,1,stimulusMovement,1,-0.7208541234334309,-0.38400542736053467,1,4.0665740966796875,1,-0.5166819890340169,-0.40527093410491943,1,3.9189453125
15857.326,5,1,1,stimulusMovement,1,-0.7473418712615967,-0.41268283128738403,1,3.9736328125,1,-0.5666330920325385,-0.4266400933265686,1,3.78692626953125
15873.992,5,1,1,stimulusMovement,1,-0.7088821331659952,-0.32975131273269653,1,4.1868743896484375,1,-0.5761591328514947,-0.42045891284942627,1,3.7804718017578125
15890.659,5,1,1,stimulusMovement,1,-0.7443161805470784,-0.394620418548584,1,3.9857940673828125,1,-0.5446770191192627,-0.43191444873809814,1,3.782012939453125
15907.326,5,1,1,stimulusMovement,1,-0.7092564105987549,-0.39645469188690186,1,3.9908294677734375,1,-0.5153940783606635,-0.407126247882843,1,3.8502197265625
15923.991,5,1,1,stimulusMovement,1,-0.7285899718602498,-0.39887070655822754,1,3.933990478515625,1,-0.4545855257246229,-0.4004943370819092,1,4.1078643798828125
15940.658,5,1,1,stimulusMovement,1,-0.699106905195448,-0.38522058725357056,1,4.0448455810546875,1,-0.46280079417758513,-0.3911570906639099,1,3.9752655029296875
15957.325,5,1,1,stimulusMovement,1,-0.7113672097524006,-0.3908630609512329,1,3.9092559814453125,1,-0.5292312304178873,-0.40104591846466064,1,3.83636474609375
15973.992,5,1,1,stimulusMovement,1,-0.713660266664293,-0.3586076498031616,1,3.9990386962890625,1,-0.5286936495039198,-0.40107524394989014,1,3.76812744140625
15990.658,5,1,1,stimulusMovement,1,-0.6994190480973985,-0.39954710006713867,1,3.9163818359375,1,-0.41597874959309894,-0.37000739574432373,1,4.081146240234375
16007.325,5,1,1,stimulusMovement,1,-0.6776552200317383,-0.38015830516815186,1,3.9020538330078125,1,-0.5012788772583008,-0.4035552144050598,1,3.7715911865234375
16023.991,5,1,1,stimulusMovement,1,-0.6705908642874824,-0.368455171585083,1,3.9080810546875,1,-0.5157330301072862,-0.3981926441192627,1,3.7899322509765625
16040.658,5,1,1,stimulusMovement,1,-0.6441749996609157,-0.3505680561065674,1,3.90936279296875,1,-0.47779766718546546,-0.4306510090827942,1,3.7553558349609375
16057.325,5,1,1,stimulusMovement,1,-0.6381384796566433,-0.345379114151001,1,3.8651275634765625,1,-0.4177057478162977,-0.4070929288864136,1,3.9185638427734375
16073.99,5,1,1,stimulusMovement,1,-0.6193510956234402,-0.35376399755477905,1,3.8061676025390625,1,-0.37133275138007266,-0.3999795913696289,1,4.064666748046875
16090.657,5,1,1,stimulusMovement,1,-0.5901063283284504,-0.33916985988616943,1,3.84716796875,1,-0.39214356740315753,-0.40258634090423584,1,3.88983154296875
16107.324,5,1,1,stimulusMovement,1,-0.5104583634270562,-0.2571636438369751,1,3.786773681640625,1,-0.3120659722222222,-0.2672611474990845,1,3.8109588623046875
16123.99,5,1,1,stimulusMovement,1,-0.5051026874118381,-0.2631847858428955,1,3.84222412109375,1,-0.3114810519748264,-0.23612850904464722,1,3.8292083740234375
16140.657,5,1,1,stimulusMovement,1,-0.4677751329210069,-0.19866150617599487,1,3.9387054443359375,0,nan,nan,0,nan
16157.323,5,1,1,stimulusMovement,1,-0.46457295947604704,-0.25519025325775146,1,3.7694244384765625,1,-0.19385009341769746,-0.29643380641937256,1,4.29864501953125
16173.989,5,1,1,stimulusMovement,1,-0.45127105712890625,-0.23972690105438232,1,3.7822723388671875,0,nan,nan,0,nan
16190.656,5,1,1,stimulusMovement,1,-0.46648316913180876,-0.21982663869857788,1,3.7883148193359375,1,-0.24138074451022676,-0.2327578067779541,1,3.74591064453125
16207.323,5,1,1,stimulusMovement,1,-0.4522600968678792,-0.22669100761413574,1,3.81341552734375,0,nan,nan,0,nan
16223.989,5,1,1,stimulusMovement,1,-0.4435494740804036,-0.22595465183258057,1,3.7849884033203125,1,-0.25064659118652344,-0.2068864107131958,1,3.8302764892578125
16240.656,5,1,1,stimulusMovement,1,-0.41942474577162,-0.21128296852111816,1,3.8456268310546875,1,-0.23905409706963432,-0.20846927165985107,1,3.87860107421875
16257.323,5,1,1,stimulusMovement,1,-0.42794259389241535,-0.21503996849060059,1,3.763458251953125,0,nan,nan,0,nan
16273.989,5,1,1,stimulusMovement,1,-0.43325938118828666,-0.20323872566223145,1,3.7960052490234375,1,-0.15258248647054035,-0.29227757453918457,1,4.1472930908203125
16290.656,5,1,1,stimulusMovement,1,-0.41010697682698566,-0.25518226623535156,1,3.728515625,0,nan,nan,0,nan
16307.322,5,1,1,stimulusMovement,1,-0.3880796432495117,-0.23185980319976807,1,3.7288360595703125,0,nan,nan,0,nan
16323.988,5,1,1,stimulusMovement,0,nan,nan,0,nan,1,-0.1857767105102539,-0.2015986442565918,1,3.8238677978515625
16340.655,5,1,1,stimulusMovement,0,nan,nan,0,nan,0,nan,nan,0,nan
16357.322,5,1,1,stimulusMovement,1,-0.37105157640245223,-0.2060987949371338,1,3.8437652587890625,0,nan,nan,0,nan
16373.988,5,1,1,stimulusMovement,0,nan,nan,0,nan,0,nan,nan,0,nan
16390.654,5,1,1,stimulusMovement,0,nan,nan,0,nan,0,nan,nan,0,nan
16407.321,5,1,1,stimulusMovement,0,nan,nan,0,nan,0,nan,nan,0,nan
16423.987,5,1,1,stimulusMovement,0,nan,nan,0,nan,0,nan,nan,0,nan
16440.654,5,1,1,stimulusMovement,0,nan,nan,0,nan,0,nan,nan,0,nan
16457.321,5,1,1,stimulusMovement,0,nan,nan,0,nan,0,nan,nan,0,nan
16473.987,5,1,1,stimulusMovement,0,nan,nan,0,nan,0,nan,nan,0,nan
16490.654,5,1,1,stimulusMovement,0,nan,nan,0,nan,1,-0.018437809414333765,-0.16031169891357422,1,3.691131591796875
16507.321,5,1,1,stimulusMovement,0,nan,nan,0,nan,1,-0.0223391850789388,-0.172576904296875,1,3.712890625
16523.986,5,1,1,stimulusMovement,0,nan,nan,0,nan,0,nan,nan,0,nan
16540.653,5,1,1,stimulusMovement,0,nan,nan,0,nan,1,0.014981587727864582,-0.07252883911132812,1,3.55804443359375
16557.32,5,1,1,stimulusMovement,0,nan,nan,0,nan,0,nan,nan,0,nan
16573.986,5,1,1,stimulusMovement,0,nan,nan,0,nan,1,-0.02975336710611979,-0.23482990264892578,1,4.09228515625
16590.653,5,1,1,stimulusMovement,0,nan,nan,0,nan,0,nan,nan,0,nan
16607.319,5,1,1,stimulusMovement,0,nan,nan,0,nan,0,nan,nan,0,nan
16623.985,5,1,1,stimulusMovement,0,nan,nan,0,nan,1,0.07321823967827691,-0.040610551834106445,1,3.455718994140625
16640.652,5,1,1,stimulusMovement,0,nan,nan,0,nan,1,0.0767202377319336,-0.030379652976989746,1,3.447174072265625
16657.319,5,1,1,stimulusMovement,0,nan,nan,0,nan,0,nan,nan,0,nan
16673.985,5,1,1,stimulusMovement,0,nan,nan,0,nan,1,0.22130701276991102,-0.08049696683883667,1,3.618255615234375
16690.651,5,1,1,stimulusMovement,0,nan,nan,0,nan,1,0.25801828172471786,-0.013652682304382324,1,3.386505126953125
16707.319,5,1,1,stimulusMovement,0,nan,nan,0,nan,1,0.22558932834201387,-0.05498862266540527,1,3.57537841796875
16723.985,5,1,1,stimulusMovement,0,nan,nan,0,nan,1,0.2594032287597656,-0.01764202117919922,1,3.4422149658203125
16740.652,5,1,1,stimulusMovement,0,nan,nan,0,nan,1,0.1150587929619683,-0.19832593202590942,1,4.249053955078125
16757.319,5,1,1,stimulusMovement,0,nan,nan,0,nan,1,0.2758679919772678,0.032246410846710205,1,3.38323974609375
16773.984,5,1,1,stimulusMovement,0,nan,nan,0,nan,0,nan,nan,0,nan
16790.651,5,1,1,stimulusMovement,0,nan,nan,0,nan,1,0.2863032023111979,-0.010232269763946533,1,3.4153289794921875
16807.318,5,1,1,stimulusMovement,0,nan,nan,0,nan,1,0.3003816604614258,0.01222902536392212,1,3.3861846923828125
16823.984,5,1,1,stimulusMovement,0,nan,nan,0,nan,1,0.308937496609158,0.0274503231048584,1,3.37640380859375
16840.651,5,1,1,stimulusMovement,0,nan,nan,0,nan,1,0.30707624223497176,0.006482213735580444,1,3.4267578125
16857.317,5,1,1,stimulusMovement,0,nan,nan,0,nan,1,0.280124028523763,0.03435203433036804,1,3.2730560302734375
16873.983,5,1,1,stimulusMovement,0,nan,nan,0,nan,1,0.302715089586046,-0.0068094730377197266,1,3.35491943359375
16890.65,5,1,1,stimulusMovement,0,nan,nan,0,nan,1,0.2994567023383246,-0.02958095073699951,1,3.4196929931640625
16907.317,5,1,1,stimulusMovement,0,nan,nan,0,nan,1,0.17920970916748047,-0.01682460308074951,1,3.334991455078125
16923.983,5,1,1,stimulusMovement,0,nan,nan,0,nan,1,0.18821546766493055,-0.028873145580291748,1,3.3380584716796875
16940.649,5,1,1,stimulusMovement,0,nan,nan,0,nan,1,0.19039588504367402,-0.0034395456314086914,1,3.3376312255859375
16957.317,5,1,1,stimulusMovement,0,nan,nan,0,nan,1,0.17820432451036242,-0.03127145767211914,1,3.3379058837890625
16973.983,5,1,1,stimulusMovement,0,nan,nan,0,nan,1,0.1151275634765625,-0.15234756469726562,1,3.8143463134765625
16990.649,5,1,1,stimulusMovement,0,nan,nan,0,nan,1,0.17229843139648438,-0.02518153190612793,1,3.3644256591796875
17007.316,5,1,1,stimulusMovement,0,nan,nan,0,nan,0,nan,nan,0,nan
17023.982,5,1,1,stimulusMovement,0,nan,nan,0,nan,1,0.15765052371554902,-0.03731369972229004,1,3.4380035400390625
17040.649,5,1,1,stimulusMovement,0,nan,nan,0,nan,1,0.16420004102918836,-0.039319515228271484,1,3.3791351318359375
17057.316,5,1,1,stimulusMovement,0,nan,nan,0,nan,1,0.16847091250949434,-0.01747596263885498,1,3.3626708984375
17073.981,5,1,1,stimulusMovement,0,nan,nan,0,nan,1,0.14718267652723524,-0.02674579620361328,1,3.478759765625
17090.648,5,1,1,stimulusMovement,0,nan,nan,0,nan,1,0.1604300604926215,-0.03428030014038086,1,3.3706512451171875
17107.315,5,1,1,stimulusMovement,0,nan,nan,0,nan,0,nan,nan,0,nan
17123.981,5,1,1,stimulusMovement,0,nan,nan,0,nan,1,0.15244939592149523,-0.02084195613861084,1,3.336639404296875
17140.648,5,1,1,stimulusMovement,0,nan,nan,0,nan,0,nan,nan,0,nan
17157.314,5,1,1,stimulusMovement,0,nan,nan,0,nan,1,0.16989411248101127,-0.007888317108154297,1,3.344482421875
17173.98,5,1,1,stimulusMovement,0,nan,nan,0,nan,1,0.17153983645968965,-0.020893573760986328,1,3.3853912353515625
17190.647,5,1,1,stimulusMovement,0,nan,nan,0,nan,1,0.16528171963161892,-0.018589794635772705,1,3.3624420166015625
17207.314,5,1,1,stimulusMovement,0,nan,nan,0,nan,1,0.17475732167561847,-0.041618406772613525,1,3.3908233642578125
17223.98,5,1,1,stimulusMovement,0,nan,nan,0,nan,1,0.12472279866536458,-0.09512585401535034,1,3.5962982177734375
17240.647,5,1,1,stimulusMovement,0,nan,nan,0,nan,0,nan,nan,0,nan
17257.314,5,1,1,stimulusMovement,0,nan,nan,0,nan,1,0.2344233194986979,-0.05837368965148926,1,3.68505859375
17273.979,5,1,1,stimulusMovement,0,nan,nan,0,nan,1,0.1822320090399848,-0.011367976665496826,1,3.2899169921875
17290.646,5,1,1,stimulusMovement,0,nan,nan,0,nan,1,0.19241513146294487,-0.022854208946228027,1,3.324249267578125
17307.313,5,1,1,stimulusMovement,0,nan,nan,0,nan,1,0.18098492092556423,-0.09229493141174316,1,3.5965423583984375
17323.979,5,1,1,stimulusMovement,0,nan,nan,0,nan,1,0.1937085257636176,-0.006415009498596191,1,3.2953948974609375
17340.646,5,1,1,stimulusMovement,0,nan,nan,0,nan,1,0.1969670189751519,-0.04513204097747803,1,3.3185882568359375
17357.312,5,1,1,stimulusMovement,0,nan,nan,0,nan,0,nan,nan,0,nan
17373.978,5,1,1,stimulusMovement,0,nan,nan,0,nan,1,0.1847026613023546,-0.020387589931488037,1,3.2869720458984375
17390.645,5,1,1,stimulusMovement,0,nan,nan,0,nan,0,nan,nan,0,nan
17407.312,5,1,1,stimulusMovement,0,nan,nan,0,nan,1,0.17958694034152559,-0.02403336763381958,1,3.2707977294921875
17423.977,5,1,1,stimulusMovement,0,nan,nan,0,nan,1,0.14794794718424478,-0.21681690216064453,1,3.813751220703125
17440.645,5,1,1,stimulusMovement,0,nan,nan,0,nan,1,0.1758058336046007,-0.015195071697235107,1,3.2410736083984375
17457.311,5,1,1,stimulusMovement,0,nan,nan,0,nan,1,0.19042576683892143,-0.010976791381835938,1,3.2145233154296875
17473.977,5,1,1,stimulusMovement,0,nan,nan,0,nan,1,0.20972294277615017,-0.014050900936126709,1,3.199188232421875
17490.644,5,1,1,stimulusMovement,0,nan,nan,0,nan,1,0.19334877861870658,-0.042397141456604004,1,3.2883758544921875
17507.311,5,1,1,stimulusMovement,0,nan,nan,0,nan,1,0.19725248548719618,-0.01750725507736206,1,3.2126007080078125
17523.977,5,1,1,stimulusMovement,0,nan,nan,0,nan,1,0.20139567057291666,-0.012289643287658691,1,3.2027130126953125
17540.643,5,1,1,stimulusMovement,0,nan,nan,0,nan,0,nan,nan,0,nan
17557.31,5,1,1,stimulusMovement,0,nan,nan,0,nan,0,nan,nan,0,nan
17573.976,5,1,1,stimulusMovement,0,nan,nan,0,nan,0,nan,nan,0,nan
17590.643,5,1,1,stimulusMovement,0,nan,nan,0,nan,1,0.18121327294243705,-0.019290626049041748,1,3.215667724609375
17607.31,5,1,1,stimulusMovement,0,nan,nan,0,nan,1,0.18950419955783418,-0.08281815052032471,1,3.36749267578125
17623.975,5,1,1,stimulusMovement,0,nan,nan,0,nan,1,0.1970426771375868,-0.03748977184295654,1,3.2475738525390625
17640.642,5,1,1,stimulusMovement,0,nan,nan,0,nan,1,0.16013971964518228,-0.04321688413619995,1,3.286468505859375
17657.309,5,1,1,stimulusMovement,0,nan,nan,0,nan,1,0.18393961588541666,-0.015704691410064697,1,3.183929443359375
17673.975,5,1,1,stimulusMovement,0,nan,nan,0,nan,1,0.19194952646891275,-0.0529559850692749,1,3.261962890625
17690.642,5,1,1,stimulusMovement,0,nan,nan,0,nan,1,0.19599564870198566,-0.021114706993103027,1,3.2536468505859375
17707.309,5,1,1,stimulusMovement,0,nan,nan,0,nan,1,0.1875258551703559,-0.020560741424560547,1,3.2206268310546875
17723.974,5,1,1,stimulusMovement,0,nan,nan,0,nan,1,0.18626191880967882,-0.029361426830291748,1,3.2106170654296875
17740.641,5,1,1,stimulusMovement,0,nan,nan,0,nan,1,0.19790702395968965,-0.00950700044631958,1,3.2157745361328125
17757.308,5,1,1,stimulusMovement,0,nan,nan,0,nan,1,0.18381245930989581,-0.013584136962890625,1,3.21771240234375
17773.974,5,1,1,stimulusMovement,0,nan,nan,0,nan,1,0.09172799852159287,-0.22893208265304565,1,3.9476776123046875
17790.641,5,1,1,stimulusMovement,0,nan,nan,0,nan,1,0.1907388899061415,-0.02423548698425293,1,3.245819091796875
17807.307,5,1,1,stimulusMovement,0,nan,nan,0,nan,1,0.1975555419921875,-0.005137801170349121,1,3.2515869140625
17823.973,5,1,1,stimulusMovement,0,nan,nan,0,nan,0,nan,nan,0,nan
17840.64,5,1,1,stimulusMovement,0,nan,nan,0,nan,1,0.14221085442437065,-0.21933478116989136,1,3.837615966796875
17857.307,5,1,1,stimulusMovement,0,nan,nan,0,nan,1,0.17304388682047525,-0.011144816875457764,1,3.28302001953125
17873.973,5,1,1,stimulusMovement,0,nan,nan,0,nan,1,0.18543116251627603,-0.024026334285736084,1,3.309661865234375
17890.639,5,1,1,stimulusMovement,0,nan,nan,0,nan,1,0.18553585476345485,-0.014334440231323242,1,3.237274169921875
17907.306,5,1,1,stimulusMovement,0,nan,nan,0,nan,1,0.1685535642835829,-0.08579295873641968,1,4.3383636474609375
17923.972,5,1,1,stimulusMovement,0,nan,nan,0,nan,1,0.18799336751302081,-0.009627580642700195,1,3.242950439453125
17940.639,5,1,1,stimulusMovement,0,nan,nan,0,nan,0,nan,nan,0,nan
17957.306,5,1,1,stimulusMovement,0,nan,nan,0,nan,0,nan,nan,0,nan
17973.972,5,1,1,stimulusMovement,0,nan,nan,0,nan,1,0.10273117489284939,-0.06852519512176514,1,3.623809814453125
17990.638,5,1,1,stimulusMovement,0,nan,nan,0,nan,1,0.16721185048421222,-0.06500059366226196,1,3.5018768310546875
18007.305,5,1,1,stimulusMovement,0,nan,nan,0,nan,1,0.2009978824191623,-0.021817326545715332,1,3.3758087158203125
18023.971,5,1,1,stimulusMovement,0,nan,nan,0,nan,1,0.18733480241563585,-0.013591468334197998,1,3.32830810546875
18040.638,5,1,1,stimulusMovement,0,nan,nan,0,nan,0,nan,nan,0,nan
18057.304,5,1,1,stimulusMovement,0,nan,nan,0,nan,0,nan,nan,0,nan
18073.97,5,1,1,stimulusMovement,0,nan,nan,0,nan,1,0.19928720262315536,-0.03645122051239014,1,3.3522491455078125
18090.637,5,1,1,stimulusMovement,0,nan,nan,0,nan,0,nan,nan,0,nan
18107.304,5,1,1,stimulusMovement,0,nan,nan,0,nan,1,0.19296042124430338,-0.010536015033721924,1,3.3614044189453125
18123.97,5,1,1,stimulusMovement,0,nan,nan,0,nan,0,nan,nan,0,nan
18140.636,5,1,1,stimulusMovement,0,nan,nan,0,nan,0,nan,nan,0,nan
18157.303,5,1,1,stimulusMovement,0,nan,nan,0,nan,1,0.16257180107964408,-0.05361849069595337,1,3.61016845703125
18173.969,5,1,1,fixation,0,nan,nan,0,nan,1,0.08668857150607638,-0.11526381969451904,1,3.92144775390625
18190.636,5,1,1,fixation,0,nan,nan,0,nan,1,0.1625756157769097,-0.028215229511260986,1,3.1167449951171875
18207.303,5,1,1,fixation,1,-0.13670391506618923,-0.006163597106933594,1,3.1201019287109375,1,0.09221786922878689,-0.032853782176971436,1,3.1187896728515625
18223.969,5,1,1,fixation,0,nan,nan,0,nan,0,nan,nan,0,nan
18240.635,5,1,1,fixation,0,nan,nan,0,nan,1,0.19458050198025173,-0.0027597546577453613,1,3.422454833984375
18257.302,5,1,1,fixation,1,-0.04753939310709635,-0.0004343986511230469,1,3.169952392578125,1,0.15834342108832464,-0.02246040105819702,1,3.1437835693359375
18273.968,5,1,1,fixation,1,-0.1252397961086697,0.0007835030555725098,1,3.155487060546875,1,0.1015323003133138,-0.020976483821868896,1,3.13702392578125
18290.635,5,1,1,fixation,0,nan,nan,0,nan,0,nan,nan,0,nan
18307.301,5,1,1,fixation,0,nan,nan,0,nan,1,0.08886432647705078,-0.10277044773101807,1,3.9664459228515625
18323.967,5,1,1,fixation,1,-0.047319677140977644,-0.005122661590576172,1,3.2129974365234375,1,0.15598848130967882,-0.024782121181488037,1,3.1776885986328125
18340.634,5,1,1,fixation,0,nan,nan,0,nan,1,0.09397241804334852,-0.03383946418762207,1,3.1869659423828125
18357.301,5,1,1,fixation,0,nan,nan,0,nan,0,nan,nan,0,nan
18373.968,5,1,1,fixation,0,nan,nan,0,nan,1,0.16913943820529512,-0.03125035762786865,1,3.620574951171875
18390.633,5,1,1,fixation,1,-0.053969383239746094,-0.0014153718948364258,1,3.2505340576171875,1,0.1503050062391493,-0.0242844820022583,1,3.2012481689453125
18407.3,5,1,1,fixation,1,-0.12557315826416016,0.0004678964614868164,1,3.237152099609375,1,0.10233540005154079,-0.02340066432952881,1,3.1964569091796875
18423.966,5,1,1,fixation,0,nan,nan,0,nan,0,nan,nan,0,nan
18440.633,5,1,1,fixation,0,nan,nan,0,nan,0,nan,nan,0,nan
18457.3,5,1,1,fixation,1,-0.05213345421685112,-0.003954291343688965,1,3.2808837890625,1,0.1513332790798611,-0.0229032039642334,1,3.2335205078125
18473.965,5,1,1,fixation,1,-0.1281828350490994,-0.0028160810470581055,1,3.26953125,1,0.09661780463324653,-0.03447049856185913,1,3.242706298828125
18490.632,5,1,1,fixation,0,nan,nan,0,nan,0,nan,nan,0,nan
18507.299,5,1,1,fixation,0,nan,nan,0,nan,0,nan,nan,0,nan
18523.965,5,1,1,fixation,1,-0.04394340515136719,-0.008752584457397461,1,3.3069915771484375,1,0.15241898430718315,-0.026897192001342773,1,3.2532806396484375
18540.632,5,1,1,fixation,1,-0.12695153554280597,-0.003722667694091797,1,3.299957275390625,1,0.09508185916476779,-0.03348666429519653,1,3.2619781494140625
18557.298,5,1,1,fixation,0,nan,nan,0,nan,0,nan,nan,0,nan
18573.965,5,1,1,fixation,0,nan,nan,0,nan,1,0.1975680457221137,-0.029317378997802734,1,3.63385009765625
18590.631,5,1,1,fixation,1,-0.04870086246066623,-0.009233951568603516,1,3.3331451416015625,1,0.1499176025390625,-0.027643203735351562,1,3.277252197265625
18607.298,5,1,1,fixation,1,-0.12217097812228732,-0.0018431544303894043,1,3.3300933837890625,1,0.095895873175727,-0.0340656042098999,1,3.2808380126953125
18623.963,5,1,1,fixation,0,nan,nan,0,nan,0,nan,nan,0,nan
18640.63,5,1,1,fixation,0,nan,nan,0,nan,1,0.1847546895345052,-0.0104026198387146,1,3.6841583251953125
18657.297,5,1,1,fixation,1,-0.06041410234239366,-0.0032936930656433105,1,3.354339599609375,1,0.1453113555908203,-0.026845037937164307,1,3.2981414794921875
18673.963,5,1,1,fixation,1,-0.11454566319783528,-0.00552290678024292,1,3.357208251953125,1,0.10401768154568142,-0.03357088565826416,1,3.3122711181640625
18690.63,5,1,1,fixation,0,nan,nan,0,nan,0,nan,nan,0,nan
18707.296,5,1,1,fixation,0,nan,nan,0,nan,1,0.21680566999647352,-0.02078324556350708,1,3.718475341796875
18723.962,5,1,1,fixation,1,-0.027583334181043834,0.008603930473327637,1,3.374481201171875,1,0.17780240376790363,-0.012990593910217285,1,3.3228607177734375
18740.629,5,1,1,fixation,1,-0.09486675262451172,0.008350908756256104,1,3.3792572021484375,1,0.1255626678466797,-0.025872111320495605,1,3.335662841796875
18757.296,5,1,1,fixation,0,nan,nan,0,nan,0,nan,nan,0,nan
18773.963,5,1,1,fixation,0,nan,nan,0,nan,1,0.22151470184326172,-0.0424080491065979,1,3.8062591552734375
18790.628,5,1,1,fixation,1,-0.016049067179361977,0.004992693662643433,1,3.4056854248046875,1,0.1842498779296875,-0.01328200101852417,1,3.3561859130859375
18807.295,5,1,1,fixation,1,-0.09094471401638454,0.014331907033920288,1,3.4030609130859375,1,0.1285758548312717,-0.02358788251876831,1,3.35906982421875
18823.961,5,1,1,fixation,0,nan,nan,0,nan,0,nan,nan,0,nan
18840.628,5,1,1,fixation,0,nan,nan,0,nan,0,nan,nan,0,nan
18857.294,5,1,1,fixation,1,-0.03072908189561632,0.01299828290939331,1,3.4201812744140625,1,0.18357520633273652,-0.00854349136352539,1,3.3694915771484375
18873.96,5,1,1,fixation,1,-0.09332285987006293,0.007879555225372314,1,3.425933837890625,1,0.12989478641086155,-0.023761868476867676,1,3.3801422119140625
18890.627,5,1,1,fixation,0,nan,nan,0,nan,0,nan,nan,0,nan
18907.294,5,1,1,fixation,0,nan,nan,0,nan,0,nan,nan,0,nan
18923.96,5,1,1,fixation,1,-0.032080120510525174,0.010979533195495605,1,3.4351806640625,1,0.180103513929579,-0.005569517612457275,1,3.37103271484375
18940.627,5,1,1,fixation,1,-0.09147061241997613,0.00951296091079712,1,3.4383087158203125,1,0.12762504153781468,-0.022232234477996826,1,3.3845977783203125
18957.294,5,1,1,fixation,0,nan,nan,0,nan,0,nan,nan,0,nan
18973.961,5,1,1,fixation,0,nan,nan,0,nan,0,nan,nan,0,nan
18990.627,5,1,1,fixation,1,-0.030861854553222656,0.011789560317993164,1,3.43780517578125,1,0.18221685621473524,-0.010052740573883057,1,3.370758056640625
19007.293,5,1,1,fixation,0,nan,nan,0,nan,1,0.12455262078179252,-0.019121289253234863,1,3.3709259033203125
19023.959,5,1,1,fixation,0,nan,nan,0,nan,0,nan,nan,0,nan
19040.626,5,1,1,fixation,0,nan,nan,0,nan,1,0.19886281755235458,-0.017461657524108887,1,3.711273193359375
19057.293,5,1,1,fixation,1,-0.06266477372911242,-0.0013816356658935547,1,3.442413330078125,1,0.15264892578125,-0.015739917755126953,1,3.3624114990234375
19073.959,5,1,1,fixation,1,-0.10867940054999457,-0.0007457137107849121,1,3.44000244140625,1,0.09632990095350477,-0.028063297271728516,1,3.360931396484375
19090.625,5,1,1,fixation,0,nan,nan,0,nan,0,nan,nan,0,nan
19107.292,5,1,1,fixation,0,nan,nan,0,nan,1,0.16572549608018664,-0.04845571517944336,1,4.100067138671875
19123.958,5,1,1,fixation,1,-0.05539804034762912,-0.004970431327819824,1,3.44775390625,1,0.15065055423312715,-0.016282856464385986,1,3.3578643798828125
19140.625,5,1,1,fixation,1,-0.10894192589653862,-0.006773769855499268,1,3.448333740234375,1,0.09460809495713975,-0.03640437126159668,1,3.36651611328125
19157.291,5,1,1,fixation,0,nan,nan,0,nan,0,nan,nan,0,nan
19173.958,5,1,1,fixation,0,nan,nan,0,nan,0,nan,nan,0,nan
19190.624,5,1,1,fixation,0,nan,nan,0,nan,1,0.11063289642333984,-0.230513334274292,1,3.1878509521484375
19207.291,5,1,1,fixation,0,nan,nan,0,nan,1,0.10335625542534721,-0.4609200954437256,1,2.9550323486328125
19223.957,5,1,1,fixation,0,nan,nan,0,nan,0,nan,nan,0,nan
19240.624,5,1,1,fixation,0,nan,nan,0,nan,0,nan,nan,0,nan
19257.291,5,1,1,fixation,0,nan,nan,0,nan,1,-0.20079400804307723,-0.8221850395202637,1,3.1697235107421875
19273.957,5,1,1,fixation,0,nan,nan,0,nan,0,nan,nan,0,nan
19290.624,5,1,1,fixation,0,nan,nan,0,nan,0,nan,nan,0,nan
19307.291,5,1,1,fixation,0,nan,nan,0,nan,0,nan,nan,0,nan
19323.957,5,1,1,fixation,0,nan,nan,0,nan,0,nan,nan,0,nan
19340.624,5,1,1,fixation,0,nan,nan,0,nan,0,nan,nan,0,nan
19357.291,5,1,1,fixation,0,nan,nan,0,nan,0,nan,nan,0,nan
19373.958,5,1,1,fixation,0,nan,nan,0,nan,0,nan,nan,0,nan
19390.624,5,1,1,fixation,0,nan,nan,0,nan,0,nan,nan,0,nan
19407.291,5,1,1,fixation,0,nan,nan,0,nan,0,nan,nan,0,nan
19423.957,5,1,1,fixation,0,nan,nan,0,nan,0,nan,nan,0,nan
19440.624,5,1,1,fixation,1,-0.46721699502733016,0.955366313457489,1,3.284698486328125,0,nan,nan,0,nan
19457.291,5,1,1,fixation,0,nan,nan,0,nan,0,nan,nan,0,nan
19473.957,5,1,1,fixation,0,nan,nan,0,nan,0,nan,nan,0,nan
19490.624,5,1,1,fixation,0,nan,nan,0,nan,0,nan,nan,0,nan
19507.291,5,1,1,fixation,0,nan,nan,0,nan,0,nan,nan,0,nan
19523.957,5,1,1,fixation,0,nan,nan,0,nan,0,nan,nan,0,nan
19540.624,5,1,1,fixation,1,-0.7284014622370402,1.1927498579025269,1,3.188140869140625,0,nan,nan,0,nan
19557.291,5,1,1,fixation,0,nan,nan,0,nan,0,nan,nan,0,nan
19573.958,5,1,1,fixation,1,0.07074419657389322,1.1657744646072388,1,3.078704833984375,0,nan,nan,0,nan
19590.624,5,1,1,fixation,1,-0.9550861650043063,1.0009453296661377,1,3.1606903076171875,0,nan,nan,0,nan
19607.291,5,1,1,fixation,0,nan,nan,0,nan,0,nan,nan,0,nan
19623.957,5,1,1,fixation,0,nan,nan,0,nan,0,nan,nan,0,nan
19640.624,5,1,1,fixation,0,nan,nan,0,nan,0,nan,nan,0,nan
19657.291,5,1,1,fixation,0,nan,nan,0,nan,0,nan,nan,0,nan
19673.957,5,1,1,fixation,0,nan,nan,0,nan,0,nan,nan,0,nan
19690.624,5,1,1,fixation,0,nan,nan,0,nan,0,nan,nan,0,nan
19707.291,5,1,1,fixation,0,nan,nan,0,nan,0,nan,nan,0,nan
19723.957,5,1,1,fixation,0,nan,nan,0,nan,0,nan,nan,0,nan
19740.624,5,1,1,fixation,0,nan,nan,0,nan,0,nan,nan,0,nan
19757.291,5,1,1,fixation,0,nan,nan,0,nan,0,nan,nan,0,nan
19773.958,5,1,1,fixation,0,nan,nan,0,nan,0,nan,nan,0,nan
19790.624,5,1,1,fixation,0,nan,nan,0,nan,0,nan,nan,0,nan
19807.291,5,1,1,fixation,0,nan,nan,0,nan,0,nan,nan,0,nan
19823.957,5,1,1,fixation,0,nan,nan,0,nan,0,nan,nan,0,nan
19840.624,5,1,1,fixation,0,nan,nan,0,nan,0,nan,nan,0,nan
19857.291,5,1,1,fixation,0,nan,nan,0,nan,0,nan,nan,0,nan
19873.957,5,1,1,fixation,0,nan,nan,0,nan,0,nan,nan,0,nan
19890.624,5,1,1,fixation,0,nan,nan,0,nan,0,nan,nan,0,nan
19907.291,5,1,1,fixation,0,nan,nan,0,nan,0,nan,nan,0,nan
19923.957,5,1,1,fixation,0,nan,nan,0,nan,0,nan,nan,0,nan
19940.624,5,1,1,fixation,0,nan,nan,0,nan,0,nan,nan,0,nan
19957.291,5,1,1,fixation,0,nan,nan,0,nan,0,nan,nan,0,nan
19973.958,5,1,1,fixation,0,nan,nan,0,nan,0,nan,nan,0,nan
19990.624,5,1,1,fixation,0,nan,nan,0,nan,0,nan,nan,0,nan
20007.291,5,1,1,fixation,0,nan,nan,0,nan,0,nan,nan,0,nan
20023.957,5,1,1,fixation,0,nan,nan,0,nan,0,nan,nan,0,nan
20040.624,5,1,1,fixation,0,nan,nan,0,nan,0,nan,nan,0,nan
20057.291,5,1,1,fixation,0,nan,nan,0,nan,0,nan,nan,0,nan
20073.957,5,1,1,fixation,0,nan,nan,0,nan,0,nan,nan,0,nan
20090.623,5,1,1,fixation,0,nan,nan,0,nan,0,nan,nan,0,nan
20107.29,5,1,1,fixation,0,nan,nan,0,nan,0,nan,nan,0,nan
20123.957,5,1,1,fixation,0,nan,nan,0,nan,0,nan,nan,0,nan
20140.623,5,1,1,fixation,0,nan,nan,0,nan,0,nan,nan,0,nan
20157.29,5,1,1,fixation,0,nan,nan,0,nan,0,nan,nan,0,nan
20173.957,5,1,1,fixation,0,nan,nan,0,nan,0,nan,nan,0,nan
20190.637,5,1,1,fixation,0,nan,nan,0,nan,0,nan,nan,0,nan
20207.317,5,1,1,fixation,0,nan,nan,0,nan,0,nan,nan,0,nan
20223.999,5,1,1,fixation,0,nan,nan,0,nan,0,nan,nan,0,nan
20240.666,5,1,1,fixation,0,nan,nan,0,nan,0,nan,nan,0,nan
20257.334,5,1,1,fixation,0,nan,nan,0,nan,0,nan,nan,0,nan
20273.998,5,1,1,fixation,0,nan,nan,0,nan,0,nan,nan,0,nan
20290.665,5,1,1,fixation,0,nan,nan,0,nan,0,nan,nan,0,nan
20307.332,5,1,1,fixation,0,nan,nan,0,nan,0,nan,nan,0,nan
20324.0,5,1,1,fixation,0,nan,nan,0,nan,0,nan,nan,0,nan
20340.667,5,1,1,fixation,0,nan,nan,0,nan,0,nan,nan,0,nan
20357.332,5,1,1,fixation,0,nan,nan,0,nan,0,nan,nan,0,nan
20373.998,5,1,1,fixation,0,nan,nan,0,nan,0,nan,nan,0,nan
20390.665,5,1,1,fixation,0,nan,nan,0,nan,0,nan,nan,0,nan
20407.333,5,1,1,fixation,0,nan,nan,0,nan,0,nan,nan,0,nan
20424.001,5,1,1,fixation,0,nan,nan,0,nan,0,nan,nan,0,nan
20440.665,5,1,1,fixation,0,nan,nan,0,nan,0,nan,nan,0,nan
20457.331,5,1,1,fixation,0,nan,nan,0,nan,0,nan,nan,0,nan
20473.998,5,1,1,fixation,0,nan,nan,0,nan,0,nan,nan,0,nan
20490.665,5,1,1,fixation,0,nan,nan,0,nan,0,nan,nan,0,nan
20507.331,5,1,1,fixation,0,nan,nan,0,nan,0,nan,nan,0,nan
20523.998,5,1,1,fixation,0,nan,nan,0,nan,0,nan,nan,0,nan
20540.665,5,1,1,fixation,0,nan,nan,0,nan,0,nan,nan,0,nan
20557.331,5,1,1,fixation,0,nan,nan,0,nan,0,nan,nan,0,nan
20573.998,5,1,1,fixation,0,nan,nan,0,nan,0,nan,nan,0,nan
20590.665,5,1,1,fixation,0,nan,nan,0,nan,0,nan,nan,0,nan
20607.332,5,1,1,fixation,0,nan,nan,0,nan,0,nan,nan,0,nan
20623.999,5,1,1,fixation,0,nan,nan,0,nan,0,nan,nan,0,nan
20640.665,5,1,1,fixation,0,nan,nan,0,nan,0,nan,nan,0,nan
20657.332,5,1,1,fixation,0,nan,nan,0,nan,0,nan,nan,0,nan
20673.998,5,1,1,fixation,0,nan,nan,0,nan,0,nan,nan,0,nan
20690.665,5,1,1,fixation,0,nan,nan,0,nan,0,nan,nan,0,nan
20707.332,5,1,1,fixation,0,nan,nan,0,nan,0,nan,nan,0,nan
20723.998,5,1,1,fixation,0,nan,nan,0,nan,0,nan,nan,0,nan
20740.664,5,1,1,fixation,0,nan,nan,0,nan,0,nan,nan,0,nan
20757.331,5,1,1,fixation,0,nan,nan,0,nan,0,nan,nan,0,nan
20773.998,5,1,1,fixation,0,nan,nan,0,nan,0,nan,nan,0,nan
20790.664,5,1,1,fixation,0,nan,nan,0,nan,0,nan,nan,0,nan
20807.331,5,1,1,fixation,0,nan,nan,0,nan,0,nan,nan,0,nan
20823.998,5,1,1,fixation,0,nan,nan,0,nan,0,nan,nan,0,nan
20840.665,5,1,1,fixation,0,nan,nan,0,nan,0,nan,nan,0,nan
20857.332,5,1,1,fixation,0,nan,nan,0,nan,0,nan,nan,0,nan
20874.0,5,1,1,fixation,0,nan,nan,0,nan,0,nan,nan,0,nan
20890.666,5,1,1,fixation,0,nan,nan,0,nan,0,nan,nan,0,nan
20907.333,5,1,1,fixation,0,nan,nan,0,nan,0,nan,nan,0,nan
20924.0,5,1,1,fixation,0,nan,nan,0,nan,0,nan,nan,0,nan
20940.666,5,1,1,fixation,0,nan,nan,0,nan,0,nan,nan,0,nan
20957.333,5,1,1,fixation,0,nan,nan,0,nan,0,nan,nan,0,nan
20974.0,5,1,1,fixation,0,nan,nan,0,nan,0,nan,nan,0,nan
20990.666,5,1,1,fixation,0,nan,nan,0,nan,0,nan,nan,0,nan
21007.332,5,1,1,fixation,0,nan,nan,0,nan,0,nan,nan,0,nan
21023.998,5,1,1,fixation,0,nan,nan,0,nan,0,nan,nan,0,nan
21040.664,5,1,1,fixation,0,nan,nan,0,nan,0,nan,nan,0,nan
21057.333,5,1,1,fixation,0,nan,nan,0,nan,0,nan,nan,0,nan
21073.999,5,1,1,fixation,0,nan,nan,0,nan,0,nan,nan,0,nan
21090.666,5,1,1,fixation,0,nan,nan,0,nan,0,nan,nan,0,nan
21107.333,5,1,1,fixation,0,nan,nan,0,nan,0,nan,nan,0,nan
21123.999,5,1,1,fixation,0,nan,nan,0,nan,0,nan,nan,0,nan
21140.667,5,1,1,fixation,0,nan,nan,0,nan,0,nan,nan,0,nan
21157.334,5,1,1,fixation,0,nan,nan,0,nan,0,nan,nan,0,nan
21174.001,5,1,1,fixation,0,nan,nan,0,nan,0,nan,nan,0,nan
21190.667,5,1,1,stimulusMovement,0,nan,nan,0,nan,0,nan,nan,0,nan
21207.334,5,1,1,stimulusMovement,0,nan,nan,0,nan,0,nan,nan,0,nan
21224.001,5,1,1,stimulusMovement,0,nan,nan,0,nan,0,nan,nan,0,nan
21240.667,5,1,1,stimulusMovement,0,nan,nan,0,nan,0,nan,nan,0,nan
21257.333,5,1,1,stimulusMovement,0,nan,nan,0,nan,0,nan,nan,0,nan
21274.0,5,1,1,stimulusMovement,0,nan,nan,0,nan,0,nan,nan,0,nan
21290.667,5,1,1,stimulusMovement,0,nan,nan,0,nan,0,nan,nan,0,nan
21307.333,5,1,1,stimulusMovement,0,nan,nan,0,nan,0,nan,nan,0,nan
21324.0,5,1,1,stimulusMovement,0,nan,nan,0,nan,0,nan,nan,0,nan
21340.667,5,1,1,stimulusMovement,0,nan,nan,0,nan,0,nan,nan,0,nan
21357.334,5,1,1,stimulusMovement,0,nan,nan,0,nan,0,nan,nan,0,nan
21374.001,5,1,1,stimulusMovement,0,nan,nan,0,nan,0,nan,nan,0,nan
21390.668,5,1,1,stimulusMovement,0,nan,nan,0,nan,0,nan,nan,0,nan
21407.334,5,1,1,stimulusMovement,0,nan,nan,0,nan,0,nan,nan,0,nan
21424.001,5,1,1,stimulusMovement,0,nan,nan,0,nan,0,nan,nan,0,nan
21440.668,5,1,1,stimulusMovement,0,nan,nan,0,nan,0,nan,nan,0,nan
21457.334,5,1,1,stimulusMovement,0,nan,nan,0,nan,0,nan,nan,0,nan
21474.001,5,1,1,stimulusMovement,0,nan,nan,0,nan,0,nan,nan,0,nan
21490.668,5,1,1,stimulusMovement,0,nan,nan,0,nan,0,nan,nan,0,nan
21507.334,5,1,1,stimulusMovement,0,nan,nan,0,nan,0,nan,nan,0,nan
21524.0,5,1,1,stimulusMovement,0,nan,nan,0,nan,0,nan,nan,0,nan
21540.666,5,1,1,stimulusMovement,0,nan,nan,0,nan,0,nan,nan,0,nan
21557.334,5,1,1,stimulusMovement,0,nan,nan,0,nan,0,nan,nan,0,nan
21574.0,5,1,1,stimulusMovement,0,nan,nan,0,nan,0,nan,nan,0,nan
21590.668,5,1,1,stimulusMovement,0,nan,nan,0,nan,0,nan,nan,0,nan
21607.335,5,1,1,stimulusMovement,0,nan,nan,0,nan,0,nan,nan,0,nan
21624.001,5,1,1,stimulusMovement,0,nan,nan,0,nan,0,nan,nan,0,nan
21640.668,5,1,1,stimulusMovement,0,nan,nan,0,nan,0,nan,nan,0,nan
21657.335,5,1,1,stimulusMovement,0,nan,nan,0,nan,0,nan,nan,0,nan
21674.001,5,1,1,stimulusMovement,0,nan,nan,0,nan,0,nan,nan,0,nan
21690.668,5,1,1,stimulusMovement,0,nan,nan,0,nan,0,nan,nan,0,nan
21707.335,5,1,1,stimulusMovement,0,nan,nan,0,nan,0,nan,nan,0,nan
21724.001,5,1,1,stimulusMovement,0,nan,nan,0,nan,0,nan,nan,0,nan
21740.668,5,1,1,stimulusMovement,0,nan,nan,0,nan,0,nan,nan,0,nan
21757.335,5,1,1,stimulusMovement,0,nan,nan,0,nan,0,nan,nan,0,nan
21774.001,5,1,1,stimulusMovement,0,nan,nan,0,nan,0,nan,nan,0,nan
21790.668,5,1,1,stimulusMovement,0,nan,nan,0,nan,0,nan,nan,0,nan
21807.335,5,1,1,stimulusMovement,0,nan,nan,0,nan,0,nan,nan,0,nan
21824.001,5,1,1,stimulusMovement,0,nan,nan,0,nan,0,nan,nan,0,nan
21840.668,5,1,1,stimulusMovement,0,nan,nan,0,nan,0,nan,nan,0,nan
21857.335,5,1,1,stimulusMovement,0,nan,nan,0,nan,0,nan,nan,0,nan
21874.001,5,1,1,stimulusMovement,0,nan,nan,0,nan,0,nan,nan,0,nan
21890.668,5,1,1,stimulusMovement,0,nan,nan,0,nan,0,nan,nan,0,nan
21907.335,5,1,1,stimulusMovement,0,nan,nan,0,nan,0,nan,nan,0,nan
21924.001,5,1,1,stimulusMovement,0,nan,nan,0,nan,0,nan,nan,0,nan
21940.667,5,1,1,stimulusMovement,0,nan,nan,0,nan,0,nan,nan,0,nan
21957.335,5,1,1,stimulusMovement,0,nan,nan,0,nan,0,nan,nan,0,nan
21974.001,5,1,1,stimulusMovement,0,nan,nan,0,nan,0,nan,nan,0,nan
21990.668,5,1,1,stimulusMovement,0,nan,nan,0,nan,0,nan,nan,0,nan
22007.335,5,1,1,stimulusMovement,0,nan,nan,0,nan,0,nan,nan,0,nan
22024.001,5,1,1,stimulusMovement,0,nan,nan,0,nan,0,nan,nan,0,nan
22040.668,5,1,1,stimulusMovement,0,nan,nan,0,nan,0,nan,nan,0,nan
22057.335,5,1,1,stimulusMovement,0,nan,nan,0,nan,0,nan,nan,0,nan
22074.001,5,1,1,stimulusMovement,0,nan,nan,0,nan,0,nan,nan,0,nan
22090.668,5,1,1,stimulusMovement,0,nan,nan,0,nan,0,nan,nan,0,nan
22107.335,5,1,1,stimulusMovement,0,nan,nan,0,nan,0,nan,nan,0,nan
22124.002,5,1,1,stimulusMovement,0,nan,nan,0,nan,0,nan,nan,0,nan
22140.669,5,1,1,stimulusMovement,0,nan,nan,0,nan,0,nan,nan,0,nan
22157.335,5,1,1,stimulusMovement,0,nan,nan,0,nan,0,nan,nan,0,nan
22174.001,5,1,1,stimulusMovement,0,nan,nan,0,nan,0,nan,nan,0,nan
22190.668,5,1,1,stimulusMovement,0,nan,nan,0,nan,0,nan,nan,0,nan
22207.335,5,1,1,stimulusMovement,0,nan,nan,0,nan,0,nan,nan,0,nan
22224.001,5,1,1,stimulusMovement,0,nan,nan,0,nan,0,nan,nan,0,nan
22240.668,5,1,1,stimulusMovement,0,nan,nan,0,nan,0,nan,nan,0,nan
22257.335,5,1,1,stimulusMovement,0,nan,nan,0,nan,0,nan,nan,0,nan
22274.001,5,1,1,stimulusMovement,0,nan,nan,0,nan,0,nan,nan,0,nan
22290.668,5,1,1,stimulusMovement,0,nan,nan,0,nan,0,nan,nan,0,nan
22307.335,5,1,1,stimulusMovement,0,nan,nan,0,nan,0,nan,nan,0,nan
22324.001,5,1,1,stimulusMovement,0,nan,nan,0,nan,0,nan,nan,0,nan
22340.667,5,1,1,stimulusMovement,0,nan,nan,0,nan,0,nan,nan,0,nan
22357.335,5,1,1,stimulusMovement,0,nan,nan,0,nan,0,nan,nan,0,nan
22374.001,5,1,1,stimulusMovement,0,nan,nan,0,nan,0,nan,nan,0,nan
22390.668,5,1,1,stimulusMovement,0,nan,nan,0,nan,0,nan,nan,0,nan
22407.335,5,1,1,stimulusMovement,0,nan,nan,0,nan,0,nan,nan,0,nan
22424.001,5,1,1,stimulusMovement,0,nan,nan,0,nan,0,nan,nan,0,nan
22440.668,5,1,1,stimulusMovement,0,nan,nan,0,nan,0,nan,nan,0,nan
22457.335,5,1,1,stimulusMovement,0,nan,nan,0,nan,0,nan,nan,0,nan
22474.001,5,1,1,stimulusMovement,0,nan,nan,0,nan,0,nan,nan,0,nan
22490.668,5,1,1,stimulusMovement,0,nan,nan,0,nan,0,nan,nan,0,nan
22507.335,5,1,1,stimulusMovement,0,nan,nan,0,nan,0,nan,nan,0,nan
22524.002,5,1,1,stimulusMovement,0,nan,nan,0,nan,0,nan,nan,0,nan
22540.669,5,1,1,stimulusMovement,0,nan,nan,0,nan,0,nan,nan,0,nan
22557.335,5,1,1,stimulusMovement,1,0.012095557318793403,-0.023125052452087402,1,3.4581451416015625,0,nan,nan,0,nan
22574.002,5,1,1,stimulusMovement,1,0.13987318674723306,-0.1771618127822876,1,4.0772705078125,0,nan,nan,0,nan
22590.669,5,1,1,stimulusMovement,0,nan,nan,0,nan,0,nan,nan,0,nan
22607.336,5,1,1,stimulusMovement,1,0.03539625803629557,-0.030058085918426514,1,3.40374755859375,0,nan,nan,0,nan
22624.002,5,1,1,stimulusMovement,0,nan,nan,0,nan,0,nan,nan,0,nan
22640.669,5,1,1,stimulusMovement,1,0.02343622843424479,-0.013153553009033203,1,3.3950347900390625,0,nan,nan,0,nan
22657.336,5,1,1,stimulusMovement,0,nan,nan,0,nan,0,nan,nan,0,nan
22674.002,5,1,1,stimulusMovement,0,nan,nan,0,nan,0,nan,nan,0,nan
22690.669,5,1,1,stimulusMovement,0,nan,nan,0,nan,0,nan,nan,0,nan
22707.336,5,1,1,stimulusMovement,1,-0.0017721388075086805,0.013881027698516846,1,3.3602142333984375,0,nan,nan,0,nan
22724.002,5,1,1,stimulusMovement,1,0.0015094545152452255,0.021601974964141846,1,3.3045196533203125,0,nan,nan,0,nan
22740.669,5,1,1,stimulusMovement,1,-0.00898636711968316,0.03266245126724243,1,3.279937744140625,0,nan,nan,0,nan
22757.336,5,1,1,stimulusMovement,1,-0.0019296010335286458,0.03153640031814575,1,3.2772979736328125,0,nan,nan,0,nan
22774.002,5,1,1,stimulusMovement,1,0.00814586215549045,0.03712838888168335,1,3.2942657470703125,0,nan,nan,0,nan
22790.669,5,1,1,stimulusMovement,1,-0.0031150182088216143,0.013293266296386719,1,3.306182861328125,0,nan,nan,0,nan
22807.336,5,1,1,stimulusMovement,1,0.0002950032552083333,0.02614414691925049,1,3.3034820556640625,0,nan,nan,0,nan
22824.002,5,1,1,stimulusMovement,1,-0.002876758575439453,0.02620452642440796,1,3.318023681640625,0,nan,nan,0,nan
22840.669,5,1,1,stimulusMovement,1,0.009618547227647569,0.019026219844818115,1,3.29803466796875,0,nan,nan,0,nan
22857.336,5,1,1,stimulusMovement,1,0.006482760111490885,0.004994690418243408,1,3.3502655029296875,0,nan,nan,0,nan
22874.002,5,1,1,stimulusMovement,1,0.010757870144314235,0.020880281925201416,1,3.3118743896484375,1,0.1625873777601454,-0.019204020500183105,1,3.584075927734375
22890.669,5,1,1,stimulusMovement,1,-0.006215784284803602,0.011430978775024414,1,3.316375732421875,0,nan,nan,0,nan
22907.336,5,1,1,stimulusMovement,1,0.00860362582736545,0.0269889235496521,1,3.3131561279296875,0,nan,nan,0,nan
22924.002,5,1,1,stimulusMovement,1,-0.004253917270236545,0.03963977098464966,1,3.29669189453125,0,nan,nan,0,nan
22940.669,5,1,1,stimulusMovement,1,-0.012613190544976128,0.01974201202392578,1,3.282135009765625,1,0.20978673299153644,-0.02010732889175415,1,3.3723297119140625
22957.336,5,1,1,stimulusMovement,1,-0.003932582007514106,0.03206813335418701,1,3.3423614501953125,1,0.20396953158908418,-0.014759063720703125,1,3.411163330078125
22974.002,5,1,1,stimulusMovement,1,-0.018810272216796875,0.006967782974243164,1,3.3780975341796875,0,nan,nan,0,nan
22990.669,5,1,1,stimulusMovement,1,-0.005696614583333333,0.025560081005096436,1,3.3185577392578125,1,0.19250784979926214,-0.07889050245285034,1,3.63275146484375
23007.336,5,1,1,stimulusMovement,1,-0.0302939944797092,0.021206021308898926,1,3.32147216796875,0,nan,nan,0,nan
23024.002,5,1,1,stimulusMovement,1,-0.028720272911919486,0.023672521114349365,1,3.2903594970703125,1,0.1870189242892795,-0.01772075891494751,1,3.383026123046875
23040.669,5,1,1,stimulusMovement,0,nan,nan,0,nan,1,0.18244828118218315,-0.05760931968688965,1,3.4763031005859375
23057.336,5,1,1,stimulusMovement,1,-0.08529398176405165,0.057400912046432495,1,3.3007965087890625,0,nan,nan,0,nan
23074.002,5,1,1,stimulusMovement,1,-0.29163143369886607,0.09701108932495117,1,3.2746429443359375,1,-0.0704462793138292,0.06359833478927612,1,3.4074249267578125
23090.669,5,1,1,stimulusMovement,1,-0.3122656080457899,0.08701074123382568,1,3.2808074951171875,1,-0.10183435016208224,-0.049423396587371826,1,3.685546875
23107.336,5,1,1,stimulusMovement,1,-0.32054689195421004,0.10828197002410889,1,3.24639892578125,1,-0.115823851691352,0.06652379035949707,1,3.40887451171875
23124.002,5,1,1,stimulusMovement,1,-0.3414333131578233,0.09681078791618347,1,3.3109588623046875,1,-0.10862996843126084,0.04650738835334778,1,3.3925018310546875
23140.669,5,1,1,stimulusMovement,1,-0.33420711093478733,0.11157405376434326,1,3.1937255859375,1,-0.11810567643907334,0.04912722110748291,1,3.4212646484375
23157.336,5,1,1,stimulusMovement,1,-0.3341324064466688,0.11520352959632874,1,3.2606658935546875,0,nan,nan,0,nan
23174.002,5,1,1,stimulusMovement,1,-0.35100989871554905,0.10911846160888672,1,3.234039306640625,0,nan,nan,0,nan
23190.669,5,1,1,stimulusMovement,1,-0.35303794013129336,0.09565860033035278,1,3.23394775390625,1,-0.13427352905273438,0.060791730880737305,1,3.3426055908203125
23207.336,5,1,1,stimulusMovement,1,-0.3608865737915039,0.10769286751747131,1,3.2011260986328125,1,-0.13896846771240234,0.05328616499900818,1,3.3353271484375
23224.002,5,1,1,stimulusMovement,1,-0.3719609048631456,0.10814422369003296,1,3.232513427734375,1,-0.10134193632337782,-0.13664275407791138,1,3.9412841796875
23240.669,5,1,1,stimulusMovement,1,-0.38801738950941295,0.10026383399963379,1,3.2265777587890625,1,-0.17117134730021158,0.04038947820663452,1,3.400604248046875
23257.336,5,1,1,stimulusMovement,1,-0.4065941704644097,0.1060575544834137,1,3.2626495361328125,1,-0.17659224404229057,0.03713887929916382,1,3.3906097412109375
23274.002,5,1,1,stimulusMovement,1,-0.4055113262600369,0.0930241048336029,1,3.2237548828125,1,-0.19197283850775823,0.05103468894958496,1,3.3814697265625
23290.669,5,1,1,stimulusMovement,1,-0.4209030999077691,0.09544914960861206,1,3.2335052490234375,0,nan,nan,0,nan
23307.336,5,1,1,stimulusMovement,1,-0.42851103676689994,0.10534286499023438,1,3.261138916015625,1,-0.20853651894463432,0.02338963747024536,1,3.4443359375
23324.002,5,1,1,stimulusMovement,1,-0.44958538479275173,0.11341488361358643,1,3.2606353759765625,1,-0.21377897262573242,0.06922599673271179,1,3.3424835205078125
23340.67,5,1,1,stimulusMovement,1,-0.1931193669637044,0.061616361141204834,1,3.205108642578125,0,nan,nan,0,nan
23357.337,5,1,1,stimulusMovement,0,nan,nan,0,nan,1,0.44836849636501735,-0.1172754168510437,1,3.3485107421875
23374.003,5,1,1,stimulusMovement,1,0.40047751532660586,-0.12680023908615112,1,3.3427886962890625,1,0.5329811308119032,-0.3316569924354553,1,3.8717498779296875
23390.67,5,1,1,stimulusMovement,1,0.59348816341824,-0.2838329076766968,1,3.2674560546875,1,0.8616661495632595,-0.379125714302063,1,3.3778839111328125
23407.337,5,1,1,stimulusMovement,1,0.8259766896565754,-0.424718976020813,1,3.155914306640625,1,1.062931908501519,-0.5679692029953003,1,3.3830718994140625
23424.003,5,1,1,stimulusMovement,1,1.0924121008978949,-0.6229478120803833,1,3.26556396484375,1,1.2410263485378688,-0.7119343280792236,1,3.5316162109375
23440.67,5,1,1,stimulusMovement,1,1.3186090257432725,-0.731450080871582,1,3.321929931640625,1,1.4659911261664496,-0.8481458425521851,1,3.5576019287109375
23457.337,5,1,1,stimulusMovement,1,1.2920335133870442,-0.7416863441467285,1,3.3094635009765625,1,1.4945623609754775,-0.8876460790634155,1,3.4338531494140625
23474.003,5,1,1,stimulusMovement,1,1.2547353108723958,-0.7235922813415527,1,3.336517333984375,1,1.6086527506510415,-0.9031256437301636,1,3.366973876953125
23490.67,5,1,1,stimulusMovement,1,1.2687180836995442,-0.7300148010253906,1,3.3142547607421875,1,1.4579315185546875,-0.8502932786941528,1,3.542816162109375
23507.337,5,1,1,stimulusMovement,0,nan,nan,0,nan,1,1.4816822475857203,-0.8860433101654053,1,3.4934844970703125
23524.003,5,1,1,stimulusMovement,0,nan,nan,0,nan,1,1.5307930840386283,-0.8645162582397461,1,3.3937835693359375
23540.67,5,1,1,stimulusMovement,0,nan,nan,0,nan,1,1.5154014163547092,-0.8534634113311768,1,3.436187744140625
23557.337,5,1,1,stimulusMovement,0,nan,nan,0,nan,1,1.5562447441948783,-0.8688991069793701,1,3.382720947265625
23574.003,5,1,1,stimulusMovement,0,nan,nan,0,nan,1,1.5068225860595703,-0.8585795164108276,1,3.4461212158203125
23590.67,5,1,1,stimulusMovement,0,nan,nan,0,nan,1,1.452914555867513,-0.8464045524597168,1,3.5065460205078125
23607.337,5,1,1,stimulusMovement,0,nan,nan,0,nan,1,1.512443118625217,-0.8494360446929932,1,3.4868316650390625
23624.003,5,1,1,stimulusMovement,0,nan,nan,0,nan,1,1.4183703528510199,-0.8667784929275513,1,3.555419921875
23640.67,5,1,1,stimulusMovement,0,nan,nan,0,nan,1,1.4537711673312717,-0.8583804368972778,1,3.5230560302734375
23657.337,5,1,1,stimulusMovement,0,nan,nan,0,nan,1,1.5427763197157118,-0.8628056049346924,1,3.3874053955078125
23674.003,5,1,1,stimulusMovement,0,nan,nan,0,nan,0,nan,nan,0,nan
23690.67,5,1,1,stimulusMovement,0,nan,nan,0,nan,0,nan,nan,0,nan
23707.337,5,1,1,stimulusMovement,0,nan,nan,0,nan,0,nan,nan,0,nan
23724.003,5,1,1,stimulusMovement,0,nan,nan,0,nan,0,nan,nan,0,nan
23740.67,5,1,1,stimulusMovement,0,nan,nan,0,nan,0,nan,nan,0,nan
23757.337,5,1,1,stimulusMovement,0,nan,nan,0,nan,0,nan,nan,0,nan
23774.003,5,1,1,stimulusMovement,0,nan,nan,0,nan,0,nan,nan,0,nan
23790.67,5,1,1,stimulusMovement,0,nan,nan,0,nan,0,nan,nan,0,nan
23807.337,5,1,1,stimulusMovement,0,nan,nan,0,nan,0,nan,nan,0,nan
23824.003,5,1,1,stimulusMovement,0,nan,nan,0,nan,0,nan,nan,0,nan
23840.67,5,1,1,stimulusMovement,0,nan,nan,0,nan,0,nan,nan,0,nan
23857.337,5,1,1,stimulusMovement,0,nan,nan,0,nan,0,nan,nan,0,nan
23874.003,5,1,1,stimulusMovement,0,nan,nan,0,nan,0,nan,nan,0,nan
23890.67,5,1,1,stimulusMovement,0,nan,nan,0,nan,0,nan,nan,0,nan
23907.337,5,1,1,stimulusMovement,0,nan,nan,0,nan,0,nan,nan,0,nan
23924.003,5,1,1,stimulusMovement,0,nan,nan,0,nan,0,nan,nan,0,nan
23940.669,5,1,1,stimulusMovement,0,nan,nan,0,nan,0,nan,nan,0,nan
23957.336,5,1,1,stimulusMovement,0,nan,nan,0,nan,0,nan,nan,0,nan
23974.003,5,1,1,stimulusMovement,0,nan,nan,0,nan,0,nan,nan,0,nan
23990.669,5,1,1,stimulusMovement,0,nan,nan,0,nan,0,nan,nan,0,nan
24007.336,5,1,1,stimulusMovement,0,nan,nan,0,nan,0,nan,nan,0,nan
24024.003,5,1,1,stimulusMovement,0,nan,nan,0,nan,0,nan,nan,0,nan
24040.67,5,1,1,stimulusMovement,0,nan,nan,0,nan,0,nan,nan,0,nan
24057.337,5,1,1,stimulusMovement,0,nan,nan,0,nan,0,nan,nan,0,nan
24074.005,5,1,1,stimulusMovement,0,nan,nan,0,nan,0,nan,nan,0,nan
24090.672,5,1,1,stimulusMovement,0,nan,nan,0,nan,0,nan,nan,0,nan
24107.34,5,1,1,stimulusMovement,0,nan,nan,0,nan,0,nan,nan,0,nan
24124.008,5,1,1,stimulusMovement,0,nan,nan,0,nan,0,nan,nan,0,nan
24140.676,5,1,1,stimulusMovement,0,nan,nan,0,nan,0,nan,nan,0,nan
24157.343,5,1,1,stimulusMovement,0,nan,nan,0,nan,0,nan,nan,0,nan
24174.011,5,1,1,stimulusMovement,0,nan,nan,0,nan,0,nan,nan,0,nan
24190.679,5,1,1,stimulusMovement,0,nan,nan,0,nan,0,nan,nan,0,nan
24207.339,5,1,1,stimulusMovement,0,nan,nan,0,nan,0,nan,nan,0,nan
24224.006,5,1,1,stimulusMovement,0,nan,nan,0,nan,0,nan,nan,0,nan
24240.674,5,1,1,stimulusMovement,0,nan,nan,0,nan,0,nan,nan,0,nan
24257.34,5,1,1,stimulusMovement,0,nan,nan,0,nan,0,nan,nan,0,nan
24274.006,5,1,1,stimulusMovement,0,nan,nan,0,nan,0,nan,nan,0,nan
24290.673,5,1,1,stimulusMovement,0,nan,nan,0,nan,0,nan,nan,0,nan
24307.339,5,1,1,stimulusMovement,0,nan,nan,0,nan,0,nan,nan,0,nan
24324.006,5,1,1,stimulusMovement,0,nan,nan,0,nan,0,nan,nan,0,nan
24340.673,5,1,1,stimulusMovement,0,nan,nan,0,nan,0,nan,nan,0,nan
24357.339,5,1,1,stimulusMovement,0,nan,nan,0,nan,0,nan,nan,0,nan
24374.005,5,1,1,stimulusMovement,0,nan,nan,0,nan,0,nan,nan,0,nan
24390.671,5,1,1,stimulusMovement,0,nan,nan,0,nan,0,nan,nan,0,nan
24407.337,5,1,1,stimulusMovement,0,nan,nan,0,nan,0,nan,nan,0,nan
24424.005,5,1,1,stimulusMovement,1,1.0723552703857422,-0.46468305587768555,1,2.958160400390625,0,nan,nan,0,nan
24440.671,5,1,1,stimulusMovement,1,1.0157623291015625,-0.4581993818283081,1,3.10052490234375,0,nan,nan,0,nan
24457.337,5,1,1,stimulusMovement,1,1.0342114766438801,-0.4530531167984009,1,3.07025146484375,0,nan,nan,0,nan
24474.003,5,1,1,stimulusMovement,1,1.079668468899197,-0.4721827507019043,1,2.9775390625,0,nan,nan,0,nan
24490.67,5,1,1,stimulusMovement,1,1.0433086819118924,-0.46845823526382446,1,3.0644989013671875,0,nan,nan,0,nan
24507.337,5,1,1,stimulusMovement,1,1.0614009433322482,-0.457317590713501,1,3.02166748046875,0,nan,nan,0,nan
24524.003,5,1,1,stimulusMovement,1,1.0421136220296223,-0.4769929051399231,1,3.1015472412109375,0,nan,nan,0,nan
24540.67,5,1,1,stimulusMovement,1,1.058759265475803,-0.480701208114624,1,3.046630859375,0,nan,nan,0,nan
24557.337,5,1,1,stimulusMovement,1,1.0300229390462239,-0.46530431509017944,1,3.12982177734375,0,nan,nan,0,nan
24574.003,5,1,1,stimulusMovement,1,1.0570752885606554,-0.47271162271499634,1,3.0879058837890625,0,nan,nan,0,nan
24590.67,5,1,1,stimulusMovement,1,1.046262953016493,-0.47965073585510254,1,3.09991455078125,0,nan,nan,0,nan
24607.337,5,1,1,stimulusMovement,1,1.060675303141276,-0.4804708957672119,1,3.091339111328125,0,nan,nan,0,nan
24624.003,5,1,1,stimulusMovement,1,1.0763755374484592,-0.4762175679206848,1,3.0933685302734375,0,nan,nan,0,nan
24640.67,5,1,1,stimulusMovement,1,1.031914605034722,-0.4727073907852173,1,3.1645355224609375,0,nan,nan,0,nan
24657.337,5,1,1,stimulusMovement,1,1.0560171339246962,-0.4680826663970947,1,3.11376953125,0,nan,nan,0,nan
24674.003,5,1,1,stimulusMovement,1,1.041859096950955,-0.45837223529815674,1,3.1196136474609375,0,nan,nan,0,nan
24690.67,5,1,1,stimulusMovement,1,1.055686314900716,-0.47059082984924316,1,3.1132354736328125,0,nan,nan,0,nan
24707.337,5,1,1,stimulusMovement,1,1.065803951687283,-0.48096656799316406,1,3.09490966796875,0,nan,nan,0,nan
24724.004,5,1,1,stimulusMovement,1,1.0490807427300346,-0.475722074508667,1,3.137420654296875,0,nan,nan,0,nan
24740.671,5,1,1,stimulusMovement,1,1.0496461656358507,-0.47519153356552124,1,3.1607818603515625,0,nan,nan,0,nan
24757.338,5,1,1,stimulusMovement,1,1.0277055104573567,-0.4644708037376404,1,3.1418609619140625,0,nan,nan,0,nan
24774.004,5,1,1,stimulusMovement,1,1.066802978515625,-0.4605068564414978,1,3.0606689453125,0,nan,nan,0,nan
24790.671,5,1,1,stimulusMovement,1,1.055707507663303,-0.477402925491333,1,3.1087646484375,0,nan,nan,0,nan
24807.338,5,1,1,stimulusMovement,1,1.0705350240071614,-0.48187947273254395,1,3.0874481201171875,0,nan,nan,0,nan
24824.004,5,1,1,stimulusMovement,1,1.0613549550374348,-0.4684312343597412,1,3.086273193359375,0,nan,nan,0,nan
24840.671,5,1,1,stimulusMovement,1,1.0588696797688801,-0.4589482545852661,1,3.0469818115234375,0,nan,nan,0,nan
24857.338,5,1,1,stimulusMovement,1,1.0450479719373915,-0.4721195697784424,1,3.109161376953125,0,nan,nan,0,nan
24874.004,5,1,1,stimulusMovement,1,1.045994440714518,-0.4696292281150818,1,3.107025146484375,0,nan,nan,0,nan
24890.671,5,1,1,stimulusMovement,1,1.0708592732747395,-0.4713977575302124,1,3.0327301025390625,0,nan,nan,0,nan
24907.338,5,1,1,stimulusMovement,1,1.0571774376763237,-0.49142396450042725,1,3.0721282958984375,0,nan,nan,0,nan
24924.004,5,1,1,stimulusMovement,1,1.0503654479980469,-0.4669949412345886,1,3.0719146728515625,0,nan,nan,0,nan
24940.671,5,1,1,stimulusMovement,1,1.0651219685872395,-0.4781743884086609,1,3.078399658203125,0,nan,nan,0,nan
24957.337,5,1,1,stimulusMovement,1,1.0651696523030598,-0.4741598963737488,1,3.0019378662109375,0,nan,nan,0,nan
24974.004,5,1,1,stimulusMovement,1,1.0558174981011283,-0.47034746408462524,1,3.028656005859375,0,nan,nan,0,nan
24990.671,5,1,1,stimulusMovement,1,1.0623887379964192,-0.47814255952835083,1,3.0624542236328125,0,nan,nan,0,nan
25007.338,5,1,1,stimulusMovement,1,1.0591532389322915,-0.4999939203262329,1,3.0466766357421875,0,nan,nan,0,nan
25024.004,5,1,1,stimulusMovement,1,1.0648028055826821,-0.4850713610649109,1,3.0179901123046875,0,nan,nan,0,nan
25040.671,5,1,1,stimulusMovement,1,1.0730181799994574,-0.479045033454895,1,2.9985504150390625,0,nan,nan,0,nan
25057.338,5,1,1,stimulusMovement,1,1.2513035668267143,-0.5382829904556274,1,3.051605224609375,0,nan,nan,0,nan
25074.004,5,1,1,stimulusMovement,1,1.5175849066840277,-0.6291334629058838,1,3.118927001953125,0,nan,nan,0,nan
25090.671,5,1,1,stimulusMovement,0,nan,nan,0,nan,0,nan,nan,0,nan
25107.338,5,1,1,stimulusMovement,0,nan,nan,0,nan,0,nan,nan,0,nan
25124.004,5,1,1,stimulusMovement,0,nan,nan,0,nan,0,nan,nan,0,nan
25140.671,5,1,1,stimulusMovement,0,nan,nan,0,nan,0,nan,nan,0,nan
25157.338,5,1,1,stimulusMovement,0,nan,nan,0,nan,0,nan,nan,0,nan
25174.004,5,1,1,fixation,0,nan,nan,0,nan,0,nan,nan,0,nan
25190.671,5,1,1,fixation,0,nan,nan,0,nan,0,nan,nan,0,nan
25207.338,5,1,1,fixation,0,nan,nan,0,nan,0,nan,nan,0,nan
25224.005,5,1,1,fixation,0,nan,nan,0,nan,0,nan,nan,0,nan
25240.671,5,1,1,fixation,0,nan,nan,0,nan,0,nan,nan,0,nan
25257.338,5,1,1,fixation,0,nan,nan,0,nan,0,nan,nan,0,nan
25274.004,5,1,1,fixation,0,nan,nan,0,nan,0,nan,nan,0,nan
25290.671,5,1,1,fixation,0,nan,nan,0,nan,0,nan,nan,0,nan
25307.338,5,1,1,fixation,0,nan,nan,0,nan,0,nan,nan,0,nan
25324.005,5,1,1,fixation,0,nan,nan,0,nan,0,nan,nan,0,nan
25340.671,5,1,1,fixation,0,nan,nan,0,nan,0,nan,nan,0,nan
25357.338,5,1,1,fixation,0,nan,nan,0,nan,0,nan,nan,0,nan
25374.005,5,1,1,fixation,0,nan,nan,0,nan,0,nan,nan,0,nan
25390.671,5,1,1,fixation,0,nan,nan,0,nan,0,nan,nan,0,nan
25407.338,5,1,1,fixation,0,nan,nan,0,nan,0,nan,nan,0,nan
25424.005,5,1,1,fixation,0,nan,nan,0,nan,0,nan,nan,0,nan
25440.671,5,1,1,fixation,0,nan,nan,0,nan,0,nan,nan,0,nan
25457.338,5,1,1,fixation,0,nan,nan,0,nan,0,nan,nan,0,nan
25474.005,5,1,1,fixation,0,nan,nan,0,nan,0,nan,nan,0,nan
25490.671,5,1,1,fixation,0,nan,nan,0,nan,0,nan,nan,0,nan
25507.338,5,1,1,fixation,0,nan,nan,0,nan,0,nan,nan,0,nan
25524.005,5,1,1,fixation,0,nan,nan,0,nan,0,nan,nan,0,nan
25540.672,5,1,1,fixation,0,nan,nan,0,nan,0,nan,nan,0,nan
25557.339,5,1,1,fixation,0,nan,nan,0,nan,0,nan,nan,0,nan
25574.006,5,1,1,fixation,0,nan,nan,0,nan,0,nan,nan,0,nan
25590.672,5,1,1,fixation,0,nan,nan,0,nan,0,nan,nan,0,nan
25607.339,5,1,1,fixation,0,nan,nan,0,nan,0,nan,nan,0,nan
25624.007,5,1,1,fixation,0,nan,nan,0,nan,0,nan,nan,0,nan
25640.674,5,1,1,fixation,0,nan,nan,0,nan,0,nan,nan,0,nan
25657.342,5,1,1,fixation,0,nan,nan,0,nan,0,nan,nan,0,nan
25674.006,5,1,1,fixation,0,nan,nan,0,nan,0,nan,nan,0,nan
25690.673,5,1,1,fixation,0,nan,nan,0,nan,0,nan,nan,0,nan
25707.34,5,1,1,fixation,0,nan,nan,0,nan,0,nan,nan,0,nan
25724.008,5,1,1,fixation,0,nan,nan,0,nan,0,nan,nan,0,nan
25740.675,5,1,1,fixation,0,nan,nan,0,nan,0,nan,nan,0,nan
25757.34,5,1,1,fixation,0,nan,nan,0,nan,0,nan,nan,0,nan
25774.006,5,1,1,fixation,0,nan,nan,0,nan,0,nan,nan,0,nan
25790.673,5,1,1,fixation,0,nan,nan,0,nan,0,nan,nan,0,nan
25807.341,5,1,1,fixation,0,nan,nan,0,nan,0,nan,nan,0,nan
25824.009,5,1,1,fixation,0,nan,nan,0,nan,0,nan,nan,0,nan
25840.673,5,1,1,fixation,0,nan,nan,0,nan,0,nan,nan,0,nan
25857.34,5,1,1,fixation,0,nan,nan,0,nan,0,nan,nan,0,nan
25874.007,5,1,1,fixation,0,nan,nan,0,nan,0,nan,nan,0,nan
25890.674,5,1,1,fixation,0,nan,nan,0,nan,0,nan,nan,0,nan
25907.342,5,1,1,fixation,0,nan,nan,0,nan,0,nan,nan,0,nan
25924.006,5,1,1,fixation,0,nan,nan,0,nan,0,nan,nan,0,nan
25940.673,5,1,1,fixation,0,nan,nan,0,nan,0,nan,nan,0,nan
25957.34,5,1,1,fixation,0,nan,nan,0,nan,0,nan,nan,0,nan
25974.008,5,1,1,fixation,0,nan,nan,0,nan,0,nan,nan,0,nan
25990.675,5,1,1,fixation,0,nan,nan,0,nan,0,nan,nan,0,nan
26007.34,5,1,1,fixation,0,nan,nan,0,nan,0,nan,nan,0,nan
26024.006,5,1,1,fixation,0,nan,nan,0,nan,0,nan,nan,0,nan
26040.673,5,1,1,fixation,0,nan,nan,0,nan,0,nan,nan,0,nan
26057.341,5,1,1,fixation,0,nan,nan,0,nan,0,nan,nan,0,nan
26074.009,5,1,1,fixation,0,nan,nan,0,nan,0,nan,nan,0,nan
26090.673,5,1,1,fixation,0,nan,nan,0,nan,0,nan,nan,0,nan
26107.34,5,1,1,fixation,0,nan,nan,0,nan,0,nan,nan,0,nan
26124.007,5,1,1,fixation,0,nan,nan,0,nan,0,nan,nan,0,nan
26140.674,5,1,1,fixation,0,nan,nan,0,nan,0,nan,nan,0,nan
26157.342,5,1,1,fixation,0,nan,nan,0,nan,0,nan,nan,0,nan
26174.006,5,1,1,fixation,0,nan,nan,0,nan,0,nan,nan,0,nan
26190.673,5,1,1,fixation,0,nan,nan,0,nan,0,nan,nan,0,nan
26207.34,5,1,1,fixation,0,nan,nan,0,nan,0,nan,nan,0,nan
26224.008,5,1,1,fixation,0,nan,nan,0,nan,0,nan,nan,0,nan
26240.675,5,1,1,fixation,0,nan,nan,0,nan,0,nan,nan,0,nan
26257.34,5,1,1,fixation,0,nan,nan,0,nan,0,nan,nan,0,nan
26274.006,5,1,1,fixation,0,nan,nan,0,nan,0,nan,nan,0,nan
26290.673,5,1,1,fixation,0,nan,nan,0,nan,0,nan,nan,0,nan
26307.341,5,1,1,fixation,0,nan,nan,0,nan,0,nan,nan,0,nan
26324.009,5,1,1,fixation,0,nan,nan,0,nan,0,nan,nan,0,nan
26340.673,5,1,1,fixation,0,nan,nan,0,nan,0,nan,nan,0,nan
26357.34,5,1,1,fixation,0,nan,nan,0,nan,0,nan,nan,0,nan
26374.007,5,1,1,fixation,0,nan,nan,0,nan,0,nan,nan,0,nan
26390.674,5,1,1,fixation,0,nan,nan,0,nan,0,nan,nan,0,nan
26407.342,5,1,1,fixation,0,nan,nan,0,nan,0,nan,nan,0,nan
26424.006,5,1,1,fixation,0,nan,nan,0,nan,0,nan,nan,0,nan
26440.673,5,1,1,fixation,0,nan,nan,0,nan,0,nan,nan,0,nan
26457.34,5,1,1,fixation,0,nan,nan,0,nan,0,nan,nan,0,nan
26474.008,5,1,1,fixation,0,nan,nan,0,nan,0,nan,nan,0,nan
26490.675,5,1,1,fixation,0,nan,nan,0,nan,0,nan,nan,0,nan
26507.34,5,1,1,fixation,0,nan,nan,0,nan,0,nan,nan,0,nan
26524.006,5,1,1,fixation,0,nan,nan,0,nan,0,nan,nan,0,nan
26540.673,5,1,1,fixation,0,nan,nan,0,nan,0,nan,nan,0,nan
26557.341,5,1,1,fixation,0,nan,nan,0,nan,0,nan,nan,0,nan
26574.009,5,1,1,fixation,0,nan,nan,0,nan,0,nan,nan,0,nan
26590.673,5,1,1,fixation,0,nan,nan,0,nan,0,nan,nan,0,nan
26607.34,5,1,1,fixation,0,nan,nan,0,nan,0,nan,nan,0,nan
26624.007,5,1,1,fixation,0,nan,nan,0,nan,0,nan,nan,0,nan
26640.674,5,1,1,fixation,0,nan,nan,0,nan,0,nan,nan,0,nan
26657.342,5,1,1,fixation,0,nan,nan,0,nan,0,nan,nan,0,nan
26674.006,5,1,1,fixation,0,nan,nan,0,nan,0,nan,nan,0,nan
26690.673,5,1,1,fixation,0,nan,nan,0,nan,0,nan,nan,0,nan
26707.34,5,1,1,fixation,0,nan,nan,0,nan,0,nan,nan,0,nan
26724.008,5,1,1,fixation,0,nan,nan,0,nan,0,nan,nan,0,nan
26740.675,5,1,1,fixation,0,nan,nan,0,nan,0,nan,nan,0,nan
26757.34,5,1,1,fixation,0,nan,nan,0,nan,0,nan,nan,0,nan
26774.006,5,1,1,fixation,0,nan,nan,0,nan,0,nan,nan,0,nan
26790.673,5,1,1,fixation,0,nan,nan,0,nan,0,nan,nan,0,nan
26807.341,5,1,1,fixation,0,nan,nan,0,nan,0,nan,nan,0,nan
26824.009,5,1,1,fixation,0,nan,nan,0,nan,0,nan,nan,0,nan
26840.673,5,1,1,fixation,0,nan,nan,0,nan,0,nan,nan,0,nan
26857.34,5,1,1,fixation,0,nan,nan,0,nan,0,nan,nan,0,nan
26874.007,5,1,1,fixation,0,nan,nan,0,nan,0,nan,nan,0,nan
26890.674,5,1,1,fixation,0,nan,nan,0,nan,0,nan,nan,0,nan
26907.342,5,1,1,fixation,0,nan,nan,0,nan,0,nan,nan,0,nan
26924.006,5,1,1,fixation,0,nan,nan,0,nan,0,nan,nan,0,nan
26940.673,5,1,1,fixation,0,nan,nan,0,nan,0,nan,nan,0,nan
26957.34,5,1,1,fixation,0,nan,nan,0,nan,0,nan,nan,0,nan
26974.008,5,1,1,fixation,0,nan,nan,0,nan,0,nan,nan,0,nan
26990.675,5,1,1,fixation,0,nan,nan,0,nan,0,nan,nan,0,nan
27007.34,5,1,1,fixation,0,nan,nan,0,nan,0,nan,nan,0,nan
27024.006,5,1,1,fixation,0,nan,nan,0,nan,0,nan,nan,0,nan
27040.673,5,1,1,fixation,0,nan,nan,0,nan,0,nan,nan,0,nan
27057.341,5,1,1,fixation,0,nan,nan,0,nan,0,nan,nan,0,nan
27074.009,5,1,1,fixation,0,nan,nan,0,nan,0,nan,nan,0,nan
27090.673,5,1,1,fixation,0,nan,nan,0,nan,0,nan,nan,0,nan
27107.34,5,1,1,fixation,0,nan,nan,0,nan,0,nan,nan,0,nan
27124.007,5,1,1,fixation,0,nan,nan,0,nan,0,nan,nan,0,nan
27140.674,5,1,1,fixation,0,nan,nan,0,nan,0,nan,nan,0,nan
27157.342,5,1,1,fixation,0,nan,nan,0,nan,0,nan,nan,0,nan
27174.006,5,1,1,fixation,0,nan,nan,0,nan,0,nan,nan,0,nan
27190.673,5,1,1,fixation,0,nan,nan,0,nan,0,nan,nan,0,nan
27207.34,5,1,1,fixation,0,nan,nan,0,nan,0,nan,nan,0,nan
27224.008,5,1,1,fixation,0,nan,nan,0,nan,0,nan,nan,0,nan
27240.675,5,1,1,fixation,0,nan,nan,0,nan,0,nan,nan,0,nan
27257.34,5,1,1,fixation,0,nan,nan,0,nan,0,nan,nan,0,nan
27274.006,5,1,1,fixation,0,nan,nan,0,nan,0,nan,nan,0,nan
27290.673,5,1,1,fixation,0,nan,nan,0,nan,0,nan,nan,0,nan
27307.341,5,1,1,fixation,0,nan,nan,0,nan,0,nan,nan,0,nan
27324.009,5,1,1,fixation,0,nan,nan,0,nan,0,nan,nan,0,nan
27340.673,5,1,1,fixation,0,nan,nan,0,nan,0,nan,nan,0,nan
27357.34,5,1,1,fixation,0,nan,nan,0,nan,0,nan,nan,0,nan
27374.007,5,1,1,fixation,0,nan,nan,0,nan,0,nan,nan,0,nan
27390.674,5,1,1,fixation,0,nan,nan,0,nan,0,nan,nan,0,nan
27407.342,5,1,1,fixation,0,nan,nan,0,nan,0,nan,nan,0,nan
27424.006,5,1,1,fixation,0,nan,nan,0,nan,0,nan,nan,0,nan
27440.673,5,1,1,fixation,0,nan,nan,0,nan,0,nan,nan,0,nan
27457.34,5,1,1,fixation,0,nan,nan,0,nan,0,nan,nan,0,nan
27474.008,5,1,1,fixation,0,nan,nan,0,nan,0,nan,nan,0,nan
27490.675,5,1,1,fixation,0,nan,nan,0,nan,0,nan,nan,0,nan
27507.34,5,1,1,fixation,0,nan,nan,0,nan,0,nan,nan,0,nan
27524.006,5,1,1,fixation,0,nan,nan,0,nan,0,nan,nan,0,nan
27540.673,5,1,1,fixation,0,nan,nan,0,nan,0,nan,nan,0,nan
27557.341,5,1,1,fixation,0,nan,nan,0,nan,0,nan,nan,0,nan
27574.009,5,1,1,fixation,0,nan,nan,0,nan,0,nan,nan,0,nan
27590.673,5,1,1,fixation,0,nan,nan,0,nan,0,nan,nan,0,nan
27607.34,5,1,1,fixation,0,nan,nan,0,nan,0,nan,nan,0,nan
27624.007,5,1,1,fixation,0,nan,nan,0,nan,0,nan,nan,0,nan
27640.674,5,1,1,fixation,0,nan,nan,0,nan,0,nan,nan,0,nan
27657.342,5,1,1,fixation,0,nan,nan,0,nan,0,nan,nan,0,nan
27674.006,5,1,1,fixation,0,nan,nan,0,nan,0,nan,nan,0,nan
27690.673,5,1,1,fixation,0,nan,nan,0,nan,0,nan,nan,0,nan
27707.34,5,1,1,fixation,0,nan,nan,0,nan,0,nan,nan,0,nan
27724.008,5,1,1,fixation,0,nan,nan,0,nan,0,nan,nan,0,nan
27740.675,5,1,1,fixation,0,nan,nan,0,nan,0,nan,nan,0,nan
27757.34,5,1,1,fixation,0,nan,nan,0,nan,0,nan,nan,0,nan
27774.006,5,1,1,fixation,0,nan,nan,0,nan,0,nan,nan,0,nan
27790.673,5,1,1,fixation,0,nan,nan,0,nan,0,nan,nan,0,nan
27807.341,5,1,1,fixation,0,nan,nan,0,nan,0,nan,nan,0,nan
27824.009,5,1,1,fixation,0,nan,nan,0,nan,0,nan,nan,0,nan
27840.673,5,1,1,fixation,0,nan,nan,0,nan,0,nan,nan,0,nan
27857.34,5,1,1,fixation,0,nan,nan,0,nan,0,nan,nan,0,nan
27874.007,5,1,1,fixation,0,nan,nan,0,nan,0,nan,nan,0,nan
27890.674,5,1,1,fixation,0,nan,nan,0,nan,0,nan,nan,0,nan
27907.342,5,1,1,fixation,0,nan,nan,0,nan,0,nan,nan,0,nan
27924.006,5,1,1,fixation,0,nan,nan,0,nan,0,nan,nan,0,nan
27940.673,5,1,1,fixation,0,nan,nan,0,nan,0,nan,nan,0,nan
27957.34,5,1,1,fixation,0,nan,nan,0,nan,0,nan,nan,0,nan
27974.008,5,1,1,fixation,0,nan,nan,0,nan,0,nan,nan,0,nan
27990.675,5,1,1,fixation,0,nan,nan,0,nan,0,nan,nan,0,nan
28007.34,5,1,1,fixation,0,nan,nan,0,nan,0,nan,nan,0,nan
28024.006,5,1,1,fixation,0,nan,nan,0,nan,0,nan,nan,0,nan
28040.673,5,1,1,fixation,0,nan,nan,0,nan,0,nan,nan,0,nan
28057.341,5,1,1,fixation,0,nan,nan,0,nan,0,nan,nan,0,nan
28074.007,5,1,1,fixation,0,nan,nan,0,nan,0,nan,nan,0,nan
28090.674,5,1,1,fixation,0,nan,nan,0,nan,0,nan,nan,0,nan
28107.341,5,1,1,fixation,0,nan,nan,0,nan,0,nan,nan,0,nan
28124.007,5,1,1,fixation,0,nan,nan,0,nan,0,nan,nan,0,nan
28140.674,5,1,1,fixation,0,nan,nan,0,nan,0,nan,nan,0,nan
28157.341,5,1,1,fixation,0,nan,nan,0,nan,0,nan,nan,0,nan
28174.007,5,1,1,fixation,0,nan,nan,0,nan,0,nan,nan,0,nan
28190.675,5,1,1,fixation,0,nan,nan,0,nan,0,nan,nan,0,nan
28207.342,5,1,1,fixation,0,nan,nan,0,nan,0,nan,nan,0,nan
28224.009,5,1,1,fixation,0,nan,nan,0,nan,0,nan,nan,0,nan
28240.677,5,1,1,fixation,0,nan,nan,0,nan,0,nan,nan,0,nan
28257.343,5,1,1,stimulusMovement,0,nan,nan,0,nan,0,nan,nan,0,nan
28274.01,5,1,1,stimulusMovement,0,nan,nan,0,nan,0,nan,nan,0,nan
28290.677,5,1,1,stimulusMovement,0,nan,nan,0,nan,0,nan,nan,0,nan
28307.344,5,1,1,stimulusMovement,0,nan,nan,0,nan,1,-0.40073786841498477,-0.40510135889053345,1,3.758087158203125
28324.01,5,1,1,stimulusMovement,0,nan,nan,0,nan,0,nan,nan,0,nan
28340.677,5,1,1,stimulusMovement,0,nan,nan,0,nan,1,-0.3922894795735677,-0.4045969843864441,1,3.714202880859375
28357.344,5,1,1,stimulusMovement,0,nan,nan,0,nan,1,-0.38617897033691406,-0.36844176054000854,1,3.7683868408203125
28374.01,5,1,1,stimulusMovement,0,nan,nan,0,nan,0,nan,nan,0,nan
28390.677,5,1,1,stimulusMovement,0,nan,nan,0,nan,1,-0.38364823659261066,-0.4029775857925415,1,3.686553955078125
28407.344,5,1,1,stimulusMovement,0,nan,nan,0,nan,1,-0.38503366046481663,-0.33574652671813965,1,3.75933837890625
28424.01,5,1,1,stimulusMovement,0,nan,nan,0,nan,0,nan,nan,0,nan
28440.677,5,1,1,stimulusMovement,0,nan,nan,0,nan,0,nan,nan,0,nan
28457.344,5,1,1,stimulusMovement,0,nan,nan,0,nan,1,-0.3962850570678711,-0.3832963705062866,1,3.59368896484375
28474.01,5,1,1,stimulusMovement,0,nan,nan,0,nan,1,-0.4094035890367296,-0.4010963439941406,1,3.48590087890625
28490.677,5,1,1,stimulusMovement,0,nan,nan,0,nan,1,-0.402260250515408,-0.38625025749206543,1,3.48724365234375
28507.344,5,1,1,stimulusMovement,0,nan,nan,0,nan,1,-0.40376928117540145,-0.5616462230682373,1,2.932281494140625
28524.01,5,1,1,stimulusMovement,0,nan,nan,0,nan,0,nan,nan,0,nan
28540.677,5,1,1,stimulusMovement,0,nan,nan,0,nan,0,nan,nan,0,nan
28557.344,5,1,1,stimulusMovement,0,nan,nan,0,nan,0,nan,nan,0,nan
28574.01,5,1,1,stimulusMovement,0,nan,nan,0,nan,0,nan,nan,0,nan
28590.677,5,1,1,stimulusMovement,0,nan,nan,0,nan,0,nan,nan,0,nan
28607.344,5,1,1,stimulusMovement,0,nan,nan,0,nan,0,nan,nan,0,nan
28624.01,5,1,1,stimulusMovement,0,nan,nan,0,nan,0,nan,nan,0,nan
28640.677,5,1,1,stimulusMovement,0,nan,nan,0,nan,0,nan,nan,0,nan
28657.344,5,1,1,stimulusMovement,0,nan,nan,0,nan,0,nan,nan,0,nan
28674.01,5,1,1,stimulusMovement,0,nan,nan,0,nan,0,nan,nan,0,nan
28690.677,5,1,1,stimulusMovement,0,nan,nan,0,nan,0,nan,nan,0,nan
28707.344,5,1,1,stimulusMovement,0,nan,nan,0,nan,0,nan,nan,0,nan
28724.01,5,1,1,stimulusMovement,0,nan,nan,0,nan,0,nan,nan,0,nan
28740.677,5,1,1,stimulusMovement,0,nan,nan,0,nan,0,nan,nan,0,nan
28757.344,5,1,1,stimulusMovement,0,nan,nan,0,nan,0,nan,nan,0,nan
28774.01,5,1,1,stimulusMovement,0,nan,nan,0,nan,0,nan,nan,0,nan
28790.677,5,1,1,stimulusMovement,0,nan,nan,0,nan,0,nan,nan,0,nan
28807.343,5,1,1,stimulusMovement,0,nan,nan,0,nan,0,nan,nan,0,nan
28824.01,5,1,1,stimulusMovement,0,nan,nan,0,nan,0,nan,nan,0,nan
28840.677,5,1,1,stimulusMovement,0,nan,nan,0,nan,0,nan,nan,0,nan
28857.343,5,1,1,stimulusMovement,0,nan,nan,0,nan,0,nan,nan,0,nan
28874.01,5,1,1,stimulusMovement,0,nan,nan,0,nan,0,nan,nan,0,nan
28890.677,5,1,1,stimulusMovement,0,nan,nan,0,nan,0,nan,nan,0,nan
28907.344,5,1,1,stimulusMovement,0,nan,nan,0,nan,0,nan,nan,0,nan
28924.011,5,1,1,stimulusMovement,0,nan,nan,0,nan,0,nan,nan,0,nan
28940.678,5,1,1,stimulusMovement,0,nan,nan,0,nan,0,nan,nan,0,nan
28957.345,5,1,1,stimulusMovement,0,nan,nan,0,nan,0,nan,nan,0,nan
28974.014,5,1,1,stimulusMovement,0,nan,nan,0,nan,0,nan,nan,0,nan
28990.682,5,1,1,stimulusMovement,0,nan,nan,0,nan,0,nan,nan,0,nan
29007.349,5,1,1,stimulusMovement,0,nan,nan,0,nan,0,nan,nan,0,nan
29024.017,5,1,1,stimulusMovement,0,nan,nan,0,nan,0,nan,nan,0,nan
29040.685,5,1,1,stimulusMovement,0,nan,nan,0,nan,0,nan,nan,0,nan
29057.353,5,1,1,stimulusMovement,0,nan,nan,0,nan,0,nan,nan,0,nan
29074.012,5,1,1,stimulusMovement,0,nan,nan,0,nan,0,nan,nan,0,nan
29090.68,5,1,1,stimulusMovement,0,nan,nan,0,nan,0,nan,nan,0,nan
29107.348,5,1,1,stimulusMovement,0,nan,nan,0,nan,0,nan,nan,0,nan
29124.016,5,1,1,stimulusMovement,0,nan,nan,0,nan,0,nan,nan,0,nan
29140.683,5,1,1,stimulusMovement,0,nan,nan,0,nan,0,nan,nan,0,nan
29157.351,5,1,1,stimulusMovement,0,nan,nan,0,nan,0,nan,nan,0,nan
29174.019,5,1,1,stimulusMovement,0,nan,nan,0,nan,0,nan,nan,0,nan
29190.679,5,1,1,stimulusMovement,0,nan,nan,0,nan,0,nan,nan,0,nan
29207.347,5,1,1,stimulusMovement,0,nan,nan,0,nan,0,nan,nan,0,nan
29224.014,5,1,1,stimulusMovement,0,nan,nan,0,nan,0,nan,nan,0,nan
29240.682,5,1,1,stimulusMovement,0,nan,nan,0,nan,0,nan,nan,0,nan
29257.35,5,1,1,stimulusMovement,0,nan,nan,0,nan,0,nan,nan,0,nan
29274.016,5,1,1,stimulusMovement,0,nan,nan,0,nan,0,nan,nan,0,nan
29290.683,5,1,1,stimulusMovement,0,nan,nan,0,nan,0,nan,nan,0,nan
29307.35,5,1,1,stimulusMovement,0,nan,nan,0,nan,0,nan,nan,0,nan
29324.016,5,1,1,stimulusMovement,0,nan,nan,0,nan,0,nan,nan,0,nan
29340.683,5,1,1,stimulusMovement,0,nan,nan,0,nan,0,nan,nan,0,nan
29357.35,5,1,1,stimulusMovement,0,nan,nan,0,nan,0,nan,nan,0,nan
29374.016,5,1,1,stimulusMovement,0,nan,nan,0,nan,0,nan,nan,0,nan
29390.681,5,1,1,stimulusMovement,0,nan,nan,0,nan,0,nan,nan,0,nan
29407.346,5,1,1,stimulusMovement,0,nan,nan,0,nan,0,nan,nan,0,nan
29424.011,5,1,1,stimulusMovement,0,nan,nan,0,nan,0,nan,nan,0,nan
29440.679,5,1,1,stimulusMovement,0,nan,nan,0,nan,0,nan,nan,0,nan
29457.345,5,1,1,stimulusMovement,0,nan,nan,0,nan,0,nan,nan,0,nan
