timestamp,participantID,ID,expOrder,trialNumber,perimeter,surfaceArea,event,lv,lx,ly,lpv,lps,rv,rx,ry,rpv,rps
278.512,110,7,4,1,"{'TopLeft': 0.7272114317029974, 'TopRight': 0.5600159273722156, 'BottomLeft': 0.5979293994002424, 'BottomRight': 0.6464101615137755}","{'TopLeft': 0.016440951024970202, 'TopRight': 0.010936601811691784, 'BottomLeft': 0.011114894791695907, 'BottomRight': 0.01299038105676658}",startRecording,1,-0.03069390190972222,0.11328014731407166,1,3.9506988525390625,1,-0.005396154191758897,0.15679046511650085,1,4.0070037841796875
295.172,110,7,4,1,"{'TopLeft': 0.7272114317029974, 'TopRight': 0.5600159273722156, 'BottomLeft': 0.5979293994002424, 'BottomRight': 0.6464101615137755}","{'TopLeft': 0.016440951024970202, 'TopRight': 0.010936601811691784, 'BottomLeft': 0.011114894791695907, 'BottomRight': 0.01299038105676658}",startRecording,1,-0.03221236334906684,0.10820096731185913,1,3.965301513671875,1,-0.008889410230848523,0.15802401304244995,1,4.009796142578125
311.83,110,7,4,1,"{'TopLeft': 0.7272114317029974, 'TopRight': 0.5600159273722156, 'BottomLeft': 0.5979293994002424, 'BottomRight': 0.6464101615137755}","{'TopLeft': 0.016440951024970202, 'TopRight': 0.010936601811691784, 'BottomLeft': 0.011114894791695907, 'BottomRight': 0.01299038105676658}",startRecording,1,-0.03439956241183811,0.12118974328041077,1,3.948486328125,1,-0.011528227064344617,0.15605148673057556,1,4.0057373046875
328.494,110,7,4,1,"{'TopLeft': 0.7272114317029974, 'TopRight': 0.5600159273722156, 'BottomLeft': 0.5979293994002424, 'BottomRight': 0.6464101615137755}","{'TopLeft': 0.016440951024970202, 'TopRight': 0.010936601811691784, 'BottomLeft': 0.011114894791695907, 'BottomRight': 0.01299038105676658}",startRecording,1,-0.03029770321316189,0.11467558145523071,1,3.949920654296875,1,-0.014020178053114148,0.16203856468200684,1,3.9993896484375
345.16,110,7,4,1,"{'TopLeft': 0.7272114317029974, 'TopRight': 0.5600159273722156, 'BottomLeft': 0.5979293994002424, 'BottomRight': 0.6464101615137755}","{'TopLeft': 0.016440951024970202, 'TopRight': 0.010936601811691784, 'BottomLeft': 0.011114894791695907, 'BottomRight': 0.01299038105676658}",startRecording,1,-0.03669018215603299,0.11608231067657471,1,3.924346923828125,1,-0.008037938012017144,0.15618711709976196,1,3.9920806884765625
361.825,110,7,4,1,"{'TopLeft': 0.7272114317029974, 'TopRight': 0.5600159273722156, 'BottomLeft': 0.5979293994002424, 'BottomRight': 0.6464101615137755}","{'TopLeft': 0.016440951024970202, 'TopRight': 0.010936601811691784, 'BottomLeft': 0.011114894791695907, 'BottomRight': 0.01299038105676658}",startRecording,1,-0.0299937989976671,0.10907429456710815,1,3.921783447265625,1,-0.008925067053900825,0.15607953071594238,1,3.97991943359375
378.491,110,7,4,1,"{'TopLeft': 0.7272114317029974, 'TopRight': 0.5600159273722156, 'BottomLeft': 0.5979293994002424, 'BottomRight': 0.6464101615137755}","{'TopLeft': 0.016440951024970202, 'TopRight': 0.010936601811691784, 'BottomLeft': 0.011114894791695907, 'BottomRight': 0.01299038105676658}",startRecording,1,-0.03608025444878472,0.11791014671325684,1,3.8938446044921875,1,-0.0023252699110243055,0.14796972274780273,1,3.9575347900390625
395.156,110,7,4,1,"{'TopLeft': 0.7272114317029974, 'TopRight': 0.5600159273722156, 'BottomLeft': 0.5979293994002424, 'BottomRight': 0.6464101615137755}","{'TopLeft': 0.016440951024970202, 'TopRight': 0.010936601811691784, 'BottomLeft': 0.011114894791695907, 'BottomRight': 0.01299038105676658}",startRecording,1,-0.012341552310519747,0.036911576986312866,1,3.8589324951171875,1,0.02175511254204644,0.0812380313873291,1,3.937042236328125
411.821,110,7,4,1,"{'TopLeft': 0.7272114317029974, 'TopRight': 0.5600159273722156, 'BottomLeft': 0.5979293994002424, 'BottomRight': 0.6464101615137755}","{'TopLeft': 0.016440951024970202, 'TopRight': 0.010936601811691784, 'BottomLeft': 0.011114894791695907, 'BottomRight': 0.01299038105676658}",startRecording,1,0.1087191899617513,-0.2304898500442505,1,3.2345428466796875,1,0.08920796712239583,-0.11307960748672485,1,3.6782684326171875
428.487,110,7,4,1,"{'TopLeft': 0.7272114317029974, 'TopRight': 0.5600159273722156, 'BottomLeft': 0.5979293994002424, 'BottomRight': 0.6464101615137755}","{'TopLeft': 0.016440951024970202, 'TopRight': 0.010936601811691784, 'BottomLeft': 0.011114894791695907, 'BottomRight': 0.01299038105676658}",startRecording,0,nan,nan,0,nan,1,0.3509565989176432,-0.3340775966644287,1,2.5989532470703125
445.152,110,7,4,1,"{'TopLeft': 0.7272114317029974, 'TopRight': 0.5600159273722156, 'BottomLeft': 0.5979293994002424, 'BottomRight': 0.6464101615137755}","{'TopLeft': 0.016440951024970202, 'TopRight': 0.010936601811691784, 'BottomLeft': 0.011114894791695907, 'BottomRight': 0.01299038105676658}",startRecording,0,nan,nan,0,nan,0,nan,nan,0,nan
461.838,110,7,4,1,"{'TopLeft': 0.7272114317029974, 'TopRight': 0.5600159273722156, 'BottomLeft': 0.5979293994002424, 'BottomRight': 0.6464101615137755}","{'TopLeft': 0.016440951024970202, 'TopRight': 0.010936601811691784, 'BottomLeft': 0.011114894791695907, 'BottomRight': 0.01299038105676658}",startRecording,0,nan,nan,0,nan,0,nan,nan,0,nan
478.537,110,7,4,1,"{'TopLeft': 0.7272114317029974, 'TopRight': 0.5600159273722156, 'BottomLeft': 0.5979293994002424, 'BottomRight': 0.6464101615137755}","{'TopLeft': 0.016440951024970202, 'TopRight': 0.010936601811691784, 'BottomLeft': 0.011114894791695907, 'BottomRight': 0.01299038105676658}",startRecording,0,nan,nan,0,nan,0,nan,nan,0,nan
495.238,110,7,4,1,"{'TopLeft': 0.7272114317029974, 'TopRight': 0.5600159273722156, 'BottomLeft': 0.5979293994002424, 'BottomRight': 0.6464101615137755}","{'TopLeft': 0.016440951024970202, 'TopRight': 0.010936601811691784, 'BottomLeft': 0.011114894791695907, 'BottomRight': 0.01299038105676658}",startRecording,0,nan,nan,0,nan,0,nan,nan,0,nan
511.915,110,7,4,1,"{'TopLeft': 0.7272114317029974, 'TopRight': 0.5600159273722156, 'BottomLeft': 0.5979293994002424, 'BottomRight': 0.6464101615137755}","{'TopLeft': 0.016440951024970202, 'TopRight': 0.010936601811691784, 'BottomLeft': 0.011114894791695907, 'BottomRight': 0.01299038105676658}",startRecording,0,nan,nan,0,nan,0,nan,nan,0,nan
528.585,110,7,4,1,"{'TopLeft': 0.7272114317029974, 'TopRight': 0.5600159273722156, 'BottomLeft': 0.5979293994002424, 'BottomRight': 0.6464101615137755}","{'TopLeft': 0.016440951024970202, 'TopRight': 0.010936601811691784, 'BottomLeft': 0.011114894791695907, 'BottomRight': 0.01299038105676658}",startRecording,0,nan,nan,0,nan,0,nan,nan,0,nan
545.255,110,7,4,1,"{'TopLeft': 0.7272114317029974, 'TopRight': 0.5600159273722156, 'BottomLeft': 0.5979293994002424, 'BottomRight': 0.6464101615137755}","{'TopLeft': 0.016440951024970202, 'TopRight': 0.010936601811691784, 'BottomLeft': 0.011114894791695907, 'BottomRight': 0.01299038105676658}",startRecording,0,nan,nan,0,nan,0,nan,nan,0,nan
561.919,110,7,4,1,"{'TopLeft': 0.7272114317029974, 'TopRight': 0.5600159273722156, 'BottomLeft': 0.5979293994002424, 'BottomRight': 0.6464101615137755}","{'TopLeft': 0.016440951024970202, 'TopRight': 0.010936601811691784, 'BottomLeft': 0.011114894791695907, 'BottomRight': 0.01299038105676658}",startRecording,1,0.002983729044596354,-0.39309972524642944,1,3.1680755615234375,1,0.07071590423583984,-0.26637059450149536,1,3.4585418701171875
578.582,110,7,4,1,"{'TopLeft': 0.7272114317029974, 'TopRight': 0.5600159273722156, 'BottomLeft': 0.5979293994002424, 'BottomRight': 0.6464101615137755}","{'TopLeft': 0.016440951024970202, 'TopRight': 0.010936601811691784, 'BottomLeft': 0.011114894791695907, 'BottomRight': 0.01299038105676658}",startRecording,1,0.04816680484347873,-0.28565335273742676,1,3.4601593017578125,1,0.05842410193549262,-0.19047755002975464,1,3.66802978515625
595.244,110,7,4,1,"{'TopLeft': 0.7272114317029974, 'TopRight': 0.5600159273722156, 'BottomLeft': 0.5979293994002424, 'BottomRight': 0.6464101615137755}","{'TopLeft': 0.016440951024970202, 'TopRight': 0.010936601811691784, 'BottomLeft': 0.011114894791695907, 'BottomRight': 0.01299038105676658}",startRecording,0,nan,nan,0,nan,1,0.04846074846055772,-0.139176607131958,1,3.8370513916015625
611.911,110,7,4,1,"{'TopLeft': 0.7272114317029974, 'TopRight': 0.5600159273722156, 'BottomLeft': 0.5979293994002424, 'BottomRight': 0.6464101615137755}","{'TopLeft': 0.016440951024970202, 'TopRight': 0.010936601811691784, 'BottomLeft': 0.011114894791695907, 'BottomRight': 0.01299038105676658}",startRecording,1,0.016964488559299044,-0.17361104488372803,1,3.7359771728515625,1,0.05818748474121094,-0.1204037070274353,1,3.84307861328125
628.58,110,7,4,1,"{'TopLeft': 0.7272114317029974, 'TopRight': 0.5600159273722156, 'BottomLeft': 0.5979293994002424, 'BottomRight': 0.6464101615137755}","{'TopLeft': 0.016440951024970202, 'TopRight': 0.010936601811691784, 'BottomLeft': 0.011114894791695907, 'BottomRight': 0.01299038105676658}",startRecording,1,0.01597891913519965,-0.15401458740234375,1,3.75,1,0.050148222181532115,-0.10754799842834473,1,3.8419189453125
645.249,110,7,4,1,"{'TopLeft': 0.7272114317029974, 'TopRight': 0.5600159273722156, 'BottomLeft': 0.5979293994002424, 'BottomRight': 0.6464101615137755}","{'TopLeft': 0.016440951024970202, 'TopRight': 0.010936601811691784, 'BottomLeft': 0.011114894791695907, 'BottomRight': 0.01299038105676658}",curtain_up,1,0.030612521701388888,-0.16200512647628784,1,3.7550048828125,1,0.04894298977322048,-0.11425584554672241,1,3.8578948974609375
661.905,110,7,4,1,"{'TopLeft': 0.7272114317029974, 'TopRight': 0.5600159273722156, 'BottomLeft': 0.5979293994002424, 'BottomRight': 0.6464101615137755}","{'TopLeft': 0.016440951024970202, 'TopRight': 0.010936601811691784, 'BottomLeft': 0.011114894791695907, 'BottomRight': 0.01299038105676658}",curtain_up,1,0.031076643202039927,-0.15423130989074707,1,3.75457763671875,1,0.05493577321370442,-0.12157779932022095,1,3.8559112548828125
678.558,110,7,4,1,"{'TopLeft': 0.7272114317029974, 'TopRight': 0.5600159273722156, 'BottomLeft': 0.5979293994002424, 'BottomRight': 0.6464101615137755}","{'TopLeft': 0.016440951024970202, 'TopRight': 0.010936601811691784, 'BottomLeft': 0.011114894791695907, 'BottomRight': 0.01299038105676658}",curtain_up,1,0.017045338948567707,-0.15015459060668945,1,3.7579803466796875,1,0.0531775156656901,-0.11052000522613525,1,3.8630218505859375
695.209,110,7,4,1,"{'TopLeft': 0.7272114317029974, 'TopRight': 0.5600159273722156, 'BottomLeft': 0.5979293994002424, 'BottomRight': 0.6464101615137755}","{'TopLeft': 0.016440951024970202, 'TopRight': 0.010936601811691784, 'BottomLeft': 0.011114894791695907, 'BottomRight': 0.01299038105676658}",curtain_up,1,0.021511077880859375,-0.1555069088935852,1,3.765716552734375,1,0.054261525472005204,-0.11668407917022705,1,3.86224365234375
711.872,110,7,4,1,"{'TopLeft': 0.7272114317029974, 'TopRight': 0.5600159273722156, 'BottomLeft': 0.5979293994002424, 'BottomRight': 0.6464101615137755}","{'TopLeft': 0.016440951024970202, 'TopRight': 0.010936601811691784, 'BottomLeft': 0.011114894791695907, 'BottomRight': 0.01299038105676658}",curtain_up,1,0.018328348795572914,-0.1452709436416626,1,3.7704315185546875,1,0.04872703552246094,-0.10298562049865723,1,3.8764801025390625
728.539,110,7,4,1,"{'TopLeft': 0.7272114317029974, 'TopRight': 0.5600159273722156, 'BottomLeft': 0.5979293994002424, 'BottomRight': 0.6464101615137755}","{'TopLeft': 0.016440951024970202, 'TopRight': 0.010936601811691784, 'BottomLeft': 0.011114894791695907, 'BottomRight': 0.01299038105676658}",curtain_up,1,0.003712548149956597,-0.14852666854858398,1,3.7670440673828125,1,0.047595977783203125,-0.10773921012878418,1,3.8817901611328125
745.206,110,7,4,1,"{'TopLeft': 0.7272114317029974, 'TopRight': 0.5600159273722156, 'BottomLeft': 0.5979293994002424, 'BottomRight': 0.6464101615137755}","{'TopLeft': 0.016440951024970202, 'TopRight': 0.010936601811691784, 'BottomLeft': 0.011114894791695907, 'BottomRight': 0.01299038105676658}",curtain_up,1,0.006146113077799479,-0.15276241302490234,1,3.7749481201171875,1,0.04743586646185981,-0.10633522272109985,1,3.891815185546875
761.865,110,7,4,1,"{'TopLeft': 0.7272114317029974, 'TopRight': 0.5600159273722156, 'BottomLeft': 0.5979293994002424, 'BottomRight': 0.6464101615137755}","{'TopLeft': 0.016440951024970202, 'TopRight': 0.010936601811691784, 'BottomLeft': 0.011114894791695907, 'BottomRight': 0.01299038105676658}",curtain_up,1,0.0131938722398546,-0.14740395545959473,1,3.7764892578125,1,0.042938444349500865,-0.10457968711853027,1,3.9025726318359375
778.521,110,7,4,1,"{'TopLeft': 0.7272114317029974, 'TopRight': 0.5600159273722156, 'BottomLeft': 0.5979293994002424, 'BottomRight': 0.6464101615137755}","{'TopLeft': 0.016440951024970202, 'TopRight': 0.010936601811691784, 'BottomLeft': 0.011114894791695907, 'BottomRight': 0.01299038105676658}",curtain_up,1,0.010411898295084635,-0.14659631252288818,1,3.7863616943359375,1,0.04708745744493272,-0.11160612106323242,1,3.906768798828125
795.177,110,7,4,1,"{'TopLeft': 0.7272114317029974, 'TopRight': 0.5600159273722156, 'BottomLeft': 0.5979293994002424, 'BottomRight': 0.6464101615137755}","{'TopLeft': 0.016440951024970202, 'TopRight': 0.010936601811691784, 'BottomLeft': 0.011114894791695907, 'BottomRight': 0.01299038105676658}",curtain_up,1,0.004935794406467014,-0.14285540580749512,1,3.7891082763671875,1,0.05300097995334201,-0.11709487438201904,1,3.9119720458984375
811.839,110,7,4,1,"{'TopLeft': 0.7272114317029974, 'TopRight': 0.5600159273722156, 'BottomLeft': 0.5979293994002424, 'BottomRight': 0.6464101615137755}","{'TopLeft': 0.016440951024970202, 'TopRight': 0.010936601811691784, 'BottomLeft': 0.011114894791695907, 'BottomRight': 0.01299038105676658}",curtain_up,1,0.0049285888671875,-0.16601526737213135,1,3.7924041748046875,1,0.05329661899142795,-0.11088240146636963,1,3.9127349853515625
828.506,110,7,4,1,"{'TopLeft': 0.7272114317029974, 'TopRight': 0.5600159273722156, 'BottomLeft': 0.5979293994002424, 'BottomRight': 0.6464101615137755}","{'TopLeft': 0.016440951024970202, 'TopRight': 0.010936601811691784, 'BottomLeft': 0.011114894791695907, 'BottomRight': 0.01299038105676658}",curtain_up,1,0.014156977335611979,-0.15424740314483643,1,3.80291748046875,1,0.04741075303819444,-0.10684871673583984,1,3.9207305908203125
845.172,110,7,4,1,"{'TopLeft': 0.7272114317029974, 'TopRight': 0.5600159273722156, 'BottomLeft': 0.5979293994002424, 'BottomRight': 0.6464101615137755}","{'TopLeft': 0.016440951024970202, 'TopRight': 0.010936601811691784, 'BottomLeft': 0.011114894791695907, 'BottomRight': 0.01299038105676658}",curtain_up,1,0.013257132636176214,-0.16239070892333984,1,3.8073577880859375,1,0.049624760945638016,-0.10000032186508179,1,3.9280853271484375
861.847,110,7,4,1,"{'TopLeft': 0.7272114317029974, 'TopRight': 0.5600159273722156, 'BottomLeft': 0.5979293994002424, 'BottomRight': 0.6464101615137755}","{'TopLeft': 0.016440951024970202, 'TopRight': 0.010936601811691784, 'BottomLeft': 0.011114894791695907, 'BottomRight': 0.01299038105676658}",curtain_up,1,0.01825820075141059,-0.13665473461151123,1,3.8162689208984375,1,0.04826577504475911,-0.10592889785766602,1,3.937591552734375
878.529,110,7,4,1,"{'TopLeft': 0.7272114317029974, 'TopRight': 0.5600159273722156, 'BottomLeft': 0.5979293994002424, 'BottomRight': 0.6464101615137755}","{'TopLeft': 0.016440951024970202, 'TopRight': 0.010936601811691784, 'BottomLeft': 0.011114894791695907, 'BottomRight': 0.01299038105676658}",curtain_up,1,0.019788953993055556,-0.14049166440963745,1,3.817626953125,1,0.04304737514919705,-0.10774672031402588,1,3.9367828369140625
895.212,110,7,4,1,"{'TopLeft': 0.7272114317029974, 'TopRight': 0.5600159273722156, 'BottomLeft': 0.5979293994002424, 'BottomRight': 0.6464101615137755}","{'TopLeft': 0.016440951024970202, 'TopRight': 0.010936601811691784, 'BottomLeft': 0.011114894791695907, 'BottomRight': 0.01299038105676658}",curtain_up,1,0.030339664883083765,-0.1397414207458496,1,3.8232269287109375,1,0.041716575622558594,-0.10990965366363525,1,3.9398040771484375
911.884,110,7,4,1,"{'TopLeft': 0.7272114317029974, 'TopRight': 0.5600159273722156, 'BottomLeft': 0.5979293994002424, 'BottomRight': 0.6464101615137755}","{'TopLeft': 0.016440951024970202, 'TopRight': 0.010936601811691784, 'BottomLeft': 0.011114894791695907, 'BottomRight': 0.01299038105676658}",curtain_up,1,0.024030367533365883,-0.160599946975708,1,3.82232666015625,1,0.04180844624837239,-0.1137201189994812,1,3.9352264404296875
928.552,110,7,4,1,"{'TopLeft': 0.7272114317029974, 'TopRight': 0.5600159273722156, 'BottomLeft': 0.5979293994002424, 'BottomRight': 0.6464101615137755}","{'TopLeft': 0.016440951024970202, 'TopRight': 0.010936601811691784, 'BottomLeft': 0.011114894791695907, 'BottomRight': 0.01299038105676658}",curtain_up,1,0.019741376241048176,-0.16579163074493408,1,3.8120574951171875,1,0.03818957010904948,-0.11381793022155762,1,3.92730712890625
945.219,110,7,4,1,"{'TopLeft': 0.7272114317029974, 'TopRight': 0.5600159273722156, 'BottomLeft': 0.5979293994002424, 'BottomRight': 0.6464101615137755}","{'TopLeft': 0.016440951024970202, 'TopRight': 0.010936601811691784, 'BottomLeft': 0.011114894791695907, 'BottomRight': 0.01299038105676658}",curtain_up,1,0.020112567477756076,-0.17164433002471924,1,3.7935028076171875,1,0.03883404201931424,-0.11915391683578491,1,3.906951904296875
961.885,110,7,4,1,"{'TopLeft': 0.7272114317029974, 'TopRight': 0.5600159273722156, 'BottomLeft': 0.5979293994002424, 'BottomRight': 0.6464101615137755}","{'TopLeft': 0.016440951024970202, 'TopRight': 0.010936601811691784, 'BottomLeft': 0.011114894791695907, 'BottomRight': 0.01299038105676658}",curtain_up,1,0.026476542154947914,-0.1731656789779663,1,3.772552490234375,1,0.040197796291775174,-0.11540400981903076,1,3.883056640625
978.551,110,7,4,1,"{'TopLeft': 0.7272114317029974, 'TopRight': 0.5600159273722156, 'BottomLeft': 0.5979293994002424, 'BottomRight': 0.6464101615137755}","{'TopLeft': 0.016440951024970202, 'TopRight': 0.010936601811691784, 'BottomLeft': 0.011114894791695907, 'BottomRight': 0.01299038105676658}",curtain_up,1,0.02596653832329644,-0.1608370542526245,1,3.7425384521484375,1,0.04104667239718967,-0.11492830514907837,1,3.8586578369140625
995.218,110,7,4,1,"{'TopLeft': 0.7272114317029974, 'TopRight': 0.5600159273722156, 'BottomLeft': 0.5979293994002424, 'BottomRight': 0.6464101615137755}","{'TopLeft': 0.016440951024970202, 'TopRight': 0.010936601811691784, 'BottomLeft': 0.011114894791695907, 'BottomRight': 0.01299038105676658}",curtain_up,1,0.024993578592936196,-0.156965434551239,1,3.718292236328125,1,0.038148456149631076,-0.11408823728561401,1,3.827362060546875
1011.884,110,7,4,1,"{'TopLeft': 0.7272114317029974, 'TopRight': 0.5600159273722156, 'BottomLeft': 0.5979293994002424, 'BottomRight': 0.6464101615137755}","{'TopLeft': 0.016440951024970202, 'TopRight': 0.010936601811691784, 'BottomLeft': 0.011114894791695907, 'BottomRight': 0.01299038105676658}",curtain_up,1,0.021774186028374564,-0.15217143297195435,1,3.6783599853515625,1,0.03645790947808159,-0.10745692253112793,1,3.79315185546875
1028.552,110,7,4,1,"{'TopLeft': 0.7272114317029974, 'TopRight': 0.5600159273722156, 'BottomLeft': 0.5979293994002424, 'BottomRight': 0.6464101615137755}","{'TopLeft': 0.016440951024970202, 'TopRight': 0.010936601811691784, 'BottomLeft': 0.011114894791695907, 'BottomRight': 0.01299038105676658}",curtain_up,1,0.018380482991536457,-0.15747767686843872,1,3.6420440673828125,1,0.038787523905436196,-0.1137266755104065,1,3.757904052734375
1045.22,110,7,4,1,"{'TopLeft': 0.7272114317029974, 'TopRight': 0.5600159273722156, 'BottomLeft': 0.5979293994002424, 'BottomRight': 0.6464101615137755}","{'TopLeft': 0.016440951024970202, 'TopRight': 0.010936601811691784, 'BottomLeft': 0.011114894791695907, 'BottomRight': 0.01299038105676658}",curtain_up,1,0.019314130147298176,-0.1598990559577942,1,3.604705810546875,1,0.034203423394097224,-0.11015772819519043,1,3.72552490234375
1061.883,110,7,4,1,"{'TopLeft': 0.7272114317029974, 'TopRight': 0.5600159273722156, 'BottomLeft': 0.5979293994002424, 'BottomRight': 0.6464101615137755}","{'TopLeft': 0.016440951024970202, 'TopRight': 0.010936601811691784, 'BottomLeft': 0.011114894791695907, 'BottomRight': 0.01299038105676658}",curtain_up,1,0.02317576938205295,-0.16369891166687012,1,3.56787109375,1,0.03509881761338975,-0.10898703336715698,1,3.686126708984375
1078.547,110,7,4,1,"{'TopLeft': 0.7272114317029974, 'TopRight': 0.5600159273722156, 'BottomLeft': 0.5979293994002424, 'BottomRight': 0.6464101615137755}","{'TopLeft': 0.016440951024970202, 'TopRight': 0.010936601811691784, 'BottomLeft': 0.011114894791695907, 'BottomRight': 0.01299038105676658}",curtain_up,1,0.03219212426079644,-0.14904236793518066,1,3.52801513671875,1,0.03897783491346571,-0.11032253503799438,1,3.656951904296875
1095.209,110,7,4,1,"{'TopLeft': 0.7272114317029974, 'TopRight': 0.5600159273722156, 'BottomLeft': 0.5979293994002424, 'BottomRight': 0.6464101615137755}","{'TopLeft': 0.016440951024970202, 'TopRight': 0.010936601811691784, 'BottomLeft': 0.011114894791695907, 'BottomRight': 0.01299038105676658}",curtain_up,1,0.03132862514919705,-0.13969826698303223,1,3.4949188232421875,1,0.03685082329644097,-0.11233603954315186,1,3.61993408203125
1111.874,110,7,4,1,"{'TopLeft': 0.7272114317029974, 'TopRight': 0.5600159273722156, 'BottomLeft': 0.5979293994002424, 'BottomRight': 0.6464101615137755}","{'TopLeft': 0.016440951024970202, 'TopRight': 0.010936601811691784, 'BottomLeft': 0.011114894791695907, 'BottomRight': 0.01299038105676658}",curtain_up,1,0.023101806640625,-0.1474900245666504,1,3.460205078125,1,0.03660806020100911,-0.1161423921585083,1,3.603485107421875
1128.541,110,7,4,1,"{'TopLeft': 0.7272114317029974, 'TopRight': 0.5600159273722156, 'BottomLeft': 0.5979293994002424, 'BottomRight': 0.6464101615137755}","{'TopLeft': 0.016440951024970202, 'TopRight': 0.010936601811691784, 'BottomLeft': 0.011114894791695907, 'BottomRight': 0.01299038105676658}",curtain_up,1,0.018955230712890625,-0.14663803577423096,1,3.4200439453125,1,0.0329390631781684,-0.11828935146331787,1,3.5794525146484375
1145.209,110,7,4,1,"{'TopLeft': 0.7272114317029974, 'TopRight': 0.5600159273722156, 'BottomLeft': 0.5979293994002424, 'BottomRight': 0.6464101615137755}","{'TopLeft': 0.016440951024970202, 'TopRight': 0.010936601811691784, 'BottomLeft': 0.011114894791695907, 'BottomRight': 0.01299038105676658}",curtain_up,1,0.0065670013427734375,-0.14024919271469116,1,3.3837890625,1,0.033798429701063365,-0.11934590339660645,1,3.541839599609375
1161.873,110,7,4,1,"{'TopLeft': 0.7272114317029974, 'TopRight': 0.5600159273722156, 'BottomLeft': 0.5979293994002424, 'BottomRight': 0.6464101615137755}","{'TopLeft': 0.016440951024970202, 'TopRight': 0.010936601811691784, 'BottomLeft': 0.011114894791695907, 'BottomRight': 0.01299038105676658}",curtain_up,1,0.006150139702690972,-0.1403217315673828,1,3.3716583251953125,1,0.039184782240125865,-0.11653637886047363,1,3.5106048583984375
1178.537,110,7,4,1,"{'TopLeft': 0.7272114317029974, 'TopRight': 0.5600159273722156, 'BottomLeft': 0.5979293994002424, 'BottomRight': 0.6464101615137755}","{'TopLeft': 0.016440951024970202, 'TopRight': 0.010936601811691784, 'BottomLeft': 0.011114894791695907, 'BottomRight': 0.01299038105676658}",curtain_up,1,-0.002332316504584418,-0.14268702268600464,1,3.3227386474609375,1,0.03605058458116319,-0.12264281511306763,1,3.4849700927734375
1195.202,110,7,4,1,"{'TopLeft': 0.7272114317029974, 'TopRight': 0.5600159273722156, 'BottomLeft': 0.5979293994002424, 'BottomRight': 0.6464101615137755}","{'TopLeft': 0.016440951024970202, 'TopRight': 0.010936601811691784, 'BottomLeft': 0.011114894791695907, 'BottomRight': 0.01299038105676658}",curtain_up,1,0.0061900880601671,-0.15082579851150513,1,3.3055267333984375,1,0.03850025600857205,-0.12067586183547974,1,3.459930419921875
1211.865,110,7,4,1,"{'TopLeft': 0.7272114317029974, 'TopRight': 0.5600159273722156, 'BottomLeft': 0.5979293994002424, 'BottomRight': 0.6464101615137755}","{'TopLeft': 0.016440951024970202, 'TopRight': 0.010936601811691784, 'BottomLeft': 0.011114894791695907, 'BottomRight': 0.01299038105676658}",curtain_up,1,0.002437697516547309,-0.14914476871490479,1,3.2747955322265625,1,0.04413021935356987,-0.12240374088287354,1,3.4331207275390625
1228.53,110,7,4,1,"{'TopLeft': 0.7272114317029974, 'TopRight': 0.5600159273722156, 'BottomLeft': 0.5979293994002424, 'BottomRight': 0.6464101615137755}","{'TopLeft': 0.016440951024970202, 'TopRight': 0.010936601811691784, 'BottomLeft': 0.011114894791695907, 'BottomRight': 0.01299038105676658}",curtain_up,1,0.006024254692925347,-0.1386844515800476,1,3.247589111328125,1,0.0423434575398763,-0.12005352973937988,1,3.4034881591796875
1245.194,110,7,4,1,"{'TopLeft': 0.7272114317029974, 'TopRight': 0.5600159273722156, 'BottomLeft': 0.5979293994002424, 'BottomRight': 0.6464101615137755}","{'TopLeft': 0.016440951024970202, 'TopRight': 0.010936601811691784, 'BottomLeft': 0.011114894791695907, 'BottomRight': 0.01299038105676658}",curtain_up,1,0.01819271511501736,-0.14424586296081543,1,3.2196807861328125,1,0.04179032643636067,-0.12614476680755615,1,3.3818817138671875
1261.859,110,7,4,1,"{'TopLeft': 0.7272114317029974, 'TopRight': 0.5600159273722156, 'BottomLeft': 0.5979293994002424, 'BottomRight': 0.6464101615137755}","{'TopLeft': 0.016440951024970202, 'TopRight': 0.010936601811691784, 'BottomLeft': 0.011114894791695907, 'BottomRight': 0.01299038105676658}",curtain_up,1,0.023751788669162326,-0.15136802196502686,1,3.2064056396484375,1,0.04528225792778862,-0.12427014112472534,1,3.3609771728515625
1278.526,110,7,4,1,"{'TopLeft': 0.7272114317029974, 'TopRight': 0.5600159273722156, 'BottomLeft': 0.5979293994002424, 'BottomRight': 0.6464101615137755}","{'TopLeft': 0.016440951024970202, 'TopRight': 0.010936601811691784, 'BottomLeft': 0.011114894791695907, 'BottomRight': 0.01299038105676658}",curtain_up,1,0.02080620659722222,-0.14417141675949097,1,3.1834716796875,1,0.04408846961127387,-0.12385332584381104,1,3.340606689453125
1295.193,110,7,4,1,"{'TopLeft': 0.7272114317029974, 'TopRight': 0.5600159273722156, 'BottomLeft': 0.5979293994002424, 'BottomRight': 0.6464101615137755}","{'TopLeft': 0.016440951024970202, 'TopRight': 0.010936601811691784, 'BottomLeft': 0.011114894791695907, 'BottomRight': 0.01299038105676658}",curtain_up,1,0.010154406229654947,-0.1534484624862671,1,3.1650543212890625,1,0.04408497280544705,-0.1259315013885498,1,3.3272705078125
1311.859,110,7,4,1,"{'TopLeft': 0.7272114317029974, 'TopRight': 0.5600159273722156, 'BottomLeft': 0.5979293994002424, 'BottomRight': 0.6464101615137755}","{'TopLeft': 0.016440951024970202, 'TopRight': 0.010936601811691784, 'BottomLeft': 0.011114894791695907, 'BottomRight': 0.01299038105676658}",curtain_up,1,0.012372758653428819,-0.14915645122528076,1,3.157989501953125,1,0.04680506388346354,-0.10793119668960571,1,3.2752838134765625
1328.526,110,7,4,1,"{'TopLeft': 0.7272114317029974, 'TopRight': 0.5600159273722156, 'BottomLeft': 0.5979293994002424, 'BottomRight': 0.6464101615137755}","{'TopLeft': 0.016440951024970202, 'TopRight': 0.010936601811691784, 'BottomLeft': 0.011114894791695907, 'BottomRight': 0.01299038105676658}",curtain_up,1,0.016593191358778212,-0.1480526328086853,1,3.1354827880859375,1,0.0429329342312283,-0.12235194444656372,1,3.2908172607421875
1345.193,110,7,4,1,"{'TopLeft': 0.7272114317029974, 'TopRight': 0.5600159273722156, 'BottomLeft': 0.5979293994002424, 'BottomRight': 0.6464101615137755}","{'TopLeft': 0.016440951024970202, 'TopRight': 0.010936601811691784, 'BottomLeft': 0.011114894791695907, 'BottomRight': 0.01299038105676658}",curtain_up,1,0.011150360107421875,-0.14829933643341064,1,3.1239776611328125,1,0.042962604098849826,-0.12737351655960083,1,3.2884979248046875
1361.858,110,7,4,1,"{'TopLeft': 0.7272114317029974, 'TopRight': 0.5600159273722156, 'BottomLeft': 0.5979293994002424, 'BottomRight': 0.6464101615137755}","{'TopLeft': 0.016440951024970202, 'TopRight': 0.010936601811691784, 'BottomLeft': 0.011114894791695907, 'BottomRight': 0.01299038105676658}",curtain_up,1,0.015565236409505207,-0.14598417282104492,1,3.11346435546875,1,0.04115867614746094,-0.12800240516662598,1,3.2733917236328125
1378.525,110,7,4,1,"{'TopLeft': 0.7272114317029974, 'TopRight': 0.5600159273722156, 'BottomLeft': 0.5979293994002424, 'BottomRight': 0.6464101615137755}","{'TopLeft': 0.016440951024970202, 'TopRight': 0.010936601811691784, 'BottomLeft': 0.011114894791695907, 'BottomRight': 0.01299038105676658}",curtain_up,1,0.009968439737955729,-0.14560025930404663,1,3.1041259765625,1,0.040774027506510414,-0.12063342332839966,1,3.25482177734375
1395.191,110,7,4,1,"{'TopLeft': 0.7272114317029974, 'TopRight': 0.5600159273722156, 'BottomLeft': 0.5979293994002424, 'BottomRight': 0.6464101615137755}","{'TopLeft': 0.016440951024970202, 'TopRight': 0.010936601811691784, 'BottomLeft': 0.011114894791695907, 'BottomRight': 0.01299038105676658}",curtain_up,1,0.009011480543348523,-0.14037907123565674,1,3.08868408203125,1,0.0428167978922526,-0.12725919485092163,1,3.2573089599609375
1411.856,110,7,4,1,"{'TopLeft': 0.7272114317029974, 'TopRight': 0.5600159273722156, 'BottomLeft': 0.5979293994002424, 'BottomRight': 0.6464101615137755}","{'TopLeft': 0.016440951024970202, 'TopRight': 0.010936601811691784, 'BottomLeft': 0.011114894791695907, 'BottomRight': 0.01299038105676658}",curtain_up,1,0.011494530571831597,-0.1472133994102478,1,3.0921173095703125,1,0.043537139892578125,-0.12039703130722046,1,3.2488861083984375
1428.523,110,7,4,1,"{'TopLeft': 0.7272114317029974, 'TopRight': 0.5600159273722156, 'BottomLeft': 0.5979293994002424, 'BottomRight': 0.6464101615137755}","{'TopLeft': 0.016440951024970202, 'TopRight': 0.010936601811691784, 'BottomLeft': 0.011114894791695907, 'BottomRight': 0.01299038105676658}",curtain_up,1,0.012492815653483072,-0.1451798677444458,1,3.0817108154296875,1,0.04156239827473958,-0.11782974004745483,1,3.238861083984375
1445.189,110,7,4,1,"{'TopLeft': 0.7272114317029974, 'TopRight': 0.5600159273722156, 'BottomLeft': 0.5979293994002424, 'BottomRight': 0.6464101615137755}","{'TopLeft': 0.016440951024970202, 'TopRight': 0.010936601811691784, 'BottomLeft': 0.011114894791695907, 'BottomRight': 0.01299038105676658}",curtain_up,1,0.014716254340277776,-0.15315192937850952,1,3.0785369873046875,1,0.0418452156914605,-0.11469882726669312,1,3.239227294921875
1461.854,110,7,4,1,"{'TopLeft': 0.7272114317029974, 'TopRight': 0.5600159273722156, 'BottomLeft': 0.5979293994002424, 'BottomRight': 0.6464101615137755}","{'TopLeft': 0.016440951024970202, 'TopRight': 0.010936601811691784, 'BottomLeft': 0.011114894791695907, 'BottomRight': 0.01299038105676658}",curtain_up,1,0.00271712409125434,-0.14968961477279663,1,3.0728912353515625,1,0.040770424736870654,-0.11849164962768555,1,3.2366790771484375
1478.521,110,7,4,1,"{'TopLeft': 0.7272114317029974, 'TopRight': 0.5600159273722156, 'BottomLeft': 0.5979293994002424, 'BottomRight': 0.6464101615137755}","{'TopLeft': 0.016440951024970202, 'TopRight': 0.010936601811691784, 'BottomLeft': 0.011114894791695907, 'BottomRight': 0.01299038105676658}",curtain_up,1,0.004862467447916666,-0.1525956392288208,1,3.07025146484375,1,0.04063351949055989,-0.12011003494262695,1,3.240875244140625
1495.186,110,7,4,1,"{'TopLeft': 0.7272114317029974, 'TopRight': 0.5600159273722156, 'BottomLeft': 0.5979293994002424, 'BottomRight': 0.6464101615137755}","{'TopLeft': 0.016440951024970202, 'TopRight': 0.010936601811691784, 'BottomLeft': 0.011114894791695907, 'BottomRight': 0.01299038105676658}",curtain_up,1,0.006913397047254774,-0.1531153917312622,1,3.0664520263671875,1,0.039635446336534284,-0.11517417430877686,1,3.2317962646484375
1511.851,110,7,4,1,"{'TopLeft': 0.7272114317029974, 'TopRight': 0.5600159273722156, 'BottomLeft': 0.5979293994002424, 'BottomRight': 0.6464101615137755}","{'TopLeft': 0.016440951024970202, 'TopRight': 0.010936601811691784, 'BottomLeft': 0.011114894791695907, 'BottomRight': 0.01299038105676658}",curtain_up,1,0.00042258368598090275,-0.15472012758255005,1,3.0596771240234375,1,0.03767861260308159,-0.1173660159111023,1,3.2493438720703125
1528.518,110,7,4,1,"{'TopLeft': 0.7272114317029974, 'TopRight': 0.5600159273722156, 'BottomLeft': 0.5979293994002424, 'BottomRight': 0.6464101615137755}","{'TopLeft': 0.016440951024970202, 'TopRight': 0.010936601811691784, 'BottomLeft': 0.011114894791695907, 'BottomRight': 0.01299038105676658}",curtain_up,1,0.009513960944281684,-0.15710604190826416,1,3.0689849853515625,1,0.0419523451063368,-0.1158255934715271,1,3.2496185302734375
1545.184,110,7,4,1,"{'TopLeft': 0.7272114317029974, 'TopRight': 0.5600159273722156, 'BottomLeft': 0.5979293994002424, 'BottomRight': 0.6464101615137755}","{'TopLeft': 0.016440951024970202, 'TopRight': 0.010936601811691784, 'BottomLeft': 0.011114894791695907, 'BottomRight': 0.01299038105676658}",curtain_up,1,0.012393951416015625,-0.15412777662277222,1,3.05987548828125,1,0.03548028733995225,-0.1172630786895752,1,3.250030517578125
1561.849,110,7,4,1,"{'TopLeft': 0.7272114317029974, 'TopRight': 0.5600159273722156, 'BottomLeft': 0.5979293994002424, 'BottomRight': 0.6464101615137755}","{'TopLeft': 0.016440951024970202, 'TopRight': 0.010936601811691784, 'BottomLeft': 0.011114894791695907, 'BottomRight': 0.01299038105676658}",curtain_up,1,0.014056311713324651,-0.15542852878570557,1,3.0577545166015625,1,0.03926383124457465,-0.11440980434417725,1,3.2528076171875
1578.516,110,7,4,1,"{'TopLeft': 0.7272114317029974, 'TopRight': 0.5600159273722156, 'BottomLeft': 0.5979293994002424, 'BottomRight': 0.6464101615137755}","{'TopLeft': 0.016440951024970202, 'TopRight': 0.010936601811691784, 'BottomLeft': 0.011114894791695907, 'BottomRight': 0.01299038105676658}",curtain_up,1,0.014941639370388454,-0.1472254991531372,1,3.0662078857421875,1,0.037978808085123696,-0.1163056492805481,1,3.2625885009765625
1595.183,110,7,4,1,"{'TopLeft': 0.7272114317029974, 'TopRight': 0.5600159273722156, 'BottomLeft': 0.5979293994002424, 'BottomRight': 0.6464101615137755}","{'TopLeft': 0.016440951024970202, 'TopRight': 0.010936601811691784, 'BottomLeft': 0.011114894791695907, 'BottomRight': 0.01299038105676658}",curtain_up,1,0.016346401638454862,-0.14041852951049805,1,3.0705718994140625,1,0.036229345533582896,-0.1094672679901123,1,3.2596282958984375
1611.849,110,7,4,1,"{'TopLeft': 0.7272114317029974, 'TopRight': 0.5600159273722156, 'BottomLeft': 0.5979293994002424, 'BottomRight': 0.6464101615137755}","{'TopLeft': 0.016440951024970202, 'TopRight': 0.010936601811691784, 'BottomLeft': 0.011114894791695907, 'BottomRight': 0.01299038105676658}",blank_screen,1,0.018360243903266057,-0.14002841711044312,1,3.083740234375,1,0.03688314225938585,-0.1141926646232605,1,3.2665252685546875
1628.515,110,7,4,1,"{'TopLeft': 0.7272114317029974, 'TopRight': 0.5600159273722156, 'BottomLeft': 0.5979293994002424, 'BottomRight': 0.6464101615137755}","{'TopLeft': 0.016440951024970202, 'TopRight': 0.010936601811691784, 'BottomLeft': 0.011114894791695907, 'BottomRight': 0.01299038105676658}",blank_screen,1,0.01751973893907335,-0.13270384073257446,1,3.0910797119140625,1,0.03521304660373264,-0.11382913589477539,1,3.2833709716796875
1645.182,110,7,4,1,"{'TopLeft': 0.7272114317029974, 'TopRight': 0.5600159273722156, 'BottomLeft': 0.5979293994002424, 'BottomRight': 0.6464101615137755}","{'TopLeft': 0.016440951024970202, 'TopRight': 0.010936601811691784, 'BottomLeft': 0.011114894791695907, 'BottomRight': 0.01299038105676658}",blank_screen,1,0.015881008572048612,-0.13491582870483398,1,3.10955810546875,1,0.03648132748074002,-0.11055970191955566,1,3.2965850830078125
1661.848,110,7,4,1,"{'TopLeft': 0.7272114317029974, 'TopRight': 0.5600159273722156, 'BottomLeft': 0.5979293994002424, 'BottomRight': 0.6464101615137755}","{'TopLeft': 0.016440951024970202, 'TopRight': 0.010936601811691784, 'BottomLeft': 0.011114894791695907, 'BottomRight': 0.01299038105676658}",blank_screen,1,0.015171580844455294,-0.12947577238082886,1,3.11297607421875,1,0.03679063585069444,-0.11086446046829224,1,3.2953338623046875
1678.515,110,7,4,1,"{'TopLeft': 0.7272114317029974, 'TopRight': 0.5600159273722156, 'BottomLeft': 0.5979293994002424, 'BottomRight': 0.6464101615137755}","{'TopLeft': 0.016440951024970202, 'TopRight': 0.010936601811691784, 'BottomLeft': 0.011114894791695907, 'BottomRight': 0.01299038105676658}",blank_screen,1,0.09105110168457031,-0.1602765917778015,1,3.117950439453125,1,0.12105623881022134,-0.14814543724060059,1,3.3026885986328125
1695.181,110,7,4,1,"{'TopLeft': 0.7272114317029974, 'TopRight': 0.5600159273722156, 'BottomLeft': 0.5979293994002424, 'BottomRight': 0.6464101615137755}","{'TopLeft': 0.016440951024970202, 'TopRight': 0.010936601811691784, 'BottomLeft': 0.011114894791695907, 'BottomRight': 0.01299038105676658}",blank_screen,1,0.16051461961534289,-0.20162391662597656,1,3.1506195068359375,1,0.19907665252685547,-0.18036216497421265,1,3.302215576171875
1711.847,110,7,4,1,"{'TopLeft': 0.7272114317029974, 'TopRight': 0.5600159273722156, 'BottomLeft': 0.5979293994002424, 'BottomRight': 0.6464101615137755}","{'TopLeft': 0.016440951024970202, 'TopRight': 0.010936601811691784, 'BottomLeft': 0.011114894791695907, 'BottomRight': 0.01299038105676658}",blank_screen,1,0.17923302120632595,-0.1909703016281128,1,3.168487548828125,1,0.1933778127034505,-0.17918914556503296,1,3.320587158203125
1728.514,110,7,4,1,"{'TopLeft': 0.7272114317029974, 'TopRight': 0.5600159273722156, 'BottomLeft': 0.5979293994002424, 'BottomRight': 0.6464101615137755}","{'TopLeft': 0.016440951024970202, 'TopRight': 0.010936601811691784, 'BottomLeft': 0.011114894791695907, 'BottomRight': 0.01299038105676658}",blank_screen,1,0.19222672780354816,-0.20164990425109863,1,3.175628662109375,1,0.20716593000623915,-0.1870042085647583,1,3.328643798828125
1745.181,110,7,4,1,"{'TopLeft': 0.7272114317029974, 'TopRight': 0.5600159273722156, 'BottomLeft': 0.5979293994002424, 'BottomRight': 0.6464101615137755}","{'TopLeft': 0.016440951024970202, 'TopRight': 0.010936601811691784, 'BottomLeft': 0.011114894791695907, 'BottomRight': 0.01299038105676658}",blank_screen,1,0.17859098646375868,-0.1933104395866394,1,3.1997222900390625,1,0.1999000973171658,-0.18016129732131958,1,3.3408050537109375
1761.847,110,7,4,1,"{'TopLeft': 0.7272114317029974, 'TopRight': 0.5600159273722156, 'BottomLeft': 0.5979293994002424, 'BottomRight': 0.6464101615137755}","{'TopLeft': 0.016440951024970202, 'TopRight': 0.010936601811691784, 'BottomLeft': 0.011114894791695907, 'BottomRight': 0.01299038105676658}",blank_screen,1,0.18242412143283418,-0.19177168607711792,1,3.2150421142578125,1,0.2117511961195204,-0.18382906913757324,1,3.3500823974609375
1778.513,110,7,4,1,"{'TopLeft': 0.7272114317029974, 'TopRight': 0.5600159273722156, 'BottomLeft': 0.5979293994002424, 'BottomRight': 0.6464101615137755}","{'TopLeft': 0.016440951024970202, 'TopRight': 0.010936601811691784, 'BottomLeft': 0.011114894791695907, 'BottomRight': 0.01299038105676658}",blank_screen,1,0.1864636739095052,-0.19009506702423096,1,3.2287445068359375,1,0.20586575402153862,-0.17633020877838135,1,3.3629302978515625
1795.18,110,7,4,1,"{'TopLeft': 0.7272114317029974, 'TopRight': 0.5600159273722156, 'BottomLeft': 0.5979293994002424, 'BottomRight': 0.6464101615137755}","{'TopLeft': 0.016440951024970202, 'TopRight': 0.010936601811691784, 'BottomLeft': 0.011114894791695907, 'BottomRight': 0.01299038105676658}",blank_screen,1,0.19137011633978948,-0.19377899169921875,1,3.2459259033203125,1,0.20424874623616535,-0.17114686965942383,1,3.3779296875
1811.847,110,7,4,1,"{'TopLeft': 0.7272114317029974, 'TopRight': 0.5600159273722156, 'BottomLeft': 0.5979293994002424, 'BottomRight': 0.6464101615137755}","{'TopLeft': 0.016440951024970202, 'TopRight': 0.010936601811691784, 'BottomLeft': 0.011114894791695907, 'BottomRight': 0.01299038105676658}",blank_screen,1,0.1920795440673828,-0.19313007593154907,1,3.26092529296875,1,0.20523187849256727,-0.1711525321006775,1,3.395233154296875
1828.514,110,7,4,1,"{'TopLeft': 0.7272114317029974, 'TopRight': 0.5600159273722156, 'BottomLeft': 0.5979293994002424, 'BottomRight': 0.6464101615137755}","{'TopLeft': 0.016440951024970202, 'TopRight': 0.010936601811691784, 'BottomLeft': 0.011114894791695907, 'BottomRight': 0.01299038105676658}",blank_screen,1,0.19376415676540798,-0.19593292474746704,1,3.283721923828125,1,0.20304361979166666,-0.17271572351455688,1,3.4027862548828125
1845.181,110,7,4,1,"{'TopLeft': 0.7272114317029974, 'TopRight': 0.5600159273722156, 'BottomLeft': 0.5979293994002424, 'BottomRight': 0.6464101615137755}","{'TopLeft': 0.016440951024970202, 'TopRight': 0.010936601811691784, 'BottomLeft': 0.011114894791695907, 'BottomRight': 0.01299038105676658}",blank_screen,1,0.1838385264078776,-0.20146608352661133,1,3.306640625,1,0.20229180653889972,-0.17507416009902954,1,3.434661865234375
1861.847,110,7,4,1,"{'TopLeft': 0.7272114317029974, 'TopRight': 0.5600159273722156, 'BottomLeft': 0.5979293994002424, 'BottomRight': 0.6464101615137755}","{'TopLeft': 0.016440951024970202, 'TopRight': 0.010936601811691784, 'BottomLeft': 0.011114894791695907, 'BottomRight': 0.01299038105676658}",blank_screen,1,0.18300724029541016,-0.19704961776733398,1,3.318511962890625,1,0.19577577379014754,-0.1714351773262024,1,3.44525146484375
1878.514,110,7,4,1,"{'TopLeft': 0.7272114317029974, 'TopRight': 0.5600159273722156, 'BottomLeft': 0.5979293994002424, 'BottomRight': 0.6464101615137755}","{'TopLeft': 0.016440951024970202, 'TopRight': 0.010936601811691784, 'BottomLeft': 0.011114894791695907, 'BottomRight': 0.01299038105676658}",blank_screen,1,0.18063714769151476,-0.20113122463226318,1,3.3457183837890625,1,0.20142809549967447,-0.1701762080192566,1,3.459564208984375
1895.182,110,7,4,1,"{'TopLeft': 0.7272114317029974, 'TopRight': 0.5600159273722156, 'BottomLeft': 0.5979293994002424, 'BottomRight': 0.6464101615137755}","{'TopLeft': 0.016440951024970202, 'TopRight': 0.010936601811691784, 'BottomLeft': 0.011114894791695907, 'BottomRight': 0.01299038105676658}",blank_screen,1,0.17935985989040798,-0.19696128368377686,1,3.366729736328125,1,0.20160420735677081,-0.16932135820388794,1,3.4743804931640625
1911.847,110,7,4,1,"{'TopLeft': 0.7272114317029974, 'TopRight': 0.5600159273722156, 'BottomLeft': 0.5979293994002424, 'BottomRight': 0.6464101615137755}","{'TopLeft': 0.016440951024970202, 'TopRight': 0.010936601811691784, 'BottomLeft': 0.011114894791695907, 'BottomRight': 0.01299038105676658}",blank_screen,1,0.17763551076253253,-0.19759440422058105,1,3.385498046875,1,0.20322227478027344,-0.16765671968460083,1,3.4962158203125
1928.515,110,7,4,1,"{'TopLeft': 0.7272114317029974, 'TopRight': 0.5600159273722156, 'BottomLeft': 0.5979293994002424, 'BottomRight': 0.6464101615137755}","{'TopLeft': 0.016440951024970202, 'TopRight': 0.010936601811691784, 'BottomLeft': 0.011114894791695907, 'BottomRight': 0.01299038105676658}",blank_screen,1,0.18323707580566406,-0.20003342628479004,1,3.4114532470703125,1,0.19697337680392793,-0.16519564390182495,1,3.5032501220703125
1945.182,110,7,4,1,"{'TopLeft': 0.7272114317029974, 'TopRight': 0.5600159273722156, 'BottomLeft': 0.5979293994002424, 'BottomRight': 0.6464101615137755}","{'TopLeft': 0.016440951024970202, 'TopRight': 0.010936601811691784, 'BottomLeft': 0.011114894791695907, 'BottomRight': 0.01299038105676658}",blank_screen,1,0.17697525024414062,-0.19675356149673462,1,3.427886962890625,1,0.19876925150553384,-0.16888940334320068,1,3.536407470703125
1961.849,110,7,4,1,"{'TopLeft': 0.7272114317029974, 'TopRight': 0.5600159273722156, 'BottomLeft': 0.5979293994002424, 'BottomRight': 0.6464101615137755}","{'TopLeft': 0.016440951024970202, 'TopRight': 0.010936601811691784, 'BottomLeft': 0.011114894791695907, 'BottomRight': 0.01299038105676658}",blank_screen,1,0.17869249979654947,-0.20641028881072998,1,3.44610595703125,1,0.19890361362033418,-0.16954749822616577,1,3.542999267578125
1978.515,110,7,4,1,"{'TopLeft': 0.7272114317029974, 'TopRight': 0.5600159273722156, 'BottomLeft': 0.5979293994002424, 'BottomRight': 0.6464101615137755}","{'TopLeft': 0.016440951024970202, 'TopRight': 0.010936601811691784, 'BottomLeft': 0.011114894791695907, 'BottomRight': 0.01299038105676658}",blank_screen,1,0.18074247572157118,-0.19953060150146484,1,3.4676513671875,1,0.20078796810574,-0.17080795764923096,1,3.5570068359375
1995.182,110,7,4,1,"{'TopLeft': 0.7272114317029974, 'TopRight': 0.5600159273722156, 'BottomLeft': 0.5979293994002424, 'BottomRight': 0.6464101615137755}","{'TopLeft': 0.016440951024970202, 'TopRight': 0.010936601811691784, 'BottomLeft': 0.011114894791695907, 'BottomRight': 0.01299038105676658}",blank_screen,1,0.17343584696451822,-0.19856274127960205,1,3.4899139404296875,1,0.19681305355495876,-0.16947197914123535,1,3.5833587646484375
2011.849,110,7,4,1,"{'TopLeft': 0.7272114317029974, 'TopRight': 0.5600159273722156, 'BottomLeft': 0.5979293994002424, 'BottomRight': 0.6464101615137755}","{'TopLeft': 0.016440951024970202, 'TopRight': 0.010936601811691784, 'BottomLeft': 0.011114894791695907, 'BottomRight': 0.01299038105676658}",blank_screen,1,0.18331262800428602,-0.20029956102371216,1,3.5072479248046875,1,0.1965786616007487,-0.17279338836669922,1,3.5941314697265625
2028.516,110,7,4,1,"{'TopLeft': 0.7272114317029974, 'TopRight': 0.5600159273722156, 'BottomLeft': 0.5979293994002424, 'BottomRight': 0.6464101615137755}","{'TopLeft': 0.016440951024970202, 'TopRight': 0.010936601811691784, 'BottomLeft': 0.011114894791695907, 'BottomRight': 0.01299038105676658}",blank_screen,1,0.1775525410970052,-0.2031887173652649,1,3.524993896484375,1,0.19955878787570527,-0.16711008548736572,1,3.613128662109375
2045.183,110,7,4,1,"{'TopLeft': 0.7272114317029974, 'TopRight': 0.5600159273722156, 'BottomLeft': 0.5979293994002424, 'BottomRight': 0.6464101615137755}","{'TopLeft': 0.016440951024970202, 'TopRight': 0.010936601811691784, 'BottomLeft': 0.011114894791695907, 'BottomRight': 0.01299038105676658}",blank_screen,1,0.17766751183403862,-0.19766539335250854,1,3.5451507568359375,1,0.2002751032511393,-0.1718462109565735,1,3.6278533935546875
2061.849,110,7,4,1,"{'TopLeft': 0.7272114317029974, 'TopRight': 0.5600159273722156, 'BottomLeft': 0.5979293994002424, 'BottomRight': 0.6464101615137755}","{'TopLeft': 0.016440951024970202, 'TopRight': 0.010936601811691784, 'BottomLeft': 0.011114894791695907, 'BottomRight': 0.01299038105676658}",blank_screen,1,0.1788065168592665,-0.19813001155853271,1,3.5605316162109375,1,0.1997627682156033,-0.17645162343978882,1,3.6524810791015625
2078.517,110,7,4,1,"{'TopLeft': 0.7272114317029974, 'TopRight': 0.5600159273722156, 'BottomLeft': 0.5979293994002424, 'BottomRight': 0.6464101615137755}","{'TopLeft': 0.016440951024970202, 'TopRight': 0.010936601811691784, 'BottomLeft': 0.011114894791695907, 'BottomRight': 0.01299038105676658}",blank_screen,1,0.18236308627658418,-0.2021791934967041,1,3.580047607421875,1,0.19713846842447916,-0.1797892451286316,1,3.6693115234375
2095.184,110,7,4,1,"{'TopLeft': 0.7272114317029974, 'TopRight': 0.5600159273722156, 'BottomLeft': 0.5979293994002424, 'BottomRight': 0.6464101615137755}","{'TopLeft': 0.016440951024970202, 'TopRight': 0.010936601811691784, 'BottomLeft': 0.011114894791695907, 'BottomRight': 0.01299038105676658}",blank_screen,1,0.17982949150933158,-0.2052450180053711,1,3.5970916748046875,1,0.1930564244588216,-0.17750823497772217,1,3.6812896728515625
2111.85,110,7,4,1,"{'TopLeft': 0.7272114317029974, 'TopRight': 0.5600159273722156, 'BottomLeft': 0.5979293994002424, 'BottomRight': 0.6464101615137755}","{'TopLeft': 0.016440951024970202, 'TopRight': 0.010936601811691784, 'BottomLeft': 0.011114894791695907, 'BottomRight': 0.01299038105676658}",blank_screen,1,0.15620782640245226,-0.2665330171585083,1,3.6045074462890625,1,0.18012735578748915,-0.22114872932434082,1,3.6823577880859375
2128.518,110,7,4,1,"{'TopLeft': 0.7272114317029974, 'TopRight': 0.5600159273722156, 'BottomLeft': 0.5979293994002424, 'BottomRight': 0.6464101615137755}","{'TopLeft': 0.016440951024970202, 'TopRight': 0.010936601811691784, 'BottomLeft': 0.011114894791695907, 'BottomRight': 0.01299038105676658}",central_attention_getter,1,0.06359004974365234,-0.49033504724502563,1,3.62530517578125,1,0.0752410888671875,-0.4574611783027649,1,3.71356201171875
2145.184,110,7,4,1,"{'TopLeft': 0.7272114317029974, 'TopRight': 0.5600159273722156, 'BottomLeft': 0.5979293994002424, 'BottomRight': 0.6464101615137755}","{'TopLeft': 0.016440951024970202, 'TopRight': 0.010936601811691784, 'BottomLeft': 0.011114894791695907, 'BottomRight': 0.01299038105676658}",central_attention_getter,1,0.10069486829969618,-0.42273253202438354,1,3.6439971923828125,1,0.10696093241373697,-0.3815411329269409,1,3.738677978515625
2161.851,110,7,4,1,"{'TopLeft': 0.7272114317029974, 'TopRight': 0.5600159273722156, 'BottomLeft': 0.5979293994002424, 'BottomRight': 0.6464101615137755}","{'TopLeft': 0.016440951024970202, 'TopRight': 0.010936601811691784, 'BottomLeft': 0.011114894791695907, 'BottomRight': 0.01299038105676658}",central_attention_getter,1,0.07245042588975693,-0.50664222240448,1,3.651123046875,1,0.07441329956054688,-0.4569498896598816,1,3.74066162109375
2178.518,110,7,4,1,"{'TopLeft': 0.7272114317029974, 'TopRight': 0.5600159273722156, 'BottomLeft': 0.5979293994002424, 'BottomRight': 0.6464101615137755}","{'TopLeft': 0.016440951024970202, 'TopRight': 0.010936601811691784, 'BottomLeft': 0.011114894791695907, 'BottomRight': 0.01299038105676658}",central_attention_getter,1,0.07399166954888238,-0.46241438388824463,1,3.6531982421875,1,0.0896419949001736,-0.41718345880508423,1,3.7436981201171875
2195.185,110,7,4,1,"{'TopLeft': 0.7272114317029974, 'TopRight': 0.5600159273722156, 'BottomLeft': 0.5979293994002424, 'BottomRight': 0.6464101615137755}","{'TopLeft': 0.016440951024970202, 'TopRight': 0.010936601811691784, 'BottomLeft': 0.011114894791695907, 'BottomRight': 0.01299038105676658}",central_attention_getter,1,0.06857109069824219,-0.4633023738861084,1,3.6595916748046875,1,0.08333894941541883,-0.4268409013748169,1,3.754852294921875
2211.851,110,7,4,1,"{'TopLeft': 0.7272114317029974, 'TopRight': 0.5600159273722156, 'BottomLeft': 0.5979293994002424, 'BottomRight': 0.6464101615137755}","{'TopLeft': 0.016440951024970202, 'TopRight': 0.010936601811691784, 'BottomLeft': 0.011114894791695907, 'BottomRight': 0.01299038105676658}",central_attention_getter,1,0.07028547922770181,-0.46017998456954956,1,3.6683502197265625,1,0.08050780826144747,-0.4274234175682068,1,3.76177978515625
2228.518,110,7,4,1,"{'TopLeft': 0.7272114317029974, 'TopRight': 0.5600159273722156, 'BottomLeft': 0.5979293994002424, 'BottomRight': 0.6464101615137755}","{'TopLeft': 0.016440951024970202, 'TopRight': 0.010936601811691784, 'BottomLeft': 0.011114894791695907, 'BottomRight': 0.01299038105676658}",central_attention_getter,1,0.07501051161024305,-0.444496750831604,1,3.684967041015625,1,0.0801404317220052,-0.42494428157806396,1,3.7735443115234375
2245.184,110,7,4,1,"{'TopLeft': 0.7272114317029974, 'TopRight': 0.5600159273722156, 'BottomLeft': 0.5979293994002424, 'BottomRight': 0.6464101615137755}","{'TopLeft': 0.016440951024970202, 'TopRight': 0.010936601811691784, 'BottomLeft': 0.011114894791695907, 'BottomRight': 0.01299038105676658}",central_attention_getter,1,0.07802359263102213,-0.44889312982559204,1,3.693450927734375,1,0.08351220024956597,-0.43200814723968506,1,3.78460693359375
2261.85,110,7,4,1,"{'TopLeft': 0.7272114317029974, 'TopRight': 0.5600159273722156, 'BottomLeft': 0.5979293994002424, 'BottomRight': 0.6464101615137755}","{'TopLeft': 0.016440951024970202, 'TopRight': 0.010936601811691784, 'BottomLeft': 0.011114894791695907, 'BottomRight': 0.01299038105676658}",central_attention_getter,1,0.08393499586317274,-0.46226340532302856,1,3.7062835693359375,1,0.08290439181857638,-0.4249800443649292,1,3.79425048828125
2278.517,110,7,4,1,"{'TopLeft': 0.7272114317029974, 'TopRight': 0.5600159273722156, 'BottomLeft': 0.5979293994002424, 'BottomRight': 0.6464101615137755}","{'TopLeft': 0.016440951024970202, 'TopRight': 0.010936601811691784, 'BottomLeft': 0.011114894791695907, 'BottomRight': 0.01299038105676658}",central_attention_getter,1,0.0810248057047526,-0.45819908380508423,1,3.7150726318359375,1,0.08594237433539496,-0.425942063331604,1,3.8007049560546875
2295.184,110,7,4,1,"{'TopLeft': 0.7272114317029974, 'TopRight': 0.5600159273722156, 'BottomLeft': 0.5979293994002424, 'BottomRight': 0.6464101615137755}","{'TopLeft': 0.016440951024970202, 'TopRight': 0.010936601811691784, 'BottomLeft': 0.011114894791695907, 'BottomRight': 0.01299038105676658}",central_attention_getter,1,0.07325712839762369,-0.45985615253448486,1,3.718658447265625,1,0.08059459262424044,-0.42865318059921265,1,3.8125
2311.85,110,7,4,1,"{'TopLeft': 0.7272114317029974, 'TopRight': 0.5600159273722156, 'BottomLeft': 0.5979293994002424, 'BottomRight': 0.6464101615137755}","{'TopLeft': 0.016440951024970202, 'TopRight': 0.010936601811691784, 'BottomLeft': 0.011114894791695907, 'BottomRight': 0.01299038105676658}",central_attention_getter,1,0.07400819990370008,-0.4657338857650757,1,3.7339630126953125,1,0.08246676127115884,-0.4300813674926758,1,3.819091796875
2328.516,110,7,4,1,"{'TopLeft': 0.7272114317029974, 'TopRight': 0.5600159273722156, 'BottomLeft': 0.5979293994002424, 'BottomRight': 0.6464101615137755}","{'TopLeft': 0.016440951024970202, 'TopRight': 0.010936601811691784, 'BottomLeft': 0.011114894791695907, 'BottomRight': 0.01299038105676658}",central_attention_getter,1,0.07689836290147568,-0.4580240249633789,1,3.7391204833984375,1,0.08346165551079644,-0.43046700954437256,1,3.833709716796875
2345.183,110,7,4,1,"{'TopLeft': 0.7272114317029974, 'TopRight': 0.5600159273722156, 'BottomLeft': 0.5979293994002424, 'BottomRight': 0.6464101615137755}","{'TopLeft': 0.016440951024970202, 'TopRight': 0.010936601811691784, 'BottomLeft': 0.011114894791695907, 'BottomRight': 0.01299038105676658}",central_attention_getter,1,0.08049360911051431,-0.46566253900527954,1,3.752044677734375,1,0.08083131578233506,-0.4290904998779297,1,3.84173583984375
2361.849,110,7,4,1,"{'TopLeft': 0.7272114317029974, 'TopRight': 0.5600159273722156, 'BottomLeft': 0.5979293994002424, 'BottomRight': 0.6464101615137755}","{'TopLeft': 0.016440951024970202, 'TopRight': 0.010936601811691784, 'BottomLeft': 0.011114894791695907, 'BottomRight': 0.01299038105676658}",central_attention_getter,1,0.08784940507676865,-0.46166884899139404,1,3.758758544921875,1,0.07844691806369357,-0.43239521980285645,1,3.84747314453125
2378.516,110,7,4,1,"{'TopLeft': 0.7272114317029974, 'TopRight': 0.5600159273722156, 'BottomLeft': 0.5979293994002424, 'BottomRight': 0.6464101615137755}","{'TopLeft': 0.016440951024970202, 'TopRight': 0.010936601811691784, 'BottomLeft': 0.011114894791695907, 'BottomRight': 0.01299038105676658}",central_attention_getter,1,0.0862741470336914,-0.46183985471725464,1,3.7656402587890625,1,0.07973522610134548,-0.4286655783653259,1,3.855743408203125
2395.183,110,7,4,1,"{'TopLeft': 0.7272114317029974, 'TopRight': 0.5600159273722156, 'BottomLeft': 0.5979293994002424, 'BottomRight': 0.6464101615137755}","{'TopLeft': 0.016440951024970202, 'TopRight': 0.010936601811691784, 'BottomLeft': 0.011114894791695907, 'BottomRight': 0.01299038105676658}",central_attention_getter,1,0.08123408423529731,-0.46628057956695557,1,3.771331787109375,1,0.07622750600179036,-0.4265950918197632,1,3.864532470703125
2411.849,110,7,4,1,"{'TopLeft': 0.7272114317029974, 'TopRight': 0.5600159273722156, 'BottomLeft': 0.5979293994002424, 'BottomRight': 0.6464101615137755}","{'TopLeft': 0.016440951024970202, 'TopRight': 0.010936601811691784, 'BottomLeft': 0.011114894791695907, 'BottomRight': 0.01299038105676658}",central_attention_getter,1,0.09017213185628255,-0.4593534469604492,1,3.779632568359375,1,0.07309744093153211,-0.4230797290802002,1,3.8701019287109375
2428.515,110,7,4,1,"{'TopLeft': 0.7272114317029974, 'TopRight': 0.5600159273722156, 'BottomLeft': 0.5979293994002424, 'BottomRight': 0.6464101615137755}","{'TopLeft': 0.016440951024970202, 'TopRight': 0.010936601811691784, 'BottomLeft': 0.011114894791695907, 'BottomRight': 0.01299038105676658}",central_attention_getter,1,0.01047070821126302,-0.1638769507408142,1,3.8126068115234375,1,0.06130939059787326,-0.13640904426574707,1,3.8856048583984375
2445.182,110,7,4,1,"{'TopLeft': 0.7272114317029974, 'TopRight': 0.5600159273722156, 'BottomLeft': 0.5979293994002424, 'BottomRight': 0.6464101615137755}","{'TopLeft': 0.016440951024970202, 'TopRight': 0.010936601811691784, 'BottomLeft': 0.011114894791695907, 'BottomRight': 0.01299038105676658}",central_attention_getter,1,0.0017947090996636283,-0.01621687412261963,1,3.789642333984375,1,0.03764353858100043,-0.0052149295806884766,1,3.88287353515625
2461.848,110,7,4,1,"{'TopLeft': 0.7272114317029974, 'TopRight': 0.5600159273722156, 'BottomLeft': 0.5979293994002424, 'BottomRight': 0.6464101615137755}","{'TopLeft': 0.016440951024970202, 'TopRight': 0.010936601811691784, 'BottomLeft': 0.011114894791695907, 'BottomRight': 0.01299038105676658}",central_attention_getter,1,0.014595455593532985,0.04026716947555542,1,3.813751220703125,1,0.008849567837185329,0.06446093320846558,1,3.890472412109375
2478.515,110,7,4,1,"{'TopLeft': 0.7272114317029974, 'TopRight': 0.5600159273722156, 'BottomLeft': 0.5979293994002424, 'BottomRight': 0.6464101615137755}","{'TopLeft': 0.016440951024970202, 'TopRight': 0.010936601811691784, 'BottomLeft': 0.011114894791695907, 'BottomRight': 0.01299038105676658}",central_attention_getter,1,0.00457212660047743,0.05673635005950928,1,3.8087310791015625,1,0.01044856177435981,0.07756191492080688,1,3.894287109375
2495.182,110,7,4,1,"{'TopLeft': 0.7272114317029974, 'TopRight': 0.5600159273722156, 'BottomLeft': 0.5979293994002424, 'BottomRight': 0.6464101615137755}","{'TopLeft': 0.016440951024970202, 'TopRight': 0.010936601811691784, 'BottomLeft': 0.011114894791695907, 'BottomRight': 0.01299038105676658}",central_attention_getter,1,0.007723914252387152,0.052153170108795166,1,3.806060791015625,1,0.01223807864718967,0.07157084345817566,1,3.8891754150390625
2511.847,110,7,4,1,"{'TopLeft': 0.7272114317029974, 'TopRight': 0.5600159273722156, 'BottomLeft': 0.5979293994002424, 'BottomRight': 0.6464101615137755}","{'TopLeft': 0.016440951024970202, 'TopRight': 0.010936601811691784, 'BottomLeft': 0.011114894791695907, 'BottomRight': 0.01299038105676658}",central_attention_getter,1,0.014454841613769531,0.05265963077545166,1,3.8189544677734375,1,0.010235998365614148,0.07743257284164429,1,3.8864593505859375
2528.514,110,7,4,1,"{'TopLeft': 0.7272114317029974, 'TopRight': 0.5600159273722156, 'BottomLeft': 0.5979293994002424, 'BottomRight': 0.6464101615137755}","{'TopLeft': 0.016440951024970202, 'TopRight': 0.010936601811691784, 'BottomLeft': 0.011114894791695907, 'BottomRight': 0.01299038105676658}",central_attention_getter,1,0.005026181538899739,0.051191627979278564,1,3.816070556640625,1,0.005666626824273003,0.06785938143730164,1,3.886138916015625
2545.181,110,7,4,1,"{'TopLeft': 0.7272114317029974, 'TopRight': 0.5600159273722156, 'BottomLeft': 0.5979293994002424, 'BottomRight': 0.6464101615137755}","{'TopLeft': 0.016440951024970202, 'TopRight': 0.010936601811691784, 'BottomLeft': 0.011114894791695907, 'BottomRight': 0.01299038105676658}",central_attention_getter,1,0.008861859639485676,0.04844591021537781,1,3.8201751708984375,1,0.005078951517740885,0.07024884223937988,1,3.8862457275390625
2561.847,110,7,4,1,"{'TopLeft': 0.7272114317029974, 'TopRight': 0.5600159273722156, 'BottomLeft': 0.5979293994002424, 'BottomRight': 0.6464101615137755}","{'TopLeft': 0.016440951024970202, 'TopRight': 0.010936601811691784, 'BottomLeft': 0.011114894791695907, 'BottomRight': 0.01299038105676658}",central_attention_getter,1,0.007711198594835069,0.051559269428253174,1,3.8068389892578125,1,0.006912443372938368,0.07061547040939331,1,3.870758056640625
2578.514,110,7,4,1,"{'TopLeft': 0.7272114317029974, 'TopRight': 0.5600159273722156, 'BottomLeft': 0.5979293994002424, 'BottomRight': 0.6464101615137755}","{'TopLeft': 0.016440951024970202, 'TopRight': 0.010936601811691784, 'BottomLeft': 0.011114894791695907, 'BottomRight': 0.01299038105676658}",central_attention_getter,1,0.020115428500705294,0.04156273603439331,1,3.82464599609375,1,0.0068767335679796,0.06436094641685486,1,3.8868865966796875
2595.181,110,7,4,1,"{'TopLeft': 0.7272114317029974, 'TopRight': 0.5600159273722156, 'BottomLeft': 0.5979293994002424, 'BottomRight': 0.6464101615137755}","{'TopLeft': 0.016440951024970202, 'TopRight': 0.010936601811691784, 'BottomLeft': 0.011114894791695907, 'BottomRight': 0.01299038105676658}",central_attention_getter,1,0.010176976521809895,0.04192459583282471,1,3.799652099609375,1,0.009261978997124566,0.06970536708831787,1,3.8648834228515625
2611.846,110,7,4,1,"{'TopLeft': 0.7272114317029974, 'TopRight': 0.5600159273722156, 'BottomLeft': 0.5979293994002424, 'BottomRight': 0.6464101615137755}","{'TopLeft': 0.016440951024970202, 'TopRight': 0.010936601811691784, 'BottomLeft': 0.011114894791695907, 'BottomRight': 0.01299038105676658}",central_attention_getter,1,0.009199566311306423,0.04352143406867981,1,3.7993621826171875,1,0.0063046349419487845,0.06408923864364624,1,3.8658905029296875
2628.514,110,7,4,1,"{'TopLeft': 0.7272114317029974, 'TopRight': 0.5600159273722156, 'BottomLeft': 0.5979293994002424, 'BottomRight': 0.6464101615137755}","{'TopLeft': 0.016440951024970202, 'TopRight': 0.010936601811691784, 'BottomLeft': 0.011114894791695907, 'BottomRight': 0.01299038105676658}",central_attention_getter,1,0.008623123168945312,0.04262357950210571,1,3.7836456298828125,1,0.01099607679578993,0.06465798616409302,1,3.85284423828125
2645.181,110,7,4,1,"{'TopLeft': 0.7272114317029974, 'TopRight': 0.5600159273722156, 'BottomLeft': 0.5979293994002424, 'BottomRight': 0.6464101615137755}","{'TopLeft': 0.016440951024970202, 'TopRight': 0.010936601811691784, 'BottomLeft': 0.011114894791695907, 'BottomRight': 0.01299038105676658}",central_attention_getter,1,0.012545267740885416,0.03728184103965759,1,3.7894439697265625,1,0.00843365987141927,0.0628320574760437,1,3.8478851318359375
2661.847,110,7,4,1,"{'TopLeft': 0.7272114317029974, 'TopRight': 0.5600159273722156, 'BottomLeft': 0.5979293994002424, 'BottomRight': 0.6464101615137755}","{'TopLeft': 0.016440951024970202, 'TopRight': 0.010936601811691784, 'BottomLeft': 0.011114894791695907, 'BottomRight': 0.01299038105676658}",central_attention_getter,1,0.010522100660536023,0.03904467821121216,1,3.7602691650390625,1,0.00986692640516493,0.0631900429725647,1,3.829803466796875
2678.515,110,7,4,1,"{'TopLeft': 0.7272114317029974, 'TopRight': 0.5600159273722156, 'BottomLeft': 0.5979293994002424, 'BottomRight': 0.6464101615137755}","{'TopLeft': 0.016440951024970202, 'TopRight': 0.010936601811691784, 'BottomLeft': 0.011114894791695907, 'BottomRight': 0.01299038105676658}",central_attention_getter,1,0.02007325490315755,0.03185403347015381,1,3.7609710693359375,1,0.014329062567816839,0.06251853704452515,1,3.8131866455078125
2695.181,110,7,4,1,"{'TopLeft': 0.7272114317029974, 'TopRight': 0.5600159273722156, 'BottomLeft': 0.5979293994002424, 'BottomRight': 0.6464101615137755}","{'TopLeft': 0.016440951024970202, 'TopRight': 0.010936601811691784, 'BottomLeft': 0.011114894791695907, 'BottomRight': 0.01299038105676658}",central_attention_getter,1,0.0036501354641384548,0.036723554134368896,1,3.73638916015625,1,0.013904147677951388,0.06427061557769775,1,3.8031463623046875
2711.848,110,7,4,1,"{'TopLeft': 0.7272114317029974, 'TopRight': 0.5600159273722156, 'BottomLeft': 0.5979293994002424, 'BottomRight': 0.6464101615137755}","{'TopLeft': 0.016440951024970202, 'TopRight': 0.010936601811691784, 'BottomLeft': 0.011114894791695907, 'BottomRight': 0.01299038105676658}",central_attention_getter,1,0.01126416524251302,0.030202358961105347,1,3.7386932373046875,1,0.016073756747775607,0.06263726949691772,1,3.788970947265625
2728.515,110,7,4,1,"{'TopLeft': 0.7272114317029974, 'TopRight': 0.5600159273722156, 'BottomLeft': 0.5979293994002424, 'BottomRight': 0.6464101615137755}","{'TopLeft': 0.016440951024970202, 'TopRight': 0.010936601811691784, 'BottomLeft': 0.011114894791695907, 'BottomRight': 0.01299038105676658}",central_attention_getter,1,0.01297579871283637,0.030104488134384155,1,3.730743408203125,1,0.007228321499294705,0.05803081393241882,1,3.7906951904296875
2745.182,110,7,4,1,"{'TopLeft': 0.7272114317029974, 'TopRight': 0.5600159273722156, 'BottomLeft': 0.5979293994002424, 'BottomRight': 0.6464101615137755}","{'TopLeft': 0.016440951024970202, 'TopRight': 0.010936601811691784, 'BottomLeft': 0.011114894791695907, 'BottomRight': 0.01299038105676658}",central_attention_getter,1,0.008925967746310763,0.0373043417930603,1,3.697113037109375,1,0.01349957784016927,0.05513998866081238,1,3.787078857421875
2761.849,110,7,4,1,"{'TopLeft': 0.7272114317029974, 'TopRight': 0.5600159273722156, 'BottomLeft': 0.5979293994002424, 'BottomRight': 0.6464101615137755}","{'TopLeft': 0.016440951024970202, 'TopRight': 0.010936601811691784, 'BottomLeft': 0.011114894791695907, 'BottomRight': 0.01299038105676658}",central_attention_getter,1,0.007714589436848958,0.0403439998626709,1,3.6935272216796875,1,0.012027316623263888,0.05589413642883301,1,3.772003173828125
2778.515,110,7,4,1,"{'TopLeft': 0.7272114317029974, 'TopRight': 0.5600159273722156, 'BottomLeft': 0.5979293994002424, 'BottomRight': 0.6464101615137755}","{'TopLeft': 0.016440951024970202, 'TopRight': 0.010936601811691784, 'BottomLeft': 0.011114894791695907, 'BottomRight': 0.01299038105676658}",central_attention_getter,1,0.008277257283528645,0.03463199734687805,1,3.686431884765625,1,0.010904947916666666,0.05655187368392944,1,3.7646026611328125
2795.182,110,7,4,1,"{'TopLeft': 0.7272114317029974, 'TopRight': 0.5600159273722156, 'BottomLeft': 0.5979293994002424, 'BottomRight': 0.6464101615137755}","{'TopLeft': 0.016440951024970202, 'TopRight': 0.010936601811691784, 'BottomLeft': 0.011114894791695907, 'BottomRight': 0.01299038105676658}",central_attention_getter,1,0.010042084587944878,0.033970654010772705,1,3.6809844970703125,1,0.006485091315375433,0.053895384073257446,1,3.76324462890625
2811.849,110,7,4,1,"{'TopLeft': 0.7272114317029974, 'TopRight': 0.5600159273722156, 'BottomLeft': 0.5979293994002424, 'BottomRight': 0.6464101615137755}","{'TopLeft': 0.016440951024970202, 'TopRight': 0.010936601811691784, 'BottomLeft': 0.011114894791695907, 'BottomRight': 0.01299038105676658}",central_attention_getter,1,0.007958624098036025,0.03340327739715576,1,3.6723785400390625,1,0.005745357937282986,0.05581739544868469,1,3.758575439453125
2828.516,110,7,4,1,"{'TopLeft': 0.7272114317029974, 'TopRight': 0.5600159273722156, 'BottomLeft': 0.5979293994002424, 'BottomRight': 0.6464101615137755}","{'TopLeft': 0.016440951024970202, 'TopRight': 0.010936601811691784, 'BottomLeft': 0.011114894791695907, 'BottomRight': 0.01299038105676658}",central_attention_getter,1,0.009997261895073785,0.020349740982055664,1,3.6906280517578125,1,0.007739596896701388,0.05937302112579346,1,3.761749267578125
2845.184,110,7,4,1,"{'TopLeft': 0.7272114317029974, 'TopRight': 0.5600159273722156, 'BottomLeft': 0.5979293994002424, 'BottomRight': 0.6464101615137755}","{'TopLeft': 0.016440951024970202, 'TopRight': 0.010936601811691784, 'BottomLeft': 0.011114894791695907, 'BottomRight': 0.01299038105676658}",central_attention_getter,1,0.00587622324625651,0.03048849105834961,1,3.668304443359375,1,0.010928259955512153,0.05997812747955322,1,3.7476654052734375
2861.85,110,7,4,1,"{'TopLeft': 0.7272114317029974, 'TopRight': 0.5600159273722156, 'BottomLeft': 0.5979293994002424, 'BottomRight': 0.6464101615137755}","{'TopLeft': 0.016440951024970202, 'TopRight': 0.010936601811691784, 'BottomLeft': 0.011114894791695907, 'BottomRight': 0.01299038105676658}",central_attention_getter,1,0.00991111331515842,0.027342140674591064,1,3.67352294921875,1,0.008333206176757812,0.053935110569000244,1,3.7628326416015625
2878.517,110,7,4,1,"{'TopLeft': 0.7272114317029974, 'TopRight': 0.5600159273722156, 'BottomLeft': 0.5979293994002424, 'BottomRight': 0.6464101615137755}","{'TopLeft': 0.016440951024970202, 'TopRight': 0.010936601811691784, 'BottomLeft': 0.011114894791695907, 'BottomRight': 0.01299038105676658}",central_attention_getter,1,0.008093516031901041,0.02768254280090332,1,3.673980712890625,1,0.005488925509982639,0.05363813042640686,1,3.7581939697265625
2895.184,110,7,4,1,"{'TopLeft': 0.7272114317029974, 'TopRight': 0.5600159273722156, 'BottomLeft': 0.5979293994002424, 'BottomRight': 0.6464101615137755}","{'TopLeft': 0.016440951024970202, 'TopRight': 0.010936601811691784, 'BottomLeft': 0.011114894791695907, 'BottomRight': 0.01299038105676658}",central_attention_getter,1,0.007449573940700955,0.03033587336540222,1,3.676483154296875,1,0.010009871588812934,0.05133849382400513,1,3.7627716064453125
2911.85,110,7,4,1,"{'TopLeft': 0.7272114317029974, 'TopRight': 0.5600159273722156, 'BottomLeft': 0.5979293994002424, 'BottomRight': 0.6464101615137755}","{'TopLeft': 0.016440951024970202, 'TopRight': 0.010936601811691784, 'BottomLeft': 0.011114894791695907, 'BottomRight': 0.01299038105676658}",central_attention_getter,1,0.004466480678982205,0.0319209098815918,1,3.677490234375,1,0.010919888814290363,0.060360729694366455,1,3.7497711181640625
2928.518,110,7,4,1,"{'TopLeft': 0.7272114317029974, 'TopRight': 0.5600159273722156, 'BottomLeft': 0.5979293994002424, 'BottomRight': 0.6464101615137755}","{'TopLeft': 0.016440951024970202, 'TopRight': 0.010936601811691784, 'BottomLeft': 0.011114894791695907, 'BottomRight': 0.01299038105676658}",central_attention_getter,1,0.007923338148328993,0.025817811489105225,1,3.684112548828125,1,0.0043116675482855905,0.05512690544128418,1,3.7705078125
2945.185,110,7,4,1,"{'TopLeft': 0.7272114317029974, 'TopRight': 0.5600159273722156, 'BottomLeft': 0.5979293994002424, 'BottomRight': 0.6464101615137755}","{'TopLeft': 0.016440951024970202, 'TopRight': 0.010936601811691784, 'BottomLeft': 0.011114894791695907, 'BottomRight': 0.01299038105676658}",central_attention_getter,1,0.012922498914930554,0.023492634296417236,1,3.69085693359375,1,0.011648601955837673,0.06211927533149719,1,3.7630615234375
2961.851,110,7,4,1,"{'TopLeft': 0.7272114317029974, 'TopRight': 0.5600159273722156, 'BottomLeft': 0.5979293994002424, 'BottomRight': 0.6464101615137755}","{'TopLeft': 0.016440951024970202, 'TopRight': 0.010936601811691784, 'BottomLeft': 0.011114894791695907, 'BottomRight': 0.01299038105676658}",central_attention_getter,1,0.011804898579915363,0.024861127138137817,1,3.7047271728515625,1,0.006649335225423177,0.054601192474365234,1,3.78277587890625
2978.518,110,7,4,1,"{'TopLeft': 0.7272114317029974, 'TopRight': 0.5600159273722156, 'BottomLeft': 0.5979293994002424, 'BottomRight': 0.6464101615137755}","{'TopLeft': 0.016440951024970202, 'TopRight': 0.010936601811691784, 'BottomLeft': 0.011114894791695907, 'BottomRight': 0.01299038105676658}",central_attention_getter,1,0.007340961032443576,0.02610817551612854,1,3.706024169921875,1,0.0066394805908203125,0.06351667642593384,1,3.779449462890625
2995.186,110,7,4,1,"{'TopLeft': 0.7272114317029974, 'TopRight': 0.5600159273722156, 'BottomLeft': 0.5979293994002424, 'BottomRight': 0.6464101615137755}","{'TopLeft': 0.016440951024970202, 'TopRight': 0.010936601811691784, 'BottomLeft': 0.011114894791695907, 'BottomRight': 0.01299038105676658}",central_attention_getter,1,0.008172882927788628,0.011026561260223389,1,3.7169036865234375,1,0.003925535413953993,0.05023181438446045,1,3.779144287109375
3011.852,110,7,4,1,"{'TopLeft': 0.7272114317029974, 'TopRight': 0.5600159273722156, 'BottomLeft': 0.5979293994002424, 'BottomRight': 0.6464101615137755}","{'TopLeft': 0.016440951024970202, 'TopRight': 0.010936601811691784, 'BottomLeft': 0.011114894791695907, 'BottomRight': 0.01299038105676658}",central_attention_getter,1,0.0005988015068901909,-0.00216597318649292,1,3.7306976318359375,1,-0.005721939934624566,0.032036006450653076,1,3.7921905517578125
3028.52,110,7,4,1,"{'TopLeft': 0.7272114317029974, 'TopRight': 0.5600159273722156, 'BottomLeft': 0.5979293994002424, 'BottomRight': 0.6464101615137755}","{'TopLeft': 0.016440951024970202, 'TopRight': 0.010936601811691784, 'BottomLeft': 0.011114894791695907, 'BottomRight': 0.01299038105676658}",central_attention_getter,1,-0.00040801366170247394,0.008362114429473877,1,3.7264251708984375,1,-0.001971774631076389,0.04298734664916992,1,3.7881011962890625
3045.187,110,7,4,1,"{'TopLeft': 0.7272114317029974, 'TopRight': 0.5600159273722156, 'BottomLeft': 0.5979293994002424, 'BottomRight': 0.6464101615137755}","{'TopLeft': 0.016440951024970202, 'TopRight': 0.010936601811691784, 'BottomLeft': 0.011114894791695907, 'BottomRight': 0.01299038105676658}",central_attention_getter,1,-0.0004819234212239583,-1.0132789611816406e-05,1,3.742095947265625,1,-0.009332444932725694,0.025568246841430664,1,3.82647705078125
3061.853,110,7,4,1,"{'TopLeft': 0.7272114317029974, 'TopRight': 0.5600159273722156, 'BottomLeft': 0.5979293994002424, 'BottomRight': 0.6464101615137755}","{'TopLeft': 0.016440951024970202, 'TopRight': 0.010936601811691784, 'BottomLeft': 0.011114894791695907, 'BottomRight': 0.01299038105676658}",central_attention_getter,1,0.000675413343641493,0.0006199479103088379,1,3.74749755859375,1,-0.0033023622300889753,0.03650575876235962,1,3.821075439453125
3078.52,110,7,4,1,"{'TopLeft': 0.7272114317029974, 'TopRight': 0.5600159273722156, 'BottomLeft': 0.5979293994002424, 'BottomRight': 0.6464101615137755}","{'TopLeft': 0.016440951024970202, 'TopRight': 0.010936601811691784, 'BottomLeft': 0.011114894791695907, 'BottomRight': 0.01299038105676658}",central_attention_getter,1,0.0019131766425238715,-6.890296936035156e-05,1,3.7520599365234375,1,-0.00921895768907335,0.0293312668800354,1,3.8397216796875
3095.188,110,7,4,1,"{'TopLeft': 0.7272114317029974, 'TopRight': 0.5600159273722156, 'BottomLeft': 0.5979293994002424, 'BottomRight': 0.6464101615137755}","{'TopLeft': 0.016440951024970202, 'TopRight': 0.010936601811691784, 'BottomLeft': 0.011114894791695907, 'BottomRight': 0.01299038105676658}",central_attention_getter,1,0.0009401109483506944,0.004788637161254883,1,3.756683349609375,1,-0.010956605275472004,0.03656584024429321,1,3.8386688232421875
3111.854,110,7,4,1,"{'TopLeft': 0.7272114317029974, 'TopRight': 0.5600159273722156, 'BottomLeft': 0.5979293994002424, 'BottomRight': 0.6464101615137755}","{'TopLeft': 0.016440951024970202, 'TopRight': 0.010936601811691784, 'BottomLeft': 0.011114894791695907, 'BottomRight': 0.01299038105676658}",central_attention_getter,1,0.0013109842936197915,0.006403446197509766,1,3.7661590576171875,1,-0.011315875583224826,0.03284710645675659,1,3.8516998291015625
3128.522,110,7,4,1,"{'TopLeft': 0.7272114317029974, 'TopRight': 0.5600159273722156, 'BottomLeft': 0.5979293994002424, 'BottomRight': 0.6464101615137755}","{'TopLeft': 0.016440951024970202, 'TopRight': 0.010936601811691784, 'BottomLeft': 0.011114894791695907, 'BottomRight': 0.01299038105676658}",central_attention_getter,1,0.0019197463989257812,0.005470544099807739,1,3.7666168212890625,1,-0.009124173058403863,0.03510606288909912,1,3.8411102294921875
3145.189,110,7,4,1,"{'TopLeft': 0.7272114317029974, 'TopRight': 0.5600159273722156, 'BottomLeft': 0.5979293994002424, 'BottomRight': 0.6464101615137755}","{'TopLeft': 0.016440951024970202, 'TopRight': 0.010936601811691784, 'BottomLeft': 0.011114894791695907, 'BottomRight': 0.01299038105676658}",central_attention_getter,1,0.00560050540500217,0.0035669803619384766,1,3.777587890625,1,-0.008546935187445747,0.03408700227737427,1,3.8432159423828125
3161.855,110,7,4,1,"{'TopLeft': 0.7272114317029974, 'TopRight': 0.5600159273722156, 'BottomLeft': 0.5979293994002424, 'BottomRight': 0.6464101615137755}","{'TopLeft': 0.016440951024970202, 'TopRight': 0.010936601811691784, 'BottomLeft': 0.011114894791695907, 'BottomRight': 0.01299038105676658}",central_attention_getter,1,-0.0030663808186848955,0.005083024501800537,1,3.782379150390625,1,-0.013614336649576822,0.037396907806396484,1,3.8466644287109375
3178.523,110,7,4,1,"{'TopLeft': 0.7272114317029974, 'TopRight': 0.5600159273722156, 'BottomLeft': 0.5979293994002424, 'BottomRight': 0.6464101615137755}","{'TopLeft': 0.016440951024970202, 'TopRight': 0.010936601811691784, 'BottomLeft': 0.011114894791695907, 'BottomRight': 0.01299038105676658}",central_attention_getter,1,0.002903514438205295,0.002485215663909912,1,3.7869720458984375,1,-0.011048475901285807,0.03788191080093384,1,3.848419189453125
3195.19,110,7,4,1,"{'TopLeft': 0.7272114317029974, 'TopRight': 0.5600159273722156, 'BottomLeft': 0.5979293994002424, 'BottomRight': 0.6464101615137755}","{'TopLeft': 0.016440951024970202, 'TopRight': 0.010936601811691784, 'BottomLeft': 0.011114894791695907, 'BottomRight': 0.01299038105676658}",central_attention_getter,1,0.0016166898939344618,0.006793618202209473,1,3.782867431640625,1,-0.012615680694580078,0.036055028438568115,1,3.846405029296875
3211.857,110,7,4,1,"{'TopLeft': 0.7272114317029974, 'TopRight': 0.5600159273722156, 'BottomLeft': 0.5979293994002424, 'BottomRight': 0.6464101615137755}","{'TopLeft': 0.016440951024970202, 'TopRight': 0.010936601811691784, 'BottomLeft': 0.011114894791695907, 'BottomRight': 0.01299038105676658}",central_attention_getter,1,0.001228544447157118,0.00509604811668396,1,3.787017822265625,1,-0.010655191209581163,0.032602936029434204,1,3.8587493896484375
3228.524,110,7,4,1,"{'TopLeft': 0.7272114317029974, 'TopRight': 0.5600159273722156, 'BottomLeft': 0.5979293994002424, 'BottomRight': 0.6464101615137755}","{'TopLeft': 0.016440951024970202, 'TopRight': 0.010936601811691784, 'BottomLeft': 0.011114894791695907, 'BottomRight': 0.01299038105676658}",central_attention_getter,1,0.0010730955335828993,0.006206512451171875,1,3.778350830078125,1,-0.009606149461534288,0.048899292945861816,1,3.8260345458984375
3245.191,110,7,4,1,"{'TopLeft': 0.7272114317029974, 'TopRight': 0.5600159273722156, 'BottomLeft': 0.5979293994002424, 'BottomRight': 0.6464101615137755}","{'TopLeft': 0.016440951024970202, 'TopRight': 0.010936601811691784, 'BottomLeft': 0.011114894791695907, 'BottomRight': 0.01299038105676658}",central_attention_getter,1,-0.001160409715440538,0.0010142922401428223,1,3.7820892333984375,1,-0.014238251580132378,0.03453248739242554,1,3.8496856689453125
3261.858,110,7,4,1,"{'TopLeft': 0.7272114317029974, 'TopRight': 0.5600159273722156, 'BottomLeft': 0.5979293994002424, 'BottomRight': 0.6464101615137755}","{'TopLeft': 0.016440951024970202, 'TopRight': 0.010936601811691784, 'BottomLeft': 0.011114894791695907, 'BottomRight': 0.01299038105676658}",central_attention_getter,1,-0.0019215477837456595,0.00014698505401611328,1,3.777557373046875,1,-0.01741112603081597,0.03827029466629028,1,3.8441009521484375
3278.525,110,7,4,1,"{'TopLeft': 0.7272114317029974, 'TopRight': 0.5600159273722156, 'BottomLeft': 0.5979293994002424, 'BottomRight': 0.6464101615137755}","{'TopLeft': 0.016440951024970202, 'TopRight': 0.010936601811691784, 'BottomLeft': 0.011114894791695907, 'BottomRight': 0.01299038105676658}",central_attention_getter,1,-0.004688474867078993,-0.004430055618286133,1,3.78021240234375,1,-0.011867735120985242,0.04430541396141052,1,3.8315277099609375
3295.193,110,7,4,1,"{'TopLeft': 0.7272114317029974, 'TopRight': 0.5600159273722156, 'BottomLeft': 0.5979293994002424, 'BottomRight': 0.6464101615137755}","{'TopLeft': 0.016440951024970202, 'TopRight': 0.010936601811691784, 'BottomLeft': 0.011114894791695907, 'BottomRight': 0.01299038105676658}",central_attention_getter,1,-0.004670937856038411,0.00311279296875,1,3.77313232421875,1,-0.013058874342176648,0.0469193160533905,1,3.830841064453125
3311.859,110,7,4,1,"{'TopLeft': 0.7272114317029974, 'TopRight': 0.5600159273722156, 'BottomLeft': 0.5979293994002424, 'BottomRight': 0.6464101615137755}","{'TopLeft': 0.016440951024970202, 'TopRight': 0.010936601811691784, 'BottomLeft': 0.011114894791695907, 'BottomRight': 0.01299038105676658}",central_attention_getter,1,-0.006737285190158419,-0.0029214024543762207,1,3.781036376953125,1,-0.01383262210422092,0.0411565899848938,1,3.8325653076171875
3328.527,110,7,4,1,"{'TopLeft': 0.7272114317029974, 'TopRight': 0.5600159273722156, 'BottomLeft': 0.5979293994002424, 'BottomRight': 0.6464101615137755}","{'TopLeft': 0.016440951024970202, 'TopRight': 0.010936601811691784, 'BottomLeft': 0.011114894791695907, 'BottomRight': 0.01299038105676658}",central_attention_getter,1,-0.00522809558444553,-0.0023912787437438965,1,3.776702880859375,1,-0.020458221435546875,0.03626948595046997,1,3.850555419921875
3345.194,110,7,4,1,"{'TopLeft': 0.7272114317029974, 'TopRight': 0.5600159273722156, 'BottomLeft': 0.5979293994002424, 'BottomRight': 0.6464101615137755}","{'TopLeft': 0.016440951024970202, 'TopRight': 0.010936601811691784, 'BottomLeft': 0.011114894791695907, 'BottomRight': 0.01299038105676658}",central_attention_getter,1,-0.008127530415852863,-0.0037173032760620117,1,3.780792236328125,1,-0.015675491756863065,0.04218500852584839,1,3.84197998046875
3361.861,110,7,4,1,"{'TopLeft': 0.7272114317029974, 'TopRight': 0.5600159273722156, 'BottomLeft': 0.5979293994002424, 'BottomRight': 0.6464101615137755}","{'TopLeft': 0.016440951024970202, 'TopRight': 0.010936601811691784, 'BottomLeft': 0.011114894791695907, 'BottomRight': 0.01299038105676658}",central_attention_getter,1,-0.007760471767849392,-0.0013053417205810547,1,3.7693939208984375,1,-0.017318831549750432,0.04771983623504639,1,3.8411712646484375
3378.528,110,7,4,1,"{'TopLeft': 0.7272114317029974, 'TopRight': 0.5600159273722156, 'BottomLeft': 0.5979293994002424, 'BottomRight': 0.6464101615137755}","{'TopLeft': 0.016440951024970202, 'TopRight': 0.010936601811691784, 'BottomLeft': 0.011114894791695907, 'BottomRight': 0.01299038105676658}",central_attention_getter,1,-0.006766531202528211,-0.008679330348968506,1,3.781707763671875,1,-0.020682440863715276,0.03536355495452881,1,3.8611297607421875
3395.195,110,7,4,1,"{'TopLeft': 0.7272114317029974, 'TopRight': 0.5600159273722156, 'BottomLeft': 0.5979293994002424, 'BottomRight': 0.6464101615137755}","{'TopLeft': 0.016440951024970202, 'TopRight': 0.010936601811691784, 'BottomLeft': 0.011114894791695907, 'BottomRight': 0.01299038105676658}",central_attention_getter,1,0.00862015618218316,0.004568219184875488,1,3.75665283203125,1,-0.0035037994384765625,0.03061211109161377,1,3.8728790283203125
3411.861,110,7,4,1,"{'TopLeft': 0.7272114317029974, 'TopRight': 0.5600159273722156, 'BottomLeft': 0.5979293994002424, 'BottomRight': 0.6464101615137755}","{'TopLeft': 0.016440951024970202, 'TopRight': 0.010936601811691784, 'BottomLeft': 0.011114894791695907, 'BottomRight': 0.01299038105676658}",central_attention_getter,1,0.0059494442409939235,-0.008665800094604492,1,3.780914306640625,1,-0.0024465454949273,0.03845641016960144,1,3.8559417724609375
3428.528,110,7,4,1,"{'TopLeft': 0.7272114317029974, 'TopRight': 0.5600159273722156, 'BottomLeft': 0.5979293994002424, 'BottomRight': 0.6464101615137755}","{'TopLeft': 0.016440951024970202, 'TopRight': 0.010936601811691784, 'BottomLeft': 0.011114894791695907, 'BottomRight': 0.01299038105676658}",central_attention_getter,1,0.012639469570583766,4.461407661437988e-05,1,3.7752838134765625,1,0.0037370257907443573,0.03587445616722107,1,3.879241943359375
3445.195,110,7,4,1,"{'TopLeft': 0.7272114317029974, 'TopRight': 0.5600159273722156, 'BottomLeft': 0.5979293994002424, 'BottomRight': 0.6464101615137755}","{'TopLeft': 0.016440951024970202, 'TopRight': 0.010936601811691784, 'BottomLeft': 0.011114894791695907, 'BottomRight': 0.01299038105676658}",central_attention_getter,1,0.007779121398925781,-0.002306520938873291,1,3.7854766845703125,1,0.0009930928548177083,0.03580516576766968,1,3.8697662353515625
3461.861,110,7,4,1,"{'TopLeft': 0.7272114317029974, 'TopRight': 0.5600159273722156, 'BottomLeft': 0.5979293994002424, 'BottomRight': 0.6464101615137755}","{'TopLeft': 0.016440951024970202, 'TopRight': 0.010936601811691784, 'BottomLeft': 0.011114894791695907, 'BottomRight': 0.01299038105676658}",central_attention_getter,1,0.009216732449001735,-0.00413358211517334,1,3.7919769287109375,1,0.0019588470458984375,0.03311634063720703,1,3.8766326904296875
3478.528,110,7,4,1,"{'TopLeft': 0.7272114317029974, 'TopRight': 0.5600159273722156, 'BottomLeft': 0.5979293994002424, 'BottomRight': 0.6464101615137755}","{'TopLeft': 0.016440951024970202, 'TopRight': 0.010936601811691784, 'BottomLeft': 0.011114894791695907, 'BottomRight': 0.01299038105676658}",central_attention_getter,1,0.009532716539171007,-0.011686742305755615,1,3.803466796875,1,0.00015195210774739582,0.04077571630477905,1,3.8669891357421875
3495.195,110,7,4,1,"{'TopLeft': 0.7272114317029974, 'TopRight': 0.5600159273722156, 'BottomLeft': 0.5979293994002424, 'BottomRight': 0.6464101615137755}","{'TopLeft': 0.016440951024970202, 'TopRight': 0.010936601811691784, 'BottomLeft': 0.011114894791695907, 'BottomRight': 0.01299038105676658}",central_attention_getter,1,0.006620936923556857,0.005193352699279785,1,3.78173828125,1,-0.004531118604871961,0.03375518321990967,1,3.8921966552734375
3511.861,110,7,4,1,"{'TopLeft': 0.7272114317029974, 'TopRight': 0.5600159273722156, 'BottomLeft': 0.5979293994002424, 'BottomRight': 0.6464101615137755}","{'TopLeft': 0.016440951024970202, 'TopRight': 0.010936601811691784, 'BottomLeft': 0.011114894791695907, 'BottomRight': 0.01299038105676658}",central_attention_getter,1,0.007497893439398871,-0.00048530101776123047,1,3.796875,1,-0.0013213687472873263,0.03258150815963745,1,3.88983154296875
3528.529,110,7,4,1,"{'TopLeft': 0.7272114317029974, 'TopRight': 0.5600159273722156, 'BottomLeft': 0.5979293994002424, 'BottomRight': 0.6464101615137755}","{'TopLeft': 0.016440951024970202, 'TopRight': 0.010936601811691784, 'BottomLeft': 0.011114894791695907, 'BottomRight': 0.01299038105676658}",central_attention_getter,1,0.006841023763020833,0.002461671829223633,1,3.7946624755859375,1,0.0024680031670464408,0.0457192063331604,1,3.874664306640625
3545.196,110,7,4,1,"{'TopLeft': 0.7272114317029974, 'TopRight': 0.5600159273722156, 'BottomLeft': 0.5979293994002424, 'BottomRight': 0.6464101615137755}","{'TopLeft': 0.016440951024970202, 'TopRight': 0.010936601811691784, 'BottomLeft': 0.011114894791695907, 'BottomRight': 0.01299038105676658}",central_attention_getter,1,0.00783538818359375,-0.0006102323532104492,1,3.815032958984375,1,-0.0019869274563259548,0.03684353828430176,1,3.8829345703125
3561.862,110,7,4,1,"{'TopLeft': 0.7272114317029974, 'TopRight': 0.5600159273722156, 'BottomLeft': 0.5979293994002424, 'BottomRight': 0.6464101615137755}","{'TopLeft': 0.016440951024970202, 'TopRight': 0.010936601811691784, 'BottomLeft': 0.011114894791695907, 'BottomRight': 0.01299038105676658}",central_attention_getter,1,0.003928820292154947,0.0032717883586883545,1,3.8058624267578125,1,-0.000987794664171007,0.044498056173324585,1,3.877899169921875
3578.529,110,7,4,1,"{'TopLeft': 0.7272114317029974, 'TopRight': 0.5600159273722156, 'BottomLeft': 0.5979293994002424, 'BottomRight': 0.6464101615137755}","{'TopLeft': 0.016440951024970202, 'TopRight': 0.010936601811691784, 'BottomLeft': 0.011114894791695907, 'BottomRight': 0.01299038105676658}",central_attention_getter,1,0.0034725401136610243,0.004092097282409668,1,3.8126678466796875,1,-0.002365960015190972,0.04191043972969055,1,3.892242431640625
3595.196,110,7,4,1,"{'TopLeft': 0.7272114317029974, 'TopRight': 0.5600159273722156, 'BottomLeft': 0.5979293994002424, 'BottomRight': 0.6464101615137755}","{'TopLeft': 0.016440951024970202, 'TopRight': 0.010936601811691784, 'BottomLeft': 0.011114894791695907, 'BottomRight': 0.01299038105676658}",central_attention_getter,1,0.006689707438151041,0.0031883418560028076,1,3.8130340576171875,1,-0.0010465515984429254,0.03380304574966431,1,3.912994384765625
3611.862,110,7,4,1,"{'TopLeft': 0.7272114317029974, 'TopRight': 0.5600159273722156, 'BottomLeft': 0.5979293994002424, 'BottomRight': 0.6464101615137755}","{'TopLeft': 0.016440951024970202, 'TopRight': 0.010936601811691784, 'BottomLeft': 0.011114894791695907, 'BottomRight': 0.01299038105676658}",central_attention_getter,1,0.005698310004340277,-0.0021604299545288086,1,3.829925537109375,1,-0.0020121998257107204,0.042084336280822754,1,3.897125244140625
3628.529,110,7,4,1,"{'TopLeft': 0.7272114317029974, 'TopRight': 0.5600159273722156, 'BottomLeft': 0.5979293994002424, 'BottomRight': 0.6464101615137755}","{'TopLeft': 0.016440951024970202, 'TopRight': 0.010936601811691784, 'BottomLeft': 0.011114894791695907, 'BottomRight': 0.01299038105676658}",central_attention_getter,1,0.006262355380588107,0.006408274173736572,1,3.8215179443359375,1,-0.008015314737955729,0.035064756870269775,1,3.9241485595703125
3645.196,110,7,4,1,"{'TopLeft': 0.7272114317029974, 'TopRight': 0.5600159273722156, 'BottomLeft': 0.5979293994002424, 'BottomRight': 0.6464101615137755}","{'TopLeft': 0.016440951024970202, 'TopRight': 0.010936601811691784, 'BottomLeft': 0.011114894791695907, 'BottomRight': 0.01299038105676658}",central_attention_getter,1,1.1444091796875e-05,0.0013082623481750488,1,3.8349609375,1,-0.007165273030598958,0.0419197678565979,1,3.90545654296875
3661.862,110,7,4,1,"{'TopLeft': 0.7272114317029974, 'TopRight': 0.5600159273722156, 'BottomLeft': 0.5979293994002424, 'BottomRight': 0.6464101615137755}","{'TopLeft': 0.016440951024970202, 'TopRight': 0.010936601811691784, 'BottomLeft': 0.011114894791695907, 'BottomRight': 0.01299038105676658}",central_attention_getter,1,0.005496131049262152,0.001994609832763672,1,3.8371124267578125,1,0.0016077889336480033,0.04229012131690979,1,3.90948486328125
3678.529,110,7,4,1,"{'TopLeft': 0.7272114317029974, 'TopRight': 0.5600159273722156, 'BottomLeft': 0.5979293994002424, 'BottomRight': 0.6464101615137755}","{'TopLeft': 0.016440951024970202, 'TopRight': 0.010936601811691784, 'BottomLeft': 0.011114894791695907, 'BottomRight': 0.01299038105676658}",central_attention_getter,1,0.0003955629136827257,0.002703070640563965,1,3.8430023193359375,1,-0.0037245220608181423,0.043504923582077026,1,3.9105682373046875
3695.196,110,7,4,1,"{'TopLeft': 0.7272114317029974, 'TopRight': 0.5600159273722156, 'BottomLeft': 0.5979293994002424, 'BottomRight': 0.6464101615137755}","{'TopLeft': 0.016440951024970202, 'TopRight': 0.010936601811691784, 'BottomLeft': 0.011114894791695907, 'BottomRight': 0.01299038105676658}",central_attention_getter,1,0.005018340216742621,0.004006475210189819,1,3.8442535400390625,1,0.000545819600423177,0.04583770036697388,1,3.9105682373046875
3711.862,110,7,4,1,"{'TopLeft': 0.7272114317029974, 'TopRight': 0.5600159273722156, 'BottomLeft': 0.5979293994002424, 'BottomRight': 0.6464101615137755}","{'TopLeft': 0.016440951024970202, 'TopRight': 0.010936601811691784, 'BottomLeft': 0.011114894791695907, 'BottomRight': 0.01299038105676658}",central_attention_getter,1,-0.0006629096137152778,0.00429612398147583,1,3.84637451171875,1,-0.002281347910563151,0.04509848356246948,1,3.9028167724609375
3728.529,110,7,4,1,"{'TopLeft': 0.7272114317029974, 'TopRight': 0.5600159273722156, 'BottomLeft': 0.5979293994002424, 'BottomRight': 0.6464101615137755}","{'TopLeft': 0.016440951024970202, 'TopRight': 0.010936601811691784, 'BottomLeft': 0.011114894791695907, 'BottomRight': 0.01299038105676658}",central_attention_getter,1,0.00651656256781684,0.0032983124256134033,1,3.8436737060546875,1,-0.0053238338894314235,0.03454160690307617,1,3.9276275634765625
3745.196,110,7,4,1,"{'TopLeft': 0.7272114317029974, 'TopRight': 0.5600159273722156, 'BottomLeft': 0.5979293994002424, 'BottomRight': 0.6464101615137755}","{'TopLeft': 0.016440951024970202, 'TopRight': 0.010936601811691784, 'BottomLeft': 0.011114894791695907, 'BottomRight': 0.01299038105676658}",central_attention_getter,1,0.003800074259440104,0.0015523433685302734,1,3.8526611328125,1,-0.006659454769558377,0.03405725955963135,1,3.9292144775390625
3761.862,110,7,4,1,"{'TopLeft': 0.7272114317029974, 'TopRight': 0.5600159273722156, 'BottomLeft': 0.5979293994002424, 'BottomRight': 0.6464101615137755}","{'TopLeft': 0.016440951024970202, 'TopRight': 0.010936601811691784, 'BottomLeft': 0.011114894791695907, 'BottomRight': 0.01299038105676658}",shapes_on_1,1,0.0031581454806857636,0.006436705589294434,1,3.8485260009765625,1,-0.004988352457682291,0.03572535514831543,1,3.9261474609375
3778.529,110,7,4,1,"{'TopLeft': 0.7272114317029974, 'TopRight': 0.5600159273722156, 'BottomLeft': 0.5979293994002424, 'BottomRight': 0.6464101615137755}","{'TopLeft': 0.016440951024970202, 'TopRight': 0.010936601811691784, 'BottomLeft': 0.011114894791695907, 'BottomRight': 0.01299038105676658}",shapes_on_1,1,0.0032601886325412323,0.0019057691097259521,1,3.851470947265625,1,-0.0017342567443847656,0.04272779822349548,1,3.9006805419921875
3795.196,110,7,4,1,"{'TopLeft': 0.7272114317029974, 'TopRight': 0.5600159273722156, 'BottomLeft': 0.5979293994002424, 'BottomRight': 0.6464101615137755}","{'TopLeft': 0.016440951024970202, 'TopRight': 0.010936601811691784, 'BottomLeft': 0.011114894791695907, 'BottomRight': 0.01299038105676658}",shapes_on_1,1,0.01343536376953125,0.007223010063171387,1,3.85968017578125,1,-0.004153781467013889,0.03470027446746826,1,3.9267120361328125
3811.862,110,7,4,1,"{'TopLeft': 0.7272114317029974, 'TopRight': 0.5600159273722156, 'BottomLeft': 0.5979293994002424, 'BottomRight': 0.6464101615137755}","{'TopLeft': 0.016440951024970202, 'TopRight': 0.010936601811691784, 'BottomLeft': 0.011114894791695907, 'BottomRight': 0.01299038105676658}",shapes_on_1,1,0.002747005886501736,0.0019051730632781982,1,3.8630218505859375,1,-0.004233148362901475,0.042930543422698975,1,3.8961639404296875
3828.529,110,7,4,1,"{'TopLeft': 0.7272114317029974, 'TopRight': 0.5600159273722156, 'BottomLeft': 0.5979293994002424, 'BottomRight': 0.6464101615137755}","{'TopLeft': 0.016440951024970202, 'TopRight': 0.010936601811691784, 'BottomLeft': 0.011114894791695907, 'BottomRight': 0.01299038105676658}",shapes_on_1,1,0.00899717542860243,0.00686684250831604,1,3.8668212890625,1,0.000206099616156684,0.04874897003173828,1,3.8945465087890625
3845.196,110,7,4,1,"{'TopLeft': 0.7272114317029974, 'TopRight': 0.5600159273722156, 'BottomLeft': 0.5979293994002424, 'BottomRight': 0.6464101615137755}","{'TopLeft': 0.016440951024970202, 'TopRight': 0.010936601811691784, 'BottomLeft': 0.011114894791695907, 'BottomRight': 0.01299038105676658}",shapes_on_1,1,0.0029007593790690103,0.0038231313228607178,1,3.8660736083984375,1,0.0008987850613064235,0.04180335998535156,1,3.891998291015625
3861.862,110,7,4,1,"{'TopLeft': 0.7272114317029974, 'TopRight': 0.5600159273722156, 'BottomLeft': 0.5979293994002424, 'BottomRight': 0.6464101615137755}","{'TopLeft': 0.016440951024970202, 'TopRight': 0.010936601811691784, 'BottomLeft': 0.011114894791695907, 'BottomRight': 0.01299038105676658}",shapes_on_1,1,0.00026798248291015625,0.005617499351501465,1,3.8740692138671875,1,-0.0008313920762803819,0.035509705543518066,1,3.9131317138671875
3878.529,110,7,4,1,"{'TopLeft': 0.7272114317029974, 'TopRight': 0.5600159273722156, 'BottomLeft': 0.5979293994002424, 'BottomRight': 0.6464101615137755}","{'TopLeft': 0.016440951024970202, 'TopRight': 0.010936601811691784, 'BottomLeft': 0.011114894791695907, 'BottomRight': 0.01299038105676658}",shapes_on_1,1,-0.0418498780992296,-0.08317410945892334,1,3.8748321533203125,1,-0.030892690022786457,-0.03112661838531494,1,3.8926544189453125
3895.196,110,7,4,1,"{'TopLeft': 0.7272114317029974, 'TopRight': 0.5600159273722156, 'BottomLeft': 0.5979293994002424, 'BottomRight': 0.6464101615137755}","{'TopLeft': 0.016440951024970202, 'TopRight': 0.010936601811691784, 'BottomLeft': 0.011114894791695907, 'BottomRight': 0.01299038105676658}",shapes_on_1,1,-0.1165519290500217,-0.25676429271698,1,3.893890380859375,1,-0.12348694271511501,-0.19510138034820557,1,3.9117431640625
3911.862,110,7,4,1,"{'TopLeft': 0.7272114317029974, 'TopRight': 0.5600159273722156, 'BottomLeft': 0.5979293994002424, 'BottomRight': 0.6464101615137755}","{'TopLeft': 0.016440951024970202, 'TopRight': 0.010936601811691784, 'BottomLeft': 0.011114894791695907, 'BottomRight': 0.01299038105676658}",shapes_on_1,1,-0.10838333765665689,-0.2302340865135193,1,3.8873748779296875,1,-0.10070270962185329,-0.16794943809509277,1,3.905731201171875
3928.529,110,7,4,1,"{'TopLeft': 0.7272114317029974, 'TopRight': 0.5600159273722156, 'BottomLeft': 0.5979293994002424, 'BottomRight': 0.6464101615137755}","{'TopLeft': 0.016440951024970202, 'TopRight': 0.010936601811691784, 'BottomLeft': 0.011114894791695907, 'BottomRight': 0.01299038105676658}",shapes_on_1,1,-0.13461065292358398,-0.273104190826416,1,3.891265869140625,1,-0.1276492542690701,-0.22389286756515503,1,3.9087066650390625
3945.196,110,7,4,1,"{'TopLeft': 0.7272114317029974, 'TopRight': 0.5600159273722156, 'BottomLeft': 0.5979293994002424, 'BottomRight': 0.6464101615137755}","{'TopLeft': 0.016440951024970202, 'TopRight': 0.010936601811691784, 'BottomLeft': 0.011114894791695907, 'BottomRight': 0.01299038105676658}",shapes_on_1,1,-0.12294673919677734,-0.24183249473571777,1,3.8864898681640625,1,-0.11476993560791016,-0.19764167070388794,1,3.8964691162109375
3961.862,110,7,4,1,"{'TopLeft': 0.7272114317029974, 'TopRight': 0.5600159273722156, 'BottomLeft': 0.5979293994002424, 'BottomRight': 0.6464101615137755}","{'TopLeft': 0.016440951024970202, 'TopRight': 0.010936601811691784, 'BottomLeft': 0.011114894791695907, 'BottomRight': 0.01299038105676658}",shapes_on_1,1,-0.12880478964911565,-0.25822561979293823,1,3.882080078125,1,-0.11356110042995876,-0.2094908356666565,1,3.8972625732421875
3978.529,110,7,4,1,"{'TopLeft': 0.7272114317029974, 'TopRight': 0.5600159273722156, 'BottomLeft': 0.5979293994002424, 'BottomRight': 0.6464101615137755}","{'TopLeft': 0.016440951024970202, 'TopRight': 0.010936601811691784, 'BottomLeft': 0.011114894791695907, 'BottomRight': 0.01299038105676658}",shapes_on_1,1,-0.12281094657050239,-0.253659188747406,1,3.88616943359375,1,-0.12334579891628689,-0.2063082456588745,1,3.900054931640625
3995.196,110,7,4,1,"{'TopLeft': 0.7272114317029974, 'TopRight': 0.5600159273722156, 'BottomLeft': 0.5979293994002424, 'BottomRight': 0.6464101615137755}","{'TopLeft': 0.016440951024970202, 'TopRight': 0.010936601811691784, 'BottomLeft': 0.011114894791695907, 'BottomRight': 0.01299038105676658}",shapes_on_1,1,-0.12722576989067924,-0.2519315481185913,1,3.88702392578125,1,-0.11589188045925564,-0.2019389271736145,1,3.899749755859375
4011.862,110,7,4,1,"{'TopLeft': 0.7272114317029974, 'TopRight': 0.5600159273722156, 'BottomLeft': 0.5979293994002424, 'BottomRight': 0.6464101615137755}","{'TopLeft': 0.016440951024970202, 'TopRight': 0.010936601811691784, 'BottomLeft': 0.011114894791695907, 'BottomRight': 0.01299038105676658}",shapes_on_1,1,-0.11984062194824219,-0.25033193826675415,1,3.888031005859375,1,-0.1173869768778483,-0.20430219173431396,1,3.9013671875
4028.529,110,7,4,1,"{'TopLeft': 0.7272114317029974, 'TopRight': 0.5600159273722156, 'BottomLeft': 0.5979293994002424, 'BottomRight': 0.6464101615137755}","{'TopLeft': 0.016440951024970202, 'TopRight': 0.010936601811691784, 'BottomLeft': 0.011114894791695907, 'BottomRight': 0.01299038105676658}",shapes_on_1,1,-0.12620464960734049,-0.25528866052627563,1,3.8809814453125,1,-0.11743556128607856,-0.20819604396820068,1,3.90484619140625
4045.196,110,7,4,1,"{'TopLeft': 0.7272114317029974, 'TopRight': 0.5600159273722156, 'BottomLeft': 0.5979293994002424, 'BottomRight': 0.6464101615137755}","{'TopLeft': 0.016440951024970202, 'TopRight': 0.010936601811691784, 'BottomLeft': 0.011114894791695907, 'BottomRight': 0.01299038105676658}",shapes_on_1,1,-0.11544428931342231,-0.2534351348876953,1,3.8856048583984375,1,-0.11576334635416666,-0.21021783351898193,1,3.9070892333984375
4061.862,110,7,4,1,"{'TopLeft': 0.7272114317029974, 'TopRight': 0.5600159273722156, 'BottomLeft': 0.5979293994002424, 'BottomRight': 0.6464101615137755}","{'TopLeft': 0.016440951024970202, 'TopRight': 0.010936601811691784, 'BottomLeft': 0.011114894791695907, 'BottomRight': 0.01299038105676658}",shapes_on_1,1,-0.12060843573676215,-0.2508057951927185,1,3.880615234375,1,-0.12090995576646592,-0.20877611637115479,1,3.9077606201171875
4078.529,110,7,4,1,"{'TopLeft': 0.7272114317029974, 'TopRight': 0.5600159273722156, 'BottomLeft': 0.5979293994002424, 'BottomRight': 0.6464101615137755}","{'TopLeft': 0.016440951024970202, 'TopRight': 0.010936601811691784, 'BottomLeft': 0.011114894791695907, 'BottomRight': 0.01299038105676658}",shapes_on_1,1,-0.12324412663777669,-0.2505406141281128,1,3.8887176513671875,1,-0.12003962198893228,-0.21117335557937622,1,3.910888671875
4095.196,110,7,4,1,"{'TopLeft': 0.7272114317029974, 'TopRight': 0.5600159273722156, 'BottomLeft': 0.5979293994002424, 'BottomRight': 0.6464101615137755}","{'TopLeft': 0.016440951024970202, 'TopRight': 0.010936601811691784, 'BottomLeft': 0.011114894791695907, 'BottomRight': 0.01299038105676658}",shapes_on_1,1,-0.12102233039008246,-0.2520935535430908,1,3.8849334716796875,1,-0.12075101004706489,-0.20666223764419556,1,3.9195709228515625
4111.862,110,7,4,1,"{'TopLeft': 0.7272114317029974, 'TopRight': 0.5600159273722156, 'BottomLeft': 0.5979293994002424, 'BottomRight': 0.6464101615137755}","{'TopLeft': 0.016440951024970202, 'TopRight': 0.010936601811691784, 'BottomLeft': 0.011114894791695907, 'BottomRight': 0.01299038105676658}",shapes_on_1,1,-0.11924319797092013,-0.251865029335022,1,3.8863677978515625,1,-0.12154229482014973,-0.21403491497039795,1,3.9173126220703125
4128.529,110,7,4,1,"{'TopLeft': 0.7272114317029974, 'TopRight': 0.5600159273722156, 'BottomLeft': 0.5979293994002424, 'BottomRight': 0.6464101615137755}","{'TopLeft': 0.016440951024970202, 'TopRight': 0.010936601811691784, 'BottomLeft': 0.011114894791695907, 'BottomRight': 0.01299038105676658}",shapes_on_1,1,-0.12144438425699869,-0.24835991859436035,1,3.8845062255859375,1,-0.12176842159695095,-0.21299779415130615,1,3.9258270263671875
4145.196,110,7,4,1,"{'TopLeft': 0.7272114317029974, 'TopRight': 0.5600159273722156, 'BottomLeft': 0.5979293994002424, 'BottomRight': 0.6464101615137755}","{'TopLeft': 0.016440951024970202, 'TopRight': 0.010936601811691784, 'BottomLeft': 0.011114894791695907, 'BottomRight': 0.01299038105676658}",shapes_on_1,1,-0.11271095275878906,-0.24674856662750244,1,3.885772705078125,1,-0.11756367153591579,-0.2094864845275879,1,3.9207305908203125
4161.862,110,7,4,1,"{'TopLeft': 0.7272114317029974, 'TopRight': 0.5600159273722156, 'BottomLeft': 0.5979293994002424, 'BottomRight': 0.6464101615137755}","{'TopLeft': 0.016440951024970202, 'TopRight': 0.010936601811691784, 'BottomLeft': 0.011114894791695907, 'BottomRight': 0.01299038105676658}",shapes_on_1,1,-0.12092516157362196,-0.24891817569732666,1,3.884979248046875,1,-0.11756038665771484,-0.21286261081695557,1,3.919586181640625
4178.529,110,7,4,1,"{'TopLeft': 0.7272114317029974, 'TopRight': 0.5600159273722156, 'BottomLeft': 0.5979293994002424, 'BottomRight': 0.6464101615137755}","{'TopLeft': 0.016440951024970202, 'TopRight': 0.010936601811691784, 'BottomLeft': 0.011114894791695907, 'BottomRight': 0.01299038105676658}",shapes_on_1,1,-0.11874278386433919,-0.2530714273452759,1,3.8865203857421875,1,-0.12375121646457247,-0.21162062883377075,1,3.9245147705078125
4195.196,110,7,4,1,"{'TopLeft': 0.7272114317029974, 'TopRight': 0.5600159273722156, 'BottomLeft': 0.5979293994002424, 'BottomRight': 0.6464101615137755}","{'TopLeft': 0.016440951024970202, 'TopRight': 0.010936601811691784, 'BottomLeft': 0.011114894791695907, 'BottomRight': 0.01299038105676658}",shapes_on_1,1,-0.12547948625352648,-0.1278846263885498,1,3.8958892822265625,1,-0.09218491448296441,-0.08921372890472412,1,3.9258575439453125
4211.862,110,7,4,1,"{'TopLeft': 0.7272114317029974, 'TopRight': 0.5600159273722156, 'BottomLeft': 0.5979293994002424, 'BottomRight': 0.6464101615137755}","{'TopLeft': 0.016440951024970202, 'TopRight': 0.010936601811691784, 'BottomLeft': 0.011114894791695907, 'BottomRight': 0.01299038105676658}",shapes_on_1,1,-0.11982652876112196,0.04852336645126343,1,3.87823486328125,1,-0.08023442162407769,0.07083147764205933,1,3.9210052490234375
4228.529,110,7,4,1,"{'TopLeft': 0.7272114317029974, 'TopRight': 0.5600159273722156, 'BottomLeft': 0.5979293994002424, 'BottomRight': 0.6464101615137755}","{'TopLeft': 0.016440951024970202, 'TopRight': 0.010936601811691784, 'BottomLeft': 0.011114894791695907, 'BottomRight': 0.01299038105676658}",shapes_on_1,1,-0.0964003668891059,0.10100105404853821,1,3.8859710693359375,1,-0.07930511898464626,0.1260097622871399,1,3.9240570068359375
4245.196,110,7,4,1,"{'TopLeft': 0.7272114317029974, 'TopRight': 0.5600159273722156, 'BottomLeft': 0.5979293994002424, 'BottomRight': 0.6464101615137755}","{'TopLeft': 0.016440951024970202, 'TopRight': 0.010936601811691784, 'BottomLeft': 0.011114894791695907, 'BottomRight': 0.01299038105676658}",shapes_on_1,1,-0.09249199761284722,0.11709198355674744,1,3.8919677734375,1,-0.07455677456325954,0.1498987078666687,1,3.9310760498046875
4261.862,110,7,4,1,"{'TopLeft': 0.7272114317029974, 'TopRight': 0.5600159273722156, 'BottomLeft': 0.5979293994002424, 'BottomRight': 0.6464101615137755}","{'TopLeft': 0.016440951024970202, 'TopRight': 0.010936601811691784, 'BottomLeft': 0.011114894791695907, 'BottomRight': 0.01299038105676658}",shapes_on_1,1,-0.0902963744269477,0.11080610752105713,1,3.8933563232421875,1,-0.08092731899685329,0.14413806796073914,1,3.91387939453125
4278.53,110,7,4,1,"{'TopLeft': 0.7272114317029974, 'TopRight': 0.5600159273722156, 'BottomLeft': 0.5979293994002424, 'BottomRight': 0.6464101615137755}","{'TopLeft': 0.016440951024970202, 'TopRight': 0.010936601811691784, 'BottomLeft': 0.011114894791695907, 'BottomRight': 0.01299038105676658}",shapes_on_1,1,-0.08817545572916666,0.11132803559303284,1,3.8910980224609375,1,-0.07725980546739365,0.140741765499115,1,3.9191741943359375
4295.197,110,7,4,1,"{'TopLeft': 0.7272114317029974, 'TopRight': 0.5600159273722156, 'BottomLeft': 0.5979293994002424, 'BottomRight': 0.6464101615137755}","{'TopLeft': 0.016440951024970202, 'TopRight': 0.010936601811691784, 'BottomLeft': 0.011114894791695907, 'BottomRight': 0.01299038105676658}",shapes_on_1,1,-0.0874142116970486,0.11156821250915527,1,3.8824005126953125,1,-0.08167182074652778,0.14681583642959595,1,3.903900146484375
4311.863,110,7,4,1,"{'TopLeft': 0.7272114317029974, 'TopRight': 0.5600159273722156, 'BottomLeft': 0.5979293994002424, 'BottomRight': 0.6464101615137755}","{'TopLeft': 0.016440951024970202, 'TopRight': 0.010936601811691784, 'BottomLeft': 0.011114894791695907, 'BottomRight': 0.01299038105676658}",shapes_on_1,1,-0.07825978597005208,0.10904785990715027,1,3.8948822021484375,1,-0.07806650797526041,0.14371323585510254,1,3.8984832763671875
4328.53,110,7,4,1,"{'TopLeft': 0.7272114317029974, 'TopRight': 0.5600159273722156, 'BottomLeft': 0.5979293994002424, 'BottomRight': 0.6464101615137755}","{'TopLeft': 0.016440951024970202, 'TopRight': 0.010936601811691784, 'BottomLeft': 0.011114894791695907, 'BottomRight': 0.01299038105676658}",shapes_on_1,1,-0.0832540194193522,0.1131080687046051,1,3.882110595703125,1,-0.07643085055881076,0.1445326805114746,1,3.891998291015625
4345.197,110,7,4,1,"{'TopLeft': 0.7272114317029974, 'TopRight': 0.5600159273722156, 'BottomLeft': 0.5979293994002424, 'BottomRight': 0.6464101615137755}","{'TopLeft': 0.016440951024970202, 'TopRight': 0.010936601811691784, 'BottomLeft': 0.011114894791695907, 'BottomRight': 0.01299038105676658}",shapes_on_1,1,-0.08221944173177083,0.11409401893615723,1,3.87335205078125,1,-0.07976775699191622,0.13713788986206055,1,3.8898468017578125
4361.864,110,7,4,1,"{'TopLeft': 0.7272114317029974, 'TopRight': 0.5600159273722156, 'BottomLeft': 0.5979293994002424, 'BottomRight': 0.6464101615137755}","{'TopLeft': 0.016440951024970202, 'TopRight': 0.010936601811691784, 'BottomLeft': 0.011114894791695907, 'BottomRight': 0.01299038105676658}",shapes_on_1,1,-0.08432144588894314,0.11164849996566772,1,3.869354248046875,1,-0.08285156885782877,0.1469549536705017,1,3.86846923828125
4378.531,110,7,4,1,"{'TopLeft': 0.7272114317029974, 'TopRight': 0.5600159273722156, 'BottomLeft': 0.5979293994002424, 'BottomRight': 0.6464101615137755}","{'TopLeft': 0.016440951024970202, 'TopRight': 0.010936601811691784, 'BottomLeft': 0.011114894791695907, 'BottomRight': 0.01299038105676658}",shapes_on_1,1,-0.07988717820909287,0.11114519834518433,1,3.868896484375,1,-0.08010800679524739,0.13915139436721802,1,3.878814697265625
4395.198,110,7,4,1,"{'TopLeft': 0.7272114317029974, 'TopRight': 0.5600159273722156, 'BottomLeft': 0.5979293994002424, 'BottomRight': 0.6464101615137755}","{'TopLeft': 0.016440951024970202, 'TopRight': 0.010936601811691784, 'BottomLeft': 0.011114894791695907, 'BottomRight': 0.01299038105676658}",shapes_on_1,1,-0.07952276865641275,0.10897314548492432,1,3.8675079345703125,1,-0.08052741156684028,0.1447121500968933,1,3.8612518310546875
4411.864,110,7,4,1,"{'TopLeft': 0.7272114317029974, 'TopRight': 0.5600159273722156, 'BottomLeft': 0.5979293994002424, 'BottomRight': 0.6464101615137755}","{'TopLeft': 0.016440951024970202, 'TopRight': 0.010936601811691784, 'BottomLeft': 0.011114894791695907, 'BottomRight': 0.01299038105676658}",shapes_on_1,1,-0.07993396123250325,0.110806405544281,1,3.8566741943359375,1,-0.08366563585069443,0.135642409324646,1,3.8722686767578125
4428.531,110,7,4,1,"{'TopLeft': 0.7272114317029974, 'TopRight': 0.5600159273722156, 'BottomLeft': 0.5979293994002424, 'BottomRight': 0.6464101615137755}","{'TopLeft': 0.016440951024970202, 'TopRight': 0.010936601811691784, 'BottomLeft': 0.011114894791695907, 'BottomRight': 0.01299038105676658}",shapes_on_1,1,-0.08086734347873263,0.11119815707206726,1,3.8476409912109375,1,-0.07987409167819552,0.13975971937179565,1,3.864410400390625
4445.199,110,7,4,1,"{'TopLeft': 0.7272114317029974, 'TopRight': 0.5600159273722156, 'BottomLeft': 0.5979293994002424, 'BottomRight': 0.6464101615137755}","{'TopLeft': 0.016440951024970202, 'TopRight': 0.010936601811691784, 'BottomLeft': 0.011114894791695907, 'BottomRight': 0.01299038105676658}",shapes_on_1,1,-0.07394949595133463,0.11365848779678345,1,3.8396148681640625,1,-0.07547420925564235,0.1403856873512268,1,3.8621063232421875
4461.865,110,7,4,1,"{'TopLeft': 0.7272114317029974, 'TopRight': 0.5600159273722156, 'BottomLeft': 0.5979293994002424, 'BottomRight': 0.6464101615137755}","{'TopLeft': 0.016440951024970202, 'TopRight': 0.010936601811691784, 'BottomLeft': 0.011114894791695907, 'BottomRight': 0.01299038105676658}",shapes_on_1,1,0.050241046481662326,0.19808197021484375,1,3.86517333984375,1,0.05790721045600043,0.1962079107761383,1,3.865814208984375
4478.532,110,7,4,1,"{'TopLeft': 0.7272114317029974, 'TopRight': 0.5600159273722156, 'BottomLeft': 0.5979293994002424, 'BottomRight': 0.6464101615137755}","{'TopLeft': 0.016440951024970202, 'TopRight': 0.010936601811691784, 'BottomLeft': 0.011114894791695907, 'BottomRight': 0.01299038105676658}",shapes_on_1,1,0.11449061499701606,0.20660263299942017,1,3.8541107177734375,1,0.10895570119222005,0.21028059720993042,1,3.8399505615234375
4495.199,110,7,4,1,"{'TopLeft': 0.7272114317029974, 'TopRight': 0.5600159273722156, 'BottomLeft': 0.5979293994002424, 'BottomRight': 0.6464101615137755}","{'TopLeft': 0.016440951024970202, 'TopRight': 0.010936601811691784, 'BottomLeft': 0.011114894791695907, 'BottomRight': 0.01299038105676658}",shapes_on_1,1,0.12316173977322048,0.20325177907943726,1,3.8621978759765625,1,0.11274676852756076,0.21706855297088623,1,3.857757568359375
4511.866,110,7,4,1,"{'TopLeft': 0.7272114317029974, 'TopRight': 0.5600159273722156, 'BottomLeft': 0.5979293994002424, 'BottomRight': 0.6464101615137755}","{'TopLeft': 0.016440951024970202, 'TopRight': 0.010936601811691784, 'BottomLeft': 0.011114894791695907, 'BottomRight': 0.01299038105676658}",shapes_on_1,1,0.13611719343397352,0.20713508129119873,1,3.85247802734375,1,0.12549781799316406,0.21815121173858643,1,3.8498992919921875
4528.533,110,7,4,1,"{'TopLeft': 0.7272114317029974, 'TopRight': 0.5600159273722156, 'BottomLeft': 0.5979293994002424, 'BottomRight': 0.6464101615137755}","{'TopLeft': 0.016440951024970202, 'TopRight': 0.010936601811691784, 'BottomLeft': 0.011114894791695907, 'BottomRight': 0.01299038105676658}",shapes_on_1,1,0.1301048066880968,0.2004375457763672,1,3.85711669921875,1,0.11742570665147568,0.21296104788780212,1,3.858917236328125
4545.2,110,7,4,1,"{'TopLeft': 0.7272114317029974, 'TopRight': 0.5600159273722156, 'BottomLeft': 0.5979293994002424, 'BottomRight': 0.6464101615137755}","{'TopLeft': 0.016440951024970202, 'TopRight': 0.010936601811691784, 'BottomLeft': 0.011114894791695907, 'BottomRight': 0.01299038105676658}",shapes_on_1,1,0.1308845943874783,0.21066966652870178,1,3.8485107421875,1,0.12847232818603516,0.21787768602371216,1,3.85015869140625
4561.866,110,7,4,1,"{'TopLeft': 0.7272114317029974, 'TopRight': 0.5600159273722156, 'BottomLeft': 0.5979293994002424, 'BottomRight': 0.6464101615137755}","{'TopLeft': 0.016440951024970202, 'TopRight': 0.010936601811691784, 'BottomLeft': 0.011114894791695907, 'BottomRight': 0.01299038105676658}",shapes_on_1,1,0.13072564866807726,0.20463311672210693,1,3.8530426025390625,1,0.12502702077229816,0.21630927920341492,1,3.8570709228515625
4578.533,110,7,4,1,"{'TopLeft': 0.7272114317029974, 'TopRight': 0.5600159273722156, 'BottomLeft': 0.5979293994002424, 'BottomRight': 0.6464101615137755}","{'TopLeft': 0.016440951024970202, 'TopRight': 0.010936601811691784, 'BottomLeft': 0.011114894791695907, 'BottomRight': 0.01299038105676658}",shapes_on_1,1,0.1316706339518229,0.20959964394569397,1,3.857025146484375,1,0.12728277842203775,0.2178848385810852,1,3.85894775390625
4595.201,110,7,4,1,"{'TopLeft': 0.7272114317029974, 'TopRight': 0.5600159273722156, 'BottomLeft': 0.5979293994002424, 'BottomRight': 0.6464101615137755}","{'TopLeft': 0.016440951024970202, 'TopRight': 0.010936601811691784, 'BottomLeft': 0.011114894791695907, 'BottomRight': 0.01299038105676658}",shapes_on_1,1,0.13632223341200086,0.20216315984725952,1,3.8599853515625,1,0.12287775675455728,0.21186071634292603,1,3.8692779541015625
4611.867,110,7,4,1,"{'TopLeft': 0.7272114317029974, 'TopRight': 0.5600159273722156, 'BottomLeft': 0.5979293994002424, 'BottomRight': 0.6464101615137755}","{'TopLeft': 0.016440951024970202, 'TopRight': 0.010936601811691784, 'BottomLeft': 0.011114894791695907, 'BottomRight': 0.01299038105676658}",shapes_on_1,1,0.1345977783203125,0.21187672019004822,1,3.85906982421875,1,0.1261157989501953,0.22114872932434082,1,3.8672637939453125
4628.534,110,7,4,1,"{'TopLeft': 0.7272114317029974, 'TopRight': 0.5600159273722156, 'BottomLeft': 0.5979293994002424, 'BottomRight': 0.6464101615137755}","{'TopLeft': 0.016440951024970202, 'TopRight': 0.010936601811691784, 'BottomLeft': 0.011114894791695907, 'BottomRight': 0.01299038105676658}",shapes_on_1,1,0.1488398445977105,0.21006104350090027,1,3.82647705078125,1,0.12187555101182725,0.213036447763443,1,3.880035400390625
4645.201,110,7,4,1,"{'TopLeft': 0.7272114317029974, 'TopRight': 0.5600159273722156, 'BottomLeft': 0.5979293994002424, 'BottomRight': 0.6464101615137755}","{'TopLeft': 0.016440951024970202, 'TopRight': 0.010936601811691784, 'BottomLeft': 0.011114894791695907, 'BottomRight': 0.01299038105676658}",shapes_on_1,1,0.13422860039605033,0.21590250730514526,1,3.8680572509765625,1,0.12227143181694877,0.2234971523284912,1,3.87762451171875
4661.868,110,7,4,1,"{'TopLeft': 0.7272114317029974, 'TopRight': 0.5600159273722156, 'BottomLeft': 0.5979293994002424, 'BottomRight': 0.6464101615137755}","{'TopLeft': 0.016440951024970202, 'TopRight': 0.010936601811691784, 'BottomLeft': 0.011114894791695907, 'BottomRight': 0.01299038105676658}",shapes_on_1,1,0.1352277331882053,0.2081562876701355,1,3.8766937255859375,1,0.12444623311360677,0.2218293845653534,1,3.8851318359375
4678.535,110,7,4,1,"{'TopLeft': 0.7272114317029974, 'TopRight': 0.5600159273722156, 'BottomLeft': 0.5979293994002424, 'BottomRight': 0.6464101615137755}","{'TopLeft': 0.016440951024970202, 'TopRight': 0.010936601811691784, 'BottomLeft': 0.011114894791695907, 'BottomRight': 0.01299038105676658}",shapes_on_1,1,0.13212002648247612,0.21207669377326965,1,3.8770599365234375,1,0.12212043338351779,0.22429358959197998,1,3.887359619140625
4695.202,110,7,4,1,"{'TopLeft': 0.7272114317029974, 'TopRight': 0.5600159273722156, 'BottomLeft': 0.5979293994002424, 'BottomRight': 0.6464101615137755}","{'TopLeft': 0.016440951024970202, 'TopRight': 0.010936601811691784, 'BottomLeft': 0.011114894791695907, 'BottomRight': 0.01299038105676658}",shapes_on_1,1,0.1314576466878255,0.21145325899124146,1,3.88970947265625,1,0.11305809020996094,0.207403302192688,1,3.898651123046875
4711.868,110,7,4,1,"{'TopLeft': 0.7272114317029974, 'TopRight': 0.5600159273722156, 'BottomLeft': 0.5979293994002424, 'BottomRight': 0.6464101615137755}","{'TopLeft': 0.016440951024970202, 'TopRight': 0.010936601811691784, 'BottomLeft': 0.011114894791695907, 'BottomRight': 0.01299038105676658}",shapes_on_1,1,0.13101429409450954,0.2168758511543274,1,3.8889617919921875,1,0.12199444240993923,0.2241227626800537,1,3.89984130859375
4728.535,110,7,4,1,"{'TopLeft': 0.7272114317029974, 'TopRight': 0.5600159273722156, 'BottomLeft': 0.5979293994002424, 'BottomRight': 0.6464101615137755}","{'TopLeft': 0.016440951024970202, 'TopRight': 0.010936601811691784, 'BottomLeft': 0.011114894791695907, 'BottomRight': 0.01299038105676658}",shapes_on_1,1,0.13078414069281682,0.20873886346817017,1,3.8925323486328125,1,0.12129847208658853,0.21823373436927795,1,3.9139404296875
4745.203,110,7,4,1,"{'TopLeft': 0.7272114317029974, 'TopRight': 0.5600159273722156, 'BottomLeft': 0.5979293994002424, 'BottomRight': 0.6464101615137755}","{'TopLeft': 0.016440951024970202, 'TopRight': 0.010936601811691784, 'BottomLeft': 0.011114894791695907, 'BottomRight': 0.01299038105676658}",shapes_on_1,1,0.12939961751302081,0.2204360067844391,1,3.89776611328125,1,0.12194146050347221,0.22727477550506592,1,3.9129180908203125
4761.869,110,7,4,1,"{'TopLeft': 0.7272114317029974, 'TopRight': 0.5600159273722156, 'BottomLeft': 0.5979293994002424, 'BottomRight': 0.6464101615137755}","{'TopLeft': 0.016440951024970202, 'TopRight': 0.010936601811691784, 'BottomLeft': 0.011114894791695907, 'BottomRight': 0.01299038105676658}",shapes_on_1,1,0.13605033026801214,0.20676136016845703,1,3.90667724609375,1,0.11911593543158637,0.2232038378715515,1,3.9176025390625
4778.536,110,7,4,1,"{'TopLeft': 0.7272114317029974, 'TopRight': 0.5600159273722156, 'BottomLeft': 0.5979293994002424, 'BottomRight': 0.6464101615137755}","{'TopLeft': 0.016440951024970202, 'TopRight': 0.010936601811691784, 'BottomLeft': 0.011114894791695907, 'BottomRight': 0.01299038105676658}",shapes_on_1,1,0.12460645039876302,0.216467022895813,1,3.9046173095703125,1,0.11964003245035806,0.2288515269756317,1,3.920318603515625
4795.204,110,7,4,1,"{'TopLeft': 0.7272114317029974, 'TopRight': 0.5600159273722156, 'BottomLeft': 0.5979293994002424, 'BottomRight': 0.6464101615137755}","{'TopLeft': 0.016440951024970202, 'TopRight': 0.010936601811691784, 'BottomLeft': 0.011114894791695907, 'BottomRight': 0.01299038105676658}",shapes_on_1,1,0.12543646494547525,0.22037458419799805,1,3.9078369140625,1,0.12240356869167751,0.2295238971710205,1,3.92364501953125
4811.87,110,7,4,1,"{'TopLeft': 0.7272114317029974, 'TopRight': 0.5600159273722156, 'BottomLeft': 0.5979293994002424, 'BottomRight': 0.6464101615137755}","{'TopLeft': 0.016440951024970202, 'TopRight': 0.010936601811691784, 'BottomLeft': 0.011114894791695907, 'BottomRight': 0.01299038105676658}",shapes_on_1,1,0.14400927225748697,0.16665056347846985,1,3.900787353515625,1,0.1515316433376736,0.16427075862884521,1,3.916595458984375
4828.537,110,7,4,1,"{'TopLeft': 0.7272114317029974, 'TopRight': 0.5600159273722156, 'BottomLeft': 0.5979293994002424, 'BottomRight': 0.6464101615137755}","{'TopLeft': 0.016440951024970202, 'TopRight': 0.010936601811691784, 'BottomLeft': 0.011114894791695907, 'BottomRight': 0.01299038105676658}",shapes_on_1,1,0.24543868170844182,-0.17259478569030762,1,3.9107208251953125,1,0.20003488328721786,-0.12010753154754639,1,3.9008331298828125
4845.204,110,7,4,1,"{'TopLeft': 0.7272114317029974, 'TopRight': 0.5600159273722156, 'BottomLeft': 0.5979293994002424, 'BottomRight': 0.6464101615137755}","{'TopLeft': 0.016440951024970202, 'TopRight': 0.010936601811691784, 'BottomLeft': 0.011114894791695907, 'BottomRight': 0.01299038105676658}",shapes_on_1,1,0.1862559848361545,-0.3072795867919922,1,3.9001922607421875,1,0.1687908172607422,-0.26728540658950806,1,3.9177703857421875
4861.871,110,7,4,1,"{'TopLeft': 0.7272114317029974, 'TopRight': 0.5600159273722156, 'BottomLeft': 0.5979293994002424, 'BottomRight': 0.6464101615137755}","{'TopLeft': 0.016440951024970202, 'TopRight': 0.010936601811691784, 'BottomLeft': 0.011114894791695907, 'BottomRight': 0.01299038105676658}",shapes_on_1,1,0.20050684611002603,-0.42227333784103394,1,3.8902435302734375,1,0.1615168253580729,-0.3799092769622803,1,3.9047698974609375
4878.538,110,7,4,1,"{'TopLeft': 0.7272114317029974, 'TopRight': 0.5600159273722156, 'BottomLeft': 0.5979293994002424, 'BottomRight': 0.6464101615137755}","{'TopLeft': 0.016440951024970202, 'TopRight': 0.010936601811691784, 'BottomLeft': 0.011114894791695907, 'BottomRight': 0.01299038105676658}",shapes_on_1,1,0.17803732554117838,-0.4159669876098633,1,3.8836517333984375,1,0.16694005330403644,-0.37794965505599976,1,3.9016571044921875
4895.205,110,7,4,1,"{'TopLeft': 0.7272114317029974, 'TopRight': 0.5600159273722156, 'BottomLeft': 0.5979293994002424, 'BottomRight': 0.6464101615137755}","{'TopLeft': 0.016440951024970202, 'TopRight': 0.010936601811691784, 'BottomLeft': 0.011114894791695907, 'BottomRight': 0.01299038105676658}",shapes_on_1,1,0.1769341362847222,-0.4217945337295532,1,3.8833770751953125,1,0.17342291937934026,-0.3884357810020447,1,3.9076080322265625
4911.872,110,7,4,1,"{'TopLeft': 0.7272114317029974, 'TopRight': 0.5600159273722156, 'BottomLeft': 0.5979293994002424, 'BottomRight': 0.6464101615137755}","{'TopLeft': 0.016440951024970202, 'TopRight': 0.010936601811691784, 'BottomLeft': 0.011114894791695907, 'BottomRight': 0.01299038105676658}",shapes_on_1,1,0.1754701402452257,-0.4148254990577698,1,3.8777618408203125,1,0.18226326836480033,-0.37390631437301636,1,3.89984130859375
4928.539,110,7,4,1,"{'TopLeft': 0.7272114317029974, 'TopRight': 0.5600159273722156, 'BottomLeft': 0.5979293994002424, 'BottomRight': 0.6464101615137755}","{'TopLeft': 0.016440951024970202, 'TopRight': 0.010936601811691784, 'BottomLeft': 0.011114894791695907, 'BottomRight': 0.01299038105676658}",shapes_on_1,1,0.17567613389756945,-0.41542744636535645,1,3.875640869140625,1,0.1767680909898546,-0.37803053855895996,1,3.904876708984375
4945.206,110,7,4,1,"{'TopLeft': 0.7272114317029974, 'TopRight': 0.5600159273722156, 'BottomLeft': 0.5979293994002424, 'BottomRight': 0.6464101615137755}","{'TopLeft': 0.016440951024970202, 'TopRight': 0.010936601811691784, 'BottomLeft': 0.011114894791695907, 'BottomRight': 0.01299038105676658}",shapes_on_1,1,0.17631869845920137,-0.41200822591781616,1,3.876007080078125,1,0.1720425287882487,-0.38033390045166016,1,3.904510498046875
4961.872,110,7,4,1,"{'TopLeft': 0.7272114317029974, 'TopRight': 0.5600159273722156, 'BottomLeft': 0.5979293994002424, 'BottomRight': 0.6464101615137755}","{'TopLeft': 0.016440951024970202, 'TopRight': 0.010936601811691784, 'BottomLeft': 0.011114894791695907, 'BottomRight': 0.01299038105676658}",shapes_on_1,1,0.1700140635172526,-0.4108445644378662,1,3.87164306640625,1,0.1778365241156684,-0.3787236213684082,1,3.9022216796875
4978.54,110,7,4,1,"{'TopLeft': 0.7272114317029974, 'TopRight': 0.5600159273722156, 'BottomLeft': 0.5979293994002424, 'BottomRight': 0.6464101615137755}","{'TopLeft': 0.016440951024970202, 'TopRight': 0.010936601811691784, 'BottomLeft': 0.011114894791695907, 'BottomRight': 0.01299038105676658}",shapes_on_1,1,0.17095650566948783,-0.40975379943847656,1,3.87872314453125,1,0.1801866955227322,-0.3706977367401123,1,3.9063262939453125
4995.207,110,7,4,1,"{'TopLeft': 0.7272114317029974, 'TopRight': 0.5600159273722156, 'BottomLeft': 0.5979293994002424, 'BottomRight': 0.6464101615137755}","{'TopLeft': 0.016440951024970202, 'TopRight': 0.010936601811691784, 'BottomLeft': 0.011114894791695907, 'BottomRight': 0.01299038105676658}",shapes_on_1,1,0.1695980495876736,-0.41195768117904663,1,3.8713531494140625,1,0.1789046393500434,-0.3728786110877991,1,3.90850830078125
5011.873,110,7,4,1,"{'TopLeft': 0.7272114317029974, 'TopRight': 0.5600159273722156, 'BottomLeft': 0.5979293994002424, 'BottomRight': 0.6464101615137755}","{'TopLeft': 0.016440951024970202, 'TopRight': 0.010936601811691784, 'BottomLeft': 0.011114894791695907, 'BottomRight': 0.01299038105676658}",shapes_on_1,1,0.16647868686252168,-0.41794222593307495,1,3.873138427734375,1,0.1776724921332465,-0.37194663286209106,1,3.90582275390625
5028.54,110,7,4,1,"{'TopLeft': 0.7272114317029974, 'TopRight': 0.5600159273722156, 'BottomLeft': 0.5979293994002424, 'BottomRight': 0.6464101615137755}","{'TopLeft': 0.016440951024970202, 'TopRight': 0.010936601811691784, 'BottomLeft': 0.011114894791695907, 'BottomRight': 0.01299038105676658}",shapes_on_1,1,0.16694577534993488,-0.4140995740890503,1,3.871673583984375,1,0.17680040995279947,-0.3666648864746094,1,3.907196044921875
5045.208,110,7,4,1,"{'TopLeft': 0.7272114317029974, 'TopRight': 0.5600159273722156, 'BottomLeft': 0.5979293994002424, 'BottomRight': 0.6464101615137755}","{'TopLeft': 0.016440951024970202, 'TopRight': 0.010936601811691784, 'BottomLeft': 0.011114894791695907, 'BottomRight': 0.01299038105676658}",shapes_on_1,1,0.16565736134847003,-0.41284453868865967,1,3.8724822998046875,1,0.1759815216064453,-0.37379884719848633,1,3.9102020263671875
5061.874,110,7,4,1,"{'TopLeft': 0.7272114317029974, 'TopRight': 0.5600159273722156, 'BottomLeft': 0.5979293994002424, 'BottomRight': 0.6464101615137755}","{'TopLeft': 0.016440951024970202, 'TopRight': 0.010936601811691784, 'BottomLeft': 0.011114894791695907, 'BottomRight': 0.01299038105676658}",shapes_on_1,1,0.16636689503987628,-0.4112306833267212,1,3.86468505859375,1,0.18182479010687932,-0.37305140495300293,1,3.9038238525390625
5078.542,110,7,4,1,"{'TopLeft': 0.7272114317029974, 'TopRight': 0.5600159273722156, 'BottomLeft': 0.5979293994002424, 'BottomRight': 0.6464101615137755}","{'TopLeft': 0.016440951024970202, 'TopRight': 0.010936601811691784, 'BottomLeft': 0.011114894791695907, 'BottomRight': 0.01299038105676658}",shapes_on_1,1,0.16754659016927081,-0.4068484306335449,1,3.8535919189453125,1,0.17966471778021917,-0.379386305809021,1,3.89703369140625
5095.209,110,7,4,1,"{'TopLeft': 0.7272114317029974, 'TopRight': 0.5600159273722156, 'BottomLeft': 0.5979293994002424, 'BottomRight': 0.6464101615137755}","{'TopLeft': 0.016440951024970202, 'TopRight': 0.010936601811691784, 'BottomLeft': 0.011114894791695907, 'BottomRight': 0.01299038105676658}",shapes_on_1,1,0.20844872792561847,-0.23050570487976074,1,3.8401031494140625,1,0.23392560746934676,-0.20652860403060913,1,3.8883209228515625
5111.875,110,7,4,1,"{'TopLeft': 0.7272114317029974, 'TopRight': 0.5600159273722156, 'BottomLeft': 0.5979293994002424, 'BottomRight': 0.6464101615137755}","{'TopLeft': 0.016440951024970202, 'TopRight': 0.010936601811691784, 'BottomLeft': 0.011114894791695907, 'BottomRight': 0.01299038105676658}",shapes_on_1,1,0.21854707929823133,-0.26355159282684326,1,3.8124847412109375,1,0.23702123430040145,-0.23826158046722412,1,3.8598480224609375
5128.542,110,7,4,1,"{'TopLeft': 0.7272114317029974, 'TopRight': 0.5600159273722156, 'BottomLeft': 0.5979293994002424, 'BottomRight': 0.6464101615137755}","{'TopLeft': 0.016440951024970202, 'TopRight': 0.010936601811691784, 'BottomLeft': 0.011114894791695907, 'BottomRight': 0.01299038105676658}",shapes_on_1,1,0.21997557746039495,-0.2320936918258667,1,3.787322998046875,1,0.24452919430202907,-0.19897127151489258,1,3.8297882080078125
5145.21,110,7,4,1,"{'TopLeft': 0.7272114317029974, 'TopRight': 0.5600159273722156, 'BottomLeft': 0.5979293994002424, 'BottomRight': 0.6464101615137755}","{'TopLeft': 0.016440951024970202, 'TopRight': 0.010936601811691784, 'BottomLeft': 0.011114894791695907, 'BottomRight': 0.01299038105676658}",shapes_on_1,1,0.22288725111219618,-0.2427290678024292,1,3.76416015625,1,0.23971939086914062,-0.21011453866958618,1,3.814056396484375
5161.876,110,7,4,1,"{'TopLeft': 0.7272114317029974, 'TopRight': 0.5600159273722156, 'BottomLeft': 0.5979293994002424, 'BottomRight': 0.6464101615137755}","{'TopLeft': 0.016440951024970202, 'TopRight': 0.010936601811691784, 'BottomLeft': 0.011114894791695907, 'BottomRight': 0.01299038105676658}",shapes_on_1,1,0.21884610917833114,-0.24218595027923584,1,3.7465057373046875,1,0.23890855577256942,-0.20826464891433716,1,3.797210693359375
5178.543,110,7,4,1,"{'TopLeft': 0.7272114317029974, 'TopRight': 0.5600159273722156, 'BottomLeft': 0.5979293994002424, 'BottomRight': 0.6464101615137755}","{'TopLeft': 0.016440951024970202, 'TopRight': 0.010936601811691784, 'BottomLeft': 0.011114894791695907, 'BottomRight': 0.01299038105676658}",shapes_on_1,1,0.21996752421061197,-0.24076926708221436,1,3.7279510498046875,1,0.2400976816813151,-0.20712757110595703,1,3.7791595458984375
5195.211,110,7,4,1,"{'TopLeft': 0.7272114317029974, 'TopRight': 0.5600159273722156, 'BottomLeft': 0.5979293994002424, 'BottomRight': 0.6464101615137755}","{'TopLeft': 0.016440951024970202, 'TopRight': 0.010936601811691784, 'BottomLeft': 0.011114894791695907, 'BottomRight': 0.01299038105676658}",shapes_on_1,1,0.22268104553222656,-0.2429511547088623,1,3.714111328125,1,0.24307208591037324,-0.20939499139785767,1,3.7553558349609375
5211.877,110,7,4,1,"{'TopLeft': 0.7272114317029974, 'TopRight': 0.5600159273722156, 'BottomLeft': 0.5979293994002424, 'BottomRight': 0.6464101615137755}","{'TopLeft': 0.016440951024970202, 'TopRight': 0.010936601811691784, 'BottomLeft': 0.011114894791695907, 'BottomRight': 0.01299038105676658}",shapes_on_1,1,0.22307300567626953,-0.24185967445373535,1,3.699493408203125,1,0.23793231116400823,-0.2068948745727539,1,3.7492218017578125
5228.544,110,7,4,1,"{'TopLeft': 0.7272114317029974, 'TopRight': 0.5600159273722156, 'BottomLeft': 0.5979293994002424, 'BottomRight': 0.6464101615137755}","{'TopLeft': 0.016440951024970202, 'TopRight': 0.010936601811691784, 'BottomLeft': 0.011114894791695907, 'BottomRight': 0.01299038105676658}",shapes_on_1,1,0.2239013248019748,-0.24371975660324097,1,3.6837158203125,1,0.23871156904432508,-0.21097177267074585,1,3.74017333984375
5245.212,110,7,4,1,"{'TopLeft': 0.7272114317029974, 'TopRight': 0.5600159273722156, 'BottomLeft': 0.5979293994002424, 'BottomRight': 0.6464101615137755}","{'TopLeft': 0.016440951024970202, 'TopRight': 0.010936601811691784, 'BottomLeft': 0.011114894791695907, 'BottomRight': 0.01299038105676658}",shapes_on_1,1,0.22501277923583984,-0.24125248193740845,1,3.6722412109375,1,0.2369493908352322,-0.2140427827835083,1,3.7317352294921875
5261.878,110,7,4,1,"{'TopLeft': 0.7272114317029974, 'TopRight': 0.5600159273722156, 'BottomLeft': 0.5979293994002424, 'BottomRight': 0.6464101615137755}","{'TopLeft': 0.016440951024970202, 'TopRight': 0.010936601811691784, 'BottomLeft': 0.011114894791695907, 'BottomRight': 0.01299038105676658}",shapes_on_1,1,0.22541056738959417,-0.24233174324035645,1,3.6660308837890625,1,0.23304833306206596,-0.21244949102401733,1,3.7284088134765625
5278.545,110,7,4,1,"{'TopLeft': 0.7272114317029974, 'TopRight': 0.5600159273722156, 'BottomLeft': 0.5979293994002424, 'BottomRight': 0.6464101615137755}","{'TopLeft': 0.016440951024970202, 'TopRight': 0.010936601811691784, 'BottomLeft': 0.011114894791695907, 'BottomRight': 0.01299038105676658}",shapes_on_1,1,0.21923340691460502,-0.23808610439300537,1,3.6588287353515625,1,0.2358386781480577,-0.21349114179611206,1,3.71173095703125
5295.212,110,7,4,1,"{'TopLeft': 0.7272114317029974, 'TopRight': 0.5600159273722156, 'BottomLeft': 0.5979293994002424, 'BottomRight': 0.6464101615137755}","{'TopLeft': 0.016440951024970202, 'TopRight': 0.010936601811691784, 'BottomLeft': 0.011114894791695907, 'BottomRight': 0.01299038105676658}",shapes_on_1,1,0.2207131915622287,-0.23872321844100952,1,3.65631103515625,1,0.23580890231662324,-0.21307510137557983,1,3.701934814453125
5311.879,110,7,4,1,"{'TopLeft': 0.7272114317029974, 'TopRight': 0.5600159273722156, 'BottomLeft': 0.5979293994002424, 'BottomRight': 0.6464101615137755}","{'TopLeft': 0.016440951024970202, 'TopRight': 0.010936601811691784, 'BottomLeft': 0.011114894791695907, 'BottomRight': 0.01299038105676658}",shapes_on_1,1,0.22607506646050346,-0.24283015727996826,1,3.6480865478515625,1,0.2364113065931532,-0.21121186017990112,1,3.6988067626953125
5328.546,110,7,4,1,"{'TopLeft': 0.7272114317029974, 'TopRight': 0.5600159273722156, 'BottomLeft': 0.5979293994002424, 'BottomRight': 0.6464101615137755}","{'TopLeft': 0.016440951024970202, 'TopRight': 0.010936601811691784, 'BottomLeft': 0.011114894791695907, 'BottomRight': 0.01299038105676658}",shapes_on_1,1,0.22028509775797525,-0.2394128441810608,1,3.6470184326171875,1,0.2379606035020616,-0.2130228877067566,1,3.694183349609375
5345.214,110,7,4,1,"{'TopLeft': 0.7272114317029974, 'TopRight': 0.5600159273722156, 'BottomLeft': 0.5979293994002424, 'BottomRight': 0.6464101615137755}","{'TopLeft': 0.016440951024970202, 'TopRight': 0.010936601811691784, 'BottomLeft': 0.011114894791695907, 'BottomRight': 0.01299038105676658}",shapes_on_1,1,0.22730191548665363,-0.24040091037750244,1,3.64202880859375,1,0.2339872784084744,-0.21434462070465088,1,3.688018798828125
5361.88,110,7,4,1,"{'TopLeft': 0.7272114317029974, 'TopRight': 0.5600159273722156, 'BottomLeft': 0.5979293994002424, 'BottomRight': 0.6464101615137755}","{'TopLeft': 0.016440951024970202, 'TopRight': 0.010936601811691784, 'BottomLeft': 0.011114894791695907, 'BottomRight': 0.01299038105676658}",shapes_on_1,1,0.22204822964138454,-0.23739337921142578,1,3.6438751220703125,1,0.23507308959960938,-0.21569126844406128,1,3.6891937255859375
5378.548,110,7,4,1,"{'TopLeft': 0.7272114317029974, 'TopRight': 0.5600159273722156, 'BottomLeft': 0.5979293994002424, 'BottomRight': 0.6464101615137755}","{'TopLeft': 0.016440951024970202, 'TopRight': 0.010936601811691784, 'BottomLeft': 0.011114894791695907, 'BottomRight': 0.01299038105676658}",shapes_on_1,1,0.2229705386691623,-0.2403120994567871,1,3.6362152099609375,1,0.2338936063978407,-0.2161424160003662,1,3.6859893798828125
5395.215,110,7,4,1,"{'TopLeft': 0.7272114317029974, 'TopRight': 0.5600159273722156, 'BottomLeft': 0.5979293994002424, 'BottomRight': 0.6464101615137755}","{'TopLeft': 0.016440951024970202, 'TopRight': 0.010936601811691784, 'BottomLeft': 0.011114894791695907, 'BottomRight': 0.01299038105676658}",shapes_on_1,1,0.2291126251220703,-0.24649083614349365,1,3.6438751220703125,1,0.2345855500962999,-0.21507525444030762,1,3.685882568359375
5411.881,110,7,4,1,"{'TopLeft': 0.7272114317029974, 'TopRight': 0.5600159273722156, 'BottomLeft': 0.5979293994002424, 'BottomRight': 0.6464101615137755}","{'TopLeft': 0.016440951024970202, 'TopRight': 0.010936601811691784, 'BottomLeft': 0.011114894791695907, 'BottomRight': 0.01299038105676658}",shapes_on_1,1,0.2250821855333116,-0.24057066440582275,1,3.6429595947265625,1,0.23653443654378253,-0.21518170833587646,1,3.6844940185546875
5428.548,110,7,4,1,"{'TopLeft': 0.7272114317029974, 'TopRight': 0.5600159273722156, 'BottomLeft': 0.5979293994002424, 'BottomRight': 0.6464101615137755}","{'TopLeft': 0.016440951024970202, 'TopRight': 0.010936601811691784, 'BottomLeft': 0.011114894791695907, 'BottomRight': 0.01299038105676658}",shapes_on_1,1,0.22337765163845485,-0.23778724670410156,1,3.6484375,1,0.23295635647243923,-0.2136671543121338,1,3.6927032470703125
5445.216,110,7,4,1,"{'TopLeft': 0.7272114317029974, 'TopRight': 0.5600159273722156, 'BottomLeft': 0.5979293994002424, 'BottomRight': 0.6464101615137755}","{'TopLeft': 0.016440951024970202, 'TopRight': 0.010936601811691784, 'BottomLeft': 0.011114894791695907, 'BottomRight': 0.01299038105676658}",shapes_on_1,1,0.22415362464057073,-0.24190115928649902,1,3.6507110595703125,1,0.23774549696180555,-0.21235322952270508,1,3.68829345703125
5461.882,110,7,4,1,"{'TopLeft': 0.7272114317029974, 'TopRight': 0.5600159273722156, 'BottomLeft': 0.5979293994002424, 'BottomRight': 0.6464101615137755}","{'TopLeft': 0.016440951024970202, 'TopRight': 0.010936601811691784, 'BottomLeft': 0.011114894791695907, 'BottomRight': 0.01299038105676658}",shapes_on_1,1,0.2280101776123047,-0.23864108324050903,1,3.6608428955078125,1,0.23320812649197048,-0.21090465784072876,1,3.6945648193359375
5478.55,110,7,4,1,"{'TopLeft': 0.7272114317029974, 'TopRight': 0.5600159273722156, 'BottomLeft': 0.5979293994002424, 'BottomRight': 0.6464101615137755}","{'TopLeft': 0.016440951024970202, 'TopRight': 0.010936601811691784, 'BottomLeft': 0.011114894791695907, 'BottomRight': 0.01299038105676658}",shapes_on_1,1,0.22501002417670354,-0.24244415760040283,1,3.66424560546875,1,0.23422972361246744,-0.214449942111969,1,3.6959381103515625
5495.217,110,7,4,1,"{'TopLeft': 0.7272114317029974, 'TopRight': 0.5600159273722156, 'BottomLeft': 0.5979293994002424, 'BottomRight': 0.6464101615137755}","{'TopLeft': 0.016440951024970202, 'TopRight': 0.010936601811691784, 'BottomLeft': 0.011114894791695907, 'BottomRight': 0.01299038105676658}",shapes_on_1,1,0.22652255164252386,-0.2381044626235962,1,3.6753082275390625,1,0.23125892215304902,-0.21456098556518555,1,3.7024688720703125
5511.883,110,7,4,1,"{'TopLeft': 0.7272114317029974, 'TopRight': 0.5600159273722156, 'BottomLeft': 0.5979293994002424, 'BottomRight': 0.6464101615137755}","{'TopLeft': 0.016440951024970202, 'TopRight': 0.010936601811691784, 'BottomLeft': 0.011114894791695907, 'BottomRight': 0.01299038105676658}",shapes_on_1,1,0.22303475273980033,-0.23893487453460693,1,3.683013916015625,1,0.23518678877088758,-0.21278733015060425,1,3.704071044921875
5528.551,110,7,4,1,"{'TopLeft': 0.7272114317029974, 'TopRight': 0.5600159273722156, 'BottomLeft': 0.5979293994002424, 'BottomRight': 0.6464101615137755}","{'TopLeft': 0.016440951024970202, 'TopRight': 0.010936601811691784, 'BottomLeft': 0.011114894791695907, 'BottomRight': 0.01299038105676658}",shapes_on_1,1,0.22670661078559026,-0.2395607829093933,1,3.692352294921875,1,0.23291619618733722,-0.2107689380645752,1,3.716278076171875
5545.218,110,7,4,1,"{'TopLeft': 0.7272114317029974, 'TopRight': 0.5600159273722156, 'BottomLeft': 0.5979293994002424, 'BottomRight': 0.6464101615137755}","{'TopLeft': 0.016440951024970202, 'TopRight': 0.010936601811691784, 'BottomLeft': 0.011114894791695907, 'BottomRight': 0.01299038105676658}",shapes_on_1,1,0.232718997531467,-0.23274534940719604,1,3.6985321044921875,1,0.2297354804144965,-0.19507235288619995,1,3.7169647216796875
5561.884,110,7,4,1,"{'TopLeft': 0.7272114317029974, 'TopRight': 0.5600159273722156, 'BottomLeft': 0.5979293994002424, 'BottomRight': 0.6464101615137755}","{'TopLeft': 0.016440951024970202, 'TopRight': 0.010936601811691784, 'BottomLeft': 0.011114894791695907, 'BottomRight': 0.01299038105676658}",shapes_on_1,1,0.2132699754503038,-0.041471779346466064,1,3.719024658203125,1,0.23838170369466144,-0.02399390935897827,1,3.7415313720703125
5578.552,110,7,4,1,"{'TopLeft': 0.7272114317029974, 'TopRight': 0.5600159273722156, 'BottomLeft': 0.5979293994002424, 'BottomRight': 0.6464101615137755}","{'TopLeft': 0.016440951024970202, 'TopRight': 0.010936601811691784, 'BottomLeft': 0.011114894791695907, 'BottomRight': 0.01299038105676658}",shapes_on_1,1,0.1618107689751519,0.07256388664245605,1,3.7315521240234375,1,0.188071780734592,0.07998663187026978,1,3.7585601806640625
5595.219,110,7,4,1,"{'TopLeft': 0.7272114317029974, 'TopRight': 0.5600159273722156, 'BottomLeft': 0.5979293994002424, 'BottomRight': 0.6464101615137755}","{'TopLeft': 0.016440951024970202, 'TopRight': 0.010936601811691784, 'BottomLeft': 0.011114894791695907, 'BottomRight': 0.01299038105676658}",shapes_on_1,1,0.13853147294786242,0.16868838667869568,1,3.7496795654296875,1,0.152957280476888,0.1592368483543396,1,3.7862396240234375
5611.885,110,7,4,1,"{'TopLeft': 0.7272114317029974, 'TopRight': 0.5600159273722156, 'BottomLeft': 0.5979293994002424, 'BottomRight': 0.6464101615137755}","{'TopLeft': 0.016440951024970202, 'TopRight': 0.010936601811691784, 'BottomLeft': 0.011114894791695907, 'BottomRight': 0.01299038105676658}",shapes_on_1,1,0.13856771257188585,0.16893267631530762,1,3.7543792724609375,1,0.13762622409396702,0.16476091742515564,1,3.7945709228515625
5628.553,110,7,4,1,"{'TopLeft': 0.7272114317029974, 'TopRight': 0.5600159273722156, 'BottomLeft': 0.5979293994002424, 'BottomRight': 0.6464101615137755}","{'TopLeft': 0.016440951024970202, 'TopRight': 0.010936601811691784, 'BottomLeft': 0.011114894791695907, 'BottomRight': 0.01299038105676658}",shapes_on_1,1,0.1391941706339518,0.17366212606430054,1,3.7697601318359375,1,0.12920580969916448,0.17194944620132446,1,3.802490234375
5645.22,110,7,4,1,"{'TopLeft': 0.7272114317029974, 'TopRight': 0.5600159273722156, 'BottomLeft': 0.5979293994002424, 'BottomRight': 0.6464101615137755}","{'TopLeft': 0.016440951024970202, 'TopRight': 0.010936601811691784, 'BottomLeft': 0.011114894791695907, 'BottomRight': 0.01299038105676658}",shapes_on_1,1,0.1374034881591797,0.17785221338272095,1,3.7698211669921875,1,0.12877527872721353,0.17781245708465576,1,3.81243896484375
5661.887,110,7,4,1,"{'TopLeft': 0.7272114317029974, 'TopRight': 0.5600159273722156, 'BottomLeft': 0.5979293994002424, 'BottomRight': 0.6464101615137755}","{'TopLeft': 0.016440951024970202, 'TopRight': 0.010936601811691784, 'BottomLeft': 0.011114894791695907, 'BottomRight': 0.01299038105676658}",shapes_on_1,1,0.13793182373046875,0.17536181211471558,1,3.7812652587890625,1,0.1275615692138672,0.17745018005371094,1,3.8279876708984375
5678.554,110,7,4,1,"{'TopLeft': 0.7272114317029974, 'TopRight': 0.5600159273722156, 'BottomLeft': 0.5979293994002424, 'BottomRight': 0.6464101615137755}","{'TopLeft': 0.016440951024970202, 'TopRight': 0.010936601811691784, 'BottomLeft': 0.011114894791695907, 'BottomRight': 0.01299038105676658}",shapes_on_1,1,0.1372534434000651,0.18080994486808777,1,3.7867584228515625,1,0.12836922539605033,0.17971360683441162,1,3.838134765625
5695.221,110,7,4,1,"{'TopLeft': 0.7272114317029974, 'TopRight': 0.5600159273722156, 'BottomLeft': 0.5979293994002424, 'BottomRight': 0.6464101615137755}","{'TopLeft': 0.016440951024970202, 'TopRight': 0.010936601811691784, 'BottomLeft': 0.011114894791695907, 'BottomRight': 0.01299038105676658}",shapes_on_1,1,0.13862715827094182,0.18076759576797485,1,3.7996826171875,1,0.12682437896728516,0.17516818642616272,1,3.850067138671875
5711.888,110,7,4,1,"{'TopLeft': 0.7272114317029974, 'TopRight': 0.5600159273722156, 'BottomLeft': 0.5979293994002424, 'BottomRight': 0.6464101615137755}","{'TopLeft': 0.016440951024970202, 'TopRight': 0.010936601811691784, 'BottomLeft': 0.011114894791695907, 'BottomRight': 0.01299038105676658}",shapes_on_1,1,0.1406935585869683,0.18102392554283142,1,3.8018798828125,1,0.12684737311469182,0.1809273660182953,1,3.8602447509765625
5728.555,110,7,4,1,"{'TopLeft': 0.7272114317029974, 'TopRight': 0.5600159273722156, 'BottomLeft': 0.5979293994002424, 'BottomRight': 0.6464101615137755}","{'TopLeft': 0.016440951024970202, 'TopRight': 0.010936601811691784, 'BottomLeft': 0.011114894791695907, 'BottomRight': 0.01299038105676658}",shapes_on_1,1,0.14464664459228516,0.1771966814994812,1,3.8087921142578125,1,0.12469493018256293,0.17423081398010254,1,3.8705291748046875
5745.222,110,7,4,1,"{'TopLeft': 0.7272114317029974, 'TopRight': 0.5600159273722156, 'BottomLeft': 0.5979293994002424, 'BottomRight': 0.6464101615137755}","{'TopLeft': 0.016440951024970202, 'TopRight': 0.010936601811691784, 'BottomLeft': 0.011114894791695907, 'BottomRight': 0.01299038105676658}",animate_shapes,1,0.13909742567274305,0.17783957719802856,1,3.808441162109375,1,0.12561024559868705,0.1847725510597229,1,3.87261962890625
5761.889,110,7,4,1,"{'TopLeft': 0.7272114317029974, 'TopRight': 0.5600159273722156, 'BottomLeft': 0.5979293994002424, 'BottomRight': 0.6464101615137755}","{'TopLeft': 0.016440951024970202, 'TopRight': 0.010936601811691784, 'BottomLeft': 0.011114894791695907, 'BottomRight': 0.01299038105676658}",animate_shapes,1,0.14135487874348956,0.1781902313232422,1,3.81695556640625,1,0.122417238023546,0.1768171191215515,1,3.8825531005859375
5778.557,110,7,4,1,"{'TopLeft': 0.7272114317029974, 'TopRight': 0.5600159273722156, 'BottomLeft': 0.5979293994002424, 'BottomRight': 0.6464101615137755}","{'TopLeft': 0.016440951024970202, 'TopRight': 0.010936601811691784, 'BottomLeft': 0.011114894791695907, 'BottomRight': 0.01299038105676658}",animate_shapes,1,0.13771968417697483,0.17935854196548462,1,3.821807861328125,1,0.12747796376546222,0.1785905361175537,1,3.8880157470703125
5795.224,110,7,4,1,"{'TopLeft': 0.7272114317029974, 'TopRight': 0.5600159273722156, 'BottomLeft': 0.5979293994002424, 'BottomRight': 0.6464101615137755}","{'TopLeft': 0.016440951024970202, 'TopRight': 0.010936601811691784, 'BottomLeft': 0.011114894791695907, 'BottomRight': 0.01299038105676658}",animate_shapes,1,0.1411709255642361,0.17946824431419373,1,3.8184051513671875,1,0.12209945254855685,0.17622384428977966,1,3.8985748291015625
5811.89,110,7,4,1,"{'TopLeft': 0.7272114317029974, 'TopRight': 0.5600159273722156, 'BottomLeft': 0.5979293994002424, 'BottomRight': 0.6464101615137755}","{'TopLeft': 0.016440951024970202, 'TopRight': 0.010936601811691784, 'BottomLeft': 0.011114894791695907, 'BottomRight': 0.01299038105676658}",animate_shapes,1,0.13739034864637586,0.1775990128517151,1,3.8207550048828125,1,0.12445916069878471,0.18132874369621277,1,3.9006500244140625
5828.557,110,7,4,1,"{'TopLeft': 0.7272114317029974, 'TopRight': 0.5600159273722156, 'BottomLeft': 0.5979293994002424, 'BottomRight': 0.6464101615137755}","{'TopLeft': 0.016440951024970202, 'TopRight': 0.010936601811691784, 'BottomLeft': 0.011114894791695907, 'BottomRight': 0.01299038105676658}",animate_shapes,1,0.1417626274956597,0.17610886693000793,1,3.8208160400390625,1,0.12134393056233723,0.17752337455749512,1,3.9071807861328125
5845.224,110,7,4,1,"{'TopLeft': 0.7272114317029974, 'TopRight': 0.5600159273722156, 'BottomLeft': 0.5979293994002424, 'BottomRight': 0.6464101615137755}","{'TopLeft': 0.016440951024970202, 'TopRight': 0.010936601811691784, 'BottomLeft': 0.011114894791695907, 'BottomRight': 0.01299038105676658}",animate_shapes,1,0.1379884084065755,0.1779206097126007,1,3.8179473876953125,1,0.12132030063205294,0.17598307132720947,1,3.9124755859375
5861.89,110,7,4,1,"{'TopLeft': 0.7272114317029974, 'TopRight': 0.5600159273722156, 'BottomLeft': 0.5979293994002424, 'BottomRight': 0.6464101615137755}","{'TopLeft': 0.016440951024970202, 'TopRight': 0.010936601811691784, 'BottomLeft': 0.011114894791695907, 'BottomRight': 0.01299038105676658}",animate_shapes,1,0.14189285702175564,0.17548704147338867,1,3.8250885009765625,1,0.12429205576578775,0.16772037744522095,1,3.9261932373046875
5878.557,110,7,4,1,"{'TopLeft': 0.7272114317029974, 'TopRight': 0.5600159273722156, 'BottomLeft': 0.5979293994002424, 'BottomRight': 0.6464101615137755}","{'TopLeft': 0.016440951024970202, 'TopRight': 0.010936601811691784, 'BottomLeft': 0.011114894791695907, 'BottomRight': 0.01299038105676658}",animate_shapes,1,0.1380973392062717,0.17275962233543396,1,3.824249267578125,1,0.12392923567030165,0.17474883794784546,1,3.9236602783203125
5895.224,110,7,4,1,"{'TopLeft': 0.7272114317029974, 'TopRight': 0.5600159273722156, 'BottomLeft': 0.5979293994002424, 'BottomRight': 0.6464101615137755}","{'TopLeft': 0.016440951024970202, 'TopRight': 0.010936601811691784, 'BottomLeft': 0.011114894791695907, 'BottomRight': 0.01299038105676658}",animate_shapes,1,0.14281315273708767,0.1730426549911499,1,3.8292999267578125,1,0.12424596150716145,0.1744212806224823,1,3.9248046875
5911.891,110,7,4,1,"{'TopLeft': 0.7272114317029974, 'TopRight': 0.5600159273722156, 'BottomLeft': 0.5979293994002424, 'BottomRight': 0.6464101615137755}","{'TopLeft': 0.016440951024970202, 'TopRight': 0.010936601811691784, 'BottomLeft': 0.011114894791695907, 'BottomRight': 0.01299038105676658}",animate_shapes,1,0.13631121317545572,0.17572957277297974,1,3.83270263671875,1,0.12452019585503471,0.17069846391677856,1,3.9346771240234375
5928.558,110,7,4,1,"{'TopLeft': 0.7272114317029974, 'TopRight': 0.5600159273722156, 'BottomLeft': 0.5979293994002424, 'BottomRight': 0.6464101615137755}","{'TopLeft': 0.016440951024970202, 'TopRight': 0.010936601811691784, 'BottomLeft': 0.011114894791695907, 'BottomRight': 0.01299038105676658}",animate_shapes,1,0.1359570821126302,0.17713308334350586,1,3.8313446044921875,1,0.12668143378363714,0.1778823435306549,1,3.936279296875
5945.225,110,7,4,1,"{'TopLeft': 0.7272114317029974, 'TopRight': 0.5600159273722156, 'BottomLeft': 0.5979293994002424, 'BottomRight': 0.6464101615137755}","{'TopLeft': 0.016440951024970202, 'TopRight': 0.010936601811691784, 'BottomLeft': 0.011114894791695907, 'BottomRight': 0.01299038105676658}",animate_shapes,1,0.1375001271565755,0.17412540316581726,1,3.8384552001953125,1,0.12441274854871961,0.17559495568275452,1,3.945465087890625
5961.891,110,7,4,1,"{'TopLeft': 0.7272114317029974, 'TopRight': 0.5600159273722156, 'BottomLeft': 0.5979293994002424, 'BottomRight': 0.6464101615137755}","{'TopLeft': 0.016440951024970202, 'TopRight': 0.010936601811691784, 'BottomLeft': 0.011114894791695907, 'BottomRight': 0.01299038105676658}",animate_shapes,1,0.13535859849717882,0.17147544026374817,1,3.84503173828125,1,0.12797429826524523,0.17464923858642578,1,3.9499969482421875
5978.558,110,7,4,1,"{'TopLeft': 0.7272114317029974, 'TopRight': 0.5600159273722156, 'BottomLeft': 0.5979293994002424, 'BottomRight': 0.6464101615137755}","{'TopLeft': 0.016440951024970202, 'TopRight': 0.010936601811691784, 'BottomLeft': 0.011114894791695907, 'BottomRight': 0.01299038105676658}",animate_shapes,1,0.13373523288302952,0.17733487486839294,1,3.8542022705078125,1,0.12452475229899088,0.17147094011306763,1,3.956787109375
5995.225,110,7,4,1,"{'TopLeft': 0.7272114317029974, 'TopRight': 0.5600159273722156, 'BottomLeft': 0.5979293994002424, 'BottomRight': 0.6464101615137755}","{'TopLeft': 0.016440951024970202, 'TopRight': 0.010936601811691784, 'BottomLeft': 0.011114894791695907, 'BottomRight': 0.01299038105676658}",animate_shapes,1,0.1352950202094184,0.17235487699508667,1,3.859039306640625,1,0.12953906589084202,0.1761099100112915,1,3.9575958251953125
6011.891,110,7,4,1,"{'TopLeft': 0.7272114317029974, 'TopRight': 0.5600159273722156, 'BottomLeft': 0.5979293994002424, 'BottomRight': 0.6464101615137755}","{'TopLeft': 0.016440951024970202, 'TopRight': 0.010936601811691784, 'BottomLeft': 0.011114894791695907, 'BottomRight': 0.01299038105676658}",animate_shapes,1,0.13603189256456164,0.17264646291732788,1,3.8688201904296875,1,0.1255985895792643,0.1729770302772522,1,3.9749755859375
6028.558,110,7,4,1,"{'TopLeft': 0.7272114317029974, 'TopRight': 0.5600159273722156, 'BottomLeft': 0.5979293994002424, 'BottomRight': 0.6464101615137755}","{'TopLeft': 0.016440951024970202, 'TopRight': 0.010936601811691784, 'BottomLeft': 0.011114894791695907, 'BottomRight': 0.01299038105676658}",animate_shapes,1,0.13742277357313368,0.17490637302398682,1,3.87579345703125,1,0.12192630767822266,0.17542782425880432,1,3.979217529296875
6045.226,110,7,4,1,"{'TopLeft': 0.7272114317029974, 'TopRight': 0.5600159273722156, 'BottomLeft': 0.5979293994002424, 'BottomRight': 0.6464101615137755}","{'TopLeft': 0.016440951024970202, 'TopRight': 0.010936601811691784, 'BottomLeft': 0.011114894791695907, 'BottomRight': 0.01299038105676658}",animate_shapes,1,0.1378796895345052,0.16858702898025513,1,3.884613037109375,1,0.12256897820366752,0.16917648911476135,1,3.9949951171875
6061.892,110,7,4,1,"{'TopLeft': 0.7272114317029974, 'TopRight': 0.5600159273722156, 'BottomLeft': 0.5979293994002424, 'BottomRight': 0.6464101615137755}","{'TopLeft': 0.016440951024970202, 'TopRight': 0.010936601811691784, 'BottomLeft': 0.011114894791695907, 'BottomRight': 0.01299038105676658}",animate_shapes,1,0.13514603508843315,0.169819176197052,1,3.8907012939453125,1,0.12448883056640625,0.1676541268825531,1,3.994842529296875
6078.559,110,7,4,1,"{'TopLeft': 0.7272114317029974, 'TopRight': 0.5600159273722156, 'BottomLeft': 0.5979293994002424, 'BottomRight': 0.6464101615137755}","{'TopLeft': 0.016440951024970202, 'TopRight': 0.010936601811691784, 'BottomLeft': 0.011114894791695907, 'BottomRight': 0.01299038105676658}",animate_shapes,1,0.13638093736436632,0.1729711890220642,1,3.90203857421875,1,0.12699762980143228,0.1728076934814453,1,4.0057220458984375
6095.226,110,7,4,1,"{'TopLeft': 0.7272114317029974, 'TopRight': 0.5600159273722156, 'BottomLeft': 0.5979293994002424, 'BottomRight': 0.6464101615137755}","{'TopLeft': 0.016440951024970202, 'TopRight': 0.010936601811691784, 'BottomLeft': 0.011114894791695907, 'BottomRight': 0.01299038105676658}",animate_shapes,1,0.136323610941569,0.16937151551246643,1,3.91082763671875,1,0.13023164537217882,0.17039722204208374,1,4.0120697021484375
6111.892,110,7,4,1,"{'TopLeft': 0.7272114317029974, 'TopRight': 0.5600159273722156, 'BottomLeft': 0.5979293994002424, 'BottomRight': 0.6464101615137755}","{'TopLeft': 0.016440951024970202, 'TopRight': 0.010936601811691784, 'BottomLeft': 0.011114894791695907, 'BottomRight': 0.01299038105676658}",animate_shapes,1,0.1376781463623047,0.16994357109069824,1,3.9185333251953125,1,0.12765185038248697,0.16730615496635437,1,4.027252197265625
6128.559,110,7,4,1,"{'TopLeft': 0.7272114317029974, 'TopRight': 0.5600159273722156, 'BottomLeft': 0.5979293994002424, 'BottomRight': 0.6464101615137755}","{'TopLeft': 0.016440951024970202, 'TopRight': 0.010936601811691784, 'BottomLeft': 0.011114894791695907, 'BottomRight': 0.01299038105676658}",animate_shapes,1,0.13379054599338108,0.16972094774246216,1,3.926605224609375,1,0.12996853722466362,0.1683984398841858,1,4.0306549072265625
6145.226,110,7,4,1,"{'TopLeft': 0.7272114317029974, 'TopRight': 0.5600159273722156, 'BottomLeft': 0.5979293994002424, 'BottomRight': 0.6464101615137755}","{'TopLeft': 0.016440951024970202, 'TopRight': 0.010936601811691784, 'BottomLeft': 0.011114894791695907, 'BottomRight': 0.01299038105676658}",animate_shapes,1,0.14270093705919054,0.16991066932678223,1,3.936279296875,1,0.1265620125664605,0.1676117181777954,1,4.0437774658203125
6161.892,110,7,4,1,"{'TopLeft': 0.7272114317029974, 'TopRight': 0.5600159273722156, 'BottomLeft': 0.5979293994002424, 'BottomRight': 0.6464101615137755}","{'TopLeft': 0.016440951024970202, 'TopRight': 0.010936601811691784, 'BottomLeft': 0.011114894791695907, 'BottomRight': 0.01299038105676658}",animate_shapes,1,0.1396138932969835,0.16889244318008423,1,3.9400787353515625,1,0.13075213962131077,0.1642901599407196,1,4.049560546875
6178.559,110,7,4,1,"{'TopLeft': 0.7272114317029974, 'TopRight': 0.5600159273722156, 'BottomLeft': 0.5979293994002424, 'BottomRight': 0.6464101615137755}","{'TopLeft': 0.016440951024970202, 'TopRight': 0.010936601811691784, 'BottomLeft': 0.011114894791695907, 'BottomRight': 0.01299038105676658}",animate_shapes,1,0.13642395867241752,0.16217643022537231,1,3.9581146240234375,1,0.12860128614637586,0.16189754009246826,1,4.0632476806640625
6195.227,110,7,4,1,"{'TopLeft': 0.7272114317029974, 'TopRight': 0.5600159273722156, 'BottomLeft': 0.5979293994002424, 'BottomRight': 0.6464101615137755}","{'TopLeft': 0.016440951024970202, 'TopRight': 0.010936601811691784, 'BottomLeft': 0.011114894791695907, 'BottomRight': 0.01299038105676658}",animate_shapes,1,0.1417046652899848,0.16757211089134216,1,3.956329345703125,1,0.13064808315700954,0.16114342212677002,1,4.0717620849609375
6211.893,110,7,4,1,"{'TopLeft': 0.7272114317029974, 'TopRight': 0.5600159273722156, 'BottomLeft': 0.5979293994002424, 'BottomRight': 0.6464101615137755}","{'TopLeft': 0.016440951024970202, 'TopRight': 0.010936601811691784, 'BottomLeft': 0.011114894791695907, 'BottomRight': 0.01299038105676658}",animate_shapes,1,0.14025666978624132,0.16888684034347534,1,3.967193603515625,1,0.12835926479763454,0.16472238302230835,1,4.0770416259765625
6228.56,110,7,4,1,"{'TopLeft': 0.7272114317029974, 'TopRight': 0.5600159273722156, 'BottomLeft': 0.5979293994002424, 'BottomRight': 0.6464101615137755}","{'TopLeft': 0.016440951024970202, 'TopRight': 0.010936601811691784, 'BottomLeft': 0.011114894791695907, 'BottomRight': 0.01299038105676658}",animate_shapes,1,0.14069811503092447,0.16895583271980286,1,3.9677581787109375,1,0.1363709767659505,0.16828978061676025,1,4.0759735107421875
6245.227,110,7,4,1,"{'TopLeft': 0.7272114317029974, 'TopRight': 0.5600159273722156, 'BottomLeft': 0.5979293994002424, 'BottomRight': 0.6464101615137755}","{'TopLeft': 0.016440951024970202, 'TopRight': 0.010936601811691784, 'BottomLeft': 0.011114894791695907, 'BottomRight': 0.01299038105676658}",animate_shapes,1,0.1476692623562283,0.16087377071380615,1,3.9896697998046875,1,0.13411468929714626,0.15960946679115295,1,4.0851287841796875
6261.893,110,7,4,1,"{'TopLeft': 0.7272114317029974, 'TopRight': 0.5600159273722156, 'BottomLeft': 0.5979293994002424, 'BottomRight': 0.6464101615137755}","{'TopLeft': 0.016440951024970202, 'TopRight': 0.010936601811691784, 'BottomLeft': 0.011114894791695907, 'BottomRight': 0.01299038105676658}",animate_shapes,1,0.14173380533854166,0.16689899563789368,1,3.990203857421875,1,0.13851960500081378,0.16214019060134888,1,4.096649169921875
6278.56,110,7,4,1,"{'TopLeft': 0.7272114317029974, 'TopRight': 0.5600159273722156, 'BottomLeft': 0.5979293994002424, 'BottomRight': 0.6464101615137755}","{'TopLeft': 0.016440951024970202, 'TopRight': 0.010936601811691784, 'BottomLeft': 0.011114894791695907, 'BottomRight': 0.01299038105676658}",animate_shapes,1,0.144320805867513,0.16702765226364136,1,3.99285888671875,1,0.13441573248969182,0.16156575083732605,1,4.1028900146484375
6295.227,110,7,4,1,"{'TopLeft': 0.7272114317029974, 'TopRight': 0.5600159273722156, 'BottomLeft': 0.5979293994002424, 'BottomRight': 0.6464101615137755}","{'TopLeft': 0.016440951024970202, 'TopRight': 0.010936601811691784, 'BottomLeft': 0.011114894791695907, 'BottomRight': 0.01299038105676658}",animate_shapes,1,0.1411232418484158,0.1660718023777008,1,3.9997711181640625,1,0.13921727074517143,0.16173413395881653,1,4.1035919189453125
6311.893,110,7,4,1,"{'TopLeft': 0.7272114317029974, 'TopRight': 0.5600159273722156, 'BottomLeft': 0.5979293994002424, 'BottomRight': 0.6464101615137755}","{'TopLeft': 0.016440951024970202, 'TopRight': 0.010936601811691784, 'BottomLeft': 0.011114894791695907, 'BottomRight': 0.01299038105676658}",animate_shapes,1,0.1443734698825412,0.13699865341186523,1,4.009552001953125,1,0.13861974080403644,0.14921429753303528,1,4.114044189453125
6328.561,110,7,4,1,"{'TopLeft': 0.7272114317029974, 'TopRight': 0.5600159273722156, 'BottomLeft': 0.5979293994002424, 'BottomRight': 0.6464101615137755}","{'TopLeft': 0.016440951024970202, 'TopRight': 0.010936601811691784, 'BottomLeft': 0.011114894791695907, 'BottomRight': 0.01299038105676658}",animate_shapes,1,0.15767712063259548,-0.20354491472244263,1,4.013336181640625,1,0.12260225084092881,-0.1677027940750122,1,4.110595703125
6345.228,110,7,4,1,"{'TopLeft': 0.7272114317029974, 'TopRight': 0.5600159273722156, 'BottomLeft': 0.5979293994002424, 'BottomRight': 0.6464101615137755}","{'TopLeft': 0.016440951024970202, 'TopRight': 0.010936601811691784, 'BottomLeft': 0.011114894791695907, 'BottomRight': 0.01299038105676658}",animate_shapes,1,0.1460045708550347,-0.298775851726532,1,4.0084991455078125,1,0.11478508843315971,-0.25876522064208984,1,4.1142578125
6361.894,110,7,4,1,"{'TopLeft': 0.7272114317029974, 'TopRight': 0.5600159273722156, 'BottomLeft': 0.5979293994002424, 'BottomRight': 0.6464101615137755}","{'TopLeft': 0.016440951024970202, 'TopRight': 0.010936601811691784, 'BottomLeft': 0.011114894791695907, 'BottomRight': 0.01299038105676658}",animate_shapes,1,0.14832719167073566,-0.3327257037162781,1,4.0004425048828125,1,0.11147912343343098,-0.30198562145233154,1,4.09619140625
6378.561,110,7,4,1,"{'TopLeft': 0.7272114317029974, 'TopRight': 0.5600159273722156, 'BottomLeft': 0.5979293994002424, 'BottomRight': 0.6464101615137755}","{'TopLeft': 0.016440951024970202, 'TopRight': 0.010936601811691784, 'BottomLeft': 0.011114894791695907, 'BottomRight': 0.01299038105676658}",animate_shapes,1,0.1373163859049479,-0.3681352138519287,1,3.999603271484375,1,0.11499235365125868,-0.3252493739128113,1,4.0969085693359375
6395.228,110,7,4,1,"{'TopLeft': 0.7272114317029974, 'TopRight': 0.5600159273722156, 'BottomLeft': 0.5979293994002424, 'BottomRight': 0.6464101615137755}","{'TopLeft': 0.016440951024970202, 'TopRight': 0.010936601811691784, 'BottomLeft': 0.011114894791695907, 'BottomRight': 0.01299038105676658}",animate_shapes,1,0.13720809088812932,-0.3437197208404541,1,3.99554443359375,1,0.1279642317030165,-0.30561381578445435,1,4.0904083251953125
6411.894,110,7,4,1,"{'TopLeft': 0.7272114317029974, 'TopRight': 0.5600159273722156, 'BottomLeft': 0.5979293994002424, 'BottomRight': 0.6464101615137755}","{'TopLeft': 0.016440951024970202, 'TopRight': 0.010936601811691784, 'BottomLeft': 0.011114894791695907, 'BottomRight': 0.01299038105676658}",animate_shapes,1,0.13529141743977863,-0.3514738082885742,1,3.998291015625,1,0.12244966295030381,-0.31458818912506104,1,4.0899505615234375
6428.561,110,7,4,1,"{'TopLeft': 0.7272114317029974, 'TopRight': 0.5600159273722156, 'BottomLeft': 0.5979293994002424, 'BottomRight': 0.6464101615137755}","{'TopLeft': 0.016440951024970202, 'TopRight': 0.010936601811691784, 'BottomLeft': 0.011114894791695907, 'BottomRight': 0.01299038105676658}",animate_shapes,1,0.13611412048339844,-0.3503948450088501,1,4.001373291015625,1,0.12691317664252386,-0.312572717666626,1,4.0932159423828125
6445.228,110,7,4,1,"{'TopLeft': 0.7272114317029974, 'TopRight': 0.5600159273722156, 'BottomLeft': 0.5979293994002424, 'BottomRight': 0.6464101615137755}","{'TopLeft': 0.016440951024970202, 'TopRight': 0.010936601811691784, 'BottomLeft': 0.011114894791695907, 'BottomRight': 0.01299038105676658}",animate_shapes,1,0.13509390089246961,-0.3501438498497009,1,4.0065155029296875,1,0.12321609920925564,-0.31234097480773926,1,4.0953521728515625
6461.894,110,7,4,1,"{'TopLeft': 0.7272114317029974, 'TopRight': 0.5600159273722156, 'BottomLeft': 0.5979293994002424, 'BottomRight': 0.6464101615137755}","{'TopLeft': 0.016440951024970202, 'TopRight': 0.010936601811691784, 'BottomLeft': 0.011114894791695907, 'BottomRight': 0.01299038105676658}",animate_shapes,1,0.1302430894639757,-0.34674519300460815,1,4.006317138671875,1,0.12229241265190971,-0.3127448558807373,1,4.096160888671875
6478.562,110,7,4,1,"{'TopLeft': 0.7272114317029974, 'TopRight': 0.5600159273722156, 'BottomLeft': 0.5979293994002424, 'BottomRight': 0.6464101615137755}","{'TopLeft': 0.016440951024970202, 'TopRight': 0.010936601811691784, 'BottomLeft': 0.011114894791695907, 'BottomRight': 0.01299038105676658}",animate_shapes,1,0.13406859503851995,-0.35045909881591797,1,4.0106964111328125,1,0.12403498755560981,-0.31402939558029175,1,4.0953216552734375
6495.229,110,7,4,1,"{'TopLeft': 0.7272114317029974, 'TopRight': 0.5600159273722156, 'BottomLeft': 0.5979293994002424, 'BottomRight': 0.6464101615137755}","{'TopLeft': 0.016440951024970202, 'TopRight': 0.010936601811691784, 'BottomLeft': 0.011114894791695907, 'BottomRight': 0.01299038105676658}",animate_shapes,1,0.13179757859971789,-0.3489276170730591,1,4.01727294921875,1,0.12405384911431205,-0.31349921226501465,1,4.096588134765625
6511.895,110,7,4,1,"{'TopLeft': 0.7272114317029974, 'TopRight': 0.5600159273722156, 'BottomLeft': 0.5979293994002424, 'BottomRight': 0.6464101615137755}","{'TopLeft': 0.016440951024970202, 'TopRight': 0.010936601811691784, 'BottomLeft': 0.011114894791695907, 'BottomRight': 0.01299038105676658}",animate_shapes,1,0.1352750990125868,-0.3537808656692505,1,4.02325439453125,1,0.12152396308051215,-0.31258857250213623,1,4.1010894775390625
6528.562,110,7,4,1,"{'TopLeft': 0.7272114317029974, 'TopRight': 0.5600159273722156, 'BottomLeft': 0.5979293994002424, 'BottomRight': 0.6464101615137755}","{'TopLeft': 0.016440951024970202, 'TopRight': 0.010936601811691784, 'BottomLeft': 0.011114894791695907, 'BottomRight': 0.01299038105676658}",animate_shapes,1,0.13204405042860243,-0.35507732629776,1,4.025177001953125,1,0.1268344455295139,-0.31527388095855713,1,4.1036529541015625
6545.229,110,7,4,1,"{'TopLeft': 0.7272114317029974, 'TopRight': 0.5600159273722156, 'BottomLeft': 0.5979293994002424, 'BottomRight': 0.6464101615137755}","{'TopLeft': 0.016440951024970202, 'TopRight': 0.010936601811691784, 'BottomLeft': 0.011114894791695907, 'BottomRight': 0.01299038105676658}",animate_shapes,1,0.13501358032226562,-0.3580143451690674,1,4.0242156982421875,1,0.12856600019666883,-0.31517672538757324,1,4.100799560546875
6561.895,110,7,4,1,"{'TopLeft': 0.7272114317029974, 'TopRight': 0.5600159273722156, 'BottomLeft': 0.5979293994002424, 'BottomRight': 0.6464101615137755}","{'TopLeft': 0.016440951024970202, 'TopRight': 0.010936601811691784, 'BottomLeft': 0.011114894791695907, 'BottomRight': 0.01299038105676658}",animate_shapes,1,0.13161563873291016,-0.35912060737609863,1,4.017913818359375,1,0.12619527180989581,-0.32045215368270874,1,4.092803955078125
6578.562,110,7,4,1,"{'TopLeft': 0.7272114317029974, 'TopRight': 0.5600159273722156, 'BottomLeft': 0.5979293994002424, 'BottomRight': 0.6464101615137755}","{'TopLeft': 0.016440951024970202, 'TopRight': 0.010936601811691784, 'BottomLeft': 0.011114894791695907, 'BottomRight': 0.01299038105676658}",animate_shapes,1,0.1313670476277669,-0.35815680027008057,1,4.004791259765625,1,0.12502829233805338,-0.31643009185791016,1,4.082183837890625
6595.229,110,7,4,1,"{'TopLeft': 0.7272114317029974, 'TopRight': 0.5600159273722156, 'BottomLeft': 0.5979293994002424, 'BottomRight': 0.6464101615137755}","{'TopLeft': 0.016440951024970202, 'TopRight': 0.010936601811691784, 'BottomLeft': 0.011114894791695907, 'BottomRight': 0.01299038105676658}",animate_shapes,1,0.12851068708631727,-0.3587675094604492,1,3.986358642578125,1,0.12742392222086588,-0.32499802112579346,1,4.06463623046875
6611.896,110,7,4,1,"{'TopLeft': 0.7272114317029974, 'TopRight': 0.5600159273722156, 'BottomLeft': 0.5979293994002424, 'BottomRight': 0.6464101615137755}","{'TopLeft': 0.016440951024970202, 'TopRight': 0.010936601811691784, 'BottomLeft': 0.011114894791695907, 'BottomRight': 0.01299038105676658}",animate_shapes,1,0.12856483459472656,-0.36135029792785645,1,3.9646759033203125,1,0.12646590338812932,-0.32417619228363037,1,4.044403076171875
6628.563,110,7,4,1,"{'TopLeft': 0.7272114317029974, 'TopRight': 0.5600159273722156, 'BottomLeft': 0.5979293994002424, 'BottomRight': 0.6464101615137755}","{'TopLeft': 0.016440951024970202, 'TopRight': 0.010936601811691784, 'BottomLeft': 0.011114894791695907, 'BottomRight': 0.01299038105676658}",animate_shapes,1,0.13006379869249132,-0.3621929883956909,1,3.9391021728515625,1,0.12830956776936847,-0.3275778889656067,1,4.0174713134765625
6645.23,110,7,4,1,"{'TopLeft': 0.7272114317029974, 'TopRight': 0.5600159273722156, 'BottomLeft': 0.5979293994002424, 'BottomRight': 0.6464101615137755}","{'TopLeft': 0.016440951024970202, 'TopRight': 0.010936601811691784, 'BottomLeft': 0.011114894791695907, 'BottomRight': 0.01299038105676658}",animate_shapes,1,0.12893136342366535,-0.3646736741065979,1,3.9136962890625,1,0.1237092547946506,-0.32852232456207275,1,3.9960784912109375
6661.896,110,7,4,1,"{'TopLeft': 0.7272114317029974, 'TopRight': 0.5600159273722156, 'BottomLeft': 0.5979293994002424, 'BottomRight': 0.6464101615137755}","{'TopLeft': 0.016440951024970202, 'TopRight': 0.010936601811691784, 'BottomLeft': 0.011114894791695907, 'BottomRight': 0.01299038105676658}",animate_shapes,1,0.12890243530273438,-0.3642950654029846,1,3.89044189453125,1,0.12126350402832031,-0.32630228996276855,1,3.9717864990234375
6678.563,110,7,4,1,"{'TopLeft': 0.7272114317029974, 'TopRight': 0.5600159273722156, 'BottomLeft': 0.5979293994002424, 'BottomRight': 0.6464101615137755}","{'TopLeft': 0.016440951024970202, 'TopRight': 0.010936601811691784, 'BottomLeft': 0.011114894791695907, 'BottomRight': 0.01299038105676658}",animate_shapes,1,0.12481488121880424,-0.36798036098480225,1,3.8652191162109375,1,0.12680435180664062,-0.327419638633728,1,3.94610595703125
6695.23,110,7,4,1,"{'TopLeft': 0.7272114317029974, 'TopRight': 0.5600159273722156, 'BottomLeft': 0.5979293994002424, 'BottomRight': 0.6464101615137755}","{'TopLeft': 0.016440951024970202, 'TopRight': 0.010936601811691784, 'BottomLeft': 0.011114894791695907, 'BottomRight': 0.01299038105676658}",animate_shapes,1,0.12781492869059244,-0.36788100004196167,1,3.848968505859375,1,0.12051306830512153,-0.32641685009002686,1,3.925872802734375
6711.896,110,7,4,1,"{'TopLeft': 0.7272114317029974, 'TopRight': 0.5600159273722156, 'BottomLeft': 0.5979293994002424, 'BottomRight': 0.6464101615137755}","{'TopLeft': 0.016440951024970202, 'TopRight': 0.010936601811691784, 'BottomLeft': 0.011114894791695907, 'BottomRight': 0.01299038105676658}",animate_shapes,1,0.12230502234564887,-0.3700348734855652,1,3.8253021240234375,1,0.12205706702338324,-0.3289297819137573,1,3.90704345703125
6728.563,110,7,4,1,"{'TopLeft': 0.7272114317029974, 'TopRight': 0.5600159273722156, 'BottomLeft': 0.5979293994002424, 'BottomRight': 0.6464101615137755}","{'TopLeft': 0.016440951024970202, 'TopRight': 0.010936601811691784, 'BottomLeft': 0.011114894791695907, 'BottomRight': 0.01299038105676658}",animate_shapes,1,0.12716356913248697,-0.36720383167266846,1,3.8158416748046875,1,0.11543443467881943,-0.329357385635376,1,3.8873748779296875
6745.23,110,7,4,1,"{'TopLeft': 0.7272114317029974, 'TopRight': 0.5600159273722156, 'BottomLeft': 0.5979293994002424, 'BottomRight': 0.6464101615137755}","{'TopLeft': 0.016440951024970202, 'TopRight': 0.010936601811691784, 'BottomLeft': 0.011114894791695907, 'BottomRight': 0.01299038105676658}",shapes_on_2,1,0.12886089748806423,-0.3670758008956909,1,3.80316162109375,1,0.11303361256917317,-0.3279237151145935,1,3.8787689208984375
6761.897,110,7,4,1,"{'TopLeft': 0.7272114317029974, 'TopRight': 0.5600159273722156, 'BottomLeft': 0.5979293994002424, 'BottomRight': 0.6464101615137755}","{'TopLeft': 0.016440951024970202, 'TopRight': 0.010936601811691784, 'BottomLeft': 0.011114894791695907, 'BottomRight': 0.01299038105676658}",shapes_on_2,1,0.12348747253417969,-0.36984384059906006,1,3.794769287109375,1,0.11487558152940537,-0.329805850982666,1,3.8668670654296875
6778.564,110,7,4,1,"{'TopLeft': 0.7272114317029974, 'TopRight': 0.5600159273722156, 'BottomLeft': 0.5979293994002424, 'BottomRight': 0.6464101615137755}","{'TopLeft': 0.016440951024970202, 'TopRight': 0.010936601811691784, 'BottomLeft': 0.011114894791695907, 'BottomRight': 0.01299038105676658}",shapes_on_2,1,0.12584304809570312,-0.365450382232666,1,3.7875518798828125,1,0.1143636703491211,-0.32628941535949707,1,3.8543243408203125
6795.231,110,7,4,1,"{'TopLeft': 0.7272114317029974, 'TopRight': 0.5600159273722156, 'BottomLeft': 0.5979293994002424, 'BottomRight': 0.6464101615137755}","{'TopLeft': 0.016440951024970202, 'TopRight': 0.010936601811691784, 'BottomLeft': 0.011114894791695907, 'BottomRight': 0.01299038105676658}",shapes_on_2,1,0.10113504197862412,-0.36813390254974365,1,3.7762603759765625,1,0.10256385803222656,-0.32669782638549805,1,3.83612060546875
6811.897,110,7,4,1,"{'TopLeft': 0.7272114317029974, 'TopRight': 0.5600159273722156, 'BottomLeft': 0.5979293994002424, 'BottomRight': 0.6464101615137755}","{'TopLeft': 0.016440951024970202, 'TopRight': 0.010936601811691784, 'BottomLeft': 0.011114894791695907, 'BottomRight': 0.01299038105676658}",shapes_on_2,1,-0.08833514319525824,-0.31319743394851685,1,3.764923095703125,1,-0.054786152309841574,-0.27917611598968506,1,3.8419189453125
6828.564,110,7,4,1,"{'TopLeft': 0.7272114317029974, 'TopRight': 0.5600159273722156, 'BottomLeft': 0.5979293994002424, 'BottomRight': 0.6464101615137755}","{'TopLeft': 0.016440951024970202, 'TopRight': 0.010936601811691784, 'BottomLeft': 0.011114894791695907, 'BottomRight': 0.01299038105676658}",shapes_on_2,0,nan,nan,0,nan,1,-0.1980326970418294,-0.25604939460754395,1,3.849945068359375
6845.231,110,7,4,1,"{'TopLeft': 0.7272114317029974, 'TopRight': 0.5600159273722156, 'BottomLeft': 0.5979293994002424, 'BottomRight': 0.6464101615137755}","{'TopLeft': 0.016440951024970202, 'TopRight': 0.010936601811691784, 'BottomLeft': 0.011114894791695907, 'BottomRight': 0.01299038105676658}",shapes_on_2,1,-0.24957079357571071,-0.28430628776550293,1,3.7557220458984375,1,-0.2321025530497233,-0.24236881732940674,1,3.8461456298828125
6861.897,110,7,4,1,"{'TopLeft': 0.7272114317029974, 'TopRight': 0.5600159273722156, 'BottomLeft': 0.5979293994002424, 'BottomRight': 0.6464101615137755}","{'TopLeft': 0.016440951024970202, 'TopRight': 0.010936601811691784, 'BottomLeft': 0.011114894791695907, 'BottomRight': 0.01299038105676658}",shapes_on_2,1,-0.26229243808322483,-0.28625941276550293,1,3.7515411376953125,1,-0.24982049730088973,-0.24208319187164307,1,3.83258056640625
6878.564,110,7,4,1,"{'TopLeft': 0.7272114317029974, 'TopRight': 0.5600159273722156, 'BottomLeft': 0.5979293994002424, 'BottomRight': 0.6464101615137755}","{'TopLeft': 0.016440951024970202, 'TopRight': 0.010936601811691784, 'BottomLeft': 0.011114894791695907, 'BottomRight': 0.01299038105676658}",shapes_on_2,1,-0.25983328289455837,-0.28350144624710083,1,3.75518798828125,1,-0.24461004469129774,-0.2433260679244995,1,3.82562255859375
6895.232,110,7,4,1,"{'TopLeft': 0.7272114317029974, 'TopRight': 0.5600159273722156, 'BottomLeft': 0.5979293994002424, 'BottomRight': 0.6464101615137755}","{'TopLeft': 0.016440951024970202, 'TopRight': 0.010936601811691784, 'BottomLeft': 0.011114894791695907, 'BottomRight': 0.01299038105676658}",shapes_on_2,1,-0.2615909046596951,-0.2852647304534912,1,3.7558441162109375,1,-0.24804178873697916,-0.24934667348861694,1,3.832672119140625
6911.898,110,7,4,1,"{'TopLeft': 0.7272114317029974, 'TopRight': 0.5600159273722156, 'BottomLeft': 0.5979293994002424, 'BottomRight': 0.6464101615137755}","{'TopLeft': 0.016440951024970202, 'TopRight': 0.010936601811691784, 'BottomLeft': 0.011114894791695907, 'BottomRight': 0.01299038105676658}",shapes_on_2,1,-0.26753224266899955,-0.2836400270462036,1,3.7576446533203125,1,-0.24609459771050346,-0.24552428722381592,1,3.8285064697265625
6928.565,110,7,4,1,"{'TopLeft': 0.7272114317029974, 'TopRight': 0.5600159273722156, 'BottomLeft': 0.5979293994002424, 'BottomRight': 0.6464101615137755}","{'TopLeft': 0.016440951024970202, 'TopRight': 0.010936601811691784, 'BottomLeft': 0.011114894791695907, 'BottomRight': 0.01299038105676658}",shapes_on_2,1,-0.2599332597520616,-0.28559035062789917,1,3.7630462646484375,1,-0.24460426966349283,-0.24344110488891602,1,3.829193115234375
6945.232,110,7,4,1,"{'TopLeft': 0.7272114317029974, 'TopRight': 0.5600159273722156, 'BottomLeft': 0.5979293994002424, 'BottomRight': 0.6464101615137755}","{'TopLeft': 0.016440951024970202, 'TopRight': 0.010936601811691784, 'BottomLeft': 0.011114894791695907, 'BottomRight': 0.01299038105676658}",shapes_on_2,1,-0.2658660146925184,-0.28772979974746704,1,3.768402099609375,1,-0.24934408399793836,-0.2459082007408142,1,3.82818603515625
6961.898,110,7,4,1,"{'TopLeft': 0.7272114317029974, 'TopRight': 0.5600159273722156, 'BottomLeft': 0.5979293994002424, 'BottomRight': 0.6464101615137755}","{'TopLeft': 0.016440951024970202, 'TopRight': 0.010936601811691784, 'BottomLeft': 0.011114894791695907, 'BottomRight': 0.01299038105676658}",shapes_on_2,1,-0.26243554221259224,-0.2845863103866577,1,3.7756500244140625,1,-0.24996630350748697,-0.24465537071228027,1,3.8326416015625
6978.565,110,7,4,1,"{'TopLeft': 0.7272114317029974, 'TopRight': 0.5600159273722156, 'BottomLeft': 0.5979293994002424, 'BottomRight': 0.6464101615137755}","{'TopLeft': 0.016440951024970202, 'TopRight': 0.010936601811691784, 'BottomLeft': 0.011114894791695907, 'BottomRight': 0.01299038105676658}",shapes_on_2,1,-0.26211759779188365,-0.2857975363731384,1,3.7842254638671875,1,-0.2524412473042806,-0.24614155292510986,1,3.8329925537109375
6995.232,110,7,4,1,"{'TopLeft': 0.7272114317029974, 'TopRight': 0.5600159273722156, 'BottomLeft': 0.5979293994002424, 'BottomRight': 0.6464101615137755}","{'TopLeft': 0.016440951024970202, 'TopRight': 0.010936601811691784, 'BottomLeft': 0.011114894791695907, 'BottomRight': 0.01299038105676658}",shapes_on_2,1,-0.26719241672092015,-0.2872272729873657,1,3.78973388671875,1,-0.252900759379069,-0.24342572689056396,1,3.8391876220703125
7011.898,110,7,4,1,"{'TopLeft': 0.7272114317029974, 'TopRight': 0.5600159273722156, 'BottomLeft': 0.5979293994002424, 'BottomRight': 0.6464101615137755}","{'TopLeft': 0.016440951024970202, 'TopRight': 0.010936601811691784, 'BottomLeft': 0.011114894791695907, 'BottomRight': 0.01299038105676658}",shapes_on_2,1,-0.26827610863579643,-0.2913299798965454,1,3.7979736328125,1,-0.25366830825805664,-0.2449473738670349,1,3.8409576416015625
7028.565,110,7,4,1,"{'TopLeft': 0.7272114317029974, 'TopRight': 0.5600159273722156, 'BottomLeft': 0.5979293994002424, 'BottomRight': 0.6464101615137755}","{'TopLeft': 0.016440951024970202, 'TopRight': 0.010936601811691784, 'BottomLeft': 0.011114894791695907, 'BottomRight': 0.01299038105676658}",shapes_on_2,1,-0.26315614912245006,-0.2867182493209839,1,3.8076171875,1,-0.25099653667873806,-0.24698150157928467,1,3.8420867919921875
7045.233,110,7,4,1,"{'TopLeft': 0.7272114317029974, 'TopRight': 0.5600159273722156, 'BottomLeft': 0.5979293994002424, 'BottomRight': 0.6464101615137755}","{'TopLeft': 0.016440951024970202, 'TopRight': 0.010936601811691784, 'BottomLeft': 0.011114894791695907, 'BottomRight': 0.01299038105676658}",shapes_on_2,1,-0.26503589418199325,-0.28775477409362793,1,3.806396484375,1,-0.25264787673950195,-0.24736309051513672,1,3.84014892578125
7061.899,110,7,4,1,"{'TopLeft': 0.7272114317029974, 'TopRight': 0.5600159273722156, 'BottomLeft': 0.5979293994002424, 'BottomRight': 0.6464101615137755}","{'TopLeft': 0.016440951024970202, 'TopRight': 0.010936601811691784, 'BottomLeft': 0.011114894791695907, 'BottomRight': 0.01299038105676658}",shapes_on_2,1,-0.262917677561442,-0.2891654372215271,1,3.8191680908203125,1,-0.25526354047987193,-0.24428784847259521,1,3.8404998779296875
7078.566,110,7,4,1,"{'TopLeft': 0.7272114317029974, 'TopRight': 0.5600159273722156, 'BottomLeft': 0.5979293994002424, 'BottomRight': 0.6464101615137755}","{'TopLeft': 0.016440951024970202, 'TopRight': 0.010936601811691784, 'BottomLeft': 0.011114894791695907, 'BottomRight': 0.01299038105676658}",shapes_on_2,1,-0.26839955647786456,-0.2840607762336731,1,3.8152923583984375,1,-0.2545037269592285,-0.24633318185806274,1,3.8398590087890625
7095.233,110,7,4,1,"{'TopLeft': 0.7272114317029974, 'TopRight': 0.5600159273722156, 'BottomLeft': 0.5979293994002424, 'BottomRight': 0.6464101615137755}","{'TopLeft': 0.016440951024970202, 'TopRight': 0.010936601811691784, 'BottomLeft': 0.011114894791695907, 'BottomRight': 0.01299038105676658}",shapes_on_2,1,-0.26748577753702796,-0.2868829369544983,1,3.821319580078125,1,-0.25578763749864364,-0.24523991346359253,1,3.833953857421875
7111.899,110,7,4,1,"{'TopLeft': 0.7272114317029974, 'TopRight': 0.5600159273722156, 'BottomLeft': 0.5979293994002424, 'BottomRight': 0.6464101615137755}","{'TopLeft': 0.016440951024970202, 'TopRight': 0.010936601811691784, 'BottomLeft': 0.011114894791695907, 'BottomRight': 0.01299038105676658}",shapes_on_2,1,-0.2640848689609104,-0.2868104577064514,1,3.8224029541015625,1,-0.2560127046373155,-0.2458857297897339,1,3.82879638671875
7128.566,110,7,4,1,"{'TopLeft': 0.7272114317029974, 'TopRight': 0.5600159273722156, 'BottomLeft': 0.5979293994002424, 'BottomRight': 0.6464101615137755}","{'TopLeft': 0.016440951024970202, 'TopRight': 0.010936601811691784, 'BottomLeft': 0.011114894791695907, 'BottomRight': 0.01299038105676658}",shapes_on_2,1,-0.2604755295647515,-0.288135290145874,1,3.8202362060546875,1,-0.25325467851426864,-0.24608385562896729,1,3.818939208984375
7145.233,110,7,4,1,"{'TopLeft': 0.7272114317029974, 'TopRight': 0.5600159273722156, 'BottomLeft': 0.5979293994002424, 'BottomRight': 0.6464101615137755}","{'TopLeft': 0.016440951024970202, 'TopRight': 0.010936601811691784, 'BottomLeft': 0.011114894791695907, 'BottomRight': 0.01299038105676658}",shapes_on_2,1,-0.26426029205322266,-0.2844703793525696,1,3.818634033203125,1,-0.2564538319905599,-0.2514383792877197,1,3.80889892578125
7161.899,110,7,4,1,"{'TopLeft': 0.7272114317029974, 'TopRight': 0.5600159273722156, 'BottomLeft': 0.5979293994002424, 'BottomRight': 0.6464101615137755}","{'TopLeft': 0.016440951024970202, 'TopRight': 0.010936601811691784, 'BottomLeft': 0.011114894791695907, 'BottomRight': 0.01299038105676658}",shapes_on_2,1,-0.2609383794996473,-0.28948020935058594,1,3.821533203125,1,-0.25573703977796763,-0.24642205238342285,1,3.80712890625
7178.567,110,7,4,1,"{'TopLeft': 0.7272114317029974, 'TopRight': 0.5600159273722156, 'BottomLeft': 0.5979293994002424, 'BottomRight': 0.6464101615137755}","{'TopLeft': 0.016440951024970202, 'TopRight': 0.010936601811691784, 'BottomLeft': 0.011114894791695907, 'BottomRight': 0.01299038105676658}",shapes_on_2,1,-0.2641476525200738,-0.29096877574920654,1,3.8174285888671875,1,-0.25529660118950737,-0.24927181005477905,1,3.796295166015625
7195.234,110,7,4,1,"{'TopLeft': 0.7272114317029974, 'TopRight': 0.5600159273722156, 'BottomLeft': 0.5979293994002424, 'BottomRight': 0.6464101615137755}","{'TopLeft': 0.016440951024970202, 'TopRight': 0.010936601811691784, 'BottomLeft': 0.011114894791695907, 'BottomRight': 0.01299038105676658}",shapes_on_2,1,-0.258285575442844,-0.28725165128707886,1,3.8125762939453125,1,-0.24811617533365884,-0.24862515926361084,1,3.785675048828125
7211.9,110,7,4,1,"{'TopLeft': 0.7272114317029974, 'TopRight': 0.5600159273722156, 'BottomLeft': 0.5979293994002424, 'BottomRight': 0.6464101615137755}","{'TopLeft': 0.016440951024970202, 'TopRight': 0.010936601811691784, 'BottomLeft': 0.011114894791695907, 'BottomRight': 0.01299038105676658}",shapes_on_2,1,-0.26042360729641384,-0.29220229387283325,1,3.804931640625,1,-0.25251907772488064,-0.24956738948822021,1,3.7784576416015625
7228.567,110,7,4,1,"{'TopLeft': 0.7272114317029974, 'TopRight': 0.5600159273722156, 'BottomLeft': 0.5979293994002424, 'BottomRight': 0.6464101615137755}","{'TopLeft': 0.016440951024970202, 'TopRight': 0.010936601811691784, 'BottomLeft': 0.011114894791695907, 'BottomRight': 0.01299038105676658}",shapes_on_2,1,-0.25923241509331596,-0.2896156907081604,1,3.8123016357421875,1,-0.2515012423197428,-0.2515519857406616,1,3.774200439453125
7245.234,110,7,4,1,"{'TopLeft': 0.7272114317029974, 'TopRight': 0.5600159273722156, 'BottomLeft': 0.5979293994002424, 'BottomRight': 0.6464101615137755}","{'TopLeft': 0.016440951024970202, 'TopRight': 0.010936601811691784, 'BottomLeft': 0.011114894791695907, 'BottomRight': 0.01299038105676658}",shapes_on_2,1,-0.23664924833509657,-0.31411945819854736,1,3.8032379150390625,1,-0.2175365024142795,-0.2784780263900757,1,3.760955810546875
7261.9,110,7,4,1,"{'TopLeft': 0.7272114317029974, 'TopRight': 0.5600159273722156, 'BottomLeft': 0.5979293994002424, 'BottomRight': 0.6464101615137755}","{'TopLeft': 0.016440951024970202, 'TopRight': 0.010936601811691784, 'BottomLeft': 0.011114894791695907, 'BottomRight': 0.01299038105676658}",shapes_on_2,1,-0.22112284766303167,-0.3193814754486084,1,3.818756103515625,1,-0.2129256460401747,-0.27832090854644775,1,3.76348876953125
7278.567,110,7,4,1,"{'TopLeft': 0.7272114317029974, 'TopRight': 0.5600159273722156, 'BottomLeft': 0.5979293994002424, 'BottomRight': 0.6464101615137755}","{'TopLeft': 0.016440951024970202, 'TopRight': 0.010936601811691784, 'BottomLeft': 0.011114894791695907, 'BottomRight': 0.01299038105676658}",shapes_on_2,1,-0.2201578352186415,-0.32411515712738037,1,3.8101959228515625,1,-0.202930662367079,-0.2901493310928345,1,3.761962890625
7295.234,110,7,4,1,"{'TopLeft': 0.7272114317029974, 'TopRight': 0.5600159273722156, 'BottomLeft': 0.5979293994002424, 'BottomRight': 0.6464101615137755}","{'TopLeft': 0.016440951024970202, 'TopRight': 0.010936601811691784, 'BottomLeft': 0.011114894791695907, 'BottomRight': 0.01299038105676658}",shapes_on_2,1,-0.21473815706041122,-0.32489556074142456,1,3.8134002685546875,1,-0.20528279410468206,-0.28744399547576904,1,3.7575836181640625
7311.9,110,7,4,1,"{'TopLeft': 0.7272114317029974, 'TopRight': 0.5600159273722156, 'BottomLeft': 0.5979293994002424, 'BottomRight': 0.6464101615137755}","{'TopLeft': 0.016440951024970202, 'TopRight': 0.010936601811691784, 'BottomLeft': 0.011114894791695907, 'BottomRight': 0.01299038105676658}",shapes_on_2,1,-0.21989674038357204,-0.3253229856491089,1,3.816070556640625,1,-0.21022817823621961,-0.28820109367370605,1,3.7592315673828125
7328.568,110,7,4,1,"{'TopLeft': 0.7272114317029974, 'TopRight': 0.5600159273722156, 'BottomLeft': 0.5979293994002424, 'BottomRight': 0.6464101615137755}","{'TopLeft': 0.016440951024970202, 'TopRight': 0.010936601811691784, 'BottomLeft': 0.011114894791695907, 'BottomRight': 0.01299038105676658}",shapes_on_2,1,-0.2089529037475586,-0.32156068086624146,1,3.8242034912109375,1,-0.2056558397081163,-0.28403085470199585,1,3.7620849609375
7345.235,110,7,4,1,"{'TopLeft': 0.7272114317029974, 'TopRight': 0.5600159273722156, 'BottomLeft': 0.5979293994002424, 'BottomRight': 0.6464101615137755}","{'TopLeft': 0.016440951024970202, 'TopRight': 0.010936601811691784, 'BottomLeft': 0.011114894791695907, 'BottomRight': 0.01299038105676658}",shapes_on_2,1,-0.21700445810953775,-0.3208450675010681,1,3.8232879638671875,1,-0.20893541971842447,-0.2829616069793701,1,3.7641143798828125
7361.901,110,7,4,1,"{'TopLeft': 0.7272114317029974, 'TopRight': 0.5600159273722156, 'BottomLeft': 0.5979293994002424, 'BottomRight': 0.6464101615137755}","{'TopLeft': 0.016440951024970202, 'TopRight': 0.010936601811691784, 'BottomLeft': 0.011114894791695907, 'BottomRight': 0.01299038105676658}",shapes_on_2,1,-0.21479760275946722,-0.32300233840942383,1,3.8269805908203125,1,-0.20653915405273438,-0.2829097509384155,1,3.768524169921875
7378.568,110,7,4,1,"{'TopLeft': 0.7272114317029974, 'TopRight': 0.5600159273722156, 'BottomLeft': 0.5979293994002424, 'BottomRight': 0.6464101615137755}","{'TopLeft': 0.016440951024970202, 'TopRight': 0.010936601811691784, 'BottomLeft': 0.011114894791695907, 'BottomRight': 0.01299038105676658}",shapes_on_2,1,-0.21644920772976345,-0.32734835147857666,1,3.8361053466796875,1,-0.20592652426825628,-0.28356826305389404,1,3.77471923828125
7395.235,110,7,4,1,"{'TopLeft': 0.7272114317029974, 'TopRight': 0.5600159273722156, 'BottomLeft': 0.5979293994002424, 'BottomRight': 0.6464101615137755}","{'TopLeft': 0.016440951024970202, 'TopRight': 0.010936601811691784, 'BottomLeft': 0.011114894791695907, 'BottomRight': 0.01299038105676658}",shapes_on_2,1,-0.21636570824517143,-0.3205881118774414,1,3.8396759033203125,1,-0.20434517330593532,-0.2864939570426941,1,3.775634765625
7411.901,110,7,4,1,"{'TopLeft': 0.7272114317029974, 'TopRight': 0.5600159273722156, 'BottomLeft': 0.5979293994002424, 'BottomRight': 0.6464101615137755}","{'TopLeft': 0.016440951024970202, 'TopRight': 0.010936601811691784, 'BottomLeft': 0.011114894791695907, 'BottomRight': 0.01299038105676658}",shapes_on_2,1,-0.2222980393303765,-0.3247424364089966,1,3.8450469970703125,1,-0.20422156651814777,-0.28519773483276367,1,3.7841339111328125
7428.568,110,7,4,1,"{'TopLeft': 0.7272114317029974, 'TopRight': 0.5600159273722156, 'BottomLeft': 0.5979293994002424, 'BottomRight': 0.6464101615137755}","{'TopLeft': 0.016440951024970202, 'TopRight': 0.010936601811691784, 'BottomLeft': 0.011114894791695907, 'BottomRight': 0.01299038105676658}",shapes_on_2,1,-0.21694612503051758,-0.3268941044807434,1,3.851715087890625,1,-0.20435063044230142,-0.2853473424911499,1,3.791717529296875
7445.235,110,7,4,1,"{'TopLeft': 0.7272114317029974, 'TopRight': 0.5600159273722156, 'BottomLeft': 0.5979293994002424, 'BottomRight': 0.6464101615137755}","{'TopLeft': 0.016440951024970202, 'TopRight': 0.010936601811691784, 'BottomLeft': 0.011114894791695907, 'BottomRight': 0.01299038105676658}",shapes_on_2,1,-0.22006718317667642,-0.3247032165527344,1,3.8555145263671875,1,-0.20741261376274955,-0.2877212166786194,1,3.7963714599609375
7461.902,110,7,4,1,"{'TopLeft': 0.7272114317029974, 'TopRight': 0.5600159273722156, 'BottomLeft': 0.5979293994002424, 'BottomRight': 0.6464101615137755}","{'TopLeft': 0.016440951024970202, 'TopRight': 0.010936601811691784, 'BottomLeft': 0.011114894791695907, 'BottomRight': 0.01299038105676658}",shapes_on_2,1,-0.2155323028564453,-0.3288688063621521,1,3.8614349365234375,1,-0.20615206824408636,-0.2887455224990845,1,3.8064727783203125
7478.569,110,7,4,1,"{'TopLeft': 0.7272114317029974, 'TopRight': 0.5600159273722156, 'BottomLeft': 0.5979293994002424, 'BottomRight': 0.6464101615137755}","{'TopLeft': 0.016440951024970202, 'TopRight': 0.010936601811691784, 'BottomLeft': 0.011114894791695907, 'BottomRight': 0.01299038105676658}",shapes_on_2,1,-0.21861659155951604,-0.3322262763977051,1,3.86785888671875,1,-0.20882479349772134,-0.2916830778121948,1,3.8114013671875
7495.236,110,7,4,1,"{'TopLeft': 0.7272114317029974, 'TopRight': 0.5600159273722156, 'BottomLeft': 0.5979293994002424, 'BottomRight': 0.6464101615137755}","{'TopLeft': 0.016440951024970202, 'TopRight': 0.010936601811691784, 'BottomLeft': 0.011114894791695907, 'BottomRight': 0.01299038105676658}",shapes_on_2,1,-0.21809864044189453,-0.3251933455467224,1,3.87835693359375,1,-0.21445835961235893,-0.2898244261741638,1,3.8242340087890625
7511.902,110,7,4,1,"{'TopLeft': 0.7272114317029974, 'TopRight': 0.5600159273722156, 'BottomLeft': 0.5979293994002424, 'BottomRight': 0.6464101615137755}","{'TopLeft': 0.016440951024970202, 'TopRight': 0.010936601811691784, 'BottomLeft': 0.011114894791695907, 'BottomRight': 0.01299038105676658}",shapes_on_2,1,-0.2183879216512044,-0.3260049819946289,1,3.877838134765625,1,-0.20759026209513345,-0.288297176361084,1,3.829803466796875
7528.569,110,7,4,1,"{'TopLeft': 0.7272114317029974, 'TopRight': 0.5600159273722156, 'BottomLeft': 0.5979293994002424, 'BottomRight': 0.6464101615137755}","{'TopLeft': 0.016440951024970202, 'TopRight': 0.010936601811691784, 'BottomLeft': 0.011114894791695907, 'BottomRight': 0.01299038105676658}",shapes_on_2,1,-0.2185196876525879,-0.32270383834838867,1,3.887115478515625,1,-0.20642630259195963,-0.2880489230155945,1,3.845947265625
7545.236,110,7,4,1,"{'TopLeft': 0.7272114317029974, 'TopRight': 0.5600159273722156, 'BottomLeft': 0.5979293994002424, 'BottomRight': 0.6464101615137755}","{'TopLeft': 0.016440951024970202, 'TopRight': 0.010936601811691784, 'BottomLeft': 0.011114894791695907, 'BottomRight': 0.01299038105676658}",shapes_on_2,1,-0.3800438774956597,-0.28326690196990967,1,3.915985107421875,1,-0.3161497116088867,-0.22208231687545776,1,3.8582305908203125
7561.902,110,7,4,1,"{'TopLeft': 0.7272114317029974, 'TopRight': 0.5600159273722156, 'BottomLeft': 0.5979293994002424, 'BottomRight': 0.6464101615137755}","{'TopLeft': 0.016440951024970202, 'TopRight': 0.010936601811691784, 'BottomLeft': 0.011114894791695907, 'BottomRight': 0.01299038105676658}",shapes_on_2,1,-0.6334591706593831,-0.15959489345550537,1,3.893707275390625,1,-0.5627831617991129,-0.10526365041732788,1,3.8715057373046875
7578.569,110,7,4,1,"{'TopLeft': 0.7272114317029974, 'TopRight': 0.5600159273722156, 'BottomLeft': 0.5979293994002424, 'BottomRight': 0.6464101615137755}","{'TopLeft': 0.016440951024970202, 'TopRight': 0.010936601811691784, 'BottomLeft': 0.011114894791695907, 'BottomRight': 0.01299038105676658}",shapes_on_2,1,-0.9552996489736768,0.01718577742576599,1,3.94622802734375,1,-0.8209822840160793,0.045850396156311035,1,3.8948211669921875
7595.237,110,7,4,1,"{'TopLeft': 0.7272114317029974, 'TopRight': 0.5600159273722156, 'BottomLeft': 0.5979293994002424, 'BottomRight': 0.6464101615137755}","{'TopLeft': 0.016440951024970202, 'TopRight': 0.010936601811691784, 'BottomLeft': 0.011114894791695907, 'BottomRight': 0.01299038105676658}",shapes_on_2,1,-1.3328354623582628,0.22395336627960205,1,3.94793701171875,1,-1.1843740675184462,0.23165607452392578,1,3.921417236328125
7611.903,110,7,4,1,"{'TopLeft': 0.7272114317029974, 'TopRight': 0.5600159273722156, 'BottomLeft': 0.5979293994002424, 'BottomRight': 0.6464101615137755}","{'TopLeft': 0.016440951024970202, 'TopRight': 0.010936601811691784, 'BottomLeft': 0.011114894791695907, 'BottomRight': 0.01299038105676658}",shapes_on_2,0,nan,nan,0,nan,1,-1.5618191825018988,0.4268174320459366,1,3.9382171630859375
7628.571,110,7,4,1,"{'TopLeft': 0.7272114317029974, 'TopRight': 0.5600159273722156, 'BottomLeft': 0.5979293994002424, 'BottomRight': 0.6464101615137755}","{'TopLeft': 0.016440951024970202, 'TopRight': 0.010936601811691784, 'BottomLeft': 0.011114894791695907, 'BottomRight': 0.01299038105676658}",shapes_on_2,1,-1.293410195244683,0.12469679117202759,1,3.6783447265625,0,nan,nan,0,nan
7645.238,110,7,4,1,"{'TopLeft': 0.7272114317029974, 'TopRight': 0.5600159273722156, 'BottomLeft': 0.5979293994002424, 'BottomRight': 0.6464101615137755}","{'TopLeft': 0.016440951024970202, 'TopRight': 0.010936601811691784, 'BottomLeft': 0.011114894791695907, 'BottomRight': 0.01299038105676658}",shapes_on_2,0,nan,nan,0,nan,0,nan,nan,0,nan
7661.904,110,7,4,1,"{'TopLeft': 0.7272114317029974, 'TopRight': 0.5600159273722156, 'BottomLeft': 0.5979293994002424, 'BottomRight': 0.6464101615137755}","{'TopLeft': 0.016440951024970202, 'TopRight': 0.010936601811691784, 'BottomLeft': 0.011114894791695907, 'BottomRight': 0.01299038105676658}",shapes_on_2,0,nan,nan,0,nan,0,nan,nan,0,nan
7678.571,110,7,4,1,"{'TopLeft': 0.7272114317029974, 'TopRight': 0.5600159273722156, 'BottomLeft': 0.5979293994002424, 'BottomRight': 0.6464101615137755}","{'TopLeft': 0.016440951024970202, 'TopRight': 0.010936601811691784, 'BottomLeft': 0.011114894791695907, 'BottomRight': 0.01299038105676658}",shapes_on_2,0,nan,nan,0,nan,0,nan,nan,0,nan
7695.238,110,7,4,1,"{'TopLeft': 0.7272114317029974, 'TopRight': 0.5600159273722156, 'BottomLeft': 0.5979293994002424, 'BottomRight': 0.6464101615137755}","{'TopLeft': 0.016440951024970202, 'TopRight': 0.010936601811691784, 'BottomLeft': 0.011114894791695907, 'BottomRight': 0.01299038105676658}",shapes_on_2,0,nan,nan,0,nan,0,nan,nan,0,nan
7711.904,110,7,4,1,"{'TopLeft': 0.7272114317029974, 'TopRight': 0.5600159273722156, 'BottomLeft': 0.5979293994002424, 'BottomRight': 0.6464101615137755}","{'TopLeft': 0.016440951024970202, 'TopRight': 0.010936601811691784, 'BottomLeft': 0.011114894791695907, 'BottomRight': 0.01299038105676658}",shapes_on_2,1,-1.0122623840967813,-0.6425985097885132,1,2.5761871337890625,0,nan,nan,0,nan
7728.571,110,7,4,1,"{'TopLeft': 0.7272114317029974, 'TopRight': 0.5600159273722156, 'BottomLeft': 0.5979293994002424, 'BottomRight': 0.6464101615137755}","{'TopLeft': 0.016440951024970202, 'TopRight': 0.010936601811691784, 'BottomLeft': 0.011114894791695907, 'BottomRight': 0.01299038105676658}",shapes_on_2,0,nan,nan,0,nan,0,nan,nan,0,nan
7745.239,110,7,4,1,"{'TopLeft': 0.7272114317029974, 'TopRight': 0.5600159273722156, 'BottomLeft': 0.5979293994002424, 'BottomRight': 0.6464101615137755}","{'TopLeft': 0.016440951024970202, 'TopRight': 0.010936601811691784, 'BottomLeft': 0.011114894791695907, 'BottomRight': 0.01299038105676658}",shapes_on_2,0,nan,nan,0,nan,0,nan,nan,0,nan
7761.905,110,7,4,1,"{'TopLeft': 0.7272114317029974, 'TopRight': 0.5600159273722156, 'BottomLeft': 0.5979293994002424, 'BottomRight': 0.6464101615137755}","{'TopLeft': 0.016440951024970202, 'TopRight': 0.010936601811691784, 'BottomLeft': 0.011114894791695907, 'BottomRight': 0.01299038105676658}",shapes_on_2,0,nan,nan,0,nan,0,nan,nan,0,nan
7778.572,110,7,4,1,"{'TopLeft': 0.7272114317029974, 'TopRight': 0.5600159273722156, 'BottomLeft': 0.5979293994002424, 'BottomRight': 0.6464101615137755}","{'TopLeft': 0.016440951024970202, 'TopRight': 0.010936601811691784, 'BottomLeft': 0.011114894791695907, 'BottomRight': 0.01299038105676658}",shapes_on_2,0,nan,nan,0,nan,0,nan,nan,0,nan
7795.239,110,7,4,1,"{'TopLeft': 0.7272114317029974, 'TopRight': 0.5600159273722156, 'BottomLeft': 0.5979293994002424, 'BottomRight': 0.6464101615137755}","{'TopLeft': 0.016440951024970202, 'TopRight': 0.010936601811691784, 'BottomLeft': 0.011114894791695907, 'BottomRight': 0.01299038105676658}",shapes_on_2,0,nan,nan,0,nan,0,nan,nan,0,nan
7811.905,110,7,4,1,"{'TopLeft': 0.7272114317029974, 'TopRight': 0.5600159273722156, 'BottomLeft': 0.5979293994002424, 'BottomRight': 0.6464101615137755}","{'TopLeft': 0.016440951024970202, 'TopRight': 0.010936601811691784, 'BottomLeft': 0.011114894791695907, 'BottomRight': 0.01299038105676658}",shapes_on_2,0,nan,nan,0,nan,0,nan,nan,0,nan
7828.573,110,7,4,1,"{'TopLeft': 0.7272114317029974, 'TopRight': 0.5600159273722156, 'BottomLeft': 0.5979293994002424, 'BottomRight': 0.6464101615137755}","{'TopLeft': 0.016440951024970202, 'TopRight': 0.010936601811691784, 'BottomLeft': 0.011114894791695907, 'BottomRight': 0.01299038105676658}",shapes_on_2,0,nan,nan,0,nan,0,nan,nan,0,nan
7845.24,110,7,4,1,"{'TopLeft': 0.7272114317029974, 'TopRight': 0.5600159273722156, 'BottomLeft': 0.5979293994002424, 'BottomRight': 0.6464101615137755}","{'TopLeft': 0.016440951024970202, 'TopRight': 0.010936601811691784, 'BottomLeft': 0.011114894791695907, 'BottomRight': 0.01299038105676658}",shapes_on_2,0,nan,nan,0,nan,0,nan,nan,0,nan
7861.906,110,7,4,1,"{'TopLeft': 0.7272114317029974, 'TopRight': 0.5600159273722156, 'BottomLeft': 0.5979293994002424, 'BottomRight': 0.6464101615137755}","{'TopLeft': 0.016440951024970202, 'TopRight': 0.010936601811691784, 'BottomLeft': 0.011114894791695907, 'BottomRight': 0.01299038105676658}",shapes_on_2,0,nan,nan,0,nan,0,nan,nan,0,nan
7878.574,110,7,4,1,"{'TopLeft': 0.7272114317029974, 'TopRight': 0.5600159273722156, 'BottomLeft': 0.5979293994002424, 'BottomRight': 0.6464101615137755}","{'TopLeft': 0.016440951024970202, 'TopRight': 0.010936601811691784, 'BottomLeft': 0.011114894791695907, 'BottomRight': 0.01299038105676658}",shapes_on_2,0,nan,nan,0,nan,0,nan,nan,0,nan
7895.241,110,7,4,1,"{'TopLeft': 0.7272114317029974, 'TopRight': 0.5600159273722156, 'BottomLeft': 0.5979293994002424, 'BottomRight': 0.6464101615137755}","{'TopLeft': 0.016440951024970202, 'TopRight': 0.010936601811691784, 'BottomLeft': 0.011114894791695907, 'BottomRight': 0.01299038105676658}",shapes_on_2,0,nan,nan,0,nan,0,nan,nan,0,nan
7911.907,110,7,4,1,"{'TopLeft': 0.7272114317029974, 'TopRight': 0.5600159273722156, 'BottomLeft': 0.5979293994002424, 'BottomRight': 0.6464101615137755}","{'TopLeft': 0.016440951024970202, 'TopRight': 0.010936601811691784, 'BottomLeft': 0.011114894791695907, 'BottomRight': 0.01299038105676658}",shapes_on_2,0,nan,nan,0,nan,0,nan,nan,0,nan
7928.574,110,7,4,1,"{'TopLeft': 0.7272114317029974, 'TopRight': 0.5600159273722156, 'BottomLeft': 0.5979293994002424, 'BottomRight': 0.6464101615137755}","{'TopLeft': 0.016440951024970202, 'TopRight': 0.010936601811691784, 'BottomLeft': 0.011114894791695907, 'BottomRight': 0.01299038105676658}",shapes_on_2,0,nan,nan,0,nan,0,nan,nan,0,nan
7945.241,110,7,4,1,"{'TopLeft': 0.7272114317029974, 'TopRight': 0.5600159273722156, 'BottomLeft': 0.5979293994002424, 'BottomRight': 0.6464101615137755}","{'TopLeft': 0.016440951024970202, 'TopRight': 0.010936601811691784, 'BottomLeft': 0.011114894791695907, 'BottomRight': 0.01299038105676658}",shapes_on_2,0,nan,nan,0,nan,0,nan,nan,0,nan
7961.907,110,7,4,1,"{'TopLeft': 0.7272114317029974, 'TopRight': 0.5600159273722156, 'BottomLeft': 0.5979293994002424, 'BottomRight': 0.6464101615137755}","{'TopLeft': 0.016440951024970202, 'TopRight': 0.010936601811691784, 'BottomLeft': 0.011114894791695907, 'BottomRight': 0.01299038105676658}",shapes_on_2,0,nan,nan,0,nan,0,nan,nan,0,nan
7978.574,110,7,4,1,"{'TopLeft': 0.7272114317029974, 'TopRight': 0.5600159273722156, 'BottomLeft': 0.5979293994002424, 'BottomRight': 0.6464101615137755}","{'TopLeft': 0.016440951024970202, 'TopRight': 0.010936601811691784, 'BottomLeft': 0.011114894791695907, 'BottomRight': 0.01299038105676658}",shapes_on_2,0,nan,nan,0,nan,0,nan,nan,0,nan
7995.241,110,7,4,1,"{'TopLeft': 0.7272114317029974, 'TopRight': 0.5600159273722156, 'BottomLeft': 0.5979293994002424, 'BottomRight': 0.6464101615137755}","{'TopLeft': 0.016440951024970202, 'TopRight': 0.010936601811691784, 'BottomLeft': 0.011114894791695907, 'BottomRight': 0.01299038105676658}",shapes_on_2,0,nan,nan,0,nan,0,nan,nan,0,nan
8011.908,110,7,4,1,"{'TopLeft': 0.7272114317029974, 'TopRight': 0.5600159273722156, 'BottomLeft': 0.5979293994002424, 'BottomRight': 0.6464101615137755}","{'TopLeft': 0.016440951024970202, 'TopRight': 0.010936601811691784, 'BottomLeft': 0.011114894791695907, 'BottomRight': 0.01299038105676658}",shapes_on_2,0,nan,nan,0,nan,0,nan,nan,0,nan
8028.575,110,7,4,1,"{'TopLeft': 0.7272114317029974, 'TopRight': 0.5600159273722156, 'BottomLeft': 0.5979293994002424, 'BottomRight': 0.6464101615137755}","{'TopLeft': 0.016440951024970202, 'TopRight': 0.010936601811691784, 'BottomLeft': 0.011114894791695907, 'BottomRight': 0.01299038105676658}",shapes_on_2,0,nan,nan,0,nan,0,nan,nan,0,nan
8045.242,110,7,4,1,"{'TopLeft': 0.7272114317029974, 'TopRight': 0.5600159273722156, 'BottomLeft': 0.5979293994002424, 'BottomRight': 0.6464101615137755}","{'TopLeft': 0.016440951024970202, 'TopRight': 0.010936601811691784, 'BottomLeft': 0.011114894791695907, 'BottomRight': 0.01299038105676658}",shapes_on_2,0,nan,nan,0,nan,0,nan,nan,0,nan
8061.909,110,7,4,1,"{'TopLeft': 0.7272114317029974, 'TopRight': 0.5600159273722156, 'BottomLeft': 0.5979293994002424, 'BottomRight': 0.6464101615137755}","{'TopLeft': 0.016440951024970202, 'TopRight': 0.010936601811691784, 'BottomLeft': 0.011114894791695907, 'BottomRight': 0.01299038105676658}",shapes_on_2,0,nan,nan,0,nan,0,nan,nan,0,nan
8078.576,110,7,4,1,"{'TopLeft': 0.7272114317029974, 'TopRight': 0.5600159273722156, 'BottomLeft': 0.5979293994002424, 'BottomRight': 0.6464101615137755}","{'TopLeft': 0.016440951024970202, 'TopRight': 0.010936601811691784, 'BottomLeft': 0.011114894791695907, 'BottomRight': 0.01299038105676658}",shapes_on_2,0,nan,nan,0,nan,0,nan,nan,0,nan
8095.245,110,7,4,1,"{'TopLeft': 0.7272114317029974, 'TopRight': 0.5600159273722156, 'BottomLeft': 0.5979293994002424, 'BottomRight': 0.6464101615137755}","{'TopLeft': 0.016440951024970202, 'TopRight': 0.010936601811691784, 'BottomLeft': 0.011114894791695907, 'BottomRight': 0.01299038105676658}",shapes_on_2,0,nan,nan,0,nan,0,nan,nan,0,nan
8111.914,110,7,4,1,"{'TopLeft': 0.7272114317029974, 'TopRight': 0.5600159273722156, 'BottomLeft': 0.5979293994002424, 'BottomRight': 0.6464101615137755}","{'TopLeft': 0.016440951024970202, 'TopRight': 0.010936601811691784, 'BottomLeft': 0.011114894791695907, 'BottomRight': 0.01299038105676658}",shapes_on_2,0,nan,nan,0,nan,0,nan,nan,0,nan
8128.584,110,7,4,1,"{'TopLeft': 0.7272114317029974, 'TopRight': 0.5600159273722156, 'BottomLeft': 0.5979293994002424, 'BottomRight': 0.6464101615137755}","{'TopLeft': 0.016440951024970202, 'TopRight': 0.010936601811691784, 'BottomLeft': 0.011114894791695907, 'BottomRight': 0.01299038105676658}",shapes_on_2,0,nan,nan,0,nan,0,nan,nan,0,nan
8145.25,110,7,4,1,"{'TopLeft': 0.7272114317029974, 'TopRight': 0.5600159273722156, 'BottomLeft': 0.5979293994002424, 'BottomRight': 0.6464101615137755}","{'TopLeft': 0.016440951024970202, 'TopRight': 0.010936601811691784, 'BottomLeft': 0.011114894791695907, 'BottomRight': 0.01299038105676658}",shapes_on_2,0,nan,nan,0,nan,0,nan,nan,0,nan
8161.916,110,7,4,1,"{'TopLeft': 0.7272114317029974, 'TopRight': 0.5600159273722156, 'BottomLeft': 0.5979293994002424, 'BottomRight': 0.6464101615137755}","{'TopLeft': 0.016440951024970202, 'TopRight': 0.010936601811691784, 'BottomLeft': 0.011114894791695907, 'BottomRight': 0.01299038105676658}",shapes_on_2,0,nan,nan,0,nan,0,nan,nan,0,nan
8178.583,110,7,4,1,"{'TopLeft': 0.7272114317029974, 'TopRight': 0.5600159273722156, 'BottomLeft': 0.5979293994002424, 'BottomRight': 0.6464101615137755}","{'TopLeft': 0.016440951024970202, 'TopRight': 0.010936601811691784, 'BottomLeft': 0.011114894791695907, 'BottomRight': 0.01299038105676658}",shapes_on_2,0,nan,nan,0,nan,0,nan,nan,0,nan
8195.251,110,7,4,1,"{'TopLeft': 0.7272114317029974, 'TopRight': 0.5600159273722156, 'BottomLeft': 0.5979293994002424, 'BottomRight': 0.6464101615137755}","{'TopLeft': 0.016440951024970202, 'TopRight': 0.010936601811691784, 'BottomLeft': 0.011114894791695907, 'BottomRight': 0.01299038105676658}",shapes_on_2,0,nan,nan,0,nan,0,nan,nan,0,nan
8211.917,110,7,4,1,"{'TopLeft': 0.7272114317029974, 'TopRight': 0.5600159273722156, 'BottomLeft': 0.5979293994002424, 'BottomRight': 0.6464101615137755}","{'TopLeft': 0.016440951024970202, 'TopRight': 0.010936601811691784, 'BottomLeft': 0.011114894791695907, 'BottomRight': 0.01299038105676658}",shapes_on_2,0,nan,nan,0,nan,0,nan,nan,0,nan
8228.584,110,7,4,1,"{'TopLeft': 0.7272114317029974, 'TopRight': 0.5600159273722156, 'BottomLeft': 0.5979293994002424, 'BottomRight': 0.6464101615137755}","{'TopLeft': 0.016440951024970202, 'TopRight': 0.010936601811691784, 'BottomLeft': 0.011114894791695907, 'BottomRight': 0.01299038105676658}",shapes_on_2,0,nan,nan,0,nan,0,nan,nan,0,nan
8245.25,110,7,4,1,"{'TopLeft': 0.7272114317029974, 'TopRight': 0.5600159273722156, 'BottomLeft': 0.5979293994002424, 'BottomRight': 0.6464101615137755}","{'TopLeft': 0.016440951024970202, 'TopRight': 0.010936601811691784, 'BottomLeft': 0.011114894791695907, 'BottomRight': 0.01299038105676658}",shapes_on_2,0,nan,nan,0,nan,0,nan,nan,0,nan
8261.917,110,7,4,1,"{'TopLeft': 0.7272114317029974, 'TopRight': 0.5600159273722156, 'BottomLeft': 0.5979293994002424, 'BottomRight': 0.6464101615137755}","{'TopLeft': 0.016440951024970202, 'TopRight': 0.010936601811691784, 'BottomLeft': 0.011114894791695907, 'BottomRight': 0.01299038105676658}",shapes_on_2,0,nan,nan,0,nan,0,nan,nan,0,nan
8278.584,110,7,4,1,"{'TopLeft': 0.7272114317029974, 'TopRight': 0.5600159273722156, 'BottomLeft': 0.5979293994002424, 'BottomRight': 0.6464101615137755}","{'TopLeft': 0.016440951024970202, 'TopRight': 0.010936601811691784, 'BottomLeft': 0.011114894791695907, 'BottomRight': 0.01299038105676658}",shapes_on_2,0,nan,nan,0,nan,0,nan,nan,0,nan
8295.25,110,7,4,1,"{'TopLeft': 0.7272114317029974, 'TopRight': 0.5600159273722156, 'BottomLeft': 0.5979293994002424, 'BottomRight': 0.6464101615137755}","{'TopLeft': 0.016440951024970202, 'TopRight': 0.010936601811691784, 'BottomLeft': 0.011114894791695907, 'BottomRight': 0.01299038105676658}",shapes_on_2,0,nan,nan,0,nan,0,nan,nan,0,nan
8311.918,110,7,4,1,"{'TopLeft': 0.7272114317029974, 'TopRight': 0.5600159273722156, 'BottomLeft': 0.5979293994002424, 'BottomRight': 0.6464101615137755}","{'TopLeft': 0.016440951024970202, 'TopRight': 0.010936601811691784, 'BottomLeft': 0.011114894791695907, 'BottomRight': 0.01299038105676658}",shapes_on_2,0,nan,nan,0,nan,0,nan,nan,0,nan
8328.585,110,7,4,1,"{'TopLeft': 0.7272114317029974, 'TopRight': 0.5600159273722156, 'BottomLeft': 0.5979293994002424, 'BottomRight': 0.6464101615137755}","{'TopLeft': 0.016440951024970202, 'TopRight': 0.010936601811691784, 'BottomLeft': 0.011114894791695907, 'BottomRight': 0.01299038105676658}",shapes_on_2,0,nan,nan,0,nan,0,nan,nan,0,nan
8345.251,110,7,4,1,"{'TopLeft': 0.7272114317029974, 'TopRight': 0.5600159273722156, 'BottomLeft': 0.5979293994002424, 'BottomRight': 0.6464101615137755}","{'TopLeft': 0.016440951024970202, 'TopRight': 0.010936601811691784, 'BottomLeft': 0.011114894791695907, 'BottomRight': 0.01299038105676658}",shapes_on_2,0,nan,nan,0,nan,0,nan,nan,0,nan
8361.918,110,7,4,1,"{'TopLeft': 0.7272114317029974, 'TopRight': 0.5600159273722156, 'BottomLeft': 0.5979293994002424, 'BottomRight': 0.6464101615137755}","{'TopLeft': 0.016440951024970202, 'TopRight': 0.010936601811691784, 'BottomLeft': 0.011114894791695907, 'BottomRight': 0.01299038105676658}",shapes_on_2,0,nan,nan,0,nan,0,nan,nan,0,nan
8378.585,110,7,4,1,"{'TopLeft': 0.7272114317029974, 'TopRight': 0.5600159273722156, 'BottomLeft': 0.5979293994002424, 'BottomRight': 0.6464101615137755}","{'TopLeft': 0.016440951024970202, 'TopRight': 0.010936601811691784, 'BottomLeft': 0.011114894791695907, 'BottomRight': 0.01299038105676658}",shapes_on_2,0,nan,nan,0,nan,0,nan,nan,0,nan
8395.253,110,7,4,1,"{'TopLeft': 0.7272114317029974, 'TopRight': 0.5600159273722156, 'BottomLeft': 0.5979293994002424, 'BottomRight': 0.6464101615137755}","{'TopLeft': 0.016440951024970202, 'TopRight': 0.010936601811691784, 'BottomLeft': 0.011114894791695907, 'BottomRight': 0.01299038105676658}",shapes_on_2,0,nan,nan,0,nan,0,nan,nan,0,nan
8411.921,110,7,4,1,"{'TopLeft': 0.7272114317029974, 'TopRight': 0.5600159273722156, 'BottomLeft': 0.5979293994002424, 'BottomRight': 0.6464101615137755}","{'TopLeft': 0.016440951024970202, 'TopRight': 0.010936601811691784, 'BottomLeft': 0.011114894791695907, 'BottomRight': 0.01299038105676658}",shapes_on_2,0,nan,nan,0,nan,0,nan,nan,0,nan
8428.587,110,7,4,1,"{'TopLeft': 0.7272114317029974, 'TopRight': 0.5600159273722156, 'BottomLeft': 0.5979293994002424, 'BottomRight': 0.6464101615137755}","{'TopLeft': 0.016440951024970202, 'TopRight': 0.010936601811691784, 'BottomLeft': 0.011114894791695907, 'BottomRight': 0.01299038105676658}",shapes_on_2,0,nan,nan,0,nan,0,nan,nan,0,nan
8445.255,110,7,4,1,"{'TopLeft': 0.7272114317029974, 'TopRight': 0.5600159273722156, 'BottomLeft': 0.5979293994002424, 'BottomRight': 0.6464101615137755}","{'TopLeft': 0.016440951024970202, 'TopRight': 0.010936601811691784, 'BottomLeft': 0.011114894791695907, 'BottomRight': 0.01299038105676658}",shapes_on_2,0,nan,nan,0,nan,0,nan,nan,0,nan
8461.921,110,7,4,1,"{'TopLeft': 0.7272114317029974, 'TopRight': 0.5600159273722156, 'BottomLeft': 0.5979293994002424, 'BottomRight': 0.6464101615137755}","{'TopLeft': 0.016440951024970202, 'TopRight': 0.010936601811691784, 'BottomLeft': 0.011114894791695907, 'BottomRight': 0.01299038105676658}",shapes_on_2,0,nan,nan,0,nan,0,nan,nan,0,nan
8478.588,110,7,4,1,"{'TopLeft': 0.7272114317029974, 'TopRight': 0.5600159273722156, 'BottomLeft': 0.5979293994002424, 'BottomRight': 0.6464101615137755}","{'TopLeft': 0.016440951024970202, 'TopRight': 0.010936601811691784, 'BottomLeft': 0.011114894791695907, 'BottomRight': 0.01299038105676658}",shapes_on_2,0,nan,nan,0,nan,0,nan,nan,0,nan
8495.255,110,7,4,1,"{'TopLeft': 0.7272114317029974, 'TopRight': 0.5600159273722156, 'BottomLeft': 0.5979293994002424, 'BottomRight': 0.6464101615137755}","{'TopLeft': 0.016440951024970202, 'TopRight': 0.010936601811691784, 'BottomLeft': 0.011114894791695907, 'BottomRight': 0.01299038105676658}",shapes_on_2,0,nan,nan,0,nan,0,nan,nan,0,nan
8511.921,110,7,4,1,"{'TopLeft': 0.7272114317029974, 'TopRight': 0.5600159273722156, 'BottomLeft': 0.5979293994002424, 'BottomRight': 0.6464101615137755}","{'TopLeft': 0.016440951024970202, 'TopRight': 0.010936601811691784, 'BottomLeft': 0.011114894791695907, 'BottomRight': 0.01299038105676658}",shapes_on_2,0,nan,nan,0,nan,0,nan,nan,0,nan
8528.589,110,7,4,1,"{'TopLeft': 0.7272114317029974, 'TopRight': 0.5600159273722156, 'BottomLeft': 0.5979293994002424, 'BottomRight': 0.6464101615137755}","{'TopLeft': 0.016440951024970202, 'TopRight': 0.010936601811691784, 'BottomLeft': 0.011114894791695907, 'BottomRight': 0.01299038105676658}",shapes_on_2,0,nan,nan,0,nan,0,nan,nan,0,nan
8545.256,110,7,4,1,"{'TopLeft': 0.7272114317029974, 'TopRight': 0.5600159273722156, 'BottomLeft': 0.5979293994002424, 'BottomRight': 0.6464101615137755}","{'TopLeft': 0.016440951024970202, 'TopRight': 0.010936601811691784, 'BottomLeft': 0.011114894791695907, 'BottomRight': 0.01299038105676658}",shapes_on_2,0,nan,nan,0,nan,0,nan,nan,0,nan
8561.922,110,7,4,1,"{'TopLeft': 0.7272114317029974, 'TopRight': 0.5600159273722156, 'BottomLeft': 0.5979293994002424, 'BottomRight': 0.6464101615137755}","{'TopLeft': 0.016440951024970202, 'TopRight': 0.010936601811691784, 'BottomLeft': 0.011114894791695907, 'BottomRight': 0.01299038105676658}",shapes_on_2,0,nan,nan,0,nan,0,nan,nan,0,nan
8578.589,110,7,4,1,"{'TopLeft': 0.7272114317029974, 'TopRight': 0.5600159273722156, 'BottomLeft': 0.5979293994002424, 'BottomRight': 0.6464101615137755}","{'TopLeft': 0.016440951024970202, 'TopRight': 0.010936601811691784, 'BottomLeft': 0.011114894791695907, 'BottomRight': 0.01299038105676658}",shapes_on_2,0,nan,nan,0,nan,0,nan,nan,0,nan
8595.256,110,7,4,1,"{'TopLeft': 0.7272114317029974, 'TopRight': 0.5600159273722156, 'BottomLeft': 0.5979293994002424, 'BottomRight': 0.6464101615137755}","{'TopLeft': 0.016440951024970202, 'TopRight': 0.010936601811691784, 'BottomLeft': 0.011114894791695907, 'BottomRight': 0.01299038105676658}",shapes_on_2,0,nan,nan,0,nan,0,nan,nan,0,nan
8611.923,110,7,4,1,"{'TopLeft': 0.7272114317029974, 'TopRight': 0.5600159273722156, 'BottomLeft': 0.5979293994002424, 'BottomRight': 0.6464101615137755}","{'TopLeft': 0.016440951024970202, 'TopRight': 0.010936601811691784, 'BottomLeft': 0.011114894791695907, 'BottomRight': 0.01299038105676658}",shapes_on_2,0,nan,nan,0,nan,0,nan,nan,0,nan
8628.59,110,7,4,1,"{'TopLeft': 0.7272114317029974, 'TopRight': 0.5600159273722156, 'BottomLeft': 0.5979293994002424, 'BottomRight': 0.6464101615137755}","{'TopLeft': 0.016440951024970202, 'TopRight': 0.010936601811691784, 'BottomLeft': 0.011114894791695907, 'BottomRight': 0.01299038105676658}",shapes_on_2,0,nan,nan,0,nan,0,nan,nan,0,nan
8645.256,110,7,4,1,"{'TopLeft': 0.7272114317029974, 'TopRight': 0.5600159273722156, 'BottomLeft': 0.5979293994002424, 'BottomRight': 0.6464101615137755}","{'TopLeft': 0.016440951024970202, 'TopRight': 0.010936601811691784, 'BottomLeft': 0.011114894791695907, 'BottomRight': 0.01299038105676658}",shapes_on_2,0,nan,nan,0,nan,0,nan,nan,0,nan
8661.923,110,7,4,1,"{'TopLeft': 0.7272114317029974, 'TopRight': 0.5600159273722156, 'BottomLeft': 0.5979293994002424, 'BottomRight': 0.6464101615137755}","{'TopLeft': 0.016440951024970202, 'TopRight': 0.010936601811691784, 'BottomLeft': 0.011114894791695907, 'BottomRight': 0.01299038105676658}",shapes_on_2,0,nan,nan,0,nan,0,nan,nan,0,nan
8678.59,110,7,4,1,"{'TopLeft': 0.7272114317029974, 'TopRight': 0.5600159273722156, 'BottomLeft': 0.5979293994002424, 'BottomRight': 0.6464101615137755}","{'TopLeft': 0.016440951024970202, 'TopRight': 0.010936601811691784, 'BottomLeft': 0.011114894791695907, 'BottomRight': 0.01299038105676658}",curtainDown,0,nan,nan,0,nan,0,nan,nan,0,nan
8695.257,110,7,4,1,"{'TopLeft': 0.7272114317029974, 'TopRight': 0.5600159273722156, 'BottomLeft': 0.5979293994002424, 'BottomRight': 0.6464101615137755}","{'TopLeft': 0.016440951024970202, 'TopRight': 0.010936601811691784, 'BottomLeft': 0.011114894791695907, 'BottomRight': 0.01299038105676658}",curtainDown,0,nan,nan,0,nan,0,nan,nan,0,nan
8711.925,110,7,4,1,"{'TopLeft': 0.7272114317029974, 'TopRight': 0.5600159273722156, 'BottomLeft': 0.5979293994002424, 'BottomRight': 0.6464101615137755}","{'TopLeft': 0.016440951024970202, 'TopRight': 0.010936601811691784, 'BottomLeft': 0.011114894791695907, 'BottomRight': 0.01299038105676658}",curtainDown,0,nan,nan,0,nan,0,nan,nan,0,nan
8728.592,110,7,4,1,"{'TopLeft': 0.7272114317029974, 'TopRight': 0.5600159273722156, 'BottomLeft': 0.5979293994002424, 'BottomRight': 0.6464101615137755}","{'TopLeft': 0.016440951024970202, 'TopRight': 0.010936601811691784, 'BottomLeft': 0.011114894791695907, 'BottomRight': 0.01299038105676658}",curtainDown,0,nan,nan,0,nan,0,nan,nan,0,nan
8745.259,110,7,4,1,"{'TopLeft': 0.7272114317029974, 'TopRight': 0.5600159273722156, 'BottomLeft': 0.5979293994002424, 'BottomRight': 0.6464101615137755}","{'TopLeft': 0.016440951024970202, 'TopRight': 0.010936601811691784, 'BottomLeft': 0.011114894791695907, 'BottomRight': 0.01299038105676658}",curtainDown,0,nan,nan,0,nan,0,nan,nan,0,nan
8761.926,110,7,4,1,"{'TopLeft': 0.7272114317029974, 'TopRight': 0.5600159273722156, 'BottomLeft': 0.5979293994002424, 'BottomRight': 0.6464101615137755}","{'TopLeft': 0.016440951024970202, 'TopRight': 0.010936601811691784, 'BottomLeft': 0.011114894791695907, 'BottomRight': 0.01299038105676658}",curtainDown,0,nan,nan,0,nan,0,nan,nan,0,nan
8778.593,110,7,4,1,"{'TopLeft': 0.7272114317029974, 'TopRight': 0.5600159273722156, 'BottomLeft': 0.5979293994002424, 'BottomRight': 0.6464101615137755}","{'TopLeft': 0.016440951024970202, 'TopRight': 0.010936601811691784, 'BottomLeft': 0.011114894791695907, 'BottomRight': 0.01299038105676658}",curtainDown,0,nan,nan,0,nan,0,nan,nan,0,nan
8795.259,110,7,4,1,"{'TopLeft': 0.7272114317029974, 'TopRight': 0.5600159273722156, 'BottomLeft': 0.5979293994002424, 'BottomRight': 0.6464101615137755}","{'TopLeft': 0.016440951024970202, 'TopRight': 0.010936601811691784, 'BottomLeft': 0.011114894791695907, 'BottomRight': 0.01299038105676658}",curtainDown,0,nan,nan,0,nan,0,nan,nan,0,nan
8811.926,110,7,4,1,"{'TopLeft': 0.7272114317029974, 'TopRight': 0.5600159273722156, 'BottomLeft': 0.5979293994002424, 'BottomRight': 0.6464101615137755}","{'TopLeft': 0.016440951024970202, 'TopRight': 0.010936601811691784, 'BottomLeft': 0.011114894791695907, 'BottomRight': 0.01299038105676658}",curtainDown,0,nan,nan,0,nan,0,nan,nan,0,nan
8828.593,110,7,4,1,"{'TopLeft': 0.7272114317029974, 'TopRight': 0.5600159273722156, 'BottomLeft': 0.5979293994002424, 'BottomRight': 0.6464101615137755}","{'TopLeft': 0.016440951024970202, 'TopRight': 0.010936601811691784, 'BottomLeft': 0.011114894791695907, 'BottomRight': 0.01299038105676658}",curtainDown,0,nan,nan,0,nan,0,nan,nan,0,nan
8845.259,110,7,4,1,"{'TopLeft': 0.7272114317029974, 'TopRight': 0.5600159273722156, 'BottomLeft': 0.5979293994002424, 'BottomRight': 0.6464101615137755}","{'TopLeft': 0.016440951024970202, 'TopRight': 0.010936601811691784, 'BottomLeft': 0.011114894791695907, 'BottomRight': 0.01299038105676658}",curtainDown,0,nan,nan,0,nan,0,nan,nan,0,nan
8861.926,110,7,4,1,"{'TopLeft': 0.7272114317029974, 'TopRight': 0.5600159273722156, 'BottomLeft': 0.5979293994002424, 'BottomRight': 0.6464101615137755}","{'TopLeft': 0.016440951024970202, 'TopRight': 0.010936601811691784, 'BottomLeft': 0.011114894791695907, 'BottomRight': 0.01299038105676658}",curtainDown,0,nan,nan,0,nan,0,nan,nan,0,nan
8878.592,110,7,4,1,"{'TopLeft': 0.7272114317029974, 'TopRight': 0.5600159273722156, 'BottomLeft': 0.5979293994002424, 'BottomRight': 0.6464101615137755}","{'TopLeft': 0.016440951024970202, 'TopRight': 0.010936601811691784, 'BottomLeft': 0.011114894791695907, 'BottomRight': 0.01299038105676658}",curtainDown,0,nan,nan,0,nan,0,nan,nan,0,nan
8895.258,110,7,4,1,"{'TopLeft': 0.7272114317029974, 'TopRight': 0.5600159273722156, 'BottomLeft': 0.5979293994002424, 'BottomRight': 0.6464101615137755}","{'TopLeft': 0.016440951024970202, 'TopRight': 0.010936601811691784, 'BottomLeft': 0.011114894791695907, 'BottomRight': 0.01299038105676658}",curtainDown,0,nan,nan,0,nan,0,nan,nan,0,nan
8911.928,110,7,4,1,"{'TopLeft': 0.7272114317029974, 'TopRight': 0.5600159273722156, 'BottomLeft': 0.5979293994002424, 'BottomRight': 0.6464101615137755}","{'TopLeft': 0.016440951024970202, 'TopRight': 0.010936601811691784, 'BottomLeft': 0.011114894791695907, 'BottomRight': 0.01299038105676658}",curtainDown,0,nan,nan,0,nan,0,nan,nan,0,nan
8928.594,110,7,4,1,"{'TopLeft': 0.7272114317029974, 'TopRight': 0.5600159273722156, 'BottomLeft': 0.5979293994002424, 'BottomRight': 0.6464101615137755}","{'TopLeft': 0.016440951024970202, 'TopRight': 0.010936601811691784, 'BottomLeft': 0.011114894791695907, 'BottomRight': 0.01299038105676658}",curtainDown,0,nan,nan,0,nan,0,nan,nan,0,nan
8945.261,110,7,4,1,"{'TopLeft': 0.7272114317029974, 'TopRight': 0.5600159273722156, 'BottomLeft': 0.5979293994002424, 'BottomRight': 0.6464101615137755}","{'TopLeft': 0.016440951024970202, 'TopRight': 0.010936601811691784, 'BottomLeft': 0.011114894791695907, 'BottomRight': 0.01299038105676658}",curtainDown,0,nan,nan,0,nan,0,nan,nan,0,nan
8961.927,110,7,4,1,"{'TopLeft': 0.7272114317029974, 'TopRight': 0.5600159273722156, 'BottomLeft': 0.5979293994002424, 'BottomRight': 0.6464101615137755}","{'TopLeft': 0.016440951024970202, 'TopRight': 0.010936601811691784, 'BottomLeft': 0.011114894791695907, 'BottomRight': 0.01299038105676658}",curtainDown,0,nan,nan,0,nan,0,nan,nan,0,nan
8978.593,110,7,4,1,"{'TopLeft': 0.7272114317029974, 'TopRight': 0.5600159273722156, 'BottomLeft': 0.5979293994002424, 'BottomRight': 0.6464101615137755}","{'TopLeft': 0.016440951024970202, 'TopRight': 0.010936601811691784, 'BottomLeft': 0.011114894791695907, 'BottomRight': 0.01299038105676658}",curtainDown,0,nan,nan,0,nan,0,nan,nan,0,nan
8995.261,110,7,4,1,"{'TopLeft': 0.7272114317029974, 'TopRight': 0.5600159273722156, 'BottomLeft': 0.5979293994002424, 'BottomRight': 0.6464101615137755}","{'TopLeft': 0.016440951024970202, 'TopRight': 0.010936601811691784, 'BottomLeft': 0.011114894791695907, 'BottomRight': 0.01299038105676658}",curtainDown,0,nan,nan,0,nan,0,nan,nan,0,nan
9011.928,110,7,4,1,"{'TopLeft': 0.7272114317029974, 'TopRight': 0.5600159273722156, 'BottomLeft': 0.5979293994002424, 'BottomRight': 0.6464101615137755}","{'TopLeft': 0.016440951024970202, 'TopRight': 0.010936601811691784, 'BottomLeft': 0.011114894791695907, 'BottomRight': 0.01299038105676658}",curtainDown,0,nan,nan,0,nan,0,nan,nan,0,nan
9028.594,110,7,4,1,"{'TopLeft': 0.7272114317029974, 'TopRight': 0.5600159273722156, 'BottomLeft': 0.5979293994002424, 'BottomRight': 0.6464101615137755}","{'TopLeft': 0.016440951024970202, 'TopRight': 0.010936601811691784, 'BottomLeft': 0.011114894791695907, 'BottomRight': 0.01299038105676658}",curtainDown,0,nan,nan,0,nan,0,nan,nan,0,nan
9045.261,110,7,4,1,"{'TopLeft': 0.7272114317029974, 'TopRight': 0.5600159273722156, 'BottomLeft': 0.5979293994002424, 'BottomRight': 0.6464101615137755}","{'TopLeft': 0.016440951024970202, 'TopRight': 0.010936601811691784, 'BottomLeft': 0.011114894791695907, 'BottomRight': 0.01299038105676658}",curtainDown,0,nan,nan,0,nan,0,nan,nan,0,nan
9061.928,110,7,4,1,"{'TopLeft': 0.7272114317029974, 'TopRight': 0.5600159273722156, 'BottomLeft': 0.5979293994002424, 'BottomRight': 0.6464101615137755}","{'TopLeft': 0.016440951024970202, 'TopRight': 0.010936601811691784, 'BottomLeft': 0.011114894791695907, 'BottomRight': 0.01299038105676658}",curtainDown,0,nan,nan,0,nan,0,nan,nan,0,nan
9078.596,110,7,4,1,"{'TopLeft': 0.7272114317029974, 'TopRight': 0.5600159273722156, 'BottomLeft': 0.5979293994002424, 'BottomRight': 0.6464101615137755}","{'TopLeft': 0.016440951024970202, 'TopRight': 0.010936601811691784, 'BottomLeft': 0.011114894791695907, 'BottomRight': 0.01299038105676658}",curtainDown,0,nan,nan,0,nan,0,nan,nan,0,nan
9095.263,110,7,4,1,"{'TopLeft': 0.7272114317029974, 'TopRight': 0.5600159273722156, 'BottomLeft': 0.5979293994002424, 'BottomRight': 0.6464101615137755}","{'TopLeft': 0.016440951024970202, 'TopRight': 0.010936601811691784, 'BottomLeft': 0.011114894791695907, 'BottomRight': 0.01299038105676658}",curtainDown,0,nan,nan,0,nan,0,nan,nan,0,nan
9111.93,110,7,4,1,"{'TopLeft': 0.7272114317029974, 'TopRight': 0.5600159273722156, 'BottomLeft': 0.5979293994002424, 'BottomRight': 0.6464101615137755}","{'TopLeft': 0.016440951024970202, 'TopRight': 0.010936601811691784, 'BottomLeft': 0.011114894791695907, 'BottomRight': 0.01299038105676658}",curtainDown,0,nan,nan,0,nan,0,nan,nan,0,nan
9128.596,110,7,4,1,"{'TopLeft': 0.7272114317029974, 'TopRight': 0.5600159273722156, 'BottomLeft': 0.5979293994002424, 'BottomRight': 0.6464101615137755}","{'TopLeft': 0.016440951024970202, 'TopRight': 0.010936601811691784, 'BottomLeft': 0.011114894791695907, 'BottomRight': 0.01299038105676658}",curtainDown,0,nan,nan,0,nan,0,nan,nan,0,nan
9145.263,110,7,4,1,"{'TopLeft': 0.7272114317029974, 'TopRight': 0.5600159273722156, 'BottomLeft': 0.5979293994002424, 'BottomRight': 0.6464101615137755}","{'TopLeft': 0.016440951024970202, 'TopRight': 0.010936601811691784, 'BottomLeft': 0.011114894791695907, 'BottomRight': 0.01299038105676658}",curtainDown,0,nan,nan,0,nan,0,nan,nan,0,nan
9161.931,110,7,4,1,"{'TopLeft': 0.7272114317029974, 'TopRight': 0.5600159273722156, 'BottomLeft': 0.5979293994002424, 'BottomRight': 0.6464101615137755}","{'TopLeft': 0.016440951024970202, 'TopRight': 0.010936601811691784, 'BottomLeft': 0.011114894791695907, 'BottomRight': 0.01299038105676658}",curtainDown,0,nan,nan,0,nan,0,nan,nan,0,nan
9178.597,110,7,4,1,"{'TopLeft': 0.7272114317029974, 'TopRight': 0.5600159273722156, 'BottomLeft': 0.5979293994002424, 'BottomRight': 0.6464101615137755}","{'TopLeft': 0.016440951024970202, 'TopRight': 0.010936601811691784, 'BottomLeft': 0.011114894791695907, 'BottomRight': 0.01299038105676658}",curtainDown,0,nan,nan,0,nan,0,nan,nan,0,nan
9195.265,110,7,4,1,"{'TopLeft': 0.7272114317029974, 'TopRight': 0.5600159273722156, 'BottomLeft': 0.5979293994002424, 'BottomRight': 0.6464101615137755}","{'TopLeft': 0.016440951024970202, 'TopRight': 0.010936601811691784, 'BottomLeft': 0.011114894791695907, 'BottomRight': 0.01299038105676658}",curtainDown,0,nan,nan,0,nan,0,nan,nan,0,nan
9211.932,110,7,4,1,"{'TopLeft': 0.7272114317029974, 'TopRight': 0.5600159273722156, 'BottomLeft': 0.5979293994002424, 'BottomRight': 0.6464101615137755}","{'TopLeft': 0.016440951024970202, 'TopRight': 0.010936601811691784, 'BottomLeft': 0.011114894791695907, 'BottomRight': 0.01299038105676658}",curtainDown,0,nan,nan,0,nan,0,nan,nan,0,nan
9228.598,110,7,4,1,"{'TopLeft': 0.7272114317029974, 'TopRight': 0.5600159273722156, 'BottomLeft': 0.5979293994002424, 'BottomRight': 0.6464101615137755}","{'TopLeft': 0.016440951024970202, 'TopRight': 0.010936601811691784, 'BottomLeft': 0.011114894791695907, 'BottomRight': 0.01299038105676658}",curtainDown,0,nan,nan,0,nan,0,nan,nan,0,nan
9245.264,110,7,4,1,"{'TopLeft': 0.7272114317029974, 'TopRight': 0.5600159273722156, 'BottomLeft': 0.5979293994002424, 'BottomRight': 0.6464101615137755}","{'TopLeft': 0.016440951024970202, 'TopRight': 0.010936601811691784, 'BottomLeft': 0.011114894791695907, 'BottomRight': 0.01299038105676658}",curtainDown,0,nan,nan,0,nan,0,nan,nan,0,nan
9261.93,110,7,4,1,"{'TopLeft': 0.7272114317029974, 'TopRight': 0.5600159273722156, 'BottomLeft': 0.5979293994002424, 'BottomRight': 0.6464101615137755}","{'TopLeft': 0.016440951024970202, 'TopRight': 0.010936601811691784, 'BottomLeft': 0.011114894791695907, 'BottomRight': 0.01299038105676658}",curtainDown,0,nan,nan,0,nan,0,nan,nan,0,nan
9278.599,110,7,4,1,"{'TopLeft': 0.7272114317029974, 'TopRight': 0.5600159273722156, 'BottomLeft': 0.5979293994002424, 'BottomRight': 0.6464101615137755}","{'TopLeft': 0.016440951024970202, 'TopRight': 0.010936601811691784, 'BottomLeft': 0.011114894791695907, 'BottomRight': 0.01299038105676658}",curtainDown,1,-0.15587843788994682,0.2443123161792755,1,3.56005859375,1,-0.17109754350450304,0.24638882279396057,1,3.532135009765625
9295.266,110,7,4,1,"{'TopLeft': 0.7272114317029974, 'TopRight': 0.5600159273722156, 'BottomLeft': 0.5979293994002424, 'BottomRight': 0.6464101615137755}","{'TopLeft': 0.016440951024970202, 'TopRight': 0.010936601811691784, 'BottomLeft': 0.011114894791695907, 'BottomRight': 0.01299038105676658}",curtainDown,1,-0.1688436402214898,0.259956955909729,1,3.5431365966796875,1,-0.17720561557345918,0.25464197993278503,1,3.52557373046875
9311.932,110,7,4,1,"{'TopLeft': 0.7272114317029974, 'TopRight': 0.5600159273722156, 'BottomLeft': 0.5979293994002424, 'BottomRight': 0.6464101615137755}","{'TopLeft': 0.016440951024970202, 'TopRight': 0.010936601811691784, 'BottomLeft': 0.011114894791695907, 'BottomRight': 0.01299038105676658}",curtainDown,1,-0.17197736104329425,0.26697859168052673,1,3.5359954833984375,1,-0.1830985811021593,0.26341821253299713,1,3.519775390625
9328.599,110,7,4,1,"{'TopLeft': 0.7272114317029974, 'TopRight': 0.5600159273722156, 'BottomLeft': 0.5979293994002424, 'BottomRight': 0.6464101615137755}","{'TopLeft': 0.016440951024970202, 'TopRight': 0.010936601811691784, 'BottomLeft': 0.011114894791695907, 'BottomRight': 0.01299038105676658}",curtainDown,1,-0.17648082309299043,0.26301802694797516,1,3.5288543701171875,1,-0.18138737148708767,0.26706305146217346,1,3.5141143798828125
1.515,110,7,4,2,"{'TopLeft': 0.585, 'TopRight': 0.6149999999999999, 'BottomLeft': 0.6, 'BottomRight': 0.5598900715102811}","{'TopLeft': 0.021389062499999997, 'TopRight': 0.02363906249999999, 'BottomLeft': 0.0225, 'BottomRight': 0.01894275}",IntruderTrial,1,-0.17606062359280056,0.26645687222480774,1,3.5164337158203125,1,-0.18704764048258463,0.2711879163980484,1,3.5072174072265625
18.182,110,7,4,2,"{'TopLeft': 0.585, 'TopRight': 0.6149999999999999, 'BottomLeft': 0.6, 'BottomRight': 0.5598900715102811}","{'TopLeft': 0.021389062499999997, 'TopRight': 0.02363906249999999, 'BottomLeft': 0.0225, 'BottomRight': 0.01894275}",IntruderTrial,1,-0.181386841668023,0.2694489657878876,1,3.51519775390625,1,-0.18631765577528211,0.28223705291748047,1,3.507171630859375
34.849,110,7,4,2,"{'TopLeft': 0.585, 'TopRight': 0.6149999999999999, 'BottomLeft': 0.6, 'BottomRight': 0.5598900715102811}","{'TopLeft': 0.021389062499999997, 'TopRight': 0.02363906249999999, 'BottomLeft': 0.0225, 'BottomRight': 0.01894275}",IntruderTrial,1,-0.18112161424424914,0.2678377330303192,1,3.50445556640625,1,-0.18723710378011066,0.27144235372543335,1,3.5070648193359375
51.516,110,7,4,2,"{'TopLeft': 0.585, 'TopRight': 0.6149999999999999, 'BottomLeft': 0.6, 'BottomRight': 0.5598900715102811}","{'TopLeft': 0.021389062499999997, 'TopRight': 0.02363906249999999, 'BottomLeft': 0.0225, 'BottomRight': 0.01894275}",curtain_up,1,-0.18728786044650605,0.2762499004602432,1,3.5019989013671875,1,-0.1895101335313585,0.27750247716903687,1,3.503875732421875
68.182,110,7,4,2,"{'TopLeft': 0.585, 'TopRight': 0.6149999999999999, 'BottomLeft': 0.6, 'BottomRight': 0.5598900715102811}","{'TopLeft': 0.021389062499999997, 'TopRight': 0.02363906249999999, 'BottomLeft': 0.0225, 'BottomRight': 0.01894275}",curtain_up,1,-0.181641419728597,0.2710755169391632,1,3.5040130615234375,1,-0.18573983510335285,0.26460906863212585,1,3.5052947998046875
84.85,110,7,4,2,"{'TopLeft': 0.585, 'TopRight': 0.6149999999999999, 'BottomLeft': 0.6, 'BottomRight': 0.5598900715102811}","{'TopLeft': 0.021389062499999997, 'TopRight': 0.02363906249999999, 'BottomLeft': 0.0225, 'BottomRight': 0.01894275}",curtain_up,1,-0.187703980339898,0.2704901844263077,1,3.497467041015625,1,-0.19440205891927081,0.2794523537158966,1,3.5084686279296875
101.517,110,7,4,2,"{'TopLeft': 0.585, 'TopRight': 0.6149999999999999, 'BottomLeft': 0.6, 'BottomRight': 0.5598900715102811}","{'TopLeft': 0.021389062499999997, 'TopRight': 0.02363906249999999, 'BottomLeft': 0.0225, 'BottomRight': 0.01894275}",curtain_up,1,-0.1814083523220486,0.2684016674757004,1,3.5030059814453125,1,-0.18798287709554035,0.2622496634721756,1,3.51470947265625
118.183,110,7,4,2,"{'TopLeft': 0.585, 'TopRight': 0.6149999999999999, 'BottomLeft': 0.6, 'BottomRight': 0.5598900715102811}","{'TopLeft': 0.021389062499999997, 'TopRight': 0.02363906249999999, 'BottomLeft': 0.0225, 'BottomRight': 0.01894275}",curtain_up,1,-0.18421279059516057,0.27014395594596863,1,3.5043182373046875,1,-0.19242509206136066,0.2770742326974869,1,3.526214599609375
134.85,110,7,4,2,"{'TopLeft': 0.585, 'TopRight': 0.6149999999999999, 'BottomLeft': 0.6, 'BottomRight': 0.5598900715102811}","{'TopLeft': 0.021389062499999997, 'TopRight': 0.02363906249999999, 'BottomLeft': 0.0225, 'BottomRight': 0.01894275}",curtain_up,1,-0.17907238006591797,0.2646138519048691,1,3.51007080078125,1,-0.190993414984809,0.26464104652404785,1,3.525146484375
151.517,110,7,4,2,"{'TopLeft': 0.585, 'TopRight': 0.6149999999999999, 'BottomLeft': 0.6, 'BottomRight': 0.5598900715102811}","{'TopLeft': 0.021389062499999997, 'TopRight': 0.02363906249999999, 'BottomLeft': 0.0225, 'BottomRight': 0.01894275}",curtain_up,1,-0.18300225999620226,0.2698829621076584,1,3.5091552734375,1,-0.1933861838446723,0.26774294674396515,1,3.535064697265625
168.183,110,7,4,2,"{'TopLeft': 0.585, 'TopRight': 0.6149999999999999, 'BottomLeft': 0.6, 'BottomRight': 0.5598900715102811}","{'TopLeft': 0.021389062499999997, 'TopRight': 0.02363906249999999, 'BottomLeft': 0.0225, 'BottomRight': 0.01894275}",curtain_up,1,-0.18319728639390734,0.2736978530883789,1,3.5162811279296875,1,-0.19321505228678384,0.2612917423248291,1,3.542236328125
184.851,110,7,4,2,"{'TopLeft': 0.585, 'TopRight': 0.6149999999999999, 'BottomLeft': 0.6, 'BottomRight': 0.5598900715102811}","{'TopLeft': 0.021389062499999997, 'TopRight': 0.02363906249999999, 'BottomLeft': 0.0225, 'BottomRight': 0.01894275}",curtain_up,1,-0.1855563587612576,0.26941782236099243,1,3.52203369140625,1,-0.1944935056898329,0.2642328441143036,1,3.55120849609375
201.518,110,7,4,2,"{'TopLeft': 0.585, 'TopRight': 0.6149999999999999, 'BottomLeft': 0.6, 'BottomRight': 0.5598900715102811}","{'TopLeft': 0.021389062499999997, 'TopRight': 0.02363906249999999, 'BottomLeft': 0.0225, 'BottomRight': 0.01894275}",curtain_up,1,-0.18429475360446504,0.26172401010990143,1,3.526092529296875,1,-0.1950055228339301,0.2629442363977432,1,3.560150146484375
218.184,110,7,4,2,"{'TopLeft': 0.585, 'TopRight': 0.6149999999999999, 'BottomLeft': 0.6, 'BottomRight': 0.5598900715102811}","{'TopLeft': 0.021389062499999997, 'TopRight': 0.02363906249999999, 'BottomLeft': 0.0225, 'BottomRight': 0.01894275}",curtain_up,1,-0.1903915935092502,0.26872777938842773,1,3.5332794189453125,1,-0.19590828153822157,0.2648940086364746,1,3.5693359375
234.852,110,7,4,2,"{'TopLeft': 0.585, 'TopRight': 0.6149999999999999, 'BottomLeft': 0.6, 'BottomRight': 0.5598900715102811}","{'TopLeft': 0.021389062499999997, 'TopRight': 0.02363906249999999, 'BottomLeft': 0.0225, 'BottomRight': 0.01894275}",curtain_up,1,-0.18828386730617946,0.27141930162906647,1,3.5424041748046875,1,-0.1972588433159722,0.2639186382293701,1,3.5801849365234375
251.519,110,7,4,2,"{'TopLeft': 0.585, 'TopRight': 0.6149999999999999, 'BottomLeft': 0.6, 'BottomRight': 0.5598900715102811}","{'TopLeft': 0.021389062499999997, 'TopRight': 0.02363906249999999, 'BottomLeft': 0.0225, 'BottomRight': 0.01894275}",curtain_up,1,-0.1924114227294922,0.27017733454704285,1,3.5471343994140625,1,-0.20011838277180988,0.26476575434207916,1,3.584564208984375
268.185,110,7,4,2,"{'TopLeft': 0.585, 'TopRight': 0.6149999999999999, 'BottomLeft': 0.6, 'BottomRight': 0.5598900715102811}","{'TopLeft': 0.021389062499999997, 'TopRight': 0.02363906249999999, 'BottomLeft': 0.0225, 'BottomRight': 0.01894275}",curtain_up,1,-0.19449636671278211,0.27006807923316956,1,3.5508270263671875,1,-0.19479942321777344,0.25868332386016846,1,3.5908050537109375
284.852,110,7,4,2,"{'TopLeft': 0.585, 'TopRight': 0.6149999999999999, 'BottomLeft': 0.6, 'BottomRight': 0.5598900715102811}","{'TopLeft': 0.021389062499999997, 'TopRight': 0.02363906249999999, 'BottomLeft': 0.0225, 'BottomRight': 0.01894275}",curtain_up,1,-0.18951182895236543,0.2713877707719803,1,3.54876708984375,1,-0.20236359702216253,0.2639666199684143,1,3.59539794921875
301.52,110,7,4,2,"{'TopLeft': 0.585, 'TopRight': 0.6149999999999999, 'BottomLeft': 0.6, 'BottomRight': 0.5598900715102811}","{'TopLeft': 0.021389062499999997, 'TopRight': 0.02363906249999999, 'BottomLeft': 0.0225, 'BottomRight': 0.01894275}",curtain_up,1,-0.18963760799831814,0.26575781404972076,1,3.549835205078125,1,-0.19644175635443792,0.2591319680213928,1,3.6013336181640625
318.186,110,7,4,2,"{'TopLeft': 0.585, 'TopRight': 0.6149999999999999, 'BottomLeft': 0.6, 'BottomRight': 0.5598900715102811}","{'TopLeft': 0.021389062499999997, 'TopRight': 0.02363906249999999, 'BottomLeft': 0.0225, 'BottomRight': 0.01894275}",curtain_up,1,-0.1916296746995714,0.2702852338552475,1,3.5530242919921875,1,-0.19859891467624238,0.2633553594350815,1,3.59588623046875
334.853,110,7,4,2,"{'TopLeft': 0.585, 'TopRight': 0.6149999999999999, 'BottomLeft': 0.6, 'BottomRight': 0.5598900715102811}","{'TopLeft': 0.021389062499999997, 'TopRight': 0.02363906249999999, 'BottomLeft': 0.0225, 'BottomRight': 0.01894275}",curtain_up,1,-0.18688970141940645,0.2645918130874634,1,3.55194091796875,1,-0.1988080342610677,0.25918181240558624,1,3.599151611328125
351.52,110,7,4,2,"{'TopLeft': 0.585, 'TopRight': 0.6149999999999999, 'BottomLeft': 0.6, 'BottomRight': 0.5598900715102811}","{'TopLeft': 0.021389062499999997, 'TopRight': 0.02363906249999999, 'BottomLeft': 0.0225, 'BottomRight': 0.01894275}",curtain_up,1,-0.20548428429497612,0.278242826461792,1,3.5518341064453125,1,-0.19456969367133245,0.25870950520038605,1,3.59661865234375
368.186,110,7,4,2,"{'TopLeft': 0.585, 'TopRight': 0.6149999999999999, 'BottomLeft': 0.6, 'BottomRight': 0.5598900715102811}","{'TopLeft': 0.021389062499999997, 'TopRight': 0.02363906249999999, 'BottomLeft': 0.0225, 'BottomRight': 0.01894275}",curtain_up,1,-0.19829665289984807,0.2704118341207504,1,3.553985595703125,1,-0.19533061981201172,0.2554340958595276,1,3.5968170166015625
384.854,110,7,4,2,"{'TopLeft': 0.585, 'TopRight': 0.6149999999999999, 'BottomLeft': 0.6, 'BottomRight': 0.5598900715102811}","{'TopLeft': 0.021389062499999997, 'TopRight': 0.02363906249999999, 'BottomLeft': 0.0225, 'BottomRight': 0.01894275}",curtain_up,1,-0.19707245296902126,0.2657906413078308,1,3.5443115234375,1,-0.20066240098741317,0.26230305433273315,1,3.5917510986328125
401.521,110,7,4,2,"{'TopLeft': 0.585, 'TopRight': 0.6149999999999999, 'BottomLeft': 0.6, 'BottomRight': 0.5598900715102811}","{'TopLeft': 0.021389062499999997, 'TopRight': 0.02363906249999999, 'BottomLeft': 0.0225, 'BottomRight': 0.01894275}",curtain_up,1,-0.1943848927815755,0.26232612133026123,1,3.545623779296875,1,-0.19723722669813368,0.25285524129867554,1,3.5883636474609375
418.188,110,7,4,2,"{'TopLeft': 0.585, 'TopRight': 0.6149999999999999, 'BottomLeft': 0.6, 'BottomRight': 0.5598900715102811}","{'TopLeft': 0.021389062499999997, 'TopRight': 0.02363906249999999, 'BottomLeft': 0.0225, 'BottomRight': 0.01894275}",curtain_up,1,-0.1974907981024848,0.2611198276281357,1,3.5408782958984375,1,-0.19967153337266708,0.25915250182151794,1,3.5829925537109375
434.855,110,7,4,2,"{'TopLeft': 0.585, 'TopRight': 0.6149999999999999, 'BottomLeft': 0.6, 'BottomRight': 0.5598900715102811}","{'TopLeft': 0.021389062499999997, 'TopRight': 0.02363906249999999, 'BottomLeft': 0.0225, 'BottomRight': 0.01894275}",curtain_up,1,-0.19826316833496094,0.2642093300819397,1,3.5442047119140625,1,-0.19912666744656032,0.2549646943807602,1,3.5802764892578125
451.522,110,7,4,2,"{'TopLeft': 0.585, 'TopRight': 0.6149999999999999, 'BottomLeft': 0.6, 'BottomRight': 0.5598900715102811}","{'TopLeft': 0.021389062499999997, 'TopRight': 0.02363906249999999, 'BottomLeft': 0.0225, 'BottomRight': 0.01894275}",curtain_up,1,-0.1981507937113444,0.261894553899765,1,3.533111572265625,1,-0.20046085781521267,0.25733619928359985,1,3.5782928466796875
468.188,110,7,4,2,"{'TopLeft': 0.585, 'TopRight': 0.6149999999999999, 'BottomLeft': 0.6, 'BottomRight': 0.5598900715102811}","{'TopLeft': 0.021389062499999997, 'TopRight': 0.02363906249999999, 'BottomLeft': 0.0225, 'BottomRight': 0.01894275}",curtain_up,1,-0.1985198656717936,0.26265254616737366,1,3.5340423583984375,1,-0.1997796164618598,0.24969124794006348,1,3.5759429931640625
484.855,110,7,4,2,"{'TopLeft': 0.585, 'TopRight': 0.6149999999999999, 'BottomLeft': 0.6, 'BottomRight': 0.5598900715102811}","{'TopLeft': 0.021389062499999997, 'TopRight': 0.02363906249999999, 'BottomLeft': 0.0225, 'BottomRight': 0.01894275}",curtain_up,1,-0.2030694219801161,0.26791106164455414,1,3.5361175537109375,1,-0.20206022262573242,0.25748884677886963,1,3.57379150390625
501.522,110,7,4,2,"{'TopLeft': 0.585, 'TopRight': 0.6149999999999999, 'BottomLeft': 0.6, 'BottomRight': 0.5598900715102811}","{'TopLeft': 0.021389062499999997, 'TopRight': 0.02363906249999999, 'BottomLeft': 0.0225, 'BottomRight': 0.01894275}",curtain_up,1,-0.19923538631863064,0.26485511660575867,1,3.53033447265625,1,-0.20113643010457355,0.2501715272665024,1,3.5704498291015625
518.189,110,7,4,2,"{'TopLeft': 0.585, 'TopRight': 0.6149999999999999, 'BottomLeft': 0.6, 'BottomRight': 0.5598900715102811}","{'TopLeft': 0.021389062499999997, 'TopRight': 0.02363906249999999, 'BottomLeft': 0.0225, 'BottomRight': 0.01894275}",curtain_up,1,-0.2032526863945855,0.265476256608963,1,3.53094482421875,1,-0.2025319735209147,0.25631675124168396,1,3.5709228515625
534.856,110,7,4,2,"{'TopLeft': 0.585, 'TopRight': 0.6149999999999999, 'BottomLeft': 0.6, 'BottomRight': 0.5598900715102811}","{'TopLeft': 0.021389062499999997, 'TopRight': 0.02363906249999999, 'BottomLeft': 0.0225, 'BottomRight': 0.01894275}",curtain_up,1,-0.2015819549560547,0.26059210300445557,1,3.53729248046875,1,-0.2010878456963433,0.2474328875541687,1,3.56695556640625
551.523,110,7,4,2,"{'TopLeft': 0.585, 'TopRight': 0.6149999999999999, 'BottomLeft': 0.6, 'BottomRight': 0.5598900715102811}","{'TopLeft': 0.021389062499999997, 'TopRight': 0.02363906249999999, 'BottomLeft': 0.0225, 'BottomRight': 0.01894275}",curtain_up,1,-0.20464441511366102,0.26086875796318054,1,3.5414581298828125,1,-0.2007881270514594,0.24949923157691956,1,3.570220947265625
568.189,110,7,4,2,"{'TopLeft': 0.585, 'TopRight': 0.6149999999999999, 'BottomLeft': 0.6, 'BottomRight': 0.5598900715102811}","{'TopLeft': 0.021389062499999997, 'TopRight': 0.02363906249999999, 'BottomLeft': 0.0225, 'BottomRight': 0.01894275}",curtain_up,1,-0.20677365197075737,0.26229017972946167,1,3.5469818115234375,1,-0.20724042256673175,0.2585303634405136,1,3.56829833984375
584.857,110,7,4,2,"{'TopLeft': 0.585, 'TopRight': 0.6149999999999999, 'BottomLeft': 0.6, 'BottomRight': 0.5598900715102811}","{'TopLeft': 0.021389062499999997, 'TopRight': 0.02363906249999999, 'BottomLeft': 0.0225, 'BottomRight': 0.01894275}",curtain_up,1,-0.20520390404595268,0.2595055550336838,1,3.5485992431640625,1,-0.20042906867133245,0.24859774112701416,1,3.577178955078125
601.524,110,7,4,2,"{'TopLeft': 0.585, 'TopRight': 0.6149999999999999, 'BottomLeft': 0.6, 'BottomRight': 0.5598900715102811}","{'TopLeft': 0.021389062499999997, 'TopRight': 0.02363906249999999, 'BottomLeft': 0.0225, 'BottomRight': 0.01894275}",curtain_up,1,-0.2241856257120768,0.27216991782188416,1,3.558441162109375,1,-0.20723109775119355,0.25808054208755493,1,3.577728271484375
618.19,110,7,4,2,"{'TopLeft': 0.585, 'TopRight': 0.6149999999999999, 'BottomLeft': 0.6, 'BottomRight': 0.5598900715102811}","{'TopLeft': 0.021389062499999997, 'TopRight': 0.02363906249999999, 'BottomLeft': 0.0225, 'BottomRight': 0.01894275}",curtain_up,1,-0.2016299035814073,0.26207390427589417,1,3.574005126953125,1,-0.20290030373467338,0.25224508345127106,1,3.5862579345703125
634.858,110,7,4,2,"{'TopLeft': 0.585, 'TopRight': 0.6149999999999999, 'BottomLeft': 0.6, 'BottomRight': 0.5598900715102811}","{'TopLeft': 0.021389062499999997, 'TopRight': 0.02363906249999999, 'BottomLeft': 0.0225, 'BottomRight': 0.01894275}",curtain_up,1,-0.2226307127210829,0.27009695768356323,1,3.5762176513671875,1,-0.2027622858683268,0.2519786208868027,1,3.591552734375
651.525,110,7,4,2,"{'TopLeft': 0.585, 'TopRight': 0.6149999999999999, 'BottomLeft': 0.6, 'BottomRight': 0.5598900715102811}","{'TopLeft': 0.021389062499999997, 'TopRight': 0.02363906249999999, 'BottomLeft': 0.0225, 'BottomRight': 0.01894275}",curtain_up,1,-0.2039046287536621,0.25679972767829895,1,3.591522216796875,1,-0.20302549997965494,0.24716150760650635,1,3.6004638671875
668.191,110,7,4,2,"{'TopLeft': 0.585, 'TopRight': 0.6149999999999999, 'BottomLeft': 0.6, 'BottomRight': 0.5598900715102811}","{'TopLeft': 0.021389062499999997, 'TopRight': 0.02363906249999999, 'BottomLeft': 0.0225, 'BottomRight': 0.01894275}",curtain_up,1,-0.20129288567437065,0.25579771399497986,1,3.5976409912109375,1,-0.20589796702067056,0.2560870349407196,1,3.615570068359375
684.858,110,7,4,2,"{'TopLeft': 0.585, 'TopRight': 0.6149999999999999, 'BottomLeft': 0.6, 'BottomRight': 0.5598900715102811}","{'TopLeft': 0.021389062499999997, 'TopRight': 0.02363906249999999, 'BottomLeft': 0.0225, 'BottomRight': 0.01894275}",curtain_up,1,-0.21211920844184026,0.26844677329063416,1,3.620208740234375,1,-0.20425563388400605,0.24785420298576355,1,3.6230316162109375
701.525,110,7,4,2,"{'TopLeft': 0.585, 'TopRight': 0.6149999999999999, 'BottomLeft': 0.6, 'BottomRight': 0.5598900715102811}","{'TopLeft': 0.021389062499999997, 'TopRight': 0.02363906249999999, 'BottomLeft': 0.0225, 'BottomRight': 0.01894275}",curtain_up,1,-0.2155000368754069,0.2696099728345871,1,3.6249237060546875,1,-0.20480855305989581,0.2605743110179901,1,3.6291961669921875
718.191,110,7,4,2,"{'TopLeft': 0.585, 'TopRight': 0.6149999999999999, 'BottomLeft': 0.6, 'BottomRight': 0.5598900715102811}","{'TopLeft': 0.021389062499999997, 'TopRight': 0.02363906249999999, 'BottomLeft': 0.0225, 'BottomRight': 0.01894275}",curtain_up,1,-0.2005597220526801,0.25710630416870117,1,3.6462249755859375,1,-0.20193915896945527,0.24884510040283203,1,3.646820068359375
734.858,110,7,4,2,"{'TopLeft': 0.585, 'TopRight': 0.6149999999999999, 'BottomLeft': 0.6, 'BottomRight': 0.5598900715102811}","{'TopLeft': 0.021389062499999997, 'TopRight': 0.02363906249999999, 'BottomLeft': 0.0225, 'BottomRight': 0.01894275}",curtain_up,1,-0.19855679406060112,0.2542042136192322,1,3.6548004150390625,1,-0.20871363745795354,0.25351767241954803,1,3.655426025390625
751.526,110,7,4,2,"{'TopLeft': 0.585, 'TopRight': 0.6149999999999999, 'BottomLeft': 0.6, 'BottomRight': 0.5598900715102811}","{'TopLeft': 0.021389062499999997, 'TopRight': 0.02363906249999999, 'BottomLeft': 0.0225, 'BottomRight': 0.01894275}",curtain_up,1,-0.20231029722425672,0.2572689354419708,1,3.6719970703125,1,-0.20525625016954208,0.24641573429107666,1,3.6705780029296875
768.193,110,7,4,2,"{'TopLeft': 0.585, 'TopRight': 0.6149999999999999, 'BottomLeft': 0.6, 'BottomRight': 0.5598900715102811}","{'TopLeft': 0.021389062499999997, 'TopRight': 0.02363906249999999, 'BottomLeft': 0.0225, 'BottomRight': 0.01894275}",curtain_up,1,-0.20668792724609375,0.25713740289211273,1,3.680084228515625,1,-0.20752196841769746,0.24913206696510315,1,3.679168701171875
784.86,110,7,4,2,"{'TopLeft': 0.585, 'TopRight': 0.6149999999999999, 'BottomLeft': 0.6, 'BottomRight': 0.5598900715102811}","{'TopLeft': 0.021389062499999997, 'TopRight': 0.02363906249999999, 'BottomLeft': 0.0225, 'BottomRight': 0.01894275}",curtain_up,1,-0.2008653746710883,0.25576794147491455,1,3.696929931640625,1,-0.20436700185139972,0.24691081047058105,1,3.690704345703125
801.527,110,7,4,2,"{'TopLeft': 0.585, 'TopRight': 0.6149999999999999, 'BottomLeft': 0.6, 'BottomRight': 0.5598900715102811}","{'TopLeft': 0.021389062499999997, 'TopRight': 0.02363906249999999, 'BottomLeft': 0.0225, 'BottomRight': 0.01894275}",curtain_up,1,-0.20810312694973415,0.2587605267763138,1,3.7055511474609375,1,-0.2084217071533203,0.2483849823474884,1,3.706146240234375
818.193,110,7,4,2,"{'TopLeft': 0.585, 'TopRight': 0.6149999999999999, 'BottomLeft': 0.6, 'BottomRight': 0.5598900715102811}","{'TopLeft': 0.021389062499999997, 'TopRight': 0.02363906249999999, 'BottomLeft': 0.0225, 'BottomRight': 0.01894275}",curtain_up,1,-0.20613071653578016,0.2558024376630783,1,3.724822998046875,1,-0.20812331305609807,0.24744215607643127,1,3.7227630615234375
834.86,110,7,4,2,"{'TopLeft': 0.585, 'TopRight': 0.6149999999999999, 'BottomLeft': 0.6, 'BottomRight': 0.5598900715102811}","{'TopLeft': 0.021389062499999997, 'TopRight': 0.02363906249999999, 'BottomLeft': 0.0225, 'BottomRight': 0.01894275}",curtain_up,1,-0.20427110460069442,0.257743775844574,1,3.7367706298828125,1,-0.20813830693562824,0.2483355700969696,1,3.7326812744140625
851.527,110,7,4,2,"{'TopLeft': 0.585, 'TopRight': 0.6149999999999999, 'BottomLeft': 0.6, 'BottomRight': 0.5598900715102811}","{'TopLeft': 0.021389062499999997, 'TopRight': 0.02363906249999999, 'BottomLeft': 0.0225, 'BottomRight': 0.01894275}",curtain_up,1,-0.19969436857435438,0.2541697025299072,1,3.7563934326171875,1,-0.20557181040445963,0.24167490005493164,1,3.7475738525390625
868.194,110,7,4,2,"{'TopLeft': 0.585, 'TopRight': 0.6149999999999999, 'BottomLeft': 0.6, 'BottomRight': 0.5598900715102811}","{'TopLeft': 0.021389062499999997, 'TopRight': 0.02363906249999999, 'BottomLeft': 0.0225, 'BottomRight': 0.01894275}",curtain_up,1,-0.19462129804823133,0.2581035792827606,1,3.7621307373046875,1,-0.2096006605360243,0.24447336792945862,1,3.765777587890625
884.861,110,7,4,2,"{'TopLeft': 0.585, 'TopRight': 0.6149999999999999, 'BottomLeft': 0.6, 'BottomRight': 0.5598900715102811}","{'TopLeft': 0.021389062499999997, 'TopRight': 0.02363906249999999, 'BottomLeft': 0.0225, 'BottomRight': 0.01894275}",curtain_up,1,-0.19808737436930338,0.25760558247566223,1,3.7803955078125,1,-0.20784499910142684,0.2434023916721344,1,3.776763916015625
901.528,110,7,4,2,"{'TopLeft': 0.585, 'TopRight': 0.6149999999999999, 'BottomLeft': 0.6, 'BottomRight': 0.5598900715102811}","{'TopLeft': 0.021389062499999997, 'TopRight': 0.02363906249999999, 'BottomLeft': 0.0225, 'BottomRight': 0.01894275}",curtain_up,1,-0.19580724504258895,0.2513228952884674,1,3.792205810546875,1,-0.2133302158779568,0.2506396174430847,1,3.79351806640625
918.194,110,7,4,2,"{'TopLeft': 0.585, 'TopRight': 0.6149999999999999, 'BottomLeft': 0.6, 'BottomRight': 0.5598900715102811}","{'TopLeft': 0.021389062499999997, 'TopRight': 0.02363906249999999, 'BottomLeft': 0.0225, 'BottomRight': 0.01894275}",curtain_up,1,-0.18932649824354383,0.24748015403747559,1,3.808135986328125,1,-0.20857450697157118,0.2434309720993042,1,3.814727783203125
934.862,110,7,4,2,"{'TopLeft': 0.585, 'TopRight': 0.6149999999999999, 'BottomLeft': 0.6, 'BottomRight': 0.5598900715102811}","{'TopLeft': 0.021389062499999997, 'TopRight': 0.02363906249999999, 'BottomLeft': 0.0225, 'BottomRight': 0.01894275}",curtain_up,1,-0.20078939861721462,0.2567935883998871,1,3.82086181640625,1,-0.21351761288113064,0.24565863609313965,1,3.8179168701171875
951.529,110,7,4,2,"{'TopLeft': 0.585, 'TopRight': 0.6149999999999999, 'BottomLeft': 0.6, 'BottomRight': 0.5598900715102811}","{'TopLeft': 0.021389062499999997, 'TopRight': 0.02363906249999999, 'BottomLeft': 0.0225, 'BottomRight': 0.01894275}",curtain_up,1,-0.19239044189453125,0.24976655840873718,1,3.8313140869140625,1,-0.21283796098497176,0.24144861102104187,1,3.8355865478515625
968.196,110,7,4,2,"{'TopLeft': 0.585, 'TopRight': 0.6149999999999999, 'BottomLeft': 0.6, 'BottomRight': 0.5598900715102811}","{'TopLeft': 0.021389062499999997, 'TopRight': 0.02363906249999999, 'BottomLeft': 0.0225, 'BottomRight': 0.01894275}",curtain_up,1,-0.1902870602077908,0.2526029646396637,1,3.84521484375,1,-0.21470514933268228,0.2500697076320648,1,3.84954833984375
984.863,110,7,4,2,"{'TopLeft': 0.585, 'TopRight': 0.6149999999999999, 'BottomLeft': 0.6, 'BottomRight': 0.5598900715102811}","{'TopLeft': 0.021389062499999997, 'TopRight': 0.02363906249999999, 'BottomLeft': 0.0225, 'BottomRight': 0.01894275}",curtain_up,1,-0.19741397433810762,0.2539082467556,1,3.8600616455078125,1,-0.21759266323513454,0.25271913409233093,1,3.8656005859375
1001.53,110,7,4,2,"{'TopLeft': 0.585, 'TopRight': 0.6149999999999999, 'BottomLeft': 0.6, 'BottomRight': 0.5598900715102811}","{'TopLeft': 0.021389062499999997, 'TopRight': 0.02363906249999999, 'BottomLeft': 0.0225, 'BottomRight': 0.01894275}",curtain_up,1,-0.19542127185397676,0.24994829297065735,1,3.868988037109375,1,-0.21539878845214844,0.2515231519937515,1,3.8760223388671875
1018.196,110,7,4,2,"{'TopLeft': 0.585, 'TopRight': 0.6149999999999999, 'BottomLeft': 0.6, 'BottomRight': 0.5598900715102811}","{'TopLeft': 0.021389062499999997, 'TopRight': 0.02363906249999999, 'BottomLeft': 0.0225, 'BottomRight': 0.01894275}",curtain_up,1,-0.2025806638929579,0.2559778094291687,1,3.8809814453125,1,-0.22098567750718856,0.2519804388284683,1,3.8916015625
1034.863,110,7,4,2,"{'TopLeft': 0.585, 'TopRight': 0.6149999999999999, 'BottomLeft': 0.6, 'BottomRight': 0.5598900715102811}","{'TopLeft': 0.021389062499999997, 'TopRight': 0.02363906249999999, 'BottomLeft': 0.0225, 'BottomRight': 0.01894275}",blank_screen,1,-0.1971109178331163,0.25218144059181213,1,3.89208984375,1,-0.2199265162150065,0.24988481402397156,1,3.9047393798828125
1051.53,110,7,4,2,"{'TopLeft': 0.585, 'TopRight': 0.6149999999999999, 'BottomLeft': 0.6, 'BottomRight': 0.5598900715102811}","{'TopLeft': 0.021389062499999997, 'TopRight': 0.02363906249999999, 'BottomLeft': 0.0225, 'BottomRight': 0.01894275}",blank_screen,1,-0.19684441884358722,0.24608507752418518,1,3.8972930908203125,1,-0.22348350948757595,0.25125810503959656,1,3.9143829345703125
1068.196,110,7,4,2,"{'TopLeft': 0.585, 'TopRight': 0.6149999999999999, 'BottomLeft': 0.6, 'BottomRight': 0.5598900715102811}","{'TopLeft': 0.021389062499999997, 'TopRight': 0.02363906249999999, 'BottomLeft': 0.0225, 'BottomRight': 0.01894275}",blank_screen,1,-0.1955193413628472,0.24768781661987305,1,3.9153594970703125,1,-0.22384940253363714,0.24649828672409058,1,3.9308013916015625
1084.864,110,7,4,2,"{'TopLeft': 0.585, 'TopRight': 0.6149999999999999, 'BottomLeft': 0.6, 'BottomRight': 0.5598900715102811}","{'TopLeft': 0.021389062499999997, 'TopRight': 0.02363906249999999, 'BottomLeft': 0.0225, 'BottomRight': 0.01894275}",blank_screen,1,-0.19990645514594182,0.25339213013648987,1,3.9306182861328125,1,-0.2255797915988498,0.2528359293937683,1,3.944580078125
1101.532,110,7,4,2,"{'TopLeft': 0.585, 'TopRight': 0.6149999999999999, 'BottomLeft': 0.6, 'BottomRight': 0.5598900715102811}","{'TopLeft': 0.021389062499999997, 'TopRight': 0.02363906249999999, 'BottomLeft': 0.0225, 'BottomRight': 0.01894275}",blank_screen,1,-0.19645812776353622,0.24666833877563477,1,3.9364013671875,1,-0.22790437274509004,0.25078950822353363,1,3.954559326171875
1118.198,110,7,4,2,"{'TopLeft': 0.585, 'TopRight': 0.6149999999999999, 'BottomLeft': 0.6, 'BottomRight': 0.5598900715102811}","{'TopLeft': 0.021389062499999997, 'TopRight': 0.02363906249999999, 'BottomLeft': 0.0225, 'BottomRight': 0.01894275}",blank_screen,1,-0.2036553488837348,0.2513289600610733,1,3.9455108642578125,1,-0.22336832682291666,0.2524948716163635,1,3.9656982421875
1134.865,110,7,4,2,"{'TopLeft': 0.585, 'TopRight': 0.6149999999999999, 'BottomLeft': 0.6, 'BottomRight': 0.5598900715102811}","{'TopLeft': 0.021389062499999997, 'TopRight': 0.02363906249999999, 'BottomLeft': 0.0225, 'BottomRight': 0.01894275}",blank_screen,1,-0.19861602783203125,0.24796980619430542,1,3.9540557861328125,1,-0.2272666295369466,0.2532402575016022,1,3.98052978515625
1151.532,110,7,4,2,"{'TopLeft': 0.585, 'TopRight': 0.6149999999999999, 'BottomLeft': 0.6, 'BottomRight': 0.5598900715102811}","{'TopLeft': 0.021389062499999997, 'TopRight': 0.02363906249999999, 'BottomLeft': 0.0225, 'BottomRight': 0.01894275}",blank_screen,1,-0.19684717390272352,0.24577531218528748,1,3.96044921875,1,-0.22750589582655165,0.25355827808380127,1,3.9879302978515625
1168.198,110,7,4,2,"{'TopLeft': 0.585, 'TopRight': 0.6149999999999999, 'BottomLeft': 0.6, 'BottomRight': 0.5598900715102811}","{'TopLeft': 0.021389062499999997, 'TopRight': 0.02363906249999999, 'BottomLeft': 0.0225, 'BottomRight': 0.01894275}",blank_screen,1,-0.1969464619954427,0.2535105347633362,1,3.971832275390625,1,-0.22361363304985893,0.2514464259147644,1,3.999847412109375
1184.865,110,7,4,2,"{'TopLeft': 0.585, 'TopRight': 0.6149999999999999, 'BottomLeft': 0.6, 'BottomRight': 0.5598900715102811}","{'TopLeft': 0.021389062499999997, 'TopRight': 0.02363906249999999, 'BottomLeft': 0.0225, 'BottomRight': 0.01894275}",blank_screen,1,-0.20112291971842447,0.247402161359787,1,3.9790802001953125,1,-0.223801400926378,0.25552862882614136,1,4.0105743408203125
1201.533,110,7,4,2,"{'TopLeft': 0.585, 'TopRight': 0.6149999999999999, 'BottomLeft': 0.6, 'BottomRight': 0.5598900715102811}","{'TopLeft': 0.021389062499999997, 'TopRight': 0.02363906249999999, 'BottomLeft': 0.0225, 'BottomRight': 0.01894275}",blank_screen,1,-0.19377570682101777,0.24518251419067383,1,3.990081787109375,1,-0.22274340523613823,0.25567784905433655,1,4.020538330078125
1218.199,110,7,4,2,"{'TopLeft': 0.585, 'TopRight': 0.6149999999999999, 'BottomLeft': 0.6, 'BottomRight': 0.5598900715102811}","{'TopLeft': 0.021389062499999997, 'TopRight': 0.02363906249999999, 'BottomLeft': 0.0225, 'BottomRight': 0.01894275}",blank_screen,1,-0.19576512442694768,0.245638906955719,1,3.99371337890625,1,-0.22809727986653644,0.2575432360172272,1,4.0238037109375
1234.866,110,7,4,2,"{'TopLeft': 0.585, 'TopRight': 0.6149999999999999, 'BottomLeft': 0.6, 'BottomRight': 0.5598900715102811}","{'TopLeft': 0.021389062499999997, 'TopRight': 0.02363906249999999, 'BottomLeft': 0.0225, 'BottomRight': 0.01894275}",blank_screen,1,-0.19195238749186197,0.2432042360305786,1,4.0038909912109375,1,-0.22429736455281574,0.2530563175678253,1,4.03533935546875
1251.534,110,7,4,2,"{'TopLeft': 0.585, 'TopRight': 0.6149999999999999, 'BottomLeft': 0.6, 'BottomRight': 0.5598900715102811}","{'TopLeft': 0.021389062499999997, 'TopRight': 0.02363906249999999, 'BottomLeft': 0.0225, 'BottomRight': 0.01894275}",blank_screen,1,-0.1951394610934787,0.24505615234375,1,4.01007080078125,1,-0.22480720943874782,0.2588651478290558,1,4.038360595703125
1268.2,110,7,4,2,"{'TopLeft': 0.585, 'TopRight': 0.6149999999999999, 'BottomLeft': 0.6, 'BottomRight': 0.5598900715102811}","{'TopLeft': 0.021389062499999997, 'TopRight': 0.02363906249999999, 'BottomLeft': 0.0225, 'BottomRight': 0.01894275}",blank_screen,1,-0.19172027375963,0.242182195186615,1,4.0150909423828125,1,-0.2223442925347222,0.2524775117635727,1,4.050140380859375
1284.867,110,7,4,2,"{'TopLeft': 0.585, 'TopRight': 0.6149999999999999, 'BottomLeft': 0.6, 'BottomRight': 0.5598900715102811}","{'TopLeft': 0.021389062499999997, 'TopRight': 0.02363906249999999, 'BottomLeft': 0.0225, 'BottomRight': 0.01894275}",blank_screen,1,-0.19809850056966144,0.24590986967086792,1,4.0207977294921875,1,-0.22454357147216797,0.256105899810791,1,4.0540771484375
1301.535,110,7,4,2,"{'TopLeft': 0.585, 'TopRight': 0.6149999999999999, 'BottomLeft': 0.6, 'BottomRight': 0.5598900715102811}","{'TopLeft': 0.021389062499999997, 'TopRight': 0.02363906249999999, 'BottomLeft': 0.0225, 'BottomRight': 0.01894275}",blank_screen,1,-0.2010756598578559,0.24984440207481384,1,4.0292205810546875,1,-0.22095261679755315,0.24892359972000122,1,4.058837890625
1318.201,110,7,4,2,"{'TopLeft': 0.585, 'TopRight': 0.6149999999999999, 'BottomLeft': 0.6, 'BottomRight': 0.5598900715102811}","{'TopLeft': 0.021389062499999997, 'TopRight': 0.02363906249999999, 'BottomLeft': 0.0225, 'BottomRight': 0.01894275}",blank_screen,1,-0.19717078738742402,0.24267873167991638,1,4.0315704345703125,1,-0.22196859783596462,0.25521619617938995,1,4.0604248046875
1334.868,110,7,4,2,"{'TopLeft': 0.585, 'TopRight': 0.6149999999999999, 'BottomLeft': 0.6, 'BottomRight': 0.5598900715102811}","{'TopLeft': 0.021389062499999997, 'TopRight': 0.02363906249999999, 'BottomLeft': 0.0225, 'BottomRight': 0.01894275}",blank_screen,1,-0.1939656999376085,0.24410632252693176,1,4.036590576171875,1,-0.22203699747721353,0.24797430634498596,1,4.0683746337890625
1351.535,110,7,4,2,"{'TopLeft': 0.585, 'TopRight': 0.6149999999999999, 'BottomLeft': 0.6, 'BottomRight': 0.5598900715102811}","{'TopLeft': 0.021389062499999997, 'TopRight': 0.02363906249999999, 'BottomLeft': 0.0225, 'BottomRight': 0.01894275}",blank_screen,1,-0.1983960469563802,0.1563234031200409,1,4.0138397216796875,1,-0.21455054812961152,0.16658353805541992,1,4.048858642578125
1368.201,110,7,4,2,"{'TopLeft': 0.585, 'TopRight': 0.6149999999999999, 'BottomLeft': 0.6, 'BottomRight': 0.5598900715102811}","{'TopLeft': 0.021389062499999997, 'TopRight': 0.02363906249999999, 'BottomLeft': 0.0225, 'BottomRight': 0.01894275}",blank_screen,1,-0.17862213982476127,0.03589498996734619,1,4.0272369384765625,1,-0.20012855529785156,0.07299166917800903,1,4.0575408935546875
1384.868,110,7,4,2,"{'TopLeft': 0.585, 'TopRight': 0.6149999999999999, 'BottomLeft': 0.6, 'BottomRight': 0.5598900715102811}","{'TopLeft': 0.021389062499999997, 'TopRight': 0.02363906249999999, 'BottomLeft': 0.0225, 'BottomRight': 0.01894275}",blank_screen,1,-0.19088321261935762,0.050274670124053955,1,4.01068115234375,1,-0.20348707834879556,0.06965261697769165,1,4.0423736572265625
1401.535,110,7,4,2,"{'TopLeft': 0.585, 'TopRight': 0.6149999999999999, 'BottomLeft': 0.6, 'BottomRight': 0.5598900715102811}","{'TopLeft': 0.021389062499999997, 'TopRight': 0.02363906249999999, 'BottomLeft': 0.0225, 'BottomRight': 0.01894275}",blank_screen,1,-0.18133820427788627,0.016087055206298828,1,4.008514404296875,1,-0.19988780551486543,0.03593266010284424,1,4.052001953125
1418.202,110,7,4,2,"{'TopLeft': 0.585, 'TopRight': 0.6149999999999999, 'BottomLeft': 0.6, 'BottomRight': 0.5598900715102811}","{'TopLeft': 0.021389062499999997, 'TopRight': 0.02363906249999999, 'BottomLeft': 0.0225, 'BottomRight': 0.01894275}",blank_screen,1,-0.1840291553073459,0.03812018036842346,1,4.0093994140625,1,-0.20674186282687715,0.05367547273635864,1,4.0445098876953125
1434.869,110,7,4,2,"{'TopLeft': 0.585, 'TopRight': 0.6149999999999999, 'BottomLeft': 0.6, 'BottomRight': 0.5598900715102811}","{'TopLeft': 0.021389062499999997, 'TopRight': 0.02363906249999999, 'BottomLeft': 0.0225, 'BottomRight': 0.01894275}",blank_screen,1,-0.18658722771538627,0.026134759187698364,1,4.00811767578125,1,-0.20725700590345594,0.03870207071304321,1,4.04827880859375
1451.536,110,7,4,2,"{'TopLeft': 0.585, 'TopRight': 0.6149999999999999, 'BottomLeft': 0.6, 'BottomRight': 0.5598900715102811}","{'TopLeft': 0.021389062499999997, 'TopRight': 0.02363906249999999, 'BottomLeft': 0.0225, 'BottomRight': 0.01894275}",blank_screen,1,-0.18616400824652776,0.028408348560333252,1,4.0032196044921875,1,-0.20887088775634766,0.050654470920562744,1,4.0522918701171875
1468.202,110,7,4,2,"{'TopLeft': 0.585, 'TopRight': 0.6149999999999999, 'BottomLeft': 0.6, 'BottomRight': 0.5598900715102811}","{'TopLeft': 0.021389062499999997, 'TopRight': 0.02363906249999999, 'BottomLeft': 0.0225, 'BottomRight': 0.01894275}",blank_screen,1,-0.19025214513142902,0.025973141193389893,1,4.00469970703125,1,-0.20554044511583114,0.0497511625289917,1,4.0465545654296875
1484.869,110,7,4,2,"{'TopLeft': 0.585, 'TopRight': 0.6149999999999999, 'BottomLeft': 0.6, 'BottomRight': 0.5598900715102811}","{'TopLeft': 0.021389062499999997, 'TopRight': 0.02363906249999999, 'BottomLeft': 0.0225, 'BottomRight': 0.01894275}",blank_screen,1,-0.18782689836290148,0.03278028964996338,1,4.0045013427734375,1,-0.20019669002956814,0.0477660596370697,1,4.0604705810546875
1501.536,110,7,4,2,"{'TopLeft': 0.585, 'TopRight': 0.6149999999999999, 'BottomLeft': 0.6, 'BottomRight': 0.5598900715102811}","{'TopLeft': 0.021389062499999997, 'TopRight': 0.02363906249999999, 'BottomLeft': 0.0225, 'BottomRight': 0.01894275}",blank_screen,1,-0.2020659976535373,0.029258787631988525,1,4.0027008056640625,1,-0.19439273410373262,0.03982505202293396,1,4.056976318359375
1518.202,110,7,4,2,"{'TopLeft': 0.585, 'TopRight': 0.6149999999999999, 'BottomLeft': 0.6, 'BottomRight': 0.5598900715102811}","{'TopLeft': 0.021389062499999997, 'TopRight': 0.02363906249999999, 'BottomLeft': 0.0225, 'BottomRight': 0.01894275}",blank_screen,1,-0.19053289625379774,0.024349570274353027,1,4.014556884765625,1,-0.20364268620808917,0.044420480728149414,1,4.0615692138671875
1534.87,110,7,4,2,"{'TopLeft': 0.585, 'TopRight': 0.6149999999999999, 'BottomLeft': 0.6, 'BottomRight': 0.5598900715102811}","{'TopLeft': 0.021389062499999997, 'TopRight': 0.02363906249999999, 'BottomLeft': 0.0225, 'BottomRight': 0.01894275}",blank_screen,1,-0.18881766001383463,0.02352309226989746,1,4.003265380859375,1,-0.19869984520806205,0.05137604475021362,1,4.057403564453125
1551.537,110,7,4,2,"{'TopLeft': 0.585, 'TopRight': 0.6149999999999999, 'BottomLeft': 0.6, 'BottomRight': 0.5598900715102811}","{'TopLeft': 0.021389062499999997, 'TopRight': 0.02363906249999999, 'BottomLeft': 0.0225, 'BottomRight': 0.01894275}",central_attention_getter,1,-0.1911272472805447,0.022860735654830933,1,4.008575439453125,1,-0.19841591517130533,0.04754382371902466,1,4.07147216796875
1568.203,110,7,4,2,"{'TopLeft': 0.585, 'TopRight': 0.6149999999999999, 'BottomLeft': 0.6, 'BottomRight': 0.5598900715102811}","{'TopLeft': 0.021389062499999997, 'TopRight': 0.02363906249999999, 'BottomLeft': 0.0225, 'BottomRight': 0.01894275}",central_attention_getter,1,-0.19299051496717665,0.033048391342163086,1,3.9840850830078125,1,-0.1969143549601237,0.049536705017089844,1,4.0653076171875
1584.87,110,7,4,2,"{'TopLeft': 0.585, 'TopRight': 0.6149999999999999, 'BottomLeft': 0.6, 'BottomRight': 0.5598900715102811}","{'TopLeft': 0.021389062499999997, 'TopRight': 0.02363906249999999, 'BottomLeft': 0.0225, 'BottomRight': 0.01894275}",central_attention_getter,1,-0.1939814355638292,0.022541522979736328,1,4.01019287109375,1,-0.19955783420138887,0.050206542015075684,1,4.0640716552734375
1601.537,110,7,4,2,"{'TopLeft': 0.585, 'TopRight': 0.6149999999999999, 'BottomLeft': 0.6, 'BottomRight': 0.5598900715102811}","{'TopLeft': 0.021389062499999997, 'TopRight': 0.02363906249999999, 'BottomLeft': 0.0225, 'BottomRight': 0.01894275}",central_attention_getter,1,-0.20323006312052408,0.021115750074386597,1,3.9884033203125,1,-0.19858720567491317,0.04161235690116882,1,4.0551605224609375
1618.203,110,7,4,2,"{'TopLeft': 0.585, 'TopRight': 0.6149999999999999, 'BottomLeft': 0.6, 'BottomRight': 0.5598900715102811}","{'TopLeft': 0.021389062499999997, 'TopRight': 0.02363906249999999, 'BottomLeft': 0.0225, 'BottomRight': 0.01894275}",central_attention_getter,1,-0.18689907921685112,0.019605517387390137,1,3.9921722412109375,1,-0.21366500854492188,0.048759281635284424,1,4.0552215576171875
1634.87,110,7,4,2,"{'TopLeft': 0.585, 'TopRight': 0.6149999999999999, 'BottomLeft': 0.6, 'BottomRight': 0.5598900715102811}","{'TopLeft': 0.021389062499999997, 'TopRight': 0.02363906249999999, 'BottomLeft': 0.0225, 'BottomRight': 0.01894275}",central_attention_getter,1,-0.1941770977444119,0.012640386819839478,1,3.9831695556640625,1,-0.20938396453857422,0.039385199546813965,1,4.04638671875
1651.538,110,7,4,2,"{'TopLeft': 0.585, 'TopRight': 0.6149999999999999, 'BottomLeft': 0.6, 'BottomRight': 0.5598900715102811}","{'TopLeft': 0.021389062499999997, 'TopRight': 0.02363906249999999, 'BottomLeft': 0.0225, 'BottomRight': 0.01894275}",central_attention_getter,1,-0.1948012246025933,0.020860254764556885,1,3.9598541259765625,1,-0.20231299930148652,0.037391722202301025,1,4.0247955322265625
1668.204,110,7,4,2,"{'TopLeft': 0.585, 'TopRight': 0.6149999999999999, 'BottomLeft': 0.6, 'BottomRight': 0.5598900715102811}","{'TopLeft': 0.021389062499999997, 'TopRight': 0.02363906249999999, 'BottomLeft': 0.0225, 'BottomRight': 0.01894275}",central_attention_getter,1,-0.210373666551378,0.014120221138000488,1,3.9250335693359375,1,-0.20597664515177408,0.02624911069869995,1,4.0092926025390625
1684.871,110,7,4,2,"{'TopLeft': 0.585, 'TopRight': 0.6149999999999999, 'BottomLeft': 0.6, 'BottomRight': 0.5598900715102811}","{'TopLeft': 0.021389062499999997, 'TopRight': 0.02363906249999999, 'BottomLeft': 0.0225, 'BottomRight': 0.01894275}",central_attention_getter,1,-0.1929112010531955,-0.027620792388916016,1,3.849578857421875,1,-0.22034740447998047,0.010115772485733032,1,3.99334716796875
1701.538,110,7,4,2,"{'TopLeft': 0.585, 'TopRight': 0.6149999999999999, 'BottomLeft': 0.6, 'BottomRight': 0.5598900715102811}","{'TopLeft': 0.021389062499999997, 'TopRight': 0.02363906249999999, 'BottomLeft': 0.0225, 'BottomRight': 0.01894275}",central_attention_getter,1,-0.19371181064181855,-0.07402509450912476,1,3.738372802734375,1,-0.1897444725036621,0.033078402280807495,1,3.9806671142578125
1718.204,110,7,4,2,"{'TopLeft': 0.585, 'TopRight': 0.6149999999999999, 'BottomLeft': 0.6, 'BottomRight': 0.5598900715102811}","{'TopLeft': 0.021389062499999997, 'TopRight': 0.02363906249999999, 'BottomLeft': 0.0225, 'BottomRight': 0.01894275}",central_attention_getter,1,-0.05921512179904514,-0.05301618576049805,1,3.788360595703125,1,-0.04761091868082682,0.00636601448059082,1,3.964691162109375
1734.871,110,7,4,2,"{'TopLeft': 0.585, 'TopRight': 0.6149999999999999, 'BottomLeft': 0.6, 'BottomRight': 0.5598900715102811}","{'TopLeft': 0.021389062499999997, 'TopRight': 0.02363906249999999, 'BottomLeft': 0.0225, 'BottomRight': 0.01894275}",central_attention_getter,1,-0.025331709120008677,-0.003946781158447266,1,3.869842529296875,1,-0.029584142896864146,0.012986749410629272,1,3.9533538818359375
1751.539,110,7,4,2,"{'TopLeft': 0.585, 'TopRight': 0.6149999999999999, 'BottomLeft': 0.6, 'BottomRight': 0.5598900715102811}","{'TopLeft': 0.021389062499999997, 'TopRight': 0.02363906249999999, 'BottomLeft': 0.0225, 'BottomRight': 0.01894275}",central_attention_getter,1,-0.015723440382215712,0.0019434094429016113,1,3.8502044677734375,1,-0.015367931789822048,0.008005350828170776,1,3.948150634765625
1768.205,110,7,4,2,"{'TopLeft': 0.585, 'TopRight': 0.6149999999999999, 'BottomLeft': 0.6, 'BottomRight': 0.5598900715102811}","{'TopLeft': 0.021389062499999997, 'TopRight': 0.02363906249999999, 'BottomLeft': 0.0225, 'BottomRight': 0.01894275}",central_attention_getter,1,-0.012732770707872178,-0.0009374618530273438,1,3.8596038818359375,1,-0.020100487603081595,0.01138538122177124,1,3.9286651611328125
1784.872,110,7,4,2,"{'TopLeft': 0.585, 'TopRight': 0.6149999999999999, 'BottomLeft': 0.6, 'BottomRight': 0.5598900715102811}","{'TopLeft': 0.021389062499999997, 'TopRight': 0.02363906249999999, 'BottomLeft': 0.0225, 'BottomRight': 0.01894275}",central_attention_getter,1,-0.01564412646823459,0.0025072693824768066,1,3.8538055419921875,1,-0.019160164727105033,0.010710597038269043,1,3.925872802734375
1801.539,110,7,4,2,"{'TopLeft': 0.585, 'TopRight': 0.6149999999999999, 'BottomLeft': 0.6, 'BottomRight': 0.5598900715102811}","{'TopLeft': 0.021389062499999997, 'TopRight': 0.02363906249999999, 'BottomLeft': 0.0225, 'BottomRight': 0.01894275}",central_attention_getter,1,-0.01693052715725369,-0.0007270574569702148,1,3.8444671630859375,1,-0.014131281110975476,0.009078234434127808,1,3.9212188720703125
1818.205,110,7,4,2,"{'TopLeft': 0.585, 'TopRight': 0.6149999999999999, 'BottomLeft': 0.6, 'BottomRight': 0.5598900715102811}","{'TopLeft': 0.021389062499999997, 'TopRight': 0.02363906249999999, 'BottomLeft': 0.0225, 'BottomRight': 0.01894275}",central_attention_getter,1,-0.01999643113878038,0.0028638839721679688,1,3.8404541015625,1,-0.019719547695583765,0.01078861951828003,1,3.923309326171875
1834.872,110,7,4,2,"{'TopLeft': 0.585, 'TopRight': 0.6149999999999999, 'BottomLeft': 0.6, 'BottomRight': 0.5598900715102811}","{'TopLeft': 0.021389062499999997, 'TopRight': 0.02363906249999999, 'BottomLeft': 0.0225, 'BottomRight': 0.01894275}",central_attention_getter,1,-0.01846806208292643,-0.0030602216720581055,1,3.835540771484375,1,-0.022493680318196613,0.005930840969085693,1,3.9297332763671875
1851.539,110,7,4,2,"{'TopLeft': 0.585, 'TopRight': 0.6149999999999999, 'BottomLeft': 0.6, 'BottomRight': 0.5598900715102811}","{'TopLeft': 0.021389062499999997, 'TopRight': 0.02363906249999999, 'BottomLeft': 0.0225, 'BottomRight': 0.01894275}",central_attention_getter,1,-0.019743813408745658,-0.0019540786743164062,1,3.83837890625,1,-0.021771748860677082,0.008296847343444824,1,3.9227142333984375
1868.206,110,7,4,2,"{'TopLeft': 0.585, 'TopRight': 0.6149999999999999, 'BottomLeft': 0.6, 'BottomRight': 0.5598900715102811}","{'TopLeft': 0.021389062499999997, 'TopRight': 0.02363906249999999, 'BottomLeft': 0.0225, 'BottomRight': 0.01894275}",central_attention_getter,1,-0.02528042263454861,-0.007718920707702637,1,3.8412017822265625,1,-0.02565055423312717,0.0007697641849517822,1,3.9202423095703125
1884.873,110,7,4,2,"{'TopLeft': 0.585, 'TopRight': 0.6149999999999999, 'BottomLeft': 0.6, 'BottomRight': 0.5598900715102811}","{'TopLeft': 0.021389062499999997, 'TopRight': 0.02363906249999999, 'BottomLeft': 0.0225, 'BottomRight': 0.01894275}",central_attention_getter,1,-0.026026778750949435,-0.0060803890228271484,1,3.8480987548828125,1,-0.027841673956976995,0.0054177045822143555,1,3.92755126953125
1901.54,110,7,4,2,"{'TopLeft': 0.585, 'TopRight': 0.6149999999999999, 'BottomLeft': 0.6, 'BottomRight': 0.5598900715102811}","{'TopLeft': 0.021389062499999997, 'TopRight': 0.02363906249999999, 'BottomLeft': 0.0225, 'BottomRight': 0.01894275}",central_attention_getter,1,-0.029098192850748696,-0.001040339469909668,1,3.8397064208984375,1,-0.030575487348768443,0.006593465805053711,1,3.930816650390625
1918.206,110,7,4,2,"{'TopLeft': 0.585, 'TopRight': 0.6149999999999999, 'BottomLeft': 0.6, 'BottomRight': 0.5598900715102811}","{'TopLeft': 0.021389062499999997, 'TopRight': 0.02363906249999999, 'BottomLeft': 0.0225, 'BottomRight': 0.01894275}",central_attention_getter,1,-0.026438183254665796,-0.0006979703903198242,1,3.8496246337890625,1,-0.0269221199883355,0.0060110390186309814,1,3.941436767578125
1934.873,110,7,4,2,"{'TopLeft': 0.585, 'TopRight': 0.6149999999999999, 'BottomLeft': 0.6, 'BottomRight': 0.5598900715102811}","{'TopLeft': 0.021389062499999997, 'TopRight': 0.02363906249999999, 'BottomLeft': 0.0225, 'BottomRight': 0.01894275}",central_attention_getter,1,-0.028734313117133245,-0.00331038236618042,1,3.858795166015625,1,-0.032008488972981766,0.004173964262008667,1,3.9456024169921875
1951.54,110,7,4,2,"{'TopLeft': 0.585, 'TopRight': 0.6149999999999999, 'BottomLeft': 0.6, 'BottomRight': 0.5598900715102811}","{'TopLeft': 0.021389062499999997, 'TopRight': 0.02363906249999999, 'BottomLeft': 0.0225, 'BottomRight': 0.01894275}",central_attention_getter,1,-0.029503451453314886,0.0010918378829956055,1,3.866241455078125,1,-0.0346832275390625,0.010656118392944336,1,3.955902099609375
1968.206,110,7,4,2,"{'TopLeft': 0.585, 'TopRight': 0.6149999999999999, 'BottomLeft': 0.6, 'BottomRight': 0.5598900715102811}","{'TopLeft': 0.021389062499999997, 'TopRight': 0.02363906249999999, 'BottomLeft': 0.0225, 'BottomRight': 0.01894275}",central_attention_getter,1,-0.031646781497531466,-0.006845057010650635,1,3.878021240234375,1,-0.03514787885877821,0.005586087703704834,1,3.9635467529296875
1984.874,110,7,4,2,"{'TopLeft': 0.585, 'TopRight': 0.6149999999999999, 'BottomLeft': 0.6, 'BottomRight': 0.5598900715102811}","{'TopLeft': 0.021389062499999997, 'TopRight': 0.02363906249999999, 'BottomLeft': 0.0225, 'BottomRight': 0.01894275}",central_attention_getter,1,-0.03270414140489366,-0.004096627235412598,1,3.882659912109375,1,-0.03675015767415364,0.005894660949707031,1,3.968902587890625
2001.541,110,7,4,2,"{'TopLeft': 0.585, 'TopRight': 0.6149999999999999, 'BottomLeft': 0.6, 'BottomRight': 0.5598900715102811}","{'TopLeft': 0.021389062499999997, 'TopRight': 0.02363906249999999, 'BottomLeft': 0.0225, 'BottomRight': 0.01894275}",central_attention_getter,1,-0.03547541300455729,-0.003345668315887451,1,3.87335205078125,1,-0.039507548014322914,0.004304349422454834,1,3.976165771484375
2018.207,110,7,4,2,"{'TopLeft': 0.585, 'TopRight': 0.6149999999999999, 'BottomLeft': 0.6, 'BottomRight': 0.5598900715102811}","{'TopLeft': 0.021389062499999997, 'TopRight': 0.02363906249999999, 'BottomLeft': 0.0225, 'BottomRight': 0.01894275}",central_attention_getter,1,-0.03567261166042752,-0.0012700557708740234,1,3.8977508544921875,1,-0.03664837943183051,0.0013888180255889893,1,3.9804840087890625
2034.874,110,7,4,2,"{'TopLeft': 0.585, 'TopRight': 0.6149999999999999, 'BottomLeft': 0.6, 'BottomRight': 0.5598900715102811}","{'TopLeft': 0.021389062499999997, 'TopRight': 0.02363906249999999, 'BottomLeft': 0.0225, 'BottomRight': 0.01894275}",central_attention_getter,1,-0.03678401311238606,-0.003373265266418457,1,3.90362548828125,1,-0.03504318661159939,0.002240091562271118,1,3.98931884765625
2051.541,110,7,4,2,"{'TopLeft': 0.585, 'TopRight': 0.6149999999999999, 'BottomLeft': 0.6, 'BottomRight': 0.5598900715102811}","{'TopLeft': 0.021389062499999997, 'TopRight': 0.02363906249999999, 'BottomLeft': 0.0225, 'BottomRight': 0.01894275}",central_attention_getter,1,-0.036354806688096784,-0.0027076005935668945,1,3.916748046875,1,-0.03384309344821506,0.008504360914230347,1,3.9985198974609375
2068.207,110,7,4,2,"{'TopLeft': 0.585, 'TopRight': 0.6149999999999999, 'BottomLeft': 0.6, 'BottomRight': 0.5598900715102811}","{'TopLeft': 0.021389062499999997, 'TopRight': 0.02363906249999999, 'BottomLeft': 0.0225, 'BottomRight': 0.01894275}",central_attention_getter,1,-0.03562863667805989,0.0007691681385040283,1,3.9231719970703125,1,-0.038259400261773,0.0028327107429504395,1,4.006134033203125
2084.875,110,7,4,2,"{'TopLeft': 0.585, 'TopRight': 0.6149999999999999, 'BottomLeft': 0.6, 'BottomRight': 0.5598900715102811}","{'TopLeft': 0.021389062499999997, 'TopRight': 0.02363906249999999, 'BottomLeft': 0.0225, 'BottomRight': 0.01894275}",central_attention_getter,1,-0.037983735402425126,0.005164921283721924,1,3.927978515625,1,-0.03564649158053928,0.0070993900299072266,1,4.0059661865234375
2101.542,110,7,4,2,"{'TopLeft': 0.585, 'TopRight': 0.6149999999999999, 'BottomLeft': 0.6, 'BottomRight': 0.5598900715102811}","{'TopLeft': 0.021389062499999997, 'TopRight': 0.02363906249999999, 'BottomLeft': 0.0225, 'BottomRight': 0.01894275}",central_attention_getter,1,-0.031217257181803383,0.0036070048809051514,1,3.9242095947265625,1,-0.03542550404866536,0.0020200014114379883,1,4.0157470703125
2118.208,110,7,4,2,"{'TopLeft': 0.585, 'TopRight': 0.6149999999999999, 'BottomLeft': 0.6, 'BottomRight': 0.5598900715102811}","{'TopLeft': 0.021389062499999997, 'TopRight': 0.02363906249999999, 'BottomLeft': 0.0225, 'BottomRight': 0.01894275}",central_attention_getter,1,-0.036031511094835066,-0.0012869834899902344,1,3.930816650390625,1,-0.03440263536241319,0.007870793342590332,1,4.012176513671875
2134.875,110,7,4,2,"{'TopLeft': 0.585, 'TopRight': 0.6149999999999999, 'BottomLeft': 0.6, 'BottomRight': 0.5598900715102811}","{'TopLeft': 0.021389062499999997, 'TopRight': 0.02363906249999999, 'BottomLeft': 0.0225, 'BottomRight': 0.01894275}",central_attention_getter,1,-0.033662372165256076,0.00692412257194519,1,3.924041748046875,1,-0.03395716349283854,0.006855189800262451,1,4.0190277099609375
2151.542,110,7,4,2,"{'TopLeft': 0.585, 'TopRight': 0.6149999999999999, 'BottomLeft': 0.6, 'BottomRight': 0.5598900715102811}","{'TopLeft': 0.021389062499999997, 'TopRight': 0.02363906249999999, 'BottomLeft': 0.0225, 'BottomRight': 0.01894275}",central_attention_getter,1,-0.0378218756781684,0.0006306767463684082,1,3.928955078125,1,-0.03503873613145616,0.007506310939788818,1,4.0112762451171875
2168.208,110,7,4,2,"{'TopLeft': 0.585, 'TopRight': 0.6149999999999999, 'BottomLeft': 0.6, 'BottomRight': 0.5598900715102811}","{'TopLeft': 0.021389062499999997, 'TopRight': 0.02363906249999999, 'BottomLeft': 0.0225, 'BottomRight': 0.01894275}",central_attention_getter,1,-0.03814993964301215,-0.00012302398681640625,1,3.929046630859375,1,-0.03278790579901801,0.0035473108291625977,1,4.0121917724609375
2184.875,110,7,4,2,"{'TopLeft': 0.585, 'TopRight': 0.6149999999999999, 'BottomLeft': 0.6, 'BottomRight': 0.5598900715102811}","{'TopLeft': 0.021389062499999997, 'TopRight': 0.02363906249999999, 'BottomLeft': 0.0225, 'BottomRight': 0.01894275}",central_attention_getter,1,-0.03404532538519965,-0.0030781030654907227,1,3.922576904296875,1,-0.031172540452745225,0.009372472763061523,1,3.9964752197265625
2201.543,110,7,4,2,"{'TopLeft': 0.585, 'TopRight': 0.6149999999999999, 'BottomLeft': 0.6, 'BottomRight': 0.5598900715102811}","{'TopLeft': 0.021389062499999997, 'TopRight': 0.02363906249999999, 'BottomLeft': 0.0225, 'BottomRight': 0.01894275}",central_attention_getter,1,-0.036702367994520396,-0.004237949848175049,1,3.9113311767578125,1,-0.03533458709716797,0.004482150077819824,1,3.9911346435546875
2218.209,110,7,4,2,"{'TopLeft': 0.585, 'TopRight': 0.6149999999999999, 'BottomLeft': 0.6, 'BottomRight': 0.5598900715102811}","{'TopLeft': 0.021389062499999997, 'TopRight': 0.02363906249999999, 'BottomLeft': 0.0225, 'BottomRight': 0.01894275}",central_attention_getter,1,-0.03515730963812934,-0.0014653801918029785,1,3.9103546142578125,1,-0.030295689900716145,0.008149594068527222,1,3.9777984619140625
2234.876,110,7,4,2,"{'TopLeft': 0.585, 'TopRight': 0.6149999999999999, 'BottomLeft': 0.6, 'BottomRight': 0.5598900715102811}","{'TopLeft': 0.021389062499999997, 'TopRight': 0.02363906249999999, 'BottomLeft': 0.0225, 'BottomRight': 0.01894275}",central_attention_getter,1,-0.033442391289605036,-0.011281967163085938,1,3.9073486328125,1,-0.03249284956190321,0.006082504987716675,1,3.9600067138671875
2251.543,110,7,4,2,"{'TopLeft': 0.585, 'TopRight': 0.6149999999999999, 'BottomLeft': 0.6, 'BottomRight': 0.5598900715102811}","{'TopLeft': 0.021389062499999997, 'TopRight': 0.02363906249999999, 'BottomLeft': 0.0225, 'BottomRight': 0.01894275}",central_attention_getter,1,-0.032906320359971784,-0.009025275707244873,1,3.898284912109375,1,-0.031065517001681857,0.0030674338340759277,1,3.9508514404296875
2268.209,110,7,4,2,"{'TopLeft': 0.585, 'TopRight': 0.6149999999999999, 'BottomLeft': 0.6, 'BottomRight': 0.5598900715102811}","{'TopLeft': 0.021389062499999997, 'TopRight': 0.02363906249999999, 'BottomLeft': 0.0225, 'BottomRight': 0.01894275}",central_attention_getter,1,-0.03163056903415256,-0.009916961193084717,1,3.888519287109375,1,-0.030734803941514757,-0.00042492151260375977,1,3.935882568359375
2284.876,110,7,4,2,"{'TopLeft': 0.585, 'TopRight': 0.6149999999999999, 'BottomLeft': 0.6, 'BottomRight': 0.5598900715102811}","{'TopLeft': 0.021389062499999997, 'TopRight': 0.02363906249999999, 'BottomLeft': 0.0225, 'BottomRight': 0.01894275}",central_attention_getter,1,-0.029318226708306205,-0.006898820400238037,1,3.88330078125,1,-0.0323034922281901,0.002118408679962158,1,3.924163818359375
2301.543,110,7,4,2,"{'TopLeft': 0.585, 'TopRight': 0.6149999999999999, 'BottomLeft': 0.6, 'BottomRight': 0.5598900715102811}","{'TopLeft': 0.021389062499999997, 'TopRight': 0.02363906249999999, 'BottomLeft': 0.0225, 'BottomRight': 0.01894275}",central_attention_getter,1,-0.030630853441026475,-0.00030940771102905273,1,3.8710174560546875,1,-0.031622621748182506,0.005659431219100952,1,3.9155120849609375
2318.21,110,7,4,2,"{'TopLeft': 0.585, 'TopRight': 0.6149999999999999, 'BottomLeft': 0.6, 'BottomRight': 0.5598900715102811}","{'TopLeft': 0.021389062499999997, 'TopRight': 0.02363906249999999, 'BottomLeft': 0.0225, 'BottomRight': 0.01894275}",central_attention_getter,1,-0.022528648376464844,-0.008297264575958252,1,3.87030029296875,1,-0.03149037890964084,-0.000954747200012207,1,3.8993072509765625
2334.877,110,7,4,2,"{'TopLeft': 0.585, 'TopRight': 0.6149999999999999, 'BottomLeft': 0.6, 'BottomRight': 0.5598900715102811}","{'TopLeft': 0.021389062499999997, 'TopRight': 0.02363906249999999, 'BottomLeft': 0.0225, 'BottomRight': 0.01894275}",central_attention_getter,1,-0.023533927069769964,-0.007893085479736328,1,3.8624725341796875,1,-0.026571167839898,0.002773851156234741,1,3.889984130859375
2351.544,110,7,4,2,"{'TopLeft': 0.585, 'TopRight': 0.6149999999999999, 'BottomLeft': 0.6, 'BottomRight': 0.5598900715102811}","{'TopLeft': 0.021389062499999997, 'TopRight': 0.02363906249999999, 'BottomLeft': 0.0225, 'BottomRight': 0.01894275}",central_attention_getter,1,-0.02223756578233507,-0.011977195739746094,1,3.8535614013671875,1,-0.025528166029188365,-6.23464584350586e-05,1,3.8832550048828125
2368.21,110,7,4,2,"{'TopLeft': 0.585, 'TopRight': 0.6149999999999999, 'BottomLeft': 0.6, 'BottomRight': 0.5598900715102811}","{'TopLeft': 0.021389062499999997, 'TopRight': 0.02363906249999999, 'BottomLeft': 0.0225, 'BottomRight': 0.01894275}",central_attention_getter,1,-0.017659240298800997,-0.007198214530944824,1,3.854339599609375,1,-0.019888665941026475,-0.0033447742462158203,1,3.87457275390625
2384.877,110,7,4,2,"{'TopLeft': 0.585, 'TopRight': 0.6149999999999999, 'BottomLeft': 0.6, 'BottomRight': 0.5598900715102811}","{'TopLeft': 0.021389062499999997, 'TopRight': 0.02363906249999999, 'BottomLeft': 0.0225, 'BottomRight': 0.01894275}",central_attention_getter,1,-0.015544149610731335,-0.011133193969726562,1,3.8486480712890625,1,-0.02377870347764757,-0.0033965110778808594,1,3.8681182861328125
2401.544,110,7,4,2,"{'TopLeft': 0.585, 'TopRight': 0.6149999999999999, 'BottomLeft': 0.6, 'BottomRight': 0.5598900715102811}","{'TopLeft': 0.021389062499999997, 'TopRight': 0.02363906249999999, 'BottomLeft': 0.0225, 'BottomRight': 0.01894275}",central_attention_getter,1,-0.01554764641655816,-0.008707702159881592,1,3.842498779296875,1,-0.023009406195746526,-0.000955045223236084,1,3.87298583984375
2418.211,110,7,4,2,"{'TopLeft': 0.585, 'TopRight': 0.6149999999999999, 'BottomLeft': 0.6, 'BottomRight': 0.5598900715102811}","{'TopLeft': 0.021389062499999997, 'TopRight': 0.02363906249999999, 'BottomLeft': 0.0225, 'BottomRight': 0.01894275}",central_attention_getter,1,-0.013971911536322698,-0.016498982906341553,1,3.8470458984375,1,-0.019966019524468314,-0.0006104111671447754,1,3.864532470703125
2434.878,110,7,4,2,"{'TopLeft': 0.585, 'TopRight': 0.6149999999999999, 'BottomLeft': 0.6, 'BottomRight': 0.5598900715102811}","{'TopLeft': 0.021389062499999997, 'TopRight': 0.02363906249999999, 'BottomLeft': 0.0225, 'BottomRight': 0.01894275}",central_attention_getter,1,-0.014030244615342882,-0.008683323860168457,1,3.8424072265625,1,-0.01975250244140625,0.000849306583404541,1,3.8681488037109375
2451.545,110,7,4,2,"{'TopLeft': 0.585, 'TopRight': 0.6149999999999999, 'BottomLeft': 0.6, 'BottomRight': 0.5598900715102811}","{'TopLeft': 0.021389062499999997, 'TopRight': 0.02363906249999999, 'BottomLeft': 0.0225, 'BottomRight': 0.01894275}",central_attention_getter,1,-0.013501061333550347,-0.014771699905395508,1,3.8397369384765625,1,-0.01317098405626085,-0.0016058683395385742,1,3.862884521484375
2468.211,110,7,4,2,"{'TopLeft': 0.585, 'TopRight': 0.6149999999999999, 'BottomLeft': 0.6, 'BottomRight': 0.5598900715102811}","{'TopLeft': 0.021389062499999997, 'TopRight': 0.02363906249999999, 'BottomLeft': 0.0225, 'BottomRight': 0.01894275}",central_attention_getter,1,-0.009446356031629773,-0.01252216100692749,1,3.83563232421875,1,-0.01249588860405816,0.0011928379535675049,1,3.8713531494140625
2484.878,110,7,4,2,"{'TopLeft': 0.585, 'TopRight': 0.6149999999999999, 'BottomLeft': 0.6, 'BottomRight': 0.5598900715102811}","{'TopLeft': 0.021389062499999997, 'TopRight': 0.02363906249999999, 'BottomLeft': 0.0225, 'BottomRight': 0.01894275}",central_attention_getter,1,-0.007483588324652777,-0.014465391635894775,1,3.841400146484375,1,-0.013493325975206163,0.003885120153427124,1,3.8684539794921875
2501.545,110,7,4,2,"{'TopLeft': 0.585, 'TopRight': 0.6149999999999999, 'BottomLeft': 0.6, 'BottomRight': 0.5598900715102811}","{'TopLeft': 0.021389062499999997, 'TopRight': 0.02363906249999999, 'BottomLeft': 0.0225, 'BottomRight': 0.01894275}",central_attention_getter,1,-0.003616544935438368,-0.011210441589355469,1,3.8389129638671875,1,-0.0124412112765842,7.11977481842041e-05,1,3.867431640625
2518.211,110,7,4,2,"{'TopLeft': 0.585, 'TopRight': 0.6149999999999999, 'BottomLeft': 0.6, 'BottomRight': 0.5598900715102811}","{'TopLeft': 0.021389062499999997, 'TopRight': 0.02363906249999999, 'BottomLeft': 0.0225, 'BottomRight': 0.01894275}",central_attention_getter,1,-0.0009276072184244791,-0.00985574722290039,1,3.8373870849609375,1,-0.008663866255018447,0.0005922913551330566,1,3.8655853271484375
2534.879,110,7,4,2,"{'TopLeft': 0.585, 'TopRight': 0.6149999999999999, 'BottomLeft': 0.6, 'BottomRight': 0.5598900715102811}","{'TopLeft': 0.021389062499999997, 'TopRight': 0.02363906249999999, 'BottomLeft': 0.0225, 'BottomRight': 0.01894275}",central_attention_getter,1,0.02263355255126953,0.012911230325698853,1,3.8402252197265625,1,0.0034247504340277775,0.01766139268875122,1,3.867950439453125
2551.546,110,7,4,2,"{'TopLeft': 0.585, 'TopRight': 0.6149999999999999, 'BottomLeft': 0.6, 'BottomRight': 0.5598900715102811}","{'TopLeft': 0.021389062499999997, 'TopRight': 0.02363906249999999, 'BottomLeft': 0.0225, 'BottomRight': 0.01894275}",central_attention_getter,1,0.014278411865234375,0.0020957589149475098,1,3.8386383056640625,1,-0.001251326666937934,0.015364527702331543,1,3.8657379150390625
2568.212,110,7,4,2,"{'TopLeft': 0.585, 'TopRight': 0.6149999999999999, 'BottomLeft': 0.6, 'BottomRight': 0.5598900715102811}","{'TopLeft': 0.021389062499999997, 'TopRight': 0.02363906249999999, 'BottomLeft': 0.0225, 'BottomRight': 0.01894275}",central_attention_getter,1,0.019762569003634982,0.005434006452560425,1,3.84381103515625,1,0.0028941896226671007,0.019504547119140625,1,3.8737030029296875
2584.879,110,7,4,2,"{'TopLeft': 0.585, 'TopRight': 0.6149999999999999, 'BottomLeft': 0.6, 'BottomRight': 0.5598900715102811}","{'TopLeft': 0.021389062499999997, 'TopRight': 0.02363906249999999, 'BottomLeft': 0.0225, 'BottomRight': 0.01894275}",central_attention_getter,1,0.012202686733669704,0.00205838680267334,1,3.8366241455078125,1,0.003612730238172743,0.013758718967437744,1,3.871490478515625
2601.546,110,7,4,2,"{'TopLeft': 0.585, 'TopRight': 0.6149999999999999, 'BottomLeft': 0.6, 'BottomRight': 0.5598900715102811}","{'TopLeft': 0.021389062499999997, 'TopRight': 0.02363906249999999, 'BottomLeft': 0.0225, 'BottomRight': 0.01894275}",central_attention_getter,1,0.021531422932942707,0.006889641284942627,1,3.8368072509765625,1,0.0003899468315972222,0.013527363538742065,1,3.8900299072265625
2618.212,110,7,4,2,"{'TopLeft': 0.585, 'TopRight': 0.6149999999999999, 'BottomLeft': 0.6, 'BottomRight': 0.5598900715102811}","{'TopLeft': 0.021389062499999997, 'TopRight': 0.02363906249999999, 'BottomLeft': 0.0225, 'BottomRight': 0.01894275}",central_attention_getter,1,0.016618728637695312,0.00823354721069336,1,3.831146240234375,1,0.004971504211425781,0.014378219842910767,1,3.881256103515625
2634.879,110,7,4,2,"{'TopLeft': 0.585, 'TopRight': 0.6149999999999999, 'BottomLeft': 0.6, 'BottomRight': 0.5598900715102811}","{'TopLeft': 0.021389062499999997, 'TopRight': 0.02363906249999999, 'BottomLeft': 0.0225, 'BottomRight': 0.01894275}",central_attention_getter,1,0.01988506317138672,0.012776046991348267,1,3.8379974365234375,1,0.002873314751519097,0.019654512405395508,1,3.890960693359375
2651.547,110,7,4,2,"{'TopLeft': 0.585, 'TopRight': 0.6149999999999999, 'BottomLeft': 0.6, 'BottomRight': 0.5598900715102811}","{'TopLeft': 0.021389062499999997, 'TopRight': 0.02363906249999999, 'BottomLeft': 0.0225, 'BottomRight': 0.01894275}",central_attention_getter,1,0.019555833604600694,0.006447017192840576,1,3.845306396484375,1,0.003860685560438368,0.01878643035888672,1,3.8937530517578125
2668.213,110,7,4,2,"{'TopLeft': 0.585, 'TopRight': 0.6149999999999999, 'BottomLeft': 0.6, 'BottomRight': 0.5598900715102811}","{'TopLeft': 0.021389062499999997, 'TopRight': 0.02363906249999999, 'BottomLeft': 0.0225, 'BottomRight': 0.01894275}",central_attention_getter,1,0.017929712931315102,0.012678384780883789,1,3.847686767578125,1,0.0025959014892578125,0.02171027660369873,1,3.9000091552734375
2684.88,110,7,4,2,"{'TopLeft': 0.585, 'TopRight': 0.6149999999999999, 'BottomLeft': 0.6, 'BottomRight': 0.5598900715102811}","{'TopLeft': 0.021389062499999997, 'TopRight': 0.02363906249999999, 'BottomLeft': 0.0225, 'BottomRight': 0.01894275}",central_attention_getter,1,0.02031241522894965,0.009878456592559814,1,3.8505096435546875,1,0.004253387451171875,0.01954960823059082,1,3.9085693359375
2701.547,110,7,4,2,"{'TopLeft': 0.585, 'TopRight': 0.6149999999999999, 'BottomLeft': 0.6, 'BottomRight': 0.5598900715102811}","{'TopLeft': 0.021389062499999997, 'TopRight': 0.02363906249999999, 'BottomLeft': 0.0225, 'BottomRight': 0.01894275}",central_attention_getter,1,0.019334687127007377,0.008420825004577637,1,3.858306884765625,1,0.008337338765462238,0.01714375615119934,1,3.9202728271484375
2718.213,110,7,4,2,"{'TopLeft': 0.585, 'TopRight': 0.6149999999999999, 'BottomLeft': 0.6, 'BottomRight': 0.5598900715102811}","{'TopLeft': 0.021389062499999997, 'TopRight': 0.02363906249999999, 'BottomLeft': 0.0225, 'BottomRight': 0.01894275}",central_attention_getter,1,0.020013809204101562,0.006836146116256714,1,3.85986328125,1,0.0024744669596354165,0.021417081356048584,1,3.921356201171875
2734.88,110,7,4,2,"{'TopLeft': 0.585, 'TopRight': 0.6149999999999999, 'BottomLeft': 0.6, 'BottomRight': 0.5598900715102811}","{'TopLeft': 0.021389062499999997, 'TopRight': 0.02363906249999999, 'BottomLeft': 0.0225, 'BottomRight': 0.01894275}",central_attention_getter,1,0.018487930297851562,0.011056393384933472,1,3.86962890625,1,0.004450480143229166,0.01604217290878296,1,3.934600830078125
2751.547,110,7,4,2,"{'TopLeft': 0.585, 'TopRight': 0.6149999999999999, 'BottomLeft': 0.6, 'BottomRight': 0.5598900715102811}","{'TopLeft': 0.021389062499999997, 'TopRight': 0.02363906249999999, 'BottomLeft': 0.0225, 'BottomRight': 0.01894275}",central_attention_getter,1,0.0162147945827908,0.005174875259399414,1,3.8801116943359375,1,0.0022388034396701386,0.02062961459159851,1,3.9466094970703125
2768.214,110,7,4,2,"{'TopLeft': 0.585, 'TopRight': 0.6149999999999999, 'BottomLeft': 0.6, 'BottomRight': 0.5598900715102811}","{'TopLeft': 0.021389062499999997, 'TopRight': 0.02363906249999999, 'BottomLeft': 0.0225, 'BottomRight': 0.01894275}",central_attention_getter,1,0.012374242146809895,0.007092535495758057,1,3.8859405517578125,1,0.009541723463270398,0.0152055025100708,1,3.953399658203125
2784.881,110,7,4,2,"{'TopLeft': 0.585, 'TopRight': 0.6149999999999999, 'BottomLeft': 0.6, 'BottomRight': 0.5598900715102811}","{'TopLeft': 0.021389062499999997, 'TopRight': 0.02363906249999999, 'BottomLeft': 0.0225, 'BottomRight': 0.01894275}",central_attention_getter,1,0.012853410508897569,0.00944739580154419,1,3.8924713134765625,1,0.0024201075236002603,0.02187138795852661,1,3.967987060546875
2801.548,110,7,4,2,"{'TopLeft': 0.585, 'TopRight': 0.6149999999999999, 'BottomLeft': 0.6, 'BottomRight': 0.5598900715102811}","{'TopLeft': 0.021389062499999997, 'TopRight': 0.02363906249999999, 'BottomLeft': 0.0225, 'BottomRight': 0.01894275}",central_attention_getter,1,0.013755692376030816,0.005311429500579834,1,3.90716552734375,1,0.001545270284016927,0.023017585277557373,1,3.9686737060546875
2818.214,110,7,4,2,"{'TopLeft': 0.585, 'TopRight': 0.6149999999999999, 'BottomLeft': 0.6, 'BottomRight': 0.5598900715102811}","{'TopLeft': 0.021389062499999997, 'TopRight': 0.02363906249999999, 'BottomLeft': 0.0225, 'BottomRight': 0.01894275}",central_attention_getter,1,0.01273271772596571,0.00911802053451538,1,3.907012939453125,1,0.002773390875922309,0.02554023265838623,1,3.989105224609375
2834.881,110,7,4,2,"{'TopLeft': 0.585, 'TopRight': 0.6149999999999999, 'BottomLeft': 0.6, 'BottomRight': 0.5598900715102811}","{'TopLeft': 0.021389062499999997, 'TopRight': 0.02363906249999999, 'BottomLeft': 0.0225, 'BottomRight': 0.01894275}",central_attention_getter,1,0.012865914238823785,0.0056754350662231445,1,3.919525146484375,1,-0.001327726576063368,0.024062693119049072,1,3.9976959228515625
2851.548,110,7,4,2,"{'TopLeft': 0.585, 'TopRight': 0.6149999999999999, 'BottomLeft': 0.6, 'BottomRight': 0.5598900715102811}","{'TopLeft': 0.021389062499999997, 'TopRight': 0.02363906249999999, 'BottomLeft': 0.0225, 'BottomRight': 0.01894275}",central_attention_getter,1,0.008035447862413194,0.008139848709106445,1,3.925079345703125,1,-0.0015116797553168403,0.022779405117034912,1,4.0113983154296875
2868.215,110,7,4,2,"{'TopLeft': 0.585, 'TopRight': 0.6149999999999999, 'BottomLeft': 0.6, 'BottomRight': 0.5598900715102811}","{'TopLeft': 0.021389062499999997, 'TopRight': 0.02363906249999999, 'BottomLeft': 0.0225, 'BottomRight': 0.01894275}",central_attention_getter,1,0.009711265563964844,0.006344795227050781,1,3.9304656982421875,1,-0.0017385482788085938,0.021123230457305908,1,4.0225677490234375
2884.882,110,7,4,2,"{'TopLeft': 0.585, 'TopRight': 0.6149999999999999, 'BottomLeft': 0.6, 'BottomRight': 0.5598900715102811}","{'TopLeft': 0.021389062499999997, 'TopRight': 0.02363906249999999, 'BottomLeft': 0.0225, 'BottomRight': 0.01894275}",central_attention_getter,1,0.011976348029242622,0.009543895721435547,1,3.9429168701171875,1,-0.002621120876736111,0.02214914560317993,1,4.030853271484375
2901.549,110,7,4,2,"{'TopLeft': 0.585, 'TopRight': 0.6149999999999999, 'BottomLeft': 0.6, 'BottomRight': 0.5598900715102811}","{'TopLeft': 0.021389062499999997, 'TopRight': 0.02363906249999999, 'BottomLeft': 0.0225, 'BottomRight': 0.01894275}",central_attention_getter,1,0.00924449496799045,0.00955188274383545,1,3.9505462646484375,1,-0.004214816623263889,0.018507450819015503,1,4.040008544921875
2918.215,110,7,4,2,"{'TopLeft': 0.585, 'TopRight': 0.6149999999999999, 'BottomLeft': 0.6, 'BottomRight': 0.5598900715102811}","{'TopLeft': 0.021389062499999997, 'TopRight': 0.02363906249999999, 'BottomLeft': 0.0225, 'BottomRight': 0.01894275}",central_attention_getter,1,0.008985307481553819,0.0067224204540252686,1,3.9534454345703125,1,-0.006034745110405816,0.020485877990722656,1,4.0471649169921875
2934.882,110,7,4,2,"{'TopLeft': 0.585, 'TopRight': 0.6149999999999999, 'BottomLeft': 0.6, 'BottomRight': 0.5598900715102811}","{'TopLeft': 0.021389062499999997, 'TopRight': 0.02363906249999999, 'BottomLeft': 0.0225, 'BottomRight': 0.01894275}",central_attention_getter,1,0.012737486097547742,0.0057389140129089355,1,3.958831787109375,1,-0.00023598141140407985,0.01715138554573059,1,4.0560302734375
2951.549,110,7,4,2,"{'TopLeft': 0.585, 'TopRight': 0.6149999999999999, 'BottomLeft': 0.6, 'BottomRight': 0.5598900715102811}","{'TopLeft': 0.021389062499999997, 'TopRight': 0.02363906249999999, 'BottomLeft': 0.0225, 'BottomRight': 0.01894275}",central_attention_getter,1,0.013444476657443576,0.009685307741165161,1,3.9721221923828125,1,-0.001518514421251085,0.022194206714630127,1,4.0653839111328125
2968.215,110,7,4,2,"{'TopLeft': 0.585, 'TopRight': 0.6149999999999999, 'BottomLeft': 0.6, 'BottomRight': 0.5598900715102811}","{'TopLeft': 0.021389062499999997, 'TopRight': 0.02363906249999999, 'BottomLeft': 0.0225, 'BottomRight': 0.01894275}",central_attention_getter,1,0.013950877719455294,0.011082708835601807,1,3.9701690673828125,1,-0.0035230848524305555,0.019425034523010254,1,4.074310302734375
2984.883,110,7,4,2,"{'TopLeft': 0.585, 'TopRight': 0.6149999999999999, 'BottomLeft': 0.6, 'BottomRight': 0.5598900715102811}","{'TopLeft': 0.021389062499999997, 'TopRight': 0.02363906249999999, 'BottomLeft': 0.0225, 'BottomRight': 0.01894275}",central_attention_getter,1,0.015328089396158854,0.011287033557891846,1,3.9737548828125,1,-0.0007396803961859809,0.016185224056243896,1,4.0804595947265625
3001.55,110,7,4,2,"{'TopLeft': 0.585, 'TopRight': 0.6149999999999999, 'BottomLeft': 0.6, 'BottomRight': 0.5598900715102811}","{'TopLeft': 0.021389062499999997, 'TopRight': 0.02363906249999999, 'BottomLeft': 0.0225, 'BottomRight': 0.01894275}",central_attention_getter,1,0.014037874009874132,0.007851183414459229,1,3.982574462890625,1,-0.002189954121907552,0.020163536071777344,1,4.0890655517578125
3018.216,110,7,4,2,"{'TopLeft': 0.585, 'TopRight': 0.6149999999999999, 'BottomLeft': 0.6, 'BottomRight': 0.5598900715102811}","{'TopLeft': 0.021389062499999997, 'TopRight': 0.02363906249999999, 'BottomLeft': 0.0225, 'BottomRight': 0.01894275}",central_attention_getter,1,0.01968044704861111,0.006561279296875,1,3.9864654541015625,1,-0.0001476075914171007,0.012424498796463013,1,4.0947723388671875
3034.883,110,7,4,2,"{'TopLeft': 0.585, 'TopRight': 0.6149999999999999, 'BottomLeft': 0.6, 'BottomRight': 0.5598900715102811}","{'TopLeft': 0.021389062499999997, 'TopRight': 0.02363906249999999, 'BottomLeft': 0.0225, 'BottomRight': 0.01894275}",central_attention_getter,1,0.01237699720594618,0.0028264522552490234,1,3.9893341064453125,1,-0.0006684197319878471,0.015737593173980713,1,4.101776123046875
3051.55,110,7,4,2,"{'TopLeft': 0.585, 'TopRight': 0.6149999999999999, 'BottomLeft': 0.6, 'BottomRight': 0.5598900715102811}","{'TopLeft': 0.021389062499999997, 'TopRight': 0.02363906249999999, 'BottomLeft': 0.0225, 'BottomRight': 0.01894275}",central_attention_getter,1,0.017966270446777344,0.0049963295459747314,1,3.9945526123046875,1,0.005681249830457899,0.014964818954467773,1,4.1046142578125
3068.216,110,7,4,2,"{'TopLeft': 0.585, 'TopRight': 0.6149999999999999, 'BottomLeft': 0.6, 'BottomRight': 0.5598900715102811}","{'TopLeft': 0.021389062499999997, 'TopRight': 0.02363906249999999, 'BottomLeft': 0.0225, 'BottomRight': 0.01894275}",central_attention_getter,1,0.01941500769721137,0.006844371557235718,1,3.9982757568359375,1,-0.0007573233710394965,0.020666658878326416,1,4.1087646484375
3084.883,110,7,4,2,"{'TopLeft': 0.585, 'TopRight': 0.6149999999999999, 'BottomLeft': 0.6, 'BottomRight': 0.5598900715102811}","{'TopLeft': 0.021389062499999997, 'TopRight': 0.02363906249999999, 'BottomLeft': 0.0225, 'BottomRight': 0.01894275}",central_attention_getter,1,0.02335442437065972,0.0057533979415893555,1,4.00738525390625,1,0.0017294353908962673,0.018069356679916382,1,4.1166229248046875
3101.551,110,7,4,2,"{'TopLeft': 0.585, 'TopRight': 0.6149999999999999, 'BottomLeft': 0.6, 'BottomRight': 0.5598900715102811}","{'TopLeft': 0.021389062499999997, 'TopRight': 0.02363906249999999, 'BottomLeft': 0.0225, 'BottomRight': 0.01894275}",central_attention_getter,1,0.027232382032606334,0.007983595132827759,1,4.007843017578125,1,0.0021662182278103298,0.018318593502044678,1,4.12115478515625
3118.217,110,7,4,2,"{'TopLeft': 0.585, 'TopRight': 0.6149999999999999, 'BottomLeft': 0.6, 'BottomRight': 0.5598900715102811}","{'TopLeft': 0.021389062499999997, 'TopRight': 0.02363906249999999, 'BottomLeft': 0.0225, 'BottomRight': 0.01894275}",central_attention_getter,1,0.021218829684787326,0.0038852691650390625,1,4.0115814208984375,1,0.002033445570203993,0.0172712504863739,1,4.130096435546875
3134.884,110,7,4,2,"{'TopLeft': 0.585, 'TopRight': 0.6149999999999999, 'BottomLeft': 0.6, 'BottomRight': 0.5598900715102811}","{'TopLeft': 0.021389062499999997, 'TopRight': 0.02363906249999999, 'BottomLeft': 0.0225, 'BottomRight': 0.01894275}",central_attention_getter,1,0.022450764973958332,0.010776340961456299,1,4.0193023681640625,1,0.004329787360297309,0.01707679033279419,1,4.13299560546875
3151.551,110,7,4,2,"{'TopLeft': 0.585, 'TopRight': 0.6149999999999999, 'BottomLeft': 0.6, 'BottomRight': 0.5598900715102811}","{'TopLeft': 0.021389062499999997, 'TopRight': 0.02363906249999999, 'BottomLeft': 0.0225, 'BottomRight': 0.01894275}",central_attention_getter,1,0.021145396762424044,0.006405651569366455,1,4.021759033203125,1,0.005604637993706597,0.016746044158935547,1,4.13690185546875
3168.217,110,7,4,2,"{'TopLeft': 0.585, 'TopRight': 0.6149999999999999, 'BottomLeft': 0.6, 'BottomRight': 0.5598900715102811}","{'TopLeft': 0.021389062499999997, 'TopRight': 0.02363906249999999, 'BottomLeft': 0.0225, 'BottomRight': 0.01894275}",shapes_on_1,1,0.022198359171549477,0.004701852798461914,1,4.034088134765625,1,0.005251566569010416,0.01318126916885376,1,4.1439056396484375
3184.884,110,7,4,2,"{'TopLeft': 0.585, 'TopRight': 0.6149999999999999, 'BottomLeft': 0.6, 'BottomRight': 0.5598900715102811}","{'TopLeft': 0.021389062499999997, 'TopRight': 0.02363906249999999, 'BottomLeft': 0.0225, 'BottomRight': 0.01894275}",shapes_on_1,1,0.023436440361870658,0.0056455135345458984,1,4.0343017578125,1,0.0030117034912109375,0.013789474964141846,1,4.1482696533203125
3201.552,110,7,4,2,"{'TopLeft': 0.585, 'TopRight': 0.6149999999999999, 'BottomLeft': 0.6, 'BottomRight': 0.5598900715102811}","{'TopLeft': 0.021389062499999997, 'TopRight': 0.02363906249999999, 'BottomLeft': 0.0225, 'BottomRight': 0.01894275}",shapes_on_1,1,0.02405760023328993,0.0004413127899169922,1,4.04132080078125,1,0.0037458207872178816,0.009950876235961914,1,4.1536865234375
3218.218,110,7,4,2,"{'TopLeft': 0.585, 'TopRight': 0.6149999999999999, 'BottomLeft': 0.6, 'BottomRight': 0.5598900715102811}","{'TopLeft': 0.021389062499999997, 'TopRight': 0.02363906249999999, 'BottomLeft': 0.0225, 'BottomRight': 0.01894275}",shapes_on_1,1,0.028561274210611977,0.001374751329421997,1,4.0364990234375,1,0.008358637491861979,0.008855342864990234,1,4.1510467529296875
3234.885,110,7,4,2,"{'TopLeft': 0.585, 'TopRight': 0.6149999999999999, 'BottomLeft': 0.6, 'BottomRight': 0.5598900715102811}","{'TopLeft': 0.021389062499999997, 'TopRight': 0.02363906249999999, 'BottomLeft': 0.0225, 'BottomRight': 0.01894275}",shapes_on_1,1,0.022914144727918837,0.006556987762451172,1,4.0425872802734375,1,0.005132887098524305,0.011869668960571289,1,4.15020751953125
3251.552,110,7,4,2,"{'TopLeft': 0.585, 'TopRight': 0.6149999999999999, 'BottomLeft': 0.6, 'BottomRight': 0.5598900715102811}","{'TopLeft': 0.021389062499999997, 'TopRight': 0.02363906249999999, 'BottomLeft': 0.0225, 'BottomRight': 0.01894275}",shapes_on_1,1,0.02477116054958767,0.003523886203765869,1,4.0482177734375,1,0.005955378214518229,0.009674310684204102,1,4.14764404296875
3268.218,110,7,4,2,"{'TopLeft': 0.585, 'TopRight': 0.6149999999999999, 'BottomLeft': 0.6, 'BottomRight': 0.5598900715102811}","{'TopLeft': 0.021389062499999997, 'TopRight': 0.02363906249999999, 'BottomLeft': 0.0225, 'BottomRight': 0.01894275}",shapes_on_1,1,0.02187824249267578,-0.0007320642471313477,1,4.0434112548828125,1,0.0048046112060546875,0.0036179423332214355,1,4.1370391845703125
3284.885,110,7,4,2,"{'TopLeft': 0.585, 'TopRight': 0.6149999999999999, 'BottomLeft': 0.6, 'BottomRight': 0.5598900715102811}","{'TopLeft': 0.021389062499999997, 'TopRight': 0.02363906249999999, 'BottomLeft': 0.0225, 'BottomRight': 0.01894275}",shapes_on_1,1,0.022165616353352863,0.0011057257652282715,1,4.038909912109375,1,0.0048173268636067705,0.009522080421447754,1,4.129730224609375
3301.552,110,7,4,2,"{'TopLeft': 0.585, 'TopRight': 0.6149999999999999, 'BottomLeft': 0.6, 'BottomRight': 0.5598900715102811}","{'TopLeft': 0.021389062499999997, 'TopRight': 0.02363906249999999, 'BottomLeft': 0.0225, 'BottomRight': 0.01894275}",shapes_on_1,1,0.02384609646267361,0.003353685140609741,1,4.02789306640625,1,0.011219342549641926,0.004244416952133179,1,4.110382080078125
3318.219,110,7,4,2,"{'TopLeft': 0.585, 'TopRight': 0.6149999999999999, 'BottomLeft': 0.6, 'BottomRight': 0.5598900715102811}","{'TopLeft': 0.021389062499999997, 'TopRight': 0.02363906249999999, 'BottomLeft': 0.0225, 'BottomRight': 0.01894275}",shapes_on_1,1,0.026633792453342013,0.0025002658367156982,1,4.016632080078125,1,0.011802355448404947,0.0065305233001708984,1,4.0949859619140625
3334.886,110,7,4,2,"{'TopLeft': 0.585, 'TopRight': 0.6149999999999999, 'BottomLeft': 0.6, 'BottomRight': 0.5598900715102811}","{'TopLeft': 0.021389062499999997, 'TopRight': 0.02363906249999999, 'BottomLeft': 0.0225, 'BottomRight': 0.01894275}",shapes_on_1,1,0.0224917729695638,0.0022825002670288086,1,4.00018310546875,1,0.007085376315646701,0.0075016021728515625,1,4.0737457275390625
3351.553,110,7,4,2,"{'TopLeft': 0.585, 'TopRight': 0.6149999999999999, 'BottomLeft': 0.6, 'BottomRight': 0.5598900715102811}","{'TopLeft': 0.021389062499999997, 'TopRight': 0.02363906249999999, 'BottomLeft': 0.0225, 'BottomRight': 0.01894275}",shapes_on_1,1,0.02352746327718099,-0.0003972053527832031,1,3.98291015625,1,0.010658052232530382,0.010054230690002441,1,4.05474853515625
3368.219,110,7,4,2,"{'TopLeft': 0.585, 'TopRight': 0.6149999999999999, 'BottomLeft': 0.6, 'BottomRight': 0.5598900715102811}","{'TopLeft': 0.021389062499999997, 'TopRight': 0.02363906249999999, 'BottomLeft': 0.0225, 'BottomRight': 0.01894275}",shapes_on_1,1,0.027127583821614582,0.0014773905277252197,1,3.9704437255859375,1,0.012297948201497395,0.00832456350326538,1,4.0378570556640625
3384.886,110,7,4,2,"{'TopLeft': 0.585, 'TopRight': 0.6149999999999999, 'BottomLeft': 0.6, 'BottomRight': 0.5598900715102811}","{'TopLeft': 0.021389062499999997, 'TopRight': 0.02363906249999999, 'BottomLeft': 0.0225, 'BottomRight': 0.01894275}",shapes_on_1,1,0.026827176411946613,0.005010485649108887,1,3.9498748779296875,1,0.01262664794921875,0.008450418710708618,1,4.0133209228515625
3401.553,110,7,4,2,"{'TopLeft': 0.585, 'TopRight': 0.6149999999999999, 'BottomLeft': 0.6, 'BottomRight': 0.5598900715102811}","{'TopLeft': 0.021389062499999997, 'TopRight': 0.02363906249999999, 'BottomLeft': 0.0225, 'BottomRight': 0.01894275}",shapes_on_1,1,0.03408866458468967,0.0067008137702941895,1,3.935821533203125,1,0.010238117641872829,0.012058079242706299,1,3.9963226318359375
3418.219,110,7,4,2,"{'TopLeft': 0.585, 'TopRight': 0.6149999999999999, 'BottomLeft': 0.6, 'BottomRight': 0.5598900715102811}","{'TopLeft': 0.021389062499999997, 'TopRight': 0.02363906249999999, 'BottomLeft': 0.0225, 'BottomRight': 0.01894275}",shapes_on_1,1,0.029578632778591577,0.0018616020679473877,1,3.928497314453125,1,0.007822672526041666,0.010940074920654297,1,3.976776123046875
3434.887,110,7,4,2,"{'TopLeft': 0.585, 'TopRight': 0.6149999999999999, 'BottomLeft': 0.6, 'BottomRight': 0.5598900715102811}","{'TopLeft': 0.021389062499999997, 'TopRight': 0.02363906249999999, 'BottomLeft': 0.0225, 'BottomRight': 0.01894275}",shapes_on_1,1,0.028805096944173176,0.006117343902587891,1,3.92095947265625,1,0.011712392171223957,0.010230273008346558,1,3.966522216796875
3451.554,110,7,4,2,"{'TopLeft': 0.585, 'TopRight': 0.6149999999999999, 'BottomLeft': 0.6, 'BottomRight': 0.5598900715102811}","{'TopLeft': 0.021389062499999997, 'TopRight': 0.02363906249999999, 'BottomLeft': 0.0225, 'BottomRight': 0.01894275}",shapes_on_1,1,0.021881103515625,0.012457489967346191,1,3.8990631103515625,1,0.006079461839463975,0.013421893119812012,1,3.9577178955078125
3468.22,110,7,4,2,"{'TopLeft': 0.585, 'TopRight': 0.6149999999999999, 'BottomLeft': 0.6, 'BottomRight': 0.5598900715102811}","{'TopLeft': 0.021389062499999997, 'TopRight': 0.02363906249999999, 'BottomLeft': 0.0225, 'BottomRight': 0.01894275}",shapes_on_1,1,0.02697096930609809,0.009846031665802002,1,3.8877410888671875,1,0.007096820407443576,0.01443415880203247,1,3.941558837890625
3484.887,110,7,4,2,"{'TopLeft': 0.585, 'TopRight': 0.6149999999999999, 'BottomLeft': 0.6, 'BottomRight': 0.5598900715102811}","{'TopLeft': 0.021389062499999997, 'TopRight': 0.02363906249999999, 'BottomLeft': 0.0225, 'BottomRight': 0.01894275}",shapes_on_1,1,0.022850142584906682,0.016489475965499878,1,3.87908935546875,1,0.009521272447374132,0.0171889066696167,1,3.929840087890625
3501.554,110,7,4,2,"{'TopLeft': 0.585, 'TopRight': 0.6149999999999999, 'BottomLeft': 0.6, 'BottomRight': 0.5598900715102811}","{'TopLeft': 0.021389062499999997, 'TopRight': 0.02363906249999999, 'BottomLeft': 0.0225, 'BottomRight': 0.01894275}",shapes_on_1,1,0.0202079349093967,0.015450924634933472,1,3.8648223876953125,1,0.005961524115668402,0.02024167776107788,1,3.9201812744140625
3518.22,110,7,4,2,"{'TopLeft': 0.585, 'TopRight': 0.6149999999999999, 'BottomLeft': 0.6, 'BottomRight': 0.5598900715102811}","{'TopLeft': 0.021389062499999997, 'TopRight': 0.02363906249999999, 'BottomLeft': 0.0225, 'BottomRight': 0.01894275}",shapes_on_1,1,0.022521230909559462,0.011217653751373291,1,3.86102294921875,1,0.006923569573296441,0.024595677852630615,1,3.91253662109375
3534.887,110,7,4,2,"{'TopLeft': 0.585, 'TopRight': 0.6149999999999999, 'BottomLeft': 0.6, 'BottomRight': 0.5598900715102811}","{'TopLeft': 0.021389062499999997, 'TopRight': 0.02363906249999999, 'BottomLeft': 0.0225, 'BottomRight': 0.01894275}",shapes_on_1,1,0.015471140543619791,0.01782330870628357,1,3.85791015625,1,0.0035165150960286455,0.023407280445098877,1,3.9072113037109375
3551.555,110,7,4,2,"{'TopLeft': 0.585, 'TopRight': 0.6149999999999999, 'BottomLeft': 0.6, 'BottomRight': 0.5598900715102811}","{'TopLeft': 0.021389062499999997, 'TopRight': 0.02363906249999999, 'BottomLeft': 0.0225, 'BottomRight': 0.01894275}",shapes_on_1,1,0.01678519778781467,0.01810300350189209,1,3.8570098876953125,1,0.0067657894558376735,0.022208601236343384,1,3.9071197509765625
3568.221,110,7,4,2,"{'TopLeft': 0.585, 'TopRight': 0.6149999999999999, 'BottomLeft': 0.6, 'BottomRight': 0.5598900715102811}","{'TopLeft': 0.021389062499999997, 'TopRight': 0.02363906249999999, 'BottomLeft': 0.0225, 'BottomRight': 0.01894275}",shapes_on_1,1,0.010403315226236979,0.013371169567108154,1,3.8548431396484375,1,-0.0007150438096788194,0.022515028715133667,1,3.906585693359375
3584.888,110,7,4,2,"{'TopLeft': 0.585, 'TopRight': 0.6149999999999999, 'BottomLeft': 0.6, 'BottomRight': 0.5598900715102811}","{'TopLeft': 0.021389062499999997, 'TopRight': 0.02363906249999999, 'BottomLeft': 0.0225, 'BottomRight': 0.01894275}",shapes_on_1,1,0.011130438910590278,0.018948614597320557,1,3.8641204833984375,1,-0.002777947319878472,0.02708500623703003,1,3.91265869140625
3601.555,110,7,4,2,"{'TopLeft': 0.585, 'TopRight': 0.6149999999999999, 'BottomLeft': 0.6, 'BottomRight': 0.5598900715102811}","{'TopLeft': 0.021389062499999997, 'TopRight': 0.02363906249999999, 'BottomLeft': 0.0225, 'BottomRight': 0.01894275}",shapes_on_1,1,0.009579658508300781,0.010556906461715698,1,3.8662567138671875,1,-0.0067708757188585066,0.022951364517211914,1,3.9148712158203125
3618.221,110,7,4,2,"{'TopLeft': 0.585, 'TopRight': 0.6149999999999999, 'BottomLeft': 0.6, 'BottomRight': 0.5598900715102811}","{'TopLeft': 0.021389062499999997, 'TopRight': 0.02363906249999999, 'BottomLeft': 0.0225, 'BottomRight': 0.01894275}",shapes_on_1,1,-0.001232465108235677,0.024709463119506836,1,3.845672607421875,1,-0.010500060187445747,0.008865684270858765,1,3.93511962890625
3634.888,110,7,4,2,"{'TopLeft': 0.585, 'TopRight': 0.6149999999999999, 'BottomLeft': 0.6, 'BottomRight': 0.5598900715102811}","{'TopLeft': 0.021389062499999997, 'TopRight': 0.02363906249999999, 'BottomLeft': 0.0225, 'BottomRight': 0.01894275}",shapes_on_1,1,-0.10436932245890299,-0.101870596408844,1,3.84820556640625,1,-0.093994935353597,-0.059624433517456055,1,3.920623779296875
3651.556,110,7,4,2,"{'TopLeft': 0.585, 'TopRight': 0.6149999999999999, 'BottomLeft': 0.6, 'BottomRight': 0.5598900715102811}","{'TopLeft': 0.021389062499999997, 'TopRight': 0.02363906249999999, 'BottomLeft': 0.0225, 'BottomRight': 0.01894275}",shapes_on_1,1,-0.23294687271118164,-0.28191274404525757,1,3.790924072265625,1,-0.2343036863538954,-0.20983457565307617,1,3.9476165771484375
3668.222,110,7,4,2,"{'TopLeft': 0.585, 'TopRight': 0.6149999999999999, 'BottomLeft': 0.6, 'BottomRight': 0.5598900715102811}","{'TopLeft': 0.021389062499999997, 'TopRight': 0.02363906249999999, 'BottomLeft': 0.0225, 'BottomRight': 0.01894275}",shapes_on_1,1,-0.22836674584282768,-0.3274165391921997,1,3.6748809814453125,1,-0.23505046632554794,-0.20011430978775024,1,3.9514007568359375
3684.889,110,7,4,2,"{'TopLeft': 0.585, 'TopRight': 0.6149999999999999, 'BottomLeft': 0.6, 'BottomRight': 0.5598900715102811}","{'TopLeft': 0.021389062499999997, 'TopRight': 0.02363906249999999, 'BottomLeft': 0.0225, 'BottomRight': 0.01894275}",shapes_on_1,1,-0.329926331837972,-0.3478696346282959,1,3.6447296142578125,1,-0.3107914924621582,-0.3572276830673218,1,3.74688720703125
3701.556,110,7,4,2,"{'TopLeft': 0.585, 'TopRight': 0.6149999999999999, 'BottomLeft': 0.6, 'BottomRight': 0.5598900715102811}","{'TopLeft': 0.021389062499999997, 'TopRight': 0.02363906249999999, 'BottomLeft': 0.0225, 'BottomRight': 0.01894275}",shapes_on_1,0,nan,nan,0,nan,1,-0.30689409044053817,-0.35986417531967163,1,3.6497650146484375
3718.222,110,7,4,2,"{'TopLeft': 0.585, 'TopRight': 0.6149999999999999, 'BottomLeft': 0.6, 'BottomRight': 0.5598900715102811}","{'TopLeft': 0.021389062499999997, 'TopRight': 0.02363906249999999, 'BottomLeft': 0.0225, 'BottomRight': 0.01894275}",shapes_on_1,0,nan,nan,0,nan,1,-0.29569498697916663,-0.31942373514175415,1,3.6470794677734375
3734.889,110,7,4,2,"{'TopLeft': 0.585, 'TopRight': 0.6149999999999999, 'BottomLeft': 0.6, 'BottomRight': 0.5598900715102811}","{'TopLeft': 0.021389062499999997, 'TopRight': 0.02363906249999999, 'BottomLeft': 0.0225, 'BottomRight': 0.01894275}",shapes_on_1,0,nan,nan,0,nan,0,nan,nan,0,nan
3751.556,110,7,4,2,"{'TopLeft': 0.585, 'TopRight': 0.6149999999999999, 'BottomLeft': 0.6, 'BottomRight': 0.5598900715102811}","{'TopLeft': 0.021389062499999997, 'TopRight': 0.02363906249999999, 'BottomLeft': 0.0225, 'BottomRight': 0.01894275}",shapes_on_1,0,nan,nan,0,nan,0,nan,nan,0,nan
3768.223,110,7,4,2,"{'TopLeft': 0.585, 'TopRight': 0.6149999999999999, 'BottomLeft': 0.6, 'BottomRight': 0.5598900715102811}","{'TopLeft': 0.021389062499999997, 'TopRight': 0.02363906249999999, 'BottomLeft': 0.0225, 'BottomRight': 0.01894275}",shapes_on_1,0,nan,nan,0,nan,0,nan,nan,0,nan
3784.89,110,7,4,2,"{'TopLeft': 0.585, 'TopRight': 0.6149999999999999, 'BottomLeft': 0.6, 'BottomRight': 0.5598900715102811}","{'TopLeft': 0.021389062499999997, 'TopRight': 0.02363906249999999, 'BottomLeft': 0.0225, 'BottomRight': 0.01894275}",shapes_on_1,0,nan,nan,0,nan,0,nan,nan,0,nan
3801.557,110,7,4,2,"{'TopLeft': 0.585, 'TopRight': 0.6149999999999999, 'BottomLeft': 0.6, 'BottomRight': 0.5598900715102811}","{'TopLeft': 0.021389062499999997, 'TopRight': 0.02363906249999999, 'BottomLeft': 0.0225, 'BottomRight': 0.01894275}",shapes_on_1,0,nan,nan,0,nan,0,nan,nan,0,nan
3818.223,110,7,4,2,"{'TopLeft': 0.585, 'TopRight': 0.6149999999999999, 'BottomLeft': 0.6, 'BottomRight': 0.5598900715102811}","{'TopLeft': 0.021389062499999997, 'TopRight': 0.02363906249999999, 'BottomLeft': 0.0225, 'BottomRight': 0.01894275}",shapes_on_1,0,nan,nan,0,nan,0,nan,nan,0,nan
3834.89,110,7,4,2,"{'TopLeft': 0.585, 'TopRight': 0.6149999999999999, 'BottomLeft': 0.6, 'BottomRight': 0.5598900715102811}","{'TopLeft': 0.021389062499999997, 'TopRight': 0.02363906249999999, 'BottomLeft': 0.0225, 'BottomRight': 0.01894275}",shapes_on_1,0,nan,nan,0,nan,0,nan,nan,0,nan
3851.557,110,7,4,2,"{'TopLeft': 0.585, 'TopRight': 0.6149999999999999, 'BottomLeft': 0.6, 'BottomRight': 0.5598900715102811}","{'TopLeft': 0.021389062499999997, 'TopRight': 0.02363906249999999, 'BottomLeft': 0.0225, 'BottomRight': 0.01894275}",shapes_on_1,0,nan,nan,0,nan,0,nan,nan,0,nan
3868.223,110,7,4,2,"{'TopLeft': 0.585, 'TopRight': 0.6149999999999999, 'BottomLeft': 0.6, 'BottomRight': 0.5598900715102811}","{'TopLeft': 0.021389062499999997, 'TopRight': 0.02363906249999999, 'BottomLeft': 0.0225, 'BottomRight': 0.01894275}",shapes_on_1,0,nan,nan,0,nan,0,nan,nan,0,nan
3884.891,110,7,4,2,"{'TopLeft': 0.585, 'TopRight': 0.6149999999999999, 'BottomLeft': 0.6, 'BottomRight': 0.5598900715102811}","{'TopLeft': 0.021389062499999997, 'TopRight': 0.02363906249999999, 'BottomLeft': 0.0225, 'BottomRight': 0.01894275}",shapes_on_1,0,nan,nan,0,nan,0,nan,nan,0,nan
3901.558,110,7,4,2,"{'TopLeft': 0.585, 'TopRight': 0.6149999999999999, 'BottomLeft': 0.6, 'BottomRight': 0.5598900715102811}","{'TopLeft': 0.021389062499999997, 'TopRight': 0.02363906249999999, 'BottomLeft': 0.0225, 'BottomRight': 0.01894275}",shapes_on_1,0,nan,nan,0,nan,0,nan,nan,0,nan
3918.224,110,7,4,2,"{'TopLeft': 0.585, 'TopRight': 0.6149999999999999, 'BottomLeft': 0.6, 'BottomRight': 0.5598900715102811}","{'TopLeft': 0.021389062499999997, 'TopRight': 0.02363906249999999, 'BottomLeft': 0.0225, 'BottomRight': 0.01894275}",shapes_on_1,0,nan,nan,0,nan,0,nan,nan,0,nan
3934.891,110,7,4,2,"{'TopLeft': 0.585, 'TopRight': 0.6149999999999999, 'BottomLeft': 0.6, 'BottomRight': 0.5598900715102811}","{'TopLeft': 0.021389062499999997, 'TopRight': 0.02363906249999999, 'BottomLeft': 0.0225, 'BottomRight': 0.01894275}",shapes_on_1,0,nan,nan,0,nan,0,nan,nan,0,nan
3951.558,110,7,4,2,"{'TopLeft': 0.585, 'TopRight': 0.6149999999999999, 'BottomLeft': 0.6, 'BottomRight': 0.5598900715102811}","{'TopLeft': 0.021389062499999997, 'TopRight': 0.02363906249999999, 'BottomLeft': 0.0225, 'BottomRight': 0.01894275}",shapes_on_1,0,nan,nan,0,nan,0,nan,nan,0,nan
3968.224,110,7,4,2,"{'TopLeft': 0.585, 'TopRight': 0.6149999999999999, 'BottomLeft': 0.6, 'BottomRight': 0.5598900715102811}","{'TopLeft': 0.021389062499999997, 'TopRight': 0.02363906249999999, 'BottomLeft': 0.0225, 'BottomRight': 0.01894275}",shapes_on_1,0,nan,nan,0,nan,0,nan,nan,0,nan
3984.892,110,7,4,2,"{'TopLeft': 0.585, 'TopRight': 0.6149999999999999, 'BottomLeft': 0.6, 'BottomRight': 0.5598900715102811}","{'TopLeft': 0.021389062499999997, 'TopRight': 0.02363906249999999, 'BottomLeft': 0.0225, 'BottomRight': 0.01894275}",shapes_on_1,0,nan,nan,0,nan,0,nan,nan,0,nan
4001.559,110,7,4,2,"{'TopLeft': 0.585, 'TopRight': 0.6149999999999999, 'BottomLeft': 0.6, 'BottomRight': 0.5598900715102811}","{'TopLeft': 0.021389062499999997, 'TopRight': 0.02363906249999999, 'BottomLeft': 0.0225, 'BottomRight': 0.01894275}",shapes_on_1,0,nan,nan,0,nan,0,nan,nan,0,nan
4018.225,110,7,4,2,"{'TopLeft': 0.585, 'TopRight': 0.6149999999999999, 'BottomLeft': 0.6, 'BottomRight': 0.5598900715102811}","{'TopLeft': 0.021389062499999997, 'TopRight': 0.02363906249999999, 'BottomLeft': 0.0225, 'BottomRight': 0.01894275}",shapes_on_1,0,nan,nan,0,nan,0,nan,nan,0,nan
4034.892,110,7,4,2,"{'TopLeft': 0.585, 'TopRight': 0.6149999999999999, 'BottomLeft': 0.6, 'BottomRight': 0.5598900715102811}","{'TopLeft': 0.021389062499999997, 'TopRight': 0.02363906249999999, 'BottomLeft': 0.0225, 'BottomRight': 0.01894275}",shapes_on_1,0,nan,nan,0,nan,0,nan,nan,0,nan
4051.559,110,7,4,2,"{'TopLeft': 0.585, 'TopRight': 0.6149999999999999, 'BottomLeft': 0.6, 'BottomRight': 0.5598900715102811}","{'TopLeft': 0.021389062499999997, 'TopRight': 0.02363906249999999, 'BottomLeft': 0.0225, 'BottomRight': 0.01894275}",shapes_on_1,0,nan,nan,0,nan,0,nan,nan,0,nan
4068.225,110,7,4,2,"{'TopLeft': 0.585, 'TopRight': 0.6149999999999999, 'BottomLeft': 0.6, 'BottomRight': 0.5598900715102811}","{'TopLeft': 0.021389062499999997, 'TopRight': 0.02363906249999999, 'BottomLeft': 0.0225, 'BottomRight': 0.01894275}",shapes_on_1,0,nan,nan,0,nan,0,nan,nan,0,nan
4084.892,110,7,4,2,"{'TopLeft': 0.585, 'TopRight': 0.6149999999999999, 'BottomLeft': 0.6, 'BottomRight': 0.5598900715102811}","{'TopLeft': 0.021389062499999997, 'TopRight': 0.02363906249999999, 'BottomLeft': 0.0225, 'BottomRight': 0.01894275}",shapes_on_1,0,nan,nan,0,nan,0,nan,nan,0,nan
4101.56,110,7,4,2,"{'TopLeft': 0.585, 'TopRight': 0.6149999999999999, 'BottomLeft': 0.6, 'BottomRight': 0.5598900715102811}","{'TopLeft': 0.021389062499999997, 'TopRight': 0.02363906249999999, 'BottomLeft': 0.0225, 'BottomRight': 0.01894275}",shapes_on_1,0,nan,nan,0,nan,0,nan,nan,0,nan
4118.227,110,7,4,2,"{'TopLeft': 0.585, 'TopRight': 0.6149999999999999, 'BottomLeft': 0.6, 'BottomRight': 0.5598900715102811}","{'TopLeft': 0.021389062499999997, 'TopRight': 0.02363906249999999, 'BottomLeft': 0.0225, 'BottomRight': 0.01894275}",shapes_on_1,0,nan,nan,0,nan,0,nan,nan,0,nan
4134.894,110,7,4,2,"{'TopLeft': 0.585, 'TopRight': 0.6149999999999999, 'BottomLeft': 0.6, 'BottomRight': 0.5598900715102811}","{'TopLeft': 0.021389062499999997, 'TopRight': 0.02363906249999999, 'BottomLeft': 0.0225, 'BottomRight': 0.01894275}",shapes_on_1,0,nan,nan,0,nan,0,nan,nan,0,nan
4151.562,110,7,4,2,"{'TopLeft': 0.585, 'TopRight': 0.6149999999999999, 'BottomLeft': 0.6, 'BottomRight': 0.5598900715102811}","{'TopLeft': 0.021389062499999997, 'TopRight': 0.02363906249999999, 'BottomLeft': 0.0225, 'BottomRight': 0.01894275}",shapes_on_1,0,nan,nan,0,nan,0,nan,nan,0,nan
4168.228,110,7,4,2,"{'TopLeft': 0.585, 'TopRight': 0.6149999999999999, 'BottomLeft': 0.6, 'BottomRight': 0.5598900715102811}","{'TopLeft': 0.021389062499999997, 'TopRight': 0.02363906249999999, 'BottomLeft': 0.0225, 'BottomRight': 0.01894275}",shapes_on_1,0,nan,nan,0,nan,0,nan,nan,0,nan
4184.895,110,7,4,2,"{'TopLeft': 0.585, 'TopRight': 0.6149999999999999, 'BottomLeft': 0.6, 'BottomRight': 0.5598900715102811}","{'TopLeft': 0.021389062499999997, 'TopRight': 0.02363906249999999, 'BottomLeft': 0.0225, 'BottomRight': 0.01894275}",shapes_on_1,0,nan,nan,0,nan,0,nan,nan,0,nan
4201.562,110,7,4,2,"{'TopLeft': 0.585, 'TopRight': 0.6149999999999999, 'BottomLeft': 0.6, 'BottomRight': 0.5598900715102811}","{'TopLeft': 0.021389062499999997, 'TopRight': 0.02363906249999999, 'BottomLeft': 0.0225, 'BottomRight': 0.01894275}",shapes_on_1,0,nan,nan,0,nan,0,nan,nan,0,nan
4218.229,110,7,4,2,"{'TopLeft': 0.585, 'TopRight': 0.6149999999999999, 'BottomLeft': 0.6, 'BottomRight': 0.5598900715102811}","{'TopLeft': 0.021389062499999997, 'TopRight': 0.02363906249999999, 'BottomLeft': 0.0225, 'BottomRight': 0.01894275}",shapes_on_1,0,nan,nan,0,nan,0,nan,nan,0,nan
4234.896,110,7,4,2,"{'TopLeft': 0.585, 'TopRight': 0.6149999999999999, 'BottomLeft': 0.6, 'BottomRight': 0.5598900715102811}","{'TopLeft': 0.021389062499999997, 'TopRight': 0.02363906249999999, 'BottomLeft': 0.0225, 'BottomRight': 0.01894275}",shapes_on_1,0,nan,nan,0,nan,0,nan,nan,0,nan
4251.563,110,7,4,2,"{'TopLeft': 0.585, 'TopRight': 0.6149999999999999, 'BottomLeft': 0.6, 'BottomRight': 0.5598900715102811}","{'TopLeft': 0.021389062499999997, 'TopRight': 0.02363906249999999, 'BottomLeft': 0.0225, 'BottomRight': 0.01894275}",shapes_on_1,0,nan,nan,0,nan,0,nan,nan,0,nan
4268.229,110,7,4,2,"{'TopLeft': 0.585, 'TopRight': 0.6149999999999999, 'BottomLeft': 0.6, 'BottomRight': 0.5598900715102811}","{'TopLeft': 0.021389062499999997, 'TopRight': 0.02363906249999999, 'BottomLeft': 0.0225, 'BottomRight': 0.01894275}",shapes_on_1,0,nan,nan,0,nan,0,nan,nan,0,nan
4284.896,110,7,4,2,"{'TopLeft': 0.585, 'TopRight': 0.6149999999999999, 'BottomLeft': 0.6, 'BottomRight': 0.5598900715102811}","{'TopLeft': 0.021389062499999997, 'TopRight': 0.02363906249999999, 'BottomLeft': 0.0225, 'BottomRight': 0.01894275}",shapes_on_1,0,nan,nan,0,nan,0,nan,nan,0,nan
4301.563,110,7,4,2,"{'TopLeft': 0.585, 'TopRight': 0.6149999999999999, 'BottomLeft': 0.6, 'BottomRight': 0.5598900715102811}","{'TopLeft': 0.021389062499999997, 'TopRight': 0.02363906249999999, 'BottomLeft': 0.0225, 'BottomRight': 0.01894275}",shapes_on_1,0,nan,nan,0,nan,0,nan,nan,0,nan
4318.23,110,7,4,2,"{'TopLeft': 0.585, 'TopRight': 0.6149999999999999, 'BottomLeft': 0.6, 'BottomRight': 0.5598900715102811}","{'TopLeft': 0.021389062499999997, 'TopRight': 0.02363906249999999, 'BottomLeft': 0.0225, 'BottomRight': 0.01894275}",shapes_on_1,0,nan,nan,0,nan,0,nan,nan,0,nan
4334.899,110,7,4,2,"{'TopLeft': 0.585, 'TopRight': 0.6149999999999999, 'BottomLeft': 0.6, 'BottomRight': 0.5598900715102811}","{'TopLeft': 0.021389062499999997, 'TopRight': 0.02363906249999999, 'BottomLeft': 0.0225, 'BottomRight': 0.01894275}",shapes_on_1,0,nan,nan,0,nan,0,nan,nan,0,nan
4351.565,110,7,4,2,"{'TopLeft': 0.585, 'TopRight': 0.6149999999999999, 'BottomLeft': 0.6, 'BottomRight': 0.5598900715102811}","{'TopLeft': 0.021389062499999997, 'TopRight': 0.02363906249999999, 'BottomLeft': 0.0225, 'BottomRight': 0.01894275}",shapes_on_1,0,nan,nan,0,nan,0,nan,nan,0,nan
4368.231,110,7,4,2,"{'TopLeft': 0.585, 'TopRight': 0.6149999999999999, 'BottomLeft': 0.6, 'BottomRight': 0.5598900715102811}","{'TopLeft': 0.021389062499999997, 'TopRight': 0.02363906249999999, 'BottomLeft': 0.0225, 'BottomRight': 0.01894275}",shapes_on_1,0,nan,nan,0,nan,0,nan,nan,0,nan
4384.898,110,7,4,2,"{'TopLeft': 0.585, 'TopRight': 0.6149999999999999, 'BottomLeft': 0.6, 'BottomRight': 0.5598900715102811}","{'TopLeft': 0.021389062499999997, 'TopRight': 0.02363906249999999, 'BottomLeft': 0.0225, 'BottomRight': 0.01894275}",shapes_on_1,0,nan,nan,0,nan,0,nan,nan,0,nan
4401.565,110,7,4,2,"{'TopLeft': 0.585, 'TopRight': 0.6149999999999999, 'BottomLeft': 0.6, 'BottomRight': 0.5598900715102811}","{'TopLeft': 0.021389062499999997, 'TopRight': 0.02363906249999999, 'BottomLeft': 0.0225, 'BottomRight': 0.01894275}",shapes_on_1,0,nan,nan,0,nan,0,nan,nan,0,nan
4418.231,110,7,4,2,"{'TopLeft': 0.585, 'TopRight': 0.6149999999999999, 'BottomLeft': 0.6, 'BottomRight': 0.5598900715102811}","{'TopLeft': 0.021389062499999997, 'TopRight': 0.02363906249999999, 'BottomLeft': 0.0225, 'BottomRight': 0.01894275}",shapes_on_1,0,nan,nan,0,nan,0,nan,nan,0,nan
4434.899,110,7,4,2,"{'TopLeft': 0.585, 'TopRight': 0.6149999999999999, 'BottomLeft': 0.6, 'BottomRight': 0.5598900715102811}","{'TopLeft': 0.021389062499999997, 'TopRight': 0.02363906249999999, 'BottomLeft': 0.0225, 'BottomRight': 0.01894275}",shapes_on_1,0,nan,nan,0,nan,0,nan,nan,0,nan
4451.566,110,7,4,2,"{'TopLeft': 0.585, 'TopRight': 0.6149999999999999, 'BottomLeft': 0.6, 'BottomRight': 0.5598900715102811}","{'TopLeft': 0.021389062499999997, 'TopRight': 0.02363906249999999, 'BottomLeft': 0.0225, 'BottomRight': 0.01894275}",shapes_on_1,0,nan,nan,0,nan,0,nan,nan,0,nan
4468.232,110,7,4,2,"{'TopLeft': 0.585, 'TopRight': 0.6149999999999999, 'BottomLeft': 0.6, 'BottomRight': 0.5598900715102811}","{'TopLeft': 0.021389062499999997, 'TopRight': 0.02363906249999999, 'BottomLeft': 0.0225, 'BottomRight': 0.01894275}",shapes_on_1,0,nan,nan,0,nan,0,nan,nan,0,nan
4484.898,110,7,4,2,"{'TopLeft': 0.585, 'TopRight': 0.6149999999999999, 'BottomLeft': 0.6, 'BottomRight': 0.5598900715102811}","{'TopLeft': 0.021389062499999997, 'TopRight': 0.02363906249999999, 'BottomLeft': 0.0225, 'BottomRight': 0.01894275}",shapes_on_1,0,nan,nan,0,nan,0,nan,nan,0,nan
4501.565,110,7,4,2,"{'TopLeft': 0.585, 'TopRight': 0.6149999999999999, 'BottomLeft': 0.6, 'BottomRight': 0.5598900715102811}","{'TopLeft': 0.021389062499999997, 'TopRight': 0.02363906249999999, 'BottomLeft': 0.0225, 'BottomRight': 0.01894275}",shapes_on_1,0,nan,nan,0,nan,0,nan,nan,0,nan
4518.231,110,7,4,2,"{'TopLeft': 0.585, 'TopRight': 0.6149999999999999, 'BottomLeft': 0.6, 'BottomRight': 0.5598900715102811}","{'TopLeft': 0.021389062499999997, 'TopRight': 0.02363906249999999, 'BottomLeft': 0.0225, 'BottomRight': 0.01894275}",shapes_on_1,0,nan,nan,0,nan,0,nan,nan,0,nan
4534.897,110,7,4,2,"{'TopLeft': 0.585, 'TopRight': 0.6149999999999999, 'BottomLeft': 0.6, 'BottomRight': 0.5598900715102811}","{'TopLeft': 0.021389062499999997, 'TopRight': 0.02363906249999999, 'BottomLeft': 0.0225, 'BottomRight': 0.01894275}",shapes_on_1,0,nan,nan,0,nan,0,nan,nan,0,nan
4551.565,110,7,4,2,"{'TopLeft': 0.585, 'TopRight': 0.6149999999999999, 'BottomLeft': 0.6, 'BottomRight': 0.5598900715102811}","{'TopLeft': 0.021389062499999997, 'TopRight': 0.02363906249999999, 'BottomLeft': 0.0225, 'BottomRight': 0.01894275}",shapes_on_1,0,nan,nan,0,nan,0,nan,nan,0,nan
4568.231,110,7,4,2,"{'TopLeft': 0.585, 'TopRight': 0.6149999999999999, 'BottomLeft': 0.6, 'BottomRight': 0.5598900715102811}","{'TopLeft': 0.021389062499999997, 'TopRight': 0.02363906249999999, 'BottomLeft': 0.0225, 'BottomRight': 0.01894275}",shapes_on_1,0,nan,nan,0,nan,0,nan,nan,0,nan
4584.898,110,7,4,2,"{'TopLeft': 0.585, 'TopRight': 0.6149999999999999, 'BottomLeft': 0.6, 'BottomRight': 0.5598900715102811}","{'TopLeft': 0.021389062499999997, 'TopRight': 0.02363906249999999, 'BottomLeft': 0.0225, 'BottomRight': 0.01894275}",shapes_on_1,0,nan,nan,0,nan,0,nan,nan,0,nan
4601.563,110,7,4,2,"{'TopLeft': 0.585, 'TopRight': 0.6149999999999999, 'BottomLeft': 0.6, 'BottomRight': 0.5598900715102811}","{'TopLeft': 0.021389062499999997, 'TopRight': 0.02363906249999999, 'BottomLeft': 0.0225, 'BottomRight': 0.01894275}",shapes_on_1,0,nan,nan,0,nan,0,nan,nan,0,nan
4618.23,110,7,4,2,"{'TopLeft': 0.585, 'TopRight': 0.6149999999999999, 'BottomLeft': 0.6, 'BottomRight': 0.5598900715102811}","{'TopLeft': 0.021389062499999997, 'TopRight': 0.02363906249999999, 'BottomLeft': 0.0225, 'BottomRight': 0.01894275}",shapes_on_1,0,nan,nan,0,nan,0,nan,nan,0,nan
4634.897,110,7,4,2,"{'TopLeft': 0.585, 'TopRight': 0.6149999999999999, 'BottomLeft': 0.6, 'BottomRight': 0.5598900715102811}","{'TopLeft': 0.021389062499999997, 'TopRight': 0.02363906249999999, 'BottomLeft': 0.0225, 'BottomRight': 0.01894275}",shapes_on_1,0,nan,nan,0,nan,0,nan,nan,0,nan
4651.562,110,7,4,2,"{'TopLeft': 0.585, 'TopRight': 0.6149999999999999, 'BottomLeft': 0.6, 'BottomRight': 0.5598900715102811}","{'TopLeft': 0.021389062499999997, 'TopRight': 0.02363906249999999, 'BottomLeft': 0.0225, 'BottomRight': 0.01894275}",shapes_on_1,0,nan,nan,0,nan,0,nan,nan,0,nan
4668.23,110,7,4,2,"{'TopLeft': 0.585, 'TopRight': 0.6149999999999999, 'BottomLeft': 0.6, 'BottomRight': 0.5598900715102811}","{'TopLeft': 0.021389062499999997, 'TopRight': 0.02363906249999999, 'BottomLeft': 0.0225, 'BottomRight': 0.01894275}",shapes_on_1,0,nan,nan,0,nan,0,nan,nan,0,nan
4684.897,110,7,4,2,"{'TopLeft': 0.585, 'TopRight': 0.6149999999999999, 'BottomLeft': 0.6, 'BottomRight': 0.5598900715102811}","{'TopLeft': 0.021389062499999997, 'TopRight': 0.02363906249999999, 'BottomLeft': 0.0225, 'BottomRight': 0.01894275}",shapes_on_1,0,nan,nan,0,nan,0,nan,nan,0,nan
4701.563,110,7,4,2,"{'TopLeft': 0.585, 'TopRight': 0.6149999999999999, 'BottomLeft': 0.6, 'BottomRight': 0.5598900715102811}","{'TopLeft': 0.021389062499999997, 'TopRight': 0.02363906249999999, 'BottomLeft': 0.0225, 'BottomRight': 0.01894275}",shapes_on_1,0,nan,nan,0,nan,0,nan,nan,0,nan
4718.23,110,7,4,2,"{'TopLeft': 0.585, 'TopRight': 0.6149999999999999, 'BottomLeft': 0.6, 'BottomRight': 0.5598900715102811}","{'TopLeft': 0.021389062499999997, 'TopRight': 0.02363906249999999, 'BottomLeft': 0.0225, 'BottomRight': 0.01894275}",shapes_on_1,0,nan,nan,0,nan,0,nan,nan,0,nan
4734.897,110,7,4,2,"{'TopLeft': 0.585, 'TopRight': 0.6149999999999999, 'BottomLeft': 0.6, 'BottomRight': 0.5598900715102811}","{'TopLeft': 0.021389062499999997, 'TopRight': 0.02363906249999999, 'BottomLeft': 0.0225, 'BottomRight': 0.01894275}",shapes_on_1,0,nan,nan,0,nan,0,nan,nan,0,nan
4751.562,110,7,4,2,"{'TopLeft': 0.585, 'TopRight': 0.6149999999999999, 'BottomLeft': 0.6, 'BottomRight': 0.5598900715102811}","{'TopLeft': 0.021389062499999997, 'TopRight': 0.02363906249999999, 'BottomLeft': 0.0225, 'BottomRight': 0.01894275}",shapes_on_1,0,nan,nan,0,nan,0,nan,nan,0,nan
4768.23,110,7,4,2,"{'TopLeft': 0.585, 'TopRight': 0.6149999999999999, 'BottomLeft': 0.6, 'BottomRight': 0.5598900715102811}","{'TopLeft': 0.021389062499999997, 'TopRight': 0.02363906249999999, 'BottomLeft': 0.0225, 'BottomRight': 0.01894275}",shapes_on_1,0,nan,nan,0,nan,0,nan,nan,0,nan
4784.897,110,7,4,2,"{'TopLeft': 0.585, 'TopRight': 0.6149999999999999, 'BottomLeft': 0.6, 'BottomRight': 0.5598900715102811}","{'TopLeft': 0.021389062499999997, 'TopRight': 0.02363906249999999, 'BottomLeft': 0.0225, 'BottomRight': 0.01894275}",shapes_on_1,0,nan,nan,0,nan,0,nan,nan,0,nan
4801.562,110,7,4,2,"{'TopLeft': 0.585, 'TopRight': 0.6149999999999999, 'BottomLeft': 0.6, 'BottomRight': 0.5598900715102811}","{'TopLeft': 0.021389062499999997, 'TopRight': 0.02363906249999999, 'BottomLeft': 0.0225, 'BottomRight': 0.01894275}",shapes_on_1,0,nan,nan,0,nan,0,nan,nan,0,nan
4818.229,110,7,4,2,"{'TopLeft': 0.585, 'TopRight': 0.6149999999999999, 'BottomLeft': 0.6, 'BottomRight': 0.5598900715102811}","{'TopLeft': 0.021389062499999997, 'TopRight': 0.02363906249999999, 'BottomLeft': 0.0225, 'BottomRight': 0.01894275}",shapes_on_1,0,nan,nan,0,nan,0,nan,nan,0,nan
4834.896,110,7,4,2,"{'TopLeft': 0.585, 'TopRight': 0.6149999999999999, 'BottomLeft': 0.6, 'BottomRight': 0.5598900715102811}","{'TopLeft': 0.021389062499999997, 'TopRight': 0.02363906249999999, 'BottomLeft': 0.0225, 'BottomRight': 0.01894275}",shapes_on_1,0,nan,nan,0,nan,0,nan,nan,0,nan
4851.561,110,7,4,2,"{'TopLeft': 0.585, 'TopRight': 0.6149999999999999, 'BottomLeft': 0.6, 'BottomRight': 0.5598900715102811}","{'TopLeft': 0.021389062499999997, 'TopRight': 0.02363906249999999, 'BottomLeft': 0.0225, 'BottomRight': 0.01894275}",shapes_on_1,0,nan,nan,0,nan,0,nan,nan,0,nan
4868.227,110,7,4,2,"{'TopLeft': 0.585, 'TopRight': 0.6149999999999999, 'BottomLeft': 0.6, 'BottomRight': 0.5598900715102811}","{'TopLeft': 0.021389062499999997, 'TopRight': 0.02363906249999999, 'BottomLeft': 0.0225, 'BottomRight': 0.01894275}",shapes_on_1,0,nan,nan,0,nan,0,nan,nan,0,nan
4884.893,110,7,4,2,"{'TopLeft': 0.585, 'TopRight': 0.6149999999999999, 'BottomLeft': 0.6, 'BottomRight': 0.5598900715102811}","{'TopLeft': 0.021389062499999997, 'TopRight': 0.02363906249999999, 'BottomLeft': 0.0225, 'BottomRight': 0.01894275}",shapes_on_1,0,nan,nan,0,nan,0,nan,nan,0,nan
4901.559,110,7,4,2,"{'TopLeft': 0.585, 'TopRight': 0.6149999999999999, 'BottomLeft': 0.6, 'BottomRight': 0.5598900715102811}","{'TopLeft': 0.021389062499999997, 'TopRight': 0.02363906249999999, 'BottomLeft': 0.0225, 'BottomRight': 0.01894275}",shapes_on_1,0,nan,nan,0,nan,0,nan,nan,0,nan
4918.228,110,7,4,2,"{'TopLeft': 0.585, 'TopRight': 0.6149999999999999, 'BottomLeft': 0.6, 'BottomRight': 0.5598900715102811}","{'TopLeft': 0.021389062499999997, 'TopRight': 0.02363906249999999, 'BottomLeft': 0.0225, 'BottomRight': 0.01894275}",shapes_on_1,0,nan,nan,0,nan,0,nan,nan,0,nan
4934.893,110,7,4,2,"{'TopLeft': 0.585, 'TopRight': 0.6149999999999999, 'BottomLeft': 0.6, 'BottomRight': 0.5598900715102811}","{'TopLeft': 0.021389062499999997, 'TopRight': 0.02363906249999999, 'BottomLeft': 0.0225, 'BottomRight': 0.01894275}",shapes_on_1,0,nan,nan,0,nan,0,nan,nan,0,nan
4951.56,110,7,4,2,"{'TopLeft': 0.585, 'TopRight': 0.6149999999999999, 'BottomLeft': 0.6, 'BottomRight': 0.5598900715102811}","{'TopLeft': 0.021389062499999997, 'TopRight': 0.02363906249999999, 'BottomLeft': 0.0225, 'BottomRight': 0.01894275}",shapes_on_1,0,nan,nan,0,nan,0,nan,nan,0,nan
4968.226,110,7,4,2,"{'TopLeft': 0.585, 'TopRight': 0.6149999999999999, 'BottomLeft': 0.6, 'BottomRight': 0.5598900715102811}","{'TopLeft': 0.021389062499999997, 'TopRight': 0.02363906249999999, 'BottomLeft': 0.0225, 'BottomRight': 0.01894275}",shapes_on_1,0,nan,nan,0,nan,0,nan,nan,0,nan
4984.892,110,7,4,2,"{'TopLeft': 0.585, 'TopRight': 0.6149999999999999, 'BottomLeft': 0.6, 'BottomRight': 0.5598900715102811}","{'TopLeft': 0.021389062499999997, 'TopRight': 0.02363906249999999, 'BottomLeft': 0.0225, 'BottomRight': 0.01894275}",shapes_on_1,0,nan,nan,0,nan,0,nan,nan,0,nan
5001.56,110,7,4,2,"{'TopLeft': 0.585, 'TopRight': 0.6149999999999999, 'BottomLeft': 0.6, 'BottomRight': 0.5598900715102811}","{'TopLeft': 0.021389062499999997, 'TopRight': 0.02363906249999999, 'BottomLeft': 0.0225, 'BottomRight': 0.01894275}",shapes_on_1,0,nan,nan,0,nan,0,nan,nan,0,nan
5018.226,110,7,4,2,"{'TopLeft': 0.585, 'TopRight': 0.6149999999999999, 'BottomLeft': 0.6, 'BottomRight': 0.5598900715102811}","{'TopLeft': 0.021389062499999997, 'TopRight': 0.02363906249999999, 'BottomLeft': 0.0225, 'BottomRight': 0.01894275}",shapes_on_1,0,nan,nan,0,nan,0,nan,nan,0,nan
5034.892,110,7,4,2,"{'TopLeft': 0.585, 'TopRight': 0.6149999999999999, 'BottomLeft': 0.6, 'BottomRight': 0.5598900715102811}","{'TopLeft': 0.021389062499999997, 'TopRight': 0.02363906249999999, 'BottomLeft': 0.0225, 'BottomRight': 0.01894275}",shapes_on_1,0,nan,nan,0,nan,0,nan,nan,0,nan
5051.559,110,7,4,2,"{'TopLeft': 0.585, 'TopRight': 0.6149999999999999, 'BottomLeft': 0.6, 'BottomRight': 0.5598900715102811}","{'TopLeft': 0.021389062499999997, 'TopRight': 0.02363906249999999, 'BottomLeft': 0.0225, 'BottomRight': 0.01894275}",shapes_on_1,0,nan,nan,0,nan,0,nan,nan,0,nan
5068.225,110,7,4,2,"{'TopLeft': 0.585, 'TopRight': 0.6149999999999999, 'BottomLeft': 0.6, 'BottomRight': 0.5598900715102811}","{'TopLeft': 0.021389062499999997, 'TopRight': 0.02363906249999999, 'BottomLeft': 0.0225, 'BottomRight': 0.01894275}",shapes_on_1,0,nan,nan,0,nan,0,nan,nan,0,nan
5084.891,110,7,4,2,"{'TopLeft': 0.585, 'TopRight': 0.6149999999999999, 'BottomLeft': 0.6, 'BottomRight': 0.5598900715102811}","{'TopLeft': 0.021389062499999997, 'TopRight': 0.02363906249999999, 'BottomLeft': 0.0225, 'BottomRight': 0.01894275}",shapes_on_1,0,nan,nan,0,nan,0,nan,nan,0,nan
5101.558,110,7,4,2,"{'TopLeft': 0.585, 'TopRight': 0.6149999999999999, 'BottomLeft': 0.6, 'BottomRight': 0.5598900715102811}","{'TopLeft': 0.021389062499999997, 'TopRight': 0.02363906249999999, 'BottomLeft': 0.0225, 'BottomRight': 0.01894275}",shapes_on_1,0,nan,nan,0,nan,0,nan,nan,0,nan
5118.225,110,7,4,2,"{'TopLeft': 0.585, 'TopRight': 0.6149999999999999, 'BottomLeft': 0.6, 'BottomRight': 0.5598900715102811}","{'TopLeft': 0.021389062499999997, 'TopRight': 0.02363906249999999, 'BottomLeft': 0.0225, 'BottomRight': 0.01894275}",shapes_on_1,0,nan,nan,0,nan,0,nan,nan,0,nan
5134.891,110,7,4,2,"{'TopLeft': 0.585, 'TopRight': 0.6149999999999999, 'BottomLeft': 0.6, 'BottomRight': 0.5598900715102811}","{'TopLeft': 0.021389062499999997, 'TopRight': 0.02363906249999999, 'BottomLeft': 0.0225, 'BottomRight': 0.01894275}",shapes_on_1,0,nan,nan,0,nan,0,nan,nan,0,nan
5151.558,110,7,4,2,"{'TopLeft': 0.585, 'TopRight': 0.6149999999999999, 'BottomLeft': 0.6, 'BottomRight': 0.5598900715102811}","{'TopLeft': 0.021389062499999997, 'TopRight': 0.02363906249999999, 'BottomLeft': 0.0225, 'BottomRight': 0.01894275}",animate_shapes,0,nan,nan,0,nan,0,nan,nan,0,nan
5168.224,110,7,4,2,"{'TopLeft': 0.585, 'TopRight': 0.6149999999999999, 'BottomLeft': 0.6, 'BottomRight': 0.5598900715102811}","{'TopLeft': 0.021389062499999997, 'TopRight': 0.02363906249999999, 'BottomLeft': 0.0225, 'BottomRight': 0.01894275}",animate_shapes,0,nan,nan,0,nan,0,nan,nan,0,nan
5184.889,110,7,4,2,"{'TopLeft': 0.585, 'TopRight': 0.6149999999999999, 'BottomLeft': 0.6, 'BottomRight': 0.5598900715102811}","{'TopLeft': 0.021389062499999997, 'TopRight': 0.02363906249999999, 'BottomLeft': 0.0225, 'BottomRight': 0.01894275}",animate_shapes,0,nan,nan,0,nan,0,nan,nan,0,nan
5201.556,110,7,4,2,"{'TopLeft': 0.585, 'TopRight': 0.6149999999999999, 'BottomLeft': 0.6, 'BottomRight': 0.5598900715102811}","{'TopLeft': 0.021389062499999997, 'TopRight': 0.02363906249999999, 'BottomLeft': 0.0225, 'BottomRight': 0.01894275}",animate_shapes,0,nan,nan,0,nan,0,nan,nan,0,nan
5218.223,110,7,4,2,"{'TopLeft': 0.585, 'TopRight': 0.6149999999999999, 'BottomLeft': 0.6, 'BottomRight': 0.5598900715102811}","{'TopLeft': 0.021389062499999997, 'TopRight': 0.02363906249999999, 'BottomLeft': 0.0225, 'BottomRight': 0.01894275}",animate_shapes,0,nan,nan,0,nan,0,nan,nan,0,nan
5234.889,110,7,4,2,"{'TopLeft': 0.585, 'TopRight': 0.6149999999999999, 'BottomLeft': 0.6, 'BottomRight': 0.5598900715102811}","{'TopLeft': 0.021389062499999997, 'TopRight': 0.02363906249999999, 'BottomLeft': 0.0225, 'BottomRight': 0.01894275}",animate_shapes,0,nan,nan,0,nan,0,nan,nan,0,nan
5251.556,110,7,4,2,"{'TopLeft': 0.585, 'TopRight': 0.6149999999999999, 'BottomLeft': 0.6, 'BottomRight': 0.5598900715102811}","{'TopLeft': 0.021389062499999997, 'TopRight': 0.02363906249999999, 'BottomLeft': 0.0225, 'BottomRight': 0.01894275}",animate_shapes,0,nan,nan,0,nan,0,nan,nan,0,nan
5268.222,110,7,4,2,"{'TopLeft': 0.585, 'TopRight': 0.6149999999999999, 'BottomLeft': 0.6, 'BottomRight': 0.5598900715102811}","{'TopLeft': 0.021389062499999997, 'TopRight': 0.02363906249999999, 'BottomLeft': 0.0225, 'BottomRight': 0.01894275}",animate_shapes,0,nan,nan,0,nan,0,nan,nan,0,nan
5284.889,110,7,4,2,"{'TopLeft': 0.585, 'TopRight': 0.6149999999999999, 'BottomLeft': 0.6, 'BottomRight': 0.5598900715102811}","{'TopLeft': 0.021389062499999997, 'TopRight': 0.02363906249999999, 'BottomLeft': 0.0225, 'BottomRight': 0.01894275}",animate_shapes,0,nan,nan,0,nan,0,nan,nan,0,nan
5301.556,110,7,4,2,"{'TopLeft': 0.585, 'TopRight': 0.6149999999999999, 'BottomLeft': 0.6, 'BottomRight': 0.5598900715102811}","{'TopLeft': 0.021389062499999997, 'TopRight': 0.02363906249999999, 'BottomLeft': 0.0225, 'BottomRight': 0.01894275}",animate_shapes,0,nan,nan,0,nan,0,nan,nan,0,nan
5318.223,110,7,4,2,"{'TopLeft': 0.585, 'TopRight': 0.6149999999999999, 'BottomLeft': 0.6, 'BottomRight': 0.5598900715102811}","{'TopLeft': 0.021389062499999997, 'TopRight': 0.02363906249999999, 'BottomLeft': 0.0225, 'BottomRight': 0.01894275}",animate_shapes,0,nan,nan,0,nan,0,nan,nan,0,nan
5334.89,110,7,4,2,"{'TopLeft': 0.585, 'TopRight': 0.6149999999999999, 'BottomLeft': 0.6, 'BottomRight': 0.5598900715102811}","{'TopLeft': 0.021389062499999997, 'TopRight': 0.02363906249999999, 'BottomLeft': 0.0225, 'BottomRight': 0.01894275}",animate_shapes,0,nan,nan,0,nan,0,nan,nan,0,nan
5351.556,110,7,4,2,"{'TopLeft': 0.585, 'TopRight': 0.6149999999999999, 'BottomLeft': 0.6, 'BottomRight': 0.5598900715102811}","{'TopLeft': 0.021389062499999997, 'TopRight': 0.02363906249999999, 'BottomLeft': 0.0225, 'BottomRight': 0.01894275}",animate_shapes,0,nan,nan,0,nan,0,nan,nan,0,nan
5368.223,110,7,4,2,"{'TopLeft': 0.585, 'TopRight': 0.6149999999999999, 'BottomLeft': 0.6, 'BottomRight': 0.5598900715102811}","{'TopLeft': 0.021389062499999997, 'TopRight': 0.02363906249999999, 'BottomLeft': 0.0225, 'BottomRight': 0.01894275}",animate_shapes,0,nan,nan,0,nan,0,nan,nan,0,nan
5384.889,110,7,4,2,"{'TopLeft': 0.585, 'TopRight': 0.6149999999999999, 'BottomLeft': 0.6, 'BottomRight': 0.5598900715102811}","{'TopLeft': 0.021389062499999997, 'TopRight': 0.02363906249999999, 'BottomLeft': 0.0225, 'BottomRight': 0.01894275}",animate_shapes,0,nan,nan,0,nan,0,nan,nan,0,nan
5401.555,110,7,4,2,"{'TopLeft': 0.585, 'TopRight': 0.6149999999999999, 'BottomLeft': 0.6, 'BottomRight': 0.5598900715102811}","{'TopLeft': 0.021389062499999997, 'TopRight': 0.02363906249999999, 'BottomLeft': 0.0225, 'BottomRight': 0.01894275}",animate_shapes,0,nan,nan,0,nan,0,nan,nan,0,nan
5418.222,110,7,4,2,"{'TopLeft': 0.585, 'TopRight': 0.6149999999999999, 'BottomLeft': 0.6, 'BottomRight': 0.5598900715102811}","{'TopLeft': 0.021389062499999997, 'TopRight': 0.02363906249999999, 'BottomLeft': 0.0225, 'BottomRight': 0.01894275}",animate_shapes,0,nan,nan,0,nan,0,nan,nan,0,nan
5434.888,110,7,4,2,"{'TopLeft': 0.585, 'TopRight': 0.6149999999999999, 'BottomLeft': 0.6, 'BottomRight': 0.5598900715102811}","{'TopLeft': 0.021389062499999997, 'TopRight': 0.02363906249999999, 'BottomLeft': 0.0225, 'BottomRight': 0.01894275}",animate_shapes,0,nan,nan,0,nan,0,nan,nan,0,nan
5451.554,110,7,4,2,"{'TopLeft': 0.585, 'TopRight': 0.6149999999999999, 'BottomLeft': 0.6, 'BottomRight': 0.5598900715102811}","{'TopLeft': 0.021389062499999997, 'TopRight': 0.02363906249999999, 'BottomLeft': 0.0225, 'BottomRight': 0.01894275}",animate_shapes,0,nan,nan,0,nan,0,nan,nan,0,nan
5468.22,110,7,4,2,"{'TopLeft': 0.585, 'TopRight': 0.6149999999999999, 'BottomLeft': 0.6, 'BottomRight': 0.5598900715102811}","{'TopLeft': 0.021389062499999997, 'TopRight': 0.02363906249999999, 'BottomLeft': 0.0225, 'BottomRight': 0.01894275}",animate_shapes,0,nan,nan,0,nan,0,nan,nan,0,nan
5484.885,110,7,4,2,"{'TopLeft': 0.585, 'TopRight': 0.6149999999999999, 'BottomLeft': 0.6, 'BottomRight': 0.5598900715102811}","{'TopLeft': 0.021389062499999997, 'TopRight': 0.02363906249999999, 'BottomLeft': 0.0225, 'BottomRight': 0.01894275}",animate_shapes,0,nan,nan,0,nan,0,nan,nan,0,nan
5501.553,110,7,4,2,"{'TopLeft': 0.585, 'TopRight': 0.6149999999999999, 'BottomLeft': 0.6, 'BottomRight': 0.5598900715102811}","{'TopLeft': 0.021389062499999997, 'TopRight': 0.02363906249999999, 'BottomLeft': 0.0225, 'BottomRight': 0.01894275}",animate_shapes,0,nan,nan,0,nan,0,nan,nan,0,nan
5518.219,110,7,4,2,"{'TopLeft': 0.585, 'TopRight': 0.6149999999999999, 'BottomLeft': 0.6, 'BottomRight': 0.5598900715102811}","{'TopLeft': 0.021389062499999997, 'TopRight': 0.02363906249999999, 'BottomLeft': 0.0225, 'BottomRight': 0.01894275}",animate_shapes,0,nan,nan,0,nan,0,nan,nan,0,nan
5534.885,110,7,4,2,"{'TopLeft': 0.585, 'TopRight': 0.6149999999999999, 'BottomLeft': 0.6, 'BottomRight': 0.5598900715102811}","{'TopLeft': 0.021389062499999997, 'TopRight': 0.02363906249999999, 'BottomLeft': 0.0225, 'BottomRight': 0.01894275}",animate_shapes,0,nan,nan,0,nan,0,nan,nan,0,nan
5551.553,110,7,4,2,"{'TopLeft': 0.585, 'TopRight': 0.6149999999999999, 'BottomLeft': 0.6, 'BottomRight': 0.5598900715102811}","{'TopLeft': 0.021389062499999997, 'TopRight': 0.02363906249999999, 'BottomLeft': 0.0225, 'BottomRight': 0.01894275}",animate_shapes,0,nan,nan,0,nan,0,nan,nan,0,nan
5568.218,110,7,4,2,"{'TopLeft': 0.585, 'TopRight': 0.6149999999999999, 'BottomLeft': 0.6, 'BottomRight': 0.5598900715102811}","{'TopLeft': 0.021389062499999997, 'TopRight': 0.02363906249999999, 'BottomLeft': 0.0225, 'BottomRight': 0.01894275}",animate_shapes,0,nan,nan,0,nan,0,nan,nan,0,nan
5584.885,110,7,4,2,"{'TopLeft': 0.585, 'TopRight': 0.6149999999999999, 'BottomLeft': 0.6, 'BottomRight': 0.5598900715102811}","{'TopLeft': 0.021389062499999997, 'TopRight': 0.02363906249999999, 'BottomLeft': 0.0225, 'BottomRight': 0.01894275}",animate_shapes,0,nan,nan,0,nan,0,nan,nan,0,nan
5601.552,110,7,4,2,"{'TopLeft': 0.585, 'TopRight': 0.6149999999999999, 'BottomLeft': 0.6, 'BottomRight': 0.5598900715102811}","{'TopLeft': 0.021389062499999997, 'TopRight': 0.02363906249999999, 'BottomLeft': 0.0225, 'BottomRight': 0.01894275}",animate_shapes,0,nan,nan,0,nan,0,nan,nan,0,nan
5618.217,110,7,4,2,"{'TopLeft': 0.585, 'TopRight': 0.6149999999999999, 'BottomLeft': 0.6, 'BottomRight': 0.5598900715102811}","{'TopLeft': 0.021389062499999997, 'TopRight': 0.02363906249999999, 'BottomLeft': 0.0225, 'BottomRight': 0.01894275}",animate_shapes,0,nan,nan,0,nan,0,nan,nan,0,nan
5634.884,110,7,4,2,"{'TopLeft': 0.585, 'TopRight': 0.6149999999999999, 'BottomLeft': 0.6, 'BottomRight': 0.5598900715102811}","{'TopLeft': 0.021389062499999997, 'TopRight': 0.02363906249999999, 'BottomLeft': 0.0225, 'BottomRight': 0.01894275}",animate_shapes,0,nan,nan,0,nan,0,nan,nan,0,nan
5651.551,110,7,4,2,"{'TopLeft': 0.585, 'TopRight': 0.6149999999999999, 'BottomLeft': 0.6, 'BottomRight': 0.5598900715102811}","{'TopLeft': 0.021389062499999997, 'TopRight': 0.02363906249999999, 'BottomLeft': 0.0225, 'BottomRight': 0.01894275}",animate_shapes,0,nan,nan,0,nan,0,nan,nan,0,nan
5668.217,110,7,4,2,"{'TopLeft': 0.585, 'TopRight': 0.6149999999999999, 'BottomLeft': 0.6, 'BottomRight': 0.5598900715102811}","{'TopLeft': 0.021389062499999997, 'TopRight': 0.02363906249999999, 'BottomLeft': 0.0225, 'BottomRight': 0.01894275}",animate_shapes,0,nan,nan,0,nan,0,nan,nan,0,nan
5684.884,110,7,4,2,"{'TopLeft': 0.585, 'TopRight': 0.6149999999999999, 'BottomLeft': 0.6, 'BottomRight': 0.5598900715102811}","{'TopLeft': 0.021389062499999997, 'TopRight': 0.02363906249999999, 'BottomLeft': 0.0225, 'BottomRight': 0.01894275}",animate_shapes,0,nan,nan,0,nan,0,nan,nan,0,nan
5701.55,110,7,4,2,"{'TopLeft': 0.585, 'TopRight': 0.6149999999999999, 'BottomLeft': 0.6, 'BottomRight': 0.5598900715102811}","{'TopLeft': 0.021389062499999997, 'TopRight': 0.02363906249999999, 'BottomLeft': 0.0225, 'BottomRight': 0.01894275}",animate_shapes,0,nan,nan,0,nan,0,nan,nan,0,nan
5718.216,110,7,4,2,"{'TopLeft': 0.585, 'TopRight': 0.6149999999999999, 'BottomLeft': 0.6, 'BottomRight': 0.5598900715102811}","{'TopLeft': 0.021389062499999997, 'TopRight': 0.02363906249999999, 'BottomLeft': 0.0225, 'BottomRight': 0.01894275}",animate_shapes,0,nan,nan,0,nan,1,0.46806229485405815,-0.18735527992248535,1,4.01373291015625
5734.883,110,7,4,2,"{'TopLeft': 0.585, 'TopRight': 0.6149999999999999, 'BottomLeft': 0.6, 'BottomRight': 0.5598900715102811}","{'TopLeft': 0.021389062499999997, 'TopRight': 0.02363906249999999, 'BottomLeft': 0.0225, 'BottomRight': 0.01894275}",animate_shapes,0,nan,nan,0,nan,1,0.47457567850748694,-0.18568003177642822,1,4.0204315185546875
5751.549,110,7,4,2,"{'TopLeft': 0.585, 'TopRight': 0.6149999999999999, 'BottomLeft': 0.6, 'BottomRight': 0.5598900715102811}","{'TopLeft': 0.021389062499999997, 'TopRight': 0.02363906249999999, 'BottomLeft': 0.0225, 'BottomRight': 0.01894275}",animate_shapes,0,nan,nan,0,nan,1,0.479561275906033,-0.18762582540512085,1,4.0276031494140625
5768.215,110,7,4,2,"{'TopLeft': 0.585, 'TopRight': 0.6149999999999999, 'BottomLeft': 0.6, 'BottomRight': 0.5598900715102811}","{'TopLeft': 0.021389062499999997, 'TopRight': 0.02363906249999999, 'BottomLeft': 0.0225, 'BottomRight': 0.01894275}",animate_shapes,0,nan,nan,0,nan,1,0.4763271543714735,-0.19518524408340454,1,4.032196044921875
5784.882,110,7,4,2,"{'TopLeft': 0.585, 'TopRight': 0.6149999999999999, 'BottomLeft': 0.6, 'BottomRight': 0.5598900715102811}","{'TopLeft': 0.021389062499999997, 'TopRight': 0.02363906249999999, 'BottomLeft': 0.0225, 'BottomRight': 0.01894275}",animate_shapes,0,nan,nan,0,nan,1,0.4776396221584744,-0.19981741905212402,1,4.0402984619140625
5801.549,110,7,4,2,"{'TopLeft': 0.585, 'TopRight': 0.6149999999999999, 'BottomLeft': 0.6, 'BottomRight': 0.5598900715102811}","{'TopLeft': 0.021389062499999997, 'TopRight': 0.02363906249999999, 'BottomLeft': 0.0225, 'BottomRight': 0.01894275}",animate_shapes,0,nan,nan,0,nan,1,0.44094043307834196,-0.1775251030921936,1,4.03814697265625
5818.215,110,7,4,2,"{'TopLeft': 0.585, 'TopRight': 0.6149999999999999, 'BottomLeft': 0.6, 'BottomRight': 0.5598900715102811}","{'TopLeft': 0.021389062499999997, 'TopRight': 0.02363906249999999, 'BottomLeft': 0.0225, 'BottomRight': 0.01894275}",animate_shapes,0,nan,nan,0,nan,1,0.2828638288709852,-0.060231149196624756,1,4.0652313232421875
5834.881,110,7,4,2,"{'TopLeft': 0.585, 'TopRight': 0.6149999999999999, 'BottomLeft': 0.6, 'BottomRight': 0.5598900715102811}","{'TopLeft': 0.021389062499999997, 'TopRight': 0.02363906249999999, 'BottomLeft': 0.0225, 'BottomRight': 0.01894275}",animate_shapes,0,nan,nan,0,nan,1,0.21024417877197266,0.03743210434913635,1,4.074188232421875
5851.548,110,7,4,2,"{'TopLeft': 0.585, 'TopRight': 0.6149999999999999, 'BottomLeft': 0.6, 'BottomRight': 0.5598900715102811}","{'TopLeft': 0.021389062499999997, 'TopRight': 0.02363906249999999, 'BottomLeft': 0.0225, 'BottomRight': 0.01894275}",animate_shapes,0,nan,nan,0,nan,1,0.18481879764133027,0.05063605308532715,1,4.0791778564453125
5868.214,110,7,4,2,"{'TopLeft': 0.585, 'TopRight': 0.6149999999999999, 'BottomLeft': 0.6, 'BottomRight': 0.5598900715102811}","{'TopLeft': 0.021389062499999997, 'TopRight': 0.02363906249999999, 'BottomLeft': 0.0225, 'BottomRight': 0.01894275}",animate_shapes,0,nan,nan,0,nan,1,0.17731666564941406,0.08122032880783081,1,4.0850830078125
5884.881,110,7,4,2,"{'TopLeft': 0.585, 'TopRight': 0.6149999999999999, 'BottomLeft': 0.6, 'BottomRight': 0.5598900715102811}","{'TopLeft': 0.021389062499999997, 'TopRight': 0.02363906249999999, 'BottomLeft': 0.0225, 'BottomRight': 0.01894275}",animate_shapes,0,nan,nan,0,nan,1,0.18386480543348524,0.07882997393608093,1,4.084564208984375
5901.548,110,7,4,2,"{'TopLeft': 0.585, 'TopRight': 0.6149999999999999, 'BottomLeft': 0.6, 'BottomRight': 0.5598900715102811}","{'TopLeft': 0.021389062499999997, 'TopRight': 0.02363906249999999, 'BottomLeft': 0.0225, 'BottomRight': 0.01894275}",animate_shapes,0,nan,nan,0,nan,0,nan,nan,0,nan
5918.213,110,7,4,2,"{'TopLeft': 0.585, 'TopRight': 0.6149999999999999, 'BottomLeft': 0.6, 'BottomRight': 0.5598900715102811}","{'TopLeft': 0.021389062499999997, 'TopRight': 0.02363906249999999, 'BottomLeft': 0.0225, 'BottomRight': 0.01894275}",animate_shapes,0,nan,nan,0,nan,0,nan,nan,0,nan
5934.88,110,7,4,2,"{'TopLeft': 0.585, 'TopRight': 0.6149999999999999, 'BottomLeft': 0.6, 'BottomRight': 0.5598900715102811}","{'TopLeft': 0.021389062499999997, 'TopRight': 0.02363906249999999, 'BottomLeft': 0.0225, 'BottomRight': 0.01894275}",animate_shapes,0,nan,nan,0,nan,0,nan,nan,0,nan
5951.546,110,7,4,2,"{'TopLeft': 0.585, 'TopRight': 0.6149999999999999, 'BottomLeft': 0.6, 'BottomRight': 0.5598900715102811}","{'TopLeft': 0.021389062499999997, 'TopRight': 0.02363906249999999, 'BottomLeft': 0.0225, 'BottomRight': 0.01894275}",animate_shapes,0,nan,nan,0,nan,0,nan,nan,0,nan
5968.212,110,7,4,2,"{'TopLeft': 0.585, 'TopRight': 0.6149999999999999, 'BottomLeft': 0.6, 'BottomRight': 0.5598900715102811}","{'TopLeft': 0.021389062499999997, 'TopRight': 0.02363906249999999, 'BottomLeft': 0.0225, 'BottomRight': 0.01894275}",animate_shapes,0,nan,nan,0,nan,0,nan,nan,0,nan
5984.879,110,7,4,2,"{'TopLeft': 0.585, 'TopRight': 0.6149999999999999, 'BottomLeft': 0.6, 'BottomRight': 0.5598900715102811}","{'TopLeft': 0.021389062499999997, 'TopRight': 0.02363906249999999, 'BottomLeft': 0.0225, 'BottomRight': 0.01894275}",animate_shapes,0,nan,nan,0,nan,0,nan,nan,0,nan
6001.546,110,7,4,2,"{'TopLeft': 0.585, 'TopRight': 0.6149999999999999, 'BottomLeft': 0.6, 'BottomRight': 0.5598900715102811}","{'TopLeft': 0.021389062499999997, 'TopRight': 0.02363906249999999, 'BottomLeft': 0.0225, 'BottomRight': 0.01894275}",animate_shapes,0,nan,nan,0,nan,0,nan,nan,0,nan
6018.212,110,7,4,2,"{'TopLeft': 0.585, 'TopRight': 0.6149999999999999, 'BottomLeft': 0.6, 'BottomRight': 0.5598900715102811}","{'TopLeft': 0.021389062499999997, 'TopRight': 0.02363906249999999, 'BottomLeft': 0.0225, 'BottomRight': 0.01894275}",animate_shapes,0,nan,nan,0,nan,0,nan,nan,0,nan
6034.878,110,7,4,2,"{'TopLeft': 0.585, 'TopRight': 0.6149999999999999, 'BottomLeft': 0.6, 'BottomRight': 0.5598900715102811}","{'TopLeft': 0.021389062499999997, 'TopRight': 0.02363906249999999, 'BottomLeft': 0.0225, 'BottomRight': 0.01894275}",animate_shapes,0,nan,nan,0,nan,0,nan,nan,0,nan
6051.545,110,7,4,2,"{'TopLeft': 0.585, 'TopRight': 0.6149999999999999, 'BottomLeft': 0.6, 'BottomRight': 0.5598900715102811}","{'TopLeft': 0.021389062499999997, 'TopRight': 0.02363906249999999, 'BottomLeft': 0.0225, 'BottomRight': 0.01894275}",animate_shapes,0,nan,nan,0,nan,0,nan,nan,0,nan
6068.211,110,7,4,2,"{'TopLeft': 0.585, 'TopRight': 0.6149999999999999, 'BottomLeft': 0.6, 'BottomRight': 0.5598900715102811}","{'TopLeft': 0.021389062499999997, 'TopRight': 0.02363906249999999, 'BottomLeft': 0.0225, 'BottomRight': 0.01894275}",animate_shapes,0,nan,nan,0,nan,0,nan,nan,0,nan
6084.877,110,7,4,2,"{'TopLeft': 0.585, 'TopRight': 0.6149999999999999, 'BottomLeft': 0.6, 'BottomRight': 0.5598900715102811}","{'TopLeft': 0.021389062499999997, 'TopRight': 0.02363906249999999, 'BottomLeft': 0.0225, 'BottomRight': 0.01894275}",animate_shapes,0,nan,nan,0,nan,0,nan,nan,0,nan
6101.544,110,7,4,2,"{'TopLeft': 0.585, 'TopRight': 0.6149999999999999, 'BottomLeft': 0.6, 'BottomRight': 0.5598900715102811}","{'TopLeft': 0.021389062499999997, 'TopRight': 0.02363906249999999, 'BottomLeft': 0.0225, 'BottomRight': 0.01894275}",animate_shapes,0,nan,nan,0,nan,0,nan,nan,0,nan
6118.21,110,7,4,2,"{'TopLeft': 0.585, 'TopRight': 0.6149999999999999, 'BottomLeft': 0.6, 'BottomRight': 0.5598900715102811}","{'TopLeft': 0.021389062499999997, 'TopRight': 0.02363906249999999, 'BottomLeft': 0.0225, 'BottomRight': 0.01894275}",animate_shapes,0,nan,nan,0,nan,0,nan,nan,0,nan
6134.877,110,7,4,2,"{'TopLeft': 0.585, 'TopRight': 0.6149999999999999, 'BottomLeft': 0.6, 'BottomRight': 0.5598900715102811}","{'TopLeft': 0.021389062499999997, 'TopRight': 0.02363906249999999, 'BottomLeft': 0.0225, 'BottomRight': 0.01894275}",animate_shapes,0,nan,nan,0,nan,0,nan,nan,0,nan
6151.543,110,7,4,2,"{'TopLeft': 0.585, 'TopRight': 0.6149999999999999, 'BottomLeft': 0.6, 'BottomRight': 0.5598900715102811}","{'TopLeft': 0.021389062499999997, 'TopRight': 0.02363906249999999, 'BottomLeft': 0.0225, 'BottomRight': 0.01894275}",shapes_on_2,0,nan,nan,0,nan,0,nan,nan,0,nan
6168.209,110,7,4,2,"{'TopLeft': 0.585, 'TopRight': 0.6149999999999999, 'BottomLeft': 0.6, 'BottomRight': 0.5598900715102811}","{'TopLeft': 0.021389062499999997, 'TopRight': 0.02363906249999999, 'BottomLeft': 0.0225, 'BottomRight': 0.01894275}",shapes_on_2,0,nan,nan,0,nan,0,nan,nan,0,nan
6184.876,110,7,4,2,"{'TopLeft': 0.585, 'TopRight': 0.6149999999999999, 'BottomLeft': 0.6, 'BottomRight': 0.5598900715102811}","{'TopLeft': 0.021389062499999997, 'TopRight': 0.02363906249999999, 'BottomLeft': 0.0225, 'BottomRight': 0.01894275}",shapes_on_2,0,nan,nan,0,nan,0,nan,nan,0,nan
6201.542,110,7,4,2,"{'TopLeft': 0.585, 'TopRight': 0.6149999999999999, 'BottomLeft': 0.6, 'BottomRight': 0.5598900715102811}","{'TopLeft': 0.021389062499999997, 'TopRight': 0.02363906249999999, 'BottomLeft': 0.0225, 'BottomRight': 0.01894275}",shapes_on_2,0,nan,nan,0,nan,0,nan,nan,0,nan
6218.208,110,7,4,2,"{'TopLeft': 0.585, 'TopRight': 0.6149999999999999, 'BottomLeft': 0.6, 'BottomRight': 0.5598900715102811}","{'TopLeft': 0.021389062499999997, 'TopRight': 0.02363906249999999, 'BottomLeft': 0.0225, 'BottomRight': 0.01894275}",shapes_on_2,0,nan,nan,0,nan,0,nan,nan,0,nan
6234.875,110,7,4,2,"{'TopLeft': 0.585, 'TopRight': 0.6149999999999999, 'BottomLeft': 0.6, 'BottomRight': 0.5598900715102811}","{'TopLeft': 0.021389062499999997, 'TopRight': 0.02363906249999999, 'BottomLeft': 0.0225, 'BottomRight': 0.01894275}",shapes_on_2,0,nan,nan,0,nan,0,nan,nan,0,nan
6251.542,110,7,4,2,"{'TopLeft': 0.585, 'TopRight': 0.6149999999999999, 'BottomLeft': 0.6, 'BottomRight': 0.5598900715102811}","{'TopLeft': 0.021389062499999997, 'TopRight': 0.02363906249999999, 'BottomLeft': 0.0225, 'BottomRight': 0.01894275}",shapes_on_2,0,nan,nan,0,nan,0,nan,nan,0,nan
6268.209,110,7,4,2,"{'TopLeft': 0.585, 'TopRight': 0.6149999999999999, 'BottomLeft': 0.6, 'BottomRight': 0.5598900715102811}","{'TopLeft': 0.021389062499999997, 'TopRight': 0.02363906249999999, 'BottomLeft': 0.0225, 'BottomRight': 0.01894275}",shapes_on_2,0,nan,nan,0,nan,0,nan,nan,0,nan
6284.875,110,7,4,2,"{'TopLeft': 0.585, 'TopRight': 0.6149999999999999, 'BottomLeft': 0.6, 'BottomRight': 0.5598900715102811}","{'TopLeft': 0.021389062499999997, 'TopRight': 0.02363906249999999, 'BottomLeft': 0.0225, 'BottomRight': 0.01894275}",shapes_on_2,0,nan,nan,0,nan,0,nan,nan,0,nan
6301.542,110,7,4,2,"{'TopLeft': 0.585, 'TopRight': 0.6149999999999999, 'BottomLeft': 0.6, 'BottomRight': 0.5598900715102811}","{'TopLeft': 0.021389062499999997, 'TopRight': 0.02363906249999999, 'BottomLeft': 0.0225, 'BottomRight': 0.01894275}",shapes_on_2,0,nan,nan,0,nan,0,nan,nan,0,nan
6318.207,110,7,4,2,"{'TopLeft': 0.585, 'TopRight': 0.6149999999999999, 'BottomLeft': 0.6, 'BottomRight': 0.5598900715102811}","{'TopLeft': 0.021389062499999997, 'TopRight': 0.02363906249999999, 'BottomLeft': 0.0225, 'BottomRight': 0.01894275}",shapes_on_2,0,nan,nan,0,nan,0,nan,nan,0,nan
6334.875,110,7,4,2,"{'TopLeft': 0.585, 'TopRight': 0.6149999999999999, 'BottomLeft': 0.6, 'BottomRight': 0.5598900715102811}","{'TopLeft': 0.021389062499999997, 'TopRight': 0.02363906249999999, 'BottomLeft': 0.0225, 'BottomRight': 0.01894275}",shapes_on_2,0,nan,nan,0,nan,0,nan,nan,0,nan
6351.541,110,7,4,2,"{'TopLeft': 0.585, 'TopRight': 0.6149999999999999, 'BottomLeft': 0.6, 'BottomRight': 0.5598900715102811}","{'TopLeft': 0.021389062499999997, 'TopRight': 0.02363906249999999, 'BottomLeft': 0.0225, 'BottomRight': 0.01894275}",shapes_on_2,0,nan,nan,0,nan,0,nan,nan,0,nan
6368.207,110,7,4,2,"{'TopLeft': 0.585, 'TopRight': 0.6149999999999999, 'BottomLeft': 0.6, 'BottomRight': 0.5598900715102811}","{'TopLeft': 0.021389062499999997, 'TopRight': 0.02363906249999999, 'BottomLeft': 0.0225, 'BottomRight': 0.01894275}",shapes_on_2,0,nan,nan,0,nan,0,nan,nan,0,nan
6384.874,110,7,4,2,"{'TopLeft': 0.585, 'TopRight': 0.6149999999999999, 'BottomLeft': 0.6, 'BottomRight': 0.5598900715102811}","{'TopLeft': 0.021389062499999997, 'TopRight': 0.02363906249999999, 'BottomLeft': 0.0225, 'BottomRight': 0.01894275}",shapes_on_2,0,nan,nan,0,nan,0,nan,nan,0,nan
6401.54,110,7,4,2,"{'TopLeft': 0.585, 'TopRight': 0.6149999999999999, 'BottomLeft': 0.6, 'BottomRight': 0.5598900715102811}","{'TopLeft': 0.021389062499999997, 'TopRight': 0.02363906249999999, 'BottomLeft': 0.0225, 'BottomRight': 0.01894275}",shapes_on_2,0,nan,nan,0,nan,0,nan,nan,0,nan
6418.206,110,7,4,2,"{'TopLeft': 0.585, 'TopRight': 0.6149999999999999, 'BottomLeft': 0.6, 'BottomRight': 0.5598900715102811}","{'TopLeft': 0.021389062499999997, 'TopRight': 0.02363906249999999, 'BottomLeft': 0.0225, 'BottomRight': 0.01894275}",shapes_on_2,0,nan,nan,0,nan,0,nan,nan,0,nan
6434.872,110,7,4,2,"{'TopLeft': 0.585, 'TopRight': 0.6149999999999999, 'BottomLeft': 0.6, 'BottomRight': 0.5598900715102811}","{'TopLeft': 0.021389062499999997, 'TopRight': 0.02363906249999999, 'BottomLeft': 0.0225, 'BottomRight': 0.01894275}",shapes_on_2,0,nan,nan,0,nan,0,nan,nan,0,nan
6451.54,110,7,4,2,"{'TopLeft': 0.585, 'TopRight': 0.6149999999999999, 'BottomLeft': 0.6, 'BottomRight': 0.5598900715102811}","{'TopLeft': 0.021389062499999997, 'TopRight': 0.02363906249999999, 'BottomLeft': 0.0225, 'BottomRight': 0.01894275}",shapes_on_2,0,nan,nan,0,nan,0,nan,nan,0,nan
6468.206,110,7,4,2,"{'TopLeft': 0.585, 'TopRight': 0.6149999999999999, 'BottomLeft': 0.6, 'BottomRight': 0.5598900715102811}","{'TopLeft': 0.021389062499999997, 'TopRight': 0.02363906249999999, 'BottomLeft': 0.0225, 'BottomRight': 0.01894275}",shapes_on_2,0,nan,nan,0,nan,0,nan,nan,0,nan
6484.873,110,7,4,2,"{'TopLeft': 0.585, 'TopRight': 0.6149999999999999, 'BottomLeft': 0.6, 'BottomRight': 0.5598900715102811}","{'TopLeft': 0.021389062499999997, 'TopRight': 0.02363906249999999, 'BottomLeft': 0.0225, 'BottomRight': 0.01894275}",shapes_on_2,1,-0.24454450607299805,-0.29483771324157715,1,3.645660400390625,0,nan,nan,0,nan
6501.538,110,7,4,2,"{'TopLeft': 0.585, 'TopRight': 0.6149999999999999, 'BottomLeft': 0.6, 'BottomRight': 0.5598900715102811}","{'TopLeft': 0.021389062499999997, 'TopRight': 0.02363906249999999, 'BottomLeft': 0.0225, 'BottomRight': 0.01894275}",shapes_on_2,1,-0.24485964245266384,-0.3026212453842163,1,3.6570892333984375,0,nan,nan,0,nan
6518.204,110,7,4,2,"{'TopLeft': 0.585, 'TopRight': 0.6149999999999999, 'BottomLeft': 0.6, 'BottomRight': 0.5598900715102811}","{'TopLeft': 0.021389062499999997, 'TopRight': 0.02363906249999999, 'BottomLeft': 0.0225, 'BottomRight': 0.01894275}",shapes_on_2,1,-0.2405369546678331,-0.3037661910057068,1,3.6623382568359375,0,nan,nan,0,nan
6534.871,110,7,4,2,"{'TopLeft': 0.585, 'TopRight': 0.6149999999999999, 'BottomLeft': 0.6, 'BottomRight': 0.5598900715102811}","{'TopLeft': 0.021389062499999997, 'TopRight': 0.02363906249999999, 'BottomLeft': 0.0225, 'BottomRight': 0.01894275}",shapes_on_2,1,-0.245576540629069,-0.31152182817459106,1,3.6685638427734375,0,nan,nan,0,nan
6551.537,110,7,4,2,"{'TopLeft': 0.585, 'TopRight': 0.6149999999999999, 'BottomLeft': 0.6, 'BottomRight': 0.5598900715102811}","{'TopLeft': 0.021389062499999997, 'TopRight': 0.02363906249999999, 'BottomLeft': 0.0225, 'BottomRight': 0.01894275}",shapes_on_2,1,-0.25130197736952037,-0.30165791511535645,1,3.6776885986328125,0,nan,nan,0,nan
6568.204,110,7,4,2,"{'TopLeft': 0.585, 'TopRight': 0.6149999999999999, 'BottomLeft': 0.6, 'BottomRight': 0.5598900715102811}","{'TopLeft': 0.021389062499999997, 'TopRight': 0.02363906249999999, 'BottomLeft': 0.0225, 'BottomRight': 0.01894275}",shapes_on_2,1,-0.2527661853366428,-0.3104690909385681,1,3.684814453125,0,nan,nan,0,nan
6584.87,110,7,4,2,"{'TopLeft': 0.585, 'TopRight': 0.6149999999999999, 'BottomLeft': 0.6, 'BottomRight': 0.5598900715102811}","{'TopLeft': 0.021389062499999997, 'TopRight': 0.02363906249999999, 'BottomLeft': 0.0225, 'BottomRight': 0.01894275}",shapes_on_2,1,-0.2436117066277398,-0.31154364347457886,1,3.6954498291015625,0,nan,nan,0,nan
6601.537,110,7,4,2,"{'TopLeft': 0.585, 'TopRight': 0.6149999999999999, 'BottomLeft': 0.6, 'BottomRight': 0.5598900715102811}","{'TopLeft': 0.021389062499999997, 'TopRight': 0.02363906249999999, 'BottomLeft': 0.0225, 'BottomRight': 0.01894275}",shapes_on_2,1,-0.24915128284030488,-0.3060590624809265,1,3.7018280029296875,0,nan,nan,0,nan
6618.202,110,7,4,2,"{'TopLeft': 0.585, 'TopRight': 0.6149999999999999, 'BottomLeft': 0.6, 'BottomRight': 0.5598900715102811}","{'TopLeft': 0.021389062499999997, 'TopRight': 0.02363906249999999, 'BottomLeft': 0.0225, 'BottomRight': 0.01894275}",shapes_on_2,1,-0.2647332085503472,-0.3047736883163452,1,3.7110443115234375,0,nan,nan,0,nan
6634.869,110,7,4,2,"{'TopLeft': 0.585, 'TopRight': 0.6149999999999999, 'BottomLeft': 0.6, 'BottomRight': 0.5598900715102811}","{'TopLeft': 0.021389062499999997, 'TopRight': 0.02363906249999999, 'BottomLeft': 0.0225, 'BottomRight': 0.01894275}",shapes_on_2,1,-0.25019057591756183,-0.3070724606513977,1,3.7156829833984375,0,nan,nan,0,nan
6651.536,110,7,4,2,"{'TopLeft': 0.585, 'TopRight': 0.6149999999999999, 'BottomLeft': 0.6, 'BottomRight': 0.5598900715102811}","{'TopLeft': 0.021389062499999997, 'TopRight': 0.02363906249999999, 'BottomLeft': 0.0225, 'BottomRight': 0.01894275}",shapes_on_2,1,-0.2558368576897515,-0.3150918483734131,1,3.718536376953125,0,nan,nan,0,nan
6668.202,110,7,4,2,"{'TopLeft': 0.585, 'TopRight': 0.6149999999999999, 'BottomLeft': 0.6, 'BottomRight': 0.5598900715102811}","{'TopLeft': 0.021389062499999997, 'TopRight': 0.02363906249999999, 'BottomLeft': 0.0225, 'BottomRight': 0.01894275}",shapes_on_2,1,-0.2516037623087565,-0.3093898892402649,1,3.715789794921875,0,nan,nan,0,nan
6684.868,110,7,4,2,"{'TopLeft': 0.585, 'TopRight': 0.6149999999999999, 'BottomLeft': 0.6, 'BottomRight': 0.5598900715102811}","{'TopLeft': 0.021389062499999997, 'TopRight': 0.02363906249999999, 'BottomLeft': 0.0225, 'BottomRight': 0.01894275}",shapes_on_2,1,-0.257973141140408,-0.3038182258605957,1,3.704559326171875,0,nan,nan,0,nan
6701.535,110,7,4,2,"{'TopLeft': 0.585, 'TopRight': 0.6149999999999999, 'BottomLeft': 0.6, 'BottomRight': 0.5598900715102811}","{'TopLeft': 0.021389062499999997, 'TopRight': 0.02363906249999999, 'BottomLeft': 0.0225, 'BottomRight': 0.01894275}",shapes_on_2,1,-0.25122812059190536,-0.31568485498428345,1,3.6971435546875,0,nan,nan,0,nan
6718.201,110,7,4,2,"{'TopLeft': 0.585, 'TopRight': 0.6149999999999999, 'BottomLeft': 0.6, 'BottomRight': 0.5598900715102811}","{'TopLeft': 0.021389062499999997, 'TopRight': 0.02363906249999999, 'BottomLeft': 0.0225, 'BottomRight': 0.01894275}",shapes_on_2,1,-0.2530564202202691,-0.3128410577774048,1,3.682037353515625,0,nan,nan,0,nan
6734.867,110,7,4,2,"{'TopLeft': 0.585, 'TopRight': 0.6149999999999999, 'BottomLeft': 0.6, 'BottomRight': 0.5598900715102811}","{'TopLeft': 0.021389062499999997, 'TopRight': 0.02363906249999999, 'BottomLeft': 0.0225, 'BottomRight': 0.01894275}",shapes_on_2,1,-0.25101931889851886,-0.31550437211990356,1,3.6717071533203125,1,-0.2618323961893717,-0.291131854057312,1,3.765594482421875
6751.534,110,7,4,2,"{'TopLeft': 0.585, 'TopRight': 0.6149999999999999, 'BottomLeft': 0.6, 'BottomRight': 0.5598900715102811}","{'TopLeft': 0.021389062499999997, 'TopRight': 0.02363906249999999, 'BottomLeft': 0.0225, 'BottomRight': 0.01894275}",shapes_on_2,1,-0.25611162185668945,-0.31540435552597046,1,3.666290283203125,1,-0.267976442972819,-0.2840280532836914,1,3.7449493408203125
6768.199,110,7,4,2,"{'TopLeft': 0.585, 'TopRight': 0.6149999999999999, 'BottomLeft': 0.6, 'BottomRight': 0.5598900715102811}","{'TopLeft': 0.021389062499999997, 'TopRight': 0.02363906249999999, 'BottomLeft': 0.0225, 'BottomRight': 0.01894275}",shapes_on_2,1,-0.2528122795952691,-0.31609660387039185,1,3.6446533203125,1,-0.2621326446533203,-0.28526920080184937,1,3.7257537841796875
6784.867,110,7,4,2,"{'TopLeft': 0.585, 'TopRight': 0.6149999999999999, 'BottomLeft': 0.6, 'BottomRight': 0.5598900715102811}","{'TopLeft': 0.021389062499999997, 'TopRight': 0.02363906249999999, 'BottomLeft': 0.0225, 'BottomRight': 0.01894275}",shapes_on_2,1,-0.2629004054599338,-0.31360870599746704,1,3.6304473876953125,1,-0.26962513393825954,-0.28624701499938965,1,3.706573486328125
6801.533,110,7,4,2,"{'TopLeft': 0.585, 'TopRight': 0.6149999999999999, 'BottomLeft': 0.6, 'BottomRight': 0.5598900715102811}","{'TopLeft': 0.021389062499999997, 'TopRight': 0.02363906249999999, 'BottomLeft': 0.0225, 'BottomRight': 0.01894275}",shapes_on_2,1,-0.2695724699232313,-0.31160956621170044,1,3.6131591796875,1,-0.2656624052259657,-0.28623706102371216,1,3.686920166015625
6818.199,110,7,4,2,"{'TopLeft': 0.585, 'TopRight': 0.6149999999999999, 'BottomLeft': 0.6, 'BottomRight': 0.5598900715102811}","{'TopLeft': 0.021389062499999997, 'TopRight': 0.02363906249999999, 'BottomLeft': 0.0225, 'BottomRight': 0.01894275}",shapes_on_2,1,-0.25796598858303493,-0.3136075735092163,1,3.604095458984375,1,-0.2661317189534505,-0.2919037342071533,1,3.6747894287109375
6834.865,110,7,4,2,"{'TopLeft': 0.585, 'TopRight': 0.6149999999999999, 'BottomLeft': 0.6, 'BottomRight': 0.5598900715102811}","{'TopLeft': 0.021389062499999997, 'TopRight': 0.02363906249999999, 'BottomLeft': 0.0225, 'BottomRight': 0.01894275}",shapes_on_2,1,-0.26430172390407985,-0.31905055046081543,1,3.5934295654296875,1,-0.2704309887356228,-0.28856682777404785,1,3.657379150390625
6851.532,110,7,4,2,"{'TopLeft': 0.585, 'TopRight': 0.6149999999999999, 'BottomLeft': 0.6, 'BottomRight': 0.5598900715102811}","{'TopLeft': 0.021389062499999997, 'TopRight': 0.02363906249999999, 'BottomLeft': 0.0225, 'BottomRight': 0.01894275}",shapes_on_2,1,-0.2590707143147786,-0.3228418827056885,1,3.583343505859375,1,-0.2580059899224175,-0.29298603534698486,1,3.641326904296875
6868.198,110,7,4,2,"{'TopLeft': 0.585, 'TopRight': 0.6149999999999999, 'BottomLeft': 0.6, 'BottomRight': 0.5598900715102811}","{'TopLeft': 0.021389062499999997, 'TopRight': 0.02363906249999999, 'BottomLeft': 0.0225, 'BottomRight': 0.01894275}",shapes_on_2,1,-0.26805157131618923,-0.3214464783668518,1,3.572998046875,1,-0.26868682437472874,-0.29308998584747314,1,3.625701904296875
6884.864,110,7,4,2,"{'TopLeft': 0.585, 'TopRight': 0.6149999999999999, 'BottomLeft': 0.6, 'BottomRight': 0.5598900715102811}","{'TopLeft': 0.021389062499999997, 'TopRight': 0.02363906249999999, 'BottomLeft': 0.0225, 'BottomRight': 0.01894275}",shapes_on_2,1,-0.2696457438998752,-0.3318336009979248,1,3.568267822265625,1,-0.26938268873426646,-0.29547256231307983,1,3.61175537109375
6901.531,110,7,4,2,"{'TopLeft': 0.585, 'TopRight': 0.6149999999999999, 'BottomLeft': 0.6, 'BottomRight': 0.5598900715102811}","{'TopLeft': 0.021389062499999997, 'TopRight': 0.02363906249999999, 'BottomLeft': 0.0225, 'BottomRight': 0.01894275}",shapes_on_2,1,-0.269729667239719,-0.32933253049850464,1,3.558441162109375,1,-0.2634306483798557,-0.29964888095855713,1,3.5977783203125
6918.197,110,7,4,2,"{'TopLeft': 0.585, 'TopRight': 0.6149999999999999, 'BottomLeft': 0.6, 'BottomRight': 0.5598900715102811}","{'TopLeft': 0.021389062499999997, 'TopRight': 0.02363906249999999, 'BottomLeft': 0.0225, 'BottomRight': 0.01894275}",shapes_on_2,1,-0.2679211828443739,-0.3328433036804199,1,3.5556488037109375,1,-0.2744305398729112,-0.299585223197937,1,3.58709716796875
6934.864,110,7,4,2,"{'TopLeft': 0.585, 'TopRight': 0.6149999999999999, 'BottomLeft': 0.6, 'BottomRight': 0.5598900715102811}","{'TopLeft': 0.021389062499999997, 'TopRight': 0.02363906249999999, 'BottomLeft': 0.0225, 'BottomRight': 0.01894275}",shapes_on_2,1,-0.2712484995524088,-0.3299187421798706,1,3.5490264892578125,1,-0.2720666461520725,-0.3015928268432617,1,3.583465576171875
6951.53,110,7,4,2,"{'TopLeft': 0.585, 'TopRight': 0.6149999999999999, 'BottomLeft': 0.6, 'BottomRight': 0.5598900715102811}","{'TopLeft': 0.021389062499999997, 'TopRight': 0.02363906249999999, 'BottomLeft': 0.0225, 'BottomRight': 0.01894275}",shapes_on_2,1,-0.27284569210476345,-0.32541215419769287,1,3.54742431640625,1,-0.2664214769999186,-0.3015400171279907,1,3.576812744140625
6968.196,110,7,4,2,"{'TopLeft': 0.585, 'TopRight': 0.6149999999999999, 'BottomLeft': 0.6, 'BottomRight': 0.5598900715102811}","{'TopLeft': 0.021389062499999997, 'TopRight': 0.02363906249999999, 'BottomLeft': 0.0225, 'BottomRight': 0.01894275}",shapes_on_2,1,-0.2667015923394097,-0.3338712453842163,1,3.54974365234375,1,-0.2673565546671549,-0.30227768421173096,1,3.571044921875
6984.862,110,7,4,2,"{'TopLeft': 0.585, 'TopRight': 0.6149999999999999, 'BottomLeft': 0.6, 'BottomRight': 0.5598900715102811}","{'TopLeft': 0.021389062499999997, 'TopRight': 0.02363906249999999, 'BottomLeft': 0.0225, 'BottomRight': 0.01894275}",shapes_on_2,1,-0.26826726065741646,-0.33683478832244873,1,3.5480804443359375,1,-0.26939572228325737,-0.3026862144470215,1,3.56964111328125
7001.529,110,7,4,2,"{'TopLeft': 0.585, 'TopRight': 0.6149999999999999, 'BottomLeft': 0.6, 'BottomRight': 0.5598900715102811}","{'TopLeft': 0.021389062499999997, 'TopRight': 0.02363906249999999, 'BottomLeft': 0.0225, 'BottomRight': 0.01894275}",shapes_on_2,1,-0.2691888279385037,-0.34101706743240356,1,3.5531158447265625,1,-0.2704533471001519,-0.3074660301208496,1,3.5641021728515625
7018.195,110,7,4,2,"{'TopLeft': 0.585, 'TopRight': 0.6149999999999999, 'BottomLeft': 0.6, 'BottomRight': 0.5598900715102811}","{'TopLeft': 0.021389062499999997, 'TopRight': 0.02363906249999999, 'BottomLeft': 0.0225, 'BottomRight': 0.01894275}",shapes_on_2,1,-0.2644745508829752,-0.34221065044403076,1,3.55401611328125,1,-0.2691253556145562,-0.31468355655670166,1,3.5593109130859375
7034.862,110,7,4,2,"{'TopLeft': 0.585, 'TopRight': 0.6149999999999999, 'BottomLeft': 0.6, 'BottomRight': 0.5598900715102811}","{'TopLeft': 0.021389062499999997, 'TopRight': 0.02363906249999999, 'BottomLeft': 0.0225, 'BottomRight': 0.01894275}",shapes_on_2,1,-0.27153375413682723,-0.3398882746696472,1,3.5598907470703125,1,-0.2695083088344998,-0.3101511001586914,1,3.557952880859375
7051.528,110,7,4,2,"{'TopLeft': 0.585, 'TopRight': 0.6149999999999999, 'BottomLeft': 0.6, 'BottomRight': 0.5598900715102811}","{'TopLeft': 0.021389062499999997, 'TopRight': 0.02363906249999999, 'BottomLeft': 0.0225, 'BottomRight': 0.01894275}",shapes_on_2,1,-0.27574242485894096,-0.3478788137435913,1,3.5660552978515625,1,-0.2687673038906521,-0.31120455265045166,1,3.556365966796875
7068.194,110,7,4,2,"{'TopLeft': 0.585, 'TopRight': 0.6149999999999999, 'BottomLeft': 0.6, 'BottomRight': 0.5598900715102811}","{'TopLeft': 0.021389062499999997, 'TopRight': 0.02363906249999999, 'BottomLeft': 0.0225, 'BottomRight': 0.01894275}",shapes_on_2,1,-0.2755085097418891,-0.3470931053161621,1,3.56646728515625,1,-0.27164342668321395,-0.3186873197555542,1,3.5566558837890625
7084.861,110,7,4,2,"{'TopLeft': 0.585, 'TopRight': 0.6149999999999999, 'BottomLeft': 0.6, 'BottomRight': 0.5598900715102811}","{'TopLeft': 0.021389062499999997, 'TopRight': 0.02363906249999999, 'BottomLeft': 0.0225, 'BottomRight': 0.01894275}",shapes_on_2,1,-0.2770284546746148,-0.3382469415664673,1,3.5688934326171875,1,-0.27455499437120223,-0.31144148111343384,1,3.55670166015625
7101.527,110,7,4,2,"{'TopLeft': 0.585, 'TopRight': 0.6149999999999999, 'BottomLeft': 0.6, 'BottomRight': 0.5598900715102811}","{'TopLeft': 0.021389062499999997, 'TopRight': 0.02363906249999999, 'BottomLeft': 0.0225, 'BottomRight': 0.01894275}",shapes_on_2,1,-0.4030398792690701,-0.42588669061660767,1,3.5894775390625,1,-0.3820442623562283,-0.40503764152526855,1,3.56646728515625
7118.193,110,7,4,2,"{'TopLeft': 0.585, 'TopRight': 0.6149999999999999, 'BottomLeft': 0.6, 'BottomRight': 0.5598900715102811}","{'TopLeft': 0.021389062499999997, 'TopRight': 0.02363906249999999, 'BottomLeft': 0.0225, 'BottomRight': 0.01894275}",shapes_on_2,1,-0.6649634573194715,-0.6041285991668701,1,3.57135009765625,1,-0.6641887558831109,-0.5601544380187988,1,3.561004638671875
7134.86,110,7,4,2,"{'TopLeft': 0.585, 'TopRight': 0.6149999999999999, 'BottomLeft': 0.6, 'BottomRight': 0.5598900715102811}","{'TopLeft': 0.021389062499999997, 'TopRight': 0.02363906249999999, 'BottomLeft': 0.0225, 'BottomRight': 0.01894275}",shapes_on_2,1,-0.6482108698950874,-0.5784077644348145,1,3.578582763671875,1,-0.6768814590242174,-0.5631517171859741,1,3.5502471923828125
7151.526,110,7,4,2,"{'TopLeft': 0.585, 'TopRight': 0.6149999999999999, 'BottomLeft': 0.6, 'BottomRight': 0.5598900715102811}","{'TopLeft': 0.021389062499999997, 'TopRight': 0.02363906249999999, 'BottomLeft': 0.0225, 'BottomRight': 0.01894275}",shapes_on_2,1,-0.7023184829288058,-0.6269309520721436,1,3.6004486083984375,1,-0.741610844930013,-0.6011247634887695,1,3.548828125
7168.192,110,7,4,2,"{'TopLeft': 0.585, 'TopRight': 0.6149999999999999, 'BottomLeft': 0.6, 'BottomRight': 0.5598900715102811}","{'TopLeft': 0.021389062499999997, 'TopRight': 0.02363906249999999, 'BottomLeft': 0.0225, 'BottomRight': 0.01894275}",shapes_on_2,1,-0.6750254763497247,-0.6056153774261475,1,3.5874481201171875,1,-0.7050712638431125,-0.5829201936721802,1,3.5519866943359375
7184.859,110,7,4,2,"{'TopLeft': 0.585, 'TopRight': 0.6149999999999999, 'BottomLeft': 0.6, 'BottomRight': 0.5598900715102811}","{'TopLeft': 0.021389062499999997, 'TopRight': 0.02363906249999999, 'BottomLeft': 0.0225, 'BottomRight': 0.01894275}",shapes_on_2,1,-0.6879165437486436,-0.6147559881210327,1,3.604248046875,1,-0.727940387196011,-0.5843638181686401,1,3.552276611328125
7201.525,110,7,4,2,"{'TopLeft': 0.585, 'TopRight': 0.6149999999999999, 'BottomLeft': 0.6, 'BottomRight': 0.5598900715102811}","{'TopLeft': 0.021389062499999997, 'TopRight': 0.02363906249999999, 'BottomLeft': 0.0225, 'BottomRight': 0.01894275}",shapes_on_2,1,-0.6837595303853352,-0.6124067306518555,1,3.6003265380859375,1,-0.71953370836046,-0.5914496183395386,1,3.551788330078125
7218.191,110,7,4,2,"{'TopLeft': 0.585, 'TopRight': 0.6149999999999999, 'BottomLeft': 0.6, 'BottomRight': 0.5598900715102811}","{'TopLeft': 0.021389062499999997, 'TopRight': 0.02363906249999999, 'BottomLeft': 0.0225, 'BottomRight': 0.01894275}",shapes_on_2,1,-0.6802555852466159,-0.6130995750427246,1,3.604644775390625,1,-0.7264016469319661,-0.5939769744873047,1,3.5556640625
7234.858,110,7,4,2,"{'TopLeft': 0.585, 'TopRight': 0.6149999999999999, 'BottomLeft': 0.6, 'BottomRight': 0.5598900715102811}","{'TopLeft': 0.021389062499999997, 'TopRight': 0.02363906249999999, 'BottomLeft': 0.0225, 'BottomRight': 0.01894275}",shapes_on_2,1,-0.6787933508555094,-0.6153650283813477,1,3.6085052490234375,1,-0.7346832354863484,-0.590988278388977,1,3.5542755126953125
7251.524,110,7,4,2,"{'TopLeft': 0.585, 'TopRight': 0.6149999999999999, 'BottomLeft': 0.6, 'BottomRight': 0.5598900715102811}","{'TopLeft': 0.021389062499999997, 'TopRight': 0.02363906249999999, 'BottomLeft': 0.0225, 'BottomRight': 0.01894275}",shapes_on_2,1,-0.7145044803619385,-0.6215120553970337,1,3.60205078125,1,-0.7403376632266574,-0.5938488245010376,1,3.55780029296875
7268.19,110,7,4,2,"{'TopLeft': 0.585, 'TopRight': 0.6149999999999999, 'BottomLeft': 0.6, 'BottomRight': 0.5598900715102811}","{'TopLeft': 0.021389062499999997, 'TopRight': 0.02363906249999999, 'BottomLeft': 0.0225, 'BottomRight': 0.01894275}",shapes_on_2,1,-0.6876721382141113,-0.6117857694625854,1,3.616729736328125,1,-0.7401691145367092,-0.5933176279067993,1,3.562774658203125
7284.857,110,7,4,2,"{'TopLeft': 0.585, 'TopRight': 0.6149999999999999, 'BottomLeft': 0.6, 'BottomRight': 0.5598900715102811}","{'TopLeft': 0.021389062499999997, 'TopRight': 0.02363906249999999, 'BottomLeft': 0.0225, 'BottomRight': 0.01894275}",shapes_on_2,1,-0.6996147897508409,-0.6174548864364624,1,3.62493896484375,1,-0.7438271575503879,-0.6047512292861938,1,3.5740966796875
7301.523,110,7,4,2,"{'TopLeft': 0.585, 'TopRight': 0.6149999999999999, 'BottomLeft': 0.6, 'BottomRight': 0.5598900715102811}","{'TopLeft': 0.021389062499999997, 'TopRight': 0.02363906249999999, 'BottomLeft': 0.0225, 'BottomRight': 0.01894275}",shapes_on_2,1,-0.7104511790805392,-0.6243308782577515,1,3.62347412109375,1,-0.7454366419050428,-0.5962324142456055,1,3.579742431640625
7318.189,110,7,4,2,"{'TopLeft': 0.585, 'TopRight': 0.6149999999999999, 'BottomLeft': 0.6, 'BottomRight': 0.5598900715102811}","{'TopLeft': 0.021389062499999997, 'TopRight': 0.02363906249999999, 'BottomLeft': 0.0225, 'BottomRight': 0.01894275}",shapes_on_2,1,-0.7209030389785767,-0.6203626394271851,1,3.6194000244140625,1,-0.7484667301177979,-0.6020467281341553,1,3.586700439453125
7334.855,110,7,4,2,"{'TopLeft': 0.585, 'TopRight': 0.6149999999999999, 'BottomLeft': 0.6, 'BottomRight': 0.5598900715102811}","{'TopLeft': 0.021389062499999997, 'TopRight': 0.02363906249999999, 'BottomLeft': 0.0225, 'BottomRight': 0.01894275}",shapes_on_2,1,-0.7131193213992648,-0.6206755638122559,1,3.6501617431640625,1,-0.7519220246209039,-0.5927011966705322,1,3.6045379638671875
7351.523,110,7,4,2,"{'TopLeft': 0.585, 'TopRight': 0.6149999999999999, 'BottomLeft': 0.6, 'BottomRight': 0.5598900715102811}","{'TopLeft': 0.021389062499999997, 'TopRight': 0.02363906249999999, 'BottomLeft': 0.0225, 'BottomRight': 0.01894275}",shapes_on_2,1,-0.7271328767140706,-0.6278026103973389,1,3.6464080810546875,1,-0.7444927957322862,-0.6002663373947144,1,3.6028900146484375
7368.188,110,7,4,2,"{'TopLeft': 0.585, 'TopRight': 0.6149999999999999, 'BottomLeft': 0.6, 'BottomRight': 0.5598900715102811}","{'TopLeft': 0.021389062499999997, 'TopRight': 0.02363906249999999, 'BottomLeft': 0.0225, 'BottomRight': 0.01894275}",shapes_on_2,1,-0.7271611822976006,-0.6258080005645752,1,3.656402587890625,1,-0.7537674638960096,-0.6019619703292847,1,3.612030029296875
7384.855,110,7,4,2,"{'TopLeft': 0.585, 'TopRight': 0.6149999999999999, 'BottomLeft': 0.6, 'BottomRight': 0.5598900715102811}","{'TopLeft': 0.021389062499999997, 'TopRight': 0.02363906249999999, 'BottomLeft': 0.0225, 'BottomRight': 0.01894275}",shapes_on_2,1,-0.6943968137105305,-0.6167126893997192,1,3.67022705078125,1,-0.7498978773752848,-0.6006008386611938,1,3.61993408203125
7401.521,110,7,4,2,"{'TopLeft': 0.585, 'TopRight': 0.6149999999999999, 'BottomLeft': 0.6, 'BottomRight': 0.5598900715102811}","{'TopLeft': 0.021389062499999997, 'TopRight': 0.02363906249999999, 'BottomLeft': 0.0225, 'BottomRight': 0.01894275}",shapes_on_2,1,-0.7200561629401313,-0.62926185131073,1,3.6748046875,1,-0.750052465332879,-0.5968492031097412,1,3.6301727294921875
7418.187,110,7,4,2,"{'TopLeft': 0.585, 'TopRight': 0.6149999999999999, 'BottomLeft': 0.6, 'BottomRight': 0.5598900715102811}","{'TopLeft': 0.021389062499999997, 'TopRight': 0.02363906249999999, 'BottomLeft': 0.0225, 'BottomRight': 0.01894275}",shapes_on_2,1,-0.7274896568722194,-0.6298811435699463,1,3.6576690673828125,1,-0.7474350929260254,-0.6000436544418335,1,3.6381683349609375
7434.853,110,7,4,2,"{'TopLeft': 0.585, 'TopRight': 0.6149999999999999, 'BottomLeft': 0.6, 'BottomRight': 0.5598900715102811}","{'TopLeft': 0.021389062499999997, 'TopRight': 0.02363906249999999, 'BottomLeft': 0.0225, 'BottomRight': 0.01894275}",shapes_on_2,1,-0.6919380823771158,-0.6273622512817383,1,3.6827239990234375,1,-0.7430828015009562,-0.6015397310256958,1,3.638763427734375
7451.52,110,7,4,2,"{'TopLeft': 0.585, 'TopRight': 0.6149999999999999, 'BottomLeft': 0.6, 'BottomRight': 0.5598900715102811}","{'TopLeft': 0.021389062499999997, 'TopRight': 0.02363906249999999, 'BottomLeft': 0.0225, 'BottomRight': 0.01894275}",shapes_on_2,1,-0.7013022237353854,-0.6215784549713135,1,3.688446044921875,1,-0.7528590626186794,-0.601294755935669,1,3.6380157470703125
7468.186,110,7,4,2,"{'TopLeft': 0.585, 'TopRight': 0.6149999999999999, 'BottomLeft': 0.6, 'BottomRight': 0.5598900715102811}","{'TopLeft': 0.021389062499999997, 'TopRight': 0.02363906249999999, 'BottomLeft': 0.0225, 'BottomRight': 0.01894275}",shapes_on_2,1,-0.729035496711731,-0.6324260234832764,1,3.6762542724609375,1,-0.7438276078965929,-0.6016149520874023,1,3.6330718994140625
7484.853,110,7,4,2,"{'TopLeft': 0.585, 'TopRight': 0.6149999999999999, 'BottomLeft': 0.6, 'BottomRight': 0.5598900715102811}","{'TopLeft': 0.021389062499999997, 'TopRight': 0.02363906249999999, 'BottomLeft': 0.0225, 'BottomRight': 0.01894275}",shapes_on_2,1,-0.7277786996629503,-0.6288392543792725,1,3.672210693359375,1,-0.750475976202223,-0.599723219871521,1,3.6381072998046875
7501.519,110,7,4,2,"{'TopLeft': 0.585, 'TopRight': 0.6149999999999999, 'BottomLeft': 0.6, 'BottomRight': 0.5598900715102811}","{'TopLeft': 0.021389062499999997, 'TopRight': 0.02363906249999999, 'BottomLeft': 0.0225, 'BottomRight': 0.01894275}",shapes_on_2,1,-0.6934455103344387,-0.6261996030807495,1,3.69921875,1,-0.7398135662078857,-0.6085166931152344,1,3.6352386474609375
7518.185,110,7,4,2,"{'TopLeft': 0.585, 'TopRight': 0.6149999999999999, 'BottomLeft': 0.6, 'BottomRight': 0.5598900715102811}","{'TopLeft': 0.021389062499999997, 'TopRight': 0.02363906249999999, 'BottomLeft': 0.0225, 'BottomRight': 0.01894275}",shapes_on_2,1,-0.7341609398523966,-0.6309301853179932,1,3.6898040771484375,1,-0.7491984499825372,-0.6011979579925537,1,3.633392333984375
7534.851,110,7,4,2,"{'TopLeft': 0.585, 'TopRight': 0.6149999999999999, 'BottomLeft': 0.6, 'BottomRight': 0.5598900715102811}","{'TopLeft': 0.021389062499999997, 'TopRight': 0.02363906249999999, 'BottomLeft': 0.0225, 'BottomRight': 0.01894275}",shapes_on_2,1,-0.723774234453837,-0.6331900358200073,1,3.7056121826171875,1,-0.7403182983398438,-0.6060423851013184,1,3.629119873046875
7551.518,110,7,4,2,"{'TopLeft': 0.585, 'TopRight': 0.6149999999999999, 'BottomLeft': 0.6, 'BottomRight': 0.5598900715102811}","{'TopLeft': 0.021389062499999997, 'TopRight': 0.02363906249999999, 'BottomLeft': 0.0225, 'BottomRight': 0.01894275}",shapes_on_2,1,-0.7127570708592732,-0.635057806968689,1,3.712646484375,1,-0.7406941519843208,-0.5995383262634277,1,3.6237030029296875
7568.184,110,7,4,2,"{'TopLeft': 0.585, 'TopRight': 0.6149999999999999, 'BottomLeft': 0.6, 'BottomRight': 0.5598900715102811}","{'TopLeft': 0.021389062499999997, 'TopRight': 0.02363906249999999, 'BottomLeft': 0.0225, 'BottomRight': 0.01894275}",shapes_on_2,1,-0.7183978954950968,-0.6264079809188843,1,3.7237548828125,1,-0.741603414217631,-0.610254168510437,1,3.6182098388671875
7584.851,110,7,4,2,"{'TopLeft': 0.585, 'TopRight': 0.6149999999999999, 'BottomLeft': 0.6, 'BottomRight': 0.5598900715102811}","{'TopLeft': 0.021389062499999997, 'TopRight': 0.02363906249999999, 'BottomLeft': 0.0225, 'BottomRight': 0.01894275}",shapes_on_2,1,-0.7221794658237033,-0.6295299530029297,1,3.718536376953125,1,-0.7447713348600599,-0.6030369997024536,1,3.6174163818359375
7601.517,110,7,4,2,"{'TopLeft': 0.585, 'TopRight': 0.6149999999999999, 'BottomLeft': 0.6, 'BottomRight': 0.5598900715102811}","{'TopLeft': 0.021389062499999997, 'TopRight': 0.02363906249999999, 'BottomLeft': 0.0225, 'BottomRight': 0.01894275}",shapes_on_2,1,-0.694363686773512,-0.626190185546875,1,3.7169189453125,1,-0.7476058006286621,-0.6031883955001831,1,3.6169586181640625
7618.183,110,7,4,2,"{'TopLeft': 0.585, 'TopRight': 0.6149999999999999, 'BottomLeft': 0.6, 'BottomRight': 0.5598900715102811}","{'TopLeft': 0.021389062499999997, 'TopRight': 0.02363906249999999, 'BottomLeft': 0.0225, 'BottomRight': 0.01894275}",shapes_on_2,1,-0.6953060891893175,-0.6310606002807617,1,3.72174072265625,1,-0.7418671316570705,-0.606788158416748,1,3.6067047119140625
7634.849,110,7,4,2,"{'TopLeft': 0.585, 'TopRight': 0.6149999999999999, 'BottomLeft': 0.6, 'BottomRight': 0.5598900715102811}","{'TopLeft': 0.021389062499999997, 'TopRight': 0.02363906249999999, 'BottomLeft': 0.0225, 'BottomRight': 0.01894275}",shapes_on_2,1,-0.7104594177669948,-0.6280430555343628,1,3.72637939453125,1,-0.7468022108078003,-0.600794792175293,1,3.6082916259765625
7651.516,110,7,4,2,"{'TopLeft': 0.585, 'TopRight': 0.6149999999999999, 'BottomLeft': 0.6, 'BottomRight': 0.5598900715102811}","{'TopLeft': 0.021389062499999997, 'TopRight': 0.02363906249999999, 'BottomLeft': 0.0225, 'BottomRight': 0.01894275}",shapes_on_2,1,-0.7372142341401842,-0.6301292181015015,1,3.702178955078125,1,-0.7596501509348551,-0.6015207767486572,1,3.6036224365234375
7668.182,110,7,4,2,"{'TopLeft': 0.585, 'TopRight': 0.6149999999999999, 'BottomLeft': 0.6, 'BottomRight': 0.5598900715102811}","{'TopLeft': 0.021389062499999997, 'TopRight': 0.02363906249999999, 'BottomLeft': 0.0225, 'BottomRight': 0.01894275}",shapes_on_2,1,-0.7738097773657905,-0.6608097553253174,1,3.72161865234375,1,-0.8156725035773382,-0.6336178779602051,1,3.5757904052734375
7684.848,110,7,4,2,"{'TopLeft': 0.585, 'TopRight': 0.6149999999999999, 'BottomLeft': 0.6, 'BottomRight': 0.5598900715102811}","{'TopLeft': 0.021389062499999997, 'TopRight': 0.02363906249999999, 'BottomLeft': 0.0225, 'BottomRight': 0.01894275}",shapes_on_2,1,-0.7762339247597588,-0.6541048288345337,1,3.7002105712890625,1,-0.797982825173272,-0.6215763092041016,1,3.5848236083984375
7701.515,110,7,4,2,"{'TopLeft': 0.585, 'TopRight': 0.6149999999999999, 'BottomLeft': 0.6, 'BottomRight': 0.5598900715102811}","{'TopLeft': 0.021389062499999997, 'TopRight': 0.02363906249999999, 'BottomLeft': 0.0225, 'BottomRight': 0.01894275}",shapes_on_2,1,-0.7482294109132555,-0.6608864068984985,1,3.7105865478515625,1,-0.8026155167155795,-0.6271111965179443,1,3.5815277099609375
7718.181,110,7,4,2,"{'TopLeft': 0.585, 'TopRight': 0.6149999999999999, 'BottomLeft': 0.6, 'BottomRight': 0.5598900715102811}","{'TopLeft': 0.021389062499999997, 'TopRight': 0.02363906249999999, 'BottomLeft': 0.0225, 'BottomRight': 0.01894275}",shapes_on_2,1,-0.7563642925686306,-0.6573240756988525,1,3.7148895263671875,1,-0.800124963124593,-0.6200519800186157,1,3.5672149658203125
7734.847,110,7,4,2,"{'TopLeft': 0.585, 'TopRight': 0.6149999999999999, 'BottomLeft': 0.6, 'BottomRight': 0.5598900715102811}","{'TopLeft': 0.021389062499999997, 'TopRight': 0.02363906249999999, 'BottomLeft': 0.0225, 'BottomRight': 0.01894275}",shapes_on_2,1,-0.7639576064215766,-0.6599850654602051,1,3.7179718017578125,1,-0.8064794606632656,-0.6186294555664062,1,3.5695343017578125
7751.514,110,7,4,2,"{'TopLeft': 0.585, 'TopRight': 0.6149999999999999, 'BottomLeft': 0.6, 'BottomRight': 0.5598900715102811}","{'TopLeft': 0.021389062499999997, 'TopRight': 0.02363906249999999, 'BottomLeft': 0.0225, 'BottomRight': 0.01894275}",shapes_on_2,1,-0.7525575160980225,-0.6582378149032593,1,3.706451416015625,1,-0.8095431923866272,-0.6142470836639404,1,3.565155029296875
7768.179,110,7,4,2,"{'TopLeft': 0.585, 'TopRight': 0.6149999999999999, 'BottomLeft': 0.6, 'BottomRight': 0.5598900715102811}","{'TopLeft': 0.021389062499999997, 'TopRight': 0.02363906249999999, 'BottomLeft': 0.0225, 'BottomRight': 0.01894275}",shapes_on_2,1,-0.782747017012702,-0.6497712135314941,1,3.709259033203125,1,-0.7998668948809305,-0.6141798496246338,1,3.5709075927734375
7784.846,110,7,4,2,"{'TopLeft': 0.585, 'TopRight': 0.6149999999999999, 'BottomLeft': 0.6, 'BottomRight': 0.5598900715102811}","{'TopLeft': 0.021389062499999997, 'TopRight': 0.02363906249999999, 'BottomLeft': 0.0225, 'BottomRight': 0.01894275}",shapes_on_2,1,-0.7525263362460666,-0.6524965763092041,1,3.6986083984375,1,-0.8076663017272949,-0.6213315725326538,1,3.55670166015625
7801.513,110,7,4,2,"{'TopLeft': 0.585, 'TopRight': 0.6149999999999999, 'BottomLeft': 0.6, 'BottomRight': 0.5598900715102811}","{'TopLeft': 0.021389062499999997, 'TopRight': 0.02363906249999999, 'BottomLeft': 0.0225, 'BottomRight': 0.01894275}",shapes_on_2,1,-0.7526067892710367,-0.6538443565368652,1,3.682586669921875,1,-0.8017277717590332,-0.621768593788147,1,3.54644775390625
7818.178,110,7,4,2,"{'TopLeft': 0.585, 'TopRight': 0.6149999999999999, 'BottomLeft': 0.6, 'BottomRight': 0.5598900715102811}","{'TopLeft': 0.021389062499999997, 'TopRight': 0.02363906249999999, 'BottomLeft': 0.0225, 'BottomRight': 0.01894275}",shapes_on_2,1,-0.7764039304521348,-0.6584241390228271,1,3.6779327392578125,1,-0.8091502388318379,-0.622916579246521,1,3.5451812744140625
7834.845,110,7,4,2,"{'TopLeft': 0.585, 'TopRight': 0.6149999999999999, 'BottomLeft': 0.6, 'BottomRight': 0.5598900715102811}","{'TopLeft': 0.021389062499999997, 'TopRight': 0.02363906249999999, 'BottomLeft': 0.0225, 'BottomRight': 0.01894275}",shapes_on_2,1,-0.7606496413548787,-0.6501922607421875,1,3.6671600341796875,1,-0.8134491708543565,-0.6201038360595703,1,3.5428924560546875
7851.512,110,7,4,2,"{'TopLeft': 0.585, 'TopRight': 0.6149999999999999, 'BottomLeft': 0.6, 'BottomRight': 0.5598900715102811}","{'TopLeft': 0.021389062499999997, 'TopRight': 0.02363906249999999, 'BottomLeft': 0.0225, 'BottomRight': 0.01894275}",shapes_on_2,1,-0.7608389324612087,-0.6457933187484741,1,3.6711578369140625,1,-0.8219041956795586,-0.6181620359420776,1,3.53509521484375
7868.177,110,7,4,2,"{'TopLeft': 0.585, 'TopRight': 0.6149999999999999, 'BottomLeft': 0.6, 'BottomRight': 0.5598900715102811}","{'TopLeft': 0.021389062499999997, 'TopRight': 0.02363906249999999, 'BottomLeft': 0.0225, 'BottomRight': 0.01894275}",shapes_on_2,1,-0.800070775879754,-0.6538680791854858,1,3.6522216796875,1,-0.8140408595403035,-0.6203724145889282,1,3.536468505859375
7884.844,110,7,4,2,"{'TopLeft': 0.585, 'TopRight': 0.6149999999999999, 'BottomLeft': 0.6, 'BottomRight': 0.5598900715102811}","{'TopLeft': 0.021389062499999997, 'TopRight': 0.02363906249999999, 'BottomLeft': 0.0225, 'BottomRight': 0.01894275}",shapes_on_2,1,-0.8044317695829603,-0.6497975587844849,1,3.6444549560546875,1,-0.8200226624806721,-0.6191072463989258,1,3.5164031982421875
7901.511,110,7,4,2,"{'TopLeft': 0.585, 'TopRight': 0.6149999999999999, 'BottomLeft': 0.6, 'BottomRight': 0.5598900715102811}","{'TopLeft': 0.021389062499999997, 'TopRight': 0.02363906249999999, 'BottomLeft': 0.0225, 'BottomRight': 0.01894275}",shapes_on_2,1,-0.8006286157502068,-0.6602321863174438,1,3.6389007568359375,1,-0.8200445307625664,-0.6189537048339844,1,3.5142059326171875
7918.176,110,7,4,2,"{'TopLeft': 0.585, 'TopRight': 0.6149999999999999, 'BottomLeft': 0.6, 'BottomRight': 0.5598900715102811}","{'TopLeft': 0.021389062499999997, 'TopRight': 0.02363906249999999, 'BottomLeft': 0.0225, 'BottomRight': 0.01894275}",shapes_on_2,1,-0.8092926343282063,-0.6438494920730591,1,3.6340179443359375,1,-0.8264616926511128,-0.6313549280166626,1,3.52069091796875
7934.843,110,7,4,2,"{'TopLeft': 0.585, 'TopRight': 0.6149999999999999, 'BottomLeft': 0.6, 'BottomRight': 0.5598900715102811}","{'TopLeft': 0.021389062499999997, 'TopRight': 0.02363906249999999, 'BottomLeft': 0.0225, 'BottomRight': 0.01894275}",shapes_on_2,1,-0.7772721979353162,-0.651200532913208,1,3.647857666015625,1,-0.8275744054052564,-0.6117089986801147,1,3.5302276611328125
7951.509,110,7,4,2,"{'TopLeft': 0.585, 'TopRight': 0.6149999999999999, 'BottomLeft': 0.6, 'BottomRight': 0.5598900715102811}","{'TopLeft': 0.021389062499999997, 'TopRight': 0.02363906249999999, 'BottomLeft': 0.0225, 'BottomRight': 0.01894275}",shapes_on_2,1,-0.8167089422543843,-0.6468528509140015,1,3.6221923828125,1,-0.8314452833599514,-0.6064209938049316,1,3.5346832275390625
7968.175,110,7,4,2,"{'TopLeft': 0.585, 'TopRight': 0.6149999999999999, 'BottomLeft': 0.6, 'BottomRight': 0.5598900715102811}","{'TopLeft': 0.021389062499999997, 'TopRight': 0.02363906249999999, 'BottomLeft': 0.0225, 'BottomRight': 0.01894275}",shapes_on_2,1,-0.8094305793444315,-0.6415588855743408,1,3.6349639892578125,1,-0.8292520244916279,-0.6008658409118652,1,3.5326385498046875
7984.842,110,7,4,2,"{'TopLeft': 0.585, 'TopRight': 0.6149999999999999, 'BottomLeft': 0.6, 'BottomRight': 0.5598900715102811}","{'TopLeft': 0.021389062499999997, 'TopRight': 0.02363906249999999, 'BottomLeft': 0.0225, 'BottomRight': 0.01894275}",shapes_on_2,1,-0.8124934169981214,-0.641589879989624,1,3.6298980712890625,1,-0.8344025943014356,-0.6126648187637329,1,3.514984130859375
8001.508,110,7,4,2,"{'TopLeft': 0.585, 'TopRight': 0.6149999999999999, 'BottomLeft': 0.6, 'BottomRight': 0.5598900715102811}","{'TopLeft': 0.021389062499999997, 'TopRight': 0.02363906249999999, 'BottomLeft': 0.0225, 'BottomRight': 0.01894275}",shapes_on_2,1,-0.8041808605194092,-0.6426100730895996,1,3.64141845703125,1,-0.8321954939100477,-0.6076058149337769,1,3.517578125
8018.174,110,7,4,2,"{'TopLeft': 0.585, 'TopRight': 0.6149999999999999, 'BottomLeft': 0.6, 'BottomRight': 0.5598900715102811}","{'TopLeft': 0.021389062499999997, 'TopRight': 0.02363906249999999, 'BottomLeft': 0.0225, 'BottomRight': 0.01894275}",shapes_on_2,1,-0.8073625167210896,-0.6452398300170898,1,3.6310272216796875,1,-0.8301553924878438,-0.6062700748443604,1,3.5222625732421875
8034.841,110,7,4,2,"{'TopLeft': 0.585, 'TopRight': 0.6149999999999999, 'BottomLeft': 0.6, 'BottomRight': 0.5598900715102811}","{'TopLeft': 0.021389062499999997, 'TopRight': 0.02363906249999999, 'BottomLeft': 0.0225, 'BottomRight': 0.01894275}",shapes_on_2,1,-0.8074731164508395,-0.6229974031448364,1,3.623748779296875,1,-0.825920005639394,-0.6002464294433594,1,3.53326416015625
8051.507,110,7,4,2,"{'TopLeft': 0.585, 'TopRight': 0.6149999999999999, 'BottomLeft': 0.6, 'BottomRight': 0.5598900715102811}","{'TopLeft': 0.021389062499999997, 'TopRight': 0.02363906249999999, 'BottomLeft': 0.0225, 'BottomRight': 0.01894275}",shapes_on_2,1,-0.578597969479031,-0.38363784551620483,1,3.6486358642578125,1,-0.5349209838443332,-0.37579822540283203,1,3.5785675048828125
8068.173,110,7,4,2,"{'TopLeft': 0.585, 'TopRight': 0.6149999999999999, 'BottomLeft': 0.6, 'BottomRight': 0.5598900715102811}","{'TopLeft': 0.021389062499999997, 'TopRight': 0.02363906249999999, 'BottomLeft': 0.0225, 'BottomRight': 0.01894275}",shapes_on_2,1,-0.38848410712348086,-0.2603127956390381,1,3.63214111328125,1,-0.3396192126803928,-0.26310020685195923,1,3.554779052734375
8084.839,110,7,4,2,"{'TopLeft': 0.585, 'TopRight': 0.6149999999999999, 'BottomLeft': 0.6, 'BottomRight': 0.5598900715102811}","{'TopLeft': 0.021389062499999997, 'TopRight': 0.02363906249999999, 'BottomLeft': 0.0225, 'BottomRight': 0.01894275}",shapes_on_2,1,-0.2520035637749566,-0.19004470109939575,1,3.6320037841796875,1,-0.24299960666232637,-0.16442584991455078,1,3.53790283203125
8101.506,110,7,4,2,"{'TopLeft': 0.585, 'TopRight': 0.6149999999999999, 'BottomLeft': 0.6, 'BottomRight': 0.5598900715102811}","{'TopLeft': 0.021389062499999997, 'TopRight': 0.02363906249999999, 'BottomLeft': 0.0225, 'BottomRight': 0.01894275}",shapes_on_2,1,-0.26354074478149414,-0.17855459451675415,1,3.6171417236328125,1,-0.2289195590549045,-0.14270800352096558,1,3.5326690673828125
8118.171,110,7,4,2,"{'TopLeft': 0.585, 'TopRight': 0.6149999999999999, 'BottomLeft': 0.6, 'BottomRight': 0.5598900715102811}","{'TopLeft': 0.021389062499999997, 'TopRight': 0.02363906249999999, 'BottomLeft': 0.0225, 'BottomRight': 0.01894275}",shapes_on_2,1,-0.2513618999057346,-0.18181872367858887,1,3.6075286865234375,1,-0.2425238291422526,-0.14270591735839844,1,3.523284912109375
8134.838,110,7,4,2,"{'TopLeft': 0.585, 'TopRight': 0.6149999999999999, 'BottomLeft': 0.6, 'BottomRight': 0.5598900715102811}","{'TopLeft': 0.021389062499999997, 'TopRight': 0.02363906249999999, 'BottomLeft': 0.0225, 'BottomRight': 0.01894275}",shapes_on_2,1,-0.255968623691135,-0.16239994764328003,1,3.5914459228515625,1,-0.23856602774726018,-0.13936948776245117,1,3.51068115234375
8151.505,110,7,4,2,"{'TopLeft': 0.585, 'TopRight': 0.6149999999999999, 'BottomLeft': 0.6, 'BottomRight': 0.5598900715102811}","{'TopLeft': 0.021389062499999997, 'TopRight': 0.02363906249999999, 'BottomLeft': 0.0225, 'BottomRight': 0.01894275}",curtainDown,1,-0.2493577003479004,-0.16770267486572266,1,3.57525634765625,1,-0.23923534817165798,-0.14355075359344482,1,3.508575439453125
8168.17,110,7,4,2,"{'TopLeft': 0.585, 'TopRight': 0.6149999999999999, 'BottomLeft': 0.6, 'BottomRight': 0.5598900715102811}","{'TopLeft': 0.021389062499999997, 'TopRight': 0.02363906249999999, 'BottomLeft': 0.0225, 'BottomRight': 0.01894275}",curtainDown,1,-0.2550278769599067,-0.16472357511520386,1,3.5644989013671875,1,-0.24555481804741752,-0.14146679639816284,1,3.48590087890625
8184.837,110,7,4,2,"{'TopLeft': 0.585, 'TopRight': 0.6149999999999999, 'BottomLeft': 0.6, 'BottomRight': 0.5598900715102811}","{'TopLeft': 0.021389062499999997, 'TopRight': 0.02363906249999999, 'BottomLeft': 0.0225, 'BottomRight': 0.01894275}",curtainDown,1,-0.2551682260301378,-0.1697506308555603,1,3.5486297607421875,1,-0.2396479182773166,-0.1409757137298584,1,3.4803619384765625
8201.504,110,7,4,2,"{'TopLeft': 0.585, 'TopRight': 0.6149999999999999, 'BottomLeft': 0.6, 'BottomRight': 0.5598900715102811}","{'TopLeft': 0.021389062499999997, 'TopRight': 0.02363906249999999, 'BottomLeft': 0.0225, 'BottomRight': 0.01894275}",curtainDown,1,-0.2547305425008138,-0.1631034016609192,1,3.5392608642578125,1,-0.24083084530300564,-0.13663363456726074,1,3.4678497314453125
8218.169,110,7,4,2,"{'TopLeft': 0.585, 'TopRight': 0.6149999999999999, 'BottomLeft': 0.6, 'BottomRight': 0.5598900715102811}","{'TopLeft': 0.021389062499999997, 'TopRight': 0.02363906249999999, 'BottomLeft': 0.0225, 'BottomRight': 0.01894275}",curtainDown,1,-0.24363586637708876,-0.16634660959243774,1,3.552398681640625,1,-0.24302789900037977,-0.13648700714111328,1,3.454986572265625
8234.836,110,7,4,2,"{'TopLeft': 0.585, 'TopRight': 0.6149999999999999, 'BottomLeft': 0.6, 'BottomRight': 0.5598900715102811}","{'TopLeft': 0.021389062499999997, 'TopRight': 0.02363906249999999, 'BottomLeft': 0.0225, 'BottomRight': 0.01894275}",curtainDown,1,-0.26110972298516166,-0.15759044885635376,1,3.521697998046875,1,-0.24646488825480142,-0.13480448722839355,1,3.444183349609375
8251.503,110,7,4,2,"{'TopLeft': 0.585, 'TopRight': 0.6149999999999999, 'BottomLeft': 0.6, 'BottomRight': 0.5598900715102811}","{'TopLeft': 0.021389062499999997, 'TopRight': 0.02363906249999999, 'BottomLeft': 0.0225, 'BottomRight': 0.01894275}",curtainDown,1,-0.2596529854668511,-0.15614092350006104,1,3.529205322265625,1,-0.2471664746602376,-0.14046871662139893,1,3.444549560546875
8268.168,110,7,4,2,"{'TopLeft': 0.585, 'TopRight': 0.6149999999999999, 'BottomLeft': 0.6, 'BottomRight': 0.5598900715102811}","{'TopLeft': 0.021389062499999997, 'TopRight': 0.02363906249999999, 'BottomLeft': 0.0225, 'BottomRight': 0.01894275}",curtainDown,1,-0.2501278983222114,-0.1529642939567566,1,3.530303955078125,1,-0.2461759779188368,-0.13666975498199463,1,3.4261016845703125
8284.835,110,7,4,2,"{'TopLeft': 0.585, 'TopRight': 0.6149999999999999, 'BottomLeft': 0.6, 'BottomRight': 0.5598900715102811}","{'TopLeft': 0.021389062499999997, 'TopRight': 0.02363906249999999, 'BottomLeft': 0.0225, 'BottomRight': 0.01894275}",curtainDown,1,-0.2651748127407498,-0.15510505437850952,1,3.5239105224609375,1,-0.25624704360961914,-0.14201664924621582,1,3.4373779296875
8301.501,110,7,4,2,"{'TopLeft': 0.585, 'TopRight': 0.6149999999999999, 'BottomLeft': 0.6, 'BottomRight': 0.5598900715102811}","{'TopLeft': 0.021389062499999997, 'TopRight': 0.02363906249999999, 'BottomLeft': 0.0225, 'BottomRight': 0.01894275}",curtainDown,1,-0.26920270919799805,-0.15482574701309204,1,3.5094451904296875,1,-0.24730645285712347,-0.13119113445281982,1,3.418792724609375
8318.167,110,7,4,2,"{'TopLeft': 0.585, 'TopRight': 0.6149999999999999, 'BottomLeft': 0.6, 'BottomRight': 0.5598900715102811}","{'TopLeft': 0.021389062499999997, 'TopRight': 0.02363906249999999, 'BottomLeft': 0.0225, 'BottomRight': 0.01894275}",curtainDown,1,-0.2652840084499783,-0.16453421115875244,1,3.515960693359375,1,-0.2581661012437608,-0.13390278816223145,1,3.42938232421875
8334.833,110,7,4,2,"{'TopLeft': 0.585, 'TopRight': 0.6149999999999999, 'BottomLeft': 0.6, 'BottomRight': 0.5598900715102811}","{'TopLeft': 0.021389062499999997, 'TopRight': 0.02363906249999999, 'BottomLeft': 0.0225, 'BottomRight': 0.01894275}",curtainDown,1,-0.2663932376437717,-0.12403285503387451,1,3.5107269287109375,1,-0.26559294594658744,-0.09849876165390015,1,3.4284210205078125
8351.5,110,7,4,2,"{'TopLeft': 0.585, 'TopRight': 0.6149999999999999, 'BottomLeft': 0.6, 'BottomRight': 0.5598900715102811}","{'TopLeft': 0.021389062499999997, 'TopRight': 0.02363906249999999, 'BottomLeft': 0.0225, 'BottomRight': 0.01894275}",curtainDown,1,-0.2903585433959961,0.1067800223827362,1,3.525360107421875,1,-0.2769538031684028,0.10634273290634155,1,3.4515838623046875
8368.166,110,7,4,2,"{'TopLeft': 0.585, 'TopRight': 0.6149999999999999, 'BottomLeft': 0.6, 'BottomRight': 0.5598900715102811}","{'TopLeft': 0.021389062499999997, 'TopRight': 0.02363906249999999, 'BottomLeft': 0.0225, 'BottomRight': 0.01894275}",curtainDown,1,-0.3175486988491482,0.22470778226852417,1,3.5273590087890625,1,-0.30398215187920463,0.2151130735874176,1,3.4436492919921875
8384.832,110,7,4,2,"{'TopLeft': 0.585, 'TopRight': 0.6149999999999999, 'BottomLeft': 0.6, 'BottomRight': 0.5598900715102811}","{'TopLeft': 0.021389062499999997, 'TopRight': 0.02363906249999999, 'BottomLeft': 0.0225, 'BottomRight': 0.01894275}",curtainDown,1,-0.30023887422349715,0.22975385189056396,1,3.5284576416015625,1,-0.3110007709927029,0.24471500515937805,1,3.44781494140625
8401.499,110,7,4,2,"{'TopLeft': 0.585, 'TopRight': 0.6149999999999999, 'BottomLeft': 0.6, 'BottomRight': 0.5598900715102811}","{'TopLeft': 0.021389062499999997, 'TopRight': 0.02363906249999999, 'BottomLeft': 0.0225, 'BottomRight': 0.01894275}",curtainDown,1,-0.30973837110731334,0.24397054314613342,1,3.520782470703125,1,-0.30756065580579967,0.24904513359069824,1,3.44061279296875
8418.164,110,7,4,2,"{'TopLeft': 0.585, 'TopRight': 0.6149999999999999, 'BottomLeft': 0.6, 'BottomRight': 0.5598900715102811}","{'TopLeft': 0.021389062499999997, 'TopRight': 0.02363906249999999, 'BottomLeft': 0.0225, 'BottomRight': 0.01894275}",curtainDown,1,-0.3092356257968479,0.2386007010936737,1,3.511260986328125,1,-0.31269852320353186,0.250255286693573,1,3.4262542724609375
8434.831,110,7,4,2,"{'TopLeft': 0.585, 'TopRight': 0.6149999999999999, 'BottomLeft': 0.6, 'BottomRight': 0.5598900715102811}","{'TopLeft': 0.021389062499999997, 'TopRight': 0.02363906249999999, 'BottomLeft': 0.0225, 'BottomRight': 0.01894275}",curtainDown,1,-0.311162789662679,0.24780604243278503,1,3.5059661865234375,1,-0.31004227532280815,0.247655987739563,1,3.4180908203125
8451.498,110,7,4,2,"{'TopLeft': 0.585, 'TopRight': 0.6149999999999999, 'BottomLeft': 0.6, 'BottomRight': 0.5598900715102811}","{'TopLeft': 0.021389062499999997, 'TopRight': 0.02363906249999999, 'BottomLeft': 0.0225, 'BottomRight': 0.01894275}",curtainDown,1,-0.31599881913926864,0.24017462134361267,1,3.4850006103515625,1,-0.3181290626525879,0.25230008363723755,1,3.4022064208984375
8468.164,110,7,4,2,"{'TopLeft': 0.585, 'TopRight': 0.6149999999999999, 'BottomLeft': 0.6, 'BottomRight': 0.5598900715102811}","{'TopLeft': 0.021389062499999997, 'TopRight': 0.02363906249999999, 'BottomLeft': 0.0225, 'BottomRight': 0.01894275}",curtainDown,1,-0.31189643012152773,0.251583069562912,1,3.480926513671875,1,-0.32067743937174475,0.25080321729183197,1,3.3946380615234375
8484.831,110,7,4,2,"{'TopLeft': 0.585, 'TopRight': 0.6149999999999999, 'BottomLeft': 0.6, 'BottomRight': 0.5598900715102811}","{'TopLeft': 0.021389062499999997, 'TopRight': 0.02363906249999999, 'BottomLeft': 0.0225, 'BottomRight': 0.01894275}",curtainDown,1,-0.33126576741536456,0.260065034031868,1,3.4659576416015625,1,-0.32332907782660586,0.25827963650226593,1,3.382537841796875
8501.497,110,7,4,2,"{'TopLeft': 0.585, 'TopRight': 0.6149999999999999, 'BottomLeft': 0.6, 'BottomRight': 0.5598900715102811}","{'TopLeft': 0.021389062499999997, 'TopRight': 0.02363906249999999, 'BottomLeft': 0.0225, 'BottomRight': 0.01894275}",curtainDown,1,-0.3265104293823242,0.2599847763776779,1,3.4535675048828125,1,-0.3223937352498372,0.2529384344816208,1,3.366363525390625
8518.163,110,7,4,2,"{'TopLeft': 0.585, 'TopRight': 0.6149999999999999, 'BottomLeft': 0.6, 'BottomRight': 0.5598900715102811}","{'TopLeft': 0.021389062499999997, 'TopRight': 0.02363906249999999, 'BottomLeft': 0.0225, 'BottomRight': 0.01894275}",curtainDown,1,-0.3074409166971842,0.23794373869895935,1,3.4385986328125,1,-0.3279877768622504,0.25872671604156494,1,3.35089111328125
8534.829,110,7,4,2,"{'TopLeft': 0.585, 'TopRight': 0.6149999999999999, 'BottomLeft': 0.6, 'BottomRight': 0.5598900715102811}","{'TopLeft': 0.021389062499999997, 'TopRight': 0.02363906249999999, 'BottomLeft': 0.0225, 'BottomRight': 0.01894275}",curtainDown,1,-0.30516232384575737,0.23664024472236633,1,3.42694091796875,1,-0.3269416491190592,0.25213445723056793,1,3.34442138671875
8551.496,110,7,4,2,"{'TopLeft': 0.585, 'TopRight': 0.6149999999999999, 'BottomLeft': 0.6, 'BottomRight': 0.5598900715102811}","{'TopLeft': 0.021389062499999997, 'TopRight': 0.02363906249999999, 'BottomLeft': 0.0225, 'BottomRight': 0.01894275}",curtainDown,1,-0.30474429660373265,0.22848165035247803,1,3.410736083984375,1,-0.3350208600362142,0.26166708767414093,1,3.3282928466796875
8568.161,110,7,4,2,"{'TopLeft': 0.585, 'TopRight': 0.6149999999999999, 'BottomLeft': 0.6, 'BottomRight': 0.5598900715102811}","{'TopLeft': 0.021389062499999997, 'TopRight': 0.02363906249999999, 'BottomLeft': 0.0225, 'BottomRight': 0.01894275}",curtainDown,1,-0.30252451366848415,0.23024818301200867,1,3.3913116455078125,1,-0.3322056664360894,0.2534050941467285,1,3.3174285888671875
8584.828,110,7,4,2,"{'TopLeft': 0.585, 'TopRight': 0.6149999999999999, 'BottomLeft': 0.6, 'BottomRight': 0.5598900715102811}","{'TopLeft': 0.021389062499999997, 'TopRight': 0.02363906249999999, 'BottomLeft': 0.0225, 'BottomRight': 0.01894275}",curtainDown,1,-0.3099673059251573,0.23203358054161072,1,3.3759765625,1,-0.3338801066080729,0.2560979723930359,1,3.302276611328125
8601.495,110,7,4,2,"{'TopLeft': 0.585, 'TopRight': 0.6149999999999999, 'BottomLeft': 0.6, 'BottomRight': 0.5598900715102811}","{'TopLeft': 0.021389062499999997, 'TopRight': 0.02363906249999999, 'BottomLeft': 0.0225, 'BottomRight': 0.01894275}",curtainDown,1,-0.3008367220560709,0.2306436002254486,1,3.36590576171875,1,-0.332114749484592,0.2511228919029236,1,3.292022705078125
8618.16,110,7,4,2,"{'TopLeft': 0.585, 'TopRight': 0.6149999999999999, 'BottomLeft': 0.6, 'BottomRight': 0.5598900715102811}","{'TopLeft': 0.021389062499999997, 'TopRight': 0.02363906249999999, 'BottomLeft': 0.0225, 'BottomRight': 0.01894275}",curtainDown,1,-0.30806954701741535,0.2315850555896759,1,3.3570709228515625,1,-0.33507341808742946,0.24810290336608887,1,3.2831878662109375
8634.827,110,7,4,2,"{'TopLeft': 0.585, 'TopRight': 0.6149999999999999, 'BottomLeft': 0.6, 'BottomRight': 0.5598900715102811}","{'TopLeft': 0.021389062499999997, 'TopRight': 0.02363906249999999, 'BottomLeft': 0.0225, 'BottomRight': 0.01894275}",curtainDown,1,-0.3080796135796441,0.22638502717018127,1,3.347503662109375,1,-0.3347511291503906,0.2526581138372421,1,3.2758331298828125
8651.493,110,7,4,2,"{'TopLeft': 0.585, 'TopRight': 0.6149999999999999, 'BottomLeft': 0.6, 'BottomRight': 0.5598900715102811}","{'TopLeft': 0.021389062499999997, 'TopRight': 0.02363906249999999, 'BottomLeft': 0.0225, 'BottomRight': 0.01894275}",curtainDown,1,-0.31469541125827366,0.23403093218803406,1,3.336517333984375,1,-0.3396730422973633,0.2525542974472046,1,3.2659149169921875
8668.159,110,7,4,2,"{'TopLeft': 0.585, 'TopRight': 0.6149999999999999, 'BottomLeft': 0.6, 'BottomRight': 0.5598900715102811}","{'TopLeft': 0.021389062499999997, 'TopRight': 0.02363906249999999, 'BottomLeft': 0.0225, 'BottomRight': 0.01894275}",curtainDown,1,-0.31214141845703125,0.22592374682426453,1,3.334716796875,1,-0.34136666191948783,0.25163283944129944,1,3.2625885009765625
8684.826,110,7,4,2,"{'TopLeft': 0.585, 'TopRight': 0.6149999999999999, 'BottomLeft': 0.6, 'BottomRight': 0.5598900715102811}","{'TopLeft': 0.021389062499999997, 'TopRight': 0.02363906249999999, 'BottomLeft': 0.0225, 'BottomRight': 0.01894275}",curtainDown,1,-0.32297081417507595,0.23325592279434204,1,3.34112548828125,1,-0.33561727735731334,0.24241095781326294,1,3.261688232421875
8701.492,110,7,4,2,"{'TopLeft': 0.585, 'TopRight': 0.6149999999999999, 'BottomLeft': 0.6, 'BottomRight': 0.5598900715102811}","{'TopLeft': 0.021389062499999997, 'TopRight': 0.02363906249999999, 'BottomLeft': 0.0225, 'BottomRight': 0.01894275}",curtainDown,1,-0.3354594442579481,0.24705931544303894,1,3.3359222412109375,1,-0.3393043412102593,0.24575284123420715,1,3.253387451171875
8718.158,110,7,4,2,"{'TopLeft': 0.585, 'TopRight': 0.6149999999999999, 'BottomLeft': 0.6, 'BottomRight': 0.5598900715102811}","{'TopLeft': 0.021389062499999997, 'TopRight': 0.02363906249999999, 'BottomLeft': 0.0225, 'BottomRight': 0.01894275}",curtainDown,1,-0.30580589506361217,0.13946864008903503,1,3.3001556396484375,1,-0.30020067426893443,0.13463255763053894,1,3.2343292236328125
