timestamp,ID,expOrder,trialNumber,event,lv,lx,ly,lpv,lps,rv,rx,ry,rpv,rps
7.56,7,1,1,stimulusMovement,0,nan,nan,0,nan,1,0.16201951768663195,0.1528993844985962,1,2.8231658935546875
24.2,7,1,1,stimulusMovement,1,-0.18186786439683703,0.047301799058914185,1,2.9905548095703125,1,0.14514605204264322,-0.14247381687164307,1,3.704193115234375
40.835,7,1,1,stimulusMovement,0,nan,nan,0,nan,1,0.15041722191704643,0.09127026796340942,1,2.949249267578125
57.491,7,1,1,stimulusMovement,0,nan,nan,0,nan,0,nan,nan,0,nan
74.153,7,1,1,stimulusMovement,1,-0.17433431413438585,0.049526870250701904,1,2.8555450439453125,1,0.16410244835747612,0.0770474374294281,1,2.941070556640625
90.815,7,1,1,stimulusMovement,0,nan,nan,0,nan,1,0.24024518330891925,0.0937989354133606,1,2.911407470703125
107.477,7,1,1,stimulusMovement,1,-0.12315813700358072,0.11400121450424194,1,2.718475341796875,0,nan,nan,0,nan
124.14,7,1,1,stimulusMovement,1,-0.07201268937852646,-0.11241048574447632,1,3.4915771484375,0,nan,nan,0,nan
140.801,7,1,1,stimulusMovement,1,-0.19911660088433158,0.08713865280151367,1,2.7428131103515625,1,0.2188176049126519,0.05306875705718994,1,2.9764862060546875
157.464,7,1,1,stimulusMovement,0,nan,nan,0,nan,1,0.23865169949001735,0.08363384008407593,1,2.814788818359375
174.126,7,1,1,stimulusMovement,1,-0.17424588733249238,0.06991267204284668,1,2.768707275390625,1,0.18745496537950304,-0.00977236032485962,1,3.21112060546875
190.812,7,1,1,stimulusMovement,0,nan,nan,0,nan,1,0.17439662085639104,0.05353829264640808,1,3.0485076904296875
207.524,7,1,1,stimulusMovement,0,nan,nan,0,nan,1,0.23520999484592012,0.0048799216747283936,1,3.1514129638671875
224.24,7,1,1,stimulusMovement,0,nan,nan,0,nan,1,0.23169083065456814,0.06011047959327698,1,2.8759613037109375
240.931,7,1,1,stimulusMovement,0,nan,nan,0,nan,1,0.2243431939019097,0.00802120566368103,1,3.1014404296875
257.6,7,1,1,stimulusMovement,0,nan,nan,0,nan,1,0.23999627431233722,0.13551926612854004,1,2.758087158203125
274.268,7,1,1,stimulusMovement,0,nan,nan,0,nan,1,0.24036810133192274,0.02088642120361328,1,2.9932708740234375
290.934,7,1,1,stimulusMovement,1,-0.17747264438205293,0.05760723352432251,1,2.908172607421875,0,nan,nan,0,nan
307.602,7,1,1,stimulusMovement,1,-0.16027249230278862,0.12422055006027222,1,2.628662109375,0,nan,nan,0,nan
324.27,7,1,1,stimulusMovement,0,nan,nan,0,nan,1,0.2335205078125,0.026048660278320312,1,2.98114013671875
340.937,7,1,1,stimulusMovement,1,-0.10937653647528754,0.09163236618041992,1,2.6688385009765625,0,nan,nan,0,nan
357.605,7,1,1,stimulusMovement,1,-0.20004585054185653,0.011568725109100342,1,2.8837738037109375,0,nan,nan,0,nan
374.274,7,1,1,stimulusMovement,0,nan,nan,0,nan,1,0.21454895867241752,0.02016538381576538,1,3.0245513916015625
390.938,7,1,1,stimulusMovement,1,-0.1737858454386393,0.061525583267211914,1,2.7201995849609375,1,0.18324640062120226,0.04416698217391968,1,3.1475677490234375
407.6,7,1,1,stimulusMovement,0,nan,nan,0,nan,0,nan,nan,0,nan
424.262,7,1,1,stimulusMovement,1,-0.15204911761813691,0.008792102336883545,1,2.8990631103515625,1,0.20612970987955728,0.049926161766052246,1,2.96026611328125
440.926,7,1,1,stimulusMovement,1,-0.2002987331814236,0.008855253458023071,1,2.8240509033203125,1,0.19361114501953125,-9.655952453613281e-06,1,3.1669464111328125
457.594,7,1,1,stimulusMovement,0,nan,nan,0,nan,1,0.1965646743774414,0.08508250117301941,1,2.8618621826171875
474.262,7,1,1,stimulusMovement,0,nan,nan,0,nan,1,0.18798075781928167,-0.027400076389312744,1,3.2514495849609375
490.927,7,1,1,stimulusMovement,0,nan,nan,0,nan,1,0.20425457424587673,0.026541471481323242,1,3.0059356689453125
507.591,7,1,1,stimulusMovement,1,-0.12546597586737737,0.08939051628112793,1,2.6388702392578125,1,0.21197085910373262,0.08396810293197632,1,2.8806610107421875
524.255,7,1,1,stimulusMovement,1,-0.1758843527899848,0.08675700426101685,1,2.6150970458984375,1,0.1630950503879123,0.026141583919525146,1,3.1172943115234375
540.921,7,1,1,stimulusMovement,1,-0.1836835013495551,0.05467575788497925,1,2.7640380859375,1,0.21535661485460067,0.14787563681602478,1,2.75390625
557.588,7,1,1,stimulusMovement,1,-0.1048951678805881,0.088642418384552,1,2.6970367431640625,0,nan,nan,0,nan
574.256,7,1,1,stimulusMovement,1,-0.14088530010647243,0.015183329582214355,1,2.8870697021484375,1,0.23841847313774955,0.052983760833740234,1,2.933807373046875
590.92,7,1,1,stimulusMovement,1,-0.129505369398329,0.02491968870162964,1,2.9708404541015625,0,nan,nan,0,nan
607.586,7,1,1,stimulusMovement,0,nan,nan,0,nan,1,0.24304135640462238,0.05738076567649841,1,2.8285675048828125
624.251,7,1,1,stimulusMovement,0,nan,nan,0,nan,1,0.21385796864827472,0.06607592105865479,1,2.8694915771484375
640.916,7,1,1,stimulusMovement,1,-0.12724685668945312,0.07725995779037476,1,2.7191162109375,1,0.20630306667751735,0.05644625425338745,1,2.9475250244140625
657.583,7,1,1,stimulusMovement,1,-0.10099930233425564,-0.031155645847320557,1,3.2397308349609375,0,nan,nan,0,nan
674.251,7,1,1,stimulusMovement,0,nan,nan,0,nan,0,nan,nan,0,nan
690.915,7,1,1,stimulusMovement,1,-0.12008566326565212,0.09290239214897156,1,2.8195037841796875,1,0.2110288408067491,0.046721458435058594,1,2.9343719482421875
707.58,7,1,1,stimulusMovement,0,nan,nan,0,nan,0,nan,nan,0,nan
724.245,7,1,1,stimulusMovement,0,nan,nan,0,nan,1,0.22225231594509548,0.002339690923690796,1,3.0413055419921875
740.91,7,1,1,stimulusMovement,0,nan,nan,0,nan,1,0.17950619591606987,0.047302186489105225,1,3.088714599609375
757.577,7,1,1,stimulusMovement,0,nan,nan,0,nan,1,0.24494340684678817,-0.054296255111694336,1,3.280975341796875
774.244,7,1,1,stimulusMovement,1,-0.11825132369995117,0.09101647138595581,1,2.765045166015625,1,0.20076274871826172,0.01288515329360962,1,3.1236724853515625
790.907,7,1,1,stimulusMovement,0,nan,nan,0,nan,0,nan,nan,0,nan
807.568,7,1,1,stimulusMovement,1,-0.15314107471042207,-0.12694299221038818,1,3.3089599609375,1,0.2238779067993164,0.053634583950042725,1,3.0099029541015625
824.229,7,1,1,stimulusMovement,0,nan,nan,0,nan,1,0.23472362094455293,0.027354001998901367,1,3.0883941650390625
840.891,7,1,1,stimulusMovement,1,-0.18460973103841144,0.02399018406867981,1,3.158233642578125,0,nan,nan,0,nan
857.558,7,1,1,stimulusMovement,0,nan,nan,0,nan,1,0.22868866390652126,0.08363598585128784,1,2.8788604736328125
874.225,7,1,1,stimulusMovement,1,-0.1950369940863715,-0.012702465057373047,1,2.941375732421875,1,0.2022577921549479,0.07095426321029663,1,3.0325775146484375
890.89,7,1,1,stimulusMovement,1,-0.09488275316026475,0.01598334312438965,1,2.9591217041015625,0,nan,nan,0,nan
907.557,7,1,1,stimulusMovement,1,-0.1388683319091797,-0.01265561580657959,1,3.04534912109375,0,nan,nan,0,nan
924.224,7,1,1,stimulusMovement,0,nan,nan,0,nan,1,0.21093336741129556,0.036075204610824585,1,3.03656005859375
940.89,7,1,1,stimulusMovement,1,-0.09896453221638997,-0.1797162890434265,1,3.684295654296875,1,0.23438241746690536,0.04112154245376587,1,3.139434814453125
957.558,7,1,1,stimulusMovement,0,nan,nan,0,nan,1,0.2109671698676215,0.0262148380279541,1,3.112213134765625
974.225,7,1,1,stimulusMovement,0,nan,nan,0,nan,0,nan,nan,0,nan
990.891,7,1,1,stimulusMovement,0,nan,nan,0,nan,0,nan,nan,0,nan
1007.558,7,1,1,stimulusMovement,0,nan,nan,0,nan,0,nan,nan,0,nan
1024.225,7,1,1,stimulusMovement,0,nan,nan,0,nan,1,0.2190823025173611,0.02440708875656128,1,3.075592041015625
1040.891,7,1,1,stimulusMovement,0,nan,nan,0,nan,1,0.22495057847764754,0.10001051425933838,1,2.905181884765625
1057.557,7,1,1,stimulusMovement,1,-0.14663410186767578,0.03987175226211548,1,2.91851806640625,1,0.19090535905626085,-0.04586493968963623,1,3.396728515625
1074.224,7,1,1,stimulusMovement,1,-0.14465512169731987,-0.05999094247817993,1,3.1934661865234375,1,0.2433145311143663,0.049424052238464355,1,3.0448760986328125
1090.889,7,1,1,stimulusMovement,1,-0.14384418063693574,-0.02754843235015869,1,3.1533966064453125,1,0.20121532016330293,0.05647033452987671,1,3.200653076171875
1107.556,7,1,1,stimulusMovement,1,-0.08573955959743923,0.01762405037879944,1,2.9790496826171875,1,0.17493470509847003,0.015728145837783813,1,3.3083648681640625
1124.222,7,1,1,stimulusMovement,1,-0.1101064682006836,0.06069687008857727,1,2.785430908203125,0,nan,nan,0,nan
1140.888,7,1,1,stimulusMovement,0,nan,nan,0,nan,1,0.21546512179904512,0.11159735918045044,1,2.9004058837890625
1157.554,7,1,1,stimulusMovement,1,-0.118906921810574,-0.07856065034866333,1,3.340240478515625,1,0.1497824986775716,-0.1222732663154602,1,3.6450653076171875
1174.221,7,1,1,stimulusMovement,1,-0.1140690909491645,0.00837966799736023,1,3.002166748046875,1,0.20140457153320312,0.04178556799888611,1,3.0540618896484375
1190.886,7,1,1,stimulusMovement,1,-0.14278009202745226,0.05646026134490967,1,2.8591156005859375,0,nan,nan,0,nan
1207.553,7,1,1,stimulusMovement,0,nan,nan,0,nan,1,0.20360077752007377,0.08452481031417847,1,3.0022430419921875
1224.219,7,1,1,stimulusMovement,0,nan,nan,0,nan,1,0.23091231452094182,0.063709557056427,1,2.94793701171875
1240.884,7,1,1,stimulusMovement,1,-0.15530268351236978,-0.15644049644470215,1,3.5358123779296875,0,nan,nan,0,nan
1257.551,7,1,1,stimulusMovement,1,-0.1273252699110243,-0.037799298763275146,1,3.0906524658203125,1,0.2170093324449327,0.015077829360961914,1,3.17999267578125
1274.218,7,1,1,stimulusMovement,1,-0.17726686265733507,0.07916265726089478,1,2.8188934326171875,0,nan,nan,0,nan
1290.883,7,1,1,stimulusMovement,0,nan,nan,0,nan,0,nan,nan,0,nan
1307.55,7,1,1,stimulusMovement,1,-0.18370972739325628,0.010368317365646362,1,3.0350189208984375,1,0.2214795218573676,0.07576856017112732,1,2.99462890625
1324.217,7,1,1,stimulusMovement,0,nan,nan,0,nan,1,0.23511685265435112,-0.03826981782913208,1,3.2789306640625
1340.882,7,1,1,stimulusMovement,1,-0.17017825444539386,0.019072890281677246,1,3.01055908203125,0,nan,nan,0,nan
1357.549,7,1,1,stimulusMovement,0,nan,nan,0,nan,0,nan,nan,0,nan
1374.216,7,1,1,stimulusMovement,1,-0.23161564932929143,-0.045067429542541504,1,3.1329345703125,1,0.19729900360107422,0.07246056199073792,1,3.055389404296875
1390.881,7,1,1,stimulusMovement,0,nan,nan,0,nan,1,0.21922927432590059,0.03990650177001953,1,3.0522308349609375
1407.548,7,1,1,stimulusMovement,1,-0.15328767564561632,-0.132499098777771,1,3.68572998046875,1,0.2166898515489366,0.03965449333190918,1,3.0121002197265625
1424.215,7,1,1,stimulusMovement,1,-0.06498241424560547,-0.15471875667572021,1,3.7774658203125,1,0.21830092536078557,0.08311498165130615,1,2.9600830078125
1440.88,7,1,1,stimulusMovement,0,nan,nan,0,nan,1,0.2148130204942491,0.058084070682525635,1,3.0751190185546875
1457.547,7,1,1,stimulusMovement,1,-0.12868558035956487,-0.16927498579025269,1,3.58953857421875,1,0.17309803432888454,0.045995622873306274,1,3.11004638671875
1474.214,7,1,1,stimulusMovement,1,-0.13158300187852648,0.04507642984390259,1,2.94879150390625,1,0.15760580698649088,-0.011109709739685059,1,3.3875579833984375
1490.879,7,1,1,stimulusMovement,1,-0.18280537923177081,0.01338505744934082,1,3.0048828125,1,0.17043516370985243,0.018064290285110474,1,3.235626220703125
1507.546,7,1,1,stimulusMovement,0,nan,nan,0,nan,1,0.2060859468248155,0.029191970825195312,1,3.2371826171875
1524.214,7,1,1,stimulusMovement,0,nan,nan,0,nan,0,nan,nan,0,nan
1540.879,7,1,1,stimulusMovement,0,nan,nan,0,nan,1,0.1584108140733507,-0.03810751438140869,1,3.510498046875
1557.547,7,1,1,stimulusMovement,1,-0.23174571990966797,0.008993446826934814,1,3.07000732421875,1,0.2077014711168077,0.13154694437980652,1,2.9941253662109375
1574.214,7,1,1,stimulusMovement,0,nan,nan,0,nan,1,0.19348430633544922,0.10704964399337769,1,3.02960205078125
1590.881,7,1,1,fixation,1,-0.18460973103841144,0.05997800827026367,1,2.929107666015625,1,0.20662816365559894,0.029316753149032593,1,3.2333831787109375
1607.547,7,1,1,fixation,1,-0.14307122760348848,0.05636906623840332,1,2.5542755126953125,1,0.2042227851019965,0.07658851146697998,1,2.60552978515625
1624.215,7,1,1,fixation,1,-0.16414313846164277,0.05153879523277283,1,2.5638427734375,1,0.18142445882161456,0.08676844835281372,1,2.604095458984375
1640.881,7,1,1,fixation,0,nan,nan,0,nan,0,nan,nan,0,nan
1657.548,7,1,1,fixation,1,-0.17952887217203775,0.04566687345504761,1,3.0335235595703125,1,0.2223383585611979,0.03852805495262146,1,3.1892852783203125
1674.216,7,1,1,fixation,1,-0.1423985163370768,0.05559450387954712,1,2.6189422607421875,1,0.20993910895453557,0.0764680802822113,1,2.645355224609375
1690.882,7,1,1,fixation,1,-0.16726175944010416,0.049338340759277344,1,2.6291046142578125,1,0.17977926466200086,0.0868581235408783,1,2.6556396484375
1707.549,7,1,1,fixation,0,nan,nan,0,nan,0,nan,nan,0,nan
1724.216,7,1,1,fixation,1,-0.15356720818413627,0.03544050455093384,1,3.0810546875,1,0.1829205618964301,0.09376823902130127,1,3.1502685546875
1740.883,7,1,1,fixation,1,-0.1416547033521864,0.05551132559776306,1,2.684478759765625,1,0.2048458523220486,0.07884126901626587,1,2.71337890625
1757.549,7,1,1,fixation,1,-0.1592185762193468,0.05479627847671509,1,2.6904754638671875,1,0.17926046583387586,0.07965871691703796,1,2.728271484375
1774.217,7,1,1,fixation,0,nan,nan,0,nan,0,nan,nan,0,nan
1790.884,7,1,1,fixation,1,-0.13099246554904515,0.031727224588394165,1,3.405364990234375,1,0.21808285183376735,0.0629839301109314,1,3.2579803466796875
1807.551,7,1,1,fixation,1,-0.14353386561075845,0.05785226821899414,1,2.74481201171875,1,0.21017392476399738,0.07330244779586792,1,2.764312744140625
1824.217,7,1,1,fixation,1,-0.16376924514770508,0.053554654121398926,1,2.7614288330078125,1,0.1769705878363715,0.08174800872802734,1,2.79254150390625
1840.884,7,1,1,fixation,0,nan,nan,0,nan,0,nan,nan,0,nan
1857.551,7,1,1,fixation,0,nan,nan,0,nan,1,0.23220867580837673,0.0956505537033081,1,3.2486572265625
1874.219,7,1,1,fixation,1,-0.1401042938232422,0.05385717749595642,1,2.8056793212890625,1,0.20661799112955728,0.07537397742271423,1,2.826446533203125
1890.885,7,1,1,fixation,1,-0.1756387286716037,0.04636353254318237,1,2.8130950927734375,1,0.17610126071506074,0.08153048157691956,1,2.856842041015625
1907.552,7,1,1,fixation,0,nan,nan,0,nan,0,nan,nan,0,nan
1924.219,7,1,1,fixation,0,nan,nan,0,nan,1,0.18529256184895831,0.06589606404304504,1,3.3976287841796875
1940.885,7,1,1,fixation,1,-0.1412606769137912,0.054943859577178955,1,2.8502960205078125,1,0.20876333448621961,0.07354119420051575,1,2.88623046875
1957.551,7,1,1,fixation,1,-0.1619233555263943,0.049041539430618286,1,2.8602294921875,1,0.1760396957397461,0.08163613080978394,1,2.9121856689453125
1974.218,7,1,1,fixation,0,nan,nan,0,nan,0,nan,nan,0,nan
1990.885,7,1,1,fixation,1,-0.13637622197469074,-0.14536786079406738,1,3.847869873046875,0,nan,nan,0,nan
2007.551,7,1,1,fixation,1,-0.14509057998657227,0.055992305278778076,1,2.8978118896484375,1,0.20662996504041883,0.0720178484916687,1,2.9406890869140625
2024.217,7,1,1,fixation,1,-0.174136479695638,0.047782063484191895,1,2.90081787109375,1,0.17554219563802081,0.0796724259853363,1,2.9556884765625
2040.883,7,1,1,fixation,0,nan,nan,0,nan,0,nan,nan,0,nan
2057.55,7,1,1,fixation,0,nan,nan,0,nan,1,0.1841138203938802,0.002115905284881592,1,3.7165069580078125
2074.216,7,1,1,fixation,1,-0.1429115401373969,0.053689658641815186,1,2.9482269287109375,1,0.20623281266954208,0.07042574882507324,1,2.9881134033203125
2090.882,7,1,1,fixation,1,-0.17277627521091035,0.04491829872131348,1,2.9463653564453125,1,0.17834080590142143,0.08161258697509766,1,3.007049560546875
2107.549,7,1,1,fixation,0,nan,nan,0,nan,0,nan,nan,0,nan
2124.216,7,1,1,fixation,1,-0.21663988961113823,0.050276607275009155,1,3.8441009521484375,1,0.20051595899793836,-0.06005990505218506,1,3.7683868408203125
2140.881,7,1,1,fixation,1,-0.13204352060953775,0.03873756527900696,1,3.0055999755859375,1,0.20677354600694442,0.07246404886245728,1,3.0400238037109375
2157.548,7,1,1,fixation,1,-0.1709159215291341,0.04413750767707825,1,2.9915008544921875,1,0.17666392856174043,0.07760921120643616,1,3.0634918212890625
2174.215,7,1,1,fixation,0,nan,nan,0,nan,0,nan,nan,0,nan
2190.882,7,1,1,fixation,1,-0.21671411726209852,0.07109114527702332,1,3.261749267578125,1,0.18916681077745226,0.05325719714164734,1,3.56842041015625
2207.547,7,1,1,fixation,1,-0.1388470861646864,0.0530017614364624,1,3.049468994140625,1,0.20428763495551214,0.08013617992401123,1,3.0900421142578125
2224.214,7,1,1,fixation,1,-0.1603532897101508,0.0394628643989563,1,3.04681396484375,1,0.1719538370768229,0.07014188170433044,1,3.133544921875
2240.88,7,1,1,fixation,0,nan,nan,0,nan,0,nan,nan,0,nan
2257.547,7,1,1,fixation,0,nan,nan,0,nan,1,0.19420591990152994,0.08840703964233398,1,3.6162261962890625
2274.213,7,1,1,fixation,1,-0.13492499457465276,0.04952043294906616,1,3.0948028564453125,1,0.20238261752658418,0.07889509201049805,1,3.150482177734375
2290.879,7,1,1,fixation,1,-0.15881686740451387,0.05068838596343994,1,3.0839996337890625,1,0.1815338134765625,0.08402770757675171,1,3.1710357666015625
2307.546,7,1,1,fixation,0,nan,nan,0,nan,0,nan,nan,0,nan
2324.213,7,1,1,fixation,1,-0.07187742657131618,0.06666526198387146,1,3.9162750244140625,1,0.22547965579562715,0.029552459716796875,1,3.7185821533203125
2340.878,7,1,1,fixation,1,-0.13267262776692706,0.050211548805236816,1,3.137451171875,1,0.2006344265407986,0.08165952563285828,1,3.193695068359375
2357.545,7,1,1,fixation,1,-0.15681446923149955,0.05136847496032715,1,3.1213226318359375,1,0.17679458194308809,0.0805349349975586,1,3.22149658203125
2374.212,7,1,1,fixation,0,nan,nan,0,nan,0,nan,nan,0,nan
2390.879,7,1,1,fixation,0,nan,nan,0,nan,1,0.23017491234673393,-0.013550341129302979,1,3.90069580078125
2407.544,7,1,1,fixation,1,-0.12849548127916124,0.04883384704589844,1,3.160888671875,1,0.20170021057128906,0.08139526844024658,1,3.2274017333984375
2424.211,7,1,1,fixation,1,-0.15507613288031682,0.05197739601135254,1,3.147674560546875,1,0.17608748541937932,0.07880443334579468,1,3.2452850341796875
2440.877,7,1,1,fixation,0,nan,nan,0,nan,0,nan,nan,0,nan
2457.543,7,1,1,fixation,0,nan,nan,0,nan,1,0.20911004808213973,0.13655021786689758,1,3.5700531005859375
2474.21,7,1,1,fixation,1,-0.12448750601874457,0.04857057332992554,1,3.1642303466796875,1,0.20165231492784286,0.07948517799377441,1,3.2188262939453125
2490.876,7,1,1,fixation,1,-0.15477381812201604,0.04947546124458313,1,3.137420654296875,1,0.17648781670464408,0.0799359679222107,1,3.22802734375
2507.543,7,1,1,fixation,0,nan,nan,0,nan,0,nan,nan,0,nan
2524.209,7,1,1,fixation,1,-0.18886089324951172,0.06389394402503967,1,3.4651031494140625,1,0.16798761155870226,0.018824845552444458,1,3.761474609375
2540.875,7,1,1,fixation,1,-0.14308065838283962,0.05037680268287659,1,3.1158447265625,1,0.1844242943657769,0.0717729926109314,1,3.1714935302734375
2557.542,7,1,1,fixation,1,-0.1593693627251519,0.049417316913604736,1,3.0861663818359375,1,0.1661903593275282,0.07795652747154236,1,3.1693878173828125
2574.209,7,1,1,fixation,0,nan,nan,0,nan,0,nan,nan,0,nan
2590.875,7,1,1,fixation,0,nan,nan,0,nan,1,0.17519060770670572,0.06176987290382385,1,3.6497802734375
2607.541,7,1,1,fixation,1,-0.1355009608798557,0.050516486167907715,1,3.070159912109375,1,0.18941095140245226,0.07646068930625916,1,3.12091064453125
2624.208,7,1,1,fixation,1,-0.15990432103474933,0.040709614753723145,1,3.0662689208984375,1,0.16504075792100695,0.07044774293899536,1,3.1267547607421875
2640.874,7,1,1,fixation,0,nan,nan,0,nan,0,nan,nan,0,nan
2657.54,7,1,1,fixation,0,nan,nan,0,nan,1,0.1836921903822157,0.03715789318084717,1,3.6431121826171875
2674.207,7,1,1,fixation,1,-0.13584136962890625,0.04899787902832031,1,3.04547119140625,1,0.18695682949490017,0.07072201371192932,1,3.092010498046875
2690.873,7,1,1,fixation,1,-0.16095590591430664,0.03981804847717285,1,3.0339508056640625,1,0.16497241126166448,0.0689651370048523,1,3.099884033203125
2707.54,7,1,1,fixation,0,nan,nan,0,nan,0,nan,nan,0,nan
2724.206,7,1,1,fixation,1,-0.1559430228339301,0.061673521995544434,1,3.5116729736328125,0,nan,nan,0,nan
2740.872,7,1,1,fixation,1,-0.1305255889892578,0.03869059681892395,1,3.0200042724609375,1,0.19140052795410156,0.07187145948410034,1,3.0528717041015625
2757.539,7,1,1,fixation,1,-0.16382614771525064,0.04383373260498047,1,2.98553466796875,1,0.16140450371636283,0.06374126672744751,1,3.0695648193359375
2774.205,7,1,1,fixation,0,nan,nan,0,nan,0,nan,nan,0,nan
2790.872,7,1,1,fixation,0,nan,nan,0,nan,0,nan,nan,0,nan
2807.538,7,1,1,fixation,1,-0.13009680642022026,0.04365769028663635,1,2.962677001953125,1,0.20020008087158203,0.06310191750526428,1,2.9961090087890625
2824.205,7,1,1,fixation,1,-0.16749498579237196,0.04061177372932434,1,2.9309234619140625,1,0.16560098859998915,0.06854778528213501,1,2.9950103759765625
2840.87,7,1,1,fixation,0,nan,nan,0,nan,0,nan,nan,0,nan
2857.537,7,1,1,fixation,0,nan,nan,0,nan,0,nan,nan,0,nan
2874.204,7,1,1,fixation,1,-0.12794664171006945,0.02771797776222229,1,2.907501220703125,1,0.19838333129882812,0.0645328164100647,1,2.9256744384765625
2890.87,7,1,1,fixation,1,-0.15916294521755642,0.044177114963531494,1,2.8716278076171875,1,0.1659069061279297,0.06515520811080933,1,2.9266357421875
2907.536,7,1,1,fixation,0,nan,nan,0,nan,0,nan,nan,0,nan
2924.203,7,1,1,fixation,1,-0.17975521087646484,0.03926163911819458,1,3.3197784423828125,1,0.20840072631835938,0.09324461221694946,1,3.231719970703125
2940.869,7,1,1,fixation,1,-0.1321713129679362,0.04098248481750488,1,2.8346710205078125,1,0.20243771870930988,0.06001847982406616,1,2.86798095703125
2957.536,7,1,1,fixation,1,-0.16609615749782985,0.03655257821083069,1,2.80401611328125,1,0.169635984632704,0.06427446007728577,1,2.861114501953125
2974.202,7,1,1,fixation,0,nan,nan,0,nan,0,nan,nan,0,nan
2990.869,7,1,1,fixation,0,nan,nan,0,nan,1,0.215751224093967,0.07927462458610535,1,3.2554473876953125
3007.535,7,1,1,fixation,1,-0.13141515519883898,0.03844773769378662,1,2.7754364013671875,1,0.20087697770860458,0.06992769241333008,1,2.8078155517578125
3024.202,7,1,1,fixation,1,-0.16061189439561632,0.03379729390144348,1,2.7479400634765625,1,0.16862191094292533,0.06613326072692871,1,2.80340576171875
3040.867,7,1,1,fixation,0,nan,nan,0,nan,0,nan,nan,0,nan
3057.534,7,1,1,fixation,0,nan,nan,0,nan,0,nan,nan,0,nan
3074.201,7,1,1,fixation,1,-0.09449619717068142,0.06358534097671509,1,2.7216644287109375,1,0.2513696882459852,0.08571621775627136,1,2.7501678466796875
3090.866,7,1,1,fixation,1,-0.10792520311143662,0.069027841091156,1,2.6918182373046875,1,0.22518963283962673,0.09804201126098633,1,2.7264251708984375
3107.533,7,1,1,fixation,0,nan,nan,0,nan,0,nan,nan,0,nan
3124.2,7,1,1,fixation,1,-0.08933952119615342,0.06594079732894897,1,3.1552581787109375,1,0.27009540134006077,0.008759230375289917,1,3.448333740234375
3140.866,7,1,1,fixation,1,-0.09258211983574761,0.06756773591041565,1,2.6691131591796875,1,0.2532152599758572,0.08668124675750732,1,2.7072906494140625
3157.532,7,1,1,fixation,1,-0.11054325103759766,0.06286594271659851,1,2.6471099853515625,1,0.2247660954793294,0.09448179602622986,1,2.6864166259765625
3174.199,7,1,1,fixation,0,nan,nan,0,nan,0,nan,nan,0,nan
3190.866,7,1,1,fixation,0,nan,nan,0,nan,0,nan,nan,0,nan
3207.532,7,1,1,fixation,1,-0.10072893566555446,0.057672202587127686,1,2.637176513671875,1,0.24043634202745223,0.07905057072639465,1,2.6756439208984375
3224.198,7,1,1,fixation,1,-0.14051124784681532,0.034510791301727295,1,2.623138427734375,1,0.18640412224663627,0.06461286544799805,1,2.6702728271484375
3240.864,7,1,1,fixation,0,nan,nan,0,nan,0,nan,nan,0,nan
3257.531,7,1,1,fixation,1,-0.11291186014811197,0.026272058486938477,1,3.05584716796875,1,0.23792680104573566,0.04632669687271118,1,3.1976318359375
3274.198,7,1,1,fixation,1,-0.11946423848470052,0.03701093792915344,1,2.6164398193359375,1,0.2178510030110677,0.05957847833633423,1,2.6817626953125
3290.863,7,1,1,fixation,1,-0.15012825859917533,0.03565096855163574,1,2.60894775390625,1,0.1919017367892795,0.06534051895141602,1,2.6734771728515625
3307.53,7,1,1,fixation,0,nan,nan,0,nan,0,nan,nan,0,nan
3324.197,7,1,1,fixation,0,nan,nan,0,nan,1,0.19256930881076387,0.04922494292259216,1,3.2496490478515625
3340.863,7,1,1,fixation,1,-0.12257973353068033,0.03268909454345703,1,2.63037109375,1,0.22088114420572916,0.06072166562080383,1,2.7030487060546875
3357.529,7,1,1,fixation,1,-0.14631790584988064,0.03283768892288208,1,2.62835693359375,1,0.19227313995361328,0.058295607566833496,1,2.7095489501953125
3374.196,7,1,1,fixation,0,nan,nan,0,nan,0,nan,nan,0,nan
3390.863,7,1,1,fixation,0,nan,nan,0,nan,1,0.2405698564317491,0.06295830011367798,1,3.253753662109375
3407.529,7,1,1,fixation,1,-0.11973561180962455,0.03196766972541809,1,2.669189453125,1,0.21738624572753906,0.056296736001968384,1,2.7426300048828125
3424.195,7,1,1,fixation,1,-0.1461478339301215,0.029280155897140503,1,2.667877197265625,1,0.1890197330050998,0.056002795696258545,1,2.7682342529296875
3440.861,7,1,1,fixation,0,nan,nan,0,nan,0,nan,nan,0,nan
3457.528,7,1,1,fixation,0,nan,nan,0,nan,1,0.24955961439344618,0.02989804744720459,1,3.443817138671875
3474.194,7,1,1,fixation,1,-0.11950063705444336,0.029334694147109985,1,2.718048095703125,1,0.22572347852918836,0.05022343993186951,1,2.7890625
3490.86,7,1,1,fixation,1,-0.14669248792860243,0.02733069658279419,1,2.709625244140625,1,0.19068749745686847,0.05345168709754944,1,2.8176422119140625
3507.527,7,1,1,fixation,0,nan,nan,0,nan,0,nan,nan,0,nan
3524.194,7,1,1,fixation,0,nan,nan,0,nan,0,nan,nan,0,nan
3540.859,7,1,1,fixation,1,-0.11889383527967665,0.031703293323516846,1,2.766693115234375,1,0.2248729070027669,0.05072420835494995,1,2.8313140869140625
3557.526,7,1,1,fixation,1,-0.15173154407077363,0.030256688594818115,1,2.763153076171875,1,0.19420252905951604,0.06067898869514465,1,2.8450164794921875
3574.193,7,1,1,fixation,0,nan,nan,0,nan,0,nan,nan,0,nan
3590.86,7,1,1,fixation,0,nan,nan,0,nan,1,0.15953858693440753,-0.004247903823852539,1,3.69537353515625
3607.525,7,1,1,fixation,1,-0.13558239407009548,0.047474801540374756,1,2.81964111328125,1,0.20986037784152559,0.06428098678588867,1,2.8715972900390625
3624.192,7,1,1,fixation,1,-0.15371417999267578,0.03594398498535156,1,2.811492919921875,1,0.17719904581705728,0.06748217344284058,1,2.8913726806640625
3640.858,7,1,1,fixation,0,nan,nan,0,nan,0,nan,nan,0,nan
3657.525,7,1,1,fixation,0,nan,nan,0,nan,0,nan,nan,0,nan
3674.191,7,1,1,fixation,1,-0.1298818588256836,0.043585896492004395,1,2.8379669189453125,1,0.21103551652696395,0.06302648782730103,1,2.8966522216796875
3690.857,7,1,1,fixation,1,-0.15585369533962673,0.040619999170303345,1,2.8214263916015625,1,0.17701986100938585,0.06781354546546936,1,2.9167938232421875
3707.524,7,1,1,fixation,0,nan,nan,0,nan,0,nan,nan,0,nan
3724.191,7,1,1,fixation,0,nan,nan,0,nan,1,0.18598450554741752,0.0719122588634491,1,3.5291900634765625
3740.856,7,1,1,fixation,1,-0.13168716430664062,0.04027777910232544,1,2.8309326171875,1,0.207081052992079,0.060716211795806885,1,2.903289794921875
3757.523,7,1,1,fixation,1,-0.15849198235405815,0.031299054622650146,1,2.818817138671875,1,0.17681884765625,0.06655892729759216,1,2.9110870361328125
3774.19,7,1,1,fixation,0,nan,nan,0,nan,0,nan,nan,0,nan
3790.856,7,1,1,fixation,0,nan,nan,0,nan,1,0.21938260396321613,0.0906602144241333,1,3.3473358154296875
3807.522,7,1,1,fixation,1,-0.12690994474622938,0.03876936435699463,1,2.809112548828125,1,0.2097464667426215,0.062181830406188965,1,2.8878326416015625
3824.189,7,1,1,fixation,1,-0.16125027338663736,0.03114795684814453,1,2.7979736328125,1,0.17711745368109807,0.06498071551322937,1,2.893218994140625
3840.855,7,1,1,fixation,0,nan,nan,0,nan,0,nan,nan,0,nan
3857.521,7,1,1,fixation,0,nan,nan,0,nan,1,0.18375799391004774,0.025704622268676758,1,3.498779296875
3874.188,7,1,1,fixation,1,-0.13219674428304035,0.04285174608230591,1,2.7944183349609375,1,0.21186002095540363,0.058480262756347656,1,2.86688232421875
3890.854,7,1,1,fixation,1,-0.15982532501220703,0.0319426953792572,1,2.7880401611328125,1,0.1775366465250651,0.06497648358345032,1,2.8818817138671875
3907.521,7,1,1,fixation,0,nan,nan,0,nan,0,nan,nan,0,nan
3924.187,7,1,1,fixation,0,nan,nan,0,nan,0,nan,nan,0,nan
3940.853,7,1,1,fixation,1,-0.13116508060031468,0.03192031383514404,1,2.80291748046875,1,0.20664130316840276,0.057594478130340576,1,2.8665008544921875
3957.52,7,1,1,fixation,1,-0.15670283635457355,0.02428537607192993,1,2.800750732421875,1,0.18122111426459417,0.05644291639328003,1,2.8848419189453125
3974.187,7,1,1,fixation,0,nan,nan,0,nan,0,nan,nan,0,nan
3990.853,7,1,1,fixation,0,nan,nan,0,nan,0,nan,nan,0,nan
4007.519,7,1,1,fixation,0,nan,nan,0,nan,0,nan,nan,0,nan
4024.186,7,1,1,fixation,0,nan,nan,0,nan,0,nan,nan,0,nan
4040.852,7,1,1,fixation,0,nan,nan,0,nan,0,nan,nan,0,nan
4057.518,7,1,1,fixation,0,nan,nan,0,nan,0,nan,nan,0,nan
4074.185,7,1,1,fixation,0,nan,nan,0,nan,0,nan,nan,0,nan
4090.851,7,1,1,fixation,0,nan,nan,0,nan,0,nan,nan,0,nan
4107.518,7,1,1,fixation,0,nan,nan,0,nan,0,nan,nan,0,nan
4124.184,7,1,1,fixation,0,nan,nan,0,nan,0,nan,nan,0,nan
4140.85,7,1,1,fixation,0,nan,nan,0,nan,0,nan,nan,0,nan
4157.517,7,1,1,fixation,0,nan,nan,0,nan,0,nan,nan,0,nan
4174.183,7,1,1,fixation,0,nan,nan,0,nan,0,nan,nan,0,nan
4190.85,7,1,1,fixation,0,nan,nan,0,nan,0,nan,nan,0,nan
4207.516,7,1,1,fixation,1,0.04182200961642795,-0.06082892417907715,1,2.557159423828125,1,0.2734832763671875,-0.0007367134094238281,1,2.9456634521484375
4224.183,7,1,1,fixation,0,nan,nan,0,nan,1,0.2422133551703559,0.05231755971908569,1,3.0133209228515625
4240.848,7,1,1,fixation,0,nan,nan,0,nan,0,nan,nan,0,nan
4257.515,7,1,1,fixation,0,nan,nan,0,nan,1,0.26733822292751735,0.06224769353866577,1,3.3899078369140625
4274.182,7,1,1,fixation,1,-0.07714102003309461,0.00822228193283081,1,3.039337158203125,1,0.27166981167263454,0.051007986068725586,1,3.047454833984375
4290.848,7,1,1,fixation,1,-0.11604997846815321,0.004383385181427002,1,3.0314178466796875,1,0.24104012383355033,0.051227569580078125,1,3.0731658935546875
4307.514,7,1,1,fixation,0,nan,nan,0,nan,0,nan,nan,0,nan
4324.181,7,1,1,fixation,0,nan,nan,0,nan,1,0.25037701924641925,0.0713568925857544,1,3.4827880859375
4340.847,7,1,1,fixation,1,-0.06900172763400607,0.004984796047210693,1,3.093536376953125,1,0.26466454399956596,0.05422627925872803,1,3.1020050048828125
4357.514,7,1,1,fixation,1,-0.1133731206258138,0.01668494939804077,1,3.081634521484375,1,0.24092716640896267,0.05334615707397461,1,3.1249847412109375
4374.18,7,1,1,fixation,0,nan,nan,0,nan,0,nan,nan,0,nan
4390.847,7,1,1,fixation,0,nan,nan,0,nan,1,0.2776276270548502,0.006100952625274658,1,3.7201385498046875
4407.513,7,1,1,fixation,1,-0.07732460233900282,0.015933066606521606,1,3.146728515625,1,0.2597802480061849,0.06086146831512451,1,3.151611328125
4424.18,7,1,1,fixation,1,-0.1303966310289171,0.025835037231445312,1,3.1323699951171875,1,0.22362083858913845,0.06179600954055786,1,3.18572998046875
4440.845,7,1,1,fixation,0,nan,nan,0,nan,0,nan,nan,0,nan
4457.512,7,1,1,fixation,1,-0.06364928351508246,-0.07172852754592896,1,4.06976318359375,1,0.21942785051133895,-0.022446870803833008,1,3.92486572265625
4474.179,7,1,1,fixation,1,-0.13819185892740884,0.037931084632873535,1,3.193817138671875,1,0.1962498558892144,0.07299721240997314,1,3.194061279296875
4490.845,7,1,1,fixation,1,-0.1601239310370551,0.04026186466217041,1,3.170928955078125,1,0.18373637729220918,0.06581839919090271,1,3.2183837890625
4507.511,7,1,1,fixation,0,nan,nan,0,nan,0,nan,nan,0,nan
4524.178,7,1,1,fixation,1,-0.02580812242296007,-0.052703142166137695,1,4.24407958984375,1,0.18725003136528862,0.06295320391654968,1,3.8035888671875
4540.844,7,1,1,fixation,1,-0.13497543334960938,0.031497687101364136,1,3.1591644287109375,1,0.1984090805053711,0.06322798132896423,1,3.1673431396484375
4557.51,7,1,1,fixation,1,-0.17039659288194445,0.028657734394073486,1,3.1286163330078125,1,0.17243809170193142,0.06192731857299805,1,3.16973876953125
4574.177,7,1,1,fixation,0,nan,nan,0,nan,0,nan,nan,0,nan
4590.844,7,1,1,fixation,0,nan,nan,0,nan,1,0.23526393042670354,0.020037412643432617,1,3.6873931884765625
4607.51,7,1,1,stimulusMovement,1,-0.13566112518310547,0.03222408890724182,1,3.060546875,1,0.1890046861436632,0.07085394859313965,1,3.0523223876953125
4624.176,7,1,1,stimulusMovement,0,nan,nan,0,nan,0,nan,nan,0,nan
4640.843,7,1,1,stimulusMovement,1,-0.12598901324801975,-0.1365445852279663,1,4.09552001953125,1,0.14883963267008463,-0.047150254249572754,1,3.8183746337890625
4657.509,7,1,1,stimulusMovement,0,nan,nan,0,nan,0,nan,nan,0,nan
4674.176,7,1,1,stimulusMovement,0,nan,nan,0,nan,0,nan,nan,0,nan
4690.843,7,1,1,stimulusMovement,0,nan,nan,0,nan,0,nan,nan,0,nan
4707.512,7,1,1,stimulusMovement,0,nan,nan,0,nan,0,nan,nan,0,nan
4724.182,7,1,1,stimulusMovement,0,nan,nan,0,nan,0,nan,nan,0,nan
4740.85,7,1,1,stimulusMovement,0,nan,nan,0,nan,0,nan,nan,0,nan
4757.519,7,1,1,stimulusMovement,0,nan,nan,0,nan,0,nan,nan,0,nan
4774.188,7,1,1,stimulusMovement,0,nan,nan,0,nan,0,nan,nan,0,nan
4790.857,7,1,1,stimulusMovement,0,nan,nan,0,nan,0,nan,nan,0,nan
4807.526,7,1,1,stimulusMovement,0,nan,nan,0,nan,0,nan,nan,0,nan
4824.195,7,1,1,stimulusMovement,0,nan,nan,0,nan,0,nan,nan,0,nan
4840.864,7,1,1,stimulusMovement,0,nan,nan,0,nan,0,nan,nan,0,nan
4857.533,7,1,1,stimulusMovement,0,nan,nan,0,nan,0,nan,nan,0,nan
4874.202,7,1,1,stimulusMovement,0,nan,nan,0,nan,0,nan,nan,0,nan
4890.871,7,1,1,stimulusMovement,0,nan,nan,0,nan,0,nan,nan,0,nan
4907.54,7,1,1,stimulusMovement,0,nan,nan,0,nan,0,nan,nan,0,nan
4924.21,7,1,1,stimulusMovement,0,nan,nan,0,nan,0,nan,nan,0,nan
4940.878,7,1,1,stimulusMovement,0,nan,nan,0,nan,0,nan,nan,0,nan
4957.548,7,1,1,stimulusMovement,0,nan,nan,0,nan,0,nan,nan,0,nan
4974.218,7,1,1,stimulusMovement,0,nan,nan,0,nan,0,nan,nan,0,nan
4990.887,7,1,1,stimulusMovement,0,nan,nan,0,nan,0,nan,nan,0,nan
5007.556,7,1,1,stimulusMovement,0,nan,nan,0,nan,0,nan,nan,0,nan
5024.225,7,1,1,stimulusMovement,0,nan,nan,0,nan,1,0.29993173811170787,-0.03980898857116699,1,3.1904449462890625
5040.894,7,1,1,stimulusMovement,0,nan,nan,0,nan,1,0.2750197516547309,-0.02732396125793457,1,3.2292327880859375
5057.564,7,1,1,stimulusMovement,1,-0.09306001663208008,-0.06062960624694824,1,2.96636962890625,0,nan,nan,0,nan
5074.233,7,1,1,stimulusMovement,1,-0.10564523273044162,-0.014107108116149902,1,3.0760650634765625,0,nan,nan,0,nan
5090.902,7,1,1,stimulusMovement,1,-0.13119257820977104,-0.02819383144378662,1,3.14532470703125,1,0.2802645365397135,-0.05307292938232422,1,3.4611358642578125
5107.572,7,1,1,stimulusMovement,1,-0.12401390075683594,-0.1016625165939331,1,3.5729217529296875,1,0.21019808451334634,-0.04953044652938843,1,3.542022705078125
5124.242,7,1,1,stimulusMovement,0,nan,nan,0,nan,1,0.2699788411458333,-0.11291050910949707,1,3.5814056396484375
5140.911,7,1,1,stimulusMovement,1,-0.054316467709011496,-0.10834348201751709,1,3.554168701171875,0,nan,nan,0,nan
5157.58,7,1,1,stimulusMovement,1,-0.12081670761108398,-0.11129391193389893,1,3.616241455078125,1,0.26435936821831596,-0.03313946723937988,1,3.2867279052734375
5174.25,7,1,1,stimulusMovement,1,-0.04518392350938585,-0.04978740215301514,1,3.508209228515625,1,0.25759220123291016,-0.08336061239242554,1,3.5364837646484375
5190.919,7,1,1,stimulusMovement,0,nan,nan,0,nan,1,0.2753523720635308,-0.09503316879272461,1,3.6300048828125
5207.589,7,1,1,stimulusMovement,1,-0.25926971435546875,-0.022954881191253662,1,3.79290771484375,1,0.2744898266262478,-0.09323430061340332,1,3.620147705078125
5224.259,7,1,1,stimulusMovement,0,nan,nan,0,nan,1,0.24984614054361978,-0.0064078569412231445,1,3.486541748046875
5240.928,7,1,1,stimulusMovement,1,-0.09564532174004449,-0.10538935661315918,1,3.925506591796875,1,0.2878076765272352,-0.13539725542068481,1,3.82666015625
5257.598,7,1,1,stimulusMovement,0,nan,nan,0,nan,1,0.21112018161349824,-0.12368631362915039,1,3.8419036865234375
5274.268,7,1,1,stimulusMovement,1,-0.0946675936381022,-0.011233150959014893,1,3.430816650390625,1,0.24889140658908418,-0.12460362911224365,1,3.8995361328125
5290.937,7,1,1,stimulusMovement,0,nan,nan,0,nan,1,0.26896582709418404,-0.06567949056625366,1,3.6947021484375
5307.606,7,1,1,stimulusMovement,0,nan,nan,0,nan,1,0.235923343234592,-0.08322322368621826,1,3.802886962890625
5324.277,7,1,1,stimulusMovement,0,nan,nan,0,nan,0,nan,nan,0,nan
5340.946,7,1,1,stimulusMovement,1,-0.05684365166558159,0.03263455629348755,1,3.5789947509765625,1,0.2395730548434787,-0.038311004638671875,1,3.61993408203125
5357.616,7,1,1,stimulusMovement,0,nan,nan,0,nan,1,0.24137719472249347,-0.03855454921722412,1,3.654449462890625
5374.286,7,1,1,stimulusMovement,0,nan,nan,0,nan,1,0.20131789313422307,0.10224810242652893,1,3.5292205810546875
5390.955,7,1,1,stimulusMovement,0,nan,nan,0,nan,1,0.1493663787841797,-0.08163726329803467,1,4.1769256591796875
5407.625,7,1,1,stimulusMovement,0,nan,nan,0,nan,0,nan,nan,0,nan
5424.295,7,1,1,stimulusMovement,0,nan,nan,0,nan,1,0.20853434668646917,-0.0010097026824951172,1,3.6315155029296875
5440.964,7,1,1,stimulusMovement,1,-0.1273863050672743,-0.017971515655517578,1,3.7972564697265625,1,0.20487393273247612,-0.024854063987731934,1,3.71002197265625
5457.635,7,1,1,stimulusMovement,1,-0.11631732516818576,0.017184197902679443,1,3.512542724609375,0,nan,nan,0,nan
5474.305,7,1,1,stimulusMovement,1,-0.13590992821587455,0.020187437534332275,1,3.4409637451171875,1,0.172091801961263,-0.14397096633911133,1,4.0714874267578125
5490.972,7,1,1,stimulusMovement,0,nan,nan,0,nan,1,0.163554933336046,-0.01618117094039917,1,3.5057830810546875
5507.639,7,1,1,stimulusMovement,0,nan,nan,0,nan,1,0.20858012305365667,0.023012638092041016,1,3.4323272705078125
5524.307,7,1,1,stimulusMovement,1,-0.06380616294013129,-0.08078080415725708,1,3.7087554931640625,0,nan,nan,0,nan
5540.973,7,1,1,stimulusMovement,1,-0.13499954011705187,0.024673014879226685,1,3.3267364501953125,1,0.21890883975558809,-0.006681501865386963,1,3.3324432373046875
5557.64,7,1,1,stimulusMovement,0,nan,nan,0,nan,1,0.2026778327094184,-0.003219127655029297,1,3.4525604248046875
5574.307,7,1,1,stimulusMovement,1,-0.17869186401367188,-0.06472700834274292,1,3.33782958984375,1,0.20682133568657768,0.04513734579086304,1,3.245635986328125
5590.974,7,1,1,stimulusMovement,0,nan,nan,0,nan,1,0.18573474884033203,0.016537189483642578,1,3.3530426025390625
5607.641,7,1,1,stimulusMovement,0,nan,nan,0,nan,0,nan,nan,0,nan
5624.308,7,1,1,stimulusMovement,0,nan,nan,0,nan,0,nan,nan,0,nan
5640.974,7,1,1,stimulusMovement,1,-0.17509995566474065,0.051856786012649536,1,2.9532470703125,0,nan,nan,0,nan
5657.642,7,1,1,stimulusMovement,0,nan,nan,0,nan,1,0.21331893073187932,0.02549988031387329,1,3.2295074462890625
5674.309,7,1,1,stimulusMovement,1,-0.16374651590983072,0.07293689250946045,1,2.972259521484375,1,0.1811928219265408,0.03226041793823242,1,3.1973876953125
5690.975,7,1,1,stimulusMovement,1,-0.14345916112263996,0.03466898202896118,1,3.0737762451171875,1,0.18318960401746961,0.01366335153579712,1,3.354248046875
5707.642,7,1,1,stimulusMovement,0,nan,nan,0,nan,1,0.20871268378363714,0.07062035799026489,1,3.045318603515625
5724.31,7,1,1,stimulusMovement,0,nan,nan,0,nan,1,0.17140992482503253,-0.17907696962356567,1,3.8314056396484375
5740.976,7,1,1,stimulusMovement,1,-0.15581491258409289,0.04261431097984314,1,3.0972900390625,1,0.18438360426161024,-0.005869746208190918,1,3.260467529296875
5757.643,7,1,1,stimulusMovement,0,nan,nan,0,nan,1,0.21268728044297958,-0.008317828178405762,1,3.2481536865234375
5774.31,7,1,1,stimulusMovement,1,-0.15786319308810762,-0.005245804786682129,1,3.117095947265625,1,0.18544250064425996,-0.15218305587768555,1,3.7628936767578125
5790.977,7,1,1,stimulusMovement,1,-0.16461329989963105,-0.051319420337677,1,3.27667236328125,1,0.20468648274739581,0.01472499966621399,1,3.1917572021484375
5807.644,7,1,1,stimulusMovement,1,-0.17862176895141602,0.0316639244556427,1,2.948577880859375,1,0.2382171418931749,-0.016455352306365967,1,3.2898712158203125
5824.311,7,1,1,stimulusMovement,1,-0.13589170244004992,-0.01608055830001831,1,3.1316986083984375,1,0.16116809844970703,0.014682173728942871,1,3.292999267578125
5840.977,7,1,1,stimulusMovement,1,-0.2530536651611328,-0.05890113115310669,1,3.7112274169921875,1,0.23270829518636066,0.0180819034576416,1,3.2963409423828125
5857.645,7,1,1,stimulusMovement,0,nan,nan,0,nan,1,0.1756922403971354,0.03841516375541687,1,3.0694580078125
5874.312,7,1,1,stimulusMovement,0,nan,nan,0,nan,0,nan,nan,0,nan
5890.979,7,1,1,stimulusMovement,0,nan,nan,0,nan,1,0.15842045678032768,0.09974610805511475,1,3.3868865966796875
5907.645,7,1,1,stimulusMovement,0,nan,nan,0,nan,1,0.22084183163113064,0.06546920537948608,1,2.9974517822265625
5924.313,7,1,1,stimulusMovement,0,nan,nan,0,nan,0,nan,nan,0,nan
5940.979,7,1,1,stimulusMovement,0,nan,nan,0,nan,1,0.24447960323757595,0.012173652648925781,1,3.21209716796875
5957.646,7,1,1,stimulusMovement,1,-0.18269782596164277,0.0038392841815948486,1,3.0886077880859375,0,nan,nan,0,nan
5974.313,7,1,1,stimulusMovement,0,nan,nan,0,nan,0,nan,nan,0,nan
5990.98,7,1,1,stimulusMovement,0,nan,nan,0,nan,1,0.22915395100911456,0.04106596112251282,1,3.1385650634765625
6007.647,7,1,1,stimulusMovement,0,nan,nan,0,nan,1,0.20817703670925564,0.06750404834747314,1,3.0598297119140625
6024.314,7,1,1,stimulusMovement,0,nan,nan,0,nan,0,nan,nan,0,nan
6040.98,7,1,1,stimulusMovement,0,nan,nan,0,nan,1,0.20905155605740017,0.03875887393951416,1,3.1013946533203125
6057.648,7,1,1,stimulusMovement,1,-0.24603642357720268,0.10749706625938416,1,3.32073974609375,1,0.20927418602837455,0.0074770450592041016,1,3.1964569091796875
6074.315,7,1,1,stimulusMovement,0,nan,nan,0,nan,1,0.171001222398546,0.011898994445800781,1,3.1256561279296875
6090.981,7,1,1,stimulusMovement,0,nan,nan,0,nan,1,0.2052204344007704,0.03121805191040039,1,3.1130218505859375
6107.648,7,1,1,stimulusMovement,0,nan,nan,0,nan,1,0.20886866251627603,0.06191849708557129,1,3.039642333984375
6124.316,7,1,1,stimulusMovement,0,nan,nan,0,nan,1,0.17288250393337673,0.021451175212860107,1,3.146881103515625
6140.982,7,1,1,stimulusMovement,1,-0.14855406019422743,-0.0022965073585510254,1,3.0261383056640625,1,0.19913609822591144,-0.009105443954467773,1,3.280303955078125
6157.649,7,1,1,stimulusMovement,0,nan,nan,0,nan,1,0.20083045959472656,0.01900416612625122,1,3.2735137939453125
6174.316,7,1,1,stimulusMovement,0,nan,nan,0,nan,0,nan,nan,0,nan
6190.983,7,1,1,stimulusMovement,1,-0.19702090157402885,0.05015021562576294,1,2.993255615234375,1,0.20635562472873262,0.09280449151992798,1,2.9265899658203125
6207.65,7,1,1,stimulusMovement,1,-0.2040427525838216,0.02998870611190796,1,2.984039306640625,1,0.21220503913031682,0.0668317973613739,1,3.0522308349609375
6224.317,7,1,1,stimulusMovement,1,-0.17243840959337023,0.022413194179534912,1,2.9068603515625,1,0.16165701548258463,-0.09848332405090332,1,3.6322784423828125
6240.983,7,1,1,stimulusMovement,1,-0.1605468326144748,0.0231248140335083,1,2.966400146484375,1,0.1254627439710829,-0.12137389183044434,1,3.577239990234375
6257.651,7,1,1,stimulusMovement,0,nan,nan,0,nan,1,0.1927525202433268,0.01304405927658081,1,3.246490478515625
6274.318,7,1,1,stimulusMovement,0,nan,nan,0,nan,1,0.18210824330647785,0.010376214981079102,1,3.2931976318359375
6290.983,7,1,1,stimulusMovement,1,-0.1375969780815972,0.05906751751899719,1,2.967498779296875,1,0.16800392998589408,0.03707578778266907,1,3.2476348876953125
6307.65,7,1,1,stimulusMovement,0,nan,nan,0,nan,1,0.146820068359375,-0.061239540576934814,1,3.4970550537109375
6324.318,7,1,1,stimulusMovement,1,-0.18912940555148652,0.06417596340179443,1,2.923736572265625,1,0.20331785413953993,0.030986756086349487,1,3.193267822265625
6340.984,7,1,1,stimulusMovement,0,nan,nan,0,nan,1,0.14492098490397134,-0.05850708484649658,1,3.561309814453125
6357.651,7,1,1,stimulusMovement,1,-0.09658082326253255,-0.05262911319732666,1,3.46209716796875,1,0.18240504794650605,0.06194642186164856,1,3.163116455078125
6374.317,7,1,1,stimulusMovement,0,nan,nan,0,nan,1,0.18773523966471353,0.054245173931121826,1,3.14031982421875
6390.984,7,1,1,stimulusMovement,1,-0.17196263207329643,0.07716694474220276,1,2.938385009765625,0,nan,nan,0,nan
6407.651,7,1,1,stimulusMovement,1,-0.13253667619493273,-0.0852118730545044,1,3.5527496337890625,1,0.1704092025756836,0.04488590359687805,1,3.2119903564453125
6424.318,7,1,1,stimulusMovement,0,nan,nan,0,nan,1,0.1682901382446289,0.032149553298950195,1,3.3220367431640625
6440.983,7,1,1,stimulusMovement,0,nan,nan,0,nan,1,0.2046783235337999,0.04358065128326416,1,3.142059326171875
6457.651,7,1,1,stimulusMovement,1,-0.2126117812262641,0.03033265471458435,1,3.07147216796875,1,0.18235736423068574,0.025089621543884277,1,3.2781829833984375
6474.318,7,1,1,stimulusMovement,0,nan,nan,0,nan,1,0.17420037587483722,-0.15932494401931763,1,3.870819091796875
6490.985,7,1,1,stimulusMovement,1,-0.17216078440348306,-0.05996948480606079,1,3.5246124267578125,0,nan,nan,0,nan
6507.65,7,1,1,stimulusMovement,0,nan,nan,0,nan,1,-0.0198775397406684,-0.06598567962646484,1,3.3245697021484375
6524.317,7,1,1,stimulusMovement,1,-0.24388021892971462,-0.24565374851226807,1,3.9311370849609375,1,0.0026040607028537323,-0.0026024580001831055,1,3.1870880126953125
6540.984,7,1,1,stimulusMovement,0,nan,nan,0,nan,0,nan,nan,0,nan
6557.651,7,1,1,stimulusMovement,0,nan,nan,0,nan,0,nan,nan,0,nan
6574.317,7,1,1,stimulusMovement,0,nan,nan,0,nan,1,-0.008234341939290363,-0.050638556480407715,1,3.4561767578125
6590.983,7,1,1,stimulusMovement,1,-0.3416448169284397,-0.13075345754623413,1,3.5235443115234375,1,-0.034597290886773005,-0.04676473140716553,1,3.2235870361328125
6607.651,7,1,1,stimulusMovement,1,-0.383933597140842,-0.11990457773208618,1,3.31195068359375,1,-0.009584532843695747,-0.04627716541290283,1,3.2469940185546875
6624.318,7,1,1,stimulusMovement,1,-0.4187104437086317,-0.1614399552345276,1,3.4623870849609375,1,-0.029707696702745225,-0.12064701318740845,1,3.529296875
6640.983,7,1,1,stimulusMovement,1,-0.4161477618747287,-0.1847836971282959,1,3.5041656494140625,1,-0.07799614800347222,-0.06940662860870361,1,3.4290618896484375
6657.65,7,1,1,stimulusMovement,1,-0.41880930794609916,-0.15814369916915894,1,3.374481201171875,0,nan,nan,0,nan
6674.318,7,1,1,stimulusMovement,0,nan,nan,0,nan,0,nan,nan,0,nan
6690.983,7,1,1,stimulusMovement,1,-0.42845927344428164,-0.15101730823516846,1,3.338775634765625,1,-0.06109841664632161,-0.022482633590698242,1,3.2640228271484375
6707.65,7,1,1,stimulusMovement,1,-0.4368819130791558,-0.11861026287078857,1,3.3445892333984375,1,-0.094361941019694,-0.08954280614852905,1,3.4290924072265625
6724.317,7,1,1,stimulusMovement,1,-0.5807864401075574,-0.27745968103408813,1,3.5391998291015625,1,-0.2606268458896213,-0.22979331016540527,1,3.5244140625
6740.984,7,1,1,stimulusMovement,1,-0.5628065003289117,-0.27887898683547974,1,3.5098876953125,0,nan,nan,0,nan
6757.65,7,1,1,stimulusMovement,1,-0.5669140021006266,-0.2703976631164551,1,3.5504150390625,0,nan,nan,0,nan
6774.317,7,1,1,stimulusMovement,1,-0.5520876778496636,-0.31375569105148315,1,3.5796661376953125,0,nan,nan,0,nan
6790.983,7,1,1,stimulusMovement,1,-0.6132564544677734,-0.29503047466278076,1,3.4857940673828125,0,nan,nan,0,nan
6807.651,7,1,1,stimulusMovement,1,-0.5708884663052028,-0.2940136194229126,1,3.5637664794921875,1,-0.3089427947998047,-0.2659497857093811,1,3.484771728515625
6824.317,7,1,1,stimulusMovement,1,-0.5767171382904053,-0.3143843412399292,1,3.5827789306640625,1,-0.27271927727593315,-0.2680000066757202,1,3.5495147705078125
6840.983,7,1,1,stimulusMovement,1,-0.6601776017083062,-0.32768332958221436,1,3.52716064453125,0,nan,nan,0,nan
6857.65,7,1,1,stimulusMovement,1,-0.6893772549099392,-0.32356488704681396,1,3.4530487060546875,1,-0.3256354331970215,-0.3460499048233032,1,3.7716522216796875
6874.318,7,1,1,stimulusMovement,1,-0.6270203590393066,-0.3155430555343628,1,3.562530517578125,0,nan,nan,0,nan
6890.983,7,1,1,stimulusMovement,1,-0.6281063026852077,-0.34270626306533813,1,3.53057861328125,1,-0.4031529426574707,-0.3152756690979004,1,3.72589111328125
6907.65,7,1,1,stimulusMovement,1,-0.6692038377126057,-0.31465935707092285,1,3.6015777587890625,1,-0.3789718945821126,-0.32442283630371094,1,3.5242462158203125
6924.317,7,1,1,stimulusMovement,1,-0.7245149612426758,-0.3523068428039551,1,3.456878662109375,0,nan,nan,0,nan
6940.983,7,1,1,stimulusMovement,1,-0.6516800456576877,-0.32636553049087524,1,3.5115966796875,1,-0.37850215699937606,-0.33869224786758423,1,3.606842041015625
6957.65,7,1,1,stimulusMovement,1,-0.6837309334013196,-0.3121870756149292,1,3.4608612060546875,1,-0.40739509794447154,-0.29566508531570435,1,3.536102294921875
6974.317,7,1,1,stimulusMovement,1,-0.7223297887378268,-0.33514583110809326,1,3.354156494140625,1,-0.3547199037339952,-0.3167053461074829,1,3.6587371826171875
6990.983,7,1,1,stimulusMovement,1,-0.7355301115247938,-0.34197670221328735,1,3.4500885009765625,1,-0.3757046063741048,-0.31228357553482056,1,3.5474700927734375
7007.65,7,1,1,stimulusMovement,1,-0.7411870294147067,-0.35840779542922974,1,3.4152679443359375,1,-0.4061196645100911,-0.29874730110168457,1,3.3923797607421875
7024.317,7,1,1,stimulusMovement,1,-0.7455596261554294,-0.37865638732910156,1,3.3668975830078125,1,-0.4476657973395453,-0.2795405387878418,1,3.3495635986328125
7040.983,7,1,1,stimulusMovement,1,-0.7223624918195936,-0.30278873443603516,1,3.6162261962890625,1,-0.45132690005832243,-0.32551753520965576,1,3.4183502197265625
7057.65,7,1,1,stimulusMovement,1,-0.7676542864905463,-0.37014371156692505,1,3.27764892578125,1,-0.5205639468299018,-0.3405264616012573,1,3.27471923828125
7074.317,7,1,1,stimulusMovement,1,-0.8177070286538866,-0.3901066780090332,1,3.34454345703125,1,-0.36469602584838867,-0.36907052993774414,1,3.7732391357421875
7090.983,7,1,1,stimulusMovement,1,-0.8984648982683817,-0.4455811381340027,1,3.296051025390625,1,-0.6027678383721246,-0.36132824420928955,1,3.1837615966796875
7107.65,7,1,1,stimulusMovement,1,-0.9051652120219336,-0.4463663697242737,1,3.2138519287109375,1,-0.5795146094428169,-0.3851677179336548,1,3.3527069091796875
7124.316,7,1,1,stimulusMovement,0,nan,nan,0,nan,1,-0.5739707946777344,-0.4127027988433838,1,3.3963623046875
7140.983,7,1,1,stimulusMovement,1,-0.8839424376686413,-0.40997976064682007,1,3.4640960693359375,1,-0.581465827094184,-0.4106602072715759,1,3.37030029296875
7157.65,7,1,1,stimulusMovement,1,-0.9478068417972988,-0.44506967067718506,1,3.24920654296875,1,-0.5848744975195991,-0.3924320936203003,1,3.3466033935546875
7174.317,7,1,1,stimulusMovement,1,-0.9611976742744446,-0.4467211961746216,1,3.2552337646484375,1,-0.646554602517022,-0.4409582018852234,1,3.250823974609375
7190.982,7,1,1,stimulusMovement,1,-0.9314989513821071,-0.4572274684906006,1,3.321746826171875,1,-0.6431922117869059,-0.38880956172943115,1,3.0990753173828125
7207.65,7,1,1,stimulusMovement,0,nan,nan,0,nan,1,-0.6468315654330783,-0.425024151802063,1,3.1942901611328125
7224.317,7,1,1,stimulusMovement,1,-1.0238757795757718,-0.4824720025062561,1,3.3032989501953125,1,-0.5994721518622504,-0.40827667713165283,1,3.3950042724609375
7240.983,7,1,1,stimulusMovement,1,-1.0156145095825195,-0.4664157032966614,1,3.2120819091796875,1,-0.6593258645799425,-0.4205857515335083,1,3.186798095703125
7257.649,7,1,1,stimulusMovement,1,-0.9916574623849657,-0.4830356240272522,1,3.2550506591796875,1,-0.6602575514051648,-0.4128606915473938,1,3.2679290771484375
7274.316,7,1,1,stimulusMovement,1,-0.9805398384730021,-0.4754176735877991,1,3.272064208984375,0,nan,nan,0,nan
7290.982,7,1,1,stimulusMovement,0,nan,nan,0,nan,1,-0.6553693877326118,-0.4479334354400635,1,3.317352294921875
7307.65,7,1,1,stimulusMovement,1,-0.9632883535491095,-0.4611778259277344,1,3.4238128662109375,1,-0.5719235208299425,-0.5292434692382812,1,3.413177490234375
7324.316,7,1,1,stimulusMovement,1,-0.9307806061373816,-0.5265884399414062,1,3.4665374755859375,1,-0.608025074005127,-0.4617841839790344,1,3.3072357177734375
7340.982,7,1,1,stimulusMovement,1,-0.9949499898486667,-0.5194797515869141,1,3.3459014892578125,1,-0.630503495534261,-0.44592297077178955,1,3.2017974853515625
7357.649,7,1,1,stimulusMovement,1,-0.9524637195799085,-0.4929279088973999,1,3.3094482421875,1,-0.6147862010531955,-0.4737475514411926,1,3.2823028564453125
7374.316,7,1,1,stimulusMovement,1,-0.9302583535512288,-0.5006934404373169,1,3.4706878662109375,1,-0.6238587962256538,-0.458354651927948,1,3.2492523193359375
7390.982,7,1,1,stimulusMovement,1,-1.0161952310138278,-0.47075217962265015,1,3.288238525390625,1,-0.6304242875840929,-0.4715862274169922,1,3.2665557861328125
7407.649,7,1,1,stimulusMovement,1,-0.9240705768267313,-0.4401686191558838,1,3.3378753662109375,1,-0.6048302120632595,-0.4543479084968567,1,3.2079620361328125
7424.316,7,1,1,stimulusMovement,1,-0.9099880357583363,-0.46476322412490845,1,3.32257080078125,1,-0.6028768221537272,-0.47956496477127075,1,3.3612213134765625
7440.982,7,1,1,stimulusMovement,1,-0.9934267335467868,-0.4667404890060425,1,3.19873046875,1,-0.6349256568484836,-0.43196427822113037,1,3.145477294921875
7457.648,7,1,1,stimulusMovement,1,-0.9615888992945353,-0.48325467109680176,1,3.3030853271484375,1,-0.6042150656382242,-0.4518156051635742,1,3.1182403564453125
7474.316,7,1,1,stimulusMovement,0,nan,nan,0,nan,1,-0.6261800395117866,-0.4465627670288086,1,3.14923095703125
7490.982,7,1,1,stimulusMovement,0,nan,nan,0,nan,0,nan,nan,0,nan
7507.649,7,1,1,stimulusMovement,1,-0.9704046249389648,-0.4651949405670166,1,3.2089691162109375,1,-0.6247089174058702,-0.4449319839477539,1,3.17138671875
7524.315,7,1,1,stimulusMovement,1,-0.9287729859352112,-0.4047110676765442,1,3.3154754638671875,1,-0.6081481244828966,-0.32233917713165283,1,3.12396240234375
7540.981,7,1,1,stimulusMovement,1,-0.9074418478541904,-0.41873103380203247,1,3.324066162109375,1,-0.5927680598364936,-0.4045117497444153,1,3.2076263427734375
7557.648,7,1,1,stimulusMovement,1,-0.9456097748544481,-0.39573168754577637,1,3.364227294921875,1,-0.5882842805650499,-0.38309627771377563,1,3.2863006591796875
7574.316,7,1,1,stimulusMovement,1,-0.9602142241266038,-0.37499284744262695,1,3.2566375732421875,0,nan,nan,0,nan
7590.981,7,1,1,stimulusMovement,1,-0.9401915238963232,-0.3882944583892822,1,3.2466278076171875,1,-0.5517387390136719,-0.3971431851387024,1,3.2675933837890625
7607.648,7,1,1,stimulusMovement,1,-0.933887309498257,-0.38903480768203735,1,3.475341796875,1,-0.5637422932518853,-0.4209173321723938,1,3.36932373046875
7624.315,7,1,1,stimulusMovement,1,-0.9780481921301947,-0.3724603056907654,1,3.2005767822265625,1,-0.5301334063212076,-0.4130055904388428,1,3.4418487548828125
7640.981,7,1,1,stimulusMovement,0,nan,nan,0,nan,0,nan,nan,0,nan
7657.648,7,1,1,stimulusMovement,1,-0.977375050385793,-0.393726110458374,1,3.269287109375,1,-0.5991513464185926,-0.38190925121307373,1,3.2163238525390625
7674.315,7,1,1,stimulusMovement,1,-0.9268534382184346,-0.44210702180862427,1,3.3784637451171875,1,-0.6054240862528483,-0.38036978244781494,1,3.2570343017578125
7690.981,7,1,1,stimulusMovement,1,-0.9049895803133646,-0.41943031549453735,1,3.4071044921875,1,-0.5856832928127712,-0.38877618312835693,1,3.1521759033203125
7707.648,7,1,1,stimulusMovement,1,-0.864208502901925,-0.4066040515899658,1,3.4188995361328125,0,nan,nan,0,nan
7724.314,7,1,1,stimulusMovement,1,-0.9134527130259408,-0.4017688035964966,1,3.313720703125,0,nan,nan,0,nan
7740.981,7,1,1,stimulusMovement,0,nan,nan,0,nan,0,nan,nan,0,nan
7757.648,7,1,1,stimulusMovement,1,-0.8794491721524132,-0.5422226190567017,1,3.78271484375,0,nan,nan,0,nan
7774.314,7,1,1,stimulusMovement,1,-0.9403426845868428,-0.39378929138183594,1,3.211395263671875,1,-0.563734663857354,-0.4011958837509155,1,3.3035125732421875
7790.98,7,1,1,stimulusMovement,0,nan,nan,0,nan,1,-0.5985653665330675,-0.4213564395904541,1,3.428955078125
7807.647,7,1,1,stimulusMovement,1,-0.9177524182531568,-0.3984939455986023,1,3.2604217529296875,1,-0.5904353989495171,-0.4465292692184448,1,3.3754425048828125
7824.315,7,1,1,stimulusMovement,1,-0.9144669953319761,-0.3658027648925781,1,3.3835296630859375,1,-0.5460854371388753,-0.3993449807167053,1,3.3377532958984375
7840.98,7,1,1,stimulusMovement,1,-0.9556395875083075,-0.4207301139831543,1,3.28173828125,0,nan,nan,0,nan
7857.647,7,1,1,stimulusMovement,1,-0.9562169644567701,-0.44058966636657715,1,3.3996734619140625,0,nan,nan,0,nan
7874.314,7,1,1,stimulusMovement,1,-0.8693067895041571,-0.4023243188858032,1,3.40386962890625,1,-0.5697672102186414,-0.3953458070755005,1,3.2828216552734375
7890.98,7,1,1,stimulusMovement,0,nan,nan,0,nan,1,-0.5945164097679986,-0.40869784355163574,1,3.2345428466796875
7907.648,7,1,1,stimulusMovement,1,-0.8528124888737996,-0.3877086043357849,1,3.4069061279296875,1,-0.6156062550014919,-0.387032151222229,1,3.1307220458984375
7924.315,7,1,1,stimulusMovement,1,-0.9021256019671757,-0.4129568338394165,1,3.3699188232421875,1,-0.5619921684265137,-0.4268503189086914,1,3.231109619140625
7940.981,7,1,1,stimulusMovement,1,-0.9313214851750268,-0.41019439697265625,1,3.307830810546875,0,nan,nan,0,nan
7957.648,7,1,1,stimulusMovement,0,nan,nan,0,nan,1,-0.574279334810045,-0.39195698499679565,1,3.1812591552734375
7974.315,7,1,1,stimulusMovement,1,-0.7554325924979316,-0.4616529941558838,1,3.7527923583984375,1,-0.6507113774617512,-0.4494260549545288,1,3.6871795654296875
7990.982,7,1,1,stimulusMovement,1,-0.9329324099752637,-0.41931653022766113,1,3.26422119140625,1,-0.5336410204569498,-0.4100034236907959,1,3.3212432861328125
8007.649,7,1,1,stimulusMovement,1,-0.9694189098146226,-0.4204038381576538,1,3.28265380859375,1,-0.4375797907511393,-0.41702502965927124,1,3.607513427734375
8024.316,7,1,1,stimulusMovement,0,nan,nan,0,nan,0,nan,nan,0,nan
8040.982,7,1,1,stimulusMovement,1,-0.9004977436529265,-0.4235915541648865,1,3.3863067626953125,1,-0.5399688879648844,-0.4322128891944885,1,3.4421234130859375
8057.649,7,1,1,stimulusMovement,1,-0.8884628154337406,-0.4252671003341675,1,3.3562469482421875,1,-0.545824474758572,-0.41870224475860596,1,3.49822998046875
8074.316,7,1,1,stimulusMovement,0,nan,nan,0,nan,1,-0.5782359176211886,-0.3964514136314392,1,3.255401611328125
8090.983,7,1,1,stimulusMovement,0,nan,nan,0,nan,1,-0.5517349243164062,-0.4147385358810425,1,3.3682403564453125
8107.65,7,1,1,stimulusMovement,1,-0.9601603481504651,-0.41497254371643066,1,3.4433135986328125,0,nan,nan,0,nan
8124.317,7,1,1,stimulusMovement,1,-0.9189415574073792,-0.4021531343460083,1,3.36669921875,1,-0.5521515210469563,-0.38113200664520264,1,3.324554443359375
8140.983,7,1,1,stimulusMovement,1,-0.9300031397077771,-0.43399447202682495,1,3.3252716064453125,1,-0.5848158995310465,-0.36993855237960815,1,3.23297119140625
8157.65,7,1,1,stimulusMovement,0,nan,nan,0,nan,0,nan,nan,0,nan
8174.318,7,1,1,stimulusMovement,1,-0.9663943118519253,-0.4160004258155823,1,3.4112548828125,1,-0.5534623463948567,-0.3864537477493286,1,3.3804931640625
8190.984,7,1,1,stimulusMovement,0,nan,nan,0,nan,1,-0.5658338864644368,-0.39197003841400146,1,3.3495025634765625
8207.651,7,1,1,stimulusMovement,1,-0.9392988118860456,-0.3599647283554077,1,3.5432891845703125,0,nan,nan,0,nan
8224.318,7,1,1,stimulusMovement,1,-0.9137665331363678,-0.40174925327301025,1,3.4120025634765625,1,-0.5787471400366889,-0.402640700340271,1,3.354034423828125
8240.985,7,1,1,stimulusMovement,1,-0.8859948375158839,-0.422843337059021,1,3.508056640625,1,-0.5856142573886447,-0.41111254692077637,1,3.3554229736328125
8257.652,7,1,1,stimulusMovement,1,-0.8718539675076802,-0.41409945487976074,1,3.5642547607421875,0,nan,nan,0,nan
8274.319,7,1,1,stimulusMovement,1,-0.9195478426085577,-0.40976446866989136,1,3.4411163330078125,1,-0.5058612293667263,-0.45371174812316895,1,3.5458831787109375
8290.985,7,1,1,stimulusMovement,1,-0.9200834068987104,-0.3793279528617859,1,3.434967041015625,1,-0.5378315713670518,-0.39275968074798584,1,3.4642486572265625
8307.652,7,1,1,stimulusMovement,1,-0.9190819793277316,-0.4147743582725525,1,3.4593658447265625,1,-0.6267938613891602,-0.4263184666633606,1,3.5678253173828125
8324.319,7,1,1,stimulusMovement,1,-0.952567074033949,-0.39733850955963135,1,3.37249755859375,1,-0.5270696481068928,-0.43566280603408813,1,3.5865936279296875
8340.986,7,1,1,stimulusMovement,0,nan,nan,0,nan,0,nan,nan,0,nan
8357.653,7,1,1,stimulusMovement,0,nan,nan,0,nan,1,-0.58307679494222,-0.3842194080352783,1,3.305084228515625
8374.32,7,1,1,stimulusMovement,1,-0.8987235534522268,-0.3909737467765808,1,3.483856201171875,1,-0.5843536059061686,-0.3484047055244446,1,3.3094940185546875
8390.986,7,1,1,stimulusMovement,1,-0.8924706834885808,-0.39644575119018555,1,3.5246429443359375,1,-0.5783753130171033,-0.388945996761322,1,3.485809326171875
8407.653,7,1,1,stimulusMovement,1,-0.8968024328351021,-0.39758676290512085,1,3.6186065673828125,0,nan,nan,0,nan
8424.321,7,1,1,stimulusMovement,1,-0.8983037620782852,-0.4011197090148926,1,3.62896728515625,1,-0.5516541004180908,-0.38087403774261475,1,3.4833831787109375
8440.987,7,1,1,stimulusMovement,0,nan,nan,0,nan,1,-0.5716973410712348,-0.37247318029403687,1,3.33489990234375
8457.654,7,1,1,stimulusMovement,1,-0.9372504353523254,-0.40334463119506836,1,3.60565185546875,1,-0.5759726895226372,-0.3664005994796753,1,3.3331451416015625
8474.321,7,1,1,stimulusMovement,1,-0.9367320670021905,-0.370460569858551,1,3.5350341796875,0,nan,nan,0,nan
8490.987,7,1,1,stimulusMovement,1,-0.9615554875797695,-0.4036043882369995,1,3.4481658935546875,0,nan,nan,0,nan
8507.654,7,1,1,stimulusMovement,1,-0.8651828451289071,-0.39615684747695923,1,3.6453857421875,1,-0.5775766902499728,-0.37175941467285156,1,3.513824462890625
8524.322,7,1,1,stimulusMovement,1,-0.8754262129465739,-0.37723326683044434,1,3.662078857421875,0,nan,nan,0,nan
8540.988,7,1,1,stimulusMovement,0,nan,nan,0,nan,1,-0.5691502624087863,-0.36496877670288086,1,3.4727935791015625
8557.655,7,1,1,stimulusMovement,1,-0.9496082994672986,-0.4130411744117737,1,3.5500030517578125,1,-0.6202522118886311,-0.42257142066955566,1,3.5082244873046875
8574.322,7,1,1,stimulusMovement,0,nan,nan,0,nan,1,-0.622005886501736,-0.3869600296020508,1,3.4261016845703125
8590.988,7,1,1,fixation,1,-0.9071583218044704,-0.3703998327255249,1,3.6546173095703125,1,-0.6059136920505099,-0.37994450330734253,1,3.3781280517578125
8607.656,7,1,1,fixation,1,-0.9683923257721795,-0.34980595111846924,1,3.0116424560546875,1,-0.6101962460411919,-0.3447732925415039,1,2.8739471435546875
8624.323,7,1,1,fixation,0,nan,nan,0,nan,0,nan,nan,0,nan
8640.99,7,1,1,fixation,1,-0.9389349222183228,-0.39778536558151245,1,3.5847625732421875,1,-0.5873602761162652,-0.35453641414642334,1,3.4464111328125
8657.656,7,1,1,fixation,1,-0.9713773859871758,-0.34804993867874146,1,3.028076171875,1,-0.6099650330013698,-0.3475000858306885,1,2.88201904296875
8674.323,7,1,1,fixation,0,nan,nan,0,nan,0,nan,nan,0,nan
8690.991,7,1,1,fixation,1,-0.9847492244508531,-0.37554049491882324,1,3.614715576171875,0,nan,nan,0,nan
8707.657,7,1,1,fixation,1,-0.9683996174070569,-0.34401559829711914,1,3.0417022705078125,1,-0.6104007562001545,-0.34604883193969727,1,2.8914947509765625
8724.324,7,1,1,fixation,0,nan,nan,0,nan,0,nan,nan,0,nan
8740.991,7,1,1,fixation,1,-0.9069221648905011,-0.3738258481025696,1,3.6236419677734375,1,-0.6101317935519748,-0.3826127052307129,1,3.48309326171875
8757.657,7,1,1,fixation,1,-0.9734230836232503,-0.349306583404541,1,3.0541839599609375,1,-0.6111956437428792,-0.3433781862258911,1,2.9048004150390625
8774.325,7,1,1,fixation,0,nan,nan,0,nan,0,nan,nan,0,nan
8790.992,7,1,1,fixation,1,-0.9415718250804477,-0.36813437938690186,1,3.5073089599609375,0,nan,nan,0,nan
8807.658,7,1,1,fixation,1,-0.9694523678885565,-0.3450193405151367,1,3.061614990234375,1,-0.6115810871124268,-0.3455987572669983,1,2.90655517578125
8824.325,7,1,1,fixation,0,nan,nan,0,nan,0,nan,nan,0,nan
8840.992,7,1,1,fixation,0,nan,nan,0,nan,0,nan,nan,0,nan
8857.659,7,1,1,fixation,1,-0.966277692053053,-0.34842246770858765,1,3.059783935546875,1,-0.6035601827833387,-0.34928858280181885,1,2.919952392578125
8874.326,7,1,1,fixation,0,nan,nan,0,nan,0,nan,nan,0,nan
8890.993,7,1,1,fixation,1,-0.9481997026337518,-0.3932942748069763,1,3.51123046875,1,-0.6061415142483181,-0.3984189033508301,1,3.4803619384765625
8907.659,7,1,1,fixation,1,-0.9603979256418016,-0.3576514720916748,1,3.06365966796875,1,-0.6073586146036783,-0.34240782260894775,1,2.9296417236328125
8924.326,7,1,1,fixation,0,nan,nan,0,nan,0,nan,nan,0,nan
8940.994,7,1,1,fixation,1,-0.874223800169097,-0.3585784435272217,1,3.65301513671875,1,-0.6041007836659749,-0.39895403385162354,1,3.48895263671875
8957.66,7,1,1,fixation,1,-0.9644044240315754,-0.3518010973930359,1,3.06988525390625,1,-0.6079399585723877,-0.34182077646255493,1,2.943939208984375
8974.327,7,1,1,fixation,0,nan,nan,0,nan,0,nan,nan,0,nan
8990.994,7,1,1,fixation,1,-0.9494315120908948,-0.3680790066719055,1,3.524688720703125,0,nan,nan,0,nan
9007.66,7,1,1,fixation,1,-0.9629161159197489,-0.3551672697067261,1,3.07855224609375,1,-0.5966423882378472,-0.352996289730072,1,2.9670257568359375
9024.327,7,1,1,fixation,0,nan,nan,0,nan,0,nan,nan,0,nan
9040.995,7,1,1,fixation,1,-0.8884499420722325,-0.38607972860336304,1,3.5435638427734375,1,-0.5813688702053493,-0.3933436870574951,1,3.5560302734375
9057.661,7,1,1,fixation,1,-0.9656316505538092,-0.3496573567390442,1,3.088409423828125,1,-0.6055666340721978,-0.34251469373703003,1,2.9736480712890625
9074.328,7,1,1,fixation,0,nan,nan,0,nan,0,nan,nan,0,nan
9090.995,7,1,1,fixation,1,-0.9243142704168955,-0.38738155364990234,1,3.613311767578125,1,-0.582443528705173,-0.36327695846557617,1,3.4470367431640625
9107.661,7,1,1,fixation,1,-0.7910034259160359,-0.2643905282020569,1,3.084869384765625,1,-0.3965716891818576,-0.25375646352767944,1,2.9915924072265625
9124.329,7,1,1,fixation,0,nan,nan,0,nan,0,nan,nan,0,nan
9140.996,7,1,1,fixation,0,nan,nan,0,nan,0,nan,nan,0,nan
9157.662,7,1,1,fixation,0,nan,nan,0,nan,0,nan,nan,0,nan
9174.329,7,1,1,fixation,0,nan,nan,0,nan,0,nan,nan,0,nan
9190.996,7,1,1,fixation,0,nan,nan,0,nan,0,nan,nan,0,nan
9207.663,7,1,1,fixation,0,nan,nan,0,nan,0,nan,nan,0,nan
9224.33,7,1,1,fixation,0,nan,nan,0,nan,0,nan,nan,0,nan
9240.997,7,1,1,fixation,0,nan,nan,0,nan,0,nan,nan,0,nan
9257.663,7,1,1,fixation,0,nan,nan,0,nan,0,nan,nan,0,nan
9274.33,7,1,1,fixation,0,nan,nan,0,nan,0,nan,nan,0,nan
9290.998,7,1,1,fixation,0,nan,nan,0,nan,0,nan,nan,0,nan
9307.664,7,1,1,fixation,0,nan,nan,0,nan,0,nan,nan,0,nan
9324.331,7,1,1,fixation,0,nan,nan,0,nan,0,nan,nan,0,nan
9340.998,7,1,1,fixation,0,nan,nan,0,nan,0,nan,nan,0,nan
9357.664,7,1,1,fixation,0,nan,nan,0,nan,0,nan,nan,0,nan
9374.332,7,1,1,fixation,0,nan,nan,0,nan,0,nan,nan,0,nan
9390.999,7,1,1,fixation,0,nan,nan,0,nan,1,-0.027160220675998263,-0.31106799840927124,1,3.8229522705078125
9407.665,7,1,1,fixation,1,-0.33754422929551864,-0.149824857711792,1,3.119384765625,1,-0.0011428197224934895,-0.1541379690170288,1,3.0364837646484375
9424.332,7,1,1,fixation,0,nan,nan,0,nan,0,nan,nan,0,nan
9440.999,7,1,1,fixation,0,nan,nan,0,nan,1,-0.04793140623304579,-0.17062807083129883,1,3.5450439453125
9457.666,7,1,1,fixation,1,-0.33642281426323783,-0.1400594711303711,1,3.1105499267578125,1,-0.0006848441229926215,-0.15243947505950928,1,3.0453948974609375
9474.333,7,1,1,fixation,0,nan,nan,0,nan,0,nan,nan,0,nan
9491.0,7,1,1,fixation,1,-0.3395619922214084,-0.20599329471588135,1,3.6867523193359375,1,-0.03676382700602213,-0.16467541456222534,1,3.4903564453125
9507.666,7,1,1,fixation,1,-0.3364087210761176,-0.1425532102584839,1,3.1147613525390625,1,0.0008390214708116319,-0.15294599533081055,1,3.0554656982421875
9524.333,7,1,1,fixation,0,nan,nan,0,nan,0,nan,nan,0,nan
9541.0,7,1,1,fixation,1,-0.8041363954544067,-0.3070070743560791,1,3.701263427734375,1,-0.3584771156311035,-0.39866214990615845,1,3.8487701416015625
9557.667,7,1,1,fixation,1,-0.9450551271438599,-0.27823150157928467,1,3.1365203857421875,1,-0.5767059855990939,-0.2687940001487732,1,3.0731201171875
9574.334,7,1,1,fixation,0,nan,nan,0,nan,0,nan,nan,0,nan
9591.001,7,1,1,fixation,1,-0.8828879872130022,-0.3167065978050232,1,3.7578125,1,-0.5559082296159532,-0.32423150539398193,1,3.5676422119140625
9607.667,7,1,1,fixation,1,-0.9484005437956915,-0.2751008868217468,1,3.1173553466796875,1,-0.5764777130550808,-0.268161416053772,1,3.04351806640625
9624.334,7,1,1,fixation,0,nan,nan,0,nan,0,nan,nan,0,nan
9641.002,7,1,1,fixation,1,-0.8583985699547662,-0.31386053562164307,1,3.6750030517578125,1,-0.5648784637451172,-0.28538209199905396,1,3.43206787109375
9657.668,7,1,1,fixation,1,-0.9637483093473646,-0.2782931923866272,1,3.0516510009765625,1,-0.5859504540761311,-0.27034562826156616,1,2.9716644287109375
9674.335,7,1,1,fixation,0,nan,nan,0,nan,0,nan,nan,0,nan
9691.002,7,1,1,fixation,1,-0.8713181614875793,-0.28915441036224365,1,3.6571807861328125,1,-0.5787673791249592,-0.30350756645202637,1,3.4304962158203125
9707.668,7,1,1,fixation,1,-0.9539912939071655,-0.2743908166885376,1,2.9755401611328125,1,-0.5920108689202203,-0.26887309551239014,1,2.9011993408203125
9724.336,7,1,1,fixation,0,nan,nan,0,nan,0,nan,nan,0,nan
9741.003,7,1,1,fixation,1,-0.9209592938423157,-0.3260064125061035,1,3.4306640625,1,-0.5615383254157172,-0.3317986726760864,1,3.4189453125
9757.669,7,1,1,fixation,1,-0.9574990272521973,-0.2745758295059204,1,2.9097900390625,1,-0.5959321127997504,-0.2670750021934509,1,2.8278961181640625
9774.336,7,1,1,fixation,0,nan,nan,0,nan,0,nan,nan,0,nan
9791.003,7,1,1,fixation,1,-0.8822357666989167,-0.3205820322036743,1,3.5303955078125,0,nan,nan,0,nan
9807.67,7,1,1,fixation,1,-0.9923877384927537,-0.3895602226257324,1,2.85467529296875,1,-0.6341149542066785,-0.38172948360443115,1,2.7640228271484375
9824.337,7,1,1,fixation,0,nan,nan,0,nan,0,nan,nan,0,nan
9841.004,7,1,1,fixation,1,-0.9238586458894941,-0.4487583637237549,1,3.36016845703125,1,-0.6042717297871907,-0.4416773319244385,1,3.3060150146484375
9857.67,7,1,1,fixation,1,-0.9928474161359998,-0.38047897815704346,1,2.807373046875,1,-0.6312453216976589,-0.3764576315879822,1,2.7010955810546875
9874.337,7,1,1,fixation,0,nan,nan,0,nan,0,nan,nan,0,nan
9891.005,7,1,1,fixation,1,-0.9230381316608852,-0.42093878984451294,1,3.3144989013671875,1,-0.5848245885637071,-0.43472421169281006,1,3.33453369140625
9907.671,7,1,1,fixation,1,-0.9985926018820868,-0.38265758752822876,1,2.76226806640625,1,-0.6349308490753174,-0.381263792514801,1,2.6480865478515625
9924.338,7,1,1,fixation,0,nan,nan,0,nan,0,nan,nan,0,nan
9941.005,7,1,1,fixation,1,-0.9873308142026265,-0.431496798992157,1,3.1817474365234375,1,-0.6358409457736545,-0.4240550994873047,1,3.1231689453125
9957.671,7,1,1,fixation,1,-1.0011053085327148,-0.3819473385810852,1,2.731170654296875,1,-0.6363144450717502,-0.3797794580459595,1,2.599822998046875
9974.339,7,1,1,fixation,0,nan,nan,0,nan,0,nan,nan,0,nan
9991.006,7,1,1,fixation,1,-0.9424046675364176,-0.43894195556640625,1,3.3419036865234375,1,-0.5807311005062527,-0.4094427824020386,1,3.1318359375
10007.672,7,1,1,fixation,1,-0.9824815922313266,-0.34158480167388916,1,2.70904541015625,1,-0.6079957750108507,-0.3368377685546875,1,2.59002685546875
10024.339,7,1,1,fixation,0,nan,nan,0,nan,0,nan,nan,0,nan
10041.006,7,1,1,fixation,1,-0.9568936626116434,-0.39025241136550903,1,3.1616058349609375,1,-0.5912750562032063,-0.4866279363632202,1,3.6439361572265625
10057.672,7,1,1,stimulusMovement,1,-0.9770034088028802,-0.3320639133453369,1,2.69537353515625,1,-0.614741325378418,-0.3235182762145996,1,2.56329345703125
10074.34,7,1,1,stimulusMovement,0,nan,nan,0,nan,0,nan,nan,0,nan
10091.007,7,1,1,stimulusMovement,1,-0.9029092573457294,-0.37923067808151245,1,3.2724609375,1,-0.6119387414720323,-0.3724486827850342,1,3.1457366943359375
10107.673,7,1,1,stimulusMovement,0,nan,nan,0,nan,1,-0.5620093875461154,-0.4332103729248047,1,3.270233154296875
10124.34,7,1,1,stimulusMovement,1,-0.8925134585135512,-0.40068328380584717,1,3.241424560546875,1,-0.5505300097995334,-0.4431833028793335,1,3.27301025390625
10141.006,7,1,1,stimulusMovement,1,-0.9199672506915197,-0.36333155632019043,1,3.3251800537109375,1,-0.4173194567362467,-0.4378960132598877,1,3.6260528564453125
10157.673,7,1,1,stimulusMovement,1,-0.9326453142695956,-0.3910946249961853,1,3.2063140869140625,1,-0.5705942047966851,-0.40283799171447754,1,3.149993896484375
10174.34,7,1,1,stimulusMovement,1,-0.8612296928962071,-0.422382652759552,1,3.59576416015625,1,-0.5247619152069092,-0.3963700532913208,1,3.3992156982421875
10191.006,7,1,1,stimulusMovement,1,-0.9140157318777508,-0.38471752405166626,1,3.30975341796875,1,-0.53622391488817,-0.46571266651153564,1,3.34808349609375
10207.673,7,1,1,stimulusMovement,0,nan,nan,0,nan,0,nan,nan,0,nan
10224.34,7,1,1,stimulusMovement,1,-0.9219532277848985,-0.40991199016571045,1,3.3348846435546875,1,-0.5272423426310221,-0.41353434324264526,1,3.2992706298828125
10241.007,7,1,1,stimulusMovement,1,-0.9303868148061963,-0.40325039625167847,1,3.265411376953125,1,-0.5870131121741401,-0.439808189868927,1,3.36297607421875
10257.673,7,1,1,stimulusMovement,1,-0.9079933497640821,-0.41321861743927,1,3.2921600341796875,0,nan,nan,0,nan
10274.34,7,1,1,stimulusMovement,1,-0.8402819368574354,-0.39692366123199463,1,3.4235382080078125,1,-0.5883823765648736,-0.5309576988220215,1,3.5384979248046875
10291.006,7,1,1,stimulusMovement,1,-0.9662764800919427,-0.4410133957862854,1,3.38934326171875,1,-0.5675508181254069,-0.45688146352767944,1,3.247772216796875
10307.673,7,1,1,stimulusMovement,0,nan,nan,0,nan,0,nan,nan,0,nan
10324.34,7,1,1,stimulusMovement,1,-0.906049029694663,-0.45541584491729736,1,3.5673065185546875,0,nan,nan,0,nan
10341.006,7,1,1,stimulusMovement,1,-0.92637966076533,-0.41828781366348267,1,3.262176513671875,1,-0.5171287589603,-0.4426971673965454,1,3.3314056396484375
10357.673,7,1,1,stimulusMovement,0,nan,nan,0,nan,1,-0.515453577041626,-0.49427348375320435,1,3.3795318603515625
10374.34,7,1,1,stimulusMovement,1,-0.8316211832894219,-0.3877367377281189,1,3.582611083984375,1,-0.6051099035474988,-0.40358006954193115,1,3.1352386474609375
10391.006,7,1,1,stimulusMovement,1,-0.9456964532534281,-0.3775261640548706,1,3.2156524658203125,1,-0.588591628604465,-0.41796445846557617,1,3.1663360595703125
10407.674,7,1,1,stimulusMovement,0,nan,nan,0,nan,1,-0.5871573554144965,-0.412647545337677,1,3.1440887451171875
10424.34,7,1,1,stimulusMovement,0,nan,nan,0,nan,1,-0.609905030992296,-0.3981436491012573,1,3.2006072998046875
10441.006,7,1,1,stimulusMovement,1,-0.9094634420341915,-0.4202532172203064,1,3.42742919921875,1,-0.570325321621365,-0.4291137456893921,1,3.3549346923828125
10457.673,7,1,1,stimulusMovement,1,-0.8908395282924175,-0.37734824419021606,1,3.457855224609375,1,-0.5688987308078342,-0.37869781255722046,1,3.158203125
10474.34,7,1,1,stimulusMovement,1,-0.8574615750047895,-0.36678481101989746,1,3.4996795654296875,1,-0.5772149033016628,-0.4140489101409912,1,3.2809600830078125
10491.008,7,1,1,stimulusMovement,0,nan,nan,0,nan,1,-0.5929467148251003,-0.43951916694641113,1,3.272735595703125
10507.673,7,1,1,stimulusMovement,0,nan,nan,0,nan,1,-0.5875133408440484,-0.3839344382286072,1,3.138336181640625
10524.34,7,1,1,stimulusMovement,1,-0.8984990417957306,-0.3634655475616455,1,3.5951690673828125,1,-0.5912329885694715,-0.38268184661865234,1,3.2210540771484375
10541.006,7,1,1,stimulusMovement,1,-0.86392176647981,-0.4007747769355774,1,3.5308990478515625,1,-0.5822476545969645,-0.38441407680511475,1,3.226409912109375
10557.673,7,1,1,stimulusMovement,1,-0.8029958009719849,-0.39130187034606934,1,3.7849884033203125,1,-0.5923369460635715,-0.4210094213485718,1,3.2907257080078125
10574.34,7,1,1,stimulusMovement,1,-0.8886699374351236,-0.3417537808418274,1,3.5454864501953125,1,-0.5713622305128309,-0.38626283407211304,1,3.2756805419921875
10591.007,7,1,1,stimulusMovement,1,-0.926743682887819,-0.39592695236206055,1,3.476470947265625,1,-0.5869711769951714,-0.4079694151878357,1,3.3576507568359375
10607.673,7,1,1,stimulusMovement,1,-0.8845329971777067,-0.3746867775917053,1,3.610595703125,1,-0.5930651028951008,-0.3822975754737854,1,3.302093505859375
10624.34,7,1,1,stimulusMovement,0,nan,nan,0,nan,1,-0.5582531558142768,-0.3874253034591675,1,3.379852294921875
10641.006,7,1,1,stimulusMovement,1,-0.9029094262255563,-0.403053879737854,1,3.5879058837890625,1,-0.5773310396406385,-0.4154242277145386,1,3.43853759765625
10657.673,7,1,1,stimulusMovement,1,-0.956244601143731,-0.3838040828704834,1,3.4661712646484375,1,-0.5886770619286431,-0.4045413136482239,1,3.3675537109375
10674.341,7,1,1,stimulusMovement,1,-0.880440784825219,-0.38820165395736694,1,3.622650146484375,1,-0.5938982433742946,-0.4060335159301758,1,3.3876495361328125
10691.007,7,1,1,stimulusMovement,0,nan,nan,0,nan,0,nan,nan,0,nan
10707.673,7,1,1,stimulusMovement,1,-0.9460900359683566,-0.38800251483917236,1,3.5716094970703125,1,-0.5886918438805474,-0.3730959892272949,1,3.3369140625
10724.34,7,1,1,stimulusMovement,0,nan,nan,0,nan,1,-0.6023073991139729,-0.3974059224128723,1,3.3797760009765625
10741.007,7,1,1,stimulusMovement,0,nan,nan,0,nan,1,-0.5670177141825358,-0.3747207522392273,1,3.44036865234375
10757.674,7,1,1,stimulusMovement,1,-0.9259955750571356,-0.4050755500793457,1,3.512908935546875,1,-0.59368806415134,-0.38651132583618164,1,3.4096527099609375
10774.34,7,1,1,stimulusMovement,0,nan,nan,0,nan,0,nan,nan,0,nan
10791.006,7,1,1,stimulusMovement,1,-0.898066383269098,-0.3766123056411743,1,3.5984039306640625,0,nan,nan,0,nan
10807.673,7,1,1,stimulusMovement,1,-0.9574810266494751,-0.3599895238876343,1,3.6811676025390625,1,-0.5731490188174777,-0.38199734687805176,1,3.480560302734375
10824.34,7,1,1,stimulusMovement,1,-0.9737595717112223,-0.38010114431381226,1,3.467987060546875,1,-0.585109101401435,-0.38824814558029175,1,3.461334228515625
10841.007,7,1,1,stimulusMovement,1,-0.9520160555839539,-0.40164005756378174,1,3.539764404296875,1,-0.570736461215549,-0.399344801902771,1,3.4379119873046875
10857.674,7,1,1,stimulusMovement,1,-0.9407372441556718,-0.40531492233276367,1,3.541290283203125,1,-0.5820136335160997,-0.37626683712005615,1,3.4026336669921875
10874.34,7,1,1,stimulusMovement,1,-0.884129733675056,-0.3608165979385376,1,3.6441650390625,1,-0.5994371573130289,-0.38900965452194214,1,3.37957763671875
10891.007,7,1,1,stimulusMovement,1,-0.9409973952505323,-0.40876346826553345,1,3.5864105224609375,1,-0.6016576555040147,-0.38141196966171265,1,3.438323974609375
10907.673,7,1,1,stimulusMovement,1,-0.8765477902359432,-0.34311985969543457,1,3.72930908203125,1,-0.5767708884345161,-0.40720367431640625,1,3.3715972900390625
10924.341,7,1,1,stimulusMovement,0,nan,nan,0,nan,0,nan,nan,0,nan
10941.007,7,1,1,stimulusMovement,1,-0.9377384185791016,-0.3917204737663269,1,3.6057586669921875,1,-0.583309703403049,-0.37181687355041504,1,3.348388671875
10957.673,7,1,1,stimulusMovement,1,-0.9477731651730007,-0.3972601890563965,1,3.6394805908203125,1,-0.5617973539564344,-0.44029945135116577,1,3.4708404541015625
10974.34,7,1,1,stimulusMovement,1,-0.9136065393686295,-0.37551504373550415,1,3.7275543212890625,1,-0.6063717206319172,-0.36376136541366577,1,3.3291473388671875
10991.007,7,1,1,stimulusMovement,1,-0.9050390339559978,-0.3860310912132263,1,3.6787109375,1,-0.5937720669640435,-0.3955003619194031,1,3.358306884765625
11007.673,7,1,1,stimulusMovement,0,nan,nan,0,nan,1,-0.6041940848032633,-0.3769147992134094,1,3.294281005859375
11024.34,7,1,1,stimulusMovement,1,-0.9615403943591647,-0.4176902770996094,1,3.630157470703125,1,-0.6147496435377332,-0.3752092123031616,1,3.3720550537109375
11041.006,7,1,1,stimulusMovement,1,-0.8263595501581827,-0.43363773822784424,1,3.864105224609375,1,-0.5834672980838351,-0.3520646095275879,1,3.36834716796875
11057.673,7,1,1,stimulusMovement,1,-0.9224809871779547,-0.38937556743621826,1,3.6352386474609375,1,-0.5947890546586778,-0.3904048800468445,1,3.392852783203125
11074.34,7,1,1,stimulusMovement,1,-0.9346087276935577,-0.3960152268409729,1,3.660003662109375,1,-0.6048298941718208,-0.39714932441711426,1,3.3745574951171875
11091.006,7,1,1,stimulusMovement,1,-0.9235542913277943,-0.3723052740097046,1,3.55377197265625,1,-0.5853818257649739,-0.4387206435203552,1,3.4741058349609375
11107.673,7,1,1,stimulusMovement,1,-0.8937371443543168,-0.3923735022544861,1,3.6670989990234375,0,nan,nan,0,nan
11124.34,7,1,1,stimulusMovement,1,-0.9096250136693318,-0.3600541353225708,1,3.6920928955078125,1,-0.5913130972120496,-0.39463353157043457,1,3.3406524658203125
11141.006,7,1,1,stimulusMovement,1,-0.909620549943712,-0.35075843334198,1,3.670684814453125,1,-0.5724377897050645,-0.40259218215942383,1,3.4550018310546875
11157.673,7,1,1,stimulusMovement,1,-0.9458310272958543,-0.3800499439239502,1,3.6208648681640625,1,-0.5838667551676432,-0.4187612533569336,1,3.49462890625
11174.34,7,1,1,stimulusMovement,1,-0.928668932782279,-0.37654387950897217,1,3.59326171875,1,-0.6226338280571831,-0.4036784768104553,1,3.4152374267578125
11191.007,7,1,1,stimulusMovement,1,-0.9022254480255975,-0.37050557136535645,1,3.6674652099609375,1,-0.5596904224819607,-0.4038918614387512,1,3.4725494384765625
11207.673,7,1,1,stimulusMovement,1,-0.932357950343026,-0.39489418268203735,1,3.7095184326171875,1,-0.5891965230305989,-0.37508344650268555,1,3.391937255859375
11224.34,7,1,1,stimulusMovement,1,-0.9355850716431935,-0.4003636837005615,1,3.55816650390625,1,-0.6049649980333116,-0.385037362575531,1,3.418701171875
11241.006,7,1,1,stimulusMovement,1,-0.9039864655998018,-0.4040604829788208,1,3.687774658203125,1,-0.6121015283796521,-0.3668261170387268,1,3.44329833984375
11257.673,7,1,1,stimulusMovement,1,-0.9273574650287628,-0.35426580905914307,1,3.6009674072265625,1,-0.5569285021887885,-0.36176598072052,1,3.69970703125
11274.34,7,1,1,stimulusMovement,1,-0.914687497748269,-0.3803732395172119,1,3.7618408203125,1,-0.49558655420939124,-0.4453234076499939,1,3.7995758056640625
11291.006,7,1,1,stimulusMovement,1,-0.9615364074707031,-0.37807369232177734,1,3.678863525390625,1,-0.6127301851908366,-0.38816046714782715,1,3.5399322509765625
11307.673,7,1,1,stimulusMovement,1,-0.8833053095473183,-0.3668345808982849,1,3.730499267578125,1,-0.578548616833157,-0.37801092863082886,1,3.5287628173828125
11324.34,7,1,1,stimulusMovement,1,-0.9214505420790777,-0.4185425043106079,1,3.6785736083984375,1,-0.6118961440192329,-0.38326895236968994,1,3.5506134033203125
11341.006,7,1,1,stimulusMovement,1,-0.894278712156746,-0.39409148693084717,1,3.719635009765625,0,nan,nan,0,nan
11357.673,7,1,1,stimulusMovement,1,-0.9034562425480948,-0.3576444387435913,1,3.7088470458984375,1,-0.605092896355523,-0.4019544720649719,1,3.61175537109375
11374.34,7,1,1,stimulusMovement,1,-0.9471936490800645,-0.35033535957336426,1,3.596771240234375,1,-0.6153699027167426,-0.3845352530479431,1,3.61248779296875
11391.006,7,1,1,stimulusMovement,1,-0.7634621593687269,-0.4197424054145813,1,4.0677947998046875,0,nan,nan,0,nan
11407.673,7,1,1,stimulusMovement,1,-0.910330476032363,-0.3864506483078003,1,3.7005767822265625,0,nan,nan,0,nan
11424.34,7,1,1,stimulusMovement,1,-0.9101673612991968,-0.3718620538711548,1,3.705535888671875,1,-0.6074676513671875,-0.391906201839447,1,3.63922119140625
11441.006,7,1,1,stimulusMovement,1,-0.9031675391727023,-0.3833617568016052,1,3.662689208984375,1,-0.5538538297017415,-0.37069594860076904,1,3.576812744140625
11457.673,7,1,1,stimulusMovement,1,-0.916255000564787,-0.3928869962692261,1,3.6233978271484375,0,nan,nan,0,nan
11474.34,7,1,1,stimulusMovement,1,-0.8878788786629835,-0.3687443137168884,1,3.681243896484375,1,-0.5506668090820312,-0.4305535554885864,1,3.593353271484375
11491.006,7,1,1,stimulusMovement,1,-0.9226052131917741,-0.405689001083374,1,3.670379638671875,0,nan,nan,0,nan
11507.673,7,1,1,stimulusMovement,1,-0.9113749613364537,-0.39028722047805786,1,3.597625732421875,1,-0.5742956267462836,-0.42341482639312744,1,3.599456787109375
11524.339,7,1,1,stimulusMovement,1,-0.9402158194118075,-0.3781852126121521,1,3.6259918212890625,0,nan,nan,0,nan
11541.006,7,1,1,stimulusMovement,1,-0.906113295091523,-0.3830946087837219,1,3.5868682861328125,1,-0.5308641857571071,-0.4568753242492676,1,3.6150054931640625
11557.673,7,1,1,stimulusMovement,1,-0.9182090527481502,-0.39600318670272827,1,3.626373291015625,1,-0.6079632706112331,-0.38732272386550903,1,3.4440460205078125
11574.34,7,1,1,stimulusMovement,1,-0.9056445542309018,-0.41175568103790283,1,3.6451873779296875,1,-0.5437137285868326,-0.40887904167175293,1,3.5442657470703125
11591.006,7,1,1,stimulusMovement,1,-0.9429009126292334,-0.3785533308982849,1,3.4553680419921875,0,nan,nan,0,nan
11607.672,7,1,1,stimulusMovement,1,-0.9301569859186808,-0.41322678327560425,1,3.6004486083984375,1,-0.6251138581169976,-0.3854093551635742,1,3.5058441162109375
11624.34,7,1,1,stimulusMovement,1,-0.8768319942884975,-0.3695791959762573,1,3.606048583984375,1,-0.5612500773535835,-0.38269829750061035,1,3.45440673828125
11641.006,7,1,1,stimulusMovement,0,nan,nan,0,nan,1,-0.5914585060543484,-0.35573697090148926,1,3.336181640625
11657.672,7,1,1,stimulusMovement,1,-0.9349933564662933,-0.41171467304229736,1,3.575775146484375,0,nan,nan,0,nan
11674.34,7,1,1,stimulusMovement,1,-0.8702087352673212,-0.3794465661048889,1,3.514617919921875,0,nan,nan,0,nan
11691.006,7,1,1,stimulusMovement,0,nan,nan,0,nan,1,-0.5126515494452583,-0.3329402208328247,1,3.9443206787109375
11707.673,7,1,1,stimulusMovement,1,-0.9104720983240339,-0.41092348098754883,1,3.5209808349609375,1,-0.4488996134863959,-0.3852804899215698,1,3.95074462890625
11724.34,7,1,1,stimulusMovement,1,-0.9355085425906711,-0.39166247844696045,1,3.4810791015625,0,nan,nan,0,nan
11741.005,7,1,1,stimulusMovement,1,-0.9665025273958842,-0.4103759527206421,1,3.60137939453125,0,nan,nan,0,nan
11757.672,7,1,1,stimulusMovement,1,-0.9007130463918049,-0.41293174028396606,1,3.5430755615234375,0,nan,nan,0,nan
11774.339,7,1,1,stimulusMovement,1,-0.9317615893152025,-0.39459335803985596,1,3.5880889892578125,1,-0.6120136049058702,-0.3736744523048401,1,3.44207763671875
11791.005,7,1,1,stimulusMovement,1,-0.9008834850456979,-0.41232454776763916,1,3.521392822265625,1,-0.6108881367577447,-0.3732508420944214,1,3.4436492919921875
11807.673,7,1,1,stimulusMovement,1,-0.8874469318737586,-0.37127113342285156,1,3.6005859375,0,nan,nan,0,nan
11824.339,7,1,1,stimulusMovement,0,nan,nan,0,nan,1,-0.603347619374593,-0.394849956035614,1,3.3656768798828125
11841.005,7,1,1,stimulusMovement,1,-0.9651677740944756,-0.38122159242630005,1,3.4874267578125,1,-0.6029632091522217,-0.4106826186180115,1,3.554107666015625
11857.672,7,1,1,stimulusMovement,1,-0.9171505272388458,-0.42793703079223633,1,3.743896484375,0,nan,nan,0,nan
11874.339,7,1,1,stimulusMovement,0,nan,nan,0,nan,0,nan,nan,0,nan
11891.005,7,1,1,stimulusMovement,1,-0.8527471092012193,-0.39140206575393677,1,3.59661865234375,1,-0.5293308364020454,-0.409454345703125,1,3.57666015625
11907.672,7,1,1,stimulusMovement,1,-0.9228378170066409,-0.3933398723602295,1,3.412689208984375,1,-0.5790892706976997,-0.372980535030365,1,3.419891357421875
11924.339,7,1,1,stimulusMovement,1,-0.8754876537455453,-0.4021502733230591,1,3.6100921630859375,1,-0.5642502042982313,-0.38392525911331177,1,3.4871368408203125
11941.006,7,1,1,stimulusMovement,1,-0.8917300841874546,-0.3955509662628174,1,3.631011962890625,1,-0.5132809480031331,-0.4159514904022217,1,3.6315765380859375
11957.672,7,1,1,stimulusMovement,1,-0.898469785021411,-0.40795421600341797,1,3.4697265625,1,-0.5328787697686089,-0.4010946750640869,1,3.4970245361328125
11974.339,7,1,1,stimulusMovement,1,-0.8564388785097333,-0.3751344680786133,1,3.6069793701171875,1,-0.4284481472439236,-0.3920808434486389,1,3.70843505859375
11991.005,7,1,1,stimulusMovement,1,-0.7145674758487277,-0.3051609396934509,1,3.5482025146484375,0,nan,nan,0,nan
12007.672,7,1,1,stimulusMovement,1,-0.7281759050157335,-0.2933345437049866,1,3.51934814453125,1,-0.42395300335354275,-0.3071376085281372,1,3.5396728515625
12024.338,7,1,1,stimulusMovement,1,-0.7222879860136243,-0.34225010871887207,1,3.55255126953125,1,-0.4195827907986111,-0.28101426362991333,1,3.4709014892578125
12041.004,7,1,1,stimulusMovement,1,-0.717529402838813,-0.3186572790145874,1,3.5268096923828125,0,nan,nan,0,nan
12057.672,7,1,1,stimulusMovement,1,-0.7002838187747531,-0.3066425919532776,1,3.53533935546875,0,nan,nan,0,nan
12074.339,7,1,1,stimulusMovement,1,-0.6958796580632527,-0.3039966821670532,1,3.55322265625,1,-0.396272341410319,-0.3719177842140198,1,3.7924041748046875
12091.005,7,1,1,stimulusMovement,1,-0.7203591664632161,-0.3047349452972412,1,3.4886016845703125,0,nan,nan,0,nan
12107.671,7,1,1,stimulusMovement,1,-0.6774883270263672,-0.2923232913017273,1,3.611907958984375,1,-0.3657810952928331,-0.32691729068756104,1,3.619659423828125
12124.338,7,1,1,stimulusMovement,1,-0.6871187951829698,-0.32185137271881104,1,3.5142364501953125,0,nan,nan,0,nan
12141.004,7,1,1,stimulusMovement,1,-0.6778814262813991,-0.3389770984649658,1,3.6755218505859375,0,nan,nan,0,nan
12157.671,7,1,1,stimulusMovement,1,-0.651683939827813,-0.32009321451187134,1,3.59613037109375,0,nan,nan,0,nan
12174.339,7,1,1,stimulusMovement,1,-0.6452981366051568,-0.31946462392807007,1,3.5740814208984375,1,-0.32491906483968097,-0.31705164909362793,1,3.8041839599609375
12191.005,7,1,1,stimulusMovement,1,-0.5019046730465359,-0.19384527206420898,1,3.7688446044921875,1,-0.23950984742906356,-0.3009052276611328,1,3.6740570068359375
12207.671,7,1,1,stimulusMovement,1,-0.5475525856018066,-0.19906741380691528,1,3.559173583984375,1,-0.1975655025906033,-0.23963260650634766,1,3.5330810546875
12224.338,7,1,1,stimulusMovement,1,-0.49546445740593803,-0.19538414478302002,1,3.5937957763671875,1,-0.14117919074164495,-0.2916741967201233,1,3.7600250244140625
12241.004,7,1,1,stimulusMovement,1,-0.4259474012586805,-0.20896828174591064,1,3.8297271728515625,0,nan,nan,0,nan
12257.671,7,1,1,stimulusMovement,0,nan,nan,0,nan,0,nan,nan,0,nan
12274.338,7,1,1,stimulusMovement,1,-0.407954904768202,-0.24570488929748535,1,3.8758392333984375,1,-0.13601175944010416,-0.23024439811706543,1,3.67596435546875
12291.003,7,1,1,stimulusMovement,1,-0.44267193476359046,-0.1676645278930664,1,3.70147705078125,0,nan,nan,0,nan
12307.671,7,1,1,stimulusMovement,0,nan,nan,0,nan,0,nan,nan,0,nan
12324.338,7,1,1,stimulusMovement,1,-0.4081232282850477,-0.174724280834198,1,3.5603179931640625,1,-0.034382873111301,-0.18161708116531372,1,3.588592529296875
12341.004,7,1,1,stimulusMovement,0,nan,nan,0,nan,1,-0.027804957495795354,-0.13872116804122925,1,3.581268310546875
12357.671,7,1,1,stimulusMovement,1,-0.3718960020277235,-0.21448123455047607,1,3.746826171875,0,nan,nan,0,nan
12374.337,7,1,1,stimulusMovement,1,-0.33817338943481445,-0.26480841636657715,1,3.845855712890625,0,nan,nan,0,nan
12391.003,7,1,1,stimulusMovement,1,-0.3335877524481879,-0.23893404006958008,1,3.789794921875,1,0.021271493699815538,-0.2096574902534485,1,3.7321319580078125
12407.67,7,1,1,stimulusMovement,0,nan,nan,0,nan,1,0.0961204104953342,-0.19556981325149536,1,3.486083984375
12424.338,7,1,1,stimulusMovement,0,nan,nan,0,nan,0,nan,nan,0,nan
12441.004,7,1,1,stimulusMovement,0,nan,nan,0,nan,0,nan,nan,0,nan
12457.67,7,1,1,stimulusMovement,0,nan,nan,0,nan,1,0.1348272959391276,-0.16370975971221924,1,3.5059051513671875
12474.337,7,1,1,stimulusMovement,0,nan,nan,0,nan,1,0.19367535909016925,-0.16013634204864502,1,3.381378173828125
12491.003,7,1,1,stimulusMovement,0,nan,nan,0,nan,0,nan,nan,0,nan
12507.67,7,1,1,stimulusMovement,0,nan,nan,0,nan,0,nan,nan,0,nan
12524.337,7,1,1,stimulusMovement,1,-0.1925307379828559,-0.2536042332649231,1,3.954437255859375,0,nan,nan,0,nan
12541.003,7,1,1,stimulusMovement,0,nan,nan,0,nan,0,nan,nan,0,nan
12557.67,7,1,1,stimulusMovement,0,nan,nan,0,nan,0,nan,nan,0,nan
12574.337,7,1,1,stimulusMovement,1,-0.1771333482530382,-0.07060867547988892,1,3.23919677734375,1,0.18721538119845918,-0.11696416139602661,1,3.38818359375
12591.003,7,1,1,stimulusMovement,1,-0.13023153940836588,-0.0739966630935669,1,3.41790771484375,0,nan,nan,0,nan
12607.67,7,1,1,stimulusMovement,1,-0.18899483150906032,-0.07619696855545044,1,3.30535888671875,0,nan,nan,0,nan
12624.337,7,1,1,stimulusMovement,0,nan,nan,0,nan,1,0.2175810072157118,-0.15931487083435059,1,3.52685546875
12641.002,7,1,1,stimulusMovement,0,nan,nan,0,nan,1,0.2657994164360894,0.05705326795578003,1,3.2729339599609375
12657.669,7,1,1,stimulusMovement,0,nan,nan,0,nan,1,0.2577171325683594,0.013946235179901123,1,3.548553466796875
12674.337,7,1,1,stimulusMovement,1,-0.07989507251315646,0.16698968410491943,1,3.351287841796875,1,0.2955281999376085,0.023020237684249878,1,3.681640625
12691.003,7,1,1,stimulusMovement,0,nan,nan,0,nan,1,0.32533221774631077,0.06464940309524536,1,3.3704071044921875
12707.669,7,1,1,stimulusMovement,1,0.02666823069254557,0.21338853240013123,1,3.09869384765625,1,0.3393269644843207,0.07726013660430908,1,3.3186798095703125
12724.336,7,1,1,stimulusMovement,0,nan,nan,0,nan,1,0.37550248040093315,0.09262734651565552,1,3.3355255126953125
12741.002,7,1,1,stimulusMovement,1,-0.05949322382609049,0.09836703538894653,1,3.6658935546875,1,0.39693429734971786,0.16524738073349,1,3.0959014892578125
12757.669,7,1,1,stimulusMovement,0,nan,nan,0,nan,0,nan,nan,0,nan
12774.336,7,1,1,stimulusMovement,1,0.01635530259874132,0.2123134732246399,1,2.968902587890625,1,0.42843235863579643,0.06725504994392395,1,3.3957977294921875
12791.002,7,1,1,stimulusMovement,0,nan,nan,0,nan,1,0.43425295088026256,0.08807811141014099,1,3.3647308349609375
12807.669,7,1,1,stimulusMovement,0,nan,nan,0,nan,1,0.45125993092854816,0.14037105441093445,1,3.2519378662109375
12824.336,7,1,1,stimulusMovement,1,0.12986691792805988,0.22155845165252686,1,3.09112548828125,0,nan,nan,0,nan
12841.002,7,1,1,stimulusMovement,1,0.1001194847954644,0.18976935744285583,1,3.0432281494140625,1,0.4968340131971571,0.15691521763801575,1,3.20123291015625
12857.669,7,1,1,stimulusMovement,1,0.1440869437323676,0.17250430583953857,1,3.1427001953125,1,0.48195245530870223,0.15674632787704468,1,3.1483306884765625
12874.335,7,1,1,stimulusMovement,0,nan,nan,0,nan,1,0.4603112538655599,0.0906987190246582,1,3.3927001953125
12891.001,7,1,1,stimulusMovement,1,0.18832821316189235,0.17696988582611084,1,3.2427215576171875,1,0.5505336125691731,0.1931808590888977,1,3.1134185791015625
12907.668,7,1,1,stimulusMovement,1,0.13406954871283636,0.26157432794570923,1,3.0181732177734375,1,0.549957169426812,0.15277627110481262,1,3.21771240234375
12924.336,7,1,1,stimulusMovement,1,0.2568539513481988,0.2512291371822357,1,3.0146484375,1,0.5560972425672742,0.24293643236160278,1,3.030731201171875
12941.002,7,1,1,stimulusMovement,1,0.18787595960828993,0.20654553174972534,1,3.0525054931640625,1,0.5562674204508463,0.2059553563594818,1,3.1002044677734375
12957.668,7,1,1,stimulusMovement,1,0.23716905381944442,0.20527386665344238,1,3.14202880859375,1,0.6035977469550239,0.16263750195503235,1,3.176300048828125
12974.335,7,1,1,stimulusMovement,0,nan,nan,0,nan,1,0.5698002709282769,0.14051902294158936,1,3.3094024658203125
12991.001,7,1,1,stimulusMovement,0,nan,nan,0,nan,1,0.6109144422743055,0.14976945519447327,1,3.2970733642578125
13007.668,7,1,1,stimulusMovement,1,0.31319554646809894,0.17149284482002258,1,3.4327850341796875,1,0.6521164576212565,0.22931316494941711,1,3.158935546875
13024.335,7,1,1,stimulusMovement,1,0.34192106458875865,0.15777131915092468,1,3.452972412109375,1,0.5733540852864583,0.10154539346694946,1,3.5948028564453125
13041.001,7,1,1,stimulusMovement,0,nan,nan,0,nan,1,0.6940097808837891,0.24121695756912231,1,3.1244354248046875
13057.668,7,1,1,stimulusMovement,1,0.3093760808308919,0.20125794410705566,1,3.44488525390625,1,0.6429359647962781,0.18910038471221924,1,3.3315582275390625
13074.335,7,1,1,stimulusMovement,1,0.3454939524332682,0.23161938786506653,1,3.462890625,1,0.7520741356743706,0.2731917053461075,1,3.0759429931640625
13091.001,7,1,1,stimulusMovement,1,0.32576783498128253,0.2404058575630188,1,3.3359527587890625,1,0.757574717203776,0.23306149244308472,1,3.1233367919921875
13107.667,7,1,1,stimulusMovement,1,0.3598347769843207,0.26560041308403015,1,3.359527587890625,1,0.7444464365641276,0.2239179015159607,1,3.267822265625
13124.334,7,1,1,stimulusMovement,0,nan,nan,0,nan,1,0.7585801018608941,0.24764025211334229,1,3.161834716796875
13141.0,7,1,1,stimulusMovement,0,nan,nan,0,nan,1,0.764987309773763,0.3119752109050751,1,2.98779296875
13157.667,7,1,1,stimulusMovement,0,nan,nan,0,nan,1,0.7262051900227864,0.23216110467910767,1,3.2464599609375
13174.335,7,1,1,stimulusMovement,1,0.3811505635579427,0.26442694664001465,1,3.15118408203125,1,0.7912178039550781,0.30497613549232483,1,3.03936767578125
13191.0,7,1,1,stimulusMovement,1,0.3063977559407552,0.24157577753067017,1,3.6309661865234375,1,0.7074960072835286,0.19363325834274292,1,3.50933837890625
13207.667,7,1,1,stimulusMovement,1,0.38493071662055117,0.2251628339290619,1,3.4010162353515625,0,nan,nan,0,nan
13224.334,7,1,1,stimulusMovement,1,0.4042305416531033,0.3316630423069,1,3.4043121337890625,1,0.8023217519124348,0.32701437175273895,1,3.068267822265625
13241.0,7,1,1,stimulusMovement,1,0.4130516052246094,0.279888778924942,1,3.1001434326171875,1,0.8018167283799913,0.2802160680294037,1,3.2202301025390625
13257.666,7,1,1,stimulusMovement,1,0.47197320726182723,0.3212215006351471,1,3.298431396484375,1,0.8570766448974609,0.35229726135730743,1,2.9931793212890625
13274.333,7,1,1,stimulusMovement,1,0.4147457546657986,0.2887350618839264,1,3.2474212646484375,1,0.820302857293023,0.30046024918556213,1,3.2104644775390625
13291.0,7,1,1,stimulusMovement,0,nan,nan,0,nan,1,0.8874435424804688,0.38352130353450775,1,2.9236602783203125
13307.667,7,1,1,stimulusMovement,0,nan,nan,0,nan,1,0.8398044374254015,0.23461169004440308,1,3.424285888671875
13324.334,7,1,1,stimulusMovement,0,nan,nan,0,nan,1,0.9104090796576605,0.34223511815071106,1,3.1133270263671875
13341.0,7,1,1,stimulusMovement,1,0.5805685255262586,0.3758465126156807,1,2.9794158935546875,1,0.8514304690890842,0.29408930242061615,1,3.411407470703125
13357.667,7,1,1,stimulusMovement,1,0.47319051954481334,0.2686909884214401,1,3.42901611328125,1,0.9115333557128906,0.3884994611144066,1,3.0502166748046875
13374.334,7,1,1,stimulusMovement,1,0.5338131586710612,0.3845895230770111,1,3.0665740966796875,1,0.9369386037190754,0.39323609322309494,1,3.04449462890625
13391.0,7,1,1,stimulusMovement,1,0.5427911546495225,0.3175795078277588,1,3.1989898681640625,1,0.974271986219618,0.3986918330192566,1,3.0498504638671875
13407.667,7,1,1,stimulusMovement,0,nan,nan,0,nan,1,0.8802687327067057,0.25699517130851746,1,3.452911376953125
13424.335,7,1,1,stimulusMovement,1,0.5206518173217773,0.2550400048494339,1,3.2957916259765625,1,0.9113114674886067,0.3605692982673645,1,3.2400970458984375
13441.002,7,1,1,stimulusMovement,1,0.567488776312934,0.27866198122501373,1,3.4427947998046875,1,0.9290885925292969,0.2748526632785797,1,3.518768310546875
13457.668,7,1,1,stimulusMovement,1,0.5529098510742188,0.3795686364173889,1,3.236480712890625,1,1.0077518886990018,0.43226077407598495,1,3.19830322265625
13474.335,7,1,1,stimulusMovement,0,nan,nan,0,nan,0,nan,nan,0,nan
13491.001,7,1,1,stimulusMovement,1,0.5317673153347439,0.34791114926338196,1,3.3680267333984375,1,0.9182298448350694,0.337452232837677,1,3.307159423828125
13507.668,7,1,1,stimulusMovement,1,0.5614598592122395,0.30745160579681396,1,3.5062255859375,0,nan,nan,0,nan
13524.335,7,1,1,stimulusMovement,0,nan,nan,0,nan,1,1.023045221964518,0.41648467630147934,1,3.1126861572265625
13541.002,7,1,1,stimulusMovement,1,0.5843872494167751,0.35462065041065216,1,3.2322845458984375,1,0.994566175672743,0.40602724254131317,1,3.05047607421875
13557.669,7,1,1,stimulusMovement,1,0.5884872012668185,0.384739026427269,1,3.25982666015625,1,1.0164911482069228,0.39843881130218506,1,3.20123291015625
13574.336,7,1,1,stimulusMovement,0,nan,nan,0,nan,1,0.9667025672064886,0.3762924373149872,1,3.2135467529296875
13591.002,7,1,1,stimulusMovement,0,nan,nan,0,nan,1,1.0574874877929688,0.42471642792224884,1,3.17218017578125
13607.669,7,1,1,stimulusMovement,1,0.5894648234049479,0.31273478269577026,1,3.44342041015625,1,0.9916201697455511,0.32509438693523407,1,3.3808441162109375
13624.336,7,1,1,stimulusMovement,1,0.5564202202690972,0.3275028467178345,1,3.485595703125,1,1.032004886203342,0.39234717935323715,1,3.2942047119140625
13641.002,7,1,1,stimulusMovement,1,0.6250366634792751,0.4115286320447922,1,3.298614501953125,0,nan,nan,0,nan
13657.669,7,1,1,stimulusMovement,1,0.6186370849609375,0.38303080946207047,1,3.1810760498046875,1,1.006831063164605,0.4403199180960655,1,3.095367431640625
13674.337,7,1,1,stimulusMovement,1,0.5868826972113715,0.3784656226634979,1,3.2608795166015625,0,nan,nan,0,nan
13691.003,7,1,1,stimulusMovement,0,nan,nan,0,nan,1,1.0196196238199868,0.37081219255924225,1,3.278167724609375
13707.67,7,1,1,stimulusMovement,1,0.5559503767225477,0.3323640078306198,1,3.4646759033203125,1,1.0308941735161674,0.427384190261364,1,3.1884765625
13724.337,7,1,1,stimulusMovement,0,nan,nan,0,nan,1,0.9366408454047308,0.30273374915122986,1,3.5000457763671875
13741.003,7,1,1,stimulusMovement,1,0.567328241136339,0.38788484036922455,1,3.385467529296875,1,1.0332289801703558,0.4277649074792862,1,3.30780029296875
13757.67,7,1,1,stimulusMovement,0,nan,nan,0,nan,1,1.043219248453776,0.5428543016314507,1,3.2013702392578125
13774.337,7,1,1,stimulusMovement,1,0.5517186058892144,0.43087897449731827,1,3.4612884521484375,1,0.9864054785834417,0.510913216508925,1,3.306854248046875
13791.004,7,1,1,stimulusMovement,0,nan,nan,0,nan,1,1.017277611626519,0.5613210871815681,1,3.1845550537109375
13807.671,7,1,1,stimulusMovement,0,nan,nan,0,nan,1,1.0510230594211154,0.5453796647489071,1,3.243621826171875
13824.338,7,1,1,stimulusMovement,1,0.6106366051567925,0.5232505742460489,1,3.4024200439453125,1,1.0360238817003038,0.5421924963593483,1,3.2468109130859375
13841.004,7,1,1,stimulusMovement,1,0.6474395328097873,0.5507936254143715,1,3.3911590576171875,1,1.0330532921685112,0.538609653711319,1,3.3454437255859375
13857.671,7,1,1,stimulusMovement,0,nan,nan,0,nan,1,1.0327712164984808,0.5184264704585075,1,3.3615875244140625
13874.338,7,1,1,stimulusMovement,1,0.5649309158325195,0.5067919138818979,1,3.606964111328125,1,0.9734916687011719,0.5439528673887253,1,3.46954345703125
13891.004,7,1,1,stimulusMovement,0,nan,nan,0,nan,1,1.0248035854763455,0.5382724590599537,1,3.39080810546875
13907.671,7,1,1,stimulusMovement,1,0.6266507042778863,0.5438998267054558,1,3.42803955078125,1,0.9501821729871961,0.4671417474746704,1,3.60711669921875
13924.339,7,1,1,stimulusMovement,0,nan,nan,0,nan,1,1.0443314446343315,0.5462237000465393,1,3.361724853515625
13941.005,7,1,1,stimulusMovement,0,nan,nan,0,nan,1,1.0423109266493056,0.5745254456996918,1,3.3238677978515625
13957.672,7,1,1,stimulusMovement,0,nan,nan,0,nan,1,1.0324261983235676,0.5475545898079872,1,3.32244873046875
13974.339,7,1,1,stimulusMovement,0,nan,nan,0,nan,1,1.0046619839138455,0.5372108519077301,1,3.40533447265625
13991.005,7,1,1,stimulusMovement,1,0.6226376427544488,0.5245594419538975,1,3.4893341064453125,1,0.9432737562391492,0.40709149837493896,1,3.8436279296875
14007.672,7,1,1,stimulusMovement,1,0.6033259497748481,0.40945804864168167,1,3.79876708984375,1,1.0026796129014757,0.603975772857666,1,3.235870361328125
14024.339,7,1,1,stimulusMovement,0,nan,nan,0,nan,1,1.0587022569444444,0.5482923127710819,1,3.4113006591796875
14041.006,7,1,1,stimulusMovement,1,0.5185748206244575,0.4612121395766735,1,3.8383636474609375,1,1.0190035502115884,0.5643135532736778,1,3.3300018310546875
14057.673,7,1,1,stimulusMovement,1,0.5826133092244465,0.4613637998700142,1,3.5552520751953125,1,1.0128885904947915,0.5507039651274681,1,3.51898193359375
14074.34,7,1,1,stimulusMovement,1,0.6269284354315864,0.4896119721233845,1,3.559783935546875,1,0.9954204559326172,0.5343058295547962,1,3.4582061767578125
14091.006,7,1,1,stimulusMovement,0,nan,nan,0,nan,1,1.005139880710178,0.5196322556585073,1,3.506927490234375
14107.673,7,1,1,stimulusMovement,0,nan,nan,0,nan,1,1.020670149061415,0.5409436337649822,1,3.4326324462890625
14124.34,7,1,1,stimulusMovement,1,0.6452124913533528,0.5043139457702637,1,3.529876708984375,1,1.0128919813368056,0.5213978160172701,1,3.44842529296875
14141.006,7,1,1,stimulusMovement,0,nan,nan,0,nan,1,1.040296130710178,0.5432577058672905,1,3.4112701416015625
14157.674,7,1,1,stimulusMovement,1,0.6283212237887912,0.4846801981329918,1,3.3902435302734375,1,1.006705813937717,0.5448635891079903,1,3.4272918701171875
14174.341,7,1,1,stimulusMovement,0,nan,nan,0,nan,1,1.0014256371392143,0.5311239399015903,1,3.45654296875
14191.007,7,1,1,stimulusMovement,0,nan,nan,0,nan,1,0.9583348168267144,0.5166643019765615,1,3.5227508544921875
14207.674,7,1,1,stimulusMovement,1,0.666444354587131,0.5586943551898003,1,3.22882080078125,1,0.9864298502604166,0.46665384620428085,1,3.62054443359375
14224.341,7,1,1,stimulusMovement,1,0.5865476396348741,0.5079203527420759,1,3.3917236328125,1,0.9956442515055338,0.5275127775967121,1,3.5094451904296875
14241.007,7,1,1,stimulusMovement,0,nan,nan,0,nan,1,0.9816966586642795,0.5382231920957565,1,3.4800872802734375
14257.674,7,1,1,stimulusMovement,0,nan,nan,0,nan,1,0.9173420800103081,0.4707231279462576,1,3.761474609375
14274.341,7,1,1,stimulusMovement,0,nan,nan,0,nan,1,1.0298408932156033,0.5303793773055077,1,3.510986328125
14291.009,7,1,1,stimulusMovement,1,0.6259721120198567,0.4976751133799553,1,3.4707183837890625,1,1.0102810329861112,0.5673388540744781,1,3.44134521484375
14307.675,7,1,1,stimulusMovement,0,nan,nan,0,nan,1,0.9582203759087456,0.4549845978617668,1,3.8072967529296875
14324.342,7,1,1,stimulusMovement,1,0.6553014119466145,0.548035018146038,1,3.6455078125,1,1.0804011027018228,0.5214386247098446,1,3.3861541748046875
14341.008,7,1,1,stimulusMovement,1,0.5754845937093098,0.48174383491277695,1,3.73370361328125,1,1.0063179863823783,0.5292867720127106,1,3.5358734130859375
14357.675,7,1,1,stimulusMovement,1,0.6418842739529079,0.44127725064754486,1,3.8753814697265625,1,1.0028995937771268,0.5419999547302723,1,3.5114593505859375
14374.342,7,1,1,stimulusMovement,1,0.6160030364990234,0.47274573519825935,1,3.775054931640625,1,0.9698925018310547,0.464008666574955,1,3.8902435302734375
14391.008,7,1,1,stimulusMovement,0,nan,nan,0,nan,1,1.0419379340277777,0.5503115728497505,1,3.564239501953125
14407.676,7,1,1,stimulusMovement,1,0.6047172546386719,0.4710516631603241,1,3.676666259765625,1,0.9119131300184461,0.6033022627234459,1,3.2464447021484375
14424.343,7,1,1,stimulusMovement,1,0.6246764924791124,0.5155898537486792,1,3.64306640625,1,1.0197461446126301,0.5445613488554955,1,3.5802459716796875
14441.009,7,1,1,stimulusMovement,1,0.5993387434217664,0.3806239441037178,1,3.9882049560546875,1,1.034594006008572,0.5524281337857246,1,3.5670623779296875
14457.676,7,1,1,stimulusMovement,0,nan,nan,0,nan,1,0.9531192779541016,0.48143525421619415,1,3.7939453125
14474.343,7,1,1,stimulusMovement,1,0.668423228793674,0.45847633108496666,1,3.9734649658203125,1,0.9955832163492838,0.5298722013831139,1,3.7467041015625
14491.009,7,1,1,stimulusMovement,1,0.6027617984347873,0.48981220461428165,1,3.6927947998046875,1,0.9440165625678167,0.5006544971838593,1,3.894683837890625
14507.676,7,1,1,stimulusMovement,0,nan,nan,0,nan,1,0.9458304511176214,0.43751002475619316,1,3.834259033203125
14524.343,7,1,1,stimulusMovement,1,0.6326113806830512,0.4638828933238983,1,3.902191162109375,1,1.0070097181532118,0.5511822775006294,1,3.697418212890625
14541.01,7,1,1,stimulusMovement,1,0.6413709852430555,0.4899563379585743,1,3.7838897705078125,1,1.041959974500868,0.5715090334415436,1,3.846343994140625
14557.677,7,1,1,stimulusMovement,0,nan,nan,0,nan,1,1.0256012810601127,0.5424715876579285,1,3.653717041015625
14574.344,7,1,1,stimulusMovement,0,nan,nan,0,nan,1,0.9657313028971354,0.4232691153883934,1,4.0440216064453125
14591.01,7,1,1,stimulusMovement,1,0.6326113806830512,0.4994958355091512,1,3.8227386474609375,1,1.061197492811415,0.5730180144309998,1,3.813720703125
14607.677,7,1,1,stimulusMovement,1,0.5891477796766492,0.4679851084947586,1,3.917022705078125,0,nan,nan,0,nan
14624.344,7,1,1,stimulusMovement,1,0.6697398291693794,0.5078800562769175,1,3.8681182861328125,1,1.0332230461968315,0.5819164216518402,1,3.7948150634765625
14641.01,7,1,1,stimulusMovement,0,nan,nan,0,nan,0,nan,nan,0,nan
14657.678,7,1,1,stimulusMovement,0,nan,nan,0,nan,1,1.0017386542426214,0.5379469767212868,1,3.7635955810546875
14674.345,7,1,1,stimulusMovement,1,0.7261920505099826,0.5000314544886351,1,3.589691162109375,1,1.0337155659993489,0.5133229177445173,1,3.81494140625
14691.011,7,1,1,stimulusMovement,1,0.6591262817382812,0.43019915372133255,1,4.10296630859375,0,nan,nan,0,nan
14707.678,7,1,1,stimulusMovement,1,0.6029991573757595,0.49557580007240176,1,3.8407135009765625,1,0.9829686482747395,0.5665643289685249,1,3.67431640625
14724.345,7,1,1,stimulusMovement,0,nan,nan,0,nan,1,1.0112410651312933,0.5314523428678513,1,3.792205810546875
14741.011,7,1,1,stimulusMovement,0,nan,nan,0,nan,0,nan,nan,0,nan
14757.678,7,1,1,stimulusMovement,0,nan,nan,0,nan,1,0.9537245432535807,0.5073687895201147,1,3.9375762939453125
14774.345,7,1,1,stimulusMovement,1,0.6291796366373698,0.48938180319964886,1,3.882232666015625,1,1.0035449133978949,0.5233938135206699,1,4.0341644287109375
14791.012,7,1,1,stimulusMovement,0,nan,nan,0,nan,1,0.9838500552707248,0.4787225052714348,1,3.862091064453125
14807.679,7,1,1,stimulusMovement,0,nan,nan,0,nan,1,1.000126520792643,0.5153608378022909,1,3.8802337646484375
14824.346,7,1,1,stimulusMovement,1,0.6755733489990234,0.4345039948821068,1,4.195098876953125,1,0.9823462168375651,0.5251897592097521,1,3.8425750732421875
14841.012,7,1,1,stimulusMovement,0,nan,nan,0,nan,1,0.9891302320692273,0.5108151063323021,1,3.9311676025390625
14857.679,7,1,1,stimulusMovement,1,0.5454846488104926,0.43885697424411774,1,4.1485595703125,1,1.0241917504204643,0.5292396880686283,1,3.8699188232421875
14874.346,7,1,1,stimulusMovement,1,0.6456269158257378,0.4426572024822235,1,4.03173828125,1,1.0303319295247395,0.5195589233189821,1,3.8397674560546875
14891.012,7,1,1,stimulusMovement,1,0.6420555114746094,0.4799842871725559,1,3.9505462646484375,1,0.9840950436062282,0.5288754999637604,1,3.916748046875
14907.68,7,1,1,fixation,0,nan,nan,0,nan,1,1.034515380859375,0.5519191473722458,1,3.8153839111328125
14924.347,7,1,1,fixation,1,0.6776064766777886,0.3827206566929817,1,4.161102294921875,1,0.8651511934068468,0.48148113489151,1,4.08489990234375
14941.013,7,1,1,fixation,1,0.6188533571031358,0.4277901351451874,1,3.3290557861328125,1,1.0277572207980685,0.5471048355102539,1,3.3975067138671875
14957.68,7,1,1,fixation,0,nan,nan,0,nan,0,nan,nan,0,nan
14974.347,7,1,1,fixation,1,0.5803823471069336,0.477593582123518,1,3.9413604736328125,1,0.9852659437391492,0.5464414581656456,1,3.7896575927734375
14991.013,7,1,1,fixation,1,0.6206447813245984,0.43208547681570053,1,3.3573455810546875,1,1.0274628533257377,0.5439711585640907,1,3.4131011962890625
15007.68,7,1,1,fixation,0,nan,nan,0,nan,0,nan,nan,0,nan
15024.347,7,1,1,fixation,0,nan,nan,0,nan,1,1.0003941853841145,0.5425533726811409,1,3.8404541015625
15041.014,7,1,1,fixation,1,0.6105075412326388,0.42203015834093094,1,3.3842010498046875,1,1.0153134663899739,0.5399201028048992,1,3.42657470703125
15057.681,7,1,1,fixation,0,nan,nan,0,nan,0,nan,nan,0,nan
15074.348,7,1,1,fixation,0,nan,nan,0,nan,1,1.0083936055501301,0.5271615497767925,1,3.9061737060546875
15091.015,7,1,1,fixation,1,0.6171218024359809,0.4362097606062889,1,3.4051513671875,1,1.0189020368787978,0.541374109685421,1,3.451812744140625
15107.681,7,1,1,fixation,0,nan,nan,0,nan,0,nan,nan,0,nan
15124.348,7,1,1,fixation,1,0.64732117123074,0.49622926535084844,1,4.04949951171875,1,0.9857162899441189,0.5185639187693596,1,3.9574737548828125
15141.014,7,1,1,fixation,1,0.6167957517835828,0.43608421832323074,1,3.417572021484375,1,1.0114674038357205,0.5373501554131508,1,3.45660400390625
15157.682,7,1,1,fixation,0,nan,nan,0,nan,0,nan,nan,0,nan
15174.349,7,1,1,fixation,1,0.6263853708902994,0.40176643431186676,1,4.25103759765625,1,0.9901780022515191,0.5342463739216328,1,3.930816650390625
15191.015,7,1,1,fixation,1,0.6131246354844835,0.4425392262637615,1,3.4293212890625,1,1.0163430107964408,0.5385000817477703,1,3.4691925048828125
15207.682,7,1,1,fixation,0,nan,nan,0,nan,0,nan,nan,0,nan
15224.349,7,1,1,fixation,0,nan,nan,0,nan,1,1.0160893334282768,0.5289041791111231,1,3.9044952392578125
15241.015,7,1,1,fixation,1,0.6173374387953016,0.43771955370903015,1,3.44049072265625,1,1.0136544969346788,0.5432309061288834,1,3.483428955078125
15257.682,7,1,1,fixation,0,nan,nan,0,nan,0,nan,nan,0,nan
15274.35,7,1,1,fixation,0,nan,nan,0,nan,1,0.9881763458251953,0.5277220979332924,1,3.9666748046875
15291.016,7,1,1,fixation,1,0.6162833107842339,0.455754391849041,1,3.442230224609375,1,1.0191656748453775,0.551930271089077,1,3.488128662109375
15307.683,7,1,1,fixation,0,nan,nan,0,nan,0,nan,nan,0,nan
15324.35,7,1,1,fixation,1,0.6347952948676215,0.5094681605696678,1,3.959503173828125,1,0.9890145195855035,0.5217100381851196,1,3.9813079833984375
15341.016,7,1,1,fixation,1,0.6160223219129773,0.4538067989051342,1,3.42156982421875,1,1.02511109246148,0.5513126254081726,1,3.4850311279296875
15357.683,7,1,1,fixation,0,nan,nan,0,nan,0,nan,nan,0,nan
15374.35,7,1,1,fixation,1,0.584750493367513,0.454635176807642,1,3.9510955810546875,1,1.0113690694173176,0.5567097365856171,1,3.880584716796875
15391.017,7,1,1,fixation,1,0.6194956037733289,0.46725964918732643,1,3.3931732177734375,1,1.0297669304741752,0.5504172667860985,1,3.47015380859375
15407.684,7,1,1,fixation,0,nan,nan,0,nan,0,nan,nan,0,nan
15424.351,7,1,1,fixation,1,0.6083837085300021,0.4220314994454384,1,4.01336669921875,1,1.0058044857449002,0.5392592214047909,1,3.8678741455078125
15441.017,7,1,1,fixation,1,0.6209094789293077,0.4866773970425129,1,3.3642425537109375,1,1.0153109232584634,0.5640556365251541,1,3.4525604248046875
15457.684,7,1,1,fixation,0,nan,nan,0,nan,0,nan,nan,0,nan
15474.351,7,1,1,fixation,0,nan,nan,0,nan,1,1.0001937018500433,0.5646534264087677,1,3.859893798828125
15491.017,7,1,1,fixation,1,0.6203069686889648,0.475217767059803,1,3.354949951171875,1,1.0207901000976562,0.5664516612887383,1,3.4434051513671875
15507.684,7,1,1,fixation,0,nan,nan,0,nan,0,nan,nan,0,nan
15524.352,7,1,1,fixation,1,0.6241472032335069,0.48356088623404503,1,3.8658447265625,1,1.027075449625651,0.5612879395484924,1,3.8219146728515625
15541.018,7,1,1,fixation,1,0.6254083845350477,0.4897991083562374,1,3.3483734130859375,1,1.0255427890353732,0.5622767508029938,1,3.44293212890625
15557.685,7,1,1,fixation,0,nan,nan,0,nan,0,nan,nan,0,nan
15574.352,7,1,1,fixation,1,0.6196867624918619,0.47476507164537907,1,3.8708648681640625,1,1.0248745812310112,0.5722345188260078,1,3.862701416015625
15591.018,7,1,1,fixation,1,0.6287426418728298,0.48005837574601173,1,3.359954833984375,1,1.0226877000596788,0.5607609897851944,1,3.44512939453125
15607.685,7,1,1,fixation,0,nan,nan,0,nan,0,nan,nan,0,nan
15624.352,7,1,1,fixation,1,0.6104577382405598,0.407322995364666,1,4.119964599609375,1,0.9888767666286892,0.5576037541031837,1,3.8660125732421875
15641.018,7,1,1,fixation,1,0.6255919138590494,0.47841143049299717,1,3.3785247802734375,1,1.0261770884195962,0.5587374344468117,1,3.4463043212890625
15657.686,7,1,1,fixation,0,nan,nan,0,nan,0,nan,nan,0,nan
15674.353,7,1,1,fixation,1,0.5756672753228081,0.41991765052080154,1,4.113739013671875,1,0.9989051818847656,0.5657718554139137,1,3.8594970703125
15691.019,7,1,1,fixation,1,0.6277389526367188,0.47196197882294655,1,3.3920135498046875,1,1.0227629343668618,0.553356871008873,1,3.457122802734375
15707.686,7,1,1,fixation,0,nan,nan,0,nan,0,nan,nan,0,nan
15724.353,7,1,1,fixation,1,0.6247126261393229,0.45102469623088837,1,3.971954345703125,1,0.9994934929741753,0.5694567412137985,1,3.89166259765625
15741.02,7,1,1,fixation,1,0.6275581783718532,0.46908850595355034,1,3.3984832763671875,1,1.02147462632921,0.5520351976156235,1,3.4723968505859375
15757.686,7,1,1,fixation,0,nan,nan,0,nan,0,nan,nan,0,nan
15774.354,7,1,1,fixation,0,nan,nan,0,nan,1,0.9586560991075304,0.5107870949432254,1,3.998687744140625
15791.02,7,1,1,fixation,1,0.625367800394694,0.45952604711055756,1,3.4070281982421875,1,1.0226771036783853,0.5518781319260597,1,3.4827117919921875
15807.687,7,1,1,fixation,0,nan,nan,0,nan,0,nan,nan,0,nan
15824.354,7,1,1,fixation,1,0.6251875559488932,0.47835798002779484,1,3.8683013916015625,1,1.0519095526801214,0.5136641375720501,1,3.7795562744140625
15841.02,7,1,1,fixation,1,0.6267311308119031,0.4692626390606165,1,3.4071044921875,1,1.0285843743218315,0.5525502040982246,1,3.4884033203125
15857.687,7,1,1,fixation,0,nan,nan,0,nan,0,nan,nan,0,nan
15874.354,7,1,1,fixation,0,nan,nan,0,nan,1,1.0082336001925998,0.553674727678299,1,3.893035888671875
15891.021,7,1,1,fixation,1,0.6483750873141818,0.4843988800421357,1,3.395843505859375,1,1.0522672865125868,0.5531283132731915,1,3.4971771240234375
15907.688,7,1,1,fixation,0,nan,nan,0,nan,0,nan,nan,0,nan
15924.355,7,1,1,fixation,0,nan,nan,0,nan,1,0.8688041898939344,0.41702041774988174,1,4.471649169921875
15941.021,7,1,1,fixation,1,0.6582262251112195,0.5010635639773682,1,3.3632049560546875,1,1.0634047190348306,0.5653296858072281,1,3.457183837890625
15957.688,7,1,1,fixation,0,nan,nan,0,nan,0,nan,nan,0,nan
15974.355,7,1,1,fixation,1,0.6703381008572048,0.48387454077601433,1,3.8742523193359375,1,0.9728870391845703,0.514421152882278,1,4.0096893310546875
15991.022,7,1,1,fixation,1,0.6609145270453559,0.5012998268939555,1,3.33148193359375,1,1.0639273325602212,0.5659558922052383,1,3.4190521240234375
16007.688,7,1,1,fixation,0,nan,nan,0,nan,0,nan,nan,0,nan
16024.356,7,1,1,fixation,1,0.667363166809082,0.5238214116543531,1,3.79852294921875,1,1.0096855163574219,0.5532635599374771,1,3.8946990966796875
16041.022,7,1,1,fixation,1,0.6529276106092664,0.5080765690654516,1,3.3110198974609375,1,1.0657310485839844,0.5696265995502472,1,3.3848114013671875
16057.689,7,1,1,fixation,0,nan,nan,0,nan,0,nan,nan,0,nan
16074.356,7,1,1,fixation,1,0.6516582700941297,0.4659303240478039,1,3.82666015625,1,1.0662324693467882,0.5679967105388641,1,3.7502593994140625
16091.023,7,1,1,fixation,1,0.6330716874864366,0.48794461507350206,1,3.2939300537109375,1,1.043124304877387,0.5525699555873871,1,3.3580780029296875
16107.689,7,1,1,fixation,0,nan,nan,0,nan,0,nan,nan,0,nan
16124.356,7,1,1,fixation,1,0.6601679060194227,0.4439235255122185,1,4.0407257080078125,1,1.042555914984809,0.5877842083573341,1,3.7129364013671875
16141.023,7,1,1,fixation,1,0.639274173312717,0.48421964794397354,1,3.2845916748046875,1,1.0484091440836587,0.5532263778150082,1,3.3555908203125
16157.69,7,1,1,fixation,0,nan,nan,0,nan,0,nan,nan,0,nan
16174.357,7,1,1,fixation,0,nan,nan,0,nan,1,1.029508802625868,0.5610925257205963,1,3.7851409912109375
16191.023,7,1,1,fixation,1,0.6352820926242404,0.48532244842499495,1,3.294158935546875,1,1.0424702962239583,0.553537979722023,1,3.3582763671875
16207.69,7,1,1,fixation,0,nan,nan,0,nan,0,nan,nan,0,nan
16224.357,7,1,1,fixation,1,0.6411352157592773,0.47050398029386997,1,3.969024658203125,1,1.0041643778483071,0.5693364292383194,1,3.69110107421875
16241.024,7,1,1,fixation,1,0.6297469668918185,0.4796305950731039,1,3.306243896484375,1,1.0427210066053603,0.550558764487505,1,3.3730010986328125
16257.69,7,1,1,fixation,0,nan,nan,0,nan,0,nan,nan,0,nan
16274.358,7,1,1,fixation,0,nan,nan,0,nan,1,1.0193405151367188,0.5532411523163319,1,3.8274383544921875
16291.024,7,1,1,fixation,1,0.6381973690456814,0.4911398123949766,1,3.33245849609375,1,1.0361824035644531,0.5448592565953732,1,3.3914337158203125
16307.691,7,1,1,fixation,0,nan,nan,0,nan,0,nan,nan,0,nan
16324.358,7,1,1,fixation,1,0.6188062032063801,0.46634865179657936,1,3.96697998046875,1,0.9694868723551432,0.5077071813866496,1,3.9404296875
16341.024,7,1,1,fixation,1,0.6269255744086372,0.48006894066929817,1,3.3616943359375,1,1.043432871500651,0.549478005617857,1,3.41827392578125
16357.691,7,1,1,fixation,0,nan,nan,0,nan,0,nan,nan,0,nan
16374.358,7,1,1,fixation,1,0.6381772359212239,0.4923318987712264,1,4.0554046630859375,1,0.9943487379286023,0.528332594782114,1,3.9891204833984375
16391.025,7,1,1,stimulusMovement,1,0.6330519782172309,0.4763461574912071,1,3.392822265625,1,1.0375304751925998,0.5439017303287983,1,3.442962646484375
16407.692,7,1,1,stimulusMovement,0,nan,nan,0,nan,0,nan,nan,0,nan
16424.359,7,1,1,stimulusMovement,1,0.6310496860080295,0.41647057235240936,1,4.2569122314453125,1,1.0424732632107205,0.545179083943367,1,3.9599609375
16441.025,7,1,1,stimulusMovement,0,nan,nan,0,nan,1,0.804292360941569,0.35550732910633087,1,4.614288330078125
16457.692,7,1,1,stimulusMovement,1,0.6100657780965169,0.4822322968393564,1,4.083221435546875,1,1.002179463704427,0.5328376404941082,1,4.015899658203125
16474.359,7,1,1,stimulusMovement,0,nan,nan,0,nan,1,1.0166816711425781,0.5464761294424534,1,3.8827362060546875
16491.026,7,1,1,stimulusMovement,0,nan,nan,0,nan,1,0.9265615675184461,0.48130495473742485,1,4.0895233154296875
16507.692,7,1,1,stimulusMovement,0,nan,nan,0,nan,0,nan,nan,0,nan
16524.36,7,1,1,stimulusMovement,0,nan,nan,0,nan,1,0.8864817089504665,0.47431753762066364,1,4.249053955078125
16541.026,7,1,1,stimulusMovement,1,0.5898184246487087,0.475595835596323,1,4.07763671875,1,0.895306905110677,0.4168435409665108,1,4.3810577392578125
16557.693,7,1,1,stimulusMovement,1,0.6275488535563151,0.391618549823761,1,4.34991455078125,1,0.9174452887641058,0.5711226537823677,1,3.900177001953125
16574.359,7,1,1,stimulusMovement,1,0.6569648318820529,0.41795703023672104,1,4.3057861328125,1,0.8665862613254123,0.3952452316880226,1,4.45306396484375
16591.025,7,1,1,stimulusMovement,1,0.6023447248670789,0.3792431876063347,1,4.370269775390625,1,0.9469945695665147,0.49369217455387115,1,4.10870361328125
16607.692,7,1,1,stimulusMovement,0,nan,nan,0,nan,0,nan,nan,0,nan
16624.358,7,1,1,stimulusMovement,1,0.6048670874701606,0.4244244396686554,1,4.2307281494140625,1,0.9599774678548176,0.500345258275047,1,4.0555877685546875
16641.025,7,1,1,stimulusMovement,0,nan,nan,0,nan,1,0.9994383917914496,0.543927438557148,1,3.9389495849609375
16657.692,7,1,1,stimulusMovement,1,0.6317756440904405,0.4298691228032112,1,4.12896728515625,1,1.034926520453559,0.5227171517908573,1,4.011199951171875
16674.358,7,1,1,stimulusMovement,1,0.6619209713406032,0.4364143908023834,1,4.219573974609375,1,0.8928780025906032,0.37537718564271927,1,4.5545196533203125
16691.025,7,1,1,stimulusMovement,1,0.654863781399197,0.4338747560977936,1,4.29534912109375,1,0.9273774888780382,0.46246564015746117,1,4.3129119873046875
16707.69,7,1,1,stimulusMovement,1,0.6392733256022135,0.4384206756949425,1,4.140594482421875,1,0.9142536587185329,0.47066506929695606,1,4.375457763671875
16724.357,7,1,1,stimulusMovement,1,0.6121502982245551,0.421633243560791,1,4.229095458984375,1,0.9411760965983073,0.4901306387037039,1,4.28717041015625
16741.023,7,1,1,stimulusMovement,0,nan,nan,0,nan,0,nan,nan,0,nan
16757.689,7,1,1,stimulusMovement,0,nan,nan,0,nan,1,0.9643800523546007,0.455533467233181,1,4.3103790283203125
16774.357,7,1,1,stimulusMovement,1,0.6167742411295573,0.44061583280563354,1,4.1173095703125,1,1.0872645907931857,0.5056698732078075,1,3.885162353515625
16791.023,7,1,1,stimulusMovement,1,0.6157476637098523,0.39643993228673935,1,4.2110137939453125,1,1.0785865783691406,0.49427797785028815,1,3.9676666259765625
16807.689,7,1,1,stimulusMovement,0,nan,nan,0,nan,1,0.9773426055908203,0.5727966204285622,1,3.912109375
16824.356,7,1,1,stimulusMovement,1,0.6119270324707031,0.26047949492931366,1,4.740020751953125,1,0.9191481272379557,0.4503877982497215,1,4.26318359375
16841.022,7,1,1,stimulusMovement,1,0.6313196818033854,0.43782268464565277,1,4.1725006103515625,1,0.9584159851074219,0.4389868341386318,1,4.3196868896484375
16857.688,7,1,1,stimulusMovement,1,0.6183961232503254,0.4129399061203003,1,4.20159912109375,1,0.9485780927870008,0.5004184767603874,1,4.2048492431640625
16874.355,7,1,1,stimulusMovement,1,0.6476719114515516,0.4667089432477951,1,4.08428955078125,1,1.0049349466959634,0.5135498959571123,1,4.0592193603515625
16891.022,7,1,1,stimulusMovement,1,0.6703838772243923,0.39018312096595764,1,4.4188232421875,1,0.9306706322564019,0.4578419327735901,1,4.3513031005859375
16907.688,7,1,1,stimulusMovement,1,0.6325840420193142,0.4339614734053612,1,4.1954498291015625,0,nan,nan,0,nan
16924.355,7,1,1,stimulusMovement,0,nan,nan,0,nan,1,0.9950391981336805,0.4886768255382776,1,4.15240478515625
16941.021,7,1,1,stimulusMovement,0,nan,nan,0,nan,1,0.9303489261203342,0.4176102802157402,1,4.329742431640625
16957.687,7,1,1,stimulusMovement,1,0.6171402401394314,0.36683489382267,1,4.2859649658203125,1,0.8914462195502386,0.39231346547603607,1,4.4639892578125
16974.354,7,1,1,stimulusMovement,0,nan,nan,0,nan,1,0.8775062561035156,0.4404555447399616,1,4.285736083984375
16991.019,7,1,1,stimulusMovement,0,nan,nan,0,nan,1,0.9684717390272352,0.47387257404625416,1,4.1647491455078125
17007.686,7,1,1,stimulusMovement,1,0.6207170486450195,0.446563933044672,1,3.98614501953125,1,0.9306691487630208,0.4510684609413147,1,4.13543701171875
17024.354,7,1,1,stimulusMovement,1,0.6517492930094401,0.45185936987400055,1,4.12615966796875,1,0.9824782477484808,0.4903580406680703,1,4.0829925537109375
17041.019,7,1,1,stimulusMovement,0,nan,nan,0,nan,1,0.9344573550754123,0.43339529633522034,1,4.3382568359375
17057.686,7,1,1,stimulusMovement,1,0.6442953745524088,0.45531115680933,1,4.0283050537109375,1,0.980404324001736,0.52478988468647,1,3.9207763671875
17074.353,7,1,1,stimulusMovement,0,nan,nan,0,nan,1,1.032440185546875,0.5758045017719269,1,3.8882598876953125
17091.018,7,1,1,stimulusMovement,1,0.6773463355170356,0.33706003427505493,1,4.4097137451171875,1,1.0194551679823134,0.5021206117235124,1,3.90032958984375
17107.685,7,1,1,stimulusMovement,0,nan,nan,0,nan,1,1.000460730658637,0.5054870182648301,1,3.908355712890625
17124.352,7,1,1,stimulusMovement,1,0.603790177239312,0.4154246598482132,1,4.14678955078125,1,0.9933620029025607,0.5141120292246342,1,3.9345703125
17141.019,7,1,1,stimulusMovement,0,nan,nan,0,nan,1,1.0236100090874565,0.5685085356235504,1,3.875152587890625
17157.685,7,1,1,stimulusMovement,0,nan,nan,0,nan,1,0.9447424146864148,0.42186829447746277,1,4.08514404296875
17174.351,7,1,1,stimulusMovement,0,nan,nan,0,nan,1,1.010563744439019,0.5305115357041359,1,3.8368682861328125
17191.017,7,1,1,stimulusMovement,1,0.6155819363064235,0.43507837504148483,1,4.0371246337890625,1,1.0051809946695962,0.5276888124644756,1,3.86956787109375
17207.684,7,1,1,stimulusMovement,1,0.7413075764973958,0.34865663945674896,1,4.326629638671875,1,0.9875929090711805,0.5201112907379866,1,3.912353515625
17224.35,7,1,1,stimulusMovement,0,nan,nan,0,nan,1,1.034708023071289,0.5660933330655098,1,3.770721435546875
17241.016,7,1,1,stimulusMovement,0,nan,nan,0,nan,1,1.0100246005588107,0.5466339513659477,1,3.7613677978515625
17257.683,7,1,1,stimulusMovement,0,nan,nan,0,nan,1,0.9406259324815538,0.48951907083392143,1,4.025238037109375
17274.35,7,1,1,stimulusMovement,0,nan,nan,0,nan,1,1.0056491427951388,0.5453113466501236,1,3.759368896484375
17291.016,7,1,1,stimulusMovement,1,0.5938900841606988,0.4222355931997299,1,4.106109619140625,1,0.9289368523491753,0.45402826741337776,1,4.1251220703125
17307.682,7,1,1,stimulusMovement,1,0.627242194281684,0.4614272229373455,1,3.8719482421875,1,0.987815433078342,0.5655646324157715,1,3.7380218505859375
17324.349,7,1,1,stimulusMovement,0,nan,nan,0,nan,1,0.9876420762803819,0.5349815748631954,1,3.76617431640625
17341.016,7,1,1,stimulusMovement,0,nan,nan,0,nan,1,0.9741973876953125,0.5546530894935131,1,3.68695068359375
17357.681,7,1,1,stimulusMovement,0,nan,nan,0,nan,1,1.0037714640299478,0.560721717774868,1,3.6583099365234375
17374.348,7,1,1,stimulusMovement,1,0.6413663228352864,0.483335729688406,1,3.9148712158203125,1,0.939069112141927,0.4420587345957756,1,4.068695068359375
17391.015,7,1,1,stimulusMovement,0,nan,nan,0,nan,1,0.9864815606011285,0.5374863296747208,1,3.7764892578125
17407.681,7,1,1,stimulusMovement,0,nan,nan,0,nan,1,0.988825692070855,0.5201430190354586,1,3.8475799560546875
17424.348,7,1,1,stimulusMovement,1,0.6276291741265191,0.40813155472278595,1,4.05389404296875,1,1.0014152526855469,0.542832724750042,1,3.7970733642578125
17441.013,7,1,1,stimulusMovement,0,nan,nan,0,nan,1,0.8781829410129123,0.486875357106328,1,4.20562744140625
17457.68,7,1,1,stimulusMovement,0,nan,nan,0,nan,1,0.9755984412299261,0.5440753251314163,1,3.9446563720703125
17474.347,7,1,1,stimulusMovement,0,nan,nan,0,nan,1,1.0030687120225694,0.5387478694319725,1,4.0064544677734375
17491.012,7,1,1,stimulusMovement,1,0.6038420995076497,0.4437007047235966,1,4.0544891357421875,1,0.8560125562879773,0.3922211080789566,1,4.41900634765625
17507.679,7,1,1,stimulusMovement,0,nan,nan,0,nan,1,0.9650590684678819,0.510345472022891,1,3.9241485595703125
17524.346,7,1,1,stimulusMovement,0,nan,nan,0,nan,1,0.9556602901882595,0.5248868633061647,1,3.9433441162109375
17541.012,7,1,1,stimulusMovement,1,0.5944832695855035,0.4566970691084862,1,4.096038818359375,1,0.9522870381673176,0.5168955773115158,1,3.96624755859375
17557.679,7,1,1,stimulusMovement,0,nan,nan,0,nan,0,nan,nan,0,nan
17574.345,7,1,1,stimulusMovement,0,nan,nan,0,nan,1,0.9579115973578558,0.5143761597573757,1,4.064117431640625
17591.012,7,1,1,stimulusMovement,0,nan,nan,0,nan,1,0.9387794070773654,0.5202011950314045,1,4.185028076171875
17607.677,7,1,1,stimulusMovement,1,0.6755575603908962,0.3699807822704315,1,4.511749267578125,1,1.0104471842447915,0.5178417377173901,1,3.9138336181640625
17624.344,7,1,1,stimulusMovement,1,0.6629198922051324,0.4217160940170288,1,4.3632049560546875,1,0.9896564483642578,0.48819515854120255,1,4.017913818359375
17641.011,7,1,1,stimulusMovement,0,nan,nan,0,nan,1,0.9386346605088975,0.48303836584091187,1,4.0435638427734375
17657.677,7,1,1,stimulusMovement,1,0.6080825593736436,0.4384872391819954,1,4.2019195556640625,1,0.9849149915907117,0.507094070315361,1,4.00506591796875
17674.344,7,1,1,stimulusMovement,1,0.6444652345445421,0.41829925775527954,1,4.413787841796875,1,0.9704801771375867,0.4996016095392406,1,4.11468505859375
17691.009,7,1,1,stimulusMovement,1,0.6931733025444878,0.41941458731889725,1,4.3936614990234375,1,0.9600741068522135,0.46224602684378624,1,4.1436920166015625
17707.676,7,1,1,stimulusMovement,0,nan,nan,0,nan,0,nan,nan,0,nan
17724.343,7,1,1,stimulusMovement,0,nan,nan,0,nan,1,1.0018208821614583,0.528383070603013,1,4.0342254638671875
17741.008,7,1,1,stimulusMovement,1,0.6601125929090711,0.429495707154274,1,4.3018646240234375,1,0.9417478773328992,0.5143360225483775,1,4.11468505859375
17757.675,7,1,1,stimulusMovement,0,nan,nan,0,nan,1,1.0299996270073783,0.5423538647592068,1,4.2042999267578125
17774.342,7,1,1,stimulusMovement,0,nan,nan,0,nan,1,0.9639934963650173,0.5021192133426666,1,4.1872100830078125
17791.008,7,1,1,stimulusMovement,0,nan,nan,0,nan,0,nan,nan,0,nan
17807.675,7,1,1,stimulusMovement,1,0.6322479248046875,0.4540536664426327,1,4.1689605712890625,1,0.9836580488416883,0.5361255072057247,1,4.13836669921875
17824.341,7,1,1,stimulusMovement,1,0.6208203633626301,0.42439691722393036,1,4.3475189208984375,0,nan,nan,0,nan
17841.007,7,1,1,stimulusMovement,1,0.6132935418023003,0.42231816053390503,1,4.2369537353515625,1,0.9114905463324652,0.4534817263484001,1,4.2485198974609375
17857.673,7,1,1,stimulusMovement,1,0.609347661336263,0.41784612089395523,1,4.2373504638671875,1,0.8846881654527452,0.47751763463020325,1,4.402374267578125
17874.34,7,1,1,stimulusMovement,1,0.6217415067884656,0.412254735827446,1,4.3434600830078125,1,0.9848620096842448,0.514352336525917,1,4.1370391845703125
17891.006,7,1,1,stimulusMovement,0,nan,nan,0,nan,1,0.977220959133572,0.5053636101074517,1,4.11431884765625
17907.673,7,1,1,stimulusMovement,0,nan,nan,0,nan,1,0.9532794952392578,0.4948171516880393,1,4.2955322265625
17924.34,7,1,1,stimulusMovement,0,nan,nan,0,nan,1,0.9568839603000217,0.5109104532748461,1,4.2685546875
17941.006,7,1,1,stimulusMovement,0,nan,nan,0,nan,0,nan,nan,0,nan
17957.672,7,1,1,stimulusMovement,0,nan,nan,0,nan,1,0.9839197794596354,0.5295606590807438,1,4.151641845703125
17974.339,7,1,1,stimulusMovement,0,nan,nan,0,nan,1,0.9340095520019531,0.5231750644743443,1,4.2339630126953125
17991.004,7,1,1,stimulusMovement,0,nan,nan,0,nan,1,0.9606319003634982,0.5204049069434404,1,4.2312164306640625
18007.672,7,1,1,stimulusMovement,0,nan,nan,0,nan,1,0.9453565809461805,0.49222944770008326,1,4.294647216796875
18024.338,7,1,1,stimulusMovement,1,0.6651082568698459,0.2655556946992874,1,4.791015625,0,nan,nan,0,nan
18041.004,7,1,1,stimulusMovement,1,0.6726705763075086,0.3539954572916031,1,4.5154266357421875,1,0.9734738667805989,0.541357733309269,1,4.2346038818359375
18057.671,7,1,1,stimulusMovement,1,0.5957411660088433,0.4246055781841278,1,4.287109375,1,0.880056275261773,0.41024378687143326,1,4.403839111328125
18074.337,7,1,1,stimulusMovement,0,nan,nan,0,nan,1,0.9085865020751953,0.47542424872517586,1,4.387451171875
18091.004,7,1,1,stimulusMovement,0,nan,nan,0,nan,0,nan,nan,0,nan
18107.67,7,1,1,stimulusMovement,1,0.6039758258395724,0.3225833475589752,1,4.616180419921875,0,nan,nan,0,nan
18124.336,7,1,1,stimulusMovement,1,0.6511253780788845,0.4211171269416809,1,4.30828857421875,1,0.9326826731363932,0.4725647382438183,1,4.34893798828125
18141.002,7,1,1,stimulusMovement,0,nan,nan,0,nan,1,0.8398015764024522,0.38227275013923645,1,4.7027435302734375
18157.669,7,1,1,stimulusMovement,0,nan,nan,0,nan,1,0.9350068834092882,0.4838768057525158,1,4.373138427734375
18174.336,7,1,1,stimulusMovement,0,nan,nan,0,nan,0,nan,nan,0,nan
18191.001,7,1,1,stimulusMovement,0,nan,nan,0,nan,1,0.9687415228949652,0.488260168582201,1,4.2016754150390625
18207.668,7,1,1,stimulusMovement,0,nan,nan,0,nan,1,0.9819452497694227,0.4943407829850912,1,4.0910186767578125
18224.335,7,1,1,stimulusMovement,1,0.5630232493082682,0.20596227049827576,1,4.8890533447265625,1,0.9530169169108073,0.4835536479949951,1,4.2170562744140625
18241.0,7,1,1,stimulusMovement,0,nan,nan,0,nan,1,0.9959854549831814,0.525237437337637,1,4.10052490234375
18257.667,7,1,1,stimulusMovement,1,0.6497161653306749,0.31400635838508606,1,4.454376220703125,1,0.9131204817030164,0.358793243765831,1,4.4926910400390625
18274.334,7,1,1,stimulusMovement,1,0.6304817199707031,0.39535461366176605,1,4.160614013671875,0,nan,nan,0,nan
18291.0,7,1,1,stimulusMovement,1,0.607179217868381,0.36611711978912354,1,4.1609039306640625,1,0.9634329477945963,0.4563304930925369,1,4.109588623046875
18307.666,7,1,1,stimulusMovement,1,0.6381376054551866,0.39589256048202515,1,4.1074676513671875,1,0.9986197153727213,0.4778559524565935,1,4.06488037109375
18324.333,7,1,1,stimulusMovement,1,0.583038330078125,0.09790706634521484,1,4.07086181640625,1,0.9800860087076823,0.17940762639045715,1,3.9904327392578125
18340.999,7,1,1,stimulusMovement,0,nan,nan,0,nan,1,0.960858662923177,0.24237647652626038,1,4.046051025390625
18357.665,7,1,1,stimulusMovement,1,0.6163182788425021,0.09938400983810425,1,4.072021484375,1,0.9902939266628689,0.13744500279426575,1,4.0233612060546875
18374.332,7,1,1,stimulusMovement,0,nan,nan,0,nan,1,1.0571089850531683,0.21624547243118286,1,3.9055023193359375
18390.998,7,1,1,stimulusMovement,0,nan,nan,0,nan,1,0.9987937079535589,0.1673412322998047,1,3.984954833984375
18407.665,7,1,1,stimulusMovement,0,nan,nan,0,nan,1,1.002362569173177,0.14711299538612366,1,3.95635986328125
18424.331,7,1,1,stimulusMovement,1,0.6173665788438585,0.13364183902740479,1,3.991455078125,1,0.9803608788384331,0.14879080653190613,1,3.8850860595703125
18440.997,7,1,1,stimulusMovement,1,0.5882565180460612,0.10681402683258057,1,4.0340576171875,1,0.9803564283582898,0.15849101543426514,1,3.9395599365234375
18457.664,7,1,1,stimulusMovement,0,nan,nan,0,nan,1,0.9941535525851779,0.15115535259246826,1,3.8885955810546875
18474.33,7,1,1,stimulusMovement,0,nan,nan,0,nan,1,0.9951919979519314,0.1671198010444641,1,3.883056640625
18490.996,7,1,1,stimulusMovement,0,nan,nan,0,nan,1,0.9386598798963758,0.1331866979598999,1,3.9384765625
18507.663,7,1,1,stimulusMovement,1,0.593023935953776,0.08359262347221375,1,3.9177398681640625,1,1.0007968478732638,0.17081934213638306,1,3.8525848388671875
18524.33,7,1,1,stimulusMovement,0,nan,nan,0,nan,1,0.9749242994520398,0.14696919918060303,1,3.945098876953125
18540.995,7,1,1,stimulusMovement,1,0.6007511350843641,0.08237713575363159,1,4.035736083984375,1,0.9493834177652994,0.09840068221092224,1,4.0867919921875
18557.662,7,1,1,stimulusMovement,0,nan,nan,0,nan,1,0.9311870998806423,0.07972919940948486,1,4.13079833984375
18574.328,7,1,1,stimulusMovement,0,nan,nan,0,nan,1,0.9806376563178167,0.14652079343795776,1,3.838623046875
18590.994,7,1,1,stimulusMovement,0,nan,nan,0,nan,1,0.944303724500868,0.10308560729026794,1,3.9245147705078125
18607.661,7,1,1,stimulusMovement,1,0.5847347047593858,-0.09146320819854736,1,3.9599456787109375,1,0.9403851826985676,-0.006348311901092529,1,3.94000244140625
18624.327,7,1,1,stimulusMovement,1,0.6115820142957898,-0.16055846214294434,1,3.84552001953125,1,0.9023318820529513,-0.12375837564468384,1,3.9950714111328125
18640.993,7,1,1,stimulusMovement,1,0.5935182571411133,-0.14846360683441162,1,3.9161529541015625,1,0.9481004079182942,-0.12334775924682617,1,3.9220123291015625
18657.66,7,1,1,stimulusMovement,0,nan,nan,0,nan,1,0.9442280663384331,-0.14341199398040771,1,3.89019775390625
18674.327,7,1,1,stimulusMovement,1,0.5492624706692165,-0.21567171812057495,1,3.8883819580078125,1,0.9280151791042751,-0.14411813020706177,1,3.89599609375
18690.992,7,1,1,stimulusMovement,1,0.6023550033569336,-0.1837565302848816,1,3.789337158203125,1,0.919364505343967,-0.1602391004562378,1,3.8075408935546875
18707.659,7,1,1,stimulusMovement,1,0.6117225223117404,-0.20717757940292358,1,3.7764129638671875,1,0.9115958743625217,-0.13485288619995117,1,3.801116943359375
18724.325,7,1,1,stimulusMovement,1,0.6245546340942383,-0.1986067295074463,1,3.7890777587890625,1,0.9606346554226345,-0.1823744773864746,1,3.76263427734375
18740.991,7,1,1,stimulusMovement,1,0.614636739095052,-0.20618712902069092,1,3.728759765625,1,0.9439866807725694,-0.18300634622573853,1,3.92718505859375
18757.658,7,1,1,stimulusMovement,1,0.6252642737494575,-0.20655536651611328,1,3.723297119140625,1,0.8931702507866753,-0.19309735298156738,1,3.8507843017578125
18774.325,7,1,1,stimulusMovement,1,0.6239513821072048,-0.2513650059700012,1,3.737945556640625,1,0.9319063822428385,-0.1884528398513794,1,3.8301239013671875
18790.99,7,1,1,stimulusMovement,0,nan,nan,0,nan,1,0.9775301615397135,-0.22238683700561523,1,3.7667999267578125
18807.657,7,1,1,stimulusMovement,1,0.5846994188096788,-0.2580488324165344,1,3.85650634765625,1,0.940829383002387,-0.19843333959579468,1,3.7962799072265625
18824.324,7,1,1,stimulusMovement,1,0.6265926361083984,-0.24999499320983887,1,3.649566650390625,1,0.9431961907280816,-0.19034039974212646,1,3.7344818115234375
18840.989,7,1,1,stimulusMovement,1,0.5761288536919488,-0.23347491025924683,1,3.7161407470703125,1,0.9439898596869574,-0.226740300655365,1,3.6708526611328125
18857.656,7,1,1,stimulusMovement,1,0.5979603661431206,-0.2560701370239258,1,3.6721649169921875,1,0.9197680155436198,-0.20702606439590454,1,3.8570404052734375
18874.322,7,1,1,stimulusMovement,1,0.5765039655897352,-0.27643489837646484,1,3.68194580078125,1,0.9853329128689235,-0.18031305074691772,1,3.5485992431640625
18890.989,7,1,1,stimulusMovement,1,0.6186116536458333,-0.3255798816680908,1,3.727203369140625,1,0.9057333204481336,-0.20596760511398315,1,3.7190704345703125
18907.655,7,1,1,stimulusMovement,1,0.6130752563476562,-0.3048267960548401,1,3.627593994140625,1,0.9088270399305555,-0.2227591872215271,1,3.7129364013671875
18924.322,7,1,1,stimulusMovement,1,0.6227291954888238,-0.30505073070526123,1,3.512664794921875,1,0.9453597598605685,-0.25504231452941895,1,3.6764678955078125
18940.987,7,1,1,stimulusMovement,1,0.5938614739312066,-0.30918747186660767,1,3.5479278564453125,0,nan,nan,0,nan
18957.654,7,1,1,stimulusMovement,1,0.5963766309950086,-0.31883418560028076,1,3.5712127685546875,1,0.9255263010660807,-0.23048359155654907,1,3.736175537109375
18974.321,7,1,1,stimulusMovement,1,0.5599619547526041,-0.30451464653015137,1,3.6646881103515625,0,nan,nan,0,nan
18990.987,7,1,1,stimulusMovement,1,0.5382076899210612,-0.2989477515220642,1,3.5727386474609375,1,0.9073594411214192,-0.2778911590576172,1,3.5534820556640625
19007.654,7,1,1,stimulusMovement,0,nan,nan,0,nan,0,nan,nan,0,nan
19024.32,7,1,1,stimulusMovement,0,nan,nan,0,nan,1,0.9317442576090494,-0.2841796278953552,1,3.532440185546875
19040.986,7,1,1,stimulusMovement,0,nan,nan,0,nan,1,0.9933552212185329,-0.2835767865180969,1,3.492431640625
19057.653,7,1,1,stimulusMovement,1,0.6120681762695312,-0.3459949493408203,1,3.323028564453125,1,0.9317877027723523,-0.29546689987182617,1,3.4776611328125
19074.319,7,1,1,stimulusMovement,1,0.6058645248413086,-0.3601374626159668,1,3.4929046630859375,0,nan,nan,0,nan
19090.985,7,1,1,stimulusMovement,1,0.58682738410102,-0.3263466954231262,1,3.4251708984375,1,0.9494046105278863,-0.2820643186569214,1,3.4372406005859375
19107.651,7,1,1,stimulusMovement,1,0.5577767690022786,-0.3720085620880127,1,3.5893707275390625,1,0.944735633002387,-0.3063247799873352,1,3.591461181640625
19124.318,7,1,1,stimulusMovement,1,0.5935725106133355,-0.3569895029067993,1,3.4124603271484375,1,0.9029659695095485,-0.28476423025131226,1,3.6146392822265625
19140.984,7,1,1,stimulusMovement,0,nan,nan,0,nan,1,1.015181647406684,-0.20122838020324707,1,3.1540679931640625
19157.651,7,1,1,stimulusMovement,1,0.5885327657063801,-0.29919952154159546,1,3.5293121337890625,1,0.9257246653238932,-0.2918708324432373,1,3.5837249755859375
19174.317,7,1,1,stimulusMovement,1,0.6048253377278645,-0.3556709885597229,1,3.37957763671875,1,0.9130024380154079,-0.3273085355758667,1,3.5802459716796875
19190.983,7,1,1,stimulusMovement,1,0.6247940063476562,-0.40013599395751953,1,3.287200927734375,1,1.0017526414659288,-0.37357449531555176,1,3.3912200927734375
19207.649,7,1,1,stimulusMovement,1,0.6154081556532117,-0.4052148461341858,1,3.3357391357421875,1,1.0005677541097004,-0.37869542837142944,1,3.4932403564453125
19224.316,7,1,1,stimulusMovement,1,0.6123530069986979,-0.4260479211807251,1,3.2906494140625,1,1.0055722130669487,-0.3716887831687927,1,3.602294921875
19240.982,7,1,1,stimulusMovement,1,0.6298483742607964,-0.4408853054046631,1,3.268463134765625,1,0.9773116641574435,-0.36034858226776123,1,3.60919189453125
19257.649,7,1,1,stimulusMovement,1,0.6016858418782551,-0.391221284866333,1,3.2829437255859375,1,0.9595529768202039,-0.38818854093551636,1,3.49896240234375
19274.315,7,1,1,stimulusMovement,1,0.6202409532335069,-0.44233888387680054,1,3.25921630859375,1,0.976898193359375,-0.40847456455230713,1,3.46990966796875
19290.981,7,1,1,stimulusMovement,0,nan,nan,0,nan,1,0.9615681966145833,-0.40395641326904297,1,3.4956207275390625
19307.648,7,1,1,stimulusMovement,1,0.6285439597235786,-0.45414209365844727,1,3.35626220703125,1,0.9922701517740885,-0.4357208013534546,1,3.5913848876953125
19324.314,7,1,1,stimulusMovement,1,0.6167307959662544,-0.4400823712348938,1,3.246551513671875,1,0.9778768751356336,-0.4022935628890991,1,3.512664794921875
19340.98,7,1,1,stimulusMovement,1,0.5925007926093208,-0.4465019702911377,1,3.30535888671875,1,0.9961136711968316,-0.39435845613479614,1,3.493804931640625
19357.646,7,1,1,stimulusMovement,1,0.6080055236816406,-0.43321657180786133,1,3.288360595703125,1,0.9825464884440104,-0.3677038550376892,1,3.5229644775390625
19374.313,7,1,1,stimulusMovement,1,0.6112315919664171,-0.427640438079834,1,3.3104705810546875,1,0.9361616770426432,-0.41833168268203735,1,3.617340087890625
19390.979,7,1,1,stimulusMovement,1,0.6118717193603516,-0.41347193717956543,1,3.362335205078125,1,0.9675477345784504,-0.3865385055541992,1,3.52484130859375
19407.645,7,1,1,stimulusMovement,1,0.5396564271714952,-0.42033571004867554,1,3.5943145751953125,1,0.9064392513699001,-0.4368404150009155,1,3.7018890380859375
19424.312,7,1,1,stimulusMovement,1,0.6114699045817057,-0.4019312858581543,1,3.2582244873046875,1,1.0217530992296007,-0.396079421043396,1,3.502960205078125
19440.978,7,1,1,stimulusMovement,1,0.6303573184543185,-0.41436511278152466,1,3.276519775390625,1,1.0016557905409071,-0.3802238702774048,1,3.4050445556640625
19457.644,7,1,1,stimulusMovement,1,0.6314903895060221,-0.4441145658493042,1,3.26202392578125,1,1.0216130150689018,-0.39091354608535767,1,3.511810302734375
19474.311,7,1,1,stimulusMovement,1,0.6246312459309895,-0.44271522760391235,1,3.3289794921875,1,1.025795406765408,-0.3903714418411255,1,3.445953369140625
19490.976,7,1,1,stimulusMovement,1,0.6102763281928169,-0.41116517782211304,1,3.2575836181640625,1,0.9352048238118489,-0.4477289319038391,1,3.803070068359375
19507.643,7,1,1,stimulusMovement,1,0.6154972712198893,-0.4286996126174927,1,3.2788848876953125,1,1.011357201470269,-0.40833544731140137,1,3.5719757080078125
19524.31,7,1,1,stimulusMovement,1,0.6070891486273872,-0.4215933680534363,1,3.3084259033203125,1,0.9828942616780598,-0.42962223291397095,1,3.586822509765625
19540.976,7,1,1,stimulusMovement,1,0.6009047826131184,-0.371118426322937,1,3.3939666748046875,1,0.9546489715576172,-0.3568906784057617,1,3.53045654296875
19557.642,7,1,1,stimulusMovement,1,0.6242941750420464,-0.399787962436676,1,3.299774169921875,0,nan,nan,0,nan
19574.309,7,1,1,stimulusMovement,1,0.5858443578084309,-0.4097972512245178,1,3.3508148193359375,1,0.9348744286431206,-0.3322095274925232,1,3.5351104736328125
19590.974,7,1,1,stimulusMovement,1,0.5911528269449869,-0.6065953969955444,1,2.7568817138671875,1,0.9591049618191189,-0.3781653046607971,1,3.5316925048828125
19607.641,7,1,1,stimulusMovement,0,nan,nan,0,nan,1,0.9555371602376301,-0.35550934076309204,1,3.5110626220703125
19624.308,7,1,1,stimulusMovement,1,0.5746182335747613,-0.396218478679657,1,3.3708343505859375,1,0.9288929833306206,-0.3631696105003357,1,3.46563720703125
19640.974,7,1,1,stimulusMovement,0,nan,nan,0,nan,1,0.9844241672092013,-0.3715631365776062,1,3.4622650146484375
19657.64,7,1,1,stimulusMovement,1,0.6143828497992622,-0.4847865700721741,1,3.6116485595703125,1,1.0013995700412326,-0.3813754916191101,1,3.5015106201171875
19674.307,7,1,1,stimulusMovement,1,0.6353628370496961,-0.39457446336746216,1,3.321685791015625,1,1.0247158474392362,-0.392791748046875,1,3.3493194580078125
19690.972,7,1,1,stimulusMovement,1,0.6212395562065972,-0.4369373321533203,1,3.2667388916015625,0,nan,nan,0,nan
19707.639,7,1,1,stimulusMovement,1,0.6064861085679796,-0.4042792320251465,1,3.32745361328125,1,0.9967918395996094,-0.39143097400665283,1,3.412872314453125
19724.305,7,1,1,stimulusMovement,0,nan,nan,0,nan,1,0.9598153432210286,-0.37301236391067505,1,3.5135955810546875
19740.971,7,1,1,stimulusMovement,1,0.6273197597927517,-0.4076001048088074,1,3.403289794921875,1,0.930605994330512,-0.3888949751853943,1,3.3450927734375
19757.638,7,1,1,stimulusMovement,0,nan,nan,0,nan,1,0.9205565982394748,-0.35562610626220703,1,3.5341644287109375
19774.305,7,1,1,stimulusMovement,1,0.6121169196234809,-0.4322318434715271,1,3.2069549560546875,1,0.9207225375705295,-0.34803056716918945,1,3.58514404296875
19790.97,7,1,1,stimulusMovement,0,nan,nan,0,nan,1,0.9928300645616319,-0.364050030708313,1,3.3912506103515625
19807.637,7,1,1,stimulusMovement,1,0.6239769193861219,-0.4397672414779663,1,3.28173828125,1,0.9837173885769314,-0.3622938394546509,1,3.3468780517578125
19824.303,7,1,1,stimulusMovement,1,0.5931764178805881,-0.39358383417129517,1,3.42236328125,1,0.9801220364040798,-0.37328529357910156,1,3.40283203125
19840.969,7,1,1,stimulusMovement,1,0.5815695656670464,-0.4210994243621826,1,3.265380859375,1,0.9534344143337673,-0.38872987031936646,1,3.4445037841796875
19857.635,7,1,1,stimulusMovement,0,nan,nan,0,nan,1,0.9598297542995876,-0.39819180965423584,1,3.5143585205078125
19874.302,7,1,1,stimulusMovement,1,0.6322838465372721,-0.42549896240234375,1,3.299591064453125,0,nan,nan,0,nan
19890.969,7,1,1,stimulusMovement,0,nan,nan,0,nan,1,0.9830108218722873,-0.34865230321884155,1,3.3109893798828125
19907.635,7,1,1,stimulusMovement,0,nan,nan,0,nan,1,1.0182579888237846,-0.36333727836608887,1,3.4505462646484375
19924.301,7,1,1,stimulusMovement,1,0.6046144697401258,-0.42153501510620117,1,3.2570953369140625,1,0.9442113240559895,-0.37519019842147827,1,3.5164947509765625
19940.968,7,1,1,stimulusMovement,1,0.600161870320638,-0.4373493790626526,1,3.341766357421875,1,1.007163577609592,-0.37517333030700684,1,3.455596923828125
19957.633,7,1,1,stimulusMovement,1,0.6175663206312391,-0.39195728302001953,1,3.2975921630859375,1,0.9719373914930555,-0.3711233139038086,1,3.4315643310546875
19974.301,7,1,1,stimulusMovement,1,0.6024577882554796,-0.41985827684402466,1,3.264984130859375,1,0.9533985985649956,-0.3607361316680908,1,3.41522216796875
19990.966,7,1,1,stimulusMovement,1,0.6019828584459093,-0.3906521797180176,1,3.29730224609375,1,0.9757175445556641,-0.37249791622161865,1,3.4543609619140625
20007.633,7,1,1,stimulusMovement,0,nan,nan,0,nan,1,0.9954391055636935,-0.37929069995880127,1,3.5435943603515625
20024.3,7,1,1,stimulusMovement,1,0.5817114512125651,-0.41750568151474,1,3.3044891357421875,1,0.9931916130913628,-0.37022536993026733,1,3.5210723876953125
20040.965,7,1,1,stimulusMovement,1,0.6135908762613932,-0.41122233867645264,1,3.2798614501953125,1,0.9619967142740885,-0.3787323832511902,1,3.5094757080078125
20057.632,7,1,1,stimulusMovement,0,nan,nan,0,nan,1,0.980960210164388,-0.3718876838684082,1,3.4017791748046875
20074.298,7,1,1,stimulusMovement,1,0.6215792761908637,-0.41551125049591064,1,3.3189239501953125,1,0.9845328860812717,-0.3785310983657837,1,3.41436767578125
20090.964,7,1,1,stimulusMovement,1,0.45393096076117617,-0.44598519802093506,1,3.857940673828125,1,1.0045418209499783,-0.3449983596801758,1,3.455108642578125
20107.63,7,1,1,stimulusMovement,1,0.6032819747924805,-0.4085748791694641,1,3.3473663330078125,1,1.0192214118109808,-0.3708261251449585,1,3.4170684814453125
20124.297,7,1,1,stimulusMovement,1,0.640392091539171,-0.399993896484375,1,3.3422088623046875,1,0.9630082448323567,-0.38334524631500244,1,3.6638946533203125
20140.963,7,1,1,stimulusMovement,1,0.5596288045247395,-0.4281909465789795,1,3.5742340087890625,1,0.9883607228597004,-0.34792381525039673,1,3.491973876953125
20157.629,7,1,1,stimulusMovement,1,0.6441675821940104,-0.4012865424156189,1,3.462066650390625,1,0.9672228495279948,-0.37164610624313354,1,3.5414581298828125
20174.296,7,1,1,stimulusMovement,1,0.6587102678087022,-0.40640830993652344,1,3.306243896484375,1,0.9915765126546223,-0.3738636374473572,1,3.5307769775390625
20190.962,7,1,1,stimulusMovement,1,0.6174030303955078,-0.40715253353118896,1,3.388763427734375,1,1.0217954847547743,-0.36181628704071045,1,3.3388824462890625
20207.628,7,1,1,stimulusMovement,1,0.6175821092393663,-0.7911168336868286,1,2.37017822265625,1,1.1722225613064234,-0.544238805770874,1,2.7528228759765625
20224.295,7,1,1,stimulusMovement,0,nan,nan,0,nan,0,nan,nan,0,nan
20240.96,7,1,1,stimulusMovement,0,nan,nan,0,nan,0,nan,nan,0,nan
20257.627,7,1,1,stimulusMovement,0,nan,nan,0,nan,0,nan,nan,0,nan
20274.294,7,1,1,stimulusMovement,0,nan,nan,0,nan,0,nan,nan,0,nan
20290.959,7,1,1,stimulusMovement,0,nan,nan,0,nan,0,nan,nan,0,nan
20307.626,7,1,1,stimulusMovement,0,nan,nan,0,nan,0,nan,nan,0,nan
20324.292,7,1,1,stimulusMovement,0,nan,nan,0,nan,0,nan,nan,0,nan
20340.958,7,1,1,stimulusMovement,0,nan,nan,0,nan,0,nan,nan,0,nan
20357.625,7,1,1,fixation,0,nan,nan,0,nan,0,nan,nan,0,nan
20374.291,7,1,1,fixation,0,nan,nan,0,nan,0,nan,nan,0,nan
20390.957,7,1,1,fixation,0,nan,nan,0,nan,0,nan,nan,0,nan
20407.624,7,1,1,fixation,0,nan,nan,0,nan,0,nan,nan,0,nan
20424.29,7,1,1,fixation,0,nan,nan,0,nan,0,nan,nan,0,nan
20440.956,7,1,1,fixation,0,nan,nan,0,nan,0,nan,nan,0,nan
20457.622,7,1,1,fixation,0,nan,nan,0,nan,0,nan,nan,0,nan
20474.289,7,1,1,fixation,1,0.027526749504937064,-0.208565354347229,1,2.9654693603515625,1,0.38439432779947913,-0.1402350664138794,1,3.1468353271484375
20490.955,7,1,1,fixation,0,nan,nan,0,nan,0,nan,nan,0,nan
20507.621,7,1,1,fixation,0,nan,nan,0,nan,1,0.3886079788208008,-0.2144761085510254,1,3.753753662109375
20524.288,7,1,1,fixation,1,0.026439242892795138,-0.18002700805664062,1,3.0493621826171875,1,0.38560358683268225,-0.1370246410369873,1,3.1835174560546875
20540.953,7,1,1,fixation,0,nan,nan,0,nan,0,nan,nan,0,nan
20557.62,7,1,1,fixation,0,nan,nan,0,nan,1,0.40158483717176646,-0.19329196214675903,1,3.7366943359375
20574.286,7,1,1,fixation,1,0.028799798753526475,-0.17708343267440796,1,3.09698486328125,1,0.3807683520846897,-0.13778233528137207,1,3.2209320068359375
20590.952,7,1,1,fixation,0,nan,nan,0,nan,0,nan,nan,0,nan
20607.619,7,1,1,fixation,0,nan,nan,0,nan,1,0.40169334411621094,-0.2488081455230713,1,3.7803955078125
20624.285,7,1,1,fixation,1,0.022950914171006944,-0.17614030838012695,1,3.14068603515625,1,0.38404528299967444,-0.13837146759033203,1,3.2492523193359375
20640.951,7,1,1,fixation,0,nan,nan,0,nan,0,nan,nan,0,nan
20657.617,7,1,1,fixation,1,0.07260004679361978,-0.26679784059524536,1,3.914093017578125,1,0.38469611273871523,-0.23490631580352783,1,3.914093017578125
20674.284,7,1,1,fixation,1,0.028232574462890625,-0.17697274684906006,1,3.1654510498046875,1,0.38671864403618705,-0.13887953758239746,1,3.2616729736328125
20690.949,7,1,1,fixation,0,nan,nan,0,nan,0,nan,nan,0,nan
20707.616,7,1,1,fixation,1,0.1455953386094835,-0.2529846429824829,1,3.91619873046875,1,0.45594416724310977,-0.21921968460083008,1,3.7556610107421875
20724.283,7,1,1,fixation,1,0.38548755645751953,-0.3393201231956482,1,3.15582275390625,1,0.8096219168768988,-0.316989004611969,1,3.2291717529296875
20740.948,7,1,1,fixation,0,nan,nan,0,nan,0,nan,nan,0,nan
20757.615,7,1,1,fixation,0,nan,nan,0,nan,1,1.123994615342882,-0.472525954246521,1,3.6663970947265625
20774.281,7,1,1,fixation,1,0.7895980411105685,-0.4480801820755005,1,3.043304443359375,1,1.2201959821912978,-0.45358848571777344,1,3.1271820068359375
20790.947,7,1,1,fixation,0,nan,nan,0,nan,0,nan,nan,0,nan
20807.614,7,1,1,fixation,1,0.7567011515299479,-0.47427260875701904,1,3.4958648681640625,1,1.101951175265842,-0.4653800129890442,1,3.5834197998046875
20824.28,7,1,1,fixation,1,0.7957288953993055,-0.45104002952575684,1,2.927490234375,1,1.2224110497368705,-0.43130946159362793,1,2.9878387451171875
20840.946,7,1,1,fixation,0,nan,nan,0,nan,0,nan,nan,0,nan
20857.612,7,1,1,fixation,1,0.725460582309299,-0.4540886878967285,1,3.372711181640625,1,1.0760936737060547,-0.4748178720474243,1,3.5423126220703125
20874.279,7,1,1,fixation,1,0.7947201199001735,-0.4450582265853882,1,2.8211212158203125,1,1.1980843014187281,-0.4330894351005554,1,2.8828277587890625
20890.944,7,1,1,fixation,0,nan,nan,0,nan,0,nan,nan,0,nan
20907.611,7,1,1,fixation,1,0.7064039442274305,-0.45041072368621826,1,3.336151123046875,1,1.0881303151448567,-0.4932769536972046,1,3.576171875
20924.278,7,1,1,fixation,1,0.789134767320421,-0.43989890813827515,1,2.7279815673828125,1,1.222647984822591,-0.42769861221313477,1,2.77081298828125
20940.943,7,1,1,fixation,0,nan,nan,0,nan,0,nan,nan,0,nan
20957.61,7,1,1,fixation,1,0.6144138971964518,-0.40683919191360474,1,3.297576904296875,1,1.0247951083713107,-0.5099953413009644,1,3.72119140625
20974.277,7,1,1,fixation,1,0.6804862552218967,-0.34073078632354736,1,2.622467041015625,1,1.0906446244981554,-0.31107795238494873,1,2.679229736328125
20990.943,7,1,1,fixation,0,nan,nan,0,nan,0,nan,nan,0,nan
21007.609,7,1,1,fixation,1,0.6321283976236979,-0.3836691975593567,1,3.274688720703125,1,0.9317014482286241,-0.39344465732574463,1,3.438446044921875
21024.276,7,1,1,fixation,1,0.6868019104003906,-0.33234870433807373,1,2.5374908447265625,1,1.08980835808648,-0.3221081495285034,1,2.6126556396484375
21040.941,7,1,1,fixation,0,nan,nan,0,nan,0,nan,nan,0,nan
21057.608,7,1,1,fixation,1,0.6644145117865669,-0.42700469493865967,1,3.1188201904296875,1,0.9397578769259982,-0.3603077530860901,1,3.4742584228515625
21074.275,7,1,1,fixation,1,0.6864283879597981,-0.3373526930809021,1,2.4736328125,1,1.0819174448649087,-0.32307177782058716,1,2.559722900390625
21090.94,7,1,1,fixation,0,nan,nan,0,nan,0,nan,nan,0,nan
21107.607,7,1,1,fixation,1,0.6233533223470051,-0.409649133682251,1,3.201141357421875,1,0.9212451510959201,-0.40028250217437744,1,3.28692626953125
21124.273,7,1,1,fixation,1,0.6826134787665473,-0.3336098790168762,1,2.4014434814453125,1,1.0730094909667969,-0.32831716537475586,1,2.5234375
21140.939,7,1,1,fixation,0,nan,nan,0,nan,0,nan,nan,0,nan
21157.605,7,1,1,fixation,1,0.5589967303805881,-0.4604712724685669,1,3.093292236328125,1,0.9715504116482204,-0.4165962338447571,1,3.1698150634765625
21174.272,7,1,1,fixation,1,0.6814252005683051,-0.3382740616798401,1,2.3670654296875,1,1.0909423828125,-0.3228214979171753,1,2.47308349609375
21190.938,7,1,1,fixation,0,nan,nan,0,nan,0,nan,nan,0,nan
21207.604,7,1,1,fixation,1,0.6196975708007812,-0.4456929564476013,1,3.085479736328125,1,0.9890251159667969,-0.48303914070129395,1,3.487457275390625
21224.271,7,1,1,fixation,1,0.6650910907321506,-0.3366960883140564,1,2.3246307373046875,1,1.0613004896375868,-0.3292030096054077,1,2.444854736328125
21240.936,7,1,1,fixation,0,nan,nan,0,nan,0,nan,nan,0,nan
21257.603,7,1,1,fixation,1,0.5564531750149196,-0.41349339485168457,1,3.226165771484375,1,0.989505132039388,-0.4205362796783447,1,3.1020965576171875
21274.269,7,1,1,fixation,1,0.6640317704942491,-0.33634471893310547,1,2.3061981201171875,1,1.0565761990017362,-0.33332228660583496,1,2.4374542236328125
21290.935,7,1,1,fixation,0,nan,nan,0,nan,0,nan,nan,0,nan
21307.601,7,1,1,fixation,1,0.6481863657633463,-0.4350122809410095,1,3.0337982177734375,1,0.8737862904866536,-0.3579384684562683,1,3.1516265869140625
21324.268,7,1,1,fixation,1,0.6550900141398112,-0.3413618206977844,1,2.3031463623046875,1,1.058858871459961,-0.3325943350791931,1,2.43988037109375
21340.934,7,1,1,fixation,0,nan,nan,0,nan,0,nan,nan,0,nan
21357.6,7,1,1,fixation,1,0.6005674997965494,-0.471075177192688,1,2.87451171875,1,1.0317844814724393,-0.3490866422653198,1,2.9293365478515625
21374.267,7,1,1,fixation,1,0.6567814085218641,-0.3278316259384155,1,2.2834320068359375,1,1.0425184037950304,-0.3350379467010498,1,2.4561614990234375
21390.932,7,1,1,fixation,0,nan,nan,0,nan,0,nan,nan,0,nan
21407.599,7,1,1,fixation,1,0.6229912439982096,-0.4572029113769531,1,3.019073486328125,1,0.9546262953016492,-0.3947340250015259,1,3.08917236328125
21424.265,7,1,1,fixation,1,0.6578254699707031,-0.34011274576187134,1,2.31243896484375,1,1.0514367421468098,-0.3318590521812439,1,2.4548797607421875
21440.931,7,1,1,fixation,0,nan,nan,0,nan,0,nan,nan,0,nan
21457.597,7,1,1,fixation,1,0.6466523276435004,-0.45175981521606445,1,3.060455322265625,1,0.9818265702989366,-0.3622758388519287,1,3.002716064453125
21474.264,7,1,1,fixation,1,0.6571560965643989,-0.331714391708374,1,2.29119873046875,1,1.0354287889268663,-0.33417820930480957,1,2.4750823974609375
21490.929,7,1,1,fixation,0,nan,nan,0,nan,0,nan,nan,0,nan
21507.596,7,1,1,fixation,1,0.584066179063585,-0.41502267122268677,1,3.08502197265625,1,0.9236255221896701,-0.3552759885787964,1,3.2727508544921875
21524.263,7,1,1,fixation,1,0.6565594143337673,-0.3413042426109314,1,2.3317413330078125,1,1.0324259863959417,-0.33876675367355347,1,2.48394775390625
21540.928,7,1,1,fixation,0,nan,nan,0,nan,0,nan,nan,0,nan
21557.595,7,1,1,fixation,1,0.6335275438096788,-0.4299483299255371,1,2.992279052734375,1,0.9766139984130859,-0.4659983515739441,1,3.3480682373046875
21574.262,7,1,1,fixation,1,0.6522476408216688,-0.3407593369483948,1,2.3180389404296875,1,1.0329791174994574,-0.3417084217071533,1,2.5034332275390625
21590.928,7,1,1,fixation,0,nan,nan,0,nan,0,nan,nan,0,nan
21607.595,7,1,1,fixation,1,0.5302005343967013,-0.4240344762802124,1,3.2854156494140625,1,0.9231711493598089,-0.3658919334411621,1,3.2245941162109375
21624.262,7,1,1,fixation,1,0.6512720319959852,-0.346494197845459,1,2.3613128662109375,1,1.0346908569335938,-0.3429332375526428,1,2.5339202880859375
21640.928,7,1,1,fixation,0,nan,nan,0,nan,0,nan,nan,0,nan
21657.595,7,1,1,fixation,1,0.6125408808390299,-0.4284842014312744,1,3.0775909423828125,1,0.9651012420654297,-0.39727699756622314,1,3.1971588134765625
21674.262,7,1,1,stimulusMovement,1,0.6421632766723633,-0.3452129364013672,1,2.411956787109375,1,1.0339285532633462,-0.3429616093635559,1,2.5672454833984375
21690.928,7,1,1,stimulusMovement,0,nan,nan,0,nan,0,nan,nan,0,nan
21707.595,7,1,1,stimulusMovement,0,nan,nan,0,nan,1,0.9584329393174913,-0.39944028854370117,1,3.225189208984375
21724.262,7,1,1,stimulusMovement,1,0.6213711632622613,-0.4351373314857483,1,3.099517822265625,1,1.0302579667833116,-0.387149453163147,1,3.1793060302734375
21740.928,7,1,1,stimulusMovement,0,nan,nan,0,nan,1,0.9444660610622829,-0.39189136028289795,1,3.362762451171875
21757.595,7,1,1,stimulusMovement,1,0.6051550971137153,-0.4195331335067749,1,3.1848602294921875,1,0.9078394571940104,-0.3917142152786255,1,3.52349853515625
21774.262,7,1,1,stimulusMovement,1,0.5855136447482638,-0.396339476108551,1,3.108642578125,1,0.936791525946723,-0.4245970845222473,1,3.4371490478515625
21790.928,7,1,1,stimulusMovement,1,0.5659383138020833,-0.40644168853759766,1,3.1920318603515625,1,0.965274175008138,-0.37152397632598877,1,3.237945556640625
21807.595,7,1,1,stimulusMovement,0,nan,nan,0,nan,1,0.9754435221354166,-0.42694181203842163,1,3.39996337890625
21824.262,7,1,1,stimulusMovement,0,nan,nan,0,nan,0,nan,nan,0,nan
21840.928,7,1,1,stimulusMovement,1,0.5731622907850477,-0.4079606533050537,1,3.2473602294921875,1,0.9848592546251085,-0.39838075637817383,1,3.281890869140625
21857.595,7,1,1,stimulusMovement,1,0.6330289840698242,-0.4318653345108032,1,3.1332855224609375,1,0.9674945407443576,-0.4401596784591675,1,3.4223785400390625
21874.262,7,1,1,stimulusMovement,1,0.6323521931966145,-0.39833831787109375,1,3.2152557373046875,1,0.9351107279459635,-0.4106024503707886,1,3.4185943603515625
21890.928,7,1,1,stimulusMovement,1,0.6033312479654948,-0.41424453258514404,1,3.1649932861328125,1,0.8943229251437717,-0.3853905200958252,1,3.35595703125
21907.595,7,1,1,stimulusMovement,0,nan,nan,0,nan,0,nan,nan,0,nan
21924.262,7,1,1,stimulusMovement,1,0.5990740458170573,-0.43454134464263916,1,3.1500244140625,1,0.9595224592420789,-0.43115323781967163,1,3.4772186279296875
21940.928,7,1,1,stimulusMovement,1,0.579525523715549,-0.45387643575668335,1,3.1428985595703125,1,0.9697365230984157,-0.43928778171539307,1,3.519134521484375
21957.595,7,1,1,stimulusMovement,0,nan,nan,0,nan,1,0.8703123728434244,-0.34866565465927124,1,3.3947601318359375
21974.262,7,1,1,stimulusMovement,1,0.5444394217597114,-0.3737336993217468,1,3.368621826171875,0,nan,nan,0,nan
21990.929,7,1,1,stimulusMovement,0,nan,nan,0,nan,1,0.9333780076768663,-0.3750232458114624,1,3.502960205078125
22007.596,7,1,1,stimulusMovement,0,nan,nan,0,nan,1,0.9628056420220269,-0.41225385665893555,1,3.4462890625
22024.263,7,1,1,stimulusMovement,1,0.5976970460679796,-0.47307050228118896,1,3.4649658203125,1,0.9231607649061414,-0.4215109944343567,1,3.5262298583984375
22040.929,7,1,1,stimulusMovement,1,0.5710812674628364,-0.43439745903015137,1,3.25311279296875,1,0.9194664425320095,-0.3953104019165039,1,3.57989501953125
22057.596,7,1,1,stimulusMovement,1,0.5994880464341905,-0.41620010137557983,1,3.2410888671875,1,0.9898957146538628,-0.3975236415863037,1,3.4219970703125
22074.263,7,1,1,stimulusMovement,1,0.6450487772623698,-0.40746235847473145,1,3.173828125,1,0.9518790774875217,-0.4025691747665405,1,3.434112548828125
22090.929,7,1,1,stimulusMovement,1,0.5370345645480685,-0.391690194606781,1,3.5361480712890625,1,0.9996986389160156,-0.3924331068992615,1,3.4329071044921875
22107.596,7,1,1,stimulusMovement,1,0.61945374806722,-0.4159485101699829,1,3.1913604736328125,0,nan,nan,0,nan
22124.263,7,1,1,stimulusMovement,0,nan,nan,0,nan,0,nan,nan,0,nan
22140.929,7,1,1,stimulusMovement,1,0.5036937925550673,-0.3966485261917114,1,3.4494171142578125,0,nan,nan,0,nan
22157.596,7,1,1,stimulusMovement,1,0.6262152989705403,-0.3986598253250122,1,3.2158966064453125,1,0.9964705573187933,-0.5462878942489624,1,3.94635009765625
22174.263,7,1,1,stimulusMovement,0,nan,nan,0,nan,1,0.8778823216756184,-0.35665518045425415,1,3.6945037841796875
22190.929,7,1,1,stimulusMovement,1,0.6095106336805555,-0.4278290271759033,1,3.339508056640625,1,0.9713143242730035,-0.39206403493881226,1,3.4989166259765625
22207.596,7,1,1,stimulusMovement,1,0.6265881856282551,-0.41990309953689575,1,3.3568572998046875,1,0.9768594106038411,-0.3981419801712036,1,3.6331329345703125
22224.263,7,1,1,stimulusMovement,0,nan,nan,0,nan,1,0.9166711171468098,-0.4034847021102905,1,3.661865234375
22240.929,7,1,1,stimulusMovement,1,0.5909398396809895,-0.4200053811073303,1,3.35614013671875,1,0.959732903374566,-0.3510758876800537,1,3.653228759765625
22257.596,7,1,1,stimulusMovement,1,0.5853089226616753,-0.44473713636398315,1,3.4004364013671875,1,0.9896570841471354,-0.3935876488685608,1,3.58502197265625
22274.263,7,1,1,stimulusMovement,0,nan,nan,0,nan,1,0.923225614759657,-0.40898847579956055,1,3.70147705078125
22290.929,7,1,1,stimulusMovement,1,0.5625038146972656,-0.40949350595474243,1,3.456329345703125,1,0.967148674858941,-0.39353883266448975,1,3.7293853759765625
22307.596,7,1,1,stimulusMovement,0,nan,nan,0,nan,1,0.9702203538682725,-0.38933032751083374,1,3.5407867431640625
22324.263,7,1,1,stimulusMovement,1,0.563510258992513,-0.3802485466003418,1,3.5016326904296875,1,1.009601804945204,-0.3974299430847168,1,3.5071563720703125
22340.929,7,1,1,stimulusMovement,0,nan,nan,0,nan,1,0.9522035386827257,-0.42787832021713257,1,3.6942138671875
22357.596,7,1,1,stimulusMovement,1,0.6193224589029948,-0.4027253985404968,1,3.31939697265625,1,0.9505240122477213,-0.4189074635505676,1,3.8094329833984375
22374.263,7,1,1,stimulusMovement,1,0.5765318340725368,-0.37804675102233887,1,3.43701171875,1,0.9779970380995008,-0.41004377603530884,1,3.5766448974609375
22390.929,7,1,1,stimulusMovement,1,0.5893395741780598,-0.43322694301605225,1,3.4839019775390625,1,1.0011863708496094,-0.4333524703979492,1,3.701507568359375
22407.596,7,1,1,stimulusMovement,1,0.6227427588568794,-0.39351320266723633,1,3.3380584716796875,1,0.9789850446912977,-0.39546310901641846,1,3.650421142578125
22424.263,7,1,1,stimulusMovement,1,0.59967041015625,-0.395895779132843,1,3.434173583984375,1,0.9306312137179904,-0.3975863456726074,1,3.6615447998046875
22440.929,7,1,1,stimulusMovement,0,nan,nan,0,nan,1,1.01204342312283,-0.4022294878959656,1,3.5374908447265625
22457.596,7,1,1,stimulusMovement,1,0.5899292627970377,-0.372678279876709,1,3.384246826171875,1,0.8912075890435113,-0.376041054725647,1,3.6146697998046875
22474.263,7,1,1,stimulusMovement,0,nan,nan,0,nan,1,0.9736444685194227,-0.39763766527175903,1,3.6949310302734375
22490.929,7,1,1,stimulusMovement,1,0.6162667804294162,-0.40156280994415283,1,3.3899993896484375,1,0.9585531022813585,-0.40118521451950073,1,3.69403076171875
22507.596,7,1,1,stimulusMovement,1,0.6187187830607096,-0.38930845260620117,1,3.358245849609375,1,0.9649105072021484,-0.42332398891448975,1,3.49078369140625
22524.263,7,1,1,stimulusMovement,1,0.6122331619262695,-0.39723092317581177,1,3.300750732421875,1,1.0099264780680337,-0.3628964424133301,1,3.504364013671875
22540.929,7,1,1,stimulusMovement,0,nan,nan,0,nan,0,nan,nan,0,nan
22557.596,7,1,1,stimulusMovement,0,nan,nan,0,nan,1,0.9470990498860676,-0.3926413059234619,1,3.67364501953125
22574.263,7,1,1,stimulusMovement,1,0.6027743021647135,-0.39761877059936523,1,3.384307861328125,1,0.9736162821451823,-0.41305047273635864,1,3.50079345703125
22590.929,7,1,1,stimulusMovement,1,0.602018568250868,-0.39047765731811523,1,3.335906982421875,1,0.9761755201551648,-0.40254807472229004,1,3.64251708984375
22607.596,7,1,1,stimulusMovement,0,nan,nan,0,nan,1,0.9936508602566189,-0.3861222267150879,1,3.519744873046875
22624.263,7,1,1,stimulusMovement,1,0.6303296618991427,-0.40852105617523193,1,3.2875518798828125,0,nan,nan,0,nan
22640.929,7,1,1,stimulusMovement,0,nan,nan,0,nan,1,1.018633312649197,-0.3818870186805725,1,3.6492156982421875
22657.596,7,1,1,stimulusMovement,1,0.6192186143663194,-0.434797465801239,1,3.3148345947265625,1,1.0018335978190103,-0.39694106578826904,1,3.477386474609375
22674.263,7,1,1,stimulusMovement,0,nan,nan,0,nan,1,0.943145751953125,-0.37232422828674316,1,3.6017608642578125
22690.929,7,1,1,stimulusMovement,1,0.6036511527167426,-0.4231734275817871,1,3.4109649658203125,0,nan,nan,0,nan
22707.596,7,1,1,stimulusMovement,0,nan,nan,0,nan,1,0.9891124301486545,-0.407700777053833,1,3.499481201171875
22724.263,7,1,1,stimulusMovement,1,0.5979588826497395,-0.42956823110580444,1,3.41534423828125,1,0.9671474032931857,-0.38707196712493896,1,3.5947723388671875
22740.929,7,1,1,stimulusMovement,1,0.5753457811143663,-0.4372342824935913,1,3.3889923095703125,1,1.01058472527398,-0.3775789737701416,1,3.59930419921875
22757.596,7,1,1,stimulusMovement,1,0.598888185289171,-0.39646488428115845,1,3.4265594482421875,1,0.9524777730305989,-0.424066424369812,1,3.6522369384765625
22774.263,7,1,1,stimulusMovement,1,0.6077802446153429,-0.4101601839065552,1,3.41156005859375,1,1.0224906073676214,-0.4002925157546997,1,3.6297760009765625
22790.929,7,1,1,stimulusMovement,0,nan,nan,0,nan,1,0.9641696082221136,-0.38622403144836426,1,3.641876220703125
22807.596,7,1,1,stimulusMovement,1,0.6318705876668294,-0.4105595350265503,1,3.4043731689453125,1,0.9662619696723089,-0.4412299394607544,1,3.8419647216796875
22824.263,7,1,1,stimulusMovement,1,0.6254449420505099,-0.39181041717529297,1,3.322021484375,1,0.9819155799018011,-0.37407904863357544,1,3.7327423095703125
22840.929,7,1,1,stimulusMovement,1,0.6037761900160047,-0.3972259759902954,1,3.502655029296875,1,0.943572998046875,-0.3597104549407959,1,3.698394775390625
22857.596,7,1,1,stimulusMovement,1,0.6205721961127387,-0.4214026927947998,1,3.48095703125,1,0.9829875098334417,-0.4018986225128174,1,3.770233154296875
22874.263,7,1,1,stimulusMovement,1,0.6219402949015299,-0.4162578582763672,1,3.3875885009765625,0,nan,nan,0,nan
22890.929,7,1,1,stimulusMovement,1,0.6183044645521375,-0.38139808177948,1,3.622222900390625,1,0.9386870066324869,-0.37797582149505615,1,3.79290771484375
22907.596,7,1,1,stimulusMovement,1,0.6117417017618815,-0.40168607234954834,1,3.4600982666015625,1,1.036569595336914,-0.37702298164367676,1,3.583404541015625
22924.263,7,1,1,stimulusMovement,0,nan,nan,0,nan,1,0.9597687191433376,-0.35011088848114014,1,3.7158203125
22940.929,7,1,1,stimulusMovement,1,0.6144159105088975,-0.4305250644683838,1,3.5692291259765625,1,0.9401134914822048,-0.39122843742370605,1,3.7509613037109375
22957.596,7,1,1,stimulusMovement,1,0.6276327768961588,-0.3813621401786804,1,3.516845703125,1,0.9884908464219835,-0.395652174949646,1,3.6457366943359375
22974.263,7,1,1,stimulusMovement,1,0.6319037543402778,-0.42187899351119995,1,3.4890594482421875,1,0.933940675523546,-0.38121140003204346,1,3.7697296142578125
22990.929,7,1,1,stimulusMovement,0,nan,nan,0,nan,1,0.964781019422743,-0.3879995346069336,1,3.7760467529296875
23007.597,7,1,1,stimulusMovement,1,0.5887080298529731,-0.37990009784698486,1,3.6181640625,0,nan,nan,0,nan
23024.264,7,1,1,stimulusMovement,1,0.6098619037204318,-0.39113306999206543,1,3.478546142578125,1,0.9989168379041883,-0.38567596673965454,1,3.7401275634765625
23040.93,7,1,1,stimulusMovement,1,0.6164046393500434,-0.39147305488586426,1,3.5749053955078125,1,1.0179824829101562,-0.40552031993865967,1,3.8300323486328125
23057.597,7,1,1,stimulusMovement,1,0.6263097127278645,-0.38063836097717285,1,3.606201171875,1,0.9498986138237847,-0.3694750666618347,1,3.8809814453125
23074.264,7,1,1,stimulusMovement,1,0.5950558980305989,-0.34958648681640625,1,3.6330108642578125,1,0.9295071495903863,-0.35301756858825684,1,3.8138275146484375
23090.93,7,1,1,stimulusMovement,1,0.6049376593695747,-0.3892498016357422,1,3.599822998046875,1,0.8873654471503363,-0.45360541343688965,1,4.1005706787109375
23107.597,7,1,1,stimulusMovement,1,0.5688266754150391,-0.3921924829483032,1,3.728790283203125,1,0.9732227325439453,-0.3786485195159912,1,3.8423919677734375
23124.264,7,1,1,stimulusMovement,1,0.6327232784695095,-0.3619495630264282,1,3.569793701171875,0,nan,nan,0,nan
23140.93,7,1,1,stimulusMovement,1,0.6207684410942925,-0.41505634784698486,1,3.51885986328125,1,0.8866182963053385,-0.36557209491729736,1,3.8780517578125
23157.597,7,1,1,stimulusMovement,1,0.5932865142822266,-0.3984876275062561,1,3.641357421875,1,0.988645765516493,-0.39256298542022705,1,3.864105224609375
23174.264,7,1,1,stimulusMovement,1,0.5731805165608723,-0.37351495027542114,1,3.7126007080078125,1,0.955909940931532,-0.3986242413520813,1,3.84246826171875
23190.93,7,1,1,stimulusMovement,1,0.6515782674153645,-0.47923827171325684,1,3.904541015625,1,0.9672510359022352,-0.37740951776504517,1,3.85272216796875
23207.597,7,1,1,stimulusMovement,1,0.5280666351318359,-0.4171430468559265,1,3.8433837890625,1,0.9901199340820312,-0.3569786548614502,1,3.7083740234375
23224.264,7,1,1,stimulusMovement,0,nan,nan,0,nan,0,nan,nan,0,nan
23240.93,7,1,1,stimulusMovement,1,0.5949268341064453,-0.3957329988479614,1,3.61444091796875,1,1.0036686791314018,-0.36945855617523193,1,3.666748046875
23257.597,7,1,1,stimulusMovement,1,0.5566078821818033,-0.36108219623565674,1,3.6309661865234375,0,nan,nan,0,nan
23274.264,7,1,1,stimulusMovement,0,nan,nan,0,nan,0,nan,nan,0,nan
23290.93,7,1,1,stimulusMovement,1,0.6116564008924695,-0.37333428859710693,1,3.62506103515625,1,0.9541812472873263,-0.4144628643989563,1,3.917816162109375
23307.597,7,1,1,stimulusMovement,0,nan,nan,0,nan,0,nan,nan,0,nan
23324.264,7,1,1,stimulusMovement,1,0.5749520195855035,-0.41980719566345215,1,3.6195831298828125,1,0.9342905680338541,-0.41868913173675537,1,3.8148040771484375
23340.93,7,1,1,stimulusMovement,1,0.6457696490817599,-0.42314088344573975,1,3.4954833984375,1,0.9609574211968316,-0.3795870542526245,1,3.7291717529296875
23357.597,7,1,1,stimulusMovement,1,0.5924872292412652,-0.41192007064819336,1,3.55645751953125,1,0.9690681033664279,-0.4830780029296875,1,4.168212890625
23374.264,7,1,1,stimulusMovement,1,0.5831144120958116,-0.3800617456436157,1,3.5898895263671875,1,1.0082672966851127,-0.36456453800201416,1,3.6542510986328125
23390.93,7,1,1,stimulusMovement,1,0.6038606431749132,-0.434095561504364,1,3.499176025390625,1,0.9571454789903429,-0.39851605892181396,1,3.7643890380859375
23407.597,7,1,1,stimulusMovement,1,0.6003822750515407,-0.4028744697570801,1,3.610198974609375,1,0.9283002217610676,-0.39671415090560913,1,3.7926025390625
23424.264,7,1,1,stimulusMovement,1,0.6001193788316515,-0.4164382815361023,1,3.5691680908203125,1,0.9273291693793402,-0.4410644769668579,1,3.9431610107421875
23440.93,7,1,1,stimulusMovement,1,0.5852568944295247,-0.4749158024787903,1,3.7876739501953125,1,0.9403959910074869,-0.37214118242263794,1,3.7955322265625
23457.597,7,1,1,stimulusMovement,0,nan,nan,0,nan,1,0.96038818359375,-0.3686986565589905,1,3.594818115234375
23474.264,7,1,1,stimulusMovement,0,nan,nan,0,nan,1,0.9641543494330511,-0.3762810230255127,1,3.6859588623046875
23490.931,7,1,1,stimulusMovement,1,0.4902036454942491,-0.370716392993927,1,3.72015380859375,1,0.9820558759901258,-0.3715788722038269,1,3.6332550048828125
23507.597,7,1,1,stimulusMovement,1,0.5631605784098307,-0.4168405532836914,1,3.675872802734375,1,0.9053062862820095,-0.3718058466911316,1,3.7002716064453125
23524.264,7,1,1,stimulusMovement,0,nan,nan,0,nan,1,0.9441549513075086,-0.4014657139778137,1,3.649749755859375
23540.93,7,1,1,stimulusMovement,1,0.5880850685967339,-0.37555038928985596,1,3.52545166015625,1,0.959851582845052,-0.37591552734375,1,3.5886688232421875
23557.597,7,1,1,stimulusMovement,1,0.5724971559312608,-0.39797794818878174,1,3.5253753662109375,1,0.9323482513427734,-0.38356566429138184,1,3.739105224609375
23574.264,7,1,1,stimulusMovement,1,0.5789390140109592,-0.4150571823120117,1,3.5131988525390625,1,0.938635508219401,-0.3679431080818176,1,3.63031005859375
23590.931,7,1,1,stimulusMovement,1,0.5580135981241862,-0.39406752586364746,1,3.48248291015625,1,0.8950534396701388,-0.37711358070373535,1,3.670562744140625
23607.597,7,1,1,stimulusMovement,1,0.5372909969753689,-0.3882465958595276,1,3.4874267578125,1,0.9338756137424045,-0.39442604780197144,1,3.657073974609375
23624.264,7,1,1,stimulusMovement,1,0.3367932637532552,-0.3049851059913635,1,3.708526611328125,1,0.7581640879313151,-0.2786515951156616,1,3.6422882080078125
23640.93,7,1,1,stimulusMovement,0,nan,nan,0,nan,1,0.6948649088541666,-0.30291545391082764,1,3.6046600341796875
23657.597,7,1,1,stimulusMovement,0,nan,nan,0,nan,1,0.6716552310519748,-0.28620606660842896,1,3.635498046875
23674.264,7,1,1,stimulusMovement,0,nan,nan,0,nan,1,0.6958603329128689,-0.2923330068588257,1,3.7171630859375
23690.93,7,1,1,stimulusMovement,0,nan,nan,0,nan,1,0.6531292597452799,-0.2776113748550415,1,3.671142578125
23707.597,7,1,1,stimulusMovement,0,nan,nan,0,nan,1,0.6796195771959093,-0.29679155349731445,1,3.6366424560546875
23724.264,7,1,1,stimulusMovement,1,0.3858926561143663,-0.2902824878692627,1,3.7545318603515625,1,0.6558284759521484,-0.28349435329437256,1,3.61492919921875
23740.93,7,1,1,stimulusMovement,0,nan,nan,0,nan,1,0.656998528374566,-0.2673015594482422,1,3.6353607177734375
23757.597,7,1,1,stimulusMovement,0,nan,nan,0,nan,1,0.6572132110595703,-0.2798927426338196,1,3.6312255859375
23774.264,7,1,1,stimulusMovement,0,nan,nan,0,nan,1,0.6344381968180338,-0.2787255048751831,1,3.6274871826171875
23790.93,7,1,1,stimulusMovement,0,nan,nan,0,nan,1,0.6432050069173176,-0.27024126052856445,1,3.63092041015625
23807.597,7,1,1,stimulusMovement,0,nan,nan,0,nan,1,0.5643033981323242,-0.30154651403427124,1,3.752166748046875
23824.264,7,1,1,stimulusMovement,0,nan,nan,0,nan,1,0.5815491146511501,-0.2521525025367737,1,3.71649169921875
23840.93,7,1,1,stimulusMovement,0,nan,nan,0,nan,1,0.4796089596218533,-0.2064746618270874,1,3.7193603515625
23857.597,7,1,1,stimulusMovement,0,nan,nan,0,nan,1,0.4807633293999566,-0.20927393436431885,1,3.649078369140625
23874.264,7,1,1,stimulusMovement,0,nan,nan,0,nan,1,0.4369413587782118,-0.1378568410873413,1,3.5239410400390625
23890.93,7,1,1,stimulusMovement,0,nan,nan,0,nan,1,0.43846755557590056,-0.1497553586959839,1,3.5532379150390625
23907.597,7,1,1,stimulusMovement,0,nan,nan,0,nan,1,0.4441478517320421,-0.17012059688568115,1,3.567352294921875
23924.264,7,1,1,stimulusMovement,0,nan,nan,0,nan,1,0.38459799024793834,-0.1715942621231079,1,3.605621337890625
23940.931,7,1,1,stimulusMovement,0,nan,nan,0,nan,1,0.3617725372314453,-0.14182031154632568,1,3.6319580078125
23957.597,7,1,1,stimulusMovement,0,nan,nan,0,nan,1,0.3950338363647461,-0.16679531335830688,1,3.528564453125
23974.264,7,1,1,stimulusMovement,0,nan,nan,0,nan,1,0.38259251912434894,-0.11422085762023926,1,3.3949127197265625
23990.93,7,1,1,stimulusMovement,1,0.024690839979383677,-0.11236310005187988,1,3.315948486328125,1,0.37127685546875,-0.1613757610321045,1,3.5150299072265625
24007.598,7,1,1,stimulusMovement,1,0.012420972188313801,-0.15237438678741455,1,3.3122406005859375,1,0.39050907558865017,-0.1688607931137085,1,3.5800933837890625
24024.265,7,1,1,stimulusMovement,0,nan,nan,0,nan,0,nan,nan,0,nan
24040.932,7,1,1,stimulusMovement,0,nan,nan,0,nan,0,nan,nan,0,nan
24057.598,7,1,1,stimulusMovement,0,nan,nan,0,nan,1,0.2748994827270508,-0.22917777299880981,1,3.7637786865234375
24074.265,7,1,1,stimulusMovement,1,-0.035929626888699,-0.16006654500961304,1,3.3095245361328125,1,0.29987970987955725,-0.10485857725143433,1,3.3848114013671875
24090.932,7,1,1,stimulusMovement,0,nan,nan,0,nan,1,0.30087704128689235,-0.08783483505249023,1,3.2908782958984375
24107.598,7,1,1,stimulusMovement,0,nan,nan,0,nan,1,0.28442340426974827,-0.0983394980430603,1,3.3428955078125
24124.265,7,1,1,stimulusMovement,1,-0.10565694173177083,-0.12033885717391968,1,3.2711639404296875,1,0.24263615078396267,-0.11816799640655518,1,3.2902679443359375
24140.931,7,1,1,stimulusMovement,0,nan,nan,0,nan,1,0.1808911429511176,-0.2262479066848755,1,3.9807891845703125
24157.598,7,1,1,stimulusMovement,1,-0.20516263114081487,0.012360155582427979,1,3.0559234619140625,0,nan,nan,0,nan
24174.265,7,1,1,stimulusMovement,1,-0.20772722032335067,0.006214022636413574,1,3.0614166259765625,1,0.1745555665757921,0.05813455581665039,1,3.137054443359375
24190.932,7,1,1,stimulusMovement,1,-0.24026785956488714,0.056475818157196045,1,2.973358154296875,1,0.10954729715983072,0.06976830959320068,1,3.1932373046875
24207.598,7,1,1,stimulusMovement,1,-0.2542640897962782,0.036898136138916016,1,3.1078643798828125,0,nan,nan,0,nan
24224.265,7,1,1,stimulusMovement,1,-0.21846448050604925,-0.07179456949234009,1,3.6182098388671875,1,0.11697938707139756,0.08830156922340393,1,3.1470184326171875
24240.932,7,1,1,stimulusMovement,1,-0.43013985951741535,0.03371959924697876,1,3.5856170654296875,1,0.0868745379977756,0.12780550122261047,1,3.0444183349609375
24257.598,7,1,1,stimulusMovement,1,-0.313046932220459,-0.012609720230102539,1,3.1938629150390625,1,0.02453454335530599,0.04735800623893738,1,3.3186187744140625
24274.265,7,1,1,stimulusMovement,1,-0.29823070102267796,0.11465203762054443,1,2.913543701171875,0,nan,nan,0,nan
24290.932,7,1,1,stimulusMovement,0,nan,nan,0,nan,1,0.07655525207519531,0.10872548818588257,1,3.193359375
24307.598,7,1,1,stimulusMovement,1,-0.3440949122111002,0.047201693058013916,1,3.14642333984375,0,nan,nan,0,nan
24324.265,7,1,1,stimulusMovement,0,nan,nan,0,nan,0,nan,nan,0,nan
24340.931,7,1,1,stimulusMovement,1,-0.3560127682156033,0.07655811309814453,1,3.0733642578125,1,0.009898927476671007,0.15543222427368164,1,3.0521087646484375
24357.598,7,1,1,stimulusMovement,1,-0.3813320265875922,0.04876402020454407,1,3.18634033203125,1,0.01298575931125217,0.17639398574829102,1,3.16534423828125
24374.265,7,1,1,stimulusMovement,0,nan,nan,0,nan,0,nan,nan,0,nan
24390.932,7,1,1,stimulusMovement,1,-0.39677180184258354,0.07093337178230286,1,3.180511474609375,1,-0.030684577094184026,0.16460490226745605,1,3.241851806640625
24407.598,7,1,1,stimulusMovement,1,-0.401606453789605,0.09540915489196777,1,3.111419677734375,0,nan,nan,0,nan
24424.265,7,1,1,stimulusMovement,1,-0.4072983000013563,0.12332397699356079,1,3.0200958251953125,0,nan,nan,0,nan
24440.931,7,1,1,stimulusMovement,1,-0.41993188858032227,0.0880250334739685,1,3.3042449951171875,1,-0.11881065368652344,0.18742376565933228,1,3.3462677001953125
24457.598,7,1,1,stimulusMovement,1,-0.44448508156670463,0.19811367988586426,1,2.86248779296875,0,nan,nan,0,nan
24474.265,7,1,1,stimulusMovement,1,-0.5093027485741509,0.1516554355621338,1,3.096435546875,0,nan,nan,0,nan
24490.931,7,1,1,stimulusMovement,0,nan,nan,0,nan,1,-0.13694784376356336,0.10853463411331177,1,3.273834228515625
24507.598,7,1,1,stimulusMovement,1,-0.5018943680657281,0.11865943670272827,1,3.2146453857421875,0,nan,nan,0,nan
24524.265,7,1,1,stimulusMovement,0,nan,nan,0,nan,1,-0.16199874877929688,0.20009320974349976,1,3.2613983154296875
24540.931,7,1,1,stimulusMovement,1,-0.5298152499728732,0.08414095640182495,1,3.2537994384765625,1,-0.1540090243021647,0.1394142508506775,1,3.2895965576171875
24557.598,7,1,1,stimulusMovement,1,-0.5881669786241319,0.1198534369468689,1,3.1283721923828125,1,-0.2234861585828993,0.2027895152568817,1,3.288330078125
24574.265,7,1,1,stimulusMovement,1,-0.5909828609890407,0.16509005427360535,1,3.1282958984375,0,nan,nan,0,nan
24590.932,7,1,1,stimulusMovement,1,-0.5455971823798286,0.22233575582504272,1,3.0364990234375,0,nan,nan,0,nan
24607.598,7,1,1,stimulusMovement,1,-0.60586945215861,0.20496642589569092,1,2.9903564453125,1,-0.2762839529249403,0.10902783274650574,1,3.674774169921875
24624.265,7,1,1,stimulusMovement,1,-0.4660734335581461,0.07159867882728577,1,3.5486297607421875,0,nan,nan,0,nan
24640.931,7,1,1,stimulusMovement,1,-0.6096442010667589,0.1722823977470398,1,3.117919921875,1,-0.25138717227511936,0.17571473121643066,1,3.365142822265625
24657.598,7,1,1,stimulusMovement,1,-0.6187272601657443,0.20917096734046936,1,3.122955322265625,0,nan,nan,0,nan
24674.265,7,1,1,stimulusMovement,0,nan,nan,0,nan,0,nan,nan,0,nan
24690.932,7,1,1,stimulusMovement,1,-0.6651391983032227,0.21007153391838074,1,3.070465087890625,0,nan,nan,0,nan
24707.598,7,1,1,stimulusMovement,1,-0.6416188346015083,0.19300809502601624,1,3.096649169921875,1,-0.28593508402506507,0.2551089823246002,1,3.357177734375
24724.265,7,1,1,stimulusMovement,1,-0.6913497712877061,0.22934654355049133,1,2.921295166015625,1,-0.3663528760274251,0.1801091432571411,1,3.5183563232421875
24740.931,7,1,1,stimulusMovement,1,-0.7293507125642564,0.25661084055900574,1,3.01708984375,0,nan,nan,0,nan
24757.598,7,1,1,stimulusMovement,1,-0.736430393324958,0.21629583835601807,1,3.0785064697265625,1,-0.3299679226345486,0.21066713333129883,1,3.291534423828125
24774.265,7,1,1,stimulusMovement,1,-0.7471227910783556,0.28825730085372925,1,2.9322357177734375,0,nan,nan,0,nan
24790.931,7,1,1,stimulusMovement,0,nan,nan,0,nan,0,nan,nan,0,nan
24807.598,7,1,1,stimulusMovement,1,-0.7881768941879272,0.2857743203639984,1,2.933746337890625,0,nan,nan,0,nan
24824.265,7,1,1,stimulusMovement,1,-0.7721447282367282,0.334634929895401,1,2.88726806640625,1,-0.35015116797553164,0.19560739398002625,1,3.462677001953125
24840.932,7,1,1,stimulusMovement,1,-0.7339988549550374,0.2835314869880676,1,3.34002685546875,1,-0.4012309180365668,0.32608047127723694,1,3.3040008544921875
24857.598,7,1,1,stimulusMovement,1,-0.7041901085111829,0.33285626769065857,1,3.412353515625,1,-0.4518401357862684,0.3306896984577179,1,3.1814117431640625
24874.265,7,1,1,stimulusMovement,1,-0.8185273541344537,0.42408568412065506,1,2.965362548828125,1,-0.43324512905544704,0.34024639427661896,1,3.2957000732421875
24890.931,7,1,1,stimulusMovement,1,-0.8355629510349697,0.4272148460149765,1,3.0734100341796875,1,-0.4303628073798285,0.3521622121334076,1,3.3906402587890625
24907.598,7,1,1,stimulusMovement,1,-0.7962742977672153,0.3244904428720474,1,3.212432861328125,1,-0.44523080190022785,0.34876748919487,1,3.270263671875
24924.265,7,1,1,stimulusMovement,0,nan,nan,0,nan,0,nan,nan,0,nan
24940.932,7,1,1,stimulusMovement,1,-0.9292993181281619,0.48624701239168644,1,3.0707855224609375,1,-0.4188884099324544,0.3363773673772812,1,3.41607666015625
24957.598,7,1,1,stimulusMovement,1,-0.7893212172720167,0.44360964000225067,1,3.3124847412109375,0,nan,nan,0,nan
24974.265,7,1,1,stimulusMovement,1,-0.9310873614417181,0.4095650240778923,1,2.995361328125,0,nan,nan,0,nan
24990.931,7,1,1,stimulusMovement,1,-0.8269770675235324,0.3438843637704849,1,3.47039794921875,1,-0.48463683658175993,0.3600975573062897,1,3.4361114501953125
25007.598,7,1,1,stimulusMovement,1,-0.9495046138763428,0.45962031558156013,1,3.0112762451171875,0,nan,nan,0,nan
25024.266,7,1,1,stimulusMovement,1,-0.8683887322743733,0.4280497208237648,1,3.181915283203125,1,-0.49962017271253795,0.36076438426971436,1,3.46246337890625
25040.932,7,1,1,stimulusMovement,1,-0.9165066116385989,0.4080214351415634,1,3.2509002685546875,1,-0.5611625777350532,0.39864465594291687,1,3.5305328369140625
25057.599,7,1,1,stimulusMovement,0,nan,nan,0,nan,1,-0.5890795124901665,0.39119047671556473,1,3.6797027587890625
25074.266,7,1,1,stimulusMovement,0,nan,nan,0,nan,0,nan,nan,0,nan
25090.933,7,1,1,stimulusMovement,0,nan,nan,0,nan,0,nan,nan,0,nan
25107.599,7,1,1,stimulusMovement,1,-1.0295268694559732,0.46523163840174675,1,3.068603515625,1,-0.5791165298885769,0.37508726119995117,1,3.588653564453125
25124.266,7,1,1,stimulusMovement,0,nan,nan,0,nan,0,nan,nan,0,nan
25140.932,7,1,1,stimulusMovement,1,-1.0691122478908963,0.5104054668918252,1,3.114013671875,0,nan,nan,0,nan
25157.599,7,1,1,stimulusMovement,0,nan,nan,0,nan,1,-0.6779300371805826,0.42913730442523956,1,3.589813232421875
25174.266,7,1,1,stimulusMovement,1,-1.0340503719117906,0.6032240986824036,1,2.93377685546875,1,-0.6489624182383219,0.4116823971271515,1,3.6204376220703125
25190.932,7,1,1,stimulusMovement,1,-1.0034910440444946,0.38524431735277176,1,3.4763946533203125,0,nan,nan,0,nan
25207.599,7,1,1,stimulusMovement,1,-1.1250005298190646,0.4986713449470699,1,3.159271240234375,1,-0.693146891064114,0.4868159070611,1,3.46734619140625
25224.266,7,1,1,stimulusMovement,1,-1.0938747326532998,0.5167280845344067,1,3.098724365234375,1,-0.7026676204469469,0.5310327038168907,1,3.5727081298828125
25240.932,7,1,1,stimulusMovement,1,-1.1010667085647583,0.49381544534116983,1,3.059234619140625,1,-0.6502840254041883,0.48126153089106083,1,3.273193359375
25257.599,7,1,1,stimulusMovement,1,-1.0800654490788777,0.5049897842109203,1,3.1751251220703125,1,-0.6168601247999402,0.53050921484828,1,3.0823822021484375
25274.266,7,1,1,stimulusMovement,0,nan,nan,0,nan,1,-0.6595901648203532,0.46817100420594215,1,3.3587799072265625
25290.933,7,1,1,stimulusMovement,1,-0.9957612024413214,0.48347247764468193,1,3.454742431640625,0,nan,nan,0,nan
25307.599,7,1,1,stimulusMovement,1,-1.053357548183865,0.46106384694576263,1,3.2765350341796875,0,nan,nan,0,nan
25324.266,7,1,1,stimulusMovement,1,-0.9022465133004718,0.4011845588684082,1,3.6775970458984375,1,-0.6215678320990669,0.403424896299839,1,3.7497100830078125
25340.933,7,1,1,stimulusMovement,1,-0.8177269630961947,0.2687477469444275,1,3.928741455078125,1,-0.47932820849948454,0.40461643040180206,1,3.617431640625
25357.599,7,1,1,stimulusMovement,1,-0.9006101472510232,0.4184824973344803,1,3.493865966796875,0,nan,nan,0,nan
25374.266,7,1,1,stimulusMovement,1,-0.8734039664268494,0.45095691084861755,1,3.4018096923828125,1,-0.6361086103651258,0.3922179490327835,1,3.8369293212890625
25390.932,7,1,1,stimulusMovement,1,-0.9732769462797376,0.4875358995050192,1,3.34283447265625,1,-0.6087919606102837,0.48107200860977173,1,3.5746612548828125
25407.599,7,1,1,stimulusMovement,1,-0.9532960520850287,0.5040494897402823,1,3.2392425537109375,0,nan,nan,0,nan
25424.266,7,1,1,stimulusMovement,1,-0.9768428140216403,0.5094811655580997,1,3.3241729736328125,1,-0.5339157316419814,0.4498511925339699,1,3.6134185791015625
25440.932,7,1,1,stimulusMovement,1,-0.8645721773306528,0.4155959114432335,1,3.6165313720703125,1,-0.5252149369981554,0.44115084409713745,1,3.4835052490234375
25457.599,7,1,1,stimulusMovement,1,-0.9249419967333475,0.48406253941357136,1,3.2711334228515625,0,nan,nan,0,nan
25474.266,7,1,1,stimulusMovement,1,-0.9629303812980652,0.499697832390666,1,3.330657958984375,1,-0.5874174965752496,0.47053772024810314,1,3.568389892578125
25490.932,7,1,1,stimulusMovement,1,-0.9469243089358012,0.5325504392385483,1,3.2972259521484375,1,-0.5501577854156494,0.41425488144159317,1,3.602752685546875
25507.599,7,1,1,stimulusMovement,1,-0.9383850561247931,0.5162628311663866,1,3.288543701171875,1,-0.5185999870300293,0.44199199229478836,1,3.5227508544921875
25524.266,7,1,1,stimulusMovement,1,-0.8740464018450842,0.4668600335717201,1,3.624603271484375,0,nan,nan,0,nan
25540.932,7,1,1,stimulusMovement,0,nan,nan,0,nan,0,nan,nan,0,nan
25557.599,7,1,1,stimulusMovement,1,-0.9527472058931986,0.5239792838692665,1,3.45245361328125,1,-0.5472617679172092,0.4462808892130852,1,3.4954986572265625
25574.266,7,1,1,stimulusMovement,1,-0.9262239899900224,0.5220016725361347,1,3.39306640625,1,-0.5619036356608073,0.390785276889801,1,3.8991546630859375
25590.932,7,1,1,stimulusMovement,1,-0.8874476502339045,0.4741300530731678,1,3.6239013671875,0,nan,nan,0,nan
25607.599,7,1,1,stimulusMovement,1,-0.7783722546365526,0.4053216129541397,1,3.7833404541015625,1,-0.5472903251647949,0.44911767914891243,1,3.7755126953125
25624.266,7,1,1,stimulusMovement,1,-0.9213957852787441,0.4989234230015427,1,3.4394073486328125,1,-0.5194719632466633,0.4398643225431442,1,3.897186279296875
25640.932,7,1,1,stimulusMovement,1,-0.9506393737263149,0.49330018321052194,1,3.430572509765625,0,nan,nan,0,nan
25657.599,7,1,1,stimulusMovement,1,-0.9730798337194654,0.5315052606165409,1,3.452301025390625,1,-0.6062483787536621,0.5134028280153871,1,3.8860321044921875
25674.266,7,1,1,stimulusMovement,0,nan,nan,0,nan,0,nan,nan,0,nan
25690.932,7,1,1,stimulusMovement,0,nan,nan,0,nan,1,-0.5562154981825086,0.44093014672398567,1,3.7042999267578125
25707.599,7,1,1,stimulusMovement,1,-0.9185295866595373,0.5578094646334648,1,3.3958740234375,0,nan,nan,0,nan
25724.266,7,1,1,stimulusMovement,1,-0.9699347813924153,0.5218105502426624,1,3.5436248779296875,0,nan,nan,0,nan
25740.932,7,1,1,stimulusMovement,1,-0.9042329109377331,0.48268498852849007,1,3.72760009765625,1,-0.6232222451104058,0.4860276561230421,1,3.872314453125
25757.599,7,1,1,stimulusMovement,0,nan,nan,0,nan,1,-0.643437491522895,0.34723426401615143,1,4.35162353515625
25774.266,7,1,1,stimulusMovement,1,-0.813730047808753,0.4754532780498266,1,3.8812255859375,0,nan,nan,0,nan
25790.932,7,1,1,stimulusMovement,1,-0.8907060192690954,0.48937824834138155,1,3.7309417724609375,0,nan,nan,0,nan
25807.599,7,1,1,stimulusMovement,1,-0.9229558540715112,0.5225703027099371,1,3.58868408203125,0,nan,nan,0,nan
25824.266,7,1,1,stimulusMovement,1,-0.8990984575615988,0.4863118901848793,1,3.7071990966796875,0,nan,nan,0,nan
25840.932,7,1,1,stimulusMovement,1,-0.937807195716434,0.49532220512628555,1,3.6780548095703125,0,nan,nan,0,nan
25857.599,7,1,1,stimulusMovement,0,nan,nan,0,nan,1,-0.6217196782430012,0.5201670024544001,1,3.520751953125
25874.266,7,1,1,stimulusMovement,1,-0.8704620020257101,0.5639101341366768,1,3.6041412353515625,1,-0.641028430726793,0.39224887639284134,1,4.28656005859375
25890.932,7,1,1,stimulusMovement,1,-0.9399349093437195,0.5284929499030113,1,3.630645751953125,1,-0.6201918654971652,0.4948167190887034,1,3.519439697265625
25907.599,7,1,1,stimulusMovement,1,-0.868297278881073,0.44726308062672615,1,3.889404296875,1,-0.5628662639194064,0.44641927257180214,1,3.9710845947265625
25924.266,7,1,1,stimulusMovement,1,-0.8218541410234239,0.39297114312648773,1,4.08416748046875,0,nan,nan,0,nan
25940.932,7,1,1,stimulusMovement,1,-0.8249976237614949,0.4351551681756973,1,4.0267333984375,1,-0.5670116742451985,0.46562952548265457,1,4.0186920166015625
25957.599,7,1,1,stimulusMovement,1,-0.975000845061408,0.5284747034311295,1,3.7693023681640625,0,nan,nan,0,nan
25974.266,7,1,1,stimulusMovement,1,-0.9361852407455444,0.5741395130753517,1,3.4877166748046875,1,-0.5837458239661323,0.478147242218256,1,3.9198760986328125
25990.932,7,1,1,stimulusMovement,1,-0.8906638376000854,0.44732871651649475,1,3.8617401123046875,0,nan,nan,0,nan
26007.599,7,1,1,stimulusMovement,1,-0.8531668881575266,0.41966260224580765,1,4.0037994384765625,0,nan,nan,0,nan
26024.266,7,1,1,stimulusMovement,0,nan,nan,0,nan,1,-0.5480442047119141,0.46879955753684044,1,3.8964691162109375
26040.933,7,1,1,stimulusMovement,1,-0.8576827148596445,0.4721951000392437,1,3.9321746826171875,1,-0.5792182286580403,0.47581131011247635,1,3.862884521484375
26057.6,7,1,1,stimulusMovement,1,-0.9211695558494991,0.5289159286767244,1,3.644378662109375,0,nan,nan,0,nan
26074.267,7,1,1,stimulusMovement,1,-0.8650051653385162,0.4401180110871792,1,3.9413909912109375,0,nan,nan,0,nan
26090.933,7,1,1,stimulusMovement,0,nan,nan,0,nan,1,-0.5616559452480739,0.47225525975227356,1,3.8215179443359375
26107.6,7,1,1,stimulusMovement,1,-0.9278165764278835,0.5323001593351364,1,3.7266998291015625,0,nan,nan,0,nan
26124.267,7,1,1,stimulusMovement,1,-0.9922576944033304,0.525877308100462,1,3.66998291015625,0,nan,nan,0,nan
26140.933,7,1,1,stimulusMovement,1,-0.9779557916853162,0.5228101704269648,1,3.688995361328125,1,-0.5669879383511013,0.435882568359375,1,4.001708984375
26157.6,7,1,1,stimulusMovement,1,-0.946901347902086,0.48132803477346897,1,3.8504638671875,1,-0.6131366888682047,0.47344427742064,1,4.0153961181640625
26174.267,7,1,1,stimulusMovement,1,-0.9491057131025525,0.5182600542902946,1,3.784698486328125,0,nan,nan,0,nan
26190.933,7,1,1,stimulusMovement,1,-0.8922218086404933,0.45900192856788635,1,4.0184173583984375,0,nan,nan,0,nan
26207.6,7,1,1,stimulusMovement,1,-0.9039437803957197,0.4517725668847561,1,3.9410858154296875,1,-0.551177183787028,0.45129453018307686,1,3.877288818359375
26224.267,7,1,1,stimulusMovement,1,-0.9751405384805467,0.540015984326601,1,3.7038421630859375,1,-0.6303004953596326,0.4984307487029582,1,3.8514404296875
26240.933,7,1,1,stimulusMovement,1,-0.9231384727689954,0.4858719063922763,1,3.908843994140625,1,-0.578566657172309,0.43103063851594925,1,4.14056396484375
26257.6,7,1,1,stimulusMovement,1,-0.9515262444814045,0.47642092406749725,1,3.81866455078125,0,nan,nan,0,nan
26274.267,7,1,1,stimulusMovement,1,-0.9293812248441907,0.4911960531026125,1,3.9208831787109375,0,nan,nan,0,nan
26290.933,7,1,1,stimulusMovement,1,-0.8770773617757691,0.42749858647584915,1,4.0190582275390625,0,nan,nan,0,nan
26307.6,7,1,1,stimulusMovement,1,-0.8519021736250982,0.4666447639465332,1,4.1797332763671875,0,nan,nan,0,nan
26324.267,7,1,1,stimulusMovement,1,-0.9403916531138949,0.5351449511945248,1,3.776397705078125,0,nan,nan,0,nan
26340.933,7,1,1,stimulusMovement,1,-0.91029587884744,0.473778884857893,1,3.9551239013671875,0,nan,nan,0,nan
26357.6,7,1,1,stimulusMovement,1,-0.9328587717480129,0.5095124961808324,1,3.8412017822265625,0,nan,nan,0,nan
26374.267,7,1,1,stimulusMovement,1,-0.8828800188170538,0.4606086388230324,1,3.9981231689453125,0,nan,nan,0,nan
26390.933,7,1,1,stimulusMovement,1,-0.8488619923591614,0.41689378023147583,1,4.1525726318359375,0,nan,nan,0,nan
26407.6,7,1,1,stimulusMovement,1,-0.9117243157492743,0.5049397237598896,1,3.922821044921875,1,-0.5931875705718994,0.4226706847548485,1,4.266632080078125
26424.267,7,1,1,stimulusMovement,1,-0.9388987256420983,0.48013401217758656,1,3.9003448486328125,0,nan,nan,0,nan
26440.933,7,1,1,stimulusMovement,1,-0.9688350492053561,0.5306756757199764,1,3.8427276611328125,1,-0.6212991873423258,0.48232620395720005,1,4.311004638671875
26457.6,7,1,1,stimulusMovement,1,-0.9069188468986087,0.48397770896553993,1,3.98614501953125,0,nan,nan,0,nan
26474.267,7,1,1,stimulusMovement,0,nan,nan,0,nan,0,nan,nan,0,nan
26490.933,7,1,1,stimulusMovement,1,-0.9634259276919894,0.4896237291395664,1,3.857635498046875,0,nan,nan,0,nan
26507.6,7,1,1,stimulusMovement,1,-0.9160350643926196,0.48691797256469727,1,3.9565887451171875,0,nan,nan,0,nan
26524.267,7,1,1,stimulusMovement,0,nan,nan,0,nan,1,-0.5708843602074517,0.40761101990938187,1,4.1275787353515625
26540.933,7,1,1,stimulusMovement,0,nan,nan,0,nan,1,-0.5720770623948839,0.39290884882211685,1,4.067291259765625
26557.6,7,1,1,fixation,0,nan,nan,0,nan,0,nan,nan,0,nan
26574.267,7,1,1,fixation,0,nan,nan,0,nan,0,nan,nan,0,nan
26590.932,7,1,1,fixation,0,nan,nan,0,nan,0,nan,nan,0,nan
26607.599,7,1,1,fixation,0,nan,nan,0,nan,0,nan,nan,0,nan
26624.266,7,1,1,fixation,0,nan,nan,0,nan,0,nan,nan,0,nan
26640.932,7,1,1,fixation,0,nan,nan,0,nan,0,nan,nan,0,nan
26657.599,7,1,1,fixation,0,nan,nan,0,nan,0,nan,nan,0,nan
26674.266,7,1,1,fixation,0,nan,nan,0,nan,0,nan,nan,0,nan
26690.931,7,1,1,fixation,0,nan,nan,0,nan,0,nan,nan,0,nan
26707.598,7,1,1,fixation,0,nan,nan,0,nan,0,nan,nan,0,nan
26724.265,7,1,1,fixation,0,nan,nan,0,nan,0,nan,nan,0,nan
26740.931,7,1,1,fixation,0,nan,nan,0,nan,0,nan,nan,0,nan
26757.598,7,1,1,fixation,0,nan,nan,0,nan,0,nan,nan,0,nan
26774.265,7,1,1,fixation,0,nan,nan,0,nan,0,nan,nan,0,nan
26790.93,7,1,1,fixation,1,-1.071684307522244,0.280771404504776,1,2.9754486083984375,1,-0.6955999003516303,0.21928855776786804,1,3.10540771484375
26807.597,7,1,1,fixation,0,nan,nan,0,nan,0,nan,nan,0,nan
26824.264,7,1,1,fixation,0,nan,nan,0,nan,0,nan,nan,0,nan
26840.93,7,1,1,fixation,1,-0.9299851059913635,0.38050946593284607,1,3.468902587890625,0,nan,nan,0,nan
26857.597,7,1,1,fixation,0,nan,nan,0,nan,0,nan,nan,0,nan
26874.263,7,1,1,fixation,0,nan,nan,0,nan,0,nan,nan,0,nan
26890.929,7,1,1,fixation,1,-0.9495030774010552,0.3982236683368683,1,3.4792938232421875,0,nan,nan,0,nan
26907.596,7,1,1,fixation,0,nan,nan,0,nan,0,nan,nan,0,nan
26924.263,7,1,1,fixation,0,nan,nan,0,nan,0,nan,nan,0,nan
26940.929,7,1,1,fixation,1,-0.9283178879155053,0.33748331665992737,1,3.4580078125,1,-0.5662752787272135,0.3426305204629898,1,3.496002197265625
26957.596,7,1,1,fixation,0,nan,nan,0,nan,0,nan,nan,0,nan
26974.262,7,1,1,fixation,1,-0.9333188070191277,0.4504513069987297,1,3.8762664794921875,1,-0.5555339919196235,0.3754098415374756,1,4.1505126953125
26990.928,7,1,1,fixation,1,-0.9746082226435343,0.48326051607728004,1,3.5166015625,1,-0.59148195054796,0.41973981261253357,1,3.513031005859375
27007.595,7,1,1,fixation,0,nan,nan,0,nan,0,nan,nan,0,nan
27024.262,7,1,1,fixation,1,-0.9199983113341861,0.4570279158651829,1,4.01055908203125,1,-0.5651631885104709,0.4308653101325035,1,4.128936767578125
27040.928,7,1,1,fixation,1,-0.9749459690517849,0.5087100993841887,1,3.50311279296875,1,-0.595597055223253,0.4664219580590725,1,3.5095672607421875
27057.595,7,1,1,fixation,0,nan,nan,0,nan,0,nan,nan,0,nan
27074.262,7,1,1,fixation,1,-0.9532976415422227,0.4780634418129921,1,3.93865966796875,1,-0.6137693193223741,0.4543831944465637,1,4.098663330078125
27090.928,7,1,1,fixation,1,-0.9766736030578613,0.5113938022404909,1,3.50164794921875,1,-0.595445023642646,0.4598768837749958,1,3.4875946044921875
27107.595,7,1,1,fixation,0,nan,nan,0,nan,0,nan,nan,0,nan
27124.262,7,1,1,fixation,1,-0.9606513049867418,0.4912241417914629,1,3.9136505126953125,1,-0.5999413066440158,0.4543461874127388,1,4.051666259765625
27140.928,7,1,1,fixation,1,-0.9713321328163147,0.5026757775340229,1,3.4540863037109375,1,-0.5945925182766384,0.47775010764598846,1,3.412353515625
27157.594,7,1,1,fixation,0,nan,nan,0,nan,0,nan,nan,0,nan
27174.261,7,1,1,fixation,1,-0.9489439196056789,0.49930068710818887,1,3.8690948486328125,1,-0.6081531312730577,0.4532029926776886,1,3.9730072021484375
27190.928,7,1,1,fixation,1,-0.9765523407194349,0.507361235562712,1,3.3539276123046875,1,-0.5911299917432996,0.48373510129749775,1,3.310028076171875
27207.594,7,1,1,fixation,0,nan,nan,0,nan,0,nan,nan,0,nan
27224.261,7,1,1,fixation,1,-0.98243557744556,0.5175202656537294,1,3.6756439208984375,1,-0.5631643401251899,0.47467248141765594,1,3.8303680419921875
27240.927,7,1,1,fixation,1,-0.9826045698589748,0.5109060369431973,1,3.2642822265625,1,-0.5997655126783582,0.49697881168685853,1,3.21490478515625
27257.593,7,1,1,fixation,0,nan,nan,0,nan,0,nan,nan,0,nan
27274.26,7,1,1,fixation,1,-0.973081800672743,0.5346070528030396,1,3.54833984375,1,-0.5645226107703315,0.4603087343275547,1,3.6868438720703125
27290.927,7,1,1,fixation,1,-0.9783331685596042,0.5171631500124931,1,3.1879425048828125,1,-0.6011702219645182,0.5029653154779226,1,3.129638671875
27307.593,7,1,1,fixation,0,nan,nan,0,nan,0,nan,nan,0,nan
27324.26,7,1,1,fixation,1,-0.940161473221249,0.5035809224937111,1,3.5223541259765625,1,-0.5871640311347114,0.5074669299647212,1,3.5948028564453125
27340.926,7,1,1,fixation,1,-0.9761388831668429,0.5077854823321104,1,3.1246185302734375,1,-0.6028361055586072,0.5049220067448914,1,3.0699310302734375
27357.592,7,1,1,fixation,0,nan,nan,0,nan,0,nan,nan,0,nan
27374.259,7,1,1,fixation,1,-0.9749674333466424,0.4646054357290268,1,3.6094207763671875,1,-0.5633046362135145,0.46045827865600586,1,3.700836181640625
27390.925,7,1,1,fixation,1,-0.9764208528730604,0.5182981491088867,1,3.080078125,1,-0.6054792669084337,0.5049481927417219,1,3.0191650390625
27407.592,7,1,1,fixation,0,nan,nan,0,nan,0,nan,nan,0,nan
27424.259,7,1,1,fixation,1,-0.8203763564427693,0.42792651057243347,1,3.8092041015625,1,-0.5784582561916775,0.4298690855503082,1,3.87677001953125
27440.926,7,1,1,fixation,1,-0.9792292250527276,0.520545793697238,1,3.0458984375,1,-0.6030341254340278,0.5106288967654109,1,2.98114013671875
27457.591,7,1,1,fixation,0,nan,nan,0,nan,0,nan,nan,0,nan
27474.258,7,1,1,fixation,1,-0.9777774612108866,0.5102033223956823,1,3.3608856201171875,1,-0.5956495073106554,0.44589386135339737,1,3.6460113525390625
27490.924,7,1,1,fixation,1,-0.9718705415725708,0.518562275916338,1,3.0060882568359375,1,-0.60921753777398,0.5112354205921292,1,2.9575347900390625
27507.591,7,1,1,fixation,0,nan,nan,0,nan,0,nan,nan,0,nan
27524.258,7,1,1,fixation,1,-0.9679000245200262,0.5034265923313797,1,3.3377838134765625,1,-0.5817980766296387,0.47821514308452606,1,3.64019775390625
27540.924,7,1,1,fixation,1,-0.9727843470043606,0.5155729884281754,1,3.001556396484375,1,-0.6043436262342664,0.5128731019794941,1,2.9508209228515625
27557.59,7,1,1,fixation,0,nan,nan,0,nan,0,nan,nan,0,nan
27574.257,7,1,1,fixation,1,-0.9396560920609368,0.4838513545691967,1,3.4413909912109375,1,-0.5519065062204996,0.46973276510834694,1,3.7086944580078125
27590.923,7,1,1,fixation,1,-0.9764400720596313,0.5201577860862017,1,3.00970458984375,1,-0.600878185696072,0.5113855144008994,1,2.9593658447265625
27607.59,7,1,1,fixation,0,nan,nan,0,nan,0,nan,nan,0,nan
27624.257,7,1,1,fixation,1,-0.9635031289524502,0.5213084500283003,1,3.429351806640625,0,nan,nan,0,nan
27640.923,7,1,1,fixation,1,-0.9709887239668104,0.507747657597065,1,3.0286865234375,1,-0.5987591743469238,0.5127506740391254,1,2.9844207763671875
27657.589,7,1,1,fixation,0,nan,nan,0,nan,0,nan,nan,0,nan
27674.256,7,1,1,fixation,1,-0.947645346323649,0.5047289347276092,1,3.4167022705078125,1,-0.5791137483384874,0.47169615514576435,1,3.589996337890625
27690.923,7,1,1,fixation,1,-0.9695896042717828,0.509094525128603,1,3.072845458984375,1,-0.5936660766601562,0.513332350179553,1,3.0201568603515625
27707.589,7,1,1,fixation,0,nan,nan,0,nan,0,nan,nan,0,nan
27724.255,7,1,1,fixation,1,-0.9775634209314982,0.5211156867444515,1,3.4855194091796875,0,nan,nan,0,nan
27740.921,7,1,1,fixation,1,-0.9702575074301825,0.5084442840889096,1,3.1062774658203125,1,-0.5850395096672906,0.5149243967607617,1,3.059906005859375
27757.588,7,1,1,fixation,0,nan,nan,0,nan,0,nan,nan,0,nan
27774.255,7,1,1,fixation,1,-0.973152392440372,0.49044262431561947,1,3.52789306640625,1,-0.5336320665147569,0.5071263979189098,1,3.5991668701171875
27790.922,7,1,1,fixation,1,-0.9690090550316705,0.5212420541793108,1,3.142730712890625,1,-0.5844942198859321,0.5137748122215271,1,3.10015869140625
27807.587,7,1,1,fixation,0,nan,nan,0,nan,0,nan,nan,0,nan
27824.254,7,1,1,fixation,1,-0.9302984807226392,0.4793251436203718,1,3.642181396484375,1,-0.5645058949788411,0.4656291827559471,1,3.723175048828125
27840.921,7,1,1,fixation,1,-0.9725779957241482,0.5058708330616355,1,3.1766815185546875,1,-0.5819872750176324,0.4952862039208412,1,3.1251983642578125
27857.587,7,1,1,fixation,0,nan,nan,0,nan,0,nan,nan,0,nan
27874.254,7,1,1,fixation,0,nan,nan,0,nan,0,nan,nan,0,nan
27890.921,7,1,1,fixation,0,nan,nan,0,nan,0,nan,nan,0,nan
27907.586,7,1,1,fixation,0,nan,nan,0,nan,0,nan,nan,0,nan
27924.253,7,1,1,fixation,0,nan,nan,0,nan,0,nan,nan,0,nan
27940.92,7,1,1,fixation,0,nan,nan,0,nan,0,nan,nan,0,nan
27957.586,7,1,1,fixation,0,nan,nan,0,nan,0,nan,nan,0,nan
27974.253,7,1,1,fixation,0,nan,nan,0,nan,0,nan,nan,0,nan
27990.918,7,1,1,fixation,0,nan,nan,0,nan,0,nan,nan,0,nan
28007.585,7,1,1,fixation,0,nan,nan,0,nan,0,nan,nan,0,nan
28024.252,7,1,1,fixation,0,nan,nan,0,nan,0,nan,nan,0,nan
28040.918,7,1,1,fixation,0,nan,nan,0,nan,0,nan,nan,0,nan
28057.585,7,1,1,fixation,0,nan,nan,0,nan,0,nan,nan,0,nan
28074.252,7,1,1,fixation,0,nan,nan,0,nan,0,nan,nan,0,nan
28090.919,7,1,1,fixation,0,nan,nan,0,nan,0,nan,nan,0,nan
28107.585,7,1,1,fixation,0,nan,nan,0,nan,0,nan,nan,0,nan
28124.252,7,1,1,fixation,0,nan,nan,0,nan,0,nan,nan,0,nan
28140.918,7,1,1,fixation,0,nan,nan,0,nan,0,nan,nan,0,nan
28157.584,7,1,1,fixation,0,nan,nan,0,nan,0,nan,nan,0,nan
28174.251,7,1,1,fixation,0,nan,nan,0,nan,0,nan,nan,0,nan
28190.918,7,1,1,fixation,1,-0.5472350120544434,0.16160231828689575,1,3.3359832763671875,0,nan,nan,0,nan
28207.584,7,1,1,fixation,0,nan,nan,0,nan,0,nan,nan,0,nan
28224.251,7,1,1,fixation,1,-0.5413186815049913,0.16623806953430176,1,3.74957275390625,1,-0.21703953213161892,0.1711300015449524,1,3.9122314453125
28240.917,7,1,1,fixation,1,-0.5376709302266438,0.17797791957855225,1,3.3869171142578125,1,-0.22078800201416016,0.12841114401817322,1,3.381561279296875
28257.583,7,1,1,fixation,0,nan,nan,0,nan,0,nan,nan,0,nan
28274.25,7,1,1,fixation,0,nan,nan,0,nan,1,-0.2518131997850206,0.17699402570724487,1,4.0200653076171875
28290.916,7,1,1,fixation,1,-0.5430038770039876,0.18782976269721985,1,3.416534423828125,1,-0.21896028518676758,0.14269942045211792,1,3.4158782958984375
28307.583,7,1,1,fixation,0,nan,nan,0,nan,0,nan,nan,0,nan
28324.25,7,1,1,fixation,1,-0.5777977042728,0.16976851224899292,1,4.127044677734375,0,nan,nan,0,nan
28340.915,7,1,1,fixation,1,-0.5394055578443739,0.19190868735313416,1,3.4344024658203125,0,nan,nan,0,nan
28357.582,7,1,1,fixation,0,nan,nan,0,nan,0,nan,nan,0,nan
28374.249,7,1,1,fixation,1,-0.46811556816101074,0.14819973707199097,1,4.1208953857421875,1,-0.22371493445502386,0.1491490602493286,1,3.9010162353515625
28390.915,7,1,1,fixation,1,-0.5371930864122179,0.19424927234649658,1,3.455474853515625,1,-0.21651130252414277,0.15341156721115112,1,3.44879150390625
28407.582,7,1,1,fixation,0,nan,nan,0,nan,0,nan,nan,0,nan
28424.249,7,1,1,fixation,1,-0.8076608313454522,0.42298053950071335,1,3.9452667236328125,1,-0.4298839039272732,0.4160698503255844,1,4.017547607421875
28440.914,7,1,1,stimulusMovement,1,-0.874719586637285,0.46477001905441284,1,3.4664154052734375,1,-0.4983459048800998,0.39840924739837646,1,3.46063232421875
28457.581,7,1,1,stimulusMovement,0,nan,nan,0,nan,0,nan,nan,0,nan
28474.248,7,1,1,stimulusMovement,1,-0.8325409293174744,0.41211672872304916,1,4.0896148681640625,1,-0.5006590419345431,0.3902505710721016,1,4.1349945068359375
28490.915,7,1,1,stimulusMovement,1,-0.8925452108184496,0.4629700146615505,1,3.9019775390625,0,nan,nan,0,nan
28507.581,7,1,1,stimulusMovement,1,-0.8392779297298855,0.4590495824813843,1,3.9019622802734375,1,-0.5065156353844537,0.43943165615200996,1,4.084869384765625
28524.247,7,1,1,stimulusMovement,1,-0.8765125075976054,0.4656025096774101,1,3.8642425537109375,1,-0.5044665866427951,0.43516332656145096,1,4.050872802734375
28540.913,7,1,1,stimulusMovement,1,-0.9532233476638794,0.49689476285129786,1,3.9747161865234375,0,nan,nan,0,nan
28557.58,7,1,1,stimulusMovement,1,-0.8733985457155439,0.4775713123381138,1,3.785308837890625,0,nan,nan,0,nan
28574.247,7,1,1,stimulusMovement,1,-0.8680098603169123,0.49164936132729053,1,3.7373199462890625,0,nan,nan,0,nan
28590.913,7,1,1,stimulusMovement,1,-0.874209004971716,0.5120079275220633,1,3.638336181640625,0,nan,nan,0,nan
28607.579,7,1,1,stimulusMovement,1,-0.8875112467341952,0.48290738090872765,1,3.64801025390625,0,nan,nan,0,nan
28624.246,7,1,1,stimulusMovement,1,-0.8804643775026003,0.5122685804963112,1,3.586456298828125,0,nan,nan,0,nan
28640.912,7,1,1,stimulusMovement,1,-0.8744095895025464,0.46163399890065193,1,3.6441497802734375,0,nan,nan,0,nan
28657.579,7,1,1,stimulusMovement,1,-0.903594242201911,0.4879575986415148,1,3.5478515625,1,-0.4739252196417914,0.45121727138757706,1,3.752532958984375
28674.245,7,1,1,stimulusMovement,1,-0.9497311446401807,0.5552534572780132,1,3.521148681640625,1,-0.5753239260779487,0.46895967796444893,1,3.73480224609375
28690.912,7,1,1,stimulusMovement,1,-0.9208078053262498,0.5345300994813442,1,3.44989013671875,1,-0.5447750091552734,0.5098771201446652,1,3.554534912109375
28707.578,7,1,1,stimulusMovement,1,-0.9461765819125705,0.4986650850623846,1,3.4378509521484375,1,-0.5602404806349012,0.4914588239043951,1,3.545989990234375
28724.245,7,1,1,stimulusMovement,1,-0.938856992456648,0.49891489557921886,1,3.4127655029296875,0,nan,nan,0,nan
28740.911,7,1,1,stimulusMovement,1,-0.9718838665220472,0.5055351220071316,1,3.3958740234375,1,-0.5576545397440592,0.4788957517594099,1,3.59820556640625
28757.577,7,1,1,stimulusMovement,1,-0.9416827360788981,0.5121760852634907,1,3.34417724609375,1,-0.5688620143466525,0.5117038069292903,1,3.520172119140625
28774.244,7,1,1,stimulusMovement,1,-0.8978967434830135,0.49219260830432177,1,3.3942108154296875,0,nan,nan,0,nan
28790.91,7,1,1,stimulusMovement,1,-0.9600312444898816,0.5177866779267788,1,3.3599090576171875,1,-0.4954355822669135,0.430160254240036,1,3.5944366455078125
28807.577,7,1,1,stimulusMovement,1,-0.9650175174077351,0.489036925137043,1,3.3066864013671875,1,-0.5349312358432345,0.4481387101113796,1,3.6565704345703125
28824.244,7,1,1,stimulusMovement,1,-0.9285980297459496,0.4540311470627785,1,3.4284515380859375,1,-0.5445659425523546,0.4624711535871029,1,3.49444580078125
28840.91,7,1,1,stimulusMovement,1,-0.9443938401010301,0.5016212803311646,1,3.3244781494140625,1,-0.5447252061631944,0.4341506361961365,1,3.5699615478515625
28857.576,7,1,1,stimulusMovement,1,-0.9559285243352253,0.4898814857006073,1,3.301177978515625,1,-0.5541436407301161,0.47288383170962334,1,3.447174072265625
28874.243,7,1,1,stimulusMovement,1,-0.9569603933228387,0.494691395200789,1,3.3587493896484375,0,nan,nan,0,nan
28890.909,7,1,1,stimulusMovement,1,-0.9401446514659457,0.4738032091408968,1,3.3605499267578125,1,-0.5374867651197646,0.5104879895225167,1,3.4546051025390625
28907.576,7,1,1,stimulusMovement,1,-0.961721658706665,0.5012835571542382,1,3.3726959228515625,1,-0.5587072372436523,0.47485486418008804,1,3.5207672119140625
28924.243,7,1,1,stimulusMovement,1,-0.9454407691955566,0.5057086725719273,1,3.3123779296875,0,nan,nan,0,nan
28940.909,7,1,1,stimulusMovement,1,-0.9357277750968933,0.47110987827181816,1,3.3651885986328125,0,nan,nan,0,nan
28957.575,7,1,1,stimulusMovement,1,-0.9625265863206651,0.44829393178224564,1,3.4039459228515625,0,nan,nan,0,nan
28974.242,7,1,1,stimulusMovement,1,-0.9352793329291873,0.46784746274352074,1,3.338653564453125,1,-0.4958888954586453,0.42407919466495514,1,3.715118408203125
28990.908,7,1,1,stimulusMovement,1,-0.9234278202056885,0.47477889619767666,1,3.3837890625,1,-0.4949683348337809,0.43533942103385925,1,3.6531829833984375
29007.575,7,1,1,stimulusMovement,1,-0.9472929769092135,0.4615883231163025,1,3.394256591796875,1,-0.5130543973710802,0.38444428890943527,1,3.669403076171875
29024.242,7,1,1,stimulusMovement,1,-0.7215783463584052,0.19379723072052002,1,3.47607421875,0,nan,nan,0,nan
29040.907,7,1,1,stimulusMovement,1,-0.47924481497870547,0.09101879596710205,1,3.66351318359375,0,nan,nan,0,nan
29057.574,7,1,1,stimulusMovement,1,-0.4356727600097656,0.07684639096260071,1,3.626251220703125,1,-0.11739004982842338,0.06097957491874695,1,4.0318450927734375
29074.242,7,1,1,stimulusMovement,1,-0.432964113023546,-0.004775702953338623,1,3.9033050537109375,0,nan,nan,0,nan
29090.907,7,1,1,stimulusMovement,1,-0.42329327265421546,0.09597226977348328,1,3.6464385986328125,0,nan,nan,0,nan
29107.574,7,1,1,stimulusMovement,1,-0.44502279493543834,0.08876383304595947,1,3.6697845458984375,0,nan,nan,0,nan
29124.241,7,1,1,stimulusMovement,1,-0.4305294884575738,0.17031943798065186,1,3.5802764892578125,0,nan,nan,0,nan
29140.907,7,1,1,stimulusMovement,1,-0.40903822580973304,0.10446703433990479,1,3.6589508056640625,1,-0.09027830759684244,0.04304373264312744,1,4.0054473876953125
29157.574,7,1,1,stimulusMovement,1,-0.4105013741387261,0.103335440158844,1,3.69329833984375,0,nan,nan,0,nan
29174.24,7,1,1,stimulusMovement,1,-0.3697294129265679,0.06639060378074646,1,3.881622314453125,0,nan,nan,0,nan
29190.906,7,1,1,stimulusMovement,1,-0.40725951724582243,0.06779444217681885,1,3.965667724609375,1,-0.07034264670477973,0.14102435111999512,1,3.80841064453125
29207.573,7,1,1,stimulusMovement,1,-0.42097515530056423,0.1155293881893158,1,3.6129608154296875,0,nan,nan,0,nan
29224.24,7,1,1,stimulusMovement,1,-0.414185365041097,0.07273411750793457,1,3.87286376953125,0,nan,nan,0,nan
29240.907,7,1,1,stimulusMovement,1,-0.39039791954888237,0.10794690251350403,1,3.7771453857421875,0,nan,nan,0,nan
29257.572,7,1,1,stimulusMovement,1,-0.3940085834927029,0.04925781488418579,1,3.8863372802734375,0,nan,nan,0,nan
29274.239,7,1,1,stimulusMovement,0,nan,nan,0,nan,1,-0.085032410091824,0.08076536655426025,1,3.8731842041015625
29290.905,7,1,1,stimulusMovement,1,-0.4137512842814127,0.061164259910583496,1,3.7522735595703125,1,-0.10265519883897568,-0.036872029304504395,1,4.424652099609375
29307.572,7,1,1,stimulusMovement,1,-0.3954705662197537,0.058976322412490845,1,3.7620849609375,0,nan,nan,0,nan
29324.239,7,1,1,stimulusMovement,1,-0.4019335110982259,0.09593719244003296,1,3.7119293212890625,0,nan,nan,0,nan
29340.905,7,1,1,stimulusMovement,1,-0.4097482363382975,0.027584820985794067,1,3.84429931640625,1,-0.08360926310221353,0.13327136635780334,1,3.74114990234375
29357.571,7,1,1,stimulusMovement,1,-0.407517221238878,0.01670411229133606,1,3.82940673828125,1,-0.08049631118774414,0.07676529884338379,1,3.9134979248046875
29374.238,7,1,1,stimulusMovement,1,-0.4049271477593316,0.08461925387382507,1,3.6440887451171875,0,nan,nan,0,nan
29390.903,7,1,1,stimulusMovement,1,-0.31575759251912433,-0.07052218914031982,1,4.18035888671875,1,-0.02168877919514974,0.08124282956123352,1,3.8163909912109375
29407.57,7,1,1,stimulusMovement,0,nan,nan,0,nan,0,nan,nan,0,nan
29424.237,7,1,1,stimulusMovement,0,nan,nan,0,nan,0,nan,nan,0,nan
29440.903,7,1,1,stimulusMovement,1,-0.3948345184326172,0.0663088858127594,1,3.569793701171875,1,-0.05343426598442925,0.09684166312217712,1,3.64959716796875
29457.57,7,1,1,stimulusMovement,1,-0.4006116125318739,0.05346834659576416,1,3.5886383056640625,0,nan,nan,0,nan
29474.236,7,1,1,stimulusMovement,1,-0.36173661549886066,0.04586583375930786,1,3.60986328125,0,nan,nan,0,nan
29490.902,7,1,1,stimulusMovement,1,-0.32425038019816077,-0.013918876647949219,1,3.758148193359375,0,nan,nan,0,nan
29507.569,7,1,1,stimulusMovement,1,-0.3091082043117947,-0.11507230997085571,1,4.13494873046875,1,0.010554843478732638,0.06759881973266602,1,3.56036376953125
29524.236,7,1,1,stimulusMovement,1,-0.26170195473564994,-0.15262943506240845,1,4.255859375,0,nan,nan,0,nan
29540.902,7,1,1,stimulusMovement,0,nan,nan,0,nan,0,nan,nan,0,nan
29557.569,7,1,1,stimulusMovement,0,nan,nan,0,nan,1,0.07380919986300997,0.046598225831985474,1,3.4153289794921875
29574.235,7,1,1,stimulusMovement,1,-0.07730987336900498,-0.14010512828826904,1,3.7272491455078125,1,0.30242962307400173,-0.08247089385986328,1,3.506561279296875
29590.901,7,1,1,stimulusMovement,0,nan,nan,0,nan,1,0.4496690962049696,-0.15714943408966064,1,3.6622772216796875
29607.568,7,1,1,stimulusMovement,1,0.0973102781507704,-0.03247880935668945,1,3.5081787109375,1,0.4590246412489149,-0.17588233947753906,1,3.6656036376953125
29624.235,7,1,1,stimulusMovement,0,nan,nan,0,nan,0,nan,nan,0,nan
29640.902,7,1,1,stimulusMovement,0,nan,nan,0,nan,0,nan,nan,0,nan
29657.567,7,1,1,stimulusMovement,0,nan,nan,0,nan,0,nan,nan,0,nan
29674.234,7,1,1,stimulusMovement,1,0.1740582784016927,-0.05443108081817627,1,3.3805999755859375,1,0.17601341671413845,-0.162772536277771,1,3.688720703125
29690.9,7,1,1,stimulusMovement,1,0.1969738006591797,-0.060064494609832764,1,2.897247314453125,1,0.21363247765435112,-0.10265189409255981,1,2.8394622802734375
29707.567,7,1,1,stimulusMovement,1,0.1974945068359375,-0.06190282106399536,1,2.896484375,1,0.21782684326171875,-0.1045691967010498,1,2.8371734619140625
29724.234,7,1,1,stimulusMovement,1,0.1975487603081597,-0.0618739128112793,1,2.89483642578125,1,0.2129055658976237,-0.10718321800231934,1,2.8366851806640625
