timestamp,participantID,ID,expOrder,trialNumber,perimeter,surfaceArea,event,lv,lx,ly,lpv,lps,rv,rx,ry,rpv,rps
274.21,113,9,4,1,"{'TopLeft': 0.45082607852315754, 'TopRight': 0.4873795443493595, 'BottomLeft': 0.5483019873930293, 'BottomRight': 0.5316406451519528}","{'TopLeft': 0.013987078886803204, 'TopRight': 0.01634720688012062, 'BottomLeft': 0.020689433707652655, 'BottomRight': 0.01854570828660118}",startRecording,1,-0.7224473423428005,0.1890852451324463,1,3.56292724609375,0,nan,nan,0,nan
290.878,113,9,4,1,"{'TopLeft': 0.45082607852315754, 'TopRight': 0.4873795443493595, 'BottomLeft': 0.5483019873930293, 'BottomRight': 0.5316406451519528}","{'TopLeft': 0.013987078886803204, 'TopRight': 0.01634720688012062, 'BottomLeft': 0.020689433707652655, 'BottomRight': 0.01854570828660118}",startRecording,1,-0.7262951797909206,0.18740445375442505,1,3.5570068359375,0,nan,nan,0,nan
307.548,113,9,4,1,"{'TopLeft': 0.45082607852315754, 'TopRight': 0.4873795443493595, 'BottomLeft': 0.5483019873930293, 'BottomRight': 0.5316406451519528}","{'TopLeft': 0.013987078886803204, 'TopRight': 0.01634720688012062, 'BottomLeft': 0.020689433707652655, 'BottomRight': 0.01854570828660118}",startRecording,1,-0.722966194152832,0.1682225465774536,1,3.53741455078125,0,nan,nan,0,nan
324.216,113,9,4,1,"{'TopLeft': 0.45082607852315754, 'TopRight': 0.4873795443493595, 'BottomLeft': 0.5483019873930293, 'BottomRight': 0.5316406451519528}","{'TopLeft': 0.013987078886803204, 'TopRight': 0.01634720688012062, 'BottomLeft': 0.020689433707652655, 'BottomRight': 0.01854570828660118}",startRecording,1,-0.7358135647243923,0.19251716136932373,1,3.5108184814453125,0,nan,nan,0,nan
340.883,113,9,4,1,"{'TopLeft': 0.45082607852315754, 'TopRight': 0.4873795443493595, 'BottomLeft': 0.5483019873930293, 'BottomRight': 0.5316406451519528}","{'TopLeft': 0.013987078886803204, 'TopRight': 0.01634720688012062, 'BottomLeft': 0.020689433707652655, 'BottomRight': 0.01854570828660118}",startRecording,1,-0.7400978141360812,0.19387409090995789,1,3.506622314453125,0,nan,nan,0,nan
357.55,113,9,4,1,"{'TopLeft': 0.45082607852315754, 'TopRight': 0.4873795443493595, 'BottomLeft': 0.5483019873930293, 'BottomRight': 0.5316406451519528}","{'TopLeft': 0.013987078886803204, 'TopRight': 0.01634720688012062, 'BottomLeft': 0.020689433707652655, 'BottomRight': 0.01854570828660118}",startRecording,1,-0.7305059168073865,0.16117072105407715,1,3.4889068603515625,0,nan,nan,0,nan
374.218,113,9,4,1,"{'TopLeft': 0.45082607852315754, 'TopRight': 0.4873795443493595, 'BottomLeft': 0.5483019873930293, 'BottomRight': 0.5316406451519528}","{'TopLeft': 0.013987078886803204, 'TopRight': 0.01634720688012062, 'BottomLeft': 0.020689433707652655, 'BottomRight': 0.01854570828660118}",startRecording,1,-0.7346643209457397,0.17001217603683472,1,3.4737091064453125,0,nan,nan,0,nan
390.884,113,9,4,1,"{'TopLeft': 0.45082607852315754, 'TopRight': 0.4873795443493595, 'BottomLeft': 0.5483019873930293, 'BottomRight': 0.5316406451519528}","{'TopLeft': 0.013987078886803204, 'TopRight': 0.01634720688012062, 'BottomLeft': 0.020689433707652655, 'BottomRight': 0.01854570828660118}",startRecording,1,-0.7293236917919582,0.15785175561904907,1,3.46875,0,nan,nan,0,nan
407.552,113,9,4,1,"{'TopLeft': 0.45082607852315754, 'TopRight': 0.4873795443493595, 'BottomLeft': 0.5483019873930293, 'BottomRight': 0.5316406451519528}","{'TopLeft': 0.013987078886803204, 'TopRight': 0.01634720688012062, 'BottomLeft': 0.020689433707652655, 'BottomRight': 0.01854570828660118}",startRecording,1,-0.7445230484008789,0.19151940941810608,1,3.4552764892578125,0,nan,nan,0,nan
424.219,113,9,4,1,"{'TopLeft': 0.45082607852315754, 'TopRight': 0.4873795443493595, 'BottomLeft': 0.5483019873930293, 'BottomRight': 0.5316406451519528}","{'TopLeft': 0.013987078886803204, 'TopRight': 0.01634720688012062, 'BottomLeft': 0.020689433707652655, 'BottomRight': 0.01854570828660118}",startRecording,1,-0.736847996711731,0.18903714418411255,1,3.440093994140625,0,nan,nan,0,nan
440.885,113,9,4,1,"{'TopLeft': 0.45082607852315754, 'TopRight': 0.4873795443493595, 'BottomLeft': 0.5483019873930293, 'BottomRight': 0.5316406451519528}","{'TopLeft': 0.013987078886803204, 'TopRight': 0.01634720688012062, 'BottomLeft': 0.020689433707652655, 'BottomRight': 0.01854570828660118}",startRecording,1,-0.7394154866536458,0.1728154420852661,1,3.4310455322265625,0,nan,nan,0,nan
457.553,113,9,4,1,"{'TopLeft': 0.45082607852315754, 'TopRight': 0.4873795443493595, 'BottomLeft': 0.5483019873930293, 'BottomRight': 0.5316406451519528}","{'TopLeft': 0.013987078886803204, 'TopRight': 0.01634720688012062, 'BottomLeft': 0.020689433707652655, 'BottomRight': 0.01854570828660118}",startRecording,1,-0.7483951250712076,0.19047769904136658,1,3.4131011962890625,0,nan,nan,0,nan
474.221,113,9,4,1,"{'TopLeft': 0.45082607852315754, 'TopRight': 0.4873795443493595, 'BottomLeft': 0.5483019873930293, 'BottomRight': 0.5316406451519528}","{'TopLeft': 0.013987078886803204, 'TopRight': 0.01634720688012062, 'BottomLeft': 0.020689433707652655, 'BottomRight': 0.01854570828660118}",startRecording,1,-0.7545753849877251,0.19061467051506042,1,3.4140625,0,nan,nan,0,nan
490.888,113,9,4,1,"{'TopLeft': 0.45082607852315754, 'TopRight': 0.4873795443493595, 'BottomLeft': 0.5483019873930293, 'BottomRight': 0.5316406451519528}","{'TopLeft': 0.013987078886803204, 'TopRight': 0.01634720688012062, 'BottomLeft': 0.020689433707652655, 'BottomRight': 0.01854570828660118}",startRecording,1,-0.7495612965689765,0.17144674062728882,1,3.413848876953125,0,nan,nan,0,nan
507.556,113,9,4,1,"{'TopLeft': 0.45082607852315754, 'TopRight': 0.4873795443493595, 'BottomLeft': 0.5483019873930293, 'BottomRight': 0.5316406451519528}","{'TopLeft': 0.013987078886803204, 'TopRight': 0.01634720688012062, 'BottomLeft': 0.020689433707652655, 'BottomRight': 0.01854570828660118}",startRecording,1,-0.7443806992636787,0.17068344354629517,1,3.407958984375,0,nan,nan,0,nan
524.224,113,9,4,1,"{'TopLeft': 0.45082607852315754, 'TopRight': 0.4873795443493595, 'BottomLeft': 0.5483019873930293, 'BottomRight': 0.5316406451519528}","{'TopLeft': 0.013987078886803204, 'TopRight': 0.01634720688012062, 'BottomLeft': 0.020689433707652655, 'BottomRight': 0.01854570828660118}",startRecording,1,-0.7458018594317966,0.17543762922286987,1,3.4078826904296875,0,nan,nan,0,nan
540.89,113,9,4,1,"{'TopLeft': 0.45082607852315754, 'TopRight': 0.4873795443493595, 'BottomLeft': 0.5483019873930293, 'BottomRight': 0.5316406451519528}","{'TopLeft': 0.013987078886803204, 'TopRight': 0.01634720688012062, 'BottomLeft': 0.020689433707652655, 'BottomRight': 0.01854570828660118}",startRecording,1,-0.7481844690110948,0.1891002655029297,1,3.3939208984375,0,nan,nan,0,nan
557.56,113,9,4,1,"{'TopLeft': 0.45082607852315754, 'TopRight': 0.4873795443493595, 'BottomLeft': 0.5483019873930293, 'BottomRight': 0.5316406451519528}","{'TopLeft': 0.013987078886803204, 'TopRight': 0.01634720688012062, 'BottomLeft': 0.020689433707652655, 'BottomRight': 0.01854570828660118}",startRecording,1,-0.745201587677002,0.1847919225692749,1,3.3997802734375,0,nan,nan,0,nan
574.232,113,9,4,1,"{'TopLeft': 0.45082607852315754, 'TopRight': 0.4873795443493595, 'BottomLeft': 0.5483019873930293, 'BottomRight': 0.5316406451519528}","{'TopLeft': 0.013987078886803204, 'TopRight': 0.01634720688012062, 'BottomLeft': 0.020689433707652655, 'BottomRight': 0.01854570828660118}",startRecording,1,-0.7620647483401828,0.2023366093635559,1,3.3845367431640625,0,nan,nan,0,nan
590.904,113,9,4,1,"{'TopLeft': 0.45082607852315754, 'TopRight': 0.4873795443493595, 'BottomLeft': 0.5483019873930293, 'BottomRight': 0.5316406451519528}","{'TopLeft': 0.013987078886803204, 'TopRight': 0.01634720688012062, 'BottomLeft': 0.020689433707652655, 'BottomRight': 0.01854570828660118}",startRecording,1,-0.7446516752243042,0.19309526681900024,1,3.3998260498046875,0,nan,nan,0,nan
607.575,113,9,4,1,"{'TopLeft': 0.45082607852315754, 'TopRight': 0.4873795443493595, 'BottomLeft': 0.5483019873930293, 'BottomRight': 0.5316406451519528}","{'TopLeft': 0.013987078886803204, 'TopRight': 0.01634720688012062, 'BottomLeft': 0.020689433707652655, 'BottomRight': 0.01854570828660118}",startRecording,1,-0.75482087665134,0.18945270776748657,1,3.40863037109375,0,nan,nan,0,nan
624.244,113,9,4,1,"{'TopLeft': 0.45082607852315754, 'TopRight': 0.4873795443493595, 'BottomLeft': 0.5483019873930293, 'BottomRight': 0.5316406451519528}","{'TopLeft': 0.013987078886803204, 'TopRight': 0.01634720688012062, 'BottomLeft': 0.020689433707652655, 'BottomRight': 0.01854570828660118}",startRecording,1,-0.7590213484234279,0.1866641640663147,1,3.4040679931640625,0,nan,nan,0,nan
640.911,113,9,4,1,"{'TopLeft': 0.45082607852315754, 'TopRight': 0.4873795443493595, 'BottomLeft': 0.5483019873930293, 'BottomRight': 0.5316406451519528}","{'TopLeft': 0.013987078886803204, 'TopRight': 0.01634720688012062, 'BottomLeft': 0.020689433707652655, 'BottomRight': 0.01854570828660118}",startRecording,1,-0.7623253530926174,0.19067701697349548,1,3.404754638671875,0,nan,nan,0,nan
657.579,113,9,4,1,"{'TopLeft': 0.45082607852315754, 'TopRight': 0.4873795443493595, 'BottomLeft': 0.5483019873930293, 'BottomRight': 0.5316406451519528}","{'TopLeft': 0.013987078886803204, 'TopRight': 0.01634720688012062, 'BottomLeft': 0.020689433707652655, 'BottomRight': 0.01854570828660118}",curtain_up,1,-0.7510659297307332,0.17437762022018433,1,3.4185791015625,0,nan,nan,0,nan
674.247,113,9,4,1,"{'TopLeft': 0.45082607852315754, 'TopRight': 0.4873795443493595, 'BottomLeft': 0.5483019873930293, 'BottomRight': 0.5316406451519528}","{'TopLeft': 0.013987078886803204, 'TopRight': 0.01634720688012062, 'BottomLeft': 0.020689433707652655, 'BottomRight': 0.01854570828660118}",curtain_up,1,-0.7576052082909478,0.2112922966480255,1,3.418914794921875,0,nan,nan,0,nan
690.914,113,9,4,1,"{'TopLeft': 0.45082607852315754, 'TopRight': 0.4873795443493595, 'BottomLeft': 0.5483019873930293, 'BottomRight': 0.5316406451519528}","{'TopLeft': 0.013987078886803204, 'TopRight': 0.01634720688012062, 'BottomLeft': 0.020689433707652655, 'BottomRight': 0.01854570828660118}",curtain_up,1,-0.7364878257115681,0.170113205909729,1,3.43756103515625,0,nan,nan,0,nan
707.583,113,9,4,1,"{'TopLeft': 0.45082607852315754, 'TopRight': 0.4873795443493595, 'BottomLeft': 0.5483019873930293, 'BottomRight': 0.5316406451519528}","{'TopLeft': 0.013987078886803204, 'TopRight': 0.01634720688012062, 'BottomLeft': 0.020689433707652655, 'BottomRight': 0.01854570828660118}",curtain_up,1,-0.5186936060587565,0.20284253358840942,1,3.4000396728515625,0,nan,nan,0,nan
724.251,113,9,4,1,"{'TopLeft': 0.45082607852315754, 'TopRight': 0.4873795443493595, 'BottomLeft': 0.5483019873930293, 'BottomRight': 0.5316406451519528}","{'TopLeft': 0.013987078886803204, 'TopRight': 0.01634720688012062, 'BottomLeft': 0.020689433707652655, 'BottomRight': 0.01854570828660118}",curtain_up,0,nan,nan,0,nan,0,nan,nan,0,nan
740.918,113,9,4,1,"{'TopLeft': 0.45082607852315754, 'TopRight': 0.4873795443493595, 'BottomLeft': 0.5483019873930293, 'BottomRight': 0.5316406451519528}","{'TopLeft': 0.013987078886803204, 'TopRight': 0.01634720688012062, 'BottomLeft': 0.020689433707652655, 'BottomRight': 0.01854570828660118}",curtain_up,1,0.1255007849799262,0.17193323373794556,1,3.4239501953125,0,nan,nan,0,nan
757.584,113,9,4,1,"{'TopLeft': 0.45082607852315754, 'TopRight': 0.4873795443493595, 'BottomLeft': 0.5483019873930293, 'BottomRight': 0.5316406451519528}","{'TopLeft': 0.013987078886803204, 'TopRight': 0.01634720688012062, 'BottomLeft': 0.020689433707652655, 'BottomRight': 0.01854570828660118}",curtain_up,1,0.34049299028184676,0.10534161329269409,1,3.4474334716796875,0,nan,nan,0,nan
774.248,113,9,4,1,"{'TopLeft': 0.45082607852315754, 'TopRight': 0.4873795443493595, 'BottomLeft': 0.5483019873930293, 'BottomRight': 0.5316406451519528}","{'TopLeft': 0.013987078886803204, 'TopRight': 0.01634720688012062, 'BottomLeft': 0.020689433707652655, 'BottomRight': 0.01854570828660118}",curtain_up,1,0.33007176717122394,0.10376471281051636,1,3.47369384765625,0,nan,nan,0,nan
790.912,113,9,4,1,"{'TopLeft': 0.45082607852315754, 'TopRight': 0.4873795443493595, 'BottomLeft': 0.5483019873930293, 'BottomRight': 0.5316406451519528}","{'TopLeft': 0.013987078886803204, 'TopRight': 0.01634720688012062, 'BottomLeft': 0.020689433707652655, 'BottomRight': 0.01854570828660118}",curtain_up,1,0.35640907287597656,0.09408262372016907,1,3.478179931640625,0,nan,nan,0,nan
807.577,113,9,4,1,"{'TopLeft': 0.45082607852315754, 'TopRight': 0.4873795443493595, 'BottomLeft': 0.5483019873930293, 'BottomRight': 0.5316406451519528}","{'TopLeft': 0.013987078886803204, 'TopRight': 0.01634720688012062, 'BottomLeft': 0.020689433707652655, 'BottomRight': 0.01854570828660118}",curtain_up,1,0.34887907240125865,0.11001744866371155,1,3.5073089599609375,0,nan,nan,0,nan
824.245,113,9,4,1,"{'TopLeft': 0.45082607852315754, 'TopRight': 0.4873795443493595, 'BottomLeft': 0.5483019873930293, 'BottomRight': 0.5316406451519528}","{'TopLeft': 0.013987078886803204, 'TopRight': 0.01634720688012062, 'BottomLeft': 0.020689433707652655, 'BottomRight': 0.01854570828660118}",curtain_up,1,0.35536596510145396,0.10732260346412659,1,3.5193023681640625,0,nan,nan,0,nan
840.912,113,9,4,1,"{'TopLeft': 0.45082607852315754, 'TopRight': 0.4873795443493595, 'BottomLeft': 0.5483019873930293, 'BottomRight': 0.5316406451519528}","{'TopLeft': 0.013987078886803204, 'TopRight': 0.01634720688012062, 'BottomLeft': 0.020689433707652655, 'BottomRight': 0.01854570828660118}",curtain_up,1,0.36786566840277773,0.11470586061477661,1,3.5356903076171875,0,nan,nan,0,nan
857.578,113,9,4,1,"{'TopLeft': 0.45082607852315754, 'TopRight': 0.4873795443493595, 'BottomLeft': 0.5483019873930293, 'BottomRight': 0.5316406451519528}","{'TopLeft': 0.013987078886803204, 'TopRight': 0.01634720688012062, 'BottomLeft': 0.020689433707652655, 'BottomRight': 0.01854570828660118}",curtain_up,1,0.36560927497016055,0.10306805372238159,1,3.5615386962890625,0,nan,nan,0,nan
874.243,113,9,4,1,"{'TopLeft': 0.45082607852315754, 'TopRight': 0.4873795443493595, 'BottomLeft': 0.5483019873930293, 'BottomRight': 0.5316406451519528}","{'TopLeft': 0.013987078886803204, 'TopRight': 0.01634720688012062, 'BottomLeft': 0.020689433707652655, 'BottomRight': 0.01854570828660118}",curtain_up,1,0.39061927795410156,0.10012161731719971,1,3.5588226318359375,0,nan,nan,0,nan
890.906,113,9,4,1,"{'TopLeft': 0.45082607852315754, 'TopRight': 0.4873795443493595, 'BottomLeft': 0.5483019873930293, 'BottomRight': 0.5316406451519528}","{'TopLeft': 0.013987078886803204, 'TopRight': 0.01634720688012062, 'BottomLeft': 0.020689433707652655, 'BottomRight': 0.01854570828660118}",curtain_up,1,0.3717882368299696,0.1056571900844574,1,3.580413818359375,0,nan,nan,0,nan
907.573,113,9,4,1,"{'TopLeft': 0.45082607852315754, 'TopRight': 0.4873795443493595, 'BottomLeft': 0.5483019873930293, 'BottomRight': 0.5316406451519528}","{'TopLeft': 0.013987078886803204, 'TopRight': 0.01634720688012062, 'BottomLeft': 0.020689433707652655, 'BottomRight': 0.01854570828660118}",curtain_up,1,0.39598422580295134,0.09885573387145996,1,3.5845184326171875,0,nan,nan,0,nan
924.24,113,9,4,1,"{'TopLeft': 0.45082607852315754, 'TopRight': 0.4873795443493595, 'BottomLeft': 0.5483019873930293, 'BottomRight': 0.5316406451519528}","{'TopLeft': 0.013987078886803204, 'TopRight': 0.01634720688012062, 'BottomLeft': 0.020689433707652655, 'BottomRight': 0.01854570828660118}",curtain_up,1,0.3784431881374783,0.10729405283927917,1,3.602386474609375,0,nan,nan,0,nan
940.907,113,9,4,1,"{'TopLeft': 0.45082607852315754, 'TopRight': 0.4873795443493595, 'BottomLeft': 0.5483019873930293, 'BottomRight': 0.5316406451519528}","{'TopLeft': 0.013987078886803204, 'TopRight': 0.01634720688012062, 'BottomLeft': 0.020689433707652655, 'BottomRight': 0.01854570828660118}",curtain_up,1,0.3870627085367838,0.10969662666320801,1,3.5881195068359375,0,nan,nan,0,nan
957.57,113,9,4,1,"{'TopLeft': 0.45082607852315754, 'TopRight': 0.4873795443493595, 'BottomLeft': 0.5483019873930293, 'BottomRight': 0.5316406451519528}","{'TopLeft': 0.013987078886803204, 'TopRight': 0.01634720688012062, 'BottomLeft': 0.020689433707652655, 'BottomRight': 0.01854570828660118}",curtain_up,1,0.38128630320231116,0.10904580354690552,1,3.6039886474609375,0,nan,nan,0,nan
974.23,113,9,4,1,"{'TopLeft': 0.45082607852315754, 'TopRight': 0.4873795443493595, 'BottomLeft': 0.5483019873930293, 'BottomRight': 0.5316406451519528}","{'TopLeft': 0.013987078886803204, 'TopRight': 0.01634720688012062, 'BottomLeft': 0.020689433707652655, 'BottomRight': 0.01854570828660118}",curtain_up,1,0.37399058871799046,0.1192096471786499,1,3.585540771484375,0,nan,nan,0,nan
990.888,113,9,4,1,"{'TopLeft': 0.45082607852315754, 'TopRight': 0.4873795443493595, 'BottomLeft': 0.5483019873930293, 'BottomRight': 0.5316406451519528}","{'TopLeft': 0.013987078886803204, 'TopRight': 0.01634720688012062, 'BottomLeft': 0.020689433707652655, 'BottomRight': 0.01854570828660118}",curtain_up,1,0.3560776180691189,0.10724371671676636,1,3.5939178466796875,0,nan,nan,0,nan
1007.551,113,9,4,1,"{'TopLeft': 0.45082607852315754, 'TopRight': 0.4873795443493595, 'BottomLeft': 0.5483019873930293, 'BottomRight': 0.5316406451519528}","{'TopLeft': 0.013987078886803204, 'TopRight': 0.01634720688012062, 'BottomLeft': 0.020689433707652655, 'BottomRight': 0.01854570828660118}",curtain_up,1,0.3910188674926758,0.10024350881576538,1,3.5630645751953125,0,nan,nan,0,nan
1024.218,113,9,4,1,"{'TopLeft': 0.45082607852315754, 'TopRight': 0.4873795443493595, 'BottomLeft': 0.5483019873930293, 'BottomRight': 0.5316406451519528}","{'TopLeft': 0.013987078886803204, 'TopRight': 0.01634720688012062, 'BottomLeft': 0.020689433707652655, 'BottomRight': 0.01854570828660118}",curtain_up,1,0.3701188829210069,0.11561191082000732,1,3.5574493408203125,0,nan,nan,0,nan
1040.884,113,9,4,1,"{'TopLeft': 0.45082607852315754, 'TopRight': 0.4873795443493595, 'BottomLeft': 0.5483019873930293, 'BottomRight': 0.5316406451519528}","{'TopLeft': 0.013987078886803204, 'TopRight': 0.01634720688012062, 'BottomLeft': 0.020689433707652655, 'BottomRight': 0.01854570828660118}",curtain_up,1,0.3814614613850911,0.10687711834907532,1,3.5384368896484375,0,nan,nan,0,nan
1057.55,113,9,4,1,"{'TopLeft': 0.45082607852315754, 'TopRight': 0.4873795443493595, 'BottomLeft': 0.5483019873930293, 'BottomRight': 0.5316406451519528}","{'TopLeft': 0.013987078886803204, 'TopRight': 0.01634720688012062, 'BottomLeft': 0.020689433707652655, 'BottomRight': 0.01854570828660118}",curtain_up,1,0.38148710462782115,0.1078217625617981,1,3.53271484375,0,nan,nan,0,nan
1074.215,113,9,4,1,"{'TopLeft': 0.45082607852315754, 'TopRight': 0.4873795443493595, 'BottomLeft': 0.5483019873930293, 'BottomRight': 0.5316406451519528}","{'TopLeft': 0.013987078886803204, 'TopRight': 0.01634720688012062, 'BottomLeft': 0.020689433707652655, 'BottomRight': 0.01854570828660118}",curtain_up,1,0.39653979407416445,0.09437108039855957,1,3.5098876953125,0,nan,nan,0,nan
1090.878,113,9,4,1,"{'TopLeft': 0.45082607852315754, 'TopRight': 0.4873795443493595, 'BottomLeft': 0.5483019873930293, 'BottomRight': 0.5316406451519528}","{'TopLeft': 0.013987078886803204, 'TopRight': 0.01634720688012062, 'BottomLeft': 0.020689433707652655, 'BottomRight': 0.01854570828660118}",curtain_up,1,0.3809574974907769,0.10815697908401489,1,3.5001373291015625,0,nan,nan,0,nan
1107.544,113,9,4,1,"{'TopLeft': 0.45082607852315754, 'TopRight': 0.4873795443493595, 'BottomLeft': 0.5483019873930293, 'BottomRight': 0.5316406451519528}","{'TopLeft': 0.013987078886803204, 'TopRight': 0.01634720688012062, 'BottomLeft': 0.020689433707652655, 'BottomRight': 0.01854570828660118}",curtain_up,1,0.36687935723198783,0.11200335621833801,1,3.4995269775390625,0,nan,nan,0,nan
1124.211,113,9,4,1,"{'TopLeft': 0.45082607852315754, 'TopRight': 0.4873795443493595, 'BottomLeft': 0.5483019873930293, 'BottomRight': 0.5316406451519528}","{'TopLeft': 0.013987078886803204, 'TopRight': 0.01634720688012062, 'BottomLeft': 0.020689433707652655, 'BottomRight': 0.01854570828660118}",curtain_up,1,0.36907545725504554,0.09623867273330688,1,3.4807891845703125,0,nan,nan,0,nan
1140.877,113,9,4,1,"{'TopLeft': 0.45082607852315754, 'TopRight': 0.4873795443493595, 'BottomLeft': 0.5483019873930293, 'BottomRight': 0.5316406451519528}","{'TopLeft': 0.013987078886803204, 'TopRight': 0.01634720688012062, 'BottomLeft': 0.020689433707652655, 'BottomRight': 0.01854570828660118}",curtain_up,1,0.36335362328423393,0.11891302466392517,1,3.4775543212890625,0,nan,nan,0,nan
1157.544,113,9,4,1,"{'TopLeft': 0.45082607852315754, 'TopRight': 0.4873795443493595, 'BottomLeft': 0.5483019873930293, 'BottomRight': 0.5316406451519528}","{'TopLeft': 0.013987078886803204, 'TopRight': 0.01634720688012062, 'BottomLeft': 0.020689433707652655, 'BottomRight': 0.01854570828660118}",curtain_up,1,0.36271752251519096,0.11910262703895569,1,3.463836669921875,0,nan,nan,0,nan
1174.215,113,9,4,1,"{'TopLeft': 0.45082607852315754, 'TopRight': 0.4873795443493595, 'BottomLeft': 0.5483019873930293, 'BottomRight': 0.5316406451519528}","{'TopLeft': 0.013987078886803204, 'TopRight': 0.01634720688012062, 'BottomLeft': 0.020689433707652655, 'BottomRight': 0.01854570828660118}",curtain_up,1,0.3580394321017795,0.12015748023986816,1,3.4654541015625,0,nan,nan,0,nan
1190.885,113,9,4,1,"{'TopLeft': 0.45082607852315754, 'TopRight': 0.4873795443493595, 'BottomLeft': 0.5483019873930293, 'BottomRight': 0.5316406451519528}","{'TopLeft': 0.013987078886803204, 'TopRight': 0.01634720688012062, 'BottomLeft': 0.020689433707652655, 'BottomRight': 0.01854570828660118}",curtain_up,1,0.35818343692355686,0.10730487108230591,1,3.4636077880859375,0,nan,nan,0,nan
1207.556,113,9,4,1,"{'TopLeft': 0.45082607852315754, 'TopRight': 0.4873795443493595, 'BottomLeft': 0.5483019873930293, 'BottomRight': 0.5316406451519528}","{'TopLeft': 0.013987078886803204, 'TopRight': 0.01634720688012062, 'BottomLeft': 0.020689433707652655, 'BottomRight': 0.01854570828660118}",curtain_up,1,0.36786852942572695,0.11656129360198975,1,3.463470458984375,0,nan,nan,0,nan
1224.228,113,9,4,1,"{'TopLeft': 0.45082607852315754, 'TopRight': 0.4873795443493595, 'BottomLeft': 0.5483019873930293, 'BottomRight': 0.5316406451519528}","{'TopLeft': 0.013987078886803204, 'TopRight': 0.01634720688012062, 'BottomLeft': 0.020689433707652655, 'BottomRight': 0.01854570828660118}",curtain_up,1,0.3689202202690972,0.12036377191543579,1,3.4636077880859375,0,nan,nan,0,nan
1240.899,113,9,4,1,"{'TopLeft': 0.45082607852315754, 'TopRight': 0.4873795443493595, 'BottomLeft': 0.5483019873930293, 'BottomRight': 0.5316406451519528}","{'TopLeft': 0.013987078886803204, 'TopRight': 0.01634720688012062, 'BottomLeft': 0.020689433707652655, 'BottomRight': 0.01854570828660118}",curtain_up,1,0.36827956305609805,0.11597821116447449,1,3.4797515869140625,0,nan,nan,0,nan
1257.569,113,9,4,1,"{'TopLeft': 0.45082607852315754, 'TopRight': 0.4873795443493595, 'BottomLeft': 0.5483019873930293, 'BottomRight': 0.5316406451519528}","{'TopLeft': 0.013987078886803204, 'TopRight': 0.01634720688012062, 'BottomLeft': 0.020689433707652655, 'BottomRight': 0.01854570828660118}",curtain_up,1,0.3549340565999349,0.12823200225830078,1,3.4676971435546875,0,nan,nan,0,nan
1274.236,113,9,4,1,"{'TopLeft': 0.45082607852315754, 'TopRight': 0.4873795443493595, 'BottomLeft': 0.5483019873930293, 'BottomRight': 0.5316406451519528}","{'TopLeft': 0.013987078886803204, 'TopRight': 0.01634720688012062, 'BottomLeft': 0.020689433707652655, 'BottomRight': 0.01854570828660118}",curtain_up,1,0.3531808853149414,0.12081104516983032,1,3.468505859375,0,nan,nan,0,nan
1290.903,113,9,4,1,"{'TopLeft': 0.45082607852315754, 'TopRight': 0.4873795443493595, 'BottomLeft': 0.5483019873930293, 'BottomRight': 0.5316406451519528}","{'TopLeft': 0.013987078886803204, 'TopRight': 0.01634720688012062, 'BottomLeft': 0.020689433707652655, 'BottomRight': 0.01854570828660118}",curtain_up,1,0.3523406982421875,0.09467718005180359,1,3.489593505859375,0,nan,nan,0,nan
1307.57,113,9,4,1,"{'TopLeft': 0.45082607852315754, 'TopRight': 0.4873795443493595, 'BottomLeft': 0.5483019873930293, 'BottomRight': 0.5316406451519528}","{'TopLeft': 0.013987078886803204, 'TopRight': 0.01634720688012062, 'BottomLeft': 0.020689433707652655, 'BottomRight': 0.01854570828660118}",curtain_up,1,0.3682687547471788,0.11802279949188232,1,3.48272705078125,0,nan,nan,0,nan
1324.237,113,9,4,1,"{'TopLeft': 0.45082607852315754, 'TopRight': 0.4873795443493595, 'BottomLeft': 0.5483019873930293, 'BottomRight': 0.5316406451519528}","{'TopLeft': 0.013987078886803204, 'TopRight': 0.01634720688012062, 'BottomLeft': 0.020689433707652655, 'BottomRight': 0.01854570828660118}",curtain_up,1,0.3657733069525824,0.12052351236343384,1,3.4933624267578125,0,nan,nan,0,nan
1340.904,113,9,4,1,"{'TopLeft': 0.45082607852315754, 'TopRight': 0.4873795443493595, 'BottomLeft': 0.5483019873930293, 'BottomRight': 0.5316406451519528}","{'TopLeft': 0.013987078886803204, 'TopRight': 0.01634720688012062, 'BottomLeft': 0.020689433707652655, 'BottomRight': 0.01854570828660118}",curtain_up,1,0.36024898952907985,0.1272755265235901,1,3.5093536376953125,0,nan,nan,0,nan
1357.57,113,9,4,1,"{'TopLeft': 0.45082607852315754, 'TopRight': 0.4873795443493595, 'BottomLeft': 0.5483019873930293, 'BottomRight': 0.5316406451519528}","{'TopLeft': 0.013987078886803204, 'TopRight': 0.01634720688012062, 'BottomLeft': 0.020689433707652655, 'BottomRight': 0.01854570828660118}",curtain_up,1,0.3624725341796875,0.13179528713226318,1,3.5169830322265625,0,nan,nan,0,nan
1374.236,113,9,4,1,"{'TopLeft': 0.45082607852315754, 'TopRight': 0.4873795443493595, 'BottomLeft': 0.5483019873930293, 'BottomRight': 0.5316406451519528}","{'TopLeft': 0.013987078886803204, 'TopRight': 0.01634720688012062, 'BottomLeft': 0.020689433707652655, 'BottomRight': 0.01854570828660118}",curtain_up,1,0.36494308047824436,0.1392817497253418,1,3.52215576171875,0,nan,nan,0,nan
1390.902,113,9,4,1,"{'TopLeft': 0.45082607852315754, 'TopRight': 0.4873795443493595, 'BottomLeft': 0.5483019873930293, 'BottomRight': 0.5316406451519528}","{'TopLeft': 0.013987078886803204, 'TopRight': 0.01634720688012062, 'BottomLeft': 0.020689433707652655, 'BottomRight': 0.01854570828660118}",curtain_up,1,0.3587034013536241,0.13913258910179138,1,3.5366668701171875,0,nan,nan,0,nan
1407.568,113,9,4,1,"{'TopLeft': 0.45082607852315754, 'TopRight': 0.4873795443493595, 'BottomLeft': 0.5483019873930293, 'BottomRight': 0.5316406451519528}","{'TopLeft': 0.013987078886803204, 'TopRight': 0.01634720688012062, 'BottomLeft': 0.020689433707652655, 'BottomRight': 0.01854570828660118}",curtain_up,1,0.34411006503634983,0.12642669677734375,1,3.5438690185546875,0,nan,nan,0,nan
1424.235,113,9,4,1,"{'TopLeft': 0.45082607852315754, 'TopRight': 0.4873795443493595, 'BottomLeft': 0.5483019873930293, 'BottomRight': 0.5316406451519528}","{'TopLeft': 0.013987078886803204, 'TopRight': 0.01634720688012062, 'BottomLeft': 0.020689433707652655, 'BottomRight': 0.01854570828660118}",curtain_up,1,0.011839442782931857,0.11498582363128662,1,3.5530853271484375,0,nan,nan,0,nan
1440.9,113,9,4,1,"{'TopLeft': 0.45082607852315754, 'TopRight': 0.4873795443493595, 'BottomLeft': 0.5483019873930293, 'BottomRight': 0.5316406451519528}","{'TopLeft': 0.013987078886803204, 'TopRight': 0.01634720688012062, 'BottomLeft': 0.020689433707652655, 'BottomRight': 0.01854570828660118}",curtain_up,1,-0.21923881106906465,0.1059422492980957,1,3.5461273193359375,0,nan,nan,0,nan
1457.566,113,9,4,1,"{'TopLeft': 0.45082607852315754, 'TopRight': 0.4873795443493595, 'BottomLeft': 0.5483019873930293, 'BottomRight': 0.5316406451519528}","{'TopLeft': 0.013987078886803204, 'TopRight': 0.01634720688012062, 'BottomLeft': 0.020689433707652655, 'BottomRight': 0.01854570828660118}",curtain_up,1,-0.39355394575330943,0.13677188754081726,1,3.563812255859375,0,nan,nan,0,nan
1474.232,113,9,4,1,"{'TopLeft': 0.45082607852315754, 'TopRight': 0.4873795443493595, 'BottomLeft': 0.5483019873930293, 'BottomRight': 0.5316406451519528}","{'TopLeft': 0.013987078886803204, 'TopRight': 0.01634720688012062, 'BottomLeft': 0.020689433707652655, 'BottomRight': 0.01854570828660118}",curtain_up,1,-0.4018870459662543,0.13663619756698608,1,3.572174072265625,0,nan,nan,0,nan
1490.897,113,9,4,1,"{'TopLeft': 0.45082607852315754, 'TopRight': 0.4873795443493595, 'BottomLeft': 0.5483019873930293, 'BottomRight': 0.5316406451519528}","{'TopLeft': 0.013987078886803204, 'TopRight': 0.01634720688012062, 'BottomLeft': 0.020689433707652655, 'BottomRight': 0.01854570828660118}",curtain_up,1,-0.4422699610392252,0.15043765306472778,1,3.5622100830078125,0,nan,nan,0,nan
1507.563,113,9,4,1,"{'TopLeft': 0.45082607852315754, 'TopRight': 0.4873795443493595, 'BottomLeft': 0.5483019873930293, 'BottomRight': 0.5316406451519528}","{'TopLeft': 0.013987078886803204, 'TopRight': 0.01634720688012062, 'BottomLeft': 0.020689433707652655, 'BottomRight': 0.01854570828660118}",curtain_up,1,-0.43111546834309894,0.15650877356529236,1,3.5812835693359375,0,nan,nan,0,nan
1524.229,113,9,4,1,"{'TopLeft': 0.45082607852315754, 'TopRight': 0.4873795443493595, 'BottomLeft': 0.5483019873930293, 'BottomRight': 0.5316406451519528}","{'TopLeft': 0.013987078886803204, 'TopRight': 0.01634720688012062, 'BottomLeft': 0.020689433707652655, 'BottomRight': 0.01854570828660118}",curtain_up,1,-0.43301603529188365,0.16419130563735962,1,3.592071533203125,0,nan,nan,0,nan
1540.894,113,9,4,1,"{'TopLeft': 0.45082607852315754, 'TopRight': 0.4873795443493595, 'BottomLeft': 0.5483019873930293, 'BottomRight': 0.5316406451519528}","{'TopLeft': 0.013987078886803204, 'TopRight': 0.01634720688012062, 'BottomLeft': 0.020689433707652655, 'BottomRight': 0.01854570828660118}",curtain_up,1,-0.4114606115553114,0.1778036653995514,1,3.5987701416015625,0,nan,nan,0,nan
1557.561,113,9,4,1,"{'TopLeft': 0.45082607852315754, 'TopRight': 0.4873795443493595, 'BottomLeft': 0.5483019873930293, 'BottomRight': 0.5316406451519528}","{'TopLeft': 0.013987078886803204, 'TopRight': 0.01634720688012062, 'BottomLeft': 0.020689433707652655, 'BottomRight': 0.01854570828660118}",curtain_up,1,-0.4216921594407823,0.16487976908683777,1,3.598876953125,0,nan,nan,0,nan
1574.228,113,9,4,1,"{'TopLeft': 0.45082607852315754, 'TopRight': 0.4873795443493595, 'BottomLeft': 0.5483019873930293, 'BottomRight': 0.5316406451519528}","{'TopLeft': 0.013987078886803204, 'TopRight': 0.01634720688012062, 'BottomLeft': 0.020689433707652655, 'BottomRight': 0.01854570828660118}",curtain_up,1,-0.4101697074042426,0.17485493421554565,1,3.596405029296875,0,nan,nan,0,nan
1590.894,113,9,4,1,"{'TopLeft': 0.45082607852315754, 'TopRight': 0.4873795443493595, 'BottomLeft': 0.5483019873930293, 'BottomRight': 0.5316406451519528}","{'TopLeft': 0.013987078886803204, 'TopRight': 0.01634720688012062, 'BottomLeft': 0.020689433707652655, 'BottomRight': 0.01854570828660118}",curtain_up,1,-0.42268000708685977,0.17231610417366028,1,3.601593017578125,0,nan,nan,0,nan
1607.561,113,9,4,1,"{'TopLeft': 0.45082607852315754, 'TopRight': 0.4873795443493595, 'BottomLeft': 0.5483019873930293, 'BottomRight': 0.5316406451519528}","{'TopLeft': 0.013987078886803204, 'TopRight': 0.01634720688012062, 'BottomLeft': 0.020689433707652655, 'BottomRight': 0.01854570828660118}",curtain_up,1,-0.4139848815070258,0.16907364130020142,1,3.6002044677734375,0,nan,nan,0,nan
1624.228,113,9,4,1,"{'TopLeft': 0.45082607852315754, 'TopRight': 0.4873795443493595, 'BottomLeft': 0.5483019873930293, 'BottomRight': 0.5316406451519528}","{'TopLeft': 0.013987078886803204, 'TopRight': 0.01634720688012062, 'BottomLeft': 0.020689433707652655, 'BottomRight': 0.01854570828660118}",blank_screen,1,-0.40575419531928164,0.17117130756378174,1,3.605316162109375,0,nan,nan,0,nan
1640.894,113,9,4,1,"{'TopLeft': 0.45082607852315754, 'TopRight': 0.4873795443493595, 'BottomLeft': 0.5483019873930293, 'BottomRight': 0.5316406451519528}","{'TopLeft': 0.013987078886803204, 'TopRight': 0.01634720688012062, 'BottomLeft': 0.020689433707652655, 'BottomRight': 0.01854570828660118}",blank_screen,1,-0.4109474288092719,0.17983078956604004,1,3.60638427734375,0,nan,nan,0,nan
1657.561,113,9,4,1,"{'TopLeft': 0.45082607852315754, 'TopRight': 0.4873795443493595, 'BottomLeft': 0.5483019873930293, 'BottomRight': 0.5316406451519528}","{'TopLeft': 0.013987078886803204, 'TopRight': 0.01634720688012062, 'BottomLeft': 0.020689433707652655, 'BottomRight': 0.01854570828660118}",blank_screen,1,-0.4199819035000271,0.17790991067886353,1,3.6103973388671875,0,nan,nan,0,nan
1674.228,113,9,4,1,"{'TopLeft': 0.45082607852315754, 'TopRight': 0.4873795443493595, 'BottomLeft': 0.5483019873930293, 'BottomRight': 0.5316406451519528}","{'TopLeft': 0.013987078886803204, 'TopRight': 0.01634720688012062, 'BottomLeft': 0.020689433707652655, 'BottomRight': 0.01854570828660118}",blank_screen,1,-0.4180962244669596,0.1804060935974121,1,3.606597900390625,0,nan,nan,0,nan
1690.894,113,9,4,1,"{'TopLeft': 0.45082607852315754, 'TopRight': 0.4873795443493595, 'BottomLeft': 0.5483019873930293, 'BottomRight': 0.5316406451519528}","{'TopLeft': 0.013987078886803204, 'TopRight': 0.01634720688012062, 'BottomLeft': 0.020689433707652655, 'BottomRight': 0.01854570828660118}",blank_screen,1,-0.4165909025404188,0.16485455632209778,1,3.6163482666015625,0,nan,nan,0,nan
1707.561,113,9,4,1,"{'TopLeft': 0.45082607852315754, 'TopRight': 0.4873795443493595, 'BottomLeft': 0.5483019873930293, 'BottomRight': 0.5316406451519528}","{'TopLeft': 0.013987078886803204, 'TopRight': 0.01634720688012062, 'BottomLeft': 0.020689433707652655, 'BottomRight': 0.01854570828660118}",blank_screen,1,-0.4227757983737521,0.1709335446357727,1,3.611328125,0,nan,nan,0,nan
1724.228,113,9,4,1,"{'TopLeft': 0.45082607852315754, 'TopRight': 0.4873795443493595, 'BottomLeft': 0.5483019873930293, 'BottomRight': 0.5316406451519528}","{'TopLeft': 0.013987078886803204, 'TopRight': 0.01634720688012062, 'BottomLeft': 0.020689433707652655, 'BottomRight': 0.01854570828660118}",blank_screen,1,-0.41072485182020396,0.16796359419822693,1,3.6176300048828125,0,nan,nan,0,nan
1740.894,113,9,4,1,"{'TopLeft': 0.45082607852315754, 'TopRight': 0.4873795443493595, 'BottomLeft': 0.5483019873930293, 'BottomRight': 0.5316406451519528}","{'TopLeft': 0.013987078886803204, 'TopRight': 0.01634720688012062, 'BottomLeft': 0.020689433707652655, 'BottomRight': 0.01854570828660118}",blank_screen,1,-0.3961468272738986,0.16871440410614014,1,3.631622314453125,0,nan,nan,0,nan
1757.56,113,9,4,1,"{'TopLeft': 0.45082607852315754, 'TopRight': 0.4873795443493595, 'BottomLeft': 0.5483019873930293, 'BottomRight': 0.5316406451519528}","{'TopLeft': 0.013987078886803204, 'TopRight': 0.01634720688012062, 'BottomLeft': 0.020689433707652655, 'BottomRight': 0.01854570828660118}",blank_screen,1,-0.41642342673407656,0.1708124577999115,1,3.622161865234375,0,nan,nan,0,nan
1774.227,113,9,4,1,"{'TopLeft': 0.45082607852315754, 'TopRight': 0.4873795443493595, 'BottomLeft': 0.5483019873930293, 'BottomRight': 0.5316406451519528}","{'TopLeft': 0.013987078886803204, 'TopRight': 0.01634720688012062, 'BottomLeft': 0.020689433707652655, 'BottomRight': 0.01854570828660118}",blank_screen,1,-0.40882990095350474,0.17417004704475403,1,3.632415771484375,0,nan,nan,0,nan
1790.893,113,9,4,1,"{'TopLeft': 0.45082607852315754, 'TopRight': 0.4873795443493595, 'BottomLeft': 0.5483019873930293, 'BottomRight': 0.5316406451519528}","{'TopLeft': 0.013987078886803204, 'TopRight': 0.01634720688012062, 'BottomLeft': 0.020689433707652655, 'BottomRight': 0.01854570828660118}",blank_screen,1,-0.41505612267388237,0.16394120454788208,1,3.625701904296875,0,nan,nan,0,nan
1807.56,113,9,4,1,"{'TopLeft': 0.45082607852315754, 'TopRight': 0.4873795443493595, 'BottomLeft': 0.5483019873930293, 'BottomRight': 0.5316406451519528}","{'TopLeft': 0.013987078886803204, 'TopRight': 0.01634720688012062, 'BottomLeft': 0.020689433707652655, 'BottomRight': 0.01854570828660118}",blank_screen,1,-0.6239673296610514,0.21912986040115356,1,3.7037353515625,0,nan,nan,0,nan
1824.227,113,9,4,1,"{'TopLeft': 0.45082607852315754, 'TopRight': 0.4873795443493595, 'BottomLeft': 0.5483019873930293, 'BottomRight': 0.5316406451519528}","{'TopLeft': 0.013987078886803204, 'TopRight': 0.01634720688012062, 'BottomLeft': 0.020689433707652655, 'BottomRight': 0.01854570828660118}",blank_screen,1,-0.7396538919872707,0.2692926377058029,1,3.69085693359375,0,nan,nan,0,nan
1840.893,113,9,4,1,"{'TopLeft': 0.45082607852315754, 'TopRight': 0.4873795443493595, 'BottomLeft': 0.5483019873930293, 'BottomRight': 0.5316406451519528}","{'TopLeft': 0.013987078886803204, 'TopRight': 0.01634720688012062, 'BottomLeft': 0.020689433707652655, 'BottomRight': 0.01854570828660118}",blank_screen,0,nan,nan,0,nan,0,nan,nan,0,nan
1857.56,113,9,4,1,"{'TopLeft': 0.45082607852315754, 'TopRight': 0.4873795443493595, 'BottomLeft': 0.5483019873930293, 'BottomRight': 0.5316406451519528}","{'TopLeft': 0.013987078886803204, 'TopRight': 0.01634720688012062, 'BottomLeft': 0.020689433707652655, 'BottomRight': 0.01854570828660118}",blank_screen,0,nan,nan,0,nan,0,nan,nan,0,nan
1874.228,113,9,4,1,"{'TopLeft': 0.45082607852315754, 'TopRight': 0.4873795443493595, 'BottomLeft': 0.5483019873930293, 'BottomRight': 0.5316406451519528}","{'TopLeft': 0.013987078886803204, 'TopRight': 0.01634720688012062, 'BottomLeft': 0.020689433707652655, 'BottomRight': 0.01854570828660118}",blank_screen,0,nan,nan,0,nan,0,nan,nan,0,nan
1890.893,113,9,4,1,"{'TopLeft': 0.45082607852315754, 'TopRight': 0.4873795443493595, 'BottomLeft': 0.5483019873930293, 'BottomRight': 0.5316406451519528}","{'TopLeft': 0.013987078886803204, 'TopRight': 0.01634720688012062, 'BottomLeft': 0.020689433707652655, 'BottomRight': 0.01854570828660118}",blank_screen,0,nan,nan,0,nan,0,nan,nan,0,nan
1907.56,113,9,4,1,"{'TopLeft': 0.45082607852315754, 'TopRight': 0.4873795443493595, 'BottomLeft': 0.5483019873930293, 'BottomRight': 0.5316406451519528}","{'TopLeft': 0.013987078886803204, 'TopRight': 0.01634720688012062, 'BottomLeft': 0.020689433707652655, 'BottomRight': 0.01854570828660118}",blank_screen,0,nan,nan,0,nan,0,nan,nan,0,nan
1924.227,113,9,4,1,"{'TopLeft': 0.45082607852315754, 'TopRight': 0.4873795443493595, 'BottomLeft': 0.5483019873930293, 'BottomRight': 0.5316406451519528}","{'TopLeft': 0.013987078886803204, 'TopRight': 0.01634720688012062, 'BottomLeft': 0.020689433707652655, 'BottomRight': 0.01854570828660118}",blank_screen,0,nan,nan,0,nan,0,nan,nan,0,nan
1940.893,113,9,4,1,"{'TopLeft': 0.45082607852315754, 'TopRight': 0.4873795443493595, 'BottomLeft': 0.5483019873930293, 'BottomRight': 0.5316406451519528}","{'TopLeft': 0.013987078886803204, 'TopRight': 0.01634720688012062, 'BottomLeft': 0.020689433707652655, 'BottomRight': 0.01854570828660118}",blank_screen,0,nan,nan,0,nan,0,nan,nan,0,nan
1957.56,113,9,4,1,"{'TopLeft': 0.45082607852315754, 'TopRight': 0.4873795443493595, 'BottomLeft': 0.5483019873930293, 'BottomRight': 0.5316406451519528}","{'TopLeft': 0.013987078886803204, 'TopRight': 0.01634720688012062, 'BottomLeft': 0.020689433707652655, 'BottomRight': 0.01854570828660118}",blank_screen,0,nan,nan,0,nan,0,nan,nan,0,nan
1974.227,113,9,4,1,"{'TopLeft': 0.45082607852315754, 'TopRight': 0.4873795443493595, 'BottomLeft': 0.5483019873930293, 'BottomRight': 0.5316406451519528}","{'TopLeft': 0.013987078886803204, 'TopRight': 0.01634720688012062, 'BottomLeft': 0.020689433707652655, 'BottomRight': 0.01854570828660118}",blank_screen,0,nan,nan,0,nan,0,nan,nan,0,nan
1990.893,113,9,4,1,"{'TopLeft': 0.45082607852315754, 'TopRight': 0.4873795443493595, 'BottomLeft': 0.5483019873930293, 'BottomRight': 0.5316406451519528}","{'TopLeft': 0.013987078886803204, 'TopRight': 0.01634720688012062, 'BottomLeft': 0.020689433707652655, 'BottomRight': 0.01854570828660118}",blank_screen,0,nan,nan,0,nan,0,nan,nan,0,nan
2007.56,113,9,4,1,"{'TopLeft': 0.45082607852315754, 'TopRight': 0.4873795443493595, 'BottomLeft': 0.5483019873930293, 'BottomRight': 0.5316406451519528}","{'TopLeft': 0.013987078886803204, 'TopRight': 0.01634720688012062, 'BottomLeft': 0.020689433707652655, 'BottomRight': 0.01854570828660118}",blank_screen,0,nan,nan,0,nan,0,nan,nan,0,nan
2024.226,113,9,4,1,"{'TopLeft': 0.45082607852315754, 'TopRight': 0.4873795443493595, 'BottomLeft': 0.5483019873930293, 'BottomRight': 0.5316406451519528}","{'TopLeft': 0.013987078886803204, 'TopRight': 0.01634720688012062, 'BottomLeft': 0.020689433707652655, 'BottomRight': 0.01854570828660118}",blank_screen,0,nan,nan,0,nan,0,nan,nan,0,nan
2040.892,113,9,4,1,"{'TopLeft': 0.45082607852315754, 'TopRight': 0.4873795443493595, 'BottomLeft': 0.5483019873930293, 'BottomRight': 0.5316406451519528}","{'TopLeft': 0.013987078886803204, 'TopRight': 0.01634720688012062, 'BottomLeft': 0.020689433707652655, 'BottomRight': 0.01854570828660118}",blank_screen,0,nan,nan,0,nan,0,nan,nan,0,nan
2057.558,113,9,4,1,"{'TopLeft': 0.45082607852315754, 'TopRight': 0.4873795443493595, 'BottomLeft': 0.5483019873930293, 'BottomRight': 0.5316406451519528}","{'TopLeft': 0.013987078886803204, 'TopRight': 0.01634720688012062, 'BottomLeft': 0.020689433707652655, 'BottomRight': 0.01854570828660118}",blank_screen,0,nan,nan,0,nan,0,nan,nan,0,nan
2074.225,113,9,4,1,"{'TopLeft': 0.45082607852315754, 'TopRight': 0.4873795443493595, 'BottomLeft': 0.5483019873930293, 'BottomRight': 0.5316406451519528}","{'TopLeft': 0.013987078886803204, 'TopRight': 0.01634720688012062, 'BottomLeft': 0.020689433707652655, 'BottomRight': 0.01854570828660118}",blank_screen,0,nan,nan,0,nan,0,nan,nan,0,nan
2090.891,113,9,4,1,"{'TopLeft': 0.45082607852315754, 'TopRight': 0.4873795443493595, 'BottomLeft': 0.5483019873930293, 'BottomRight': 0.5316406451519528}","{'TopLeft': 0.013987078886803204, 'TopRight': 0.01634720688012062, 'BottomLeft': 0.020689433707652655, 'BottomRight': 0.01854570828660118}",blank_screen,0,nan,nan,0,nan,0,nan,nan,0,nan
2107.558,113,9,4,1,"{'TopLeft': 0.45082607852315754, 'TopRight': 0.4873795443493595, 'BottomLeft': 0.5483019873930293, 'BottomRight': 0.5316406451519528}","{'TopLeft': 0.013987078886803204, 'TopRight': 0.01634720688012062, 'BottomLeft': 0.020689433707652655, 'BottomRight': 0.01854570828660118}",blank_screen,0,nan,nan,0,nan,0,nan,nan,0,nan
2124.224,113,9,4,1,"{'TopLeft': 0.45082607852315754, 'TopRight': 0.4873795443493595, 'BottomLeft': 0.5483019873930293, 'BottomRight': 0.5316406451519528}","{'TopLeft': 0.013987078886803204, 'TopRight': 0.01634720688012062, 'BottomLeft': 0.020689433707652655, 'BottomRight': 0.01854570828660118}",central_attention_getter,0,nan,nan,0,nan,0,nan,nan,0,nan
2140.891,113,9,4,1,"{'TopLeft': 0.45082607852315754, 'TopRight': 0.4873795443493595, 'BottomLeft': 0.5483019873930293, 'BottomRight': 0.5316406451519528}","{'TopLeft': 0.013987078886803204, 'TopRight': 0.01634720688012062, 'BottomLeft': 0.020689433707652655, 'BottomRight': 0.01854570828660118}",central_attention_getter,0,nan,nan,0,nan,0,nan,nan,0,nan
2157.558,113,9,4,1,"{'TopLeft': 0.45082607852315754, 'TopRight': 0.4873795443493595, 'BottomLeft': 0.5483019873930293, 'BottomRight': 0.5316406451519528}","{'TopLeft': 0.013987078886803204, 'TopRight': 0.01634720688012062, 'BottomLeft': 0.020689433707652655, 'BottomRight': 0.01854570828660118}",central_attention_getter,0,nan,nan,0,nan,0,nan,nan,0,nan
2174.224,113,9,4,1,"{'TopLeft': 0.45082607852315754, 'TopRight': 0.4873795443493595, 'BottomLeft': 0.5483019873930293, 'BottomRight': 0.5316406451519528}","{'TopLeft': 0.013987078886803204, 'TopRight': 0.01634720688012062, 'BottomLeft': 0.020689433707652655, 'BottomRight': 0.01854570828660118}",central_attention_getter,0,nan,nan,0,nan,0,nan,nan,0,nan
2190.891,113,9,4,1,"{'TopLeft': 0.45082607852315754, 'TopRight': 0.4873795443493595, 'BottomLeft': 0.5483019873930293, 'BottomRight': 0.5316406451519528}","{'TopLeft': 0.013987078886803204, 'TopRight': 0.01634720688012062, 'BottomLeft': 0.020689433707652655, 'BottomRight': 0.01854570828660118}",central_attention_getter,0,nan,nan,0,nan,0,nan,nan,0,nan
2207.558,113,9,4,1,"{'TopLeft': 0.45082607852315754, 'TopRight': 0.4873795443493595, 'BottomLeft': 0.5483019873930293, 'BottomRight': 0.5316406451519528}","{'TopLeft': 0.013987078886803204, 'TopRight': 0.01634720688012062, 'BottomLeft': 0.020689433707652655, 'BottomRight': 0.01854570828660118}",central_attention_getter,0,nan,nan,0,nan,0,nan,nan,0,nan
2224.217,113,9,4,1,"{'TopLeft': 0.45082607852315754, 'TopRight': 0.4873795443493595, 'BottomLeft': 0.5483019873930293, 'BottomRight': 0.5316406451519528}","{'TopLeft': 0.013987078886803204, 'TopRight': 0.01634720688012062, 'BottomLeft': 0.020689433707652655, 'BottomRight': 0.01854570828660118}",central_attention_getter,0,nan,nan,0,nan,0,nan,nan,0,nan
2240.876,113,9,4,1,"{'TopLeft': 0.45082607852315754, 'TopRight': 0.4873795443493595, 'BottomLeft': 0.5483019873930293, 'BottomRight': 0.5316406451519528}","{'TopLeft': 0.013987078886803204, 'TopRight': 0.01634720688012062, 'BottomLeft': 0.020689433707652655, 'BottomRight': 0.01854570828660118}",central_attention_getter,0,nan,nan,0,nan,0,nan,nan,0,nan
2257.535,113,9,4,1,"{'TopLeft': 0.45082607852315754, 'TopRight': 0.4873795443493595, 'BottomLeft': 0.5483019873930293, 'BottomRight': 0.5316406451519528}","{'TopLeft': 0.013987078886803204, 'TopRight': 0.01634720688012062, 'BottomLeft': 0.020689433707652655, 'BottomRight': 0.01854570828660118}",central_attention_getter,0,nan,nan,0,nan,0,nan,nan,0,nan
2274.201,113,9,4,1,"{'TopLeft': 0.45082607852315754, 'TopRight': 0.4873795443493595, 'BottomLeft': 0.5483019873930293, 'BottomRight': 0.5316406451519528}","{'TopLeft': 0.013987078886803204, 'TopRight': 0.01634720688012062, 'BottomLeft': 0.020689433707652655, 'BottomRight': 0.01854570828660118}",central_attention_getter,0,nan,nan,0,nan,0,nan,nan,0,nan
2290.868,113,9,4,1,"{'TopLeft': 0.45082607852315754, 'TopRight': 0.4873795443493595, 'BottomLeft': 0.5483019873930293, 'BottomRight': 0.5316406451519528}","{'TopLeft': 0.013987078886803204, 'TopRight': 0.01634720688012062, 'BottomLeft': 0.020689433707652655, 'BottomRight': 0.01854570828660118}",central_attention_getter,0,nan,nan,0,nan,0,nan,nan,0,nan
2307.535,113,9,4,1,"{'TopLeft': 0.45082607852315754, 'TopRight': 0.4873795443493595, 'BottomLeft': 0.5483019873930293, 'BottomRight': 0.5316406451519528}","{'TopLeft': 0.013987078886803204, 'TopRight': 0.01634720688012062, 'BottomLeft': 0.020689433707652655, 'BottomRight': 0.01854570828660118}",central_attention_getter,0,nan,nan,0,nan,0,nan,nan,0,nan
2324.201,113,9,4,1,"{'TopLeft': 0.45082607852315754, 'TopRight': 0.4873795443493595, 'BottomLeft': 0.5483019873930293, 'BottomRight': 0.5316406451519528}","{'TopLeft': 0.013987078886803204, 'TopRight': 0.01634720688012062, 'BottomLeft': 0.020689433707652655, 'BottomRight': 0.01854570828660118}",central_attention_getter,0,nan,nan,0,nan,0,nan,nan,0,nan
2340.868,113,9,4,1,"{'TopLeft': 0.45082607852315754, 'TopRight': 0.4873795443493595, 'BottomLeft': 0.5483019873930293, 'BottomRight': 0.5316406451519528}","{'TopLeft': 0.013987078886803204, 'TopRight': 0.01634720688012062, 'BottomLeft': 0.020689433707652655, 'BottomRight': 0.01854570828660118}",central_attention_getter,0,nan,nan,0,nan,0,nan,nan,0,nan
2357.535,113,9,4,1,"{'TopLeft': 0.45082607852315754, 'TopRight': 0.4873795443493595, 'BottomLeft': 0.5483019873930293, 'BottomRight': 0.5316406451519528}","{'TopLeft': 0.013987078886803204, 'TopRight': 0.01634720688012062, 'BottomLeft': 0.020689433707652655, 'BottomRight': 0.01854570828660118}",central_attention_getter,0,nan,nan,0,nan,0,nan,nan,0,nan
2374.201,113,9,4,1,"{'TopLeft': 0.45082607852315754, 'TopRight': 0.4873795443493595, 'BottomLeft': 0.5483019873930293, 'BottomRight': 0.5316406451519528}","{'TopLeft': 0.013987078886803204, 'TopRight': 0.01634720688012062, 'BottomLeft': 0.020689433707652655, 'BottomRight': 0.01854570828660118}",central_attention_getter,0,nan,nan,0,nan,0,nan,nan,0,nan
2390.867,113,9,4,1,"{'TopLeft': 0.45082607852315754, 'TopRight': 0.4873795443493595, 'BottomLeft': 0.5483019873930293, 'BottomRight': 0.5316406451519528}","{'TopLeft': 0.013987078886803204, 'TopRight': 0.01634720688012062, 'BottomLeft': 0.020689433707652655, 'BottomRight': 0.01854570828660118}",central_attention_getter,0,nan,nan,0,nan,0,nan,nan,0,nan
2407.533,113,9,4,1,"{'TopLeft': 0.45082607852315754, 'TopRight': 0.4873795443493595, 'BottomLeft': 0.5483019873930293, 'BottomRight': 0.5316406451519528}","{'TopLeft': 0.013987078886803204, 'TopRight': 0.01634720688012062, 'BottomLeft': 0.020689433707652655, 'BottomRight': 0.01854570828660118}",central_attention_getter,0,nan,nan,0,nan,0,nan,nan,0,nan
2424.199,113,9,4,1,"{'TopLeft': 0.45082607852315754, 'TopRight': 0.4873795443493595, 'BottomLeft': 0.5483019873930293, 'BottomRight': 0.5316406451519528}","{'TopLeft': 0.013987078886803204, 'TopRight': 0.01634720688012062, 'BottomLeft': 0.020689433707652655, 'BottomRight': 0.01854570828660118}",central_attention_getter,0,nan,nan,0,nan,0,nan,nan,0,nan
2440.867,113,9,4,1,"{'TopLeft': 0.45082607852315754, 'TopRight': 0.4873795443493595, 'BottomLeft': 0.5483019873930293, 'BottomRight': 0.5316406451519528}","{'TopLeft': 0.013987078886803204, 'TopRight': 0.01634720688012062, 'BottomLeft': 0.020689433707652655, 'BottomRight': 0.01854570828660118}",central_attention_getter,0,nan,nan,0,nan,0,nan,nan,0,nan
2457.533,113,9,4,1,"{'TopLeft': 0.45082607852315754, 'TopRight': 0.4873795443493595, 'BottomLeft': 0.5483019873930293, 'BottomRight': 0.5316406451519528}","{'TopLeft': 0.013987078886803204, 'TopRight': 0.01634720688012062, 'BottomLeft': 0.020689433707652655, 'BottomRight': 0.01854570828660118}",central_attention_getter,0,nan,nan,0,nan,0,nan,nan,0,nan
2474.2,113,9,4,1,"{'TopLeft': 0.45082607852315754, 'TopRight': 0.4873795443493595, 'BottomLeft': 0.5483019873930293, 'BottomRight': 0.5316406451519528}","{'TopLeft': 0.013987078886803204, 'TopRight': 0.01634720688012062, 'BottomLeft': 0.020689433707652655, 'BottomRight': 0.01854570828660118}",central_attention_getter,0,nan,nan,0,nan,0,nan,nan,0,nan
2490.866,113,9,4,1,"{'TopLeft': 0.45082607852315754, 'TopRight': 0.4873795443493595, 'BottomLeft': 0.5483019873930293, 'BottomRight': 0.5316406451519528}","{'TopLeft': 0.013987078886803204, 'TopRight': 0.01634720688012062, 'BottomLeft': 0.020689433707652655, 'BottomRight': 0.01854570828660118}",central_attention_getter,0,nan,nan,0,nan,0,nan,nan,0,nan
2507.533,113,9,4,1,"{'TopLeft': 0.45082607852315754, 'TopRight': 0.4873795443493595, 'BottomLeft': 0.5483019873930293, 'BottomRight': 0.5316406451519528}","{'TopLeft': 0.013987078886803204, 'TopRight': 0.01634720688012062, 'BottomLeft': 0.020689433707652655, 'BottomRight': 0.01854570828660118}",central_attention_getter,0,nan,nan,0,nan,0,nan,nan,0,nan
2524.199,113,9,4,1,"{'TopLeft': 0.45082607852315754, 'TopRight': 0.4873795443493595, 'BottomLeft': 0.5483019873930293, 'BottomRight': 0.5316406451519528}","{'TopLeft': 0.013987078886803204, 'TopRight': 0.01634720688012062, 'BottomLeft': 0.020689433707652655, 'BottomRight': 0.01854570828660118}",central_attention_getter,0,nan,nan,0,nan,0,nan,nan,0,nan
2540.865,113,9,4,1,"{'TopLeft': 0.45082607852315754, 'TopRight': 0.4873795443493595, 'BottomLeft': 0.5483019873930293, 'BottomRight': 0.5316406451519528}","{'TopLeft': 0.013987078886803204, 'TopRight': 0.01634720688012062, 'BottomLeft': 0.020689433707652655, 'BottomRight': 0.01854570828660118}",central_attention_getter,0,nan,nan,0,nan,0,nan,nan,0,nan
2557.532,113,9,4,1,"{'TopLeft': 0.45082607852315754, 'TopRight': 0.4873795443493595, 'BottomLeft': 0.5483019873930293, 'BottomRight': 0.5316406451519528}","{'TopLeft': 0.013987078886803204, 'TopRight': 0.01634720688012062, 'BottomLeft': 0.020689433707652655, 'BottomRight': 0.01854570828660118}",central_attention_getter,0,nan,nan,0,nan,0,nan,nan,0,nan
2574.199,113,9,4,1,"{'TopLeft': 0.45082607852315754, 'TopRight': 0.4873795443493595, 'BottomLeft': 0.5483019873930293, 'BottomRight': 0.5316406451519528}","{'TopLeft': 0.013987078886803204, 'TopRight': 0.01634720688012062, 'BottomLeft': 0.020689433707652655, 'BottomRight': 0.01854570828660118}",central_attention_getter,0,nan,nan,0,nan,0,nan,nan,0,nan
2590.865,113,9,4,1,"{'TopLeft': 0.45082607852315754, 'TopRight': 0.4873795443493595, 'BottomLeft': 0.5483019873930293, 'BottomRight': 0.5316406451519528}","{'TopLeft': 0.013987078886803204, 'TopRight': 0.01634720688012062, 'BottomLeft': 0.020689433707652655, 'BottomRight': 0.01854570828660118}",central_attention_getter,0,nan,nan,0,nan,0,nan,nan,0,nan
2607.533,113,9,4,1,"{'TopLeft': 0.45082607852315754, 'TopRight': 0.4873795443493595, 'BottomLeft': 0.5483019873930293, 'BottomRight': 0.5316406451519528}","{'TopLeft': 0.013987078886803204, 'TopRight': 0.01634720688012062, 'BottomLeft': 0.020689433707652655, 'BottomRight': 0.01854570828660118}",central_attention_getter,0,nan,nan,0,nan,0,nan,nan,0,nan
2624.2,113,9,4,1,"{'TopLeft': 0.45082607852315754, 'TopRight': 0.4873795443493595, 'BottomLeft': 0.5483019873930293, 'BottomRight': 0.5316406451519528}","{'TopLeft': 0.013987078886803204, 'TopRight': 0.01634720688012062, 'BottomLeft': 0.020689433707652655, 'BottomRight': 0.01854570828660118}",central_attention_getter,0,nan,nan,0,nan,0,nan,nan,0,nan
2640.867,113,9,4,1,"{'TopLeft': 0.45082607852315754, 'TopRight': 0.4873795443493595, 'BottomLeft': 0.5483019873930293, 'BottomRight': 0.5316406451519528}","{'TopLeft': 0.013987078886803204, 'TopRight': 0.01634720688012062, 'BottomLeft': 0.020689433707652655, 'BottomRight': 0.01854570828660118}",central_attention_getter,0,nan,nan,0,nan,0,nan,nan,0,nan
2657.534,113,9,4,1,"{'TopLeft': 0.45082607852315754, 'TopRight': 0.4873795443493595, 'BottomLeft': 0.5483019873930293, 'BottomRight': 0.5316406451519528}","{'TopLeft': 0.013987078886803204, 'TopRight': 0.01634720688012062, 'BottomLeft': 0.020689433707652655, 'BottomRight': 0.01854570828660118}",central_attention_getter,0,nan,nan,0,nan,0,nan,nan,0,nan
2674.202,113,9,4,1,"{'TopLeft': 0.45082607852315754, 'TopRight': 0.4873795443493595, 'BottomLeft': 0.5483019873930293, 'BottomRight': 0.5316406451519528}","{'TopLeft': 0.013987078886803204, 'TopRight': 0.01634720688012062, 'BottomLeft': 0.020689433707652655, 'BottomRight': 0.01854570828660118}",central_attention_getter,0,nan,nan,0,nan,0,nan,nan,0,nan
2690.868,113,9,4,1,"{'TopLeft': 0.45082607852315754, 'TopRight': 0.4873795443493595, 'BottomLeft': 0.5483019873930293, 'BottomRight': 0.5316406451519528}","{'TopLeft': 0.013987078886803204, 'TopRight': 0.01634720688012062, 'BottomLeft': 0.020689433707652655, 'BottomRight': 0.01854570828660118}",central_attention_getter,0,nan,nan,0,nan,0,nan,nan,0,nan
2707.536,113,9,4,1,"{'TopLeft': 0.45082607852315754, 'TopRight': 0.4873795443493595, 'BottomLeft': 0.5483019873930293, 'BottomRight': 0.5316406451519528}","{'TopLeft': 0.013987078886803204, 'TopRight': 0.01634720688012062, 'BottomLeft': 0.020689433707652655, 'BottomRight': 0.01854570828660118}",central_attention_getter,0,nan,nan,0,nan,0,nan,nan,0,nan
2724.204,113,9,4,1,"{'TopLeft': 0.45082607852315754, 'TopRight': 0.4873795443493595, 'BottomLeft': 0.5483019873930293, 'BottomRight': 0.5316406451519528}","{'TopLeft': 0.013987078886803204, 'TopRight': 0.01634720688012062, 'BottomLeft': 0.020689433707652655, 'BottomRight': 0.01854570828660118}",central_attention_getter,0,nan,nan,0,nan,0,nan,nan,0,nan
2740.87,113,9,4,1,"{'TopLeft': 0.45082607852315754, 'TopRight': 0.4873795443493595, 'BottomLeft': 0.5483019873930293, 'BottomRight': 0.5316406451519528}","{'TopLeft': 0.013987078886803204, 'TopRight': 0.01634720688012062, 'BottomLeft': 0.020689433707652655, 'BottomRight': 0.01854570828660118}",central_attention_getter,0,nan,nan,0,nan,0,nan,nan,0,nan
2757.538,113,9,4,1,"{'TopLeft': 0.45082607852315754, 'TopRight': 0.4873795443493595, 'BottomLeft': 0.5483019873930293, 'BottomRight': 0.5316406451519528}","{'TopLeft': 0.013987078886803204, 'TopRight': 0.01634720688012062, 'BottomLeft': 0.020689433707652655, 'BottomRight': 0.01854570828660118}",central_attention_getter,0,nan,nan,0,nan,0,nan,nan,0,nan
2774.205,113,9,4,1,"{'TopLeft': 0.45082607852315754, 'TopRight': 0.4873795443493595, 'BottomLeft': 0.5483019873930293, 'BottomRight': 0.5316406451519528}","{'TopLeft': 0.013987078886803204, 'TopRight': 0.01634720688012062, 'BottomLeft': 0.020689433707652655, 'BottomRight': 0.01854570828660118}",central_attention_getter,0,nan,nan,0,nan,0,nan,nan,0,nan
2790.872,113,9,4,1,"{'TopLeft': 0.45082607852315754, 'TopRight': 0.4873795443493595, 'BottomLeft': 0.5483019873930293, 'BottomRight': 0.5316406451519528}","{'TopLeft': 0.013987078886803204, 'TopRight': 0.01634720688012062, 'BottomLeft': 0.020689433707652655, 'BottomRight': 0.01854570828660118}",central_attention_getter,0,nan,nan,0,nan,0,nan,nan,0,nan
2807.539,113,9,4,1,"{'TopLeft': 0.45082607852315754, 'TopRight': 0.4873795443493595, 'BottomLeft': 0.5483019873930293, 'BottomRight': 0.5316406451519528}","{'TopLeft': 0.013987078886803204, 'TopRight': 0.01634720688012062, 'BottomLeft': 0.020689433707652655, 'BottomRight': 0.01854570828660118}",central_attention_getter,0,nan,nan,0,nan,0,nan,nan,0,nan
2824.206,113,9,4,1,"{'TopLeft': 0.45082607852315754, 'TopRight': 0.4873795443493595, 'BottomLeft': 0.5483019873930293, 'BottomRight': 0.5316406451519528}","{'TopLeft': 0.013987078886803204, 'TopRight': 0.01634720688012062, 'BottomLeft': 0.020689433707652655, 'BottomRight': 0.01854570828660118}",central_attention_getter,0,nan,nan,0,nan,0,nan,nan,0,nan
2840.873,113,9,4,1,"{'TopLeft': 0.45082607852315754, 'TopRight': 0.4873795443493595, 'BottomLeft': 0.5483019873930293, 'BottomRight': 0.5316406451519528}","{'TopLeft': 0.013987078886803204, 'TopRight': 0.01634720688012062, 'BottomLeft': 0.020689433707652655, 'BottomRight': 0.01854570828660118}",central_attention_getter,0,nan,nan,0,nan,0,nan,nan,0,nan
2857.54,113,9,4,1,"{'TopLeft': 0.45082607852315754, 'TopRight': 0.4873795443493595, 'BottomLeft': 0.5483019873930293, 'BottomRight': 0.5316406451519528}","{'TopLeft': 0.013987078886803204, 'TopRight': 0.01634720688012062, 'BottomLeft': 0.020689433707652655, 'BottomRight': 0.01854570828660118}",central_attention_getter,0,nan,nan,0,nan,0,nan,nan,0,nan
2874.208,113,9,4,1,"{'TopLeft': 0.45082607852315754, 'TopRight': 0.4873795443493595, 'BottomLeft': 0.5483019873930293, 'BottomRight': 0.5316406451519528}","{'TopLeft': 0.013987078886803204, 'TopRight': 0.01634720688012062, 'BottomLeft': 0.020689433707652655, 'BottomRight': 0.01854570828660118}",central_attention_getter,0,nan,nan,0,nan,0,nan,nan,0,nan
2890.875,113,9,4,1,"{'TopLeft': 0.45082607852315754, 'TopRight': 0.4873795443493595, 'BottomLeft': 0.5483019873930293, 'BottomRight': 0.5316406451519528}","{'TopLeft': 0.013987078886803204, 'TopRight': 0.01634720688012062, 'BottomLeft': 0.020689433707652655, 'BottomRight': 0.01854570828660118}",central_attention_getter,0,nan,nan,0,nan,0,nan,nan,0,nan
2907.542,113,9,4,1,"{'TopLeft': 0.45082607852315754, 'TopRight': 0.4873795443493595, 'BottomLeft': 0.5483019873930293, 'BottomRight': 0.5316406451519528}","{'TopLeft': 0.013987078886803204, 'TopRight': 0.01634720688012062, 'BottomLeft': 0.020689433707652655, 'BottomRight': 0.01854570828660118}",central_attention_getter,0,nan,nan,0,nan,0,nan,nan,0,nan
2924.21,113,9,4,1,"{'TopLeft': 0.45082607852315754, 'TopRight': 0.4873795443493595, 'BottomLeft': 0.5483019873930293, 'BottomRight': 0.5316406451519528}","{'TopLeft': 0.013987078886803204, 'TopRight': 0.01634720688012062, 'BottomLeft': 0.020689433707652655, 'BottomRight': 0.01854570828660118}",central_attention_getter,0,nan,nan,0,nan,0,nan,nan,0,nan
2940.876,113,9,4,1,"{'TopLeft': 0.45082607852315754, 'TopRight': 0.4873795443493595, 'BottomLeft': 0.5483019873930293, 'BottomRight': 0.5316406451519528}","{'TopLeft': 0.013987078886803204, 'TopRight': 0.01634720688012062, 'BottomLeft': 0.020689433707652655, 'BottomRight': 0.01854570828660118}",central_attention_getter,0,nan,nan,0,nan,0,nan,nan,0,nan
2957.543,113,9,4,1,"{'TopLeft': 0.45082607852315754, 'TopRight': 0.4873795443493595, 'BottomLeft': 0.5483019873930293, 'BottomRight': 0.5316406451519528}","{'TopLeft': 0.013987078886803204, 'TopRight': 0.01634720688012062, 'BottomLeft': 0.020689433707652655, 'BottomRight': 0.01854570828660118}",central_attention_getter,0,nan,nan,0,nan,0,nan,nan,0,nan
2974.21,113,9,4,1,"{'TopLeft': 0.45082607852315754, 'TopRight': 0.4873795443493595, 'BottomLeft': 0.5483019873930293, 'BottomRight': 0.5316406451519528}","{'TopLeft': 0.013987078886803204, 'TopRight': 0.01634720688012062, 'BottomLeft': 0.020689433707652655, 'BottomRight': 0.01854570828660118}",central_attention_getter,0,nan,nan,0,nan,0,nan,nan,0,nan
2990.877,113,9,4,1,"{'TopLeft': 0.45082607852315754, 'TopRight': 0.4873795443493595, 'BottomLeft': 0.5483019873930293, 'BottomRight': 0.5316406451519528}","{'TopLeft': 0.013987078886803204, 'TopRight': 0.01634720688012062, 'BottomLeft': 0.020689433707652655, 'BottomRight': 0.01854570828660118}",central_attention_getter,0,nan,nan,0,nan,0,nan,nan,0,nan
3007.546,113,9,4,1,"{'TopLeft': 0.45082607852315754, 'TopRight': 0.4873795443493595, 'BottomLeft': 0.5483019873930293, 'BottomRight': 0.5316406451519528}","{'TopLeft': 0.013987078886803204, 'TopRight': 0.01634720688012062, 'BottomLeft': 0.020689433707652655, 'BottomRight': 0.01854570828660118}",central_attention_getter,0,nan,nan,0,nan,0,nan,nan,0,nan
3024.214,113,9,4,1,"{'TopLeft': 0.45082607852315754, 'TopRight': 0.4873795443493595, 'BottomLeft': 0.5483019873930293, 'BottomRight': 0.5316406451519528}","{'TopLeft': 0.013987078886803204, 'TopRight': 0.01634720688012062, 'BottomLeft': 0.020689433707652655, 'BottomRight': 0.01854570828660118}",central_attention_getter,0,nan,nan,0,nan,0,nan,nan,0,nan
3040.879,113,9,4,1,"{'TopLeft': 0.45082607852315754, 'TopRight': 0.4873795443493595, 'BottomLeft': 0.5483019873930293, 'BottomRight': 0.5316406451519528}","{'TopLeft': 0.013987078886803204, 'TopRight': 0.01634720688012062, 'BottomLeft': 0.020689433707652655, 'BottomRight': 0.01854570828660118}",central_attention_getter,0,nan,nan,0,nan,0,nan,nan,0,nan
3057.547,113,9,4,1,"{'TopLeft': 0.45082607852315754, 'TopRight': 0.4873795443493595, 'BottomLeft': 0.5483019873930293, 'BottomRight': 0.5316406451519528}","{'TopLeft': 0.013987078886803204, 'TopRight': 0.01634720688012062, 'BottomLeft': 0.020689433707652655, 'BottomRight': 0.01854570828660118}",central_attention_getter,0,nan,nan,0,nan,0,nan,nan,0,nan
3074.215,113,9,4,1,"{'TopLeft': 0.45082607852315754, 'TopRight': 0.4873795443493595, 'BottomLeft': 0.5483019873930293, 'BottomRight': 0.5316406451519528}","{'TopLeft': 0.013987078886803204, 'TopRight': 0.01634720688012062, 'BottomLeft': 0.020689433707652655, 'BottomRight': 0.01854570828660118}",central_attention_getter,0,nan,nan,0,nan,0,nan,nan,0,nan
3090.881,113,9,4,1,"{'TopLeft': 0.45082607852315754, 'TopRight': 0.4873795443493595, 'BottomLeft': 0.5483019873930293, 'BottomRight': 0.5316406451519528}","{'TopLeft': 0.013987078886803204, 'TopRight': 0.01634720688012062, 'BottomLeft': 0.020689433707652655, 'BottomRight': 0.01854570828660118}",central_attention_getter,0,nan,nan,0,nan,0,nan,nan,0,nan
3107.549,113,9,4,1,"{'TopLeft': 0.45082607852315754, 'TopRight': 0.4873795443493595, 'BottomLeft': 0.5483019873930293, 'BottomRight': 0.5316406451519528}","{'TopLeft': 0.013987078886803204, 'TopRight': 0.01634720688012062, 'BottomLeft': 0.020689433707652655, 'BottomRight': 0.01854570828660118}",central_attention_getter,0,nan,nan,0,nan,0,nan,nan,0,nan
3124.217,113,9,4,1,"{'TopLeft': 0.45082607852315754, 'TopRight': 0.4873795443493595, 'BottomLeft': 0.5483019873930293, 'BottomRight': 0.5316406451519528}","{'TopLeft': 0.013987078886803204, 'TopRight': 0.01634720688012062, 'BottomLeft': 0.020689433707652655, 'BottomRight': 0.01854570828660118}",central_attention_getter,0,nan,nan,0,nan,0,nan,nan,0,nan
3140.883,113,9,4,1,"{'TopLeft': 0.45082607852315754, 'TopRight': 0.4873795443493595, 'BottomLeft': 0.5483019873930293, 'BottomRight': 0.5316406451519528}","{'TopLeft': 0.013987078886803204, 'TopRight': 0.01634720688012062, 'BottomLeft': 0.020689433707652655, 'BottomRight': 0.01854570828660118}",central_attention_getter,0,nan,nan,0,nan,0,nan,nan,0,nan
3157.552,113,9,4,1,"{'TopLeft': 0.45082607852315754, 'TopRight': 0.4873795443493595, 'BottomLeft': 0.5483019873930293, 'BottomRight': 0.5316406451519528}","{'TopLeft': 0.013987078886803204, 'TopRight': 0.01634720688012062, 'BottomLeft': 0.020689433707652655, 'BottomRight': 0.01854570828660118}",central_attention_getter,0,nan,nan,0,nan,0,nan,nan,0,nan
3174.219,113,9,4,1,"{'TopLeft': 0.45082607852315754, 'TopRight': 0.4873795443493595, 'BottomLeft': 0.5483019873930293, 'BottomRight': 0.5316406451519528}","{'TopLeft': 0.013987078886803204, 'TopRight': 0.01634720688012062, 'BottomLeft': 0.020689433707652655, 'BottomRight': 0.01854570828660118}",central_attention_getter,0,nan,nan,0,nan,0,nan,nan,0,nan
3190.886,113,9,4,1,"{'TopLeft': 0.45082607852315754, 'TopRight': 0.4873795443493595, 'BottomLeft': 0.5483019873930293, 'BottomRight': 0.5316406451519528}","{'TopLeft': 0.013987078886803204, 'TopRight': 0.01634720688012062, 'BottomLeft': 0.020689433707652655, 'BottomRight': 0.01854570828660118}",central_attention_getter,0,nan,nan,0,nan,0,nan,nan,0,nan
3207.554,113,9,4,1,"{'TopLeft': 0.45082607852315754, 'TopRight': 0.4873795443493595, 'BottomLeft': 0.5483019873930293, 'BottomRight': 0.5316406451519528}","{'TopLeft': 0.013987078886803204, 'TopRight': 0.01634720688012062, 'BottomLeft': 0.020689433707652655, 'BottomRight': 0.01854570828660118}",central_attention_getter,0,nan,nan,0,nan,0,nan,nan,0,nan
3224.221,113,9,4,1,"{'TopLeft': 0.45082607852315754, 'TopRight': 0.4873795443493595, 'BottomLeft': 0.5483019873930293, 'BottomRight': 0.5316406451519528}","{'TopLeft': 0.013987078886803204, 'TopRight': 0.01634720688012062, 'BottomLeft': 0.020689433707652655, 'BottomRight': 0.01854570828660118}",central_attention_getter,0,nan,nan,0,nan,0,nan,nan,0,nan
3240.888,113,9,4,1,"{'TopLeft': 0.45082607852315754, 'TopRight': 0.4873795443493595, 'BottomLeft': 0.5483019873930293, 'BottomRight': 0.5316406451519528}","{'TopLeft': 0.013987078886803204, 'TopRight': 0.01634720688012062, 'BottomLeft': 0.020689433707652655, 'BottomRight': 0.01854570828660118}",central_attention_getter,0,nan,nan,0,nan,0,nan,nan,0,nan
3257.556,113,9,4,1,"{'TopLeft': 0.45082607852315754, 'TopRight': 0.4873795443493595, 'BottomLeft': 0.5483019873930293, 'BottomRight': 0.5316406451519528}","{'TopLeft': 0.013987078886803204, 'TopRight': 0.01634720688012062, 'BottomLeft': 0.020689433707652655, 'BottomRight': 0.01854570828660118}",central_attention_getter,0,nan,nan,0,nan,0,nan,nan,0,nan
3274.223,113,9,4,1,"{'TopLeft': 0.45082607852315754, 'TopRight': 0.4873795443493595, 'BottomLeft': 0.5483019873930293, 'BottomRight': 0.5316406451519528}","{'TopLeft': 0.013987078886803204, 'TopRight': 0.01634720688012062, 'BottomLeft': 0.020689433707652655, 'BottomRight': 0.01854570828660118}",central_attention_getter,0,nan,nan,0,nan,0,nan,nan,0,nan
3290.891,113,9,4,1,"{'TopLeft': 0.45082607852315754, 'TopRight': 0.4873795443493595, 'BottomLeft': 0.5483019873930293, 'BottomRight': 0.5316406451519528}","{'TopLeft': 0.013987078886803204, 'TopRight': 0.01634720688012062, 'BottomLeft': 0.020689433707652655, 'BottomRight': 0.01854570828660118}",central_attention_getter,0,nan,nan,0,nan,0,nan,nan,0,nan
3307.558,113,9,4,1,"{'TopLeft': 0.45082607852315754, 'TopRight': 0.4873795443493595, 'BottomLeft': 0.5483019873930293, 'BottomRight': 0.5316406451519528}","{'TopLeft': 0.013987078886803204, 'TopRight': 0.01634720688012062, 'BottomLeft': 0.020689433707652655, 'BottomRight': 0.01854570828660118}",central_attention_getter,0,nan,nan,0,nan,0,nan,nan,0,nan
3324.225,113,9,4,1,"{'TopLeft': 0.45082607852315754, 'TopRight': 0.4873795443493595, 'BottomLeft': 0.5483019873930293, 'BottomRight': 0.5316406451519528}","{'TopLeft': 0.013987078886803204, 'TopRight': 0.01634720688012062, 'BottomLeft': 0.020689433707652655, 'BottomRight': 0.01854570828660118}",central_attention_getter,0,nan,nan,0,nan,0,nan,nan,0,nan
3340.894,113,9,4,1,"{'TopLeft': 0.45082607852315754, 'TopRight': 0.4873795443493595, 'BottomLeft': 0.5483019873930293, 'BottomRight': 0.5316406451519528}","{'TopLeft': 0.013987078886803204, 'TopRight': 0.01634720688012062, 'BottomLeft': 0.020689433707652655, 'BottomRight': 0.01854570828660118}",central_attention_getter,0,nan,nan,0,nan,0,nan,nan,0,nan
3357.561,113,9,4,1,"{'TopLeft': 0.45082607852315754, 'TopRight': 0.4873795443493595, 'BottomLeft': 0.5483019873930293, 'BottomRight': 0.5316406451519528}","{'TopLeft': 0.013987078886803204, 'TopRight': 0.01634720688012062, 'BottomLeft': 0.020689433707652655, 'BottomRight': 0.01854570828660118}",central_attention_getter,0,nan,nan,0,nan,0,nan,nan,0,nan
3374.228,113,9,4,1,"{'TopLeft': 0.45082607852315754, 'TopRight': 0.4873795443493595, 'BottomLeft': 0.5483019873930293, 'BottomRight': 0.5316406451519528}","{'TopLeft': 0.013987078886803204, 'TopRight': 0.01634720688012062, 'BottomLeft': 0.020689433707652655, 'BottomRight': 0.01854570828660118}",central_attention_getter,0,nan,nan,0,nan,0,nan,nan,0,nan
3390.894,113,9,4,1,"{'TopLeft': 0.45082607852315754, 'TopRight': 0.4873795443493595, 'BottomLeft': 0.5483019873930293, 'BottomRight': 0.5316406451519528}","{'TopLeft': 0.013987078886803204, 'TopRight': 0.01634720688012062, 'BottomLeft': 0.020689433707652655, 'BottomRight': 0.01854570828660118}",central_attention_getter,0,nan,nan,0,nan,0,nan,nan,0,nan
3407.562,113,9,4,1,"{'TopLeft': 0.45082607852315754, 'TopRight': 0.4873795443493595, 'BottomLeft': 0.5483019873930293, 'BottomRight': 0.5316406451519528}","{'TopLeft': 0.013987078886803204, 'TopRight': 0.01634720688012062, 'BottomLeft': 0.020689433707652655, 'BottomRight': 0.01854570828660118}",central_attention_getter,0,nan,nan,0,nan,0,nan,nan,0,nan
3424.228,113,9,4,1,"{'TopLeft': 0.45082607852315754, 'TopRight': 0.4873795443493595, 'BottomLeft': 0.5483019873930293, 'BottomRight': 0.5316406451519528}","{'TopLeft': 0.013987078886803204, 'TopRight': 0.01634720688012062, 'BottomLeft': 0.020689433707652655, 'BottomRight': 0.01854570828660118}",central_attention_getter,0,nan,nan,0,nan,0,nan,nan,0,nan
3440.896,113,9,4,1,"{'TopLeft': 0.45082607852315754, 'TopRight': 0.4873795443493595, 'BottomLeft': 0.5483019873930293, 'BottomRight': 0.5316406451519528}","{'TopLeft': 0.013987078886803204, 'TopRight': 0.01634720688012062, 'BottomLeft': 0.020689433707652655, 'BottomRight': 0.01854570828660118}",central_attention_getter,0,nan,nan,0,nan,0,nan,nan,0,nan
3457.563,113,9,4,1,"{'TopLeft': 0.45082607852315754, 'TopRight': 0.4873795443493595, 'BottomLeft': 0.5483019873930293, 'BottomRight': 0.5316406451519528}","{'TopLeft': 0.013987078886803204, 'TopRight': 0.01634720688012062, 'BottomLeft': 0.020689433707652655, 'BottomRight': 0.01854570828660118}",central_attention_getter,0,nan,nan,0,nan,0,nan,nan,0,nan
3474.229,113,9,4,1,"{'TopLeft': 0.45082607852315754, 'TopRight': 0.4873795443493595, 'BottomLeft': 0.5483019873930293, 'BottomRight': 0.5316406451519528}","{'TopLeft': 0.013987078886803204, 'TopRight': 0.01634720688012062, 'BottomLeft': 0.020689433707652655, 'BottomRight': 0.01854570828660118}",central_attention_getter,0,nan,nan,0,nan,0,nan,nan,0,nan
3490.896,113,9,4,1,"{'TopLeft': 0.45082607852315754, 'TopRight': 0.4873795443493595, 'BottomLeft': 0.5483019873930293, 'BottomRight': 0.5316406451519528}","{'TopLeft': 0.013987078886803204, 'TopRight': 0.01634720688012062, 'BottomLeft': 0.020689433707652655, 'BottomRight': 0.01854570828660118}",central_attention_getter,0,nan,nan,0,nan,0,nan,nan,0,nan
3507.563,113,9,4,1,"{'TopLeft': 0.45082607852315754, 'TopRight': 0.4873795443493595, 'BottomLeft': 0.5483019873930293, 'BottomRight': 0.5316406451519528}","{'TopLeft': 0.013987078886803204, 'TopRight': 0.01634720688012062, 'BottomLeft': 0.020689433707652655, 'BottomRight': 0.01854570828660118}",central_attention_getter,0,nan,nan,0,nan,0,nan,nan,0,nan
3524.23,113,9,4,1,"{'TopLeft': 0.45082607852315754, 'TopRight': 0.4873795443493595, 'BottomLeft': 0.5483019873930293, 'BottomRight': 0.5316406451519528}","{'TopLeft': 0.013987078886803204, 'TopRight': 0.01634720688012062, 'BottomLeft': 0.020689433707652655, 'BottomRight': 0.01854570828660118}",central_attention_getter,0,nan,nan,0,nan,0,nan,nan,0,nan
3540.896,113,9,4,1,"{'TopLeft': 0.45082607852315754, 'TopRight': 0.4873795443493595, 'BottomLeft': 0.5483019873930293, 'BottomRight': 0.5316406451519528}","{'TopLeft': 0.013987078886803204, 'TopRight': 0.01634720688012062, 'BottomLeft': 0.020689433707652655, 'BottomRight': 0.01854570828660118}",central_attention_getter,0,nan,nan,0,nan,0,nan,nan,0,nan
3557.562,113,9,4,1,"{'TopLeft': 0.45082607852315754, 'TopRight': 0.4873795443493595, 'BottomLeft': 0.5483019873930293, 'BottomRight': 0.5316406451519528}","{'TopLeft': 0.013987078886803204, 'TopRight': 0.01634720688012062, 'BottomLeft': 0.020689433707652655, 'BottomRight': 0.01854570828660118}",central_attention_getter,0,nan,nan,0,nan,0,nan,nan,0,nan
3574.228,113,9,4,1,"{'TopLeft': 0.45082607852315754, 'TopRight': 0.4873795443493595, 'BottomLeft': 0.5483019873930293, 'BottomRight': 0.5316406451519528}","{'TopLeft': 0.013987078886803204, 'TopRight': 0.01634720688012062, 'BottomLeft': 0.020689433707652655, 'BottomRight': 0.01854570828660118}",central_attention_getter,0,nan,nan,0,nan,0,nan,nan,0,nan
3590.896,113,9,4,1,"{'TopLeft': 0.45082607852315754, 'TopRight': 0.4873795443493595, 'BottomLeft': 0.5483019873930293, 'BottomRight': 0.5316406451519528}","{'TopLeft': 0.013987078886803204, 'TopRight': 0.01634720688012062, 'BottomLeft': 0.020689433707652655, 'BottomRight': 0.01854570828660118}",central_attention_getter,0,nan,nan,0,nan,0,nan,nan,0,nan
3607.563,113,9,4,1,"{'TopLeft': 0.45082607852315754, 'TopRight': 0.4873795443493595, 'BottomLeft': 0.5483019873930293, 'BottomRight': 0.5316406451519528}","{'TopLeft': 0.013987078886803204, 'TopRight': 0.01634720688012062, 'BottomLeft': 0.020689433707652655, 'BottomRight': 0.01854570828660118}",central_attention_getter,0,nan,nan,0,nan,1,-0.027145279778374564,-0.009559929370880127,1,3.40631103515625
3624.23,113,9,4,1,"{'TopLeft': 0.45082607852315754, 'TopRight': 0.4873795443493595, 'BottomLeft': 0.5483019873930293, 'BottomRight': 0.5316406451519528}","{'TopLeft': 0.013987078886803204, 'TopRight': 0.01634720688012062, 'BottomLeft': 0.020689433707652655, 'BottomRight': 0.01854570828660118}",central_attention_getter,0,nan,nan,0,nan,0,nan,nan,0,nan
3640.896,113,9,4,1,"{'TopLeft': 0.45082607852315754, 'TopRight': 0.4873795443493595, 'BottomLeft': 0.5483019873930293, 'BottomRight': 0.5316406451519528}","{'TopLeft': 0.013987078886803204, 'TopRight': 0.01634720688012062, 'BottomLeft': 0.020689433707652655, 'BottomRight': 0.01854570828660118}",central_attention_getter,0,nan,nan,0,nan,1,-0.005589909023708767,0.01918560266494751,1,3.38031005859375
3657.563,113,9,4,1,"{'TopLeft': 0.45082607852315754, 'TopRight': 0.4873795443493595, 'BottomLeft': 0.5483019873930293, 'BottomRight': 0.5316406451519528}","{'TopLeft': 0.013987078886803204, 'TopRight': 0.01634720688012062, 'BottomLeft': 0.020689433707652655, 'BottomRight': 0.01854570828660118}",central_attention_getter,0,nan,nan,0,nan,0,nan,nan,0,nan
3674.23,113,9,4,1,"{'TopLeft': 0.45082607852315754, 'TopRight': 0.4873795443493595, 'BottomLeft': 0.5483019873930293, 'BottomRight': 0.5316406451519528}","{'TopLeft': 0.013987078886803204, 'TopRight': 0.01634720688012062, 'BottomLeft': 0.020689433707652655, 'BottomRight': 0.01854570828660118}",central_attention_getter,0,nan,nan,0,nan,1,-0.007415983412000868,0.02114236354827881,1,3.3734893798828125
3690.896,113,9,4,1,"{'TopLeft': 0.45082607852315754, 'TopRight': 0.4873795443493595, 'BottomLeft': 0.5483019873930293, 'BottomRight': 0.5316406451519528}","{'TopLeft': 0.013987078886803204, 'TopRight': 0.01634720688012062, 'BottomLeft': 0.020689433707652655, 'BottomRight': 0.01854570828660118}",central_attention_getter,0,nan,nan,0,nan,0,nan,nan,0,nan
3707.564,113,9,4,1,"{'TopLeft': 0.45082607852315754, 'TopRight': 0.4873795443493595, 'BottomLeft': 0.5483019873930293, 'BottomRight': 0.5316406451519528}","{'TopLeft': 0.013987078886803204, 'TopRight': 0.01634720688012062, 'BottomLeft': 0.020689433707652655, 'BottomRight': 0.01854570828660118}",central_attention_getter,0,nan,nan,0,nan,1,-0.0024791293674045136,0.01723611354827881,1,3.37127685546875
3724.231,113,9,4,1,"{'TopLeft': 0.45082607852315754, 'TopRight': 0.4873795443493595, 'BottomLeft': 0.5483019873930293, 'BottomRight': 0.5316406451519528}","{'TopLeft': 0.013987078886803204, 'TopRight': 0.01634720688012062, 'BottomLeft': 0.020689433707652655, 'BottomRight': 0.01854570828660118}",central_attention_getter,0,nan,nan,0,nan,0,nan,nan,0,nan
3740.897,113,9,4,1,"{'TopLeft': 0.45082607852315754, 'TopRight': 0.4873795443493595, 'BottomLeft': 0.5483019873930293, 'BottomRight': 0.5316406451519528}","{'TopLeft': 0.013987078886803204, 'TopRight': 0.01634720688012062, 'BottomLeft': 0.020689433707652655, 'BottomRight': 0.01854570828660118}",central_attention_getter,0,nan,nan,0,nan,1,-0.00436046388414171,0.009552419185638428,1,3.380645751953125
3757.564,113,9,4,1,"{'TopLeft': 0.45082607852315754, 'TopRight': 0.4873795443493595, 'BottomLeft': 0.5483019873930293, 'BottomRight': 0.5316406451519528}","{'TopLeft': 0.013987078886803204, 'TopRight': 0.01634720688012062, 'BottomLeft': 0.020689433707652655, 'BottomRight': 0.01854570828660118}",central_attention_getter,0,nan,nan,0,nan,0,nan,nan,0,nan
3774.231,113,9,4,1,"{'TopLeft': 0.45082607852315754, 'TopRight': 0.4873795443493595, 'BottomLeft': 0.5483019873930293, 'BottomRight': 0.5316406451519528}","{'TopLeft': 0.013987078886803204, 'TopRight': 0.01634720688012062, 'BottomLeft': 0.020689433707652655, 'BottomRight': 0.01854570828660118}",central_attention_getter,0,nan,nan,0,nan,0,nan,nan,0,nan
3790.897,113,9,4,1,"{'TopLeft': 0.45082607852315754, 'TopRight': 0.4873795443493595, 'BottomLeft': 0.5483019873930293, 'BottomRight': 0.5316406451519528}","{'TopLeft': 0.013987078886803204, 'TopRight': 0.01634720688012062, 'BottomLeft': 0.020689433707652655, 'BottomRight': 0.01854570828660118}",central_attention_getter,0,nan,nan,0,nan,0,nan,nan,0,nan
3807.565,113,9,4,1,"{'TopLeft': 0.45082607852315754, 'TopRight': 0.4873795443493595, 'BottomLeft': 0.5483019873930293, 'BottomRight': 0.5316406451519528}","{'TopLeft': 0.013987078886803204, 'TopRight': 0.01634720688012062, 'BottomLeft': 0.020689433707652655, 'BottomRight': 0.01854570828660118}",central_attention_getter,0,nan,nan,0,nan,0,nan,nan,0,nan
3824.232,113,9,4,1,"{'TopLeft': 0.45082607852315754, 'TopRight': 0.4873795443493595, 'BottomLeft': 0.5483019873930293, 'BottomRight': 0.5316406451519528}","{'TopLeft': 0.013987078886803204, 'TopRight': 0.01634720688012062, 'BottomLeft': 0.020689433707652655, 'BottomRight': 0.01854570828660118}",central_attention_getter,0,nan,nan,0,nan,0,nan,nan,0,nan
3840.898,113,9,4,1,"{'TopLeft': 0.45082607852315754, 'TopRight': 0.4873795443493595, 'BottomLeft': 0.5483019873930293, 'BottomRight': 0.5316406451519528}","{'TopLeft': 0.013987078886803204, 'TopRight': 0.01634720688012062, 'BottomLeft': 0.020689433707652655, 'BottomRight': 0.01854570828660118}",central_attention_getter,0,nan,nan,0,nan,0,nan,nan,0,nan
3857.565,113,9,4,1,"{'TopLeft': 0.45082607852315754, 'TopRight': 0.4873795443493595, 'BottomLeft': 0.5483019873930293, 'BottomRight': 0.5316406451519528}","{'TopLeft': 0.013987078886803204, 'TopRight': 0.01634720688012062, 'BottomLeft': 0.020689433707652655, 'BottomRight': 0.01854570828660118}",central_attention_getter,1,-0.039634916517469615,-0.0038137435913085938,1,3.344146728515625,1,-0.006318516201443142,0.012063264846801758,1,3.340118408203125
3874.232,113,9,4,1,"{'TopLeft': 0.45082607852315754, 'TopRight': 0.4873795443493595, 'BottomLeft': 0.5483019873930293, 'BottomRight': 0.5316406451519528}","{'TopLeft': 0.013987078886803204, 'TopRight': 0.01634720688012062, 'BottomLeft': 0.020689433707652655, 'BottomRight': 0.01854570828660118}",central_attention_getter,1,-0.03556124369303385,-0.007340669631958008,1,3.350494384765625,1,-0.015372700161404079,0.013746142387390137,1,3.34832763671875
3890.899,113,9,4,1,"{'TopLeft': 0.45082607852315754, 'TopRight': 0.4873795443493595, 'BottomLeft': 0.5483019873930293, 'BottomRight': 0.5316406451519528}","{'TopLeft': 0.013987078886803204, 'TopRight': 0.01634720688012062, 'BottomLeft': 0.020689433707652655, 'BottomRight': 0.01854570828660118}",central_attention_getter,1,-0.04132260216606987,-0.001917719841003418,1,3.3231353759765625,1,-0.0027689403957790798,0.01822221279144287,1,3.3274993896484375
3907.566,113,9,4,1,"{'TopLeft': 0.45082607852315754, 'TopRight': 0.4873795443493595, 'BottomLeft': 0.5483019873930293, 'BottomRight': 0.5316406451519528}","{'TopLeft': 0.013987078886803204, 'TopRight': 0.01634720688012062, 'BottomLeft': 0.020689433707652655, 'BottomRight': 0.01854570828660118}",central_attention_getter,1,-0.03733868069118924,0.0019089579582214355,1,3.3162994384765625,1,-0.006601121690538194,0.007288098335266113,1,3.337310791015625
3924.233,113,9,4,1,"{'TopLeft': 0.45082607852315754, 'TopRight': 0.4873795443493595, 'BottomLeft': 0.5483019873930293, 'BottomRight': 0.5316406451519528}","{'TopLeft': 0.013987078886803204, 'TopRight': 0.01634720688012062, 'BottomLeft': 0.020689433707652655, 'BottomRight': 0.01854570828660118}",central_attention_getter,1,-0.04024569193522135,-0.004614353179931641,1,3.3206787109375,1,-0.005827903747558594,0.010602831840515137,1,3.311309814453125
3940.899,113,9,4,1,"{'TopLeft': 0.45082607852315754, 'TopRight': 0.4873795443493595, 'BottomLeft': 0.5483019873930293, 'BottomRight': 0.5316406451519528}","{'TopLeft': 0.013987078886803204, 'TopRight': 0.01634720688012062, 'BottomLeft': 0.020689433707652655, 'BottomRight': 0.01854570828660118}",central_attention_getter,1,-0.03230465783013238,0.004418998956680298,1,3.30487060546875,1,-0.006062189737955729,0.016057729721069336,1,3.3069915771484375
3957.566,113,9,4,1,"{'TopLeft': 0.45082607852315754, 'TopRight': 0.4873795443493595, 'BottomLeft': 0.5483019873930293, 'BottomRight': 0.5316406451519528}","{'TopLeft': 0.013987078886803204, 'TopRight': 0.01634720688012062, 'BottomLeft': 0.020689433707652655, 'BottomRight': 0.01854570828660118}",central_attention_getter,1,-0.03805722130669487,-0.0021350979804992676,1,3.3092498779296875,1,-0.0037794113159179688,0.012258946895599365,1,3.2960357666015625
3974.233,113,9,4,1,"{'TopLeft': 0.45082607852315754, 'TopRight': 0.4873795443493595, 'BottomLeft': 0.5483019873930293, 'BottomRight': 0.5316406451519528}","{'TopLeft': 0.013987078886803204, 'TopRight': 0.01634720688012062, 'BottomLeft': 0.020689433707652655, 'BottomRight': 0.01854570828660118}",central_attention_getter,1,-0.039483600192599826,-0.00547260046005249,1,3.305023193359375,1,-0.001682440439860026,0.012941926717758179,1,3.297149658203125
3990.9,113,9,4,1,"{'TopLeft': 0.45082607852315754, 'TopRight': 0.4873795443493595, 'BottomLeft': 0.5483019873930293, 'BottomRight': 0.5316406451519528}","{'TopLeft': 0.013987078886803204, 'TopRight': 0.01634720688012062, 'BottomLeft': 0.020689433707652655, 'BottomRight': 0.01854570828660118}",central_attention_getter,1,-0.038448227776421436,-0.01096034049987793,1,3.2890777587890625,1,-0.008533053927951388,0.002607882022857666,1,3.3028106689453125
4007.567,113,9,4,1,"{'TopLeft': 0.45082607852315754, 'TopRight': 0.4873795443493595, 'BottomLeft': 0.5483019873930293, 'BottomRight': 0.5316406451519528}","{'TopLeft': 0.013987078886803204, 'TopRight': 0.01634720688012062, 'BottomLeft': 0.020689433707652655, 'BottomRight': 0.01854570828660118}",central_attention_getter,1,-0.03484826617770725,-0.000749051570892334,1,3.2795562744140625,1,-0.005168173048231336,0.003605484962463379,1,3.2905120849609375
4024.234,113,9,4,1,"{'TopLeft': 0.45082607852315754, 'TopRight': 0.4873795443493595, 'BottomLeft': 0.5483019873930293, 'BottomRight': 0.5316406451519528}","{'TopLeft': 0.013987078886803204, 'TopRight': 0.01634720688012062, 'BottomLeft': 0.020689433707652655, 'BottomRight': 0.01854570828660118}",central_attention_getter,1,-0.03763469060262044,-0.007529914379119873,1,3.2836761474609375,1,-0.011528121100531684,0.007626175880432129,1,3.2893829345703125
4040.9,113,9,4,1,"{'TopLeft': 0.45082607852315754, 'TopRight': 0.4873795443493595, 'BottomLeft': 0.5483019873930293, 'BottomRight': 0.5316406451519528}","{'TopLeft': 0.013987078886803204, 'TopRight': 0.01634720688012062, 'BottomLeft': 0.020689433707652655, 'BottomRight': 0.01854570828660118}",central_attention_getter,1,-0.03400293986002604,-0.0010834932327270508,1,3.25579833984375,1,-0.007051361931694878,0.011587858200073242,1,3.261199951171875
4057.567,113,9,4,1,"{'TopLeft': 0.45082607852315754, 'TopRight': 0.4873795443493595, 'BottomLeft': 0.5483019873930293, 'BottomRight': 0.5316406451519528}","{'TopLeft': 0.013987078886803204, 'TopRight': 0.01634720688012062, 'BottomLeft': 0.020689433707652655, 'BottomRight': 0.01854570828660118}",central_attention_getter,1,-0.026914066738552515,-0.006979942321777344,1,3.257720947265625,1,-0.01253933376736111,0.002964496612548828,1,3.27801513671875
4074.235,113,9,4,1,"{'TopLeft': 0.45082607852315754, 'TopRight': 0.4873795443493595, 'BottomLeft': 0.5483019873930293, 'BottomRight': 0.5316406451519528}","{'TopLeft': 0.013987078886803204, 'TopRight': 0.01634720688012062, 'BottomLeft': 0.020689433707652655, 'BottomRight': 0.01854570828660118}",central_attention_getter,1,-0.032060888078477644,0.0014614760875701904,1,3.239501953125,1,-0.01220613055759006,0.011122822761535645,1,3.2493133544921875
4090.901,113,9,4,1,"{'TopLeft': 0.45082607852315754, 'TopRight': 0.4873795443493595, 'BottomLeft': 0.5483019873930293, 'BottomRight': 0.5316406451519528}","{'TopLeft': 0.013987078886803204, 'TopRight': 0.01634720688012062, 'BottomLeft': 0.020689433707652655, 'BottomRight': 0.01854570828660118}",central_attention_getter,1,-0.03205055660671658,-0.006157636642456055,1,3.2509307861328125,1,-0.00813611348470052,0.005281567573547363,1,3.2560272216796875
4107.568,113,9,4,1,"{'TopLeft': 0.45082607852315754, 'TopRight': 0.4873795443493595, 'BottomLeft': 0.5483019873930293, 'BottomRight': 0.5316406451519528}","{'TopLeft': 0.013987078886803204, 'TopRight': 0.01634720688012062, 'BottomLeft': 0.020689433707652655, 'BottomRight': 0.01854570828660118}",central_attention_getter,1,-0.02569421132405599,-0.004624605178833008,1,3.243133544921875,1,-0.01295842064751519,0.004694163799285889,1,3.2444915771484375
4124.235,113,9,4,1,"{'TopLeft': 0.45082607852315754, 'TopRight': 0.4873795443493595, 'BottomLeft': 0.5483019873930293, 'BottomRight': 0.5316406451519528}","{'TopLeft': 0.013987078886803204, 'TopRight': 0.01634720688012062, 'BottomLeft': 0.020689433707652655, 'BottomRight': 0.01854570828660118}",central_attention_getter,1,-0.02605930964152018,0.0007191300392150879,1,3.22003173828125,1,-0.005347251892089844,0.00030171871185302734,1,3.2457275390625
4140.901,113,9,4,1,"{'TopLeft': 0.45082607852315754, 'TopRight': 0.4873795443493595, 'BottomLeft': 0.5483019873930293, 'BottomRight': 0.5316406451519528}","{'TopLeft': 0.013987078886803204, 'TopRight': 0.01634720688012062, 'BottomLeft': 0.020689433707652655, 'BottomRight': 0.01854570828660118}",central_attention_getter,1,-0.033757421705457896,-0.0075310468673706055,1,3.21759033203125,1,-0.014328426784939235,0.001074075698852539,1,3.230621337890625
4157.568,113,9,4,1,"{'TopLeft': 0.45082607852315754, 'TopRight': 0.4873795443493595, 'BottomLeft': 0.5483019873930293, 'BottomRight': 0.5316406451519528}","{'TopLeft': 0.013987078886803204, 'TopRight': 0.01634720688012062, 'BottomLeft': 0.020689433707652655, 'BottomRight': 0.01854570828660118}",central_attention_getter,1,-0.033878856235080294,-0.014480113983154297,1,3.2244873046875,1,-0.010742081536187066,-0.0005792379379272461,1,3.22894287109375
4174.236,113,9,4,1,"{'TopLeft': 0.45082607852315754, 'TopRight': 0.4873795443493595, 'BottomLeft': 0.5483019873930293, 'BottomRight': 0.5316406451519528}","{'TopLeft': 0.013987078886803204, 'TopRight': 0.01634720688012062, 'BottomLeft': 0.020689433707652655, 'BottomRight': 0.01854570828660118}",central_attention_getter,1,-0.03211069107055664,-0.005569398403167725,1,3.2044525146484375,1,-0.009191195170084635,-0.002530395984649658,1,3.22216796875
4190.902,113,9,4,1,"{'TopLeft': 0.45082607852315754, 'TopRight': 0.4873795443493595, 'BottomLeft': 0.5483019873930293, 'BottomRight': 0.5316406451519528}","{'TopLeft': 0.013987078886803204, 'TopRight': 0.01634720688012062, 'BottomLeft': 0.020689433707652655, 'BottomRight': 0.01854570828660118}",central_attention_getter,1,-0.02488560146755642,-0.012101709842681885,1,3.209381103515625,1,-0.00105338626437717,-0.003336191177368164,1,3.21575927734375
4207.57,113,9,4,1,"{'TopLeft': 0.45082607852315754, 'TopRight': 0.4873795443493595, 'BottomLeft': 0.5483019873930293, 'BottomRight': 0.5316406451519528}","{'TopLeft': 0.013987078886803204, 'TopRight': 0.01634720688012062, 'BottomLeft': 0.020689433707652655, 'BottomRight': 0.01854570828660118}",central_attention_getter,1,-0.026213222079806857,-0.0051978230476379395,1,3.1959228515625,1,-0.012237071990966797,0.008066505193710327,1,3.188934326171875
4224.237,113,9,4,1,"{'TopLeft': 0.45082607852315754, 'TopRight': 0.4873795443493595, 'BottomLeft': 0.5483019873930293, 'BottomRight': 0.5316406451519528}","{'TopLeft': 0.013987078886803204, 'TopRight': 0.01634720688012062, 'BottomLeft': 0.020689433707652655, 'BottomRight': 0.01854570828660118}",central_attention_getter,1,-0.01904153823852539,-0.015270233154296875,1,3.2019500732421875,1,-0.006107966105143229,-0.00631183385848999,1,3.2054290771484375
4240.904,113,9,4,1,"{'TopLeft': 0.45082607852315754, 'TopRight': 0.4873795443493595, 'BottomLeft': 0.5483019873930293, 'BottomRight': 0.5316406451519528}","{'TopLeft': 0.013987078886803204, 'TopRight': 0.01634720688012062, 'BottomLeft': 0.020689433707652655, 'BottomRight': 0.01854570828660118}",central_attention_getter,1,-0.019838121202256944,-0.00938570499420166,1,3.1802978515625,1,-0.017037921481662326,-0.0029584765434265137,1,3.1927642822265625
4257.572,113,9,4,1,"{'TopLeft': 0.45082607852315754, 'TopRight': 0.4873795443493595, 'BottomLeft': 0.5483019873930293, 'BottomRight': 0.5316406451519528}","{'TopLeft': 0.013987078886803204, 'TopRight': 0.01634720688012062, 'BottomLeft': 0.020689433707652655, 'BottomRight': 0.01854570828660118}",central_attention_getter,1,-0.018998357984754775,-0.01444864273071289,1,3.1868133544921875,1,-0.010662290785047742,-0.00041306018829345703,1,3.188079833984375
4274.24,113,9,4,1,"{'TopLeft': 0.45082607852315754, 'TopRight': 0.4873795443493595, 'BottomLeft': 0.5483019873930293, 'BottomRight': 0.5316406451519528}","{'TopLeft': 0.013987078886803204, 'TopRight': 0.01634720688012062, 'BottomLeft': 0.020689433707652655, 'BottomRight': 0.01854570828660118}",central_attention_getter,1,-0.01431857215033637,-0.008931577205657959,1,3.171783447265625,1,-0.013887405395507812,0.004909157752990723,1,3.171173095703125
4290.906,113,9,4,1,"{'TopLeft': 0.45082607852315754, 'TopRight': 0.4873795443493595, 'BottomLeft': 0.5483019873930293, 'BottomRight': 0.5316406451519528}","{'TopLeft': 0.013987078886803204, 'TopRight': 0.01634720688012062, 'BottomLeft': 0.020689433707652655, 'BottomRight': 0.01854570828660118}",central_attention_getter,1,-0.006075541178385416,-0.016301453113555908,1,3.1783599853515625,1,-0.019692473941379122,-0.006260037422180176,1,3.1839599609375
4307.574,113,9,4,1,"{'TopLeft': 0.45082607852315754, 'TopRight': 0.4873795443493595, 'BottomLeft': 0.5483019873930293, 'BottomRight': 0.5316406451519528}","{'TopLeft': 0.013987078886803204, 'TopRight': 0.01634720688012062, 'BottomLeft': 0.020689433707652655, 'BottomRight': 0.01854570828660118}",central_attention_getter,1,-0.01805787616305881,-0.009439408779144287,1,3.1659698486328125,1,-0.013868119981553819,0.005636453628540039,1,3.16094970703125
4324.241,113,9,4,1,"{'TopLeft': 0.45082607852315754, 'TopRight': 0.4873795443493595, 'BottomLeft': 0.5483019873930293, 'BottomRight': 0.5316406451519528}","{'TopLeft': 0.013987078886803204, 'TopRight': 0.01634720688012062, 'BottomLeft': 0.020689433707652655, 'BottomRight': 0.01854570828660118}",central_attention_getter,1,-0.005888303120930989,-0.016890764236450195,1,3.17706298828125,1,-0.01675022972954644,-0.004630446434020996,1,3.1678466796875
4340.908,113,9,4,1,"{'TopLeft': 0.45082607852315754, 'TopRight': 0.4873795443493595, 'BottomLeft': 0.5483019873930293, 'BottomRight': 0.5316406451519528}","{'TopLeft': 0.013987078886803204, 'TopRight': 0.01634720688012062, 'BottomLeft': 0.020689433707652655, 'BottomRight': 0.01854570828660118}",central_attention_getter,1,-0.015089670817057291,-0.015473008155822754,1,3.17022705078125,1,-0.011898782518174913,-0.0036345720291137695,1,3.16583251953125
4357.576,113,9,4,1,"{'TopLeft': 0.45082607852315754, 'TopRight': 0.4873795443493595, 'BottomLeft': 0.5483019873930293, 'BottomRight': 0.5316406451519528}","{'TopLeft': 0.013987078886803204, 'TopRight': 0.01634720688012062, 'BottomLeft': 0.020689433707652655, 'BottomRight': 0.01854570828660118}",central_attention_getter,1,-0.00987667507595486,-0.016328513622283936,1,3.1729278564453125,1,-0.01025533676147461,-0.005215883255004883,1,3.162506103515625
4374.244,113,9,4,1,"{'TopLeft': 0.45082607852315754, 'TopRight': 0.4873795443493595, 'BottomLeft': 0.5483019873930293, 'BottomRight': 0.5316406451519528}","{'TopLeft': 0.013987078886803204, 'TopRight': 0.01634720688012062, 'BottomLeft': 0.020689433707652655, 'BottomRight': 0.01854570828660118}",central_attention_getter,1,-0.014934221903483072,-0.008041024208068848,1,3.1580047607421875,1,-0.011160320705837673,-0.0028527379035949707,1,3.1560821533203125
4390.91,113,9,4,1,"{'TopLeft': 0.45082607852315754, 'TopRight': 0.4873795443493595, 'BottomLeft': 0.5483019873930293, 'BottomRight': 0.5316406451519528}","{'TopLeft': 0.013987078886803204, 'TopRight': 0.01634720688012062, 'BottomLeft': 0.020689433707652655, 'BottomRight': 0.01854570828660118}",central_attention_getter,1,-0.013310114542643229,-0.01649916172027588,1,3.1670684814453125,1,-0.012284702724880641,-0.0013011693954467773,1,3.1543426513671875
4407.578,113,9,4,1,"{'TopLeft': 0.45082607852315754, 'TopRight': 0.4873795443493595, 'BottomLeft': 0.5483019873930293, 'BottomRight': 0.5316406451519528}","{'TopLeft': 0.013987078886803204, 'TopRight': 0.01634720688012062, 'BottomLeft': 0.020689433707652655, 'BottomRight': 0.01854570828660118}",central_attention_getter,1,-0.0162559085422092,-0.01640111207962036,1,3.1600799560546875,1,-0.003843095567491319,-0.0013991594314575195,1,3.144561767578125
4424.246,113,9,4,1,"{'TopLeft': 0.45082607852315754, 'TopRight': 0.4873795443493595, 'BottomLeft': 0.5483019873930293, 'BottomRight': 0.5316406451519528}","{'TopLeft': 0.013987078886803204, 'TopRight': 0.01634720688012062, 'BottomLeft': 0.020689433707652655, 'BottomRight': 0.01854570828660118}",central_attention_getter,1,-0.016785091824001737,-0.018117904663085938,1,3.158966064453125,1,-0.011015892028808594,-0.006081104278564453,1,3.143096923828125
4440.912,113,9,4,1,"{'TopLeft': 0.45082607852315754, 'TopRight': 0.4873795443493595, 'BottomLeft': 0.5483019873930293, 'BottomRight': 0.5316406451519528}","{'TopLeft': 0.013987078886803204, 'TopRight': 0.01634720688012062, 'BottomLeft': 0.020689433707652655, 'BottomRight': 0.01854570828660118}",central_attention_getter,1,-0.01644685533311632,-0.005211949348449707,1,3.14312744140625,1,-0.008078363206651475,-0.004302680492401123,1,3.1379852294921875
4457.581,113,9,4,1,"{'TopLeft': 0.45082607852315754, 'TopRight': 0.4873795443493595, 'BottomLeft': 0.5483019873930293, 'BottomRight': 0.5316406451519528}","{'TopLeft': 0.013987078886803204, 'TopRight': 0.01634720688012062, 'BottomLeft': 0.020689433707652655, 'BottomRight': 0.01854570828660118}",central_attention_getter,1,-0.018023014068603516,-0.014453768730163574,1,3.1569976806640625,1,-0.009466489156087238,-0.004501819610595703,1,3.1357574462890625
4474.248,113,9,4,1,"{'TopLeft': 0.45082607852315754, 'TopRight': 0.4873795443493595, 'BottomLeft': 0.5483019873930293, 'BottomRight': 0.5316406451519528}","{'TopLeft': 0.013987078886803204, 'TopRight': 0.01634720688012062, 'BottomLeft': 0.020689433707652655, 'BottomRight': 0.01854570828660118}",central_attention_getter,1,-0.01747152540418837,-0.0057215094566345215,1,3.1404876708984375,1,-0.010197374555799695,0.0028382539749145508,1,3.12005615234375
4490.915,113,9,4,1,"{'TopLeft': 0.45082607852315754, 'TopRight': 0.4873795443493595, 'BottomLeft': 0.5483019873930293, 'BottomRight': 0.5316406451519528}","{'TopLeft': 0.013987078886803204, 'TopRight': 0.01634720688012062, 'BottomLeft': 0.020689433707652655, 'BottomRight': 0.01854570828660118}",central_attention_getter,1,-0.013289875454372829,-0.017540276050567627,1,3.1504364013671875,1,-0.014802932739257812,-0.0053861141204833984,1,3.1277618408203125
4507.582,113,9,4,1,"{'TopLeft': 0.45082607852315754, 'TopRight': 0.4873795443493595, 'BottomLeft': 0.5483019873930293, 'BottomRight': 0.5316406451519528}","{'TopLeft': 0.013987078886803204, 'TopRight': 0.01634720688012062, 'BottomLeft': 0.020689433707652655, 'BottomRight': 0.01854570828660118}",central_attention_getter,1,-0.0053089989556206595,-0.018824994564056396,1,3.153778076171875,1,-0.009312046898735894,-0.004268765449523926,1,3.123748779296875
4524.25,113,9,4,1,"{'TopLeft': 0.45082607852315754, 'TopRight': 0.4873795443493595, 'BottomLeft': 0.5483019873930293, 'BottomRight': 0.5316406451519528}","{'TopLeft': 0.013987078886803204, 'TopRight': 0.01634720688012062, 'BottomLeft': 0.020689433707652655, 'BottomRight': 0.01854570828660118}",central_attention_getter,1,-0.005167961120605469,-0.014554023742675781,1,3.152313232421875,1,-0.014399157630072698,-0.007278501987457275,1,3.12408447265625
4540.918,113,9,4,1,"{'TopLeft': 0.45082607852315754, 'TopRight': 0.4873795443493595, 'BottomLeft': 0.5483019873930293, 'BottomRight': 0.5316406451519528}","{'TopLeft': 0.013987078886803204, 'TopRight': 0.01634720688012062, 'BottomLeft': 0.020689433707652655, 'BottomRight': 0.01854570828660118}",central_attention_getter,1,-0.015248934427897135,-0.007974088191986084,1,3.1395263671875,1,-0.012451489766438801,0.0039525628089904785,1,3.107147216796875
4557.585,113,9,4,1,"{'TopLeft': 0.45082607852315754, 'TopRight': 0.4873795443493595, 'BottomLeft': 0.5483019873930293, 'BottomRight': 0.5316406451519528}","{'TopLeft': 0.013987078886803204, 'TopRight': 0.01634720688012062, 'BottomLeft': 0.020689433707652655, 'BottomRight': 0.01854570828660118}",central_attention_getter,1,-0.006060017479790581,-0.015002787113189697,1,3.1591949462890625,1,-0.0124359130859375,-0.001638174057006836,1,3.11920166015625
4574.253,113,9,4,1,"{'TopLeft': 0.45082607852315754, 'TopRight': 0.4873795443493595, 'BottomLeft': 0.5483019873930293, 'BottomRight': 0.5316406451519528}","{'TopLeft': 0.013987078886803204, 'TopRight': 0.01634720688012062, 'BottomLeft': 0.020689433707652655, 'BottomRight': 0.01854570828660118}",central_attention_getter,1,-0.005655394660101996,-0.016774654388427734,1,3.1506500244140625,1,-0.008632236056857638,-0.0033687353134155273,1,3.1233673095703125
4590.919,113,9,4,1,"{'TopLeft': 0.45082607852315754, 'TopRight': 0.4873795443493595, 'BottomLeft': 0.5483019873930293, 'BottomRight': 0.5316406451519528}","{'TopLeft': 0.013987078886803204, 'TopRight': 0.01634720688012062, 'BottomLeft': 0.020689433707652655, 'BottomRight': 0.01854570828660118}",central_attention_getter,1,-0.0056255128648546,-0.012452423572540283,1,3.158660888671875,1,-0.011193805270724826,-0.003924012184143066,1,3.120330810546875
4607.587,113,9,4,1,"{'TopLeft': 0.45082607852315754, 'TopRight': 0.4873795443493595, 'BottomLeft': 0.5483019873930293, 'BottomRight': 0.5316406451519528}","{'TopLeft': 0.013987078886803204, 'TopRight': 0.01634720688012062, 'BottomLeft': 0.020689433707652655, 'BottomRight': 0.01854570828660118}",central_attention_getter,1,-0.010007964240180122,-0.013576507568359375,1,3.148193359375,1,-0.007922172546386719,-0.0020542144775390625,1,3.10980224609375
4624.255,113,9,4,1,"{'TopLeft': 0.45082607852315754, 'TopRight': 0.4873795443493595, 'BottomLeft': 0.5483019873930293, 'BottomRight': 0.5316406451519528}","{'TopLeft': 0.013987078886803204, 'TopRight': 0.01634720688012062, 'BottomLeft': 0.020689433707652655, 'BottomRight': 0.01854570828660118}",central_attention_getter,1,0.002755059136284722,-0.01540231704711914,1,3.158477783203125,1,-0.011430104573567707,-0.003421306610107422,1,3.109832763671875
4640.922,113,9,4,1,"{'TopLeft': 0.45082607852315754, 'TopRight': 0.4873795443493595, 'BottomLeft': 0.5483019873930293, 'BottomRight': 0.5316406451519528}","{'TopLeft': 0.013987078886803204, 'TopRight': 0.01634720688012062, 'BottomLeft': 0.020689433707652655, 'BottomRight': 0.01854570828660118}",central_attention_getter,1,-0.0002626842922634549,-0.009920299053192139,1,3.148834228515625,1,-0.01310480965508355,0.006717979907989502,1,3.1045074462890625
4657.59,113,9,4,1,"{'TopLeft': 0.45082607852315754, 'TopRight': 0.4873795443493595, 'BottomLeft': 0.5483019873930293, 'BottomRight': 0.5316406451519528}","{'TopLeft': 0.013987078886803204, 'TopRight': 0.01634720688012062, 'BottomLeft': 0.020689433707652655, 'BottomRight': 0.01854570828660118}",central_attention_getter,1,0.0005164676242404514,-0.015089213848114014,1,3.163238525390625,1,-0.008145067426893447,-0.0026336312294006348,1,3.112274169921875
4674.258,113,9,4,1,"{'TopLeft': 0.45082607852315754, 'TopRight': 0.4873795443493595, 'BottomLeft': 0.5483019873930293, 'BottomRight': 0.5316406451519528}","{'TopLeft': 0.013987078886803204, 'TopRight': 0.01634720688012062, 'BottomLeft': 0.020689433707652655, 'BottomRight': 0.01854570828660118}",central_attention_getter,1,0.004884825812445746,-0.017138183116912842,1,3.1649169921875,1,-0.010138617621527778,0.0008347928524017334,1,3.101776123046875
4690.924,113,9,4,1,"{'TopLeft': 0.45082607852315754, 'TopRight': 0.4873795443493595, 'BottomLeft': 0.5483019873930293, 'BottomRight': 0.5316406451519528}","{'TopLeft': 0.013987078886803204, 'TopRight': 0.01634720688012062, 'BottomLeft': 0.020689433707652655, 'BottomRight': 0.01854570828660118}",central_attention_getter,1,-0.0036605199178059893,-0.011930346488952637,1,3.157257080078125,1,-0.007614241706000433,-0.004980802536010742,1,3.1132659912109375
4707.592,113,9,4,1,"{'TopLeft': 0.45082607852315754, 'TopRight': 0.4873795443493595, 'BottomLeft': 0.5483019873930293, 'BottomRight': 0.5316406451519528}","{'TopLeft': 0.013987078886803204, 'TopRight': 0.01634720688012062, 'BottomLeft': 0.020689433707652655, 'BottomRight': 0.01854570828660118}",central_attention_getter,1,-0.010463555653889973,-0.00959855318069458,1,3.1719818115234375,1,-0.004919158087836371,0.00781869888305664,1,3.094512939453125
4724.261,113,9,4,1,"{'TopLeft': 0.45082607852315754, 'TopRight': 0.4873795443493595, 'BottomLeft': 0.5483019873930293, 'BottomRight': 0.5316406451519528}","{'TopLeft': 0.013987078886803204, 'TopRight': 0.01634720688012062, 'BottomLeft': 0.020689433707652655, 'BottomRight': 0.01854570828660118}",central_attention_getter,1,-0.019536813100179035,0.0017496943473815918,1,3.17535400390625,1,-0.005100091298421224,0.018676817417144775,1,3.1029052734375
4740.927,113,9,4,1,"{'TopLeft': 0.45082607852315754, 'TopRight': 0.4873795443493595, 'BottomLeft': 0.5483019873930293, 'BottomRight': 0.5316406451519528}","{'TopLeft': 0.013987078886803204, 'TopRight': 0.01634720688012062, 'BottomLeft': 0.020689433707652655, 'BottomRight': 0.01854570828660118}",central_attention_getter,1,-0.006304317050509982,-0.01122814416885376,1,3.1707611083984375,1,-0.006078296237521701,0.004913240671157837,1,3.114044189453125
4757.595,113,9,4,1,"{'TopLeft': 0.45082607852315754, 'TopRight': 0.4873795443493595, 'BottomLeft': 0.5483019873930293, 'BottomRight': 0.5316406451519528}","{'TopLeft': 0.013987078886803204, 'TopRight': 0.01634720688012062, 'BottomLeft': 0.020689433707652655, 'BottomRight': 0.01854570828660118}",central_attention_getter,1,-0.006582154168023003,-0.007571101188659668,1,3.1798095703125,1,-0.004368729061550564,0.008253931999206543,1,3.1168060302734375
4774.263,113,9,4,1,"{'TopLeft': 0.45082607852315754, 'TopRight': 0.4873795443493595, 'BottomLeft': 0.5483019873930293, 'BottomRight': 0.5316406451519528}","{'TopLeft': 0.013987078886803204, 'TopRight': 0.01634720688012062, 'BottomLeft': 0.020689433707652655, 'BottomRight': 0.01854570828660118}",central_attention_getter,1,-0.015612284342447916,-0.0024908781051635742,1,3.182159423828125,1,-0.011523458692762585,0.005865812301635742,1,3.1259918212890625
4790.93,113,9,4,1,"{'TopLeft': 0.45082607852315754, 'TopRight': 0.4873795443493595, 'BottomLeft': 0.5483019873930293, 'BottomRight': 0.5316406451519528}","{'TopLeft': 0.013987078886803204, 'TopRight': 0.01634720688012062, 'BottomLeft': 0.020689433707652655, 'BottomRight': 0.01854570828660118}",central_attention_getter,1,-0.01424301995171441,-0.00550764799118042,1,3.1856231689453125,1,-0.003843095567491319,0.005684792995452881,1,3.124786376953125
4807.597,113,9,4,1,"{'TopLeft': 0.45082607852315754, 'TopRight': 0.4873795443493595, 'BottomLeft': 0.5483019873930293, 'BottomRight': 0.5316406451519528}","{'TopLeft': 0.013987078886803204, 'TopRight': 0.01634720688012062, 'BottomLeft': 0.020689433707652655, 'BottomRight': 0.01854570828660118}",central_attention_getter,1,-0.01210710737440321,-0.006178557872772217,1,3.1908721923828125,1,-0.0026301807827419704,0.01335763931274414,1,3.11724853515625
4824.266,113,9,4,1,"{'TopLeft': 0.45082607852315754, 'TopRight': 0.4873795443493595, 'BottomLeft': 0.5483019873930293, 'BottomRight': 0.5316406451519528}","{'TopLeft': 0.013987078886803204, 'TopRight': 0.01634720688012062, 'BottomLeft': 0.020689433707652655, 'BottomRight': 0.01854570828660118}",central_attention_getter,1,-0.004847261640760633,-0.003520190715789795,1,3.1946258544921875,1,-0.003406524658203125,0.009911596775054932,1,3.1329498291015625
4840.932,113,9,4,1,"{'TopLeft': 0.45082607852315754, 'TopRight': 0.4873795443493595, 'BottomLeft': 0.5483019873930293, 'BottomRight': 0.5316406451519528}","{'TopLeft': 0.013987078886803204, 'TopRight': 0.01634720688012062, 'BottomLeft': 0.020689433707652655, 'BottomRight': 0.01854570828660118}",central_attention_getter,1,-0.008828004201253254,-0.0024228692054748535,1,3.1975250244140625,1,0.0016527175903320312,0.014665663242340088,1,3.1316986083984375
4857.6,113,9,4,1,"{'TopLeft': 0.45082607852315754, 'TopRight': 0.4873795443493595, 'BottomLeft': 0.5483019873930293, 'BottomRight': 0.5316406451519528}","{'TopLeft': 0.013987078886803204, 'TopRight': 0.01634720688012062, 'BottomLeft': 0.020689433707652655, 'BottomRight': 0.01854570828660118}",central_attention_getter,1,-0.006952391730414496,-0.006375789642333984,1,3.2104339599609375,1,0.002407497829861111,0.012567579746246338,1,3.1349639892578125
4874.268,113,9,4,1,"{'TopLeft': 0.45082607852315754, 'TopRight': 0.4873795443493595, 'BottomLeft': 0.5483019873930293, 'BottomRight': 0.5316406451519528}","{'TopLeft': 0.013987078886803204, 'TopRight': 0.01634720688012062, 'BottomLeft': 0.020689433707652655, 'BottomRight': 0.01854570828660118}",central_attention_getter,1,-0.011437310112847222,-0.005230426788330078,1,3.2123260498046875,1,0.0049457550048828125,0.015705347061157227,1,3.1403961181640625
4890.935,113,9,4,1,"{'TopLeft': 0.45082607852315754, 'TopRight': 0.4873795443493595, 'BottomLeft': 0.5483019873930293, 'BottomRight': 0.5316406451519528}","{'TopLeft': 0.013987078886803204, 'TopRight': 0.01634720688012062, 'BottomLeft': 0.020689433707652655, 'BottomRight': 0.01854570828660118}",central_attention_getter,1,-0.0036412345038519963,-0.006074130535125732,1,3.2214813232421875,1,0.005185233222113715,0.0149383544921875,1,3.1454010009765625
4907.603,113,9,4,1,"{'TopLeft': 0.45082607852315754, 'TopRight': 0.4873795443493595, 'BottomLeft': 0.5483019873930293, 'BottomRight': 0.5316406451519528}","{'TopLeft': 0.013987078886803204, 'TopRight': 0.01634720688012062, 'BottomLeft': 0.020689433707652655, 'BottomRight': 0.01854570828660118}",central_attention_getter,1,-0.011549313863118488,-0.0013298988342285156,1,3.2119598388671875,1,0.012099372016059028,0.014606773853302002,1,3.1485137939453125
4924.271,113,9,4,1,"{'TopLeft': 0.45082607852315754, 'TopRight': 0.4873795443493595, 'BottomLeft': 0.5483019873930293, 'BottomRight': 0.5316406451519528}","{'TopLeft': 0.013987078886803204, 'TopRight': 0.01634720688012062, 'BottomLeft': 0.020689433707652655, 'BottomRight': 0.01854570828660118}",central_attention_getter,1,-0.001144621107313368,-0.004829287528991699,1,3.2317962646484375,1,0.009838634067111544,0.0004832744598388672,1,3.175048828125
4940.938,113,9,4,1,"{'TopLeft': 0.45082607852315754, 'TopRight': 0.4873795443493595, 'BottomLeft': 0.5483019873930293, 'BottomRight': 0.5316406451519528}","{'TopLeft': 0.013987078886803204, 'TopRight': 0.01634720688012062, 'BottomLeft': 0.020689433707652655, 'BottomRight': 0.01854570828660118}",central_attention_getter,1,-0.009823587205674913,-0.001896202564239502,1,3.217315673828125,1,0.0042658911810980905,0.014045953750610352,1,3.1614837646484375
4957.606,113,9,4,1,"{'TopLeft': 0.45082607852315754, 'TopRight': 0.4873795443493595, 'BottomLeft': 0.5483019873930293, 'BottomRight': 0.5316406451519528}","{'TopLeft': 0.013987078886803204, 'TopRight': 0.01634720688012062, 'BottomLeft': 0.020689433707652655, 'BottomRight': 0.01854570828660118}",central_attention_getter,1,-0.0029203626844618055,-0.007045149803161621,1,3.235382080078125,1,0.006576750013563368,0.011434018611907959,1,3.1783294677734375
4974.274,113,9,4,1,"{'TopLeft': 0.45082607852315754, 'TopRight': 0.4873795443493595, 'BottomLeft': 0.5483019873930293, 'BottomRight': 0.5316406451519528}","{'TopLeft': 0.013987078886803204, 'TopRight': 0.01634720688012062, 'BottomLeft': 0.020689433707652655, 'BottomRight': 0.01854570828660118}",central_attention_getter,1,-0.003048631880018446,-0.007624387741088867,1,3.2370147705078125,1,0.008868429395887585,0.012146353721618652,1,3.1834259033203125
4990.94,113,9,4,1,"{'TopLeft': 0.45082607852315754, 'TopRight': 0.4873795443493595, 'BottomLeft': 0.5483019873930293, 'BottomRight': 0.5316406451519528}","{'TopLeft': 0.013987078886803204, 'TopRight': 0.01634720688012062, 'BottomLeft': 0.020689433707652655, 'BottomRight': 0.01854570828660118}",central_attention_getter,1,0.002483897738986545,-0.004366755485534668,1,3.2381591796875,1,0.008683204650878906,0.0026754140853881836,1,3.2018280029296875
5007.609,113,9,4,1,"{'TopLeft': 0.45082607852315754, 'TopRight': 0.4873795443493595, 'BottomLeft': 0.5483019873930293, 'BottomRight': 0.5316406451519528}","{'TopLeft': 0.013987078886803204, 'TopRight': 0.01634720688012062, 'BottomLeft': 0.020689433707652655, 'BottomRight': 0.01854570828660118}",central_attention_getter,1,-0.002872784932454427,-0.005453944206237793,1,3.234466552734375,1,0.007694244384765625,0.013736486434936523,1,3.19073486328125
5024.277,113,9,4,1,"{'TopLeft': 0.45082607852315754, 'TopRight': 0.4873795443493595, 'BottomLeft': 0.5483019873930293, 'BottomRight': 0.5316406451519528}","{'TopLeft': 0.013987078886803204, 'TopRight': 0.01634720688012062, 'BottomLeft': 0.020689433707652655, 'BottomRight': 0.01854570828660118}",central_attention_getter,1,-0.009530014461941188,-0.0105513334274292,1,3.244873046875,1,0.014414257473415798,0.006960421800613403,1,3.2141265869140625
5040.944,113,9,4,1,"{'TopLeft': 0.45082607852315754, 'TopRight': 0.4873795443493595, 'BottomLeft': 0.5483019873930293, 'BottomRight': 0.5316406451519528}","{'TopLeft': 0.013987078886803204, 'TopRight': 0.01634720688012062, 'BottomLeft': 0.020689433707652655, 'BottomRight': 0.01854570828660118}",central_attention_getter,1,-0.0010329352484809028,-0.006426692008972168,1,3.2531585693359375,1,0.011680391099717882,0.017204582691192627,1,3.213134765625
5057.611,113,9,4,1,"{'TopLeft': 0.45082607852315754, 'TopRight': 0.4873795443493595, 'BottomLeft': 0.5483019873930293, 'BottomRight': 0.5316406451519528}","{'TopLeft': 0.013987078886803204, 'TopRight': 0.01634720688012062, 'BottomLeft': 0.020689433707652655, 'BottomRight': 0.01854570828660118}",central_attention_getter,1,-0.006993399726019965,-0.006713211536407471,1,3.259490966796875,1,0.011309835645887585,0.008360326290130615,1,3.2187652587890625
5074.279,113,9,4,1,"{'TopLeft': 0.45082607852315754, 'TopRight': 0.4873795443493595, 'BottomLeft': 0.5483019873930293, 'BottomRight': 0.5316406451519528}","{'TopLeft': 0.013987078886803204, 'TopRight': 0.01634720688012062, 'BottomLeft': 0.020689433707652655, 'BottomRight': 0.01854570828660118}",central_attention_getter,1,-0.00979275173611111,-0.0041692256927490234,1,3.2594757080078125,1,0.014799753824869791,0.008147954940795898,1,3.22283935546875
5090.947,113,9,4,1,"{'TopLeft': 0.45082607852315754, 'TopRight': 0.4873795443493595, 'BottomLeft': 0.5483019873930293, 'BottomRight': 0.5316406451519528}","{'TopLeft': 0.013987078886803204, 'TopRight': 0.01634720688012062, 'BottomLeft': 0.020689433707652655, 'BottomRight': 0.01854570828660118}",central_attention_getter,1,-0.006652408175998263,-0.0052298903465271,1,3.2713623046875,1,0.00606642829047309,0.0015172064304351807,1,3.2404937744140625
5107.614,113,9,4,1,"{'TopLeft': 0.45082607852315754, 'TopRight': 0.4873795443493595, 'BottomLeft': 0.5483019873930293, 'BottomRight': 0.5316406451519528}","{'TopLeft': 0.013987078886803204, 'TopRight': 0.01634720688012062, 'BottomLeft': 0.020689433707652655, 'BottomRight': 0.01854570828660118}",central_attention_getter,1,-0.013098133934868706,0.00010561943054199219,1,3.2768707275390625,1,0.010526974995930988,0.014127105474472046,1,3.2316436767578125
5124.282,113,9,4,1,"{'TopLeft': 0.45082607852315754, 'TopRight': 0.4873795443493595, 'BottomLeft': 0.5483019873930293, 'BottomRight': 0.5316406451519528}","{'TopLeft': 0.013987078886803204, 'TopRight': 0.01634720688012062, 'BottomLeft': 0.020689433707652655, 'BottomRight': 0.01854570828660118}",central_attention_getter,1,-0.009179645114474826,0.00022590160369873047,1,3.290008544921875,1,0.0029369990030924478,0.007973968982696533,1,3.244110107421875
5140.949,113,9,4,1,"{'TopLeft': 0.45082607852315754, 'TopRight': 0.4873795443493595, 'BottomLeft': 0.5483019873930293, 'BottomRight': 0.5316406451519528}","{'TopLeft': 0.013987078886803204, 'TopRight': 0.01634720688012062, 'BottomLeft': 0.020689433707652655, 'BottomRight': 0.01854570828660118}",central_attention_getter,1,-0.0031876034206814235,-0.0026017427444458008,1,3.303863525390625,1,0.00773832533094618,0.013353675603866577,1,3.240997314453125
5157.617,113,9,4,1,"{'TopLeft': 0.45082607852315754, 'TopRight': 0.4873795443493595, 'BottomLeft': 0.5483019873930293, 'BottomRight': 0.5316406451519528}","{'TopLeft': 0.013987078886803204, 'TopRight': 0.01634720688012062, 'BottomLeft': 0.020689433707652655, 'BottomRight': 0.01854570828660118}",central_attention_getter,1,-0.010450787014431423,0.0034407079219818115,1,3.310089111328125,1,0.011619355943467882,0.003114163875579834,1,3.269256591796875
5174.285,113,9,4,1,"{'TopLeft': 0.45082607852315754, 'TopRight': 0.4873795443493595, 'BottomLeft': 0.5483019873930293, 'BottomRight': 0.5316406451519528}","{'TopLeft': 0.013987078886803204, 'TopRight': 0.01634720688012062, 'BottomLeft': 0.020689433707652655, 'BottomRight': 0.01854570828660118}",central_attention_getter,1,-0.010052575005425347,0.00029271841049194336,1,3.31640625,1,0.014149030049641926,0.0034634172916412354,1,3.263275146484375
5190.953,113,9,4,1,"{'TopLeft': 0.45082607852315754, 'TopRight': 0.4873795443493595, 'BottomLeft': 0.5483019873930293, 'BottomRight': 0.5316406451519528}","{'TopLeft': 0.013987078886803204, 'TopRight': 0.01634720688012062, 'BottomLeft': 0.020689433707652655, 'BottomRight': 0.01854570828660118}",central_attention_getter,1,-0.01171641879611545,0.0017929673194885254,1,3.3252410888671875,1,0.007554266187879774,0.005888789892196655,1,3.269439697265625
5207.62,113,9,4,1,"{'TopLeft': 0.45082607852315754, 'TopRight': 0.4873795443493595, 'BottomLeft': 0.5483019873930293, 'BottomRight': 0.5316406451519528}","{'TopLeft': 0.013987078886803204, 'TopRight': 0.01634720688012062, 'BottomLeft': 0.020689433707652655, 'BottomRight': 0.01854570828660118}",central_attention_getter,1,-0.019786834716796875,0.005507946014404297,1,3.3199005126953125,1,0.013530731201171875,0.0035097897052764893,1,3.2666015625
5224.288,113,9,4,1,"{'TopLeft': 0.45082607852315754, 'TopRight': 0.4873795443493595, 'BottomLeft': 0.5483019873930293, 'BottomRight': 0.5316406451519528}","{'TopLeft': 0.013987078886803204, 'TopRight': 0.01634720688012062, 'BottomLeft': 0.020689433707652655, 'BottomRight': 0.01854570828660118}",central_attention_getter,1,-0.014961666531032985,0.002536594867706299,1,3.3267364501953125,1,0.006321695115831163,0.010977089405059814,1,3.27227783203125
5240.955,113,9,4,1,"{'TopLeft': 0.45082607852315754, 'TopRight': 0.4873795443493595, 'BottomLeft': 0.5483019873930293, 'BottomRight': 0.5316406451519528}","{'TopLeft': 0.013987078886803204, 'TopRight': 0.01634720688012062, 'BottomLeft': 0.020689433707652655, 'BottomRight': 0.01854570828660118}",central_attention_getter,1,-0.023177358839246962,-0.0002900362014770508,1,3.3150482177734375,1,0.013510492112901475,0.015232622623443604,1,3.2559356689453125
5257.623,113,9,4,1,"{'TopLeft': 0.45082607852315754, 'TopRight': 0.4873795443493595, 'BottomLeft': 0.5483019873930293, 'BottomRight': 0.5316406451519528}","{'TopLeft': 0.013987078886803204, 'TopRight': 0.01634720688012062, 'BottomLeft': 0.020689433707652655, 'BottomRight': 0.01854570828660118}",central_attention_getter,1,-0.00997055901421441,0.0015444755554199219,1,3.3200836181640625,1,0.0059197743733723955,0.007048368453979492,1,3.2803192138671875
5274.292,113,9,4,1,"{'TopLeft': 0.45082607852315754, 'TopRight': 0.4873795443493595, 'BottomLeft': 0.5483019873930293, 'BottomRight': 0.5316406451519528}","{'TopLeft': 0.013987078886803204, 'TopRight': 0.01634720688012062, 'BottomLeft': 0.020689433707652655, 'BottomRight': 0.01854570828660118}",central_attention_getter,1,-0.011704444885253906,0.003674626350402832,1,3.3156585693359375,1,0.011266920301649304,0.01886594295501709,1,3.2548828125
5290.958,113,9,4,1,"{'TopLeft': 0.45082607852315754, 'TopRight': 0.4873795443493595, 'BottomLeft': 0.5483019873930293, 'BottomRight': 0.5316406451519528}","{'TopLeft': 0.013987078886803204, 'TopRight': 0.01634720688012062, 'BottomLeft': 0.020689433707652655, 'BottomRight': 0.01854570828660118}",central_attention_getter,1,-0.0075490209791395394,0.00280076265335083,1,3.318328857421875,1,0.004685295952690972,0.005883693695068359,1,3.2749786376953125
5307.627,113,9,4,1,"{'TopLeft': 0.45082607852315754, 'TopRight': 0.4873795443493595, 'BottomLeft': 0.5483019873930293, 'BottomRight': 0.5316406451519528}","{'TopLeft': 0.013987078886803204, 'TopRight': 0.01634720688012062, 'BottomLeft': 0.020689433707652655, 'BottomRight': 0.01854570828660118}",central_attention_getter,1,-0.013393190171983507,-0.0010783672332763672,1,3.304718017578125,1,0.011878437466091579,0.013524055480957031,1,3.2512969970703125
5324.294,113,9,4,1,"{'TopLeft': 0.45082607852315754, 'TopRight': 0.4873795443493595, 'BottomLeft': 0.5483019873930293, 'BottomRight': 0.5316406451519528}","{'TopLeft': 0.013987078886803204, 'TopRight': 0.01634720688012062, 'BottomLeft': 0.020689433707652655, 'BottomRight': 0.01854570828660118}",central_attention_getter,1,-0.0022901958889431423,0.0009268820285797119,1,3.3113250732421875,1,0.0009672376844618055,0.003085494041442871,1,3.27008056640625
5340.962,113,9,4,1,"{'TopLeft': 0.45082607852315754, 'TopRight': 0.4873795443493595, 'BottomLeft': 0.5483019873930293, 'BottomRight': 0.5316406451519528}","{'TopLeft': 0.013987078886803204, 'TopRight': 0.01634720688012062, 'BottomLeft': 0.020689433707652655, 'BottomRight': 0.01854570828660118}",central_attention_getter,1,-0.003675036960177951,0.0023468732833862305,1,3.315673828125,1,0.009631368849012585,0.005478084087371826,1,3.2738800048828125
5357.629,113,9,4,1,"{'TopLeft': 0.45082607852315754, 'TopRight': 0.4873795443493595, 'BottomLeft': 0.5483019873930293, 'BottomRight': 0.5316406451519528}","{'TopLeft': 0.013987078886803204, 'TopRight': 0.01634720688012062, 'BottomLeft': 0.020689433707652655, 'BottomRight': 0.01854570828660118}",central_attention_getter,1,0.0043578677707248265,0.00440371036529541,1,3.308013916015625,1,-0.0011058913336859809,0.008161008358001709,1,3.2626190185546875
5374.298,113,9,4,1,"{'TopLeft': 0.45082607852315754, 'TopRight': 0.4873795443493595, 'BottomLeft': 0.5483019873930293, 'BottomRight': 0.5316406451519528}","{'TopLeft': 0.013987078886803204, 'TopRight': 0.01634720688012062, 'BottomLeft': 0.020689433707652655, 'BottomRight': 0.01854570828660118}",central_attention_getter,1,-0.005330403645833333,-0.0037478208541870117,1,3.2988128662109375,1,0.01012950473361545,0.01188918948173523,1,3.256072998046875
5390.965,113,9,4,1,"{'TopLeft': 0.45082607852315754, 'TopRight': 0.4873795443493595, 'BottomLeft': 0.5483019873930293, 'BottomRight': 0.5316406451519528}","{'TopLeft': 0.013987078886803204, 'TopRight': 0.01634720688012062, 'BottomLeft': 0.020689433707652655, 'BottomRight': 0.01854570828660118}",central_attention_getter,1,-0.008154657151963975,0.004968911409378052,1,3.2896270751953125,1,0.006182352701822916,0.013495445251464844,1,3.245635986328125
5407.633,113,9,4,1,"{'TopLeft': 0.45082607852315754, 'TopRight': 0.4873795443493595, 'BottomLeft': 0.5483019873930293, 'BottomRight': 0.5316406451519528}","{'TopLeft': 0.013987078886803204, 'TopRight': 0.01634720688012062, 'BottomLeft': 0.020689433707652655, 'BottomRight': 0.01854570828660118}",central_attention_getter,1,-0.013143804338243272,0.007949233055114746,1,3.2853240966796875,1,0.006840917799207899,0.008718609809875488,1,3.2515716552734375
5424.301,113,9,4,1,"{'TopLeft': 0.45082607852315754, 'TopRight': 0.4873795443493595, 'BottomLeft': 0.5483019873930293, 'BottomRight': 0.5316406451519528}","{'TopLeft': 0.013987078886803204, 'TopRight': 0.01634720688012062, 'BottomLeft': 0.020689433707652655, 'BottomRight': 0.01854570828660118}",central_attention_getter,1,-0.006437036726209852,0.009175270795822144,1,3.302703857421875,1,0.008910497029622395,0.006620466709136963,1,3.258819580078125
5440.968,113,9,4,1,"{'TopLeft': 0.45082607852315754, 'TopRight': 0.4873795443493595, 'BottomLeft': 0.5483019873930293, 'BottomRight': 0.5316406451519528}","{'TopLeft': 0.013987078886803204, 'TopRight': 0.01634720688012062, 'BottomLeft': 0.020689433707652655, 'BottomRight': 0.01854570828660118}",central_attention_getter,1,-0.01685884263780382,0.01039344072341919,1,3.276458740234375,1,0.005767928229437933,0.007194697856903076,1,3.2579803466796875
5457.636,113,9,4,1,"{'TopLeft': 0.45082607852315754, 'TopRight': 0.4873795443493595, 'BottomLeft': 0.5483019873930293, 'BottomRight': 0.5316406451519528}","{'TopLeft': 0.013987078886803204, 'TopRight': 0.01634720688012062, 'BottomLeft': 0.020689433707652655, 'BottomRight': 0.01854570828660118}",central_attention_getter,1,-0.012971030341254339,0.005234360694885254,1,3.2920379638671875,1,0.002998563978407118,0.008058667182922363,1,3.25274658203125
5474.304,113,9,4,1,"{'TopLeft': 0.45082607852315754, 'TopRight': 0.4873795443493595, 'BottomLeft': 0.5483019873930293, 'BottomRight': 0.5316406451519528}","{'TopLeft': 0.013987078886803204, 'TopRight': 0.01634720688012062, 'BottomLeft': 0.020689433707652655, 'BottomRight': 0.01854570828660118}",central_attention_getter,1,-0.010571585761176215,0.005863308906555176,1,3.271087646484375,1,0.008779843648274738,0.01835954189300537,1,3.2440185546875
5490.972,113,9,4,1,"{'TopLeft': 0.45082607852315754, 'TopRight': 0.4873795443493595, 'BottomLeft': 0.5483019873930293, 'BottomRight': 0.5316406451519528}","{'TopLeft': 0.013987078886803204, 'TopRight': 0.01634720688012062, 'BottomLeft': 0.020689433707652655, 'BottomRight': 0.01854570828660118}",central_attention_getter,1,-0.008807023366292317,0.008310854434967041,1,3.267547607421875,1,0.01458295186360677,0.0047776103019714355,1,3.242767333984375
5507.639,113,9,4,1,"{'TopLeft': 0.45082607852315754, 'TopRight': 0.4873795443493595, 'BottomLeft': 0.5483019873930293, 'BottomRight': 0.5316406451519528}","{'TopLeft': 0.013987078886803204, 'TopRight': 0.01634720688012062, 'BottomLeft': 0.020689433707652655, 'BottomRight': 0.01854570828660118}",central_attention_getter,1,-0.007959683736165363,-0.0008308887481689453,1,3.2644195556640625,1,0.011890941196017794,0.014065265655517578,1,3.23486328125
5524.308,113,9,4,1,"{'TopLeft': 0.45082607852315754, 'TopRight': 0.4873795443493595, 'BottomLeft': 0.5483019873930293, 'BottomRight': 0.5316406451519528}","{'TopLeft': 0.013987078886803204, 'TopRight': 0.01634720688012062, 'BottomLeft': 0.020689433707652655, 'BottomRight': 0.01854570828660118}",central_attention_getter,1,-0.009164068433973523,0.0065651535987854,1,3.26055908203125,1,0.017886903550889757,0.013561010360717773,1,3.236663818359375
5540.975,113,9,4,1,"{'TopLeft': 0.45082607852315754, 'TopRight': 0.4873795443493595, 'BottomLeft': 0.5483019873930293, 'BottomRight': 0.5316406451519528}","{'TopLeft': 0.013987078886803204, 'TopRight': 0.01634720688012062, 'BottomLeft': 0.020689433707652655, 'BottomRight': 0.01854570828660118}",central_attention_getter,1,-0.009711954328748914,0.002239733934402466,1,3.2539215087890625,1,0.015927102830674913,0.011254370212554932,1,3.22210693359375
5557.642,113,9,4,1,"{'TopLeft': 0.45082607852315754, 'TopRight': 0.4873795443493595, 'BottomLeft': 0.5483019873930293, 'BottomRight': 0.5316406451519528}","{'TopLeft': 0.013987078886803204, 'TopRight': 0.01634720688012062, 'BottomLeft': 0.020689433707652655, 'BottomRight': 0.01854570828660118}",central_attention_getter,1,-0.00041675567626953125,0.0011880993843078613,1,3.2523345947265625,1,0.01586500803629557,0.009855121374130249,1,3.216827392578125
5574.311,113,9,4,1,"{'TopLeft': 0.45082607852315754, 'TopRight': 0.4873795443493595, 'BottomLeft': 0.5483019873930293, 'BottomRight': 0.5316406451519528}","{'TopLeft': 0.013987078886803204, 'TopRight': 0.01634720688012062, 'BottomLeft': 0.020689433707652655, 'BottomRight': 0.01854570828660118}",central_attention_getter,1,-0.006577491760253906,0.00023567676544189453,1,3.2355194091796875,1,0.025515238444010414,0.003367602825164795,1,3.2205047607421875
5590.978,113,9,4,1,"{'TopLeft': 0.45082607852315754, 'TopRight': 0.4873795443493595, 'BottomLeft': 0.5483019873930293, 'BottomRight': 0.5316406451519528}","{'TopLeft': 0.013987078886803204, 'TopRight': 0.01634720688012062, 'BottomLeft': 0.020689433707652655, 'BottomRight': 0.01854570828660118}",central_attention_getter,1,-0.0105743408203125,-0.0054261088371276855,1,3.2533721923828125,1,0.01930660671657986,0.005387812852859497,1,3.2173614501953125
5607.646,113,9,4,1,"{'TopLeft': 0.45082607852315754, 'TopRight': 0.4873795443493595, 'BottomLeft': 0.5483019873930293, 'BottomRight': 0.5316406451519528}","{'TopLeft': 0.013987078886803204, 'TopRight': 0.01634720688012062, 'BottomLeft': 0.020689433707652655, 'BottomRight': 0.01854570828660118}",central_attention_getter,1,-0.009945233662923176,0.00013965368270874023,1,3.2490234375,1,0.02002504136827257,0.003567039966583252,1,3.221771240234375
5624.314,113,9,4,1,"{'TopLeft': 0.45082607852315754, 'TopRight': 0.4873795443493595, 'BottomLeft': 0.5483019873930293, 'BottomRight': 0.5316406451519528}","{'TopLeft': 0.013987078886803204, 'TopRight': 0.01634720688012062, 'BottomLeft': 0.020689433707652655, 'BottomRight': 0.01854570828660118}",central_attention_getter,1,-0.0048656463623046875,0.008047938346862793,1,3.234222412109375,1,0.020764668782552082,-0.001964390277862549,1,3.2126922607421875
5640.982,113,9,4,1,"{'TopLeft': 0.45082607852315754, 'TopRight': 0.4873795443493595, 'BottomLeft': 0.5483019873930293, 'BottomRight': 0.5316406451519528}","{'TopLeft': 0.013987078886803204, 'TopRight': 0.01634720688012062, 'BottomLeft': 0.020689433707652655, 'BottomRight': 0.01854570828660118}",central_attention_getter,1,-0.005315939585367838,-0.0008092522621154785,1,3.24615478515625,1,0.02635489569769965,0.012286067008972168,1,3.1965484619140625
5657.65,113,9,4,1,"{'TopLeft': 0.45082607852315754, 'TopRight': 0.4873795443493595, 'BottomLeft': 0.5483019873930293, 'BottomRight': 0.5316406451519528}","{'TopLeft': 0.013987078886803204, 'TopRight': 0.01634720688012062, 'BottomLeft': 0.020689433707652655, 'BottomRight': 0.01854570828660118}",central_attention_getter,1,-0.00448804431491428,0.0019185841083526611,1,3.2382354736328125,1,0.02828354305691189,0.008006453514099121,1,3.1988067626953125
5674.318,113,9,4,1,"{'TopLeft': 0.45082607852315754, 'TopRight': 0.4873795443493595, 'BottomLeft': 0.5483019873930293, 'BottomRight': 0.5316406451519528}","{'TopLeft': 0.013987078886803204, 'TopRight': 0.01634720688012062, 'BottomLeft': 0.020689433707652655, 'BottomRight': 0.01854570828660118}",central_attention_getter,1,-0.00437678231133355,-0.00035762786865234375,1,3.25146484375,1,0.017479048834906682,0.003545701503753662,1,3.2082672119140625
5690.985,113,9,4,1,"{'TopLeft': 0.45082607852315754, 'TopRight': 0.4873795443493595, 'BottomLeft': 0.5483019873930293, 'BottomRight': 0.5316406451519528}","{'TopLeft': 0.013987078886803204, 'TopRight': 0.01634720688012062, 'BottomLeft': 0.020689433707652655, 'BottomRight': 0.01854570828660118}",central_attention_getter,1,-0.008571200900607638,0.009908795356750488,1,3.235321044921875,1,0.038843790690104164,0.0056351423263549805,1,3.196502685546875
5707.653,113,9,4,1,"{'TopLeft': 0.45082607852315754, 'TopRight': 0.4873795443493595, 'BottomLeft': 0.5483019873930293, 'BottomRight': 0.5316406451519528}","{'TopLeft': 0.013987078886803204, 'TopRight': 0.01634720688012062, 'BottomLeft': 0.020689433707652655, 'BottomRight': 0.01854570828660118}",central_attention_getter,1,-0.010381062825520832,0.0073511600494384766,1,3.2396392822265625,1,0.028583526611328125,-0.002147972583770752,1,3.2144012451171875
5724.321,113,9,4,1,"{'TopLeft': 0.45082607852315754, 'TopRight': 0.4873795443493595, 'BottomLeft': 0.5483019873930293, 'BottomRight': 0.5316406451519528}","{'TopLeft': 0.013987078886803204, 'TopRight': 0.01634720688012062, 'BottomLeft': 0.020689433707652655, 'BottomRight': 0.01854570828660118}",central_attention_getter,1,-0.01707437303331163,0.005695343017578125,1,3.236114501953125,1,0.02322048611111111,-0.002190232276916504,1,3.201812744140625
5740.988,113,9,4,1,"{'TopLeft': 0.45082607852315754, 'TopRight': 0.4873795443493595, 'BottomLeft': 0.5483019873930293, 'BottomRight': 0.5316406451519528}","{'TopLeft': 0.013987078886803204, 'TopRight': 0.01634720688012062, 'BottomLeft': 0.020689433707652655, 'BottomRight': 0.01854570828660118}",central_attention_getter,1,-0.00987932417127821,0.00441509485244751,1,3.2418212890625,1,0.02677133348253038,0.012497186660766602,1,3.1913909912109375
5757.657,113,9,4,1,"{'TopLeft': 0.45082607852315754, 'TopRight': 0.4873795443493595, 'BottomLeft': 0.5483019873930293, 'BottomRight': 0.5316406451519528}","{'TopLeft': 0.013987078886803204, 'TopRight': 0.01634720688012062, 'BottomLeft': 0.020689433707652655, 'BottomRight': 0.01854570828660118}",central_attention_getter,1,-0.016529613071017794,-0.007012426853179932,1,3.2487030029296875,1,0.023899290296766493,0.011760890483856201,1,3.18695068359375
5774.325,113,9,4,1,"{'TopLeft': 0.45082607852315754, 'TopRight': 0.4873795443493595, 'BottomLeft': 0.5483019873930293, 'BottomRight': 0.5316406451519528}","{'TopLeft': 0.013987078886803204, 'TopRight': 0.01634720688012062, 'BottomLeft': 0.020689433707652655, 'BottomRight': 0.01854570828660118}",central_attention_getter,1,-0.006010585361056858,-0.0024820566177368164,1,3.2537384033203125,1,0.02852270338270399,0.00013881921768188477,1,3.2056732177734375
5790.992,113,9,4,1,"{'TopLeft': 0.45082607852315754, 'TopRight': 0.4873795443493595, 'BottomLeft': 0.5483019873930293, 'BottomRight': 0.5316406451519528}","{'TopLeft': 0.013987078886803204, 'TopRight': 0.01634720688012062, 'BottomLeft': 0.020689433707652655, 'BottomRight': 0.01854570828660118}",central_attention_getter,1,-0.005366908179389105,0.005372345447540283,1,3.23919677734375,1,0.026001930236816406,0.006960451602935791,1,3.202789306640625
5807.659,113,9,4,1,"{'TopLeft': 0.45082607852315754, 'TopRight': 0.4873795443493595, 'BottomLeft': 0.5483019873930293, 'BottomRight': 0.5316406451519528}","{'TopLeft': 0.013987078886803204, 'TopRight': 0.01634720688012062, 'BottomLeft': 0.020689433707652655, 'BottomRight': 0.01854570828660118}",central_attention_getter,1,0.013699213663736979,-0.0034325718879699707,1,3.2548828125,1,0.03414260016547309,-0.0003376007080078125,1,3.218505859375
5824.327,113,9,4,1,"{'TopLeft': 0.45082607852315754, 'TopRight': 0.4873795443493595, 'BottomLeft': 0.5483019873930293, 'BottomRight': 0.5316406451519528}","{'TopLeft': 0.013987078886803204, 'TopRight': 0.01634720688012062, 'BottomLeft': 0.020689433707652655, 'BottomRight': 0.01854570828660118}",central_attention_getter,1,-0.011513392130533854,-0.0042612552642822266,1,3.2491455078125,1,-0.003307501475016276,0.029990673065185547,1,3.201812744140625
5840.993,113,9,4,1,"{'TopLeft': 0.45082607852315754, 'TopRight': 0.4873795443493595, 'BottomLeft': 0.5483019873930293, 'BottomRight': 0.5316406451519528}","{'TopLeft': 0.013987078886803204, 'TopRight': 0.01634720688012062, 'BottomLeft': 0.020689433707652655, 'BottomRight': 0.01854570828660118}",central_attention_getter,1,0.013421058654785156,-0.008471488952636719,1,3.26092529296875,1,0.007717768351236979,0.011679589748382568,1,3.211822509765625
5857.661,113,9,4,1,"{'TopLeft': 0.45082607852315754, 'TopRight': 0.4873795443493595, 'BottomLeft': 0.5483019873930293, 'BottomRight': 0.5316406451519528}","{'TopLeft': 0.013987078886803204, 'TopRight': 0.01634720688012062, 'BottomLeft': 0.020689433707652655, 'BottomRight': 0.01854570828660118}",central_attention_getter,1,-0.007578849792480469,-0.004895687103271484,1,3.26239013671875,1,0.0003874037000868055,0.013742446899414062,1,3.2165679931640625
5874.328,113,9,4,1,"{'TopLeft': 0.45082607852315754, 'TopRight': 0.4873795443493595, 'BottomLeft': 0.5483019873930293, 'BottomRight': 0.5316406451519528}","{'TopLeft': 0.013987078886803204, 'TopRight': 0.01634720688012062, 'BottomLeft': 0.020689433707652655, 'BottomRight': 0.01854570828660118}",central_attention_getter,1,0.0024751027425130205,-0.014991581439971924,1,3.2693023681640625,1,-0.007422394222683377,0.016543924808502197,1,3.209259033203125
5890.994,113,9,4,1,"{'TopLeft': 0.45082607852315754, 'TopRight': 0.4873795443493595, 'BottomLeft': 0.5483019873930293, 'BottomRight': 0.5316406451519528}","{'TopLeft': 0.013987078886803204, 'TopRight': 0.01634720688012062, 'BottomLeft': 0.020689433707652655, 'BottomRight': 0.01854570828660118}",central_attention_getter,1,-0.018714480929904513,-0.004328608512878418,1,3.23980712890625,1,-0.0005673302544487846,0.018746644258499146,1,3.2011260986328125
5907.662,113,9,4,1,"{'TopLeft': 0.45082607852315754, 'TopRight': 0.4873795443493595, 'BottomLeft': 0.5483019873930293, 'BottomRight': 0.5316406451519528}","{'TopLeft': 0.013987078886803204, 'TopRight': 0.01634720688012062, 'BottomLeft': 0.020689433707652655, 'BottomRight': 0.01854570828660118}",central_attention_getter,1,-0.02223682403564453,0.004193305969238281,1,3.2489471435546875,1,-0.0021751191880967882,0.013510942459106445,1,3.2087554931640625
5924.329,113,9,4,1,"{'TopLeft': 0.45082607852315754, 'TopRight': 0.4873795443493595, 'BottomLeft': 0.5483019873930293, 'BottomRight': 0.5316406451519528}","{'TopLeft': 0.013987078886803204, 'TopRight': 0.01634720688012062, 'BottomLeft': 0.020689433707652655, 'BottomRight': 0.01854570828660118}",central_attention_getter,1,-0.02366844813028971,0.004033803939819336,1,3.252410888671875,1,0.00021680196126302082,0.015244126319885254,1,3.2022857666015625
5940.996,113,9,4,1,"{'TopLeft': 0.45082607852315754, 'TopRight': 0.4873795443493595, 'BottomLeft': 0.5483019873930293, 'BottomRight': 0.5316406451519528}","{'TopLeft': 0.013987078886803204, 'TopRight': 0.01634720688012062, 'BottomLeft': 0.020689433707652655, 'BottomRight': 0.01854570828660118}",central_attention_getter,1,-0.019477314419216577,0.012656033039093018,1,3.2636566162109375,1,-0.0012515915764702691,0.016267329454421997,1,3.2059478759765625
5957.663,113,9,4,1,"{'TopLeft': 0.45082607852315754, 'TopRight': 0.4873795443493595, 'BottomLeft': 0.5483019873930293, 'BottomRight': 0.5316406451519528}","{'TopLeft': 0.013987078886803204, 'TopRight': 0.01634720688012062, 'BottomLeft': 0.020689433707652655, 'BottomRight': 0.01854570828660118}",central_attention_getter,1,-0.003735330369737413,0.004608184099197388,1,3.2776031494140625,1,0.003448910183376736,0.02597963809967041,1,3.1907958984375
5974.331,113,9,4,1,"{'TopLeft': 0.45082607852315754, 'TopRight': 0.4873795443493595, 'BottomLeft': 0.5483019873930293, 'BottomRight': 0.5316406451519528}","{'TopLeft': 0.013987078886803204, 'TopRight': 0.01634720688012062, 'BottomLeft': 0.020689433707652655, 'BottomRight': 0.01854570828660118}",central_attention_getter,1,0.0014321009318033853,-0.0025960206985473633,1,3.2747344970703125,1,0.0032643212212456595,0.017231911420822144,1,3.2073516845703125
5990.997,113,9,4,1,"{'TopLeft': 0.45082607852315754, 'TopRight': 0.4873795443493595, 'BottomLeft': 0.5483019873930293, 'BottomRight': 0.5316406451519528}","{'TopLeft': 0.013987078886803204, 'TopRight': 0.01634720688012062, 'BottomLeft': 0.020689433707652655, 'BottomRight': 0.01854570828660118}",central_attention_getter,1,-0.012625429365370007,-0.004243910312652588,1,3.2777099609375,1,0.0042701297336154515,0.02598339319229126,1,3.19549560546875
6007.665,113,9,4,1,"{'TopLeft': 0.45082607852315754, 'TopRight': 0.4873795443493595, 'BottomLeft': 0.5483019873930293, 'BottomRight': 0.5316406451519528}","{'TopLeft': 0.013987078886803204, 'TopRight': 0.01634720688012062, 'BottomLeft': 0.020689433707652655, 'BottomRight': 0.01854570828660118}",central_attention_getter,1,-0.0064690907796223955,0.01134568452835083,1,3.2688140869140625,1,0.006450229220920138,0.018802762031555176,1,3.212982177734375
6024.332,113,9,4,1,"{'TopLeft': 0.45082607852315754, 'TopRight': 0.4873795443493595, 'BottomLeft': 0.5483019873930293, 'BottomRight': 0.5316406451519528}","{'TopLeft': 0.013987078886803204, 'TopRight': 0.01634720688012062, 'BottomLeft': 0.020689433707652655, 'BottomRight': 0.01854570828660118}",central_attention_getter,1,0.004329893324110243,-0.0008672475814819336,1,3.2884521484375,1,0.013788223266601562,0.02404773235321045,1,3.2039337158203125
6040.998,113,9,4,1,"{'TopLeft': 0.45082607852315754, 'TopRight': 0.4873795443493595, 'BottomLeft': 0.5483019873930293, 'BottomRight': 0.5316406451519528}","{'TopLeft': 0.013987078886803204, 'TopRight': 0.01634720688012062, 'BottomLeft': 0.020689433707652655, 'BottomRight': 0.01854570828660118}",shapes_on_1,1,-0.0012616051567925347,0.008681029081344604,1,3.2889251708984375,1,0.0024601618448893228,0.017388582229614258,1,3.2128448486328125
6057.666,113,9,4,1,"{'TopLeft': 0.45082607852315754, 'TopRight': 0.4873795443493595, 'BottomLeft': 0.5483019873930293, 'BottomRight': 0.5316406451519528}","{'TopLeft': 0.013987078886803204, 'TopRight': 0.01634720688012062, 'BottomLeft': 0.020689433707652655, 'BottomRight': 0.01854570828660118}",shapes_on_1,1,0.0015612708197699653,0.004906177520751953,1,3.2872314453125,1,0.004688474867078993,0.01586011052131653,1,3.2001800537109375
6074.333,113,9,4,1,"{'TopLeft': 0.45082607852315754, 'TopRight': 0.4873795443493595, 'BottomLeft': 0.5483019873930293, 'BottomRight': 0.5316406451519528}","{'TopLeft': 0.013987078886803204, 'TopRight': 0.01634720688012062, 'BottomLeft': 0.020689433707652655, 'BottomRight': 0.01854570828660118}",shapes_on_1,1,0.010466151767306857,0.007729709148406982,1,3.2904205322265625,1,0.007424354553222656,0.014504075050354004,1,3.205902099609375
6091.0,113,9,4,1,"{'TopLeft': 0.45082607852315754, 'TopRight': 0.4873795443493595, 'BottomLeft': 0.5483019873930293, 'BottomRight': 0.5316406451519528}","{'TopLeft': 0.013987078886803204, 'TopRight': 0.01634720688012062, 'BottomLeft': 0.020689433707652655, 'BottomRight': 0.01854570828660118}",shapes_on_1,1,0.17862203386094835,0.17277079820632935,1,3.341064453125,1,0.26008351643880206,0.15855181217193604,1,3.2285003662109375
6107.667,113,9,4,1,"{'TopLeft': 0.45082607852315754, 'TopRight': 0.4873795443493595, 'BottomLeft': 0.5483019873930293, 'BottomRight': 0.5316406451519528}","{'TopLeft': 0.013987078886803204, 'TopRight': 0.01634720688012062, 'BottomLeft': 0.020689433707652655, 'BottomRight': 0.01854570828660118}",shapes_on_1,1,0.21123907301161024,0.19292691349983215,1,3.3226776123046875,1,0.24645572238498262,0.18614357709884644,1,3.181884765625
6124.335,113,9,4,1,"{'TopLeft': 0.45082607852315754, 'TopRight': 0.4873795443493595, 'BottomLeft': 0.5483019873930293, 'BottomRight': 0.5316406451519528}","{'TopLeft': 0.013987078886803204, 'TopRight': 0.01634720688012062, 'BottomLeft': 0.020689433707652655, 'BottomRight': 0.01854570828660118}",shapes_on_1,1,0.23764652676052517,0.21142137050628662,1,3.3379364013671875,1,0.24787330627441406,0.20351576805114746,1,3.213226318359375
6141.001,113,9,4,1,"{'TopLeft': 0.45082607852315754, 'TopRight': 0.4873795443493595, 'BottomLeft': 0.5483019873930293, 'BottomRight': 0.5316406451519528}","{'TopLeft': 0.013987078886803204, 'TopRight': 0.01634720688012062, 'BottomLeft': 0.020689433707652655, 'BottomRight': 0.01854570828660118}",shapes_on_1,1,0.23996713426378036,0.21792513132095337,1,3.3302764892578125,1,0.24710867140028211,0.18915614485740662,1,3.2056121826171875
6157.669,113,9,4,1,"{'TopLeft': 0.45082607852315754, 'TopRight': 0.4873795443493595, 'BottomLeft': 0.5483019873930293, 'BottomRight': 0.5316406451519528}","{'TopLeft': 0.013987078886803204, 'TopRight': 0.01634720688012062, 'BottomLeft': 0.020689433707652655, 'BottomRight': 0.01854570828660118}",shapes_on_1,1,0.23490164015028211,0.20755386352539062,1,3.3392181396484375,1,0.25756676991780597,0.19960787892341614,1,3.2134857177734375
6174.336,113,9,4,1,"{'TopLeft': 0.45082607852315754, 'TopRight': 0.4873795443493595, 'BottomLeft': 0.5483019873930293, 'BottomRight': 0.5316406451519528}","{'TopLeft': 0.013987078886803204, 'TopRight': 0.01634720688012062, 'BottomLeft': 0.020689433707652655, 'BottomRight': 0.01854570828660118}",shapes_on_1,1,0.2319732242160373,0.2205192744731903,1,3.3436737060546875,1,0.25911013285319007,0.20305514335632324,1,3.21258544921875
6191.002,113,9,4,1,"{'TopLeft': 0.45082607852315754, 'TopRight': 0.4873795443493595, 'BottomLeft': 0.5483019873930293, 'BottomRight': 0.5316406451519528}","{'TopLeft': 0.013987078886803204, 'TopRight': 0.01634720688012062, 'BottomLeft': 0.020689433707652655, 'BottomRight': 0.01854570828660118}",shapes_on_1,1,0.23171170552571613,0.19346871972084045,1,3.351898193359375,1,0.2476022508409288,0.1826830506324768,1,3.220611572265625
6207.67,113,9,4,1,"{'TopLeft': 0.45082607852315754, 'TopRight': 0.4873795443493595, 'BottomLeft': 0.5483019873930293, 'BottomRight': 0.5316406451519528}","{'TopLeft': 0.013987078886803204, 'TopRight': 0.01634720688012062, 'BottomLeft': 0.020689433707652655, 'BottomRight': 0.01854570828660118}",shapes_on_1,1,0.23347769843207464,0.22254961729049683,1,3.345733642578125,1,0.25206173790825737,0.19646599888801575,1,3.2190399169921875
6224.337,113,9,4,1,"{'TopLeft': 0.45082607852315754, 'TopRight': 0.4873795443493595, 'BottomLeft': 0.5483019873930293, 'BottomRight': 0.5316406451519528}","{'TopLeft': 0.013987078886803204, 'TopRight': 0.01634720688012062, 'BottomLeft': 0.020689433707652655, 'BottomRight': 0.01854570828660118}",shapes_on_1,1,0.23285208808051214,0.2031906247138977,1,3.3497161865234375,1,0.2470529344346788,0.19001269340515137,1,3.2227935791015625
6241.004,113,9,4,1,"{'TopLeft': 0.45082607852315754, 'TopRight': 0.4873795443493595, 'BottomLeft': 0.5483019873930293, 'BottomRight': 0.5316406451519528}","{'TopLeft': 0.013987078886803204, 'TopRight': 0.01634720688012062, 'BottomLeft': 0.020689433707652655, 'BottomRight': 0.01854570828660118}",shapes_on_1,1,0.23255560133192274,0.2144221067428589,1,3.3535919189453125,1,0.2410231696234809,0.2120259404182434,1,3.2299957275390625
6257.671,113,9,4,1,"{'TopLeft': 0.45082607852315754, 'TopRight': 0.4873795443493595, 'BottomLeft': 0.5483019873930293, 'BottomRight': 0.5316406451519528}","{'TopLeft': 0.013987078886803204, 'TopRight': 0.01634720688012062, 'BottomLeft': 0.020689433707652655, 'BottomRight': 0.01854570828660118}",shapes_on_1,0,nan,nan,0,nan,1,0.23943085140652126,0.19760861992835999,1,3.2261199951171875
6274.339,113,9,4,1,"{'TopLeft': 0.45082607852315754, 'TopRight': 0.4873795443493595, 'BottomLeft': 0.5483019873930293, 'BottomRight': 0.5316406451519528}","{'TopLeft': 0.013987078886803204, 'TopRight': 0.01634720688012062, 'BottomLeft': 0.020689433707652655, 'BottomRight': 0.01854570828660118}",shapes_on_1,1,0.22547086079915363,0.21494436264038086,1,3.3530426025390625,1,0.24249415927463105,0.1917586326599121,1,3.2248992919921875
6291.005,113,9,4,1,"{'TopLeft': 0.45082607852315754, 'TopRight': 0.4873795443493595, 'BottomLeft': 0.5483019873930293, 'BottomRight': 0.5316406451519528}","{'TopLeft': 0.013987078886803204, 'TopRight': 0.01634720688012062, 'BottomLeft': 0.020689433707652655, 'BottomRight': 0.01854570828660118}",shapes_on_1,1,0.22579140133327907,0.1968432068824768,1,3.356292724609375,1,0.2375208536783854,0.20533424615859985,1,3.2307586669921875
6307.673,113,9,4,1,"{'TopLeft': 0.45082607852315754, 'TopRight': 0.4873795443493595, 'BottomLeft': 0.5483019873930293, 'BottomRight': 0.5316406451519528}","{'TopLeft': 0.013987078886803204, 'TopRight': 0.01634720688012062, 'BottomLeft': 0.020689433707652655, 'BottomRight': 0.01854570828660118}",shapes_on_1,1,0.2249317169189453,0.21766746044158936,1,3.3489532470703125,1,0.24686378902859157,0.20418870449066162,1,3.230072021484375
6324.34,113,9,4,1,"{'TopLeft': 0.45082607852315754, 'TopRight': 0.4873795443493595, 'BottomLeft': 0.5483019873930293, 'BottomRight': 0.5316406451519528}","{'TopLeft': 0.013987078886803204, 'TopRight': 0.01634720688012062, 'BottomLeft': 0.020689433707652655, 'BottomRight': 0.01854570828660118}",shapes_on_1,1,0.22093709309895831,0.20874059200286865,1,3.34967041015625,1,0.24727408091227213,0.1852036714553833,1,3.2267913818359375
6341.007,113,9,4,1,"{'TopLeft': 0.45082607852315754, 'TopRight': 0.4873795443493595, 'BottomLeft': 0.5483019873930293, 'BottomRight': 0.5316406451519528}","{'TopLeft': 0.013987078886803204, 'TopRight': 0.01634720688012062, 'BottomLeft': 0.020689433707652655, 'BottomRight': 0.01854570828660118}",shapes_on_1,1,0.22605239020453557,0.20130538940429688,1,3.3551177978515625,1,0.23386700948079425,0.19574153423309326,1,3.2255096435546875
6357.674,113,9,4,1,"{'TopLeft': 0.45082607852315754, 'TopRight': 0.4873795443493595, 'BottomLeft': 0.5483019873930293, 'BottomRight': 0.5316406451519528}","{'TopLeft': 0.013987078886803204, 'TopRight': 0.01634720688012062, 'BottomLeft': 0.020689433707652655, 'BottomRight': 0.01854570828660118}",shapes_on_1,1,0.22337277730305988,0.20753777027130127,1,3.3497161865234375,1,0.23677444458007812,0.20537254214286804,1,3.2361602783203125
6374.341,113,9,4,1,"{'TopLeft': 0.45082607852315754, 'TopRight': 0.4873795443493595, 'BottomLeft': 0.5483019873930293, 'BottomRight': 0.5316406451519528}","{'TopLeft': 0.013987078886803204, 'TopRight': 0.01634720688012062, 'BottomLeft': 0.020689433707652655, 'BottomRight': 0.01854570828660118}",shapes_on_1,1,0.22006607055664062,0.21272140741348267,1,3.3527679443359375,1,0.24581676059299043,0.2001865804195404,1,3.2302703857421875
6391.008,113,9,4,1,"{'TopLeft': 0.45082607852315754, 'TopRight': 0.4873795443493595, 'BottomLeft': 0.5483019873930293, 'BottomRight': 0.5316406451519528}","{'TopLeft': 0.013987078886803204, 'TopRight': 0.01634720688012062, 'BottomLeft': 0.020689433707652655, 'BottomRight': 0.01854570828660118}",shapes_on_1,1,0.20634481641981336,0.18469476699829102,1,3.3549957275390625,1,0.23719342549641925,0.2091560959815979,1,3.235443115234375
6407.675,113,9,4,1,"{'TopLeft': 0.45082607852315754, 'TopRight': 0.4873795443493595, 'BottomLeft': 0.5483019873930293, 'BottomRight': 0.5316406451519528}","{'TopLeft': 0.013987078886803204, 'TopRight': 0.01634720688012062, 'BottomLeft': 0.020689433707652655, 'BottomRight': 0.01854570828660118}",shapes_on_1,1,0.21703592936197916,0.2047519087791443,1,3.361114501953125,1,0.23334821065266925,0.20992770791053772,1,3.2348175048828125
6424.343,113,9,4,1,"{'TopLeft': 0.45082607852315754, 'TopRight': 0.4873795443493595, 'BottomLeft': 0.5483019873930293, 'BottomRight': 0.5316406451519528}","{'TopLeft': 0.013987078886803204, 'TopRight': 0.01634720688012062, 'BottomLeft': 0.020689433707652655, 'BottomRight': 0.01854570828660118}",shapes_on_1,1,0.20898267957899305,0.19024336338043213,1,3.362548828125,1,0.2267683876885308,0.18519413471221924,1,3.2395782470703125
6441.009,113,9,4,1,"{'TopLeft': 0.45082607852315754, 'TopRight': 0.4873795443493595, 'BottomLeft': 0.5483019873930293, 'BottomRight': 0.5316406451519528}","{'TopLeft': 0.013987078886803204, 'TopRight': 0.01634720688012062, 'BottomLeft': 0.020689433707652655, 'BottomRight': 0.01854570828660118}",shapes_on_1,1,0.218550788031684,0.2137916386127472,1,3.3613128662109375,1,0.22852039337158203,0.2110845446586609,1,3.2388458251953125
6457.677,113,9,4,1,"{'TopLeft': 0.45082607852315754, 'TopRight': 0.4873795443493595, 'BottomLeft': 0.5483019873930293, 'BottomRight': 0.5316406451519528}","{'TopLeft': 0.013987078886803204, 'TopRight': 0.01634720688012062, 'BottomLeft': 0.020689433707652655, 'BottomRight': 0.01854570828660118}",shapes_on_1,1,0.21235900455050996,0.19430768489837646,1,3.3695526123046875,1,0.2149301105075412,0.1916084587574005,1,3.24560546875
6474.344,113,9,4,1,"{'TopLeft': 0.45082607852315754, 'TopRight': 0.4873795443493595, 'BottomLeft': 0.5483019873930293, 'BottomRight': 0.5316406451519528}","{'TopLeft': 0.013987078886803204, 'TopRight': 0.01634720688012062, 'BottomLeft': 0.020689433707652655, 'BottomRight': 0.01854570828660118}",shapes_on_1,1,0.21047422620985243,0.19940721988677979,1,3.37091064453125,1,0.21576627095540363,0.19306951761245728,1,3.2437744140625
6491.011,113,9,4,1,"{'TopLeft': 0.45082607852315754, 'TopRight': 0.4873795443493595, 'BottomLeft': 0.5483019873930293, 'BottomRight': 0.5316406451519528}","{'TopLeft': 0.013987078886803204, 'TopRight': 0.01634720688012062, 'BottomLeft': 0.020689433707652655, 'BottomRight': 0.01854570828660118}",shapes_on_1,1,0.2571133507622613,0.2260153591632843,1,3.376495361328125,1,0.26880380842420787,0.23980236053466797,1,3.257598876953125
6507.678,113,9,4,1,"{'TopLeft': 0.45082607852315754, 'TopRight': 0.4873795443493595, 'BottomLeft': 0.5483019873930293, 'BottomRight': 0.5316406451519528}","{'TopLeft': 0.013987078886803204, 'TopRight': 0.01634720688012062, 'BottomLeft': 0.020689433707652655, 'BottomRight': 0.01854570828660118}",shapes_on_1,1,0.2611526913113064,0.22114628553390503,1,3.37994384765625,1,0.267581303914388,0.22934699058532715,1,3.2562408447265625
6524.345,113,9,4,1,"{'TopLeft': 0.45082607852315754, 'TopRight': 0.4873795443493595, 'BottomLeft': 0.5483019873930293, 'BottomRight': 0.5316406451519528}","{'TopLeft': 0.013987078886803204, 'TopRight': 0.01634720688012062, 'BottomLeft': 0.020689433707652655, 'BottomRight': 0.01854570828660118}",shapes_on_1,1,0.256929079691569,0.2328367829322815,1,3.3864288330078125,1,0.2716432147555881,0.24404844641685486,1,3.2655029296875
6541.012,113,9,4,1,"{'TopLeft': 0.45082607852315754, 'TopRight': 0.4873795443493595, 'BottomLeft': 0.5483019873930293, 'BottomRight': 0.5316406451519528}","{'TopLeft': 0.013987078886803204, 'TopRight': 0.01634720688012062, 'BottomLeft': 0.020689433707652655, 'BottomRight': 0.01854570828660118}",shapes_on_1,1,0.2590007781982422,0.2416815161705017,1,3.3815155029296875,1,0.2708778381347656,0.23840895295143127,1,3.2794036865234375
6557.679,113,9,4,1,"{'TopLeft': 0.45082607852315754, 'TopRight': 0.4873795443493595, 'BottomLeft': 0.5483019873930293, 'BottomRight': 0.5316406451519528}","{'TopLeft': 0.013987078886803204, 'TopRight': 0.01634720688012062, 'BottomLeft': 0.020689433707652655, 'BottomRight': 0.01854570828660118}",shapes_on_1,1,0.24857669406467012,0.23405912518501282,1,3.3876495361328125,1,0.27497683631049263,0.24590611457824707,1,3.280487060546875
6574.347,113,9,4,1,"{'TopLeft': 0.45082607852315754, 'TopRight': 0.4873795443493595, 'BottomLeft': 0.5483019873930293, 'BottomRight': 0.5316406451519528}","{'TopLeft': 0.013987078886803204, 'TopRight': 0.01634720688012062, 'BottomLeft': 0.020689433707652655, 'BottomRight': 0.01854570828660118}",shapes_on_1,1,0.24422772725423175,0.23792093992233276,1,3.3877410888671875,1,0.2678365707397461,0.24361160397529602,1,3.289947509765625
6591.013,113,9,4,1,"{'TopLeft': 0.45082607852315754, 'TopRight': 0.4873795443493595, 'BottomLeft': 0.5483019873930293, 'BottomRight': 0.5316406451519528}","{'TopLeft': 0.013987078886803204, 'TopRight': 0.01634720688012062, 'BottomLeft': 0.020689433707652655, 'BottomRight': 0.01854570828660118}",shapes_on_1,1,0.24781163533528644,0.22677451372146606,1,3.3933563232421875,1,0.2689772711859809,0.22666531801223755,1,3.2836761474609375
6607.681,113,9,4,1,"{'TopLeft': 0.45082607852315754, 'TopRight': 0.4873795443493595, 'BottomLeft': 0.5483019873930293, 'BottomRight': 0.5316406451519528}","{'TopLeft': 0.013987078886803204, 'TopRight': 0.01634720688012062, 'BottomLeft': 0.020689433707652655, 'BottomRight': 0.01854570828660118}",shapes_on_1,1,0.24494700961642793,0.23628699779510498,1,3.3883514404296875,1,0.26357269287109375,0.2192986011505127,1,3.2887420654296875
6624.348,113,9,4,1,"{'TopLeft': 0.45082607852315754, 'TopRight': 0.4873795443493595, 'BottomLeft': 0.5483019873930293, 'BottomRight': 0.5316406451519528}","{'TopLeft': 0.013987078886803204, 'TopRight': 0.01634720688012062, 'BottomLeft': 0.020689433707652655, 'BottomRight': 0.01854570828660118}",shapes_on_1,1,0.2524043189154731,0.23235172033309937,1,3.400909423828125,1,0.2807053460015191,0.23043620586395264,1,3.30047607421875
6641.015,113,9,4,1,"{'TopLeft': 0.45082607852315754, 'TopRight': 0.4873795443493595, 'BottomLeft': 0.5483019873930293, 'BottomRight': 0.5316406451519528}","{'TopLeft': 0.013987078886803204, 'TopRight': 0.01634720688012062, 'BottomLeft': 0.020689433707652655, 'BottomRight': 0.01854570828660118}",shapes_on_1,1,0.2600248124864366,0.2403997778892517,1,3.4005126953125,1,0.27319018046061194,0.23977601528167725,1,3.3083953857421875
6657.682,113,9,4,1,"{'TopLeft': 0.45082607852315754, 'TopRight': 0.4873795443493595, 'BottomLeft': 0.5483019873930293, 'BottomRight': 0.5316406451519528}","{'TopLeft': 0.013987078886803204, 'TopRight': 0.01634720688012062, 'BottomLeft': 0.020689433707652655, 'BottomRight': 0.01854570828660118}",shapes_on_1,1,0.24542978074815536,0.22754541039466858,1,3.4031982421875,1,0.26324854956732857,0.22028982639312744,1,3.310546875
6674.349,113,9,4,1,"{'TopLeft': 0.45082607852315754, 'TopRight': 0.4873795443493595, 'BottomLeft': 0.5483019873930293, 'BottomRight': 0.5316406451519528}","{'TopLeft': 0.013987078886803204, 'TopRight': 0.01634720688012062, 'BottomLeft': 0.020689433707652655, 'BottomRight': 0.01854570828660118}",shapes_on_1,1,0.2486721674601237,0.24004387855529785,1,3.4066619873046875,1,0.2765268749660916,0.24718159437179565,1,3.3201751708984375
6691.016,113,9,4,1,"{'TopLeft': 0.45082607852315754, 'TopRight': 0.4873795443493595, 'BottomLeft': 0.5483019873930293, 'BottomRight': 0.5316406451519528}","{'TopLeft': 0.013987078886803204, 'TopRight': 0.01634720688012062, 'BottomLeft': 0.020689433707652655, 'BottomRight': 0.01854570828660118}",shapes_on_1,1,0.2379302978515625,0.22532209753990173,1,3.4024810791015625,1,0.25680224100748694,0.23119282722473145,1,3.3250274658203125
6707.683,113,9,4,1,"{'TopLeft': 0.45082607852315754, 'TopRight': 0.4873795443493595, 'BottomLeft': 0.5483019873930293, 'BottomRight': 0.5316406451519528}","{'TopLeft': 0.013987078886803204, 'TopRight': 0.01634720688012062, 'BottomLeft': 0.020689433707652655, 'BottomRight': 0.01854570828660118}",shapes_on_1,1,0.25343428717719185,0.25684624910354614,1,3.4113311767578125,1,0.27270868089463973,0.23752641677856445,1,3.33319091796875
6724.351,113,9,4,1,"{'TopLeft': 0.45082607852315754, 'TopRight': 0.4873795443493595, 'BottomLeft': 0.5483019873930293, 'BottomRight': 0.5316406451519528}","{'TopLeft': 0.013987078886803204, 'TopRight': 0.01634720688012062, 'BottomLeft': 0.020689433707652655, 'BottomRight': 0.01854570828660118}",shapes_on_1,1,0.24385600619845918,0.24061506986618042,1,3.4144287109375,1,0.2664091322157118,0.22144007682800293,1,3.338623046875
6741.017,113,9,4,1,"{'TopLeft': 0.45082607852315754, 'TopRight': 0.4873795443493595, 'BottomLeft': 0.5483019873930293, 'BottomRight': 0.5316406451519528}","{'TopLeft': 0.013987078886803204, 'TopRight': 0.01634720688012062, 'BottomLeft': 0.020689433707652655, 'BottomRight': 0.01854570828660118}",shapes_on_1,1,0.2512590620252821,0.24596157670021057,1,3.4183349609375,1,0.26873864067925346,0.24309179186820984,1,3.3458709716796875
6757.685,113,9,4,1,"{'TopLeft': 0.45082607852315754, 'TopRight': 0.4873795443493595, 'BottomLeft': 0.5483019873930293, 'BottomRight': 0.5316406451519528}","{'TopLeft': 0.013987078886803204, 'TopRight': 0.01634720688012062, 'BottomLeft': 0.020689433707652655, 'BottomRight': 0.01854570828660118}",shapes_on_1,1,0.2569342719184028,0.2490183413028717,1,3.421173095703125,1,0.2792472839355469,0.24402382969856262,1,3.3462982177734375
6774.352,113,9,4,1,"{'TopLeft': 0.45082607852315754, 'TopRight': 0.4873795443493595, 'BottomLeft': 0.5483019873930293, 'BottomRight': 0.5316406451519528}","{'TopLeft': 0.013987078886803204, 'TopRight': 0.01634720688012062, 'BottomLeft': 0.020689433707652655, 'BottomRight': 0.01854570828660118}",shapes_on_1,1,0.25569046868218315,0.2551141232252121,1,3.427520751953125,1,0.27733855777316624,0.238838791847229,1,3.36090087890625
6791.019,113,9,4,1,"{'TopLeft': 0.45082607852315754, 'TopRight': 0.4873795443493595, 'BottomLeft': 0.5483019873930293, 'BottomRight': 0.5316406451519528}","{'TopLeft': 0.013987078886803204, 'TopRight': 0.01634720688012062, 'BottomLeft': 0.020689433707652655, 'BottomRight': 0.01854570828660118}",shapes_on_1,1,0.2612349192301432,0.253672331571579,1,3.423370361328125,1,0.26455794440375435,0.22899842262268066,1,3.3629302978515625
6807.686,113,9,4,1,"{'TopLeft': 0.45082607852315754, 'TopRight': 0.4873795443493595, 'BottomLeft': 0.5483019873930293, 'BottomRight': 0.5316406451519528}","{'TopLeft': 0.013987078886803204, 'TopRight': 0.01634720688012062, 'BottomLeft': 0.020689433707652655, 'BottomRight': 0.01854570828660118}",shapes_on_1,1,0.23931397332085502,0.23140347003936768,1,3.4326934814453125,1,0.2730676862928602,0.23244866728782654,1,3.3690948486328125
6824.354,113,9,4,1,"{'TopLeft': 0.45082607852315754, 'TopRight': 0.4873795443493595, 'BottomLeft': 0.5483019873930293, 'BottomRight': 0.5316406451519528}","{'TopLeft': 0.013987078886803204, 'TopRight': 0.01634720688012062, 'BottomLeft': 0.020689433707652655, 'BottomRight': 0.01854570828660118}",shapes_on_1,1,0.12036302354600693,0.22664281725883484,1,3.43792724609375,1,0.17633819580078125,0.23568573594093323,1,3.3783721923828125
6841.02,113,9,4,1,"{'TopLeft': 0.45082607852315754, 'TopRight': 0.4873795443493595, 'BottomLeft': 0.5483019873930293, 'BottomRight': 0.5316406451519528}","{'TopLeft': 0.013987078886803204, 'TopRight': 0.01634720688012062, 'BottomLeft': 0.020689433707652655, 'BottomRight': 0.01854570828660118}",shapes_on_1,1,-0.13850238588121203,0.10622707009315491,1,3.207000732421875,1,-0.08601612514919704,0.16130009293556213,1,3.2670745849609375
6857.687,113,9,4,1,"{'TopLeft': 0.45082607852315754, 'TopRight': 0.4873795443493595, 'BottomLeft': 0.5483019873930293, 'BottomRight': 0.5316406451519528}","{'TopLeft': 0.013987078886803204, 'TopRight': 0.01634720688012062, 'BottomLeft': 0.020689433707652655, 'BottomRight': 0.01854570828660118}",shapes_on_1,1,-0.31330278184678817,0.05366268754005432,1,3.007415771484375,1,-0.19151518079969618,0.12015238404273987,1,3.1549072265625
6874.355,113,9,4,1,"{'TopLeft': 0.45082607852315754, 'TopRight': 0.4873795443493595, 'BottomLeft': 0.5483019873930293, 'BottomRight': 0.5316406451519528}","{'TopLeft': 0.013987078886803204, 'TopRight': 0.01634720688012062, 'BottomLeft': 0.020689433707652655, 'BottomRight': 0.01854570828660118}",shapes_on_1,0,nan,nan,0,nan,0,nan,nan,0,nan
6891.021,113,9,4,1,"{'TopLeft': 0.45082607852315754, 'TopRight': 0.4873795443493595, 'BottomLeft': 0.5483019873930293, 'BottomRight': 0.5316406451519528}","{'TopLeft': 0.013987078886803204, 'TopRight': 0.01634720688012062, 'BottomLeft': 0.020689433707652655, 'BottomRight': 0.01854570828660118}",shapes_on_1,1,-0.2333386739095052,0.014890938997268677,1,3.1838226318359375,0,nan,nan,0,nan
6907.689,113,9,4,1,"{'TopLeft': 0.45082607852315754, 'TopRight': 0.4873795443493595, 'BottomLeft': 0.5483019873930293, 'BottomRight': 0.5316406451519528}","{'TopLeft': 0.013987078886803204, 'TopRight': 0.01634720688012062, 'BottomLeft': 0.020689433707652655, 'BottomRight': 0.01854570828660118}",shapes_on_1,1,-0.2121461232503255,0.12751883268356323,1,3.4060821533203125,0,nan,nan,0,nan
6924.356,113,9,4,1,"{'TopLeft': 0.45082607852315754, 'TopRight': 0.4873795443493595, 'BottomLeft': 0.5483019873930293, 'BottomRight': 0.5316406451519528}","{'TopLeft': 0.013987078886803204, 'TopRight': 0.01634720688012062, 'BottomLeft': 0.020689433707652655, 'BottomRight': 0.01854570828660118}",shapes_on_1,1,-0.22242985831366643,0.15858858823776245,1,3.4497528076171875,1,-0.18123340606689453,0.14444077014923096,1,3.40447998046875
6941.023,113,9,4,1,"{'TopLeft': 0.45082607852315754, 'TopRight': 0.4873795443493595, 'BottomLeft': 0.5483019873930293, 'BottomRight': 0.5316406451519528}","{'TopLeft': 0.013987078886803204, 'TopRight': 0.01634720688012062, 'BottomLeft': 0.020689433707652655, 'BottomRight': 0.01854570828660118}",shapes_on_1,1,-0.21120230356852213,0.17717236280441284,1,3.4579620361328125,1,-0.17144224378797743,0.16129526495933533,1,3.458740234375
6957.69,113,9,4,1,"{'TopLeft': 0.45082607852315754, 'TopRight': 0.4873795443493595, 'BottomLeft': 0.5483019873930293, 'BottomRight': 0.5316406451519528}","{'TopLeft': 0.013987078886803204, 'TopRight': 0.01634720688012062, 'BottomLeft': 0.020689433707652655, 'BottomRight': 0.01854570828660118}",shapes_on_1,1,-0.21070967780219182,0.1790996491909027,1,3.45794677734375,1,-0.1669934590657552,0.1614975929260254,1,3.465606689453125
6974.358,113,9,4,1,"{'TopLeft': 0.45082607852315754, 'TopRight': 0.4873795443493595, 'BottomLeft': 0.5483019873930293, 'BottomRight': 0.5316406451519528}","{'TopLeft': 0.013987078886803204, 'TopRight': 0.01634720688012062, 'BottomLeft': 0.020689433707652655, 'BottomRight': 0.01854570828660118}",shapes_on_1,1,-0.21789492501152885,0.17026549577713013,1,3.46429443359375,1,-0.17724890179104275,0.16866153478622437,1,3.45501708984375
6991.024,113,9,4,1,"{'TopLeft': 0.45082607852315754, 'TopRight': 0.4873795443493595, 'BottomLeft': 0.5483019873930293, 'BottomRight': 0.5316406451519528}","{'TopLeft': 0.013987078886803204, 'TopRight': 0.01634720688012062, 'BottomLeft': 0.020689433707652655, 'BottomRight': 0.01854570828660118}",shapes_on_1,1,-0.22391637166341144,0.16555890440940857,1,3.4739227294921875,1,-0.18576346503363714,0.17255908250808716,1,3.45355224609375
7007.691,113,9,4,1,"{'TopLeft': 0.45082607852315754, 'TopRight': 0.4873795443493595, 'BottomLeft': 0.5483019873930293, 'BottomRight': 0.5316406451519528}","{'TopLeft': 0.013987078886803204, 'TopRight': 0.01634720688012062, 'BottomLeft': 0.020689433707652655, 'BottomRight': 0.01854570828660118}",shapes_on_1,1,-0.23157559500800237,0.1654548943042755,1,3.492279052734375,1,-0.17809846666124132,0.16244715452194214,1,3.4840240478515625
7024.359,113,9,4,1,"{'TopLeft': 0.45082607852315754, 'TopRight': 0.4873795443493595, 'BottomLeft': 0.5483019873930293, 'BottomRight': 0.5316406451519528}","{'TopLeft': 0.013987078886803204, 'TopRight': 0.01634720688012062, 'BottomLeft': 0.020689433707652655, 'BottomRight': 0.01854570828660118}",shapes_on_1,1,-0.2281167772081163,0.15891176462173462,1,3.4915008544921875,1,-0.183047612508138,0.16881555318832397,1,3.4753265380859375
7041.025,113,9,4,1,"{'TopLeft': 0.45082607852315754, 'TopRight': 0.4873795443493595, 'BottomLeft': 0.5483019873930293, 'BottomRight': 0.5316406451519528}","{'TopLeft': 0.013987078886803204, 'TopRight': 0.01634720688012062, 'BottomLeft': 0.020689433707652655, 'BottomRight': 0.01854570828660118}",shapes_on_1,1,-0.22740067376030815,0.16388249397277832,1,3.5025177001953125,1,-0.18784443537394205,0.15982171893119812,1,3.4942474365234375
7057.693,113,9,4,1,"{'TopLeft': 0.45082607852315754, 'TopRight': 0.4873795443493595, 'BottomLeft': 0.5483019873930293, 'BottomRight': 0.5316406451519528}","{'TopLeft': 0.013987078886803204, 'TopRight': 0.01634720688012062, 'BottomLeft': 0.020689433707652655, 'BottomRight': 0.01854570828660118}",shapes_on_1,1,-0.23082521226671004,0.15398472547531128,1,3.5172882080078125,1,-0.18816343943277994,0.15904080867767334,1,3.49517822265625
7074.36,113,9,4,1,"{'TopLeft': 0.45082607852315754, 'TopRight': 0.4873795443493595, 'BottomLeft': 0.5483019873930293, 'BottomRight': 0.5316406451519528}","{'TopLeft': 0.013987078886803204, 'TopRight': 0.01634720688012062, 'BottomLeft': 0.020689433707652655, 'BottomRight': 0.01854570828660118}",shapes_on_1,0,nan,nan,0,nan,1,-0.1847431394788954,0.15557408332824707,1,3.51025390625
7091.027,113,9,4,1,"{'TopLeft': 0.45082607852315754, 'TopRight': 0.4873795443493595, 'BottomLeft': 0.5483019873930293, 'BottomRight': 0.5316406451519528}","{'TopLeft': 0.013987078886803204, 'TopRight': 0.01634720688012062, 'BottomLeft': 0.020689433707652655, 'BottomRight': 0.01854570828660118}",shapes_on_1,1,-0.33005163404676646,0.17624786496162415,1,3.548583984375,1,-0.2803797192043728,0.19578003883361816,1,3.5266265869140625
7107.694,113,9,4,1,"{'TopLeft': 0.45082607852315754, 'TopRight': 0.4873795443493595, 'BottomLeft': 0.5483019873930293, 'BottomRight': 0.5316406451519528}","{'TopLeft': 0.013987078886803204, 'TopRight': 0.01634720688012062, 'BottomLeft': 0.020689433707652655, 'BottomRight': 0.01854570828660118}",shapes_on_1,1,-0.30834372838338214,0.1506481170654297,1,3.5585479736328125,1,-0.27434910668267143,0.1643408238887787,1,3.543792724609375
7124.362,113,9,4,1,"{'TopLeft': 0.45082607852315754, 'TopRight': 0.4873795443493595, 'BottomLeft': 0.5483019873930293, 'BottomRight': 0.5316406451519528}","{'TopLeft': 0.013987078886803204, 'TopRight': 0.01634720688012062, 'BottomLeft': 0.020689433707652655, 'BottomRight': 0.01854570828660118}",shapes_on_1,1,-0.31918308469984263,0.16148343682289124,1,3.565521240234375,1,-0.2848393122355143,0.16470551490783691,1,3.5426177978515625
7141.028,113,9,4,1,"{'TopLeft': 0.45082607852315754, 'TopRight': 0.4873795443493595, 'BottomLeft': 0.5483019873930293, 'BottomRight': 0.5316406451519528}","{'TopLeft': 0.013987078886803204, 'TopRight': 0.01634720688012062, 'BottomLeft': 0.020689433707652655, 'BottomRight': 0.01854570828660118}",shapes_on_1,1,-0.3376710149976942,0.13988769054412842,1,3.5438690185546875,1,-0.28279293908013237,0.16237932443618774,1,3.5277099609375
7157.695,113,9,4,1,"{'TopLeft': 0.45082607852315754, 'TopRight': 0.4873795443493595, 'BottomLeft': 0.5483019873930293, 'BottomRight': 0.5316406451519528}","{'TopLeft': 0.013987078886803204, 'TopRight': 0.01634720688012062, 'BottomLeft': 0.020689433707652655, 'BottomRight': 0.01854570828660118}",shapes_on_1,1,-0.32293452156914604,0.1296462118625641,1,3.5790252685546875,1,-0.27892091539171004,0.1262769103050232,1,3.547882080078125
7174.363,113,9,4,1,"{'TopLeft': 0.45082607852315754, 'TopRight': 0.4873795443493595, 'BottomLeft': 0.5483019873930293, 'BottomRight': 0.5316406451519528}","{'TopLeft': 0.013987078886803204, 'TopRight': 0.01634720688012062, 'BottomLeft': 0.020689433707652655, 'BottomRight': 0.01854570828660118}",shapes_on_1,1,-0.31594891018337673,-0.19798743724822998,1,3.586334228515625,1,-0.2677444881863064,-0.17569434642791748,1,3.54595947265625
7191.029,113,9,4,1,"{'TopLeft': 0.45082607852315754, 'TopRight': 0.4873795443493595, 'BottomLeft': 0.5483019873930293, 'BottomRight': 0.5316406451519528}","{'TopLeft': 0.013987078886803204, 'TopRight': 0.01634720688012062, 'BottomLeft': 0.020689433707652655, 'BottomRight': 0.01854570828660118}",shapes_on_1,1,-0.34150277243720156,-0.36839163303375244,1,3.5777587890625,1,-0.28808996412489146,-0.33856940269470215,1,3.5243072509765625
7207.697,113,9,4,1,"{'TopLeft': 0.45082607852315754, 'TopRight': 0.4873795443493595, 'BottomLeft': 0.5483019873930293, 'BottomRight': 0.5316406451519528}","{'TopLeft': 0.013987078886803204, 'TopRight': 0.01634720688012062, 'BottomLeft': 0.020689433707652655, 'BottomRight': 0.01854570828660118}",shapes_on_1,1,-0.3324497540791829,-0.3512892723083496,1,3.5792236328125,1,-0.2771347893608941,-0.30621522665023804,1,3.521759033203125
7224.364,113,9,4,1,"{'TopLeft': 0.45082607852315754, 'TopRight': 0.4873795443493595, 'BottomLeft': 0.5483019873930293, 'BottomRight': 0.5316406451519528}","{'TopLeft': 0.013987078886803204, 'TopRight': 0.01634720688012062, 'BottomLeft': 0.020689433707652655, 'BottomRight': 0.01854570828660118}",shapes_on_1,1,-0.3285059399074978,-0.36666345596313477,1,3.5749359130859375,1,-0.2866494920518663,-0.3280317187309265,1,3.52264404296875
7241.031,113,9,4,1,"{'TopLeft': 0.45082607852315754, 'TopRight': 0.4873795443493595, 'BottomLeft': 0.5483019873930293, 'BottomRight': 0.5316406451519528}","{'TopLeft': 0.013987078886803204, 'TopRight': 0.01634720688012062, 'BottomLeft': 0.020689433707652655, 'BottomRight': 0.01854570828660118}",shapes_on_1,1,-0.3335010210673014,-0.3728916049003601,1,3.575439453125,1,-0.2833857536315918,-0.33123695850372314,1,3.5188751220703125
7257.698,113,9,4,1,"{'TopLeft': 0.45082607852315754, 'TopRight': 0.4873795443493595, 'BottomLeft': 0.5483019873930293, 'BottomRight': 0.5316406451519528}","{'TopLeft': 0.013987078886803204, 'TopRight': 0.01634720688012062, 'BottomLeft': 0.020689433707652655, 'BottomRight': 0.01854570828660118}",shapes_on_1,1,-0.32529597812228733,-0.37231552600860596,1,3.57220458984375,1,-0.2804367277357313,-0.3303561210632324,1,3.5138092041015625
7274.366,113,9,4,1,"{'TopLeft': 0.45082607852315754, 'TopRight': 0.4873795443493595, 'BottomLeft': 0.5483019873930293, 'BottomRight': 0.5316406451519528}","{'TopLeft': 0.013987078886803204, 'TopRight': 0.01634720688012062, 'BottomLeft': 0.020689433707652655, 'BottomRight': 0.01854570828660118}",shapes_on_1,1,-0.32677825291951496,-0.3720775246620178,1,3.5687255859375,1,-0.2892017894321018,-0.33755016326904297,1,3.51470947265625
7291.032,113,9,4,1,"{'TopLeft': 0.45082607852315754, 'TopRight': 0.4873795443493595, 'BottomLeft': 0.5483019873930293, 'BottomRight': 0.5316406451519528}","{'TopLeft': 0.013987078886803204, 'TopRight': 0.01634720688012062, 'BottomLeft': 0.020689433707652655, 'BottomRight': 0.01854570828660118}",shapes_on_1,1,-0.32878663804796004,-0.37670713663101196,1,3.5662384033203125,1,-0.28703122668796116,-0.3382222056388855,1,3.5081939697265625
7307.7,113,9,4,1,"{'TopLeft': 0.45082607852315754, 'TopRight': 0.4873795443493595, 'BottomLeft': 0.5483019873930293, 'BottomRight': 0.5316406451519528}","{'TopLeft': 0.013987078886803204, 'TopRight': 0.01634720688012062, 'BottomLeft': 0.020689433707652655, 'BottomRight': 0.01854570828660118}",shapes_on_1,1,-0.32779720094468856,-0.37141865491867065,1,3.56011962890625,1,-0.28618696000840926,-0.3339376449584961,1,3.50994873046875
7324.367,113,9,4,1,"{'TopLeft': 0.45082607852315754, 'TopRight': 0.4873795443493595, 'BottomLeft': 0.5483019873930293, 'BottomRight': 0.5316406451519528}","{'TopLeft': 0.013987078886803204, 'TopRight': 0.01634720688012062, 'BottomLeft': 0.020689433707652655, 'BottomRight': 0.01854570828660118}",shapes_on_1,1,-0.32065757115681964,-0.3659716844558716,1,3.5616455078125,1,-0.2847062746683756,-0.3357311487197876,1,3.511749267578125
7341.033,113,9,4,1,"{'TopLeft': 0.45082607852315754, 'TopRight': 0.4873795443493595, 'BottomLeft': 0.5483019873930293, 'BottomRight': 0.5316406451519528}","{'TopLeft': 0.013987078886803204, 'TopRight': 0.01634720688012062, 'BottomLeft': 0.020689433707652655, 'BottomRight': 0.01854570828660118}",shapes_on_1,1,-0.31982294718424475,-0.3696057200431824,1,3.5662078857421875,1,-0.29156679577297634,-0.33812087774276733,1,3.5109100341796875
7357.701,113,9,4,1,"{'TopLeft': 0.45082607852315754, 'TopRight': 0.4873795443493595, 'BottomLeft': 0.5483019873930293, 'BottomRight': 0.5316406451519528}","{'TopLeft': 0.013987078886803204, 'TopRight': 0.01634720688012062, 'BottomLeft': 0.020689433707652655, 'BottomRight': 0.01854570828660118}",shapes_on_1,1,-0.3172350459628635,-0.3730122447013855,1,3.55810546875,1,-0.28752591874864364,-0.33692997694015503,1,3.51141357421875
7374.368,113,9,4,1,"{'TopLeft': 0.45082607852315754, 'TopRight': 0.4873795443493595, 'BottomLeft': 0.5483019873930293, 'BottomRight': 0.5316406451519528}","{'TopLeft': 0.013987078886803204, 'TopRight': 0.01634720688012062, 'BottomLeft': 0.020689433707652655, 'BottomRight': 0.01854570828660118}",shapes_on_1,1,-0.3249034351772732,-0.3712589740753174,1,3.5594329833984375,1,-0.28799189461602104,-0.33401191234588623,1,3.5083465576171875
7391.035,113,9,4,1,"{'TopLeft': 0.45082607852315754, 'TopRight': 0.4873795443493595, 'BottomLeft': 0.5483019873930293, 'BottomRight': 0.5316406451519528}","{'TopLeft': 0.013987078886803204, 'TopRight': 0.01634720688012062, 'BottomLeft': 0.020689433707652655, 'BottomRight': 0.01854570828660118}",shapes_on_1,1,-0.3318203820122613,-0.3661234378814697,1,3.551666259765625,1,-0.2814833323160807,-0.3372493386268616,1,3.5052947998046875
7407.701,113,9,4,1,"{'TopLeft': 0.45082607852315754, 'TopRight': 0.4873795443493595, 'BottomLeft': 0.5483019873930293, 'BottomRight': 0.5316406451519528}","{'TopLeft': 0.013987078886803204, 'TopRight': 0.01634720688012062, 'BottomLeft': 0.020689433707652655, 'BottomRight': 0.01854570828660118}",shapes_on_1,1,-0.3290804757012261,-0.3617672324180603,1,3.5406036376953125,1,-0.2884892357720269,-0.3395944833755493,1,3.490478515625
7424.369,113,9,4,1,"{'TopLeft': 0.45082607852315754, 'TopRight': 0.4873795443493595, 'BottomLeft': 0.5483019873930293, 'BottomRight': 0.5316406451519528}","{'TopLeft': 0.013987078886803204, 'TopRight': 0.01634720688012062, 'BottomLeft': 0.020689433707652655, 'BottomRight': 0.01854570828660118}",shapes_on_1,1,-0.3277135425143772,-0.3647448420524597,1,3.533538818359375,1,-0.28555170694986975,-0.333018958568573,1,3.4860687255859375
7441.034,113,9,4,1,"{'TopLeft': 0.45082607852315754, 'TopRight': 0.4873795443493595, 'BottomLeft': 0.5483019873930293, 'BottomRight': 0.5316406451519528}","{'TopLeft': 0.013987078886803204, 'TopRight': 0.01634720688012062, 'BottomLeft': 0.020689433707652655, 'BottomRight': 0.01854570828660118}",shapes_on_1,1,-0.3314075469970703,-0.36792826652526855,1,3.5189056396484375,1,-0.28481075498792857,-0.33364808559417725,1,3.4668121337890625
7457.702,113,9,4,1,"{'TopLeft': 0.45082607852315754, 'TopRight': 0.4873795443493595, 'BottomLeft': 0.5483019873930293, 'BottomRight': 0.5316406451519528}","{'TopLeft': 0.013987078886803204, 'TopRight': 0.01634720688012062, 'BottomLeft': 0.020689433707652655, 'BottomRight': 0.01854570828660118}",shapes_on_1,1,-0.32664574517144096,-0.36618006229400635,1,3.49951171875,1,-0.2875194549560547,-0.3366929292678833,1,3.4512481689453125
7474.368,113,9,4,1,"{'TopLeft': 0.45082607852315754, 'TopRight': 0.4873795443493595, 'BottomLeft': 0.5483019873930293, 'BottomRight': 0.5316406451519528}","{'TopLeft': 0.013987078886803204, 'TopRight': 0.01634720688012062, 'BottomLeft': 0.020689433707652655, 'BottomRight': 0.01854570828660118}",shapes_on_1,1,-0.3209546407063802,-0.35694360733032227,1,3.4911041259765625,1,-0.287537415822347,-0.32942187786102295,1,3.431976318359375
7491.034,113,9,4,1,"{'TopLeft': 0.45082607852315754, 'TopRight': 0.4873795443493595, 'BottomLeft': 0.5483019873930293, 'BottomRight': 0.5316406451519528}","{'TopLeft': 0.013987078886803204, 'TopRight': 0.01634720688012062, 'BottomLeft': 0.020689433707652655, 'BottomRight': 0.01854570828660118}",shapes_on_1,1,-0.3176771799723307,-0.35087013244628906,1,3.4714202880859375,1,-0.28392839431762695,-0.32815396785736084,1,3.4183502197265625
7507.701,113,9,4,1,"{'TopLeft': 0.45082607852315754, 'TopRight': 0.4873795443493595, 'BottomLeft': 0.5483019873930293, 'BottomRight': 0.5316406451519528}","{'TopLeft': 0.013987078886803204, 'TopRight': 0.01634720688012062, 'BottomLeft': 0.020689433707652655, 'BottomRight': 0.01854570828660118}",shapes_on_1,1,-0.3142476611667209,-0.354542076587677,1,3.4639892578125,1,-0.2866657045152452,-0.33057141304016113,1,3.4077301025390625
7524.368,113,9,4,1,"{'TopLeft': 0.45082607852315754, 'TopRight': 0.4873795443493595, 'BottomLeft': 0.5483019873930293, 'BottomRight': 0.5316406451519528}","{'TopLeft': 0.013987078886803204, 'TopRight': 0.01634720688012062, 'BottomLeft': 0.020689433707652655, 'BottomRight': 0.01854570828660118}",shapes_on_1,1,-0.3127879566616482,-0.3603232502937317,1,3.4499053955078125,1,-0.28483427895439994,-0.32921797037124634,1,3.395538330078125
7541.034,113,9,4,1,"{'TopLeft': 0.45082607852315754, 'TopRight': 0.4873795443493595, 'BottomLeft': 0.5483019873930293, 'BottomRight': 0.5316406451519528}","{'TopLeft': 0.013987078886803204, 'TopRight': 0.01634720688012062, 'BottomLeft': 0.020689433707652655, 'BottomRight': 0.01854570828660118}",shapes_on_1,1,-0.3170435163709852,-0.3600226640701294,1,3.4388885498046875,1,-0.2883603837754991,-0.33593666553497314,1,3.3831024169921875
7557.701,113,9,4,1,"{'TopLeft': 0.45082607852315754, 'TopRight': 0.4873795443493595, 'BottomLeft': 0.5483019873930293, 'BottomRight': 0.5316406451519528}","{'TopLeft': 0.013987078886803204, 'TopRight': 0.01634720688012062, 'BottomLeft': 0.020689433707652655, 'BottomRight': 0.01854570828660118}",shapes_on_1,1,-0.22951009538438583,-0.3913159966468811,1,3.4173583984375,1,-0.16385873158772785,-0.37891077995300293,1,3.3750762939453125
7574.368,113,9,4,1,"{'TopLeft': 0.45082607852315754, 'TopRight': 0.4873795443493595, 'BottomLeft': 0.5483019873930293, 'BottomRight': 0.5316406451519528}","{'TopLeft': 0.013987078886803204, 'TopRight': 0.01634720688012062, 'BottomLeft': 0.020689433707652655, 'BottomRight': 0.01854570828660118}",shapes_on_1,1,0.1124386257595486,-0.6297757625579834,1,3.396209716796875,1,0.11861504448784721,-0.6221822500228882,1,3.35577392578125
7591.034,113,9,4,1,"{'TopLeft': 0.45082607852315754, 'TopRight': 0.4873795443493595, 'BottomLeft': 0.5483019873930293, 'BottomRight': 0.5316406451519528}","{'TopLeft': 0.013987078886803204, 'TopRight': 0.01634720688012062, 'BottomLeft': 0.020689433707652655, 'BottomRight': 0.01854570828660118}",shapes_on_1,1,0.33298089769151473,-0.8230136632919312,1,3.392120361328125,1,0.3134737014770508,-0.799911618232727,1,3.3423309326171875
7607.701,113,9,4,1,"{'TopLeft': 0.45082607852315754, 'TopRight': 0.4873795443493595, 'BottomLeft': 0.5483019873930293, 'BottomRight': 0.5316406451519528}","{'TopLeft': 0.013987078886803204, 'TopRight': 0.01634720688012062, 'BottomLeft': 0.020689433707652655, 'BottomRight': 0.01854570828660118}",shapes_on_1,1,0.35024558173285586,-0.8400827646255493,1,3.398406982421875,1,0.3161277770996094,-0.7894397974014282,1,3.33978271484375
7624.367,113,9,4,1,"{'TopLeft': 0.45082607852315754, 'TopRight': 0.4873795443493595, 'BottomLeft': 0.5483019873930293, 'BottomRight': 0.5316406451519528}","{'TopLeft': 0.013987078886803204, 'TopRight': 0.01634720688012062, 'BottomLeft': 0.020689433707652655, 'BottomRight': 0.01854570828660118}",shapes_on_1,1,0.37440914577907985,-0.8649448156356812,1,3.39349365234375,1,0.331187989976671,-0.8155597448348999,1,3.335205078125
7641.033,113,9,4,1,"{'TopLeft': 0.45082607852315754, 'TopRight': 0.4873795443493595, 'BottomLeft': 0.5483019873930293, 'BottomRight': 0.5316406451519528}","{'TopLeft': 0.013987078886803204, 'TopRight': 0.01634720688012062, 'BottomLeft': 0.020689433707652655, 'BottomRight': 0.01854570828660118}",shapes_on_1,1,0.3585299385918511,-0.8612600564956665,1,3.3838348388671875,1,0.33504486083984375,-0.8028157949447632,1,3.3329925537109375
7657.7,113,9,4,1,"{'TopLeft': 0.45082607852315754, 'TopRight': 0.4873795443493595, 'BottomLeft': 0.5483019873930293, 'BottomRight': 0.5316406451519528}","{'TopLeft': 0.013987078886803204, 'TopRight': 0.01634720688012062, 'BottomLeft': 0.020689433707652655, 'BottomRight': 0.01854570828660118}",shapes_on_1,1,0.3540666368272569,-0.8560023307800293,1,3.376983642578125,1,0.33362950219048393,-0.8040286302566528,1,3.3336181640625
7674.367,113,9,4,1,"{'TopLeft': 0.45082607852315754, 'TopRight': 0.4873795443493595, 'BottomLeft': 0.5483019873930293, 'BottomRight': 0.5316406451519528}","{'TopLeft': 0.013987078886803204, 'TopRight': 0.01634720688012062, 'BottomLeft': 0.020689433707652655, 'BottomRight': 0.01854570828660118}",shapes_on_1,1,0.3470963372124566,-0.8547968864440918,1,3.386749267578125,1,0.3397985034518772,-0.7999124526977539,1,3.3393402099609375
7691.033,113,9,4,1,"{'TopLeft': 0.45082607852315754, 'TopRight': 0.4873795443493595, 'BottomLeft': 0.5483019873930293, 'BottomRight': 0.5316406451519528}","{'TopLeft': 0.013987078886803204, 'TopRight': 0.01634720688012062, 'BottomLeft': 0.020689433707652655, 'BottomRight': 0.01854570828660118}",shapes_on_1,1,0.34729025099012584,-0.8508857488632202,1,3.3778533935546875,1,0.33993932935926646,-0.8093775510787964,1,3.338653564453125
7707.7,113,9,4,1,"{'TopLeft': 0.45082607852315754, 'TopRight': 0.4873795443493595, 'BottomLeft': 0.5483019873930293, 'BottomRight': 0.5316406451519528}","{'TopLeft': 0.013987078886803204, 'TopRight': 0.01634720688012062, 'BottomLeft': 0.020689433707652655, 'BottomRight': 0.01854570828660118}",shapes_on_1,1,0.34476725260416663,-0.8520523309707642,1,3.3816680908203125,1,0.338473637898763,-0.8048197031021118,1,3.3409271240234375
7724.367,113,9,4,1,"{'TopLeft': 0.45082607852315754, 'TopRight': 0.4873795443493595, 'BottomLeft': 0.5483019873930293, 'BottomRight': 0.5316406451519528}","{'TopLeft': 0.013987078886803204, 'TopRight': 0.01634720688012062, 'BottomLeft': 0.020689433707652655, 'BottomRight': 0.01854570828660118}",shapes_on_1,1,0.34906620449490017,-0.8607722520828247,1,3.382965087890625,1,0.3464711507161458,-0.808401346206665,1,3.3441314697265625
7741.033,113,9,4,1,"{'TopLeft': 0.45082607852315754, 'TopRight': 0.4873795443493595, 'BottomLeft': 0.5483019873930293, 'BottomRight': 0.5316406451519528}","{'TopLeft': 0.013987078886803204, 'TopRight': 0.01634720688012062, 'BottomLeft': 0.020689433707652655, 'BottomRight': 0.01854570828660118}",shapes_on_1,1,0.34590890672471786,-0.852331280708313,1,3.3800811767578125,1,0.35300540924072266,-0.8117856979370117,1,3.3462066650390625
7757.7,113,9,4,1,"{'TopLeft': 0.45082607852315754, 'TopRight': 0.4873795443493595, 'BottomLeft': 0.5483019873930293, 'BottomRight': 0.5316406451519528}","{'TopLeft': 0.013987078886803204, 'TopRight': 0.01634720688012062, 'BottomLeft': 0.020689433707652655, 'BottomRight': 0.01854570828660118}",shapes_on_1,1,0.3501158820258246,-0.8563668727874756,1,3.3775634765625,1,0.34561898973253036,-0.8072738647460938,1,3.341339111328125
7774.367,113,9,4,1,"{'TopLeft': 0.45082607852315754, 'TopRight': 0.4873795443493595, 'BottomLeft': 0.5483019873930293, 'BottomRight': 0.5316406451519528}","{'TopLeft': 0.013987078886803204, 'TopRight': 0.01634720688012062, 'BottomLeft': 0.020689433707652655, 'BottomRight': 0.01854570828660118}",shapes_on_1,1,0.34113661448160804,-0.8541033267974854,1,3.3721466064453125,1,0.34304798973931205,-0.8131176233291626,1,3.3545684814453125
7791.033,113,9,4,1,"{'TopLeft': 0.45082607852315754, 'TopRight': 0.4873795443493595, 'BottomLeft': 0.5483019873930293, 'BottomRight': 0.5316406451519528}","{'TopLeft': 0.013987078886803204, 'TopRight': 0.01634720688012062, 'BottomLeft': 0.020689433707652655, 'BottomRight': 0.01854570828660118}",shapes_on_1,1,0.35329776340060765,-0.8548873662948608,1,3.3652496337890625,1,0.3442790773179796,-0.8092852830886841,1,3.354278564453125
7807.699,113,9,4,1,"{'TopLeft': 0.45082607852315754, 'TopRight': 0.4873795443493595, 'BottomLeft': 0.5483019873930293, 'BottomRight': 0.5316406451519528}","{'TopLeft': 0.013987078886803204, 'TopRight': 0.01634720688012062, 'BottomLeft': 0.020689433707652655, 'BottomRight': 0.01854570828660118}",shapes_on_1,1,0.3475083245171441,-0.857262134552002,1,3.3668975830078125,1,0.3437220255533854,-0.8035987615585327,1,3.3494720458984375
7824.366,113,9,4,1,"{'TopLeft': 0.45082607852315754, 'TopRight': 0.4873795443493595, 'BottomLeft': 0.5483019873930293, 'BottomRight': 0.5316406451519528}","{'TopLeft': 0.013987078886803204, 'TopRight': 0.01634720688012062, 'BottomLeft': 0.020689433707652655, 'BottomRight': 0.01854570828660118}",shapes_on_1,1,0.350791507297092,-0.8559495210647583,1,3.3524322509765625,1,0.3416546715630425,-0.8116153478622437,1,3.346038818359375
7841.032,113,9,4,1,"{'TopLeft': 0.45082607852315754, 'TopRight': 0.4873795443493595, 'BottomLeft': 0.5483019873930293, 'BottomRight': 0.5316406451519528}","{'TopLeft': 0.013987078886803204, 'TopRight': 0.01634720688012062, 'BottomLeft': 0.020689433707652655, 'BottomRight': 0.01854570828660118}",shapes_on_1,1,0.23197555541992188,-0.6524271965026855,1,3.3416290283203125,1,0.30868593851725257,-0.6069520711898804,1,3.3503265380859375
7857.699,113,9,4,1,"{'TopLeft': 0.45082607852315754, 'TopRight': 0.4873795443493595, 'BottomLeft': 0.5483019873930293, 'BottomRight': 0.5316406451519528}","{'TopLeft': 0.013987078886803204, 'TopRight': 0.01634720688012062, 'BottomLeft': 0.020689433707652655, 'BottomRight': 0.01854570828660118}",shapes_on_1,1,0.05761019388834635,-0.3814274072647095,1,3.35980224609375,1,0.12382178836398654,-0.3624541759490967,1,3.3599853515625
7874.366,113,9,4,1,"{'TopLeft': 0.45082607852315754, 'TopRight': 0.4873795443493595, 'BottomLeft': 0.5483019873930293, 'BottomRight': 0.5316406451519528}","{'TopLeft': 0.013987078886803204, 'TopRight': 0.01634720688012062, 'BottomLeft': 0.020689433707652655, 'BottomRight': 0.01854570828660118}",shapes_on_1,1,-0.11258188883463541,-0.15869557857513428,1,3.3561248779296875,1,-0.04684591293334961,-0.1487407684326172,1,3.3782196044921875
7891.032,113,9,4,1,"{'TopLeft': 0.45082607852315754, 'TopRight': 0.4873795443493595, 'BottomLeft': 0.5483019873930293, 'BottomRight': 0.5316406451519528}","{'TopLeft': 0.013987078886803204, 'TopRight': 0.01634720688012062, 'BottomLeft': 0.020689433707652655, 'BottomRight': 0.01854570828660118}",shapes_on_1,1,-0.2178709242078993,-0.03880959749221802,1,3.3555450439453125,1,-0.17483891381157768,-0.0233880877494812,1,3.3832550048828125
7907.699,113,9,4,1,"{'TopLeft': 0.45082607852315754, 'TopRight': 0.4873795443493595, 'BottomLeft': 0.5483019873930293, 'BottomRight': 0.5316406451519528}","{'TopLeft': 0.013987078886803204, 'TopRight': 0.01634720688012062, 'BottomLeft': 0.020689433707652655, 'BottomRight': 0.01854570828660118}",shapes_on_1,1,-0.20366085900200737,-0.016045212745666504,1,3.3470611572265625,1,-0.17848163180881074,-0.022383809089660645,1,3.3868408203125
7924.366,113,9,4,1,"{'TopLeft': 0.45082607852315754, 'TopRight': 0.4873795443493595, 'BottomLeft': 0.5483019873930293, 'BottomRight': 0.5316406451519528}","{'TopLeft': 0.013987078886803204, 'TopRight': 0.01634720688012062, 'BottomLeft': 0.020689433707652655, 'BottomRight': 0.01854570828660118}",shapes_on_1,1,-0.22161838743421766,-0.012066125869750977,1,3.3571319580078125,1,-0.19747707578870985,-0.00898897647857666,1,3.3851776123046875
7941.032,113,9,4,1,"{'TopLeft': 0.45082607852315754, 'TopRight': 0.4873795443493595, 'BottomLeft': 0.5483019873930293, 'BottomRight': 0.5316406451519528}","{'TopLeft': 0.013987078886803204, 'TopRight': 0.01634720688012062, 'BottomLeft': 0.020689433707652655, 'BottomRight': 0.01854570828660118}",shapes_on_1,1,-0.21013302273220485,-0.014563798904418945,1,3.363677978515625,1,-0.1933062341478136,-0.012567281723022461,1,3.38934326171875
7957.698,113,9,4,1,"{'TopLeft': 0.45082607852315754, 'TopRight': 0.4873795443493595, 'BottomLeft': 0.5483019873930293, 'BottomRight': 0.5316406451519528}","{'TopLeft': 0.013987078886803204, 'TopRight': 0.01634720688012062, 'BottomLeft': 0.020689433707652655, 'BottomRight': 0.01854570828660118}",shapes_on_1,1,-0.21789651446872285,-0.004495382308959961,1,3.354156494140625,1,-0.1984554926554362,-0.010896146297454834,1,3.3961029052734375
7974.365,113,9,4,1,"{'TopLeft': 0.45082607852315754, 'TopRight': 0.4873795443493595, 'BottomLeft': 0.5483019873930293, 'BottomRight': 0.5316406451519528}","{'TopLeft': 0.013987078886803204, 'TopRight': 0.01634720688012062, 'BottomLeft': 0.020689433707652655, 'BottomRight': 0.01854570828660118}",shapes_on_1,1,-0.21865140067206487,-0.0067144036293029785,1,3.3615875244140625,1,-0.20067130194769964,0.0016891956329345703,1,3.393768310546875
7991.031,113,9,4,1,"{'TopLeft': 0.45082607852315754, 'TopRight': 0.4873795443493595, 'BottomLeft': 0.5483019873930293, 'BottomRight': 0.5316406451519528}","{'TopLeft': 0.013987078886803204, 'TopRight': 0.01634720688012062, 'BottomLeft': 0.020689433707652655, 'BottomRight': 0.01854570828660118}",shapes_on_1,1,-0.22389713923136392,-0.006945013999938965,1,3.367340087890625,1,-0.20563761393229166,-0.004323601722717285,1,3.4081573486328125
8007.698,113,9,4,1,"{'TopLeft': 0.45082607852315754, 'TopRight': 0.4873795443493595, 'BottomLeft': 0.5483019873930293, 'BottomRight': 0.5316406451519528}","{'TopLeft': 0.013987078886803204, 'TopRight': 0.01634720688012062, 'BottomLeft': 0.020689433707652655, 'BottomRight': 0.01854570828660118}",shapes_on_1,1,-0.22034157647026908,-0.006182193756103516,1,3.3810882568359375,1,-0.2044550577799479,-0.005108892917633057,1,3.414031982421875
8024.365,113,9,4,1,"{'TopLeft': 0.45082607852315754, 'TopRight': 0.4873795443493595, 'BottomLeft': 0.5483019873930293, 'BottomRight': 0.5316406451519528}","{'TopLeft': 0.013987078886803204, 'TopRight': 0.01634720688012062, 'BottomLeft': 0.020689433707652655, 'BottomRight': 0.01854570828660118}",shapes_on_1,1,-0.22329621844821504,-0.0021167397499084473,1,3.3835296630859375,1,-0.20471742418077254,-0.0009132623672485352,1,3.423309326171875
8041.031,113,9,4,1,"{'TopLeft': 0.45082607852315754, 'TopRight': 0.4873795443493595, 'BottomLeft': 0.5483019873930293, 'BottomRight': 0.5316406451519528}","{'TopLeft': 0.013987078886803204, 'TopRight': 0.01634720688012062, 'BottomLeft': 0.020689433707652655, 'BottomRight': 0.01854570828660118}",shapes_on_1,1,-0.23186376359727645,-0.00895756483078003,1,3.403839111328125,1,-0.20729923248291016,0.004050135612487793,1,3.422332763671875
8057.698,113,9,4,1,"{'TopLeft': 0.45082607852315754, 'TopRight': 0.4873795443493595, 'BottomLeft': 0.5483019873930293, 'BottomRight': 0.5316406451519528}","{'TopLeft': 0.013987078886803204, 'TopRight': 0.01634720688012062, 'BottomLeft': 0.020689433707652655, 'BottomRight': 0.01854570828660118}",shapes_on_1,1,-0.22994518280029297,-0.005219519138336182,1,3.4128265380859375,1,-0.2089689042833116,0.0041456520557403564,1,3.4442138671875
8074.364,113,9,4,1,"{'TopLeft': 0.45082607852315754, 'TopRight': 0.4873795443493595, 'BottomLeft': 0.5483019873930293, 'BottomRight': 0.5316406451519528}","{'TopLeft': 0.013987078886803204, 'TopRight': 0.01634720688012062, 'BottomLeft': 0.020689433707652655, 'BottomRight': 0.01854570828660118}",shapes_on_1,1,-0.2242570983039008,-0.005719125270843506,1,3.4235992431640625,1,-0.20646497938368055,0.009025275707244873,1,3.4441680908203125
8091.031,113,9,4,1,"{'TopLeft': 0.45082607852315754, 'TopRight': 0.4873795443493595, 'BottomLeft': 0.5483019873930293, 'BottomRight': 0.5316406451519528}","{'TopLeft': 0.013987078886803204, 'TopRight': 0.01634720688012062, 'BottomLeft': 0.020689433707652655, 'BottomRight': 0.01854570828660118}",shapes_on_1,1,-0.2257674005296495,0.0003886222839355469,1,3.4327392578125,1,-0.20938470628526473,0.0019126534461975098,1,3.467193603515625
8107.697,113,9,4,1,"{'TopLeft': 0.45082607852315754, 'TopRight': 0.4873795443493595, 'BottomLeft': 0.5483019873930293, 'BottomRight': 0.5316406451519528}","{'TopLeft': 0.013987078886803204, 'TopRight': 0.01634720688012062, 'BottomLeft': 0.020689433707652655, 'BottomRight': 0.01854570828660118}",shapes_on_1,1,-0.22232781516181097,-0.005207717418670654,1,3.4388427734375,1,-0.20139535268147785,0.004628807306289673,1,3.46820068359375
8124.364,113,9,4,1,"{'TopLeft': 0.45082607852315754, 'TopRight': 0.4873795443493595, 'BottomLeft': 0.5483019873930293, 'BottomRight': 0.5316406451519528}","{'TopLeft': 0.013987078886803204, 'TopRight': 0.01634720688012062, 'BottomLeft': 0.020689433707652655, 'BottomRight': 0.01854570828660118}",shapes_on_1,1,-0.21862199571397567,0.0033541321754455566,1,3.445526123046875,1,-0.20105319552951387,0.008331835269927979,1,3.4710540771484375
8141.03,113,9,4,1,"{'TopLeft': 0.45082607852315754, 'TopRight': 0.4873795443493595, 'BottomLeft': 0.5483019873930293, 'BottomRight': 0.5316406451519528}","{'TopLeft': 0.013987078886803204, 'TopRight': 0.01634720688012062, 'BottomLeft': 0.020689433707652655, 'BottomRight': 0.01854570828660118}",shapes_on_1,1,-0.2530546188354492,0.03804135322570801,1,3.4513092041015625,1,-0.2195961210462782,0.03999727964401245,1,3.488677978515625
8157.696,113,9,4,1,"{'TopLeft': 0.45082607852315754, 'TopRight': 0.4873795443493595, 'BottomLeft': 0.5483019873930293, 'BottomRight': 0.5316406451519528}","{'TopLeft': 0.013987078886803204, 'TopRight': 0.01634720688012062, 'BottomLeft': 0.020689433707652655, 'BottomRight': 0.01854570828660118}",shapes_on_1,1,-0.30772919125027126,0.20783481001853943,1,3.46673583984375,1,-0.251513057284885,0.22706961631774902,1,3.49066162109375
8174.364,113,9,4,1,"{'TopLeft': 0.45082607852315754, 'TopRight': 0.4873795443493595, 'BottomLeft': 0.5483019873930293, 'BottomRight': 0.5316406451519528}","{'TopLeft': 0.013987078886803204, 'TopRight': 0.01634720688012062, 'BottomLeft': 0.020689433707652655, 'BottomRight': 0.01854570828660118}",shapes_on_1,1,-0.3391757541232639,0.2600562870502472,1,3.4596405029296875,1,-0.2838610013326009,0.26739026606082916,1,3.4826812744140625
8191.029,113,9,4,1,"{'TopLeft': 0.45082607852315754, 'TopRight': 0.4873795443493595, 'BottomLeft': 0.5483019873930293, 'BottomRight': 0.5316406451519528}","{'TopLeft': 0.013987078886803204, 'TopRight': 0.01634720688012062, 'BottomLeft': 0.020689433707652655, 'BottomRight': 0.01854570828660118}",shapes_on_1,1,-0.32372066709730357,0.2737358510494232,1,3.4487762451171875,1,-0.293567074669732,0.2683534473180771,1,3.4784393310546875
8207.696,113,9,4,1,"{'TopLeft': 0.45082607852315754, 'TopRight': 0.4873795443493595, 'BottomLeft': 0.5483019873930293, 'BottomRight': 0.5316406451519528}","{'TopLeft': 0.013987078886803204, 'TopRight': 0.01634720688012062, 'BottomLeft': 0.020689433707652655, 'BottomRight': 0.01854570828660118}",shapes_on_1,1,-0.3164101176791721,0.2640156000852585,1,3.4415435791015625,1,-0.30589018927680117,0.2687992751598358,1,3.472503662109375
8224.363,113,9,4,1,"{'TopLeft': 0.45082607852315754, 'TopRight': 0.4873795443493595, 'BottomLeft': 0.5483019873930293, 'BottomRight': 0.5316406451519528}","{'TopLeft': 0.013987078886803204, 'TopRight': 0.01634720688012062, 'BottomLeft': 0.020689433707652655, 'BottomRight': 0.01854570828660118}",shapes_on_1,1,-0.3116899596320258,0.2746473550796509,1,3.4303436279296875,1,-0.29655154546101886,0.2743567228317261,1,3.465484619140625
8241.029,113,9,4,1,"{'TopLeft': 0.45082607852315754, 'TopRight': 0.4873795443493595, 'BottomLeft': 0.5483019873930293, 'BottomRight': 0.5316406451519528}","{'TopLeft': 0.013987078886803204, 'TopRight': 0.01634720688012062, 'BottomLeft': 0.020689433707652655, 'BottomRight': 0.01854570828660118}",shapes_on_1,1,-0.32301754421657985,0.2845337241888046,1,3.4178466796875,1,-0.2957379553053114,0.2547587454319,1,3.453338623046875
8257.696,113,9,4,1,"{'TopLeft': 0.45082607852315754, 'TopRight': 0.4873795443493595, 'BottomLeft': 0.5483019873930293, 'BottomRight': 0.5316406451519528}","{'TopLeft': 0.013987078886803204, 'TopRight': 0.01634720688012062, 'BottomLeft': 0.020689433707652655, 'BottomRight': 0.01854570828660118}",shapes_on_1,1,-0.3092254532708062,0.26604773104190826,1,3.4109344482421875,1,-0.3031788931952582,0.28051920235157013,1,3.4496917724609375
8274.363,113,9,4,1,"{'TopLeft': 0.45082607852315754, 'TopRight': 0.4873795443493595, 'BottomLeft': 0.5483019873930293, 'BottomRight': 0.5316406451519528}","{'TopLeft': 0.013987078886803204, 'TopRight': 0.01634720688012062, 'BottomLeft': 0.020689433707652655, 'BottomRight': 0.01854570828660118}",shapes_on_1,1,-0.3115566571553548,0.2632826268672943,1,3.3984832763671875,1,-0.3046635521782769,0.27301178872585297,1,3.44378662109375
8291.028,113,9,4,1,"{'TopLeft': 0.45082607852315754, 'TopRight': 0.4873795443493595, 'BottomLeft': 0.5483019873930293, 'BottomRight': 0.5316406451519528}","{'TopLeft': 0.013987078886803204, 'TopRight': 0.01634720688012062, 'BottomLeft': 0.020689433707652655, 'BottomRight': 0.01854570828660118}",shapes_on_1,1,-0.3088769382900662,0.26297232508659363,1,3.396728515625,1,-0.30048545201619464,0.27952060103416443,1,3.4375152587890625
8307.695,113,9,4,1,"{'TopLeft': 0.45082607852315754, 'TopRight': 0.4873795443493595, 'BottomLeft': 0.5483019873930293, 'BottomRight': 0.5316406451519528}","{'TopLeft': 0.013987078886803204, 'TopRight': 0.01634720688012062, 'BottomLeft': 0.020689433707652655, 'BottomRight': 0.01854570828660118}",shapes_on_1,1,-0.3029622501797146,0.26344041526317596,1,3.3919677734375,1,-0.28907161288791233,0.2679990828037262,1,3.433929443359375
8324.362,113,9,4,1,"{'TopLeft': 0.45082607852315754, 'TopRight': 0.4873795443493595, 'BottomLeft': 0.5483019873930293, 'BottomRight': 0.5316406451519528}","{'TopLeft': 0.013987078886803204, 'TopRight': 0.01634720688012062, 'BottomLeft': 0.020689433707652655, 'BottomRight': 0.01854570828660118}",shapes_on_1,1,-0.3077689276801215,0.2811967730522156,1,3.3882293701171875,1,-0.30449830161200625,0.3018546998500824,1,3.439117431640625
8341.028,113,9,4,1,"{'TopLeft': 0.45082607852315754, 'TopRight': 0.4873795443493595, 'BottomLeft': 0.5483019873930293, 'BottomRight': 0.5316406451519528}","{'TopLeft': 0.013987078886803204, 'TopRight': 0.01634720688012062, 'BottomLeft': 0.020689433707652655, 'BottomRight': 0.01854570828660118}",shapes_on_1,1,-0.3151475588480631,0.2667558491230011,1,3.393096923828125,1,-0.3001297844780816,0.25978994369506836,1,3.432769775390625
8357.695,113,9,4,1,"{'TopLeft': 0.45082607852315754, 'TopRight': 0.4873795443493595, 'BottomLeft': 0.5483019873930293, 'BottomRight': 0.5316406451519528}","{'TopLeft': 0.013987078886803204, 'TopRight': 0.01634720688012062, 'BottomLeft': 0.020689433707652655, 'BottomRight': 0.01854570828660118}",shapes_on_1,1,-0.30485237969292533,0.261052206158638,1,3.3936309814453125,1,-0.29714695612589515,0.28264063596725464,1,3.433868408203125
8374.361,113,9,4,1,"{'TopLeft': 0.45082607852315754, 'TopRight': 0.4873795443493595, 'BottomLeft': 0.5483019873930293, 'BottomRight': 0.5316406451519528}","{'TopLeft': 0.013987078886803204, 'TopRight': 0.01634720688012062, 'BottomLeft': 0.020689433707652655, 'BottomRight': 0.01854570828660118}",shapes_on_1,1,-0.31161202324761283,0.274843767285347,1,3.3984832763671875,1,-0.29405170016818577,0.2864179313182831,1,3.4395751953125
8391.027,113,9,4,1,"{'TopLeft': 0.45082607852315754, 'TopRight': 0.4873795443493595, 'BottomLeft': 0.5483019873930293, 'BottomRight': 0.5316406451519528}","{'TopLeft': 0.013987078886803204, 'TopRight': 0.01634720688012062, 'BottomLeft': 0.020689433707652655, 'BottomRight': 0.01854570828660118}",shapes_on_1,1,-0.30881738662719727,0.26535508036613464,1,3.399658203125,1,-0.3075840738084581,0.29218217730522156,1,3.4462432861328125
8407.694,113,9,4,1,"{'TopLeft': 0.45082607852315754, 'TopRight': 0.4873795443493595, 'BottomLeft': 0.5483019873930293, 'BottomRight': 0.5316406451519528}","{'TopLeft': 0.013987078886803204, 'TopRight': 0.01634720688012062, 'BottomLeft': 0.020689433707652655, 'BottomRight': 0.01854570828660118}",shapes_on_1,1,-0.30570136176215273,0.26953184604644775,1,3.4145660400390625,1,-0.3011837535434299,0.26469841599464417,1,3.4501800537109375
8424.361,113,9,4,1,"{'TopLeft': 0.45082607852315754, 'TopRight': 0.4873795443493595, 'BottomLeft': 0.5483019873930293, 'BottomRight': 0.5316406451519528}","{'TopLeft': 0.013987078886803204, 'TopRight': 0.01634720688012062, 'BottomLeft': 0.020689433707652655, 'BottomRight': 0.01854570828660118}",shapes_on_1,1,-0.3072015974256727,0.2775895893573761,1,3.420135498046875,1,-0.3004150920444065,0.28143124282360077,1,3.457916259765625
8441.027,113,9,4,1,"{'TopLeft': 0.45082607852315754, 'TopRight': 0.4873795443493595, 'BottomLeft': 0.5483019873930293, 'BottomRight': 0.5316406451519528}","{'TopLeft': 0.013987078886803204, 'TopRight': 0.01634720688012062, 'BottomLeft': 0.020689433707652655, 'BottomRight': 0.01854570828660118}",shapes_on_1,1,-0.3081124623616536,0.2725520431995392,1,3.435333251953125,1,-0.2970344755384657,0.2624562978744507,1,3.4697418212890625
8457.693,113,9,4,1,"{'TopLeft': 0.45082607852315754, 'TopRight': 0.4873795443493595, 'BottomLeft': 0.5483019873930293, 'BottomRight': 0.5316406451519528}","{'TopLeft': 0.013987078886803204, 'TopRight': 0.01634720688012062, 'BottomLeft': 0.020689433707652655, 'BottomRight': 0.01854570828660118}",animate_shapes,1,-0.31260426839192706,0.28564345836639404,1,3.4449920654296875,1,-0.3056868447197808,0.30209171772003174,1,3.47711181640625
8474.36,113,9,4,1,"{'TopLeft': 0.45082607852315754, 'TopRight': 0.4873795443493595, 'BottomLeft': 0.5483019873930293, 'BottomRight': 0.5316406451519528}","{'TopLeft': 0.013987078886803204, 'TopRight': 0.01634720688012062, 'BottomLeft': 0.020689433707652655, 'BottomRight': 0.01854570828660118}",animate_shapes,1,-0.3037330309549967,0.27484193444252014,1,3.4570770263671875,1,-0.29168192545572913,0.2710217833518982,1,3.480133056640625
8491.026,113,9,4,1,"{'TopLeft': 0.45082607852315754, 'TopRight': 0.4873795443493595, 'BottomLeft': 0.5483019873930293, 'BottomRight': 0.5316406451519528}","{'TopLeft': 0.013987078886803204, 'TopRight': 0.01634720688012062, 'BottomLeft': 0.020689433707652655, 'BottomRight': 0.01854570828660118}",animate_shapes,1,-0.3093954722086588,0.2806342542171478,1,3.472564697265625,1,-0.3058755132887098,0.31390708684921265,1,3.4946136474609375
8507.693,113,9,4,1,"{'TopLeft': 0.45082607852315754, 'TopRight': 0.4873795443493595, 'BottomLeft': 0.5483019873930293, 'BottomRight': 0.5316406451519528}","{'TopLeft': 0.013987078886803204, 'TopRight': 0.01634720688012062, 'BottomLeft': 0.020689433707652655, 'BottomRight': 0.01854570828660118}",animate_shapes,1,-0.30602502822875977,0.2825979143381119,1,3.4825592041015625,1,-0.30472935570610893,0.2796780467033386,1,3.492919921875
8524.36,113,9,4,1,"{'TopLeft': 0.45082607852315754, 'TopRight': 0.4873795443493595, 'BottomLeft': 0.5483019873930293, 'BottomRight': 0.5316406451519528}","{'TopLeft': 0.013987078886803204, 'TopRight': 0.01634720688012062, 'BottomLeft': 0.020689433707652655, 'BottomRight': 0.01854570828660118}",animate_shapes,1,-0.30912510553995765,0.2842244505882263,1,3.489013671875,1,-0.29951371086968315,0.2856047600507736,1,3.5008087158203125
8541.026,113,9,4,1,"{'TopLeft': 0.45082607852315754, 'TopRight': 0.4873795443493595, 'BottomLeft': 0.5483019873930293, 'BottomRight': 0.5316406451519528}","{'TopLeft': 0.013987078886803204, 'TopRight': 0.01634720688012062, 'BottomLeft': 0.020689433707652655, 'BottomRight': 0.01854570828660118}",animate_shapes,1,-0.30519236458672416,0.27388791739940643,1,3.4983673095703125,1,-0.29230986701117617,0.26252254843711853,1,3.5068511962890625
8557.692,113,9,4,1,"{'TopLeft': 0.45082607852315754, 'TopRight': 0.4873795443493595, 'BottomLeft': 0.5483019873930293, 'BottomRight': 0.5316406451519528}","{'TopLeft': 0.013987078886803204, 'TopRight': 0.01634720688012062, 'BottomLeft': 0.020689433707652655, 'BottomRight': 0.01854570828660118}",animate_shapes,1,-0.300161255730523,0.27534471452236176,1,3.505615234375,1,-0.2881189982096354,0.27433857321739197,1,3.511688232421875
8574.359,113,9,4,1,"{'TopLeft': 0.45082607852315754, 'TopRight': 0.4873795443493595, 'BottomLeft': 0.5483019873930293, 'BottomRight': 0.5316406451519528}","{'TopLeft': 0.013987078886803204, 'TopRight': 0.01634720688012062, 'BottomLeft': 0.020689433707652655, 'BottomRight': 0.01854570828660118}",animate_shapes,1,-0.30410978529188365,0.2672874480485916,1,3.5165557861328125,1,-0.3029633627997504,0.2763865143060684,1,3.5204315185546875
8591.025,113,9,4,1,"{'TopLeft': 0.45082607852315754, 'TopRight': 0.4873795443493595, 'BottomLeft': 0.5483019873930293, 'BottomRight': 0.5316406451519528}","{'TopLeft': 0.013987078886803204, 'TopRight': 0.01634720688012062, 'BottomLeft': 0.020689433707652655, 'BottomRight': 0.01854570828660118}",animate_shapes,1,-0.29971430036756724,0.27119699120521545,1,3.5287017822265625,1,-0.29623741573757595,0.28572192788124084,1,3.5244293212890625
8607.691,113,9,4,1,"{'TopLeft': 0.45082607852315754, 'TopRight': 0.4873795443493595, 'BottomLeft': 0.5483019873930293, 'BottomRight': 0.5316406451519528}","{'TopLeft': 0.013987078886803204, 'TopRight': 0.01634720688012062, 'BottomLeft': 0.020689433707652655, 'BottomRight': 0.01854570828660118}",animate_shapes,1,-0.2991933822631836,0.27182839810848236,1,3.528717041015625,1,-0.28856298658582896,0.3049818277359009,1,3.534149169921875
8624.358,113,9,4,1,"{'TopLeft': 0.45082607852315754, 'TopRight': 0.4873795443493595, 'BottomLeft': 0.5483019873930293, 'BottomRight': 0.5316406451519528}","{'TopLeft': 0.013987078886803204, 'TopRight': 0.01634720688012062, 'BottomLeft': 0.020689433707652655, 'BottomRight': 0.01854570828660118}",animate_shapes,1,-0.29720624287923175,0.2683154046535492,1,3.5462799072265625,1,-0.29316192203097874,0.28215979039669037,1,3.5418243408203125
8641.024,113,9,4,1,"{'TopLeft': 0.45082607852315754, 'TopRight': 0.4873795443493595, 'BottomLeft': 0.5483019873930293, 'BottomRight': 0.5316406451519528}","{'TopLeft': 0.013987078886803204, 'TopRight': 0.01634720688012062, 'BottomLeft': 0.020689433707652655, 'BottomRight': 0.01854570828660118}",animate_shapes,1,-0.2965639962090386,0.27432358264923096,1,3.555908203125,1,-0.28852934307522243,0.29585927724838257,1,3.5448455810546875
8657.691,113,9,4,1,"{'TopLeft': 0.45082607852315754, 'TopRight': 0.4873795443493595, 'BottomLeft': 0.5483019873930293, 'BottomRight': 0.5316406451519528}","{'TopLeft': 0.013987078886803204, 'TopRight': 0.01634720688012062, 'BottomLeft': 0.020689433707652655, 'BottomRight': 0.01854570828660118}",animate_shapes,1,-0.29379600948757595,0.2699597179889679,1,3.5728912353515625,1,-0.2789566251966688,0.2796236127614975,1,3.553558349609375
8674.358,113,9,4,1,"{'TopLeft': 0.45082607852315754, 'TopRight': 0.4873795443493595, 'BottomLeft': 0.5483019873930293, 'BottomRight': 0.5316406451519528}","{'TopLeft': 0.013987078886803204, 'TopRight': 0.01634720688012062, 'BottomLeft': 0.020689433707652655, 'BottomRight': 0.01854570828660118}",animate_shapes,1,-0.29815467198689777,0.27861595153808594,1,3.5756683349609375,1,-0.2969682481553819,0.3074774295091629,1,3.562591552734375
8691.024,113,9,4,1,"{'TopLeft': 0.45082607852315754, 'TopRight': 0.4873795443493595, 'BottomLeft': 0.5483019873930293, 'BottomRight': 0.5316406451519528}","{'TopLeft': 0.013987078886803204, 'TopRight': 0.01634720688012062, 'BottomLeft': 0.020689433707652655, 'BottomRight': 0.01854570828660118}",animate_shapes,1,-0.29377322726779515,0.2685677707195282,1,3.590301513671875,1,-0.2850336498684353,0.2789711356163025,1,3.57147216796875
8707.69,113,9,4,1,"{'TopLeft': 0.45082607852315754, 'TopRight': 0.4873795443493595, 'BottomLeft': 0.5483019873930293, 'BottomRight': 0.5316406451519528}","{'TopLeft': 0.013987078886803204, 'TopRight': 0.01634720688012062, 'BottomLeft': 0.020689433707652655, 'BottomRight': 0.01854570828660118}",animate_shapes,1,-0.2880942556593153,0.27638764679431915,1,3.5909881591796875,1,-0.2905653847588433,0.30274932086467743,1,3.5781402587890625
8724.357,113,9,4,1,"{'TopLeft': 0.45082607852315754, 'TopRight': 0.4873795443493595, 'BottomLeft': 0.5483019873930293, 'BottomRight': 0.5316406451519528}","{'TopLeft': 0.013987078886803204, 'TopRight': 0.01634720688012062, 'BottomLeft': 0.020689433707652655, 'BottomRight': 0.01854570828660118}",animate_shapes,1,-0.2898747126261393,0.26575207710266113,1,3.6068115234375,1,-0.2777925067477756,0.2765767574310303,1,3.5837860107421875
8741.022,113,9,4,1,"{'TopLeft': 0.45082607852315754, 'TopRight': 0.4873795443493595, 'BottomLeft': 0.5483019873930293, 'BottomRight': 0.5316406451519528}","{'TopLeft': 0.013987078886803204, 'TopRight': 0.01634720688012062, 'BottomLeft': 0.020689433707652655, 'BottomRight': 0.01854570828660118}",animate_shapes,1,-0.3030110465155707,0.2729308605194092,1,3.611724853515625,1,-0.280753665500217,0.28562918305397034,1,3.590484619140625
8757.69,113,9,4,1,"{'TopLeft': 0.45082607852315754, 'TopRight': 0.4873795443493595, 'BottomLeft': 0.5483019873930293, 'BottomRight': 0.5316406451519528}","{'TopLeft': 0.013987078886803204, 'TopRight': 0.01634720688012062, 'BottomLeft': 0.020689433707652655, 'BottomRight': 0.01854570828660118}",animate_shapes,1,-0.29359478420681423,0.2695727050304413,1,3.6153564453125,1,-0.2773786650763618,0.27595430612564087,1,3.6013946533203125
8774.356,113,9,4,1,"{'TopLeft': 0.45082607852315754, 'TopRight': 0.4873795443493595, 'BottomLeft': 0.5483019873930293, 'BottomRight': 0.5316406451519528}","{'TopLeft': 0.013987078886803204, 'TopRight': 0.01634720688012062, 'BottomLeft': 0.020689433707652655, 'BottomRight': 0.01854570828660118}",animate_shapes,1,-0.2998859087626139,0.2746797502040863,1,3.6229705810546875,1,-0.29205184512668186,0.2853146493434906,1,3.6104888916015625
8791.022,113,9,4,1,"{'TopLeft': 0.45082607852315754, 'TopRight': 0.4873795443493595, 'BottomLeft': 0.5483019873930293, 'BottomRight': 0.5316406451519528}","{'TopLeft': 0.013987078886803204, 'TopRight': 0.01634720688012062, 'BottomLeft': 0.020689433707652655, 'BottomRight': 0.01854570828660118}",animate_shapes,1,-0.2935292455885145,0.26268890500068665,1,3.63458251953125,1,-0.2861575020684136,0.27402453124523163,1,3.6147003173828125
8807.689,113,9,4,1,"{'TopLeft': 0.45082607852315754, 'TopRight': 0.4873795443493595, 'BottomLeft': 0.5483019873930293, 'BottomRight': 0.5316406451519528}","{'TopLeft': 0.013987078886803204, 'TopRight': 0.01634720688012062, 'BottomLeft': 0.020689433707652655, 'BottomRight': 0.01854570828660118}",animate_shapes,1,-0.29410579469468856,0.26151594519615173,1,3.639739990234375,1,-0.28912194569905597,0.28092634677886963,1,3.622222900390625
8824.355,113,9,4,1,"{'TopLeft': 0.45082607852315754, 'TopRight': 0.4873795443493595, 'BottomLeft': 0.5483019873930293, 'BottomRight': 0.5316406451519528}","{'TopLeft': 0.013987078886803204, 'TopRight': 0.01634720688012062, 'BottomLeft': 0.020689433707652655, 'BottomRight': 0.01854570828660118}",animate_shapes,1,-0.28861045837402344,0.261921763420105,1,3.6429443359375,1,-0.2733584509955512,0.2697845846414566,1,3.623138427734375
8841.021,113,9,4,1,"{'TopLeft': 0.45082607852315754, 'TopRight': 0.4873795443493595, 'BottomLeft': 0.5483019873930293, 'BottomRight': 0.5316406451519528}","{'TopLeft': 0.013987078886803204, 'TopRight': 0.01634720688012062, 'BottomLeft': 0.020689433707652655, 'BottomRight': 0.01854570828660118}",animate_shapes,1,-0.2913831075032552,0.26457175612449646,1,3.6495361328125,1,-0.2833980984157986,0.2787190228700638,1,3.6338653564453125
8857.688,113,9,4,1,"{'TopLeft': 0.45082607852315754, 'TopRight': 0.4873795443493595, 'BottomLeft': 0.5483019873930293, 'BottomRight': 0.5316406451519528}","{'TopLeft': 0.013987078886803204, 'TopRight': 0.01634720688012062, 'BottomLeft': 0.020689433707652655, 'BottomRight': 0.01854570828660118}",animate_shapes,1,-0.2893175548977322,0.2646806240081787,1,3.6572113037109375,1,-0.2867169910007053,0.27639126777648926,1,3.6392974853515625
8874.355,113,9,4,1,"{'TopLeft': 0.45082607852315754, 'TopRight': 0.4873795443493595, 'BottomLeft': 0.5483019873930293, 'BottomRight': 0.5316406451519528}","{'TopLeft': 0.013987078886803204, 'TopRight': 0.01634720688012062, 'BottomLeft': 0.020689433707652655, 'BottomRight': 0.01854570828660118}",animate_shapes,1,-0.28890901141696507,0.2617091089487076,1,3.6590576171875,1,-0.27915339999728733,0.2688196301460266,1,3.64202880859375
8891.02,113,9,4,1,"{'TopLeft': 0.45082607852315754, 'TopRight': 0.4873795443493595, 'BottomLeft': 0.5483019873930293, 'BottomRight': 0.5316406451519528}","{'TopLeft': 0.013987078886803204, 'TopRight': 0.01634720688012062, 'BottomLeft': 0.020689433707652655, 'BottomRight': 0.01854570828660118}",animate_shapes,1,-0.288564576043023,0.26218381524086,1,3.66058349609375,1,-0.27475351757473415,0.2695714682340622,1,3.6447906494140625
8907.687,113,9,4,1,"{'TopLeft': 0.45082607852315754, 'TopRight': 0.4873795443493595, 'BottomLeft': 0.5483019873930293, 'BottomRight': 0.5316406451519528}","{'TopLeft': 0.013987078886803204, 'TopRight': 0.01634720688012062, 'BottomLeft': 0.020689433707652655, 'BottomRight': 0.01854570828660118}",animate_shapes,1,-0.2887786759270562,0.2584744095802307,1,3.664764404296875,1,-0.280673344930013,0.2839207351207733,1,3.6539306640625
8924.354,113,9,4,1,"{'TopLeft': 0.45082607852315754, 'TopRight': 0.4873795443493595, 'BottomLeft': 0.5483019873930293, 'BottomRight': 0.5316406451519528}","{'TopLeft': 0.013987078886803204, 'TopRight': 0.01634720688012062, 'BottomLeft': 0.020689433707652655, 'BottomRight': 0.01854570828660118}",animate_shapes,1,-0.2892518573337131,0.26401543617248535,1,3.6686859130859375,1,-0.28052870432535804,0.26885244250297546,1,3.6555023193359375
8941.019,113,9,4,1,"{'TopLeft': 0.45082607852315754, 'TopRight': 0.4873795443493595, 'BottomLeft': 0.5483019873930293, 'BottomRight': 0.5316406451519528}","{'TopLeft': 0.013987078886803204, 'TopRight': 0.01634720688012062, 'BottomLeft': 0.020689433707652655, 'BottomRight': 0.01854570828660118}",animate_shapes,1,-0.2883995903862847,0.26169127225875854,1,3.6713409423828125,1,-0.288485050201416,0.2830370366573334,1,3.66259765625
8957.686,113,9,4,1,"{'TopLeft': 0.45082607852315754, 'TopRight': 0.4873795443493595, 'BottomLeft': 0.5483019873930293, 'BottomRight': 0.5316406451519528}","{'TopLeft': 0.013987078886803204, 'TopRight': 0.01634720688012062, 'BottomLeft': 0.020689433707652655, 'BottomRight': 0.01854570828660118}",animate_shapes,1,-0.2851686477661133,0.260214626789093,1,3.6760101318359375,1,-0.2967141999138726,0.26555174589157104,1,3.6311798095703125
8974.353,113,9,4,1,"{'TopLeft': 0.45082607852315754, 'TopRight': 0.4873795443493595, 'BottomLeft': 0.5483019873930293, 'BottomRight': 0.5316406451519528}","{'TopLeft': 0.013987078886803204, 'TopRight': 0.01634720688012062, 'BottomLeft': 0.020689433707652655, 'BottomRight': 0.01854570828660118}",animate_shapes,1,-0.2876977390713162,0.2592658996582031,1,3.6757049560546875,1,-0.28756205240885413,0.2864832431077957,1,3.666595458984375
8991.019,113,9,4,1,"{'TopLeft': 0.45082607852315754, 'TopRight': 0.4873795443493595, 'BottomLeft': 0.5483019873930293, 'BottomRight': 0.5316406451519528}","{'TopLeft': 0.013987078886803204, 'TopRight': 0.01634720688012062, 'BottomLeft': 0.020689433707652655, 'BottomRight': 0.01854570828660118}",animate_shapes,1,-0.2818569607204861,0.25982165336608887,1,3.6808624267578125,1,-0.2795982360839844,0.26305946707725525,1,3.6644439697265625
9007.685,113,9,4,1,"{'TopLeft': 0.45082607852315754, 'TopRight': 0.4873795443493595, 'BottomLeft': 0.5483019873930293, 'BottomRight': 0.5316406451519528}","{'TopLeft': 0.013987078886803204, 'TopRight': 0.01634720688012062, 'BottomLeft': 0.020689433707652655, 'BottomRight': 0.01854570828660118}",animate_shapes,1,-0.28146722581651473,0.25780627131462097,1,3.6761932373046875,1,-0.2851595878601074,0.2706056237220764,1,3.6691741943359375
9024.352,113,9,4,1,"{'TopLeft': 0.45082607852315754, 'TopRight': 0.4873795443493595, 'BottomLeft': 0.5483019873930293, 'BottomRight': 0.5316406451519528}","{'TopLeft': 0.013987078886803204, 'TopRight': 0.01634720688012062, 'BottomLeft': 0.020689433707652655, 'BottomRight': 0.01854570828660118}",animate_shapes,1,-0.28263621860080296,0.2604004740715027,1,3.6782989501953125,1,-0.2737942801581489,0.2659655064344406,1,3.6699371337890625
9041.018,113,9,4,1,"{'TopLeft': 0.45082607852315754, 'TopRight': 0.4873795443493595, 'BottomLeft': 0.5483019873930293, 'BottomRight': 0.5316406451519528}","{'TopLeft': 0.013987078886803204, 'TopRight': 0.01634720688012062, 'BottomLeft': 0.020689433707652655, 'BottomRight': 0.01854570828660118}",animate_shapes,1,-0.2841022279527452,0.2571464627981186,1,3.6795654296875,1,-0.2805279625786675,0.2716573476791382,1,3.66912841796875
9057.685,113,9,4,1,"{'TopLeft': 0.45082607852315754, 'TopRight': 0.4873795443493595, 'BottomLeft': 0.5483019873930293, 'BottomRight': 0.5316406451519528}","{'TopLeft': 0.013987078886803204, 'TopRight': 0.01634720688012062, 'BottomLeft': 0.020689433707652655, 'BottomRight': 0.01854570828660118}",animate_shapes,1,-0.2800414827134874,0.25407907366752625,1,3.6761016845703125,1,-0.28848573896620006,0.26643770933151245,1,3.6674652099609375
9074.351,113,9,4,1,"{'TopLeft': 0.45082607852315754, 'TopRight': 0.4873795443493595, 'BottomLeft': 0.5483019873930293, 'BottomRight': 0.5316406451519528}","{'TopLeft': 0.013987078886803204, 'TopRight': 0.01634720688012062, 'BottomLeft': 0.020689433707652655, 'BottomRight': 0.01854570828660118}",animate_shapes,1,-0.2822517818874783,0.25720253586769104,1,3.6769256591796875,1,-0.2845219506157769,0.2824678421020508,1,3.6651763916015625
9091.017,113,9,4,1,"{'TopLeft': 0.45082607852315754, 'TopRight': 0.4873795443493595, 'BottomLeft': 0.5483019873930293, 'BottomRight': 0.5316406451519528}","{'TopLeft': 0.013987078886803204, 'TopRight': 0.01634720688012062, 'BottomLeft': 0.020689433707652655, 'BottomRight': 0.01854570828660118}",animate_shapes,1,-0.2724188698662652,0.2589954733848572,1,3.675567626953125,1,-0.29050890604654944,0.2450825572013855,1,3.66033935546875
9107.684,113,9,4,1,"{'TopLeft': 0.45082607852315754, 'TopRight': 0.4873795443493595, 'BottomLeft': 0.5483019873930293, 'BottomRight': 0.5316406451519528}","{'TopLeft': 0.013987078886803204, 'TopRight': 0.01634720688012062, 'BottomLeft': 0.020689433707652655, 'BottomRight': 0.01854570828660118}",animate_shapes,1,-0.2756599320305718,0.254922017455101,1,3.6699066162109375,1,-0.28603940539889866,0.27171602845191956,1,3.6532440185546875
9124.35,113,9,4,1,"{'TopLeft': 0.45082607852315754, 'TopRight': 0.4873795443493595, 'BottomLeft': 0.5483019873930293, 'BottomRight': 0.5316406451519528}","{'TopLeft': 0.013987078886803204, 'TopRight': 0.01634720688012062, 'BottomLeft': 0.020689433707652655, 'BottomRight': 0.01854570828660118}",animate_shapes,1,-0.2774434619479709,0.2580968737602234,1,3.6691741943359375,1,-0.28682030571831596,0.24610275030136108,1,3.6515350341796875
9141.016,113,9,4,1,"{'TopLeft': 0.45082607852315754, 'TopRight': 0.4873795443493595, 'BottomLeft': 0.5483019873930293, 'BottomRight': 0.5316406451519528}","{'TopLeft': 0.013987078886803204, 'TopRight': 0.01634720688012062, 'BottomLeft': 0.020689433707652655, 'BottomRight': 0.01854570828660118}",animate_shapes,1,-0.2717636426289876,0.2576717734336853,1,3.657440185546875,1,-0.27965746985541445,0.27532756328582764,1,3.6431884765625
9157.682,113,9,4,1,"{'TopLeft': 0.45082607852315754, 'TopRight': 0.4873795443493595, 'BottomLeft': 0.5483019873930293, 'BottomRight': 0.5316406451519528}","{'TopLeft': 0.013987078886803204, 'TopRight': 0.01634720688012062, 'BottomLeft': 0.020689433707652655, 'BottomRight': 0.01854570828660118}",animate_shapes,1,-0.2738492753770616,0.255377396941185,1,3.6548004150390625,1,-0.2819991641574436,0.25141215324401855,1,3.6328887939453125
9174.35,113,9,4,1,"{'TopLeft': 0.45082607852315754, 'TopRight': 0.4873795443493595, 'BottomLeft': 0.5483019873930293, 'BottomRight': 0.5316406451519528}","{'TopLeft': 0.013987078886803204, 'TopRight': 0.01634720688012062, 'BottomLeft': 0.020689433707652655, 'BottomRight': 0.01854570828660118}",animate_shapes,1,-0.27637947930230033,0.2528657615184784,1,3.6423187255859375,1,-0.27850744459364146,0.27210065722465515,1,3.619293212890625
9191.015,113,9,4,1,"{'TopLeft': 0.45082607852315754, 'TopRight': 0.4873795443493595, 'BottomLeft': 0.5483019873930293, 'BottomRight': 0.5316406451519528}","{'TopLeft': 0.013987078886803204, 'TopRight': 0.01634720688012062, 'BottomLeft': 0.020689433707652655, 'BottomRight': 0.01854570828660118}",animate_shapes,1,-0.27499887678358287,0.25552667677402496,1,3.6343994140625,1,-0.2740621566772461,0.2533850073814392,1,3.60919189453125
9207.682,113,9,4,1,"{'TopLeft': 0.45082607852315754, 'TopRight': 0.4873795443493595, 'BottomLeft': 0.5483019873930293, 'BottomRight': 0.5316406451519528}","{'TopLeft': 0.013987078886803204, 'TopRight': 0.01634720688012062, 'BottomLeft': 0.020689433707652655, 'BottomRight': 0.01854570828660118}",animate_shapes,1,-0.27794933319091797,0.25233153998851776,1,3.62744140625,1,-0.2781762017144097,0.25931471586227417,1,3.5967559814453125
9224.348,113,9,4,1,"{'TopLeft': 0.45082607852315754, 'TopRight': 0.4873795443493595, 'BottomLeft': 0.5483019873930293, 'BottomRight': 0.5316406451519528}","{'TopLeft': 0.013987078886803204, 'TopRight': 0.01634720688012062, 'BottomLeft': 0.020689433707652655, 'BottomRight': 0.01854570828660118}",animate_shapes,1,-0.27288972006903756,0.2561069279909134,1,3.6175994873046875,1,-0.27639261881510413,0.25712907314300537,1,3.58819580078125
9241.014,113,9,4,1,"{'TopLeft': 0.45082607852315754, 'TopRight': 0.4873795443493595, 'BottomLeft': 0.5483019873930293, 'BottomRight': 0.5316406451519528}","{'TopLeft': 0.013987078886803204, 'TopRight': 0.01634720688012062, 'BottomLeft': 0.020689433707652655, 'BottomRight': 0.01854570828660118}",animate_shapes,1,-0.2786686155531141,0.2530527114868164,1,3.6097564697265625,1,-0.27678145302666557,0.26253731548786163,1,3.5771942138671875
9257.681,113,9,4,1,"{'TopLeft': 0.45082607852315754, 'TopRight': 0.4873795443493595, 'BottomLeft': 0.5483019873930293, 'BottomRight': 0.5316406451519528}","{'TopLeft': 0.013987078886803204, 'TopRight': 0.01634720688012062, 'BottomLeft': 0.020689433707652655, 'BottomRight': 0.01854570828660118}",animate_shapes,1,-0.2786307864718967,0.2498922049999237,1,3.6002044677734375,1,-0.27794498867458767,0.25716543197631836,1,3.567626953125
9274.347,113,9,4,1,"{'TopLeft': 0.45082607852315754, 'TopRight': 0.4873795443493595, 'BottomLeft': 0.5483019873930293, 'BottomRight': 0.5316406451519528}","{'TopLeft': 0.013987078886803204, 'TopRight': 0.01634720688012062, 'BottomLeft': 0.020689433707652655, 'BottomRight': 0.01854570828660118}",animate_shapes,1,-0.28124841054280597,0.2577752470970154,1,3.5913238525390625,1,-0.2826423645019531,0.28262555599212646,1,3.5631103515625
9291.013,113,9,4,1,"{'TopLeft': 0.45082607852315754, 'TopRight': 0.4873795443493595, 'BottomLeft': 0.5483019873930293, 'BottomRight': 0.5316406451519528}","{'TopLeft': 0.013987078886803204, 'TopRight': 0.01634720688012062, 'BottomLeft': 0.020689433707652655, 'BottomRight': 0.01854570828660118}",animate_shapes,1,-0.277677059173584,0.2540074288845062,1,3.5926361083984375,1,-0.27543512980143225,0.2620360553264618,1,3.5581512451171875
9307.679,113,9,4,1,"{'TopLeft': 0.45082607852315754, 'TopRight': 0.4873795443493595, 'BottomLeft': 0.5483019873930293, 'BottomRight': 0.5316406451519528}","{'TopLeft': 0.013987078886803204, 'TopRight': 0.01634720688012062, 'BottomLeft': 0.020689433707652655, 'BottomRight': 0.01854570828660118}",animate_shapes,1,-0.27607817120022243,0.2602796256542206,1,3.586761474609375,1,-0.2778103086683485,0.2877001613378525,1,3.55340576171875
9324.346,113,9,4,1,"{'TopLeft': 0.45082607852315754, 'TopRight': 0.4873795443493595, 'BottomLeft': 0.5483019873930293, 'BottomRight': 0.5316406451519528}","{'TopLeft': 0.013987078886803204, 'TopRight': 0.01634720688012062, 'BottomLeft': 0.020689433707652655, 'BottomRight': 0.01854570828660118}",animate_shapes,1,-0.272339661916097,0.2607112526893616,1,3.585205078125,1,-0.27578147252400714,0.27876657247543335,1,3.548797607421875
9341.012,113,9,4,1,"{'TopLeft': 0.45082607852315754, 'TopRight': 0.4873795443493595, 'BottomLeft': 0.5483019873930293, 'BottomRight': 0.5316406451519528}","{'TopLeft': 0.013987078886803204, 'TopRight': 0.01634720688012062, 'BottomLeft': 0.020689433707652655, 'BottomRight': 0.01854570828660118}",animate_shapes,1,-0.2820008595784505,0.2551766633987427,1,3.581451416015625,1,-0.2735015551249186,0.28465548157691956,1,3.5461883544921875
9357.679,113,9,4,1,"{'TopLeft': 0.45082607852315754, 'TopRight': 0.4873795443493595, 'BottomLeft': 0.5483019873930293, 'BottomRight': 0.5316406451519528}","{'TopLeft': 0.013987078886803204, 'TopRight': 0.01634720688012062, 'BottomLeft': 0.020689433707652655, 'BottomRight': 0.01854570828660118}",animate_shapes,1,-0.266824828253852,0.2506621181964874,1,3.584228515625,1,-0.2739921145968967,0.28140944242477417,1,3.5417633056640625
9374.345,113,9,4,1,"{'TopLeft': 0.45082607852315754, 'TopRight': 0.4873795443493595, 'BottomLeft': 0.5483019873930293, 'BottomRight': 0.5316406451519528}","{'TopLeft': 0.013987078886803204, 'TopRight': 0.01634720688012062, 'BottomLeft': 0.020689433707652655, 'BottomRight': 0.01854570828660118}",animate_shapes,1,-0.26827801598442924,0.25147831439971924,1,3.58160400390625,1,-0.27273745006985134,0.28633925318717957,1,3.5360107421875
9391.011,113,9,4,1,"{'TopLeft': 0.45082607852315754, 'TopRight': 0.4873795443493595, 'BottomLeft': 0.5483019873930293, 'BottomRight': 0.5316406451519528}","{'TopLeft': 0.013987078886803204, 'TopRight': 0.01634720688012062, 'BottomLeft': 0.020689433707652655, 'BottomRight': 0.01854570828660118}",animate_shapes,1,-0.26172028647528756,0.2587732672691345,1,3.5871124267578125,1,-0.27848662270439994,0.29123011231422424,1,3.5389251708984375
9407.677,113,9,4,1,"{'TopLeft': 0.45082607852315754, 'TopRight': 0.4873795443493595, 'BottomLeft': 0.5483019873930293, 'BottomRight': 0.5316406451519528}","{'TopLeft': 0.013987078886803204, 'TopRight': 0.01634720688012062, 'BottomLeft': 0.020689433707652655, 'BottomRight': 0.01854570828660118}",animate_shapes,1,-0.26863188213772243,0.25663894414901733,1,3.5829925537109375,1,-0.28007274203830296,0.2912239134311676,1,3.536163330078125
9424.344,113,9,4,1,"{'TopLeft': 0.45082607852315754, 'TopRight': 0.4873795443493595, 'BottomLeft': 0.5483019873930293, 'BottomRight': 0.5316406451519528}","{'TopLeft': 0.013987078886803204, 'TopRight': 0.01634720688012062, 'BottomLeft': 0.020689433707652655, 'BottomRight': 0.01854570828660118}",animate_shapes,1,-0.2637701564364963,0.2549145519733429,1,3.5854339599609375,1,-0.2653729120890299,0.27254921197891235,1,3.5257110595703125
9441.01,113,9,4,1,"{'TopLeft': 0.45082607852315754, 'TopRight': 0.4873795443493595, 'BottomLeft': 0.5483019873930293, 'BottomRight': 0.5316406451519528}","{'TopLeft': 0.013987078886803204, 'TopRight': 0.01634720688012062, 'BottomLeft': 0.020689433707652655, 'BottomRight': 0.01854570828660118}",animate_shapes,1,-0.2674441867404514,0.2651330977678299,1,3.5835418701171875,1,-0.2728826734754774,0.2846296429634094,1,3.526885986328125
9457.676,113,9,4,1,"{'TopLeft': 0.45082607852315754, 'TopRight': 0.4873795443493595, 'BottomLeft': 0.5483019873930293, 'BottomRight': 0.5316406451519528}","{'TopLeft': 0.013987078886803204, 'TopRight': 0.01634720688012062, 'BottomLeft': 0.020689433707652655, 'BottomRight': 0.01854570828660118}",shapes_on_2,1,-0.2627802954779731,0.2527783215045929,1,3.584503173828125,1,-0.27418295542399085,0.28180454671382904,1,3.530853271484375
9474.343,113,9,4,1,"{'TopLeft': 0.45082607852315754, 'TopRight': 0.4873795443493595, 'BottomLeft': 0.5483019873930293, 'BottomRight': 0.5316406451519528}","{'TopLeft': 0.013987078886803204, 'TopRight': 0.01634720688012062, 'BottomLeft': 0.020689433707652655, 'BottomRight': 0.01854570828660118}",shapes_on_2,1,-0.2690938313802083,0.24752962589263916,1,3.5821533203125,1,-0.27647897932264537,0.2873571515083313,1,3.528839111328125
9491.008,113,9,4,1,"{'TopLeft': 0.45082607852315754, 'TopRight': 0.4873795443493595, 'BottomLeft': 0.5483019873930293, 'BottomRight': 0.5316406451519528}","{'TopLeft': 0.013987078886803204, 'TopRight': 0.01634720688012062, 'BottomLeft': 0.020689433707652655, 'BottomRight': 0.01854570828660118}",shapes_on_2,1,-0.26849497689141166,0.2516258955001831,1,3.5881195068359375,1,-0.2606922255622016,0.2720324397087097,1,3.5283966064453125
9507.675,113,9,4,1,"{'TopLeft': 0.45082607852315754, 'TopRight': 0.4873795443493595, 'BottomLeft': 0.5483019873930293, 'BottomRight': 0.5316406451519528}","{'TopLeft': 0.013987078886803204, 'TopRight': 0.01634720688012062, 'BottomLeft': 0.020689433707652655, 'BottomRight': 0.01854570828660118}",shapes_on_2,1,-0.27010440826416016,0.25575509667396545,1,3.585052490234375,1,-0.26494386461046004,0.279243066906929,1,3.529693603515625
9524.342,113,9,4,1,"{'TopLeft': 0.45082607852315754, 'TopRight': 0.4873795443493595, 'BottomLeft': 0.5483019873930293, 'BottomRight': 0.5316406451519528}","{'TopLeft': 0.013987078886803204, 'TopRight': 0.01634720688012062, 'BottomLeft': 0.020689433707652655, 'BottomRight': 0.01854570828660118}",shapes_on_2,1,-0.2618112564086914,0.25827160477638245,1,3.58709716796875,1,-0.2614734437730577,0.27126164734363556,1,3.532989501953125
9541.008,113,9,4,1,"{'TopLeft': 0.45082607852315754, 'TopRight': 0.4873795443493595, 'BottomLeft': 0.5483019873930293, 'BottomRight': 0.5316406451519528}","{'TopLeft': 0.013987078886803204, 'TopRight': 0.01634720688012062, 'BottomLeft': 0.020689433707652655, 'BottomRight': 0.01854570828660118}",shapes_on_2,1,-0.26487647162543404,0.26211215555667877,1,3.589752197265625,1,-0.27693388197157115,0.2847956120967865,1,3.539459228515625
9557.674,113,9,4,1,"{'TopLeft': 0.45082607852315754, 'TopRight': 0.4873795443493595, 'BottomLeft': 0.5483019873930293, 'BottomRight': 0.5316406451519528}","{'TopLeft': 0.013987078886803204, 'TopRight': 0.01634720688012062, 'BottomLeft': 0.020689433707652655, 'BottomRight': 0.01854570828660118}",shapes_on_2,1,-0.26240497165256077,0.2606673836708069,1,3.5932159423828125,1,-0.26908530129326713,0.2778410166501999,1,3.547943115234375
9574.341,113,9,4,1,"{'TopLeft': 0.45082607852315754, 'TopRight': 0.4873795443493595, 'BottomLeft': 0.5483019873930293, 'BottomRight': 0.5316406451519528}","{'TopLeft': 0.013987078886803204, 'TopRight': 0.01634720688012062, 'BottomLeft': 0.020689433707652655, 'BottomRight': 0.01854570828660118}",shapes_on_2,1,-0.2642839219835069,0.26476746797561646,1,3.586639404296875,1,-0.27166514926486546,0.28709207475185394,1,3.55535888671875
9591.006,113,9,4,1,"{'TopLeft': 0.45082607852315754, 'TopRight': 0.4873795443493595, 'BottomLeft': 0.5483019873930293, 'BottomRight': 0.5316406451519528}","{'TopLeft': 0.013987078886803204, 'TopRight': 0.01634720688012062, 'BottomLeft': 0.020689433707652655, 'BottomRight': 0.01854570828660118}",shapes_on_2,1,-0.2625356250339084,0.26082268357276917,1,3.5901947021484375,1,-0.2661573621961805,0.2739793062210083,1,3.5560150146484375
9607.673,113,9,4,1,"{'TopLeft': 0.45082607852315754, 'TopRight': 0.4873795443493595, 'BottomLeft': 0.5483019873930293, 'BottomRight': 0.5316406451519528}","{'TopLeft': 0.013987078886803204, 'TopRight': 0.01634720688012062, 'BottomLeft': 0.020689433707652655, 'BottomRight': 0.01854570828660118}",shapes_on_2,1,-0.2706673940022786,0.26750385761260986,1,3.584869384765625,1,-0.26662879519992405,0.28860414028167725,1,3.56512451171875
9624.34,113,9,4,1,"{'TopLeft': 0.45082607852315754, 'TopRight': 0.4873795443493595, 'BottomLeft': 0.5483019873930293, 'BottomRight': 0.5316406451519528}","{'TopLeft': 0.013987078886803204, 'TopRight': 0.01634720688012062, 'BottomLeft': 0.020689433707652655, 'BottomRight': 0.01854570828660118}",shapes_on_2,1,-0.26777993308173287,0.25904619693756104,1,3.59307861328125,1,-0.25833892822265625,0.2808229774236679,1,3.569427490234375
9641.005,113,9,4,1,"{'TopLeft': 0.45082607852315754, 'TopRight': 0.4873795443493595, 'BottomLeft': 0.5483019873930293, 'BottomRight': 0.5316406451519528}","{'TopLeft': 0.013987078886803204, 'TopRight': 0.01634720688012062, 'BottomLeft': 0.020689433707652655, 'BottomRight': 0.01854570828660118}",shapes_on_2,1,-0.27002472347683376,0.2610992342233658,1,3.5860137939453125,1,-0.2592492633395725,0.2803179621696472,1,3.574432373046875
9657.672,113,9,4,1,"{'TopLeft': 0.45082607852315754, 'TopRight': 0.4873795443493595, 'BottomLeft': 0.5483019873930293, 'BottomRight': 0.5316406451519528}","{'TopLeft': 0.013987078886803204, 'TopRight': 0.01634720688012062, 'BottomLeft': 0.020689433707652655, 'BottomRight': 0.01854570828660118}",shapes_on_2,1,-0.2637702624003092,0.2550598978996277,1,3.595855712890625,1,-0.25165266460842556,0.2820415496826172,1,3.5819091796875
9674.338,113,9,4,1,"{'TopLeft': 0.45082607852315754, 'TopRight': 0.4873795443493595, 'BottomLeft': 0.5483019873930293, 'BottomRight': 0.5316406451519528}","{'TopLeft': 0.013987078886803204, 'TopRight': 0.01634720688012062, 'BottomLeft': 0.020689433707652655, 'BottomRight': 0.01854570828660118}",shapes_on_2,1,-0.2748746871948242,0.26380616426467896,1,3.59375,1,-0.26140790515475804,0.28571102023124695,1,3.586578369140625
9691.005,113,9,4,1,"{'TopLeft': 0.45082607852315754, 'TopRight': 0.4873795443493595, 'BottomLeft': 0.5483019873930293, 'BottomRight': 0.5316406451519528}","{'TopLeft': 0.013987078886803204, 'TopRight': 0.01634720688012062, 'BottomLeft': 0.020689433707652655, 'BottomRight': 0.01854570828660118}",shapes_on_2,1,-0.2586374282836914,0.2615957707166672,1,3.60748291015625,1,-0.2519115342034234,0.2829533815383911,1,3.600830078125
9707.671,113,9,4,1,"{'TopLeft': 0.45082607852315754, 'TopRight': 0.4873795443493595, 'BottomLeft': 0.5483019873930293, 'BottomRight': 0.5316406451519528}","{'TopLeft': 0.013987078886803204, 'TopRight': 0.01634720688012062, 'BottomLeft': 0.020689433707652655, 'BottomRight': 0.01854570828660118}",shapes_on_2,1,-0.26803498797946507,0.26677680015563965,1,3.602020263671875,1,-0.25238121880425346,0.28851424157619476,1,3.6060638427734375
9724.337,113,9,4,1,"{'TopLeft': 0.45082607852315754, 'TopRight': 0.4873795443493595, 'BottomLeft': 0.5483019873930293, 'BottomRight': 0.5316406451519528}","{'TopLeft': 0.013987078886803204, 'TopRight': 0.01634720688012062, 'BottomLeft': 0.020689433707652655, 'BottomRight': 0.01854570828660118}",shapes_on_2,1,-0.26627641254001194,0.2631532847881317,1,3.6117095947265625,1,-0.2488783730400933,0.2885999083518982,1,3.61663818359375
9741.003,113,9,4,1,"{'TopLeft': 0.45082607852315754, 'TopRight': 0.4873795443493595, 'BottomLeft': 0.5483019873930293, 'BottomRight': 0.5316406451519528}","{'TopLeft': 0.013987078886803204, 'TopRight': 0.01634720688012062, 'BottomLeft': 0.020689433707652655, 'BottomRight': 0.01854570828660118}",shapes_on_2,1,-0.278336313035753,0.2627345323562622,1,3.6037750244140625,1,-0.25810840394761825,0.294514536857605,1,3.6262359619140625
9757.669,113,9,4,1,"{'TopLeft': 0.45082607852315754, 'TopRight': 0.4873795443493595, 'BottomLeft': 0.5483019873930293, 'BottomRight': 0.5316406451519528}","{'TopLeft': 0.013987078886803204, 'TopRight': 0.01634720688012062, 'BottomLeft': 0.020689433707652655, 'BottomRight': 0.01854570828660118}",shapes_on_2,1,-0.26436811023288304,0.26653245091438293,1,3.621826171875,1,-0.2571020656161838,0.277899831533432,1,3.6330413818359375
9774.336,113,9,4,1,"{'TopLeft': 0.45082607852315754, 'TopRight': 0.4873795443493595, 'BottomLeft': 0.5483019873930293, 'BottomRight': 0.5316406451519528}","{'TopLeft': 0.013987078886803204, 'TopRight': 0.01634720688012062, 'BottomLeft': 0.020689433707652655, 'BottomRight': 0.01854570828660118}",shapes_on_2,1,-0.25874010721842444,0.26867619156837463,1,3.6235198974609375,1,-0.2617264853583442,0.28746792674064636,1,3.6405792236328125
9791.002,113,9,4,1,"{'TopLeft': 0.45082607852315754, 'TopRight': 0.4873795443493595, 'BottomLeft': 0.5483019873930293, 'BottomRight': 0.5316406451519528}","{'TopLeft': 0.013987078886803204, 'TopRight': 0.01634720688012062, 'BottomLeft': 0.020689433707652655, 'BottomRight': 0.01854570828660118}",shapes_on_2,1,-0.2699775695800781,0.26095472276210785,1,3.61871337890625,1,-0.2619663874308268,0.2785569727420807,1,3.6447906494140625
9807.668,113,9,4,1,"{'TopLeft': 0.45082607852315754, 'TopRight': 0.4873795443493595, 'BottomLeft': 0.5483019873930293, 'BottomRight': 0.5316406451519528}","{'TopLeft': 0.013987078886803204, 'TopRight': 0.01634720688012062, 'BottomLeft': 0.020689433707652655, 'BottomRight': 0.01854570828660118}",shapes_on_2,1,-0.26004420386420357,0.26370613276958466,1,3.622772216796875,1,-0.2627953423394097,0.30730512738227844,1,3.651458740234375
9824.335,113,9,4,1,"{'TopLeft': 0.45082607852315754, 'TopRight': 0.4873795443493595, 'BottomLeft': 0.5483019873930293, 'BottomRight': 0.5316406451519528}","{'TopLeft': 0.013987078886803204, 'TopRight': 0.01634720688012062, 'BottomLeft': 0.020689433707652655, 'BottomRight': 0.01854570828660118}",shapes_on_2,1,-0.2594599193996853,0.2586943209171295,1,3.6328277587890625,1,-0.25662024815877277,0.279086634516716,1,3.6587982177734375
9841.0,113,9,4,1,"{'TopLeft': 0.45082607852315754, 'TopRight': 0.4873795443493595, 'BottomLeft': 0.5483019873930293, 'BottomRight': 0.5316406451519528}","{'TopLeft': 0.013987078886803204, 'TopRight': 0.01634720688012062, 'BottomLeft': 0.020689433707652655, 'BottomRight': 0.01854570828660118}",shapes_on_2,1,-0.26354053285386825,0.25387758016586304,1,3.633514404296875,1,-0.25975608825683594,0.28975313901901245,1,3.6639862060546875
9857.667,113,9,4,1,"{'TopLeft': 0.45082607852315754, 'TopRight': 0.4873795443493595, 'BottomLeft': 0.5483019873930293, 'BottomRight': 0.5316406451519528}","{'TopLeft': 0.013987078886803204, 'TopRight': 0.01634720688012062, 'BottomLeft': 0.020689433707652655, 'BottomRight': 0.01854570828660118}",shapes_on_2,1,-0.2666773266262478,0.26046332716941833,1,3.6292572021484375,1,-0.2713449266221788,0.31116461753845215,1,3.664306640625
9874.334,113,9,4,1,"{'TopLeft': 0.45082607852315754, 'TopRight': 0.4873795443493595, 'BottomLeft': 0.5483019873930293, 'BottomRight': 0.5316406451519528}","{'TopLeft': 0.013987078886803204, 'TopRight': 0.01634720688012062, 'BottomLeft': 0.020689433707652655, 'BottomRight': 0.01854570828660118}",shapes_on_2,1,-0.25820016860961914,0.2592511773109436,1,3.6366424560546875,1,-0.2612362437778049,0.2892531454563141,1,3.67669677734375
9890.999,113,9,4,1,"{'TopLeft': 0.45082607852315754, 'TopRight': 0.4873795443493595, 'BottomLeft': 0.5483019873930293, 'BottomRight': 0.5316406451519528}","{'TopLeft': 0.013987078886803204, 'TopRight': 0.01634720688012062, 'BottomLeft': 0.020689433707652655, 'BottomRight': 0.01854570828660118}",shapes_on_2,1,-0.2658597628275553,0.2668541371822357,1,3.6433563232421875,1,-0.25753996107313365,0.3071627616882324,1,3.6809539794921875
9907.665,113,9,4,1,"{'TopLeft': 0.45082607852315754, 'TopRight': 0.4873795443493595, 'BottomLeft': 0.5483019873930293, 'BottomRight': 0.5316406451519528}","{'TopLeft': 0.013987078886803204, 'TopRight': 0.01634720688012062, 'BottomLeft': 0.020689433707652655, 'BottomRight': 0.01854570828660118}",shapes_on_2,1,-0.268520090315077,0.26562240719795227,1,3.64324951171875,1,-0.2575789557562934,0.3116912841796875,1,3.682342529296875
9924.332,113,9,4,1,"{'TopLeft': 0.45082607852315754, 'TopRight': 0.4873795443493595, 'BottomLeft': 0.5483019873930293, 'BottomRight': 0.5316406451519528}","{'TopLeft': 0.013987078886803204, 'TopRight': 0.01634720688012062, 'BottomLeft': 0.020689433707652655, 'BottomRight': 0.01854570828660118}",shapes_on_2,1,-0.280246098836263,0.25518935918807983,1,3.6391754150390625,1,-0.2654811011420356,0.30652786791324615,1,3.68670654296875
9940.998,113,9,4,1,"{'TopLeft': 0.45082607852315754, 'TopRight': 0.4873795443493595, 'BottomLeft': 0.5483019873930293, 'BottomRight': 0.5316406451519528}","{'TopLeft': 0.013987078886803204, 'TopRight': 0.01634720688012062, 'BottomLeft': 0.020689433707652655, 'BottomRight': 0.01854570828660118}",shapes_on_2,1,-0.2743753857082791,0.25969406962394714,1,3.6594390869140625,1,-0.25173621707492405,0.28068897128105164,1,3.698028564453125
9957.665,113,9,4,1,"{'TopLeft': 0.45082607852315754, 'TopRight': 0.4873795443493595, 'BottomLeft': 0.5483019873930293, 'BottomRight': 0.5316406451519528}","{'TopLeft': 0.013987078886803204, 'TopRight': 0.01634720688012062, 'BottomLeft': 0.020689433707652655, 'BottomRight': 0.01854570828660118}",shapes_on_2,1,-0.2910651101006402,0.24725162982940674,1,3.646270751953125,1,-0.2610193888346354,0.28308379650115967,1,3.7031097412109375
9974.331,113,9,4,1,"{'TopLeft': 0.45082607852315754, 'TopRight': 0.4873795443493595, 'BottomLeft': 0.5483019873930293, 'BottomRight': 0.5316406451519528}","{'TopLeft': 0.013987078886803204, 'TopRight': 0.01634720688012062, 'BottomLeft': 0.020689433707652655, 'BottomRight': 0.01854570828660118}",shapes_on_2,1,-0.31718964046902126,0.18028035759925842,1,3.5183868408203125,1,-0.2983467313978407,0.21547627449035645,1,3.6109619140625
9990.996,113,9,4,1,"{'TopLeft': 0.45082607852315754, 'TopRight': 0.4873795443493595, 'BottomLeft': 0.5483019873930293, 'BottomRight': 0.5316406451519528}","{'TopLeft': 0.013987078886803204, 'TopRight': 0.01634720688012062, 'BottomLeft': 0.020689433707652655, 'BottomRight': 0.01854570828660118}",shapes_on_2,1,-0.5677426656087239,0.04221069812774658,1,3.444549560546875,1,-0.5711836549970838,0.0674368143081665,1,3.3580780029296875
10007.663,113,9,4,1,"{'TopLeft': 0.45082607852315754, 'TopRight': 0.4873795443493595, 'BottomLeft': 0.5483019873930293, 'BottomRight': 0.5316406451519528}","{'TopLeft': 0.013987078886803204, 'TopRight': 0.01634720688012062, 'BottomLeft': 0.020689433707652655, 'BottomRight': 0.01854570828660118}",shapes_on_2,1,-0.6474936008453369,-0.15128612518310547,1,3.259033203125,1,-0.7392379442850748,-0.10888874530792236,1,3.0929107666015625
10024.33,113,9,4,1,"{'TopLeft': 0.45082607852315754, 'TopRight': 0.4873795443493595, 'BottomLeft': 0.5483019873930293, 'BottomRight': 0.5316406451519528}","{'TopLeft': 0.013987078886803204, 'TopRight': 0.01634720688012062, 'BottomLeft': 0.020689433707652655, 'BottomRight': 0.01854570828660118}",shapes_on_2,1,-0.6725235912534925,-0.30703502893447876,1,3.4759368896484375,1,-0.6910958290100098,-0.22722744941711426,1,3.4948883056640625
10040.995,113,9,4,1,"{'TopLeft': 0.45082607852315754, 'TopRight': 0.4873795443493595, 'BottomLeft': 0.5483019873930293, 'BottomRight': 0.5316406451519528}","{'TopLeft': 0.013987078886803204, 'TopRight': 0.01634720688012062, 'BottomLeft': 0.020689433707652655, 'BottomRight': 0.01854570828660118}",shapes_on_2,1,-0.6991916630003187,-0.3721696138381958,1,3.629058837890625,1,-0.7648246155844795,-0.33255141973495483,1,3.6780548095703125
10057.662,113,9,4,1,"{'TopLeft': 0.45082607852315754, 'TopRight': 0.4873795443493595, 'BottomLeft': 0.5483019873930293, 'BottomRight': 0.5316406451519528}","{'TopLeft': 0.013987078886803204, 'TopRight': 0.01634720688012062, 'BottomLeft': 0.020689433707652655, 'BottomRight': 0.01854570828660118}",shapes_on_2,1,-0.7754589584138658,-0.5359212160110474,1,3.6649322509765625,1,-0.8445308903853098,-0.4832215905189514,1,3.7060699462890625
10074.328,113,9,4,1,"{'TopLeft': 0.45082607852315754, 'TopRight': 0.4873795443493595, 'BottomLeft': 0.5483019873930293, 'BottomRight': 0.5316406451519528}","{'TopLeft': 0.013987078886803204, 'TopRight': 0.01634720688012062, 'BottomLeft': 0.020689433707652655, 'BottomRight': 0.01854570828660118}",shapes_on_2,1,-0.7660193178388807,-0.5145536661148071,1,3.669921875,1,-0.86283664074209,-0.5125771760940552,1,3.6887969970703125
10090.993,113,9,4,1,"{'TopLeft': 0.45082607852315754, 'TopRight': 0.4873795443493595, 'BottomLeft': 0.5483019873930293, 'BottomRight': 0.5316406451519528}","{'TopLeft': 0.013987078886803204, 'TopRight': 0.01634720688012062, 'BottomLeft': 0.020689433707652655, 'BottomRight': 0.01854570828660118}",shapes_on_2,1,-0.7664428154627482,-0.5560652017593384,1,3.6773681640625,1,-0.8826325411597887,-0.5575028657913208,1,3.6937408447265625
10107.661,113,9,4,1,"{'TopLeft': 0.45082607852315754, 'TopRight': 0.4873795443493595, 'BottomLeft': 0.5483019873930293, 'BottomRight': 0.5316406451519528}","{'TopLeft': 0.013987078886803204, 'TopRight': 0.01634720688012062, 'BottomLeft': 0.020689433707652655, 'BottomRight': 0.01854570828660118}",shapes_on_2,1,-0.7530036502414279,-0.5742919445037842,1,3.680206298828125,1,-0.9032303243875504,-0.5697296857833862,1,3.6996917724609375
10124.327,113,9,4,1,"{'TopLeft': 0.45082607852315754, 'TopRight': 0.4873795443493595, 'BottomLeft': 0.5483019873930293, 'BottomRight': 0.5316406451519528}","{'TopLeft': 0.013987078886803204, 'TopRight': 0.01634720688012062, 'BottomLeft': 0.020689433707652655, 'BottomRight': 0.01854570828660118}",shapes_on_2,1,-0.7588205867343478,-0.5801452398300171,1,3.6849365234375,1,-0.9009735584259033,-0.580552339553833,1,3.69989013671875
10140.992,113,9,4,1,"{'TopLeft': 0.45082607852315754, 'TopRight': 0.4873795443493595, 'BottomLeft': 0.5483019873930293, 'BottomRight': 0.5316406451519528}","{'TopLeft': 0.013987078886803204, 'TopRight': 0.01634720688012062, 'BottomLeft': 0.020689433707652655, 'BottomRight': 0.01854570828660118}",shapes_on_2,1,-0.7439235581292046,-0.5927270650863647,1,3.702423095703125,1,-0.9067337446742587,-0.5959540605545044,1,3.699005126953125
10157.659,113,9,4,1,"{'TopLeft': 0.45082607852315754, 'TopRight': 0.4873795443493595, 'BottomLeft': 0.5483019873930293, 'BottomRight': 0.5316406451519528}","{'TopLeft': 0.013987078886803204, 'TopRight': 0.01634720688012062, 'BottomLeft': 0.020689433707652655, 'BottomRight': 0.01854570828660118}",shapes_on_2,1,-0.753968318303426,-0.5990216732025146,1,3.69439697265625,1,-0.9170487523078918,-0.5884618759155273,1,3.7095947265625
10174.325,113,9,4,1,"{'TopLeft': 0.45082607852315754, 'TopRight': 0.4873795443493595, 'BottomLeft': 0.5483019873930293, 'BottomRight': 0.5316406451519528}","{'TopLeft': 0.013987078886803204, 'TopRight': 0.01634720688012062, 'BottomLeft': 0.020689433707652655, 'BottomRight': 0.01854570828660118}",shapes_on_2,1,-0.7555098798539903,-0.6092206239700317,1,3.70526123046875,1,-0.9218322237332661,-0.5974791049957275,1,3.7177886962890625
10190.991,113,9,4,1,"{'TopLeft': 0.45082607852315754, 'TopRight': 0.4873795443493595, 'BottomLeft': 0.5483019873930293, 'BottomRight': 0.5316406451519528}","{'TopLeft': 0.013987078886803204, 'TopRight': 0.01634720688012062, 'BottomLeft': 0.020689433707652655, 'BottomRight': 0.01854570828660118}",shapes_on_2,1,-0.7647149562835693,-0.6097371578216553,1,3.7054443359375,1,-0.9306034280194176,-0.6075640916824341,1,3.714447021484375
10207.658,113,9,4,1,"{'TopLeft': 0.45082607852315754, 'TopRight': 0.4873795443493595, 'BottomLeft': 0.5483019873930293, 'BottomRight': 0.5316406451519528}","{'TopLeft': 0.013987078886803204, 'TopRight': 0.01634720688012062, 'BottomLeft': 0.020689433707652655, 'BottomRight': 0.01854570828660118}",shapes_on_2,1,-0.7604516347249348,-0.610992431640625,1,3.7191619873046875,1,-0.9354267881976233,-0.6023424863815308,1,3.73565673828125
10224.324,113,9,4,1,"{'TopLeft': 0.45082607852315754, 'TopRight': 0.4873795443493595, 'BottomLeft': 0.5483019873930293, 'BottomRight': 0.5316406451519528}","{'TopLeft': 0.013987078886803204, 'TopRight': 0.01634720688012062, 'BottomLeft': 0.020689433707652655, 'BottomRight': 0.01854570828660118}",shapes_on_2,1,-0.7601625654432508,-0.6017225980758667,1,3.711944580078125,1,-0.9451826479699876,-0.6087716817855835,1,3.7264556884765625
10240.989,113,9,4,1,"{'TopLeft': 0.45082607852315754, 'TopRight': 0.4873795443493595, 'BottomLeft': 0.5483019873930293, 'BottomRight': 0.5316406451519528}","{'TopLeft': 0.013987078886803204, 'TopRight': 0.01634720688012062, 'BottomLeft': 0.020689433707652655, 'BottomRight': 0.01854570828660118}",shapes_on_2,1,-0.7757669024997287,-0.6051946878433228,1,3.7109375,1,-0.9523483647240533,-0.6093583106994629,1,3.7402496337890625
10257.656,113,9,4,1,"{'TopLeft': 0.45082607852315754, 'TopRight': 0.4873795443493595, 'BottomLeft': 0.5483019873930293, 'BottomRight': 0.5316406451519528}","{'TopLeft': 0.013987078886803204, 'TopRight': 0.01634720688012062, 'BottomLeft': 0.020689433707652655, 'BottomRight': 0.01854570828660118}",shapes_on_2,1,-0.7765532334645588,-0.6230741739273071,1,3.7114410400390625,1,-0.956593480375078,-0.6173434257507324,1,3.7450103759765625
10274.323,113,9,4,1,"{'TopLeft': 0.45082607852315754, 'TopRight': 0.4873795443493595, 'BottomLeft': 0.5483019873930293, 'BottomRight': 0.5316406451519528}","{'TopLeft': 0.013987078886803204, 'TopRight': 0.01634720688012062, 'BottomLeft': 0.020689433707652655, 'BottomRight': 0.01854570828660118}",shapes_on_2,1,-0.7916795478926764,-0.6447147130966187,1,3.6834259033203125,1,-0.9623610178629557,-0.622455358505249,1,3.73699951171875
10290.988,113,9,4,1,"{'TopLeft': 0.45082607852315754, 'TopRight': 0.4873795443493595, 'BottomLeft': 0.5483019873930293, 'BottomRight': 0.5316406451519528}","{'TopLeft': 0.013987078886803204, 'TopRight': 0.01634720688012062, 'BottomLeft': 0.020689433707652655, 'BottomRight': 0.01854570828660118}",shapes_on_2,1,-0.7623594072129991,-0.6504733562469482,1,3.6905059814453125,1,-0.9673857622676425,-0.6299083232879639,1,3.72552490234375
10307.655,113,9,4,1,"{'TopLeft': 0.45082607852315754, 'TopRight': 0.4873795443493595, 'BottomLeft': 0.5483019873930293, 'BottomRight': 0.5316406451519528}","{'TopLeft': 0.013987078886803204, 'TopRight': 0.01634720688012062, 'BottomLeft': 0.020689433707652655, 'BottomRight': 0.01854570828660118}",shapes_on_2,1,-0.7649840646319919,-0.6459696292877197,1,3.678955078125,1,-0.9734536872969732,-0.6302547454833984,1,3.7137603759765625
10324.321,113,9,4,1,"{'TopLeft': 0.45082607852315754, 'TopRight': 0.4873795443493595, 'BottomLeft': 0.5483019873930293, 'BottomRight': 0.5316406451519528}","{'TopLeft': 0.013987078886803204, 'TopRight': 0.01634720688012062, 'BottomLeft': 0.020689433707652655, 'BottomRight': 0.01854570828660118}",shapes_on_2,1,-0.7663391431172688,-0.6440315246582031,1,3.6558380126953125,1,-0.965709884961446,-0.6414844989776611,1,3.7027740478515625
10340.986,113,9,4,1,"{'TopLeft': 0.45082607852315754, 'TopRight': 0.4873795443493595, 'BottomLeft': 0.5483019873930293, 'BottomRight': 0.5316406451519528}","{'TopLeft': 0.013987078886803204, 'TopRight': 0.01634720688012062, 'BottomLeft': 0.020689433707652655, 'BottomRight': 0.01854570828660118}",shapes_on_2,1,-0.7655276457468668,-0.6479034423828125,1,3.6365509033203125,1,-0.9602829482820299,-0.6437994241714478,1,3.679962158203125
10357.654,113,9,4,1,"{'TopLeft': 0.45082607852315754, 'TopRight': 0.4873795443493595, 'BottomLeft': 0.5483019873930293, 'BottomRight': 0.5316406451519528}","{'TopLeft': 0.013987078886803204, 'TopRight': 0.01634720688012062, 'BottomLeft': 0.020689433707652655, 'BottomRight': 0.01854570828660118}",shapes_on_2,1,-0.75672181447347,-0.659027099609375,1,3.624359130859375,1,-0.9589567714267306,-0.64857017993927,1,3.665252685546875
10374.32,113,9,4,1,"{'TopLeft': 0.45082607852315754, 'TopRight': 0.4873795443493595, 'BottomLeft': 0.5483019873930293, 'BottomRight': 0.5316406451519528}","{'TopLeft': 0.013987078886803204, 'TopRight': 0.01634720688012062, 'BottomLeft': 0.020689433707652655, 'BottomRight': 0.01854570828660118}",shapes_on_2,1,-0.770706057548523,-0.665185809135437,1,3.6171112060546875,1,-0.9573065042495728,-0.6541873216629028,1,3.657073974609375
10390.985,113,9,4,1,"{'TopLeft': 0.45082607852315754, 'TopRight': 0.4873795443493595, 'BottomLeft': 0.5483019873930293, 'BottomRight': 0.5316406451519528}","{'TopLeft': 0.013987078886803204, 'TopRight': 0.01634720688012062, 'BottomLeft': 0.020689433707652655, 'BottomRight': 0.01854570828660118}",shapes_on_2,1,-0.7850997845331827,-0.6577379703521729,1,3.6073455810546875,1,-0.948206086953481,-0.6545650959014893,1,3.640228271484375
10407.651,113,9,4,1,"{'TopLeft': 0.45082607852315754, 'TopRight': 0.4873795443493595, 'BottomLeft': 0.5483019873930293, 'BottomRight': 0.5316406451519528}","{'TopLeft': 0.013987078886803204, 'TopRight': 0.01634720688012062, 'BottomLeft': 0.020689433707652655, 'BottomRight': 0.01854570828660118}",shapes_on_2,1,-0.6737724012798733,-0.5634323358535767,1,3.597137451171875,1,-0.7511547406514485,-0.5459949970245361,1,3.626007080078125
10424.318,113,9,4,1,"{'TopLeft': 0.45082607852315754, 'TopRight': 0.4873795443493595, 'BottomLeft': 0.5483019873930293, 'BottomRight': 0.5316406451519528}","{'TopLeft': 0.013987078886803204, 'TopRight': 0.01634720688012062, 'BottomLeft': 0.020689433707652655, 'BottomRight': 0.01854570828660118}",shapes_on_2,1,-0.4992554982503255,-0.29105544090270996,1,3.5986175537109375,1,-0.5405957169002956,-0.29681307077407837,1,3.6490020751953125
10440.984,113,9,4,1,"{'TopLeft': 0.45082607852315754, 'TopRight': 0.4873795443493595, 'BottomLeft': 0.5483019873930293, 'BottomRight': 0.5316406451519528}","{'TopLeft': 0.013987078886803204, 'TopRight': 0.01634720688012062, 'BottomLeft': 0.020689433707652655, 'BottomRight': 0.01854570828660118}",shapes_on_2,1,-0.4364758597479926,-0.1450972557067871,1,3.580047607421875,1,-0.42319499121771914,-0.11876082420349121,1,3.66448974609375
10457.65,113,9,4,1,"{'TopLeft': 0.45082607852315754, 'TopRight': 0.4873795443493595, 'BottomLeft': 0.5483019873930293, 'BottomRight': 0.5316406451519528}","{'TopLeft': 0.013987078886803204, 'TopRight': 0.01634720688012062, 'BottomLeft': 0.020689433707652655, 'BottomRight': 0.01854570828660118}",shapes_on_2,1,-0.40258465872870547,-0.09375989437103271,1,3.5868377685546875,0,nan,nan,0,nan
10474.317,113,9,4,1,"{'TopLeft': 0.45082607852315754, 'TopRight': 0.4873795443493595, 'BottomLeft': 0.5483019873930293, 'BottomRight': 0.5316406451519528}","{'TopLeft': 0.013987078886803204, 'TopRight': 0.01634720688012062, 'BottomLeft': 0.020689433707652655, 'BottomRight': 0.01854570828660118}",shapes_on_2,1,-0.400623427497016,-0.08536946773529053,1,3.588226318359375,0,nan,nan,0,nan
10490.982,113,9,4,1,"{'TopLeft': 0.45082607852315754, 'TopRight': 0.4873795443493595, 'BottomLeft': 0.5483019873930293, 'BottomRight': 0.5316406451519528}","{'TopLeft': 0.013987078886803204, 'TopRight': 0.01634720688012062, 'BottomLeft': 0.020689433707652655, 'BottomRight': 0.01854570828660118}",shapes_on_2,1,-0.39636558956570095,-0.09121382236480713,1,3.5964813232421875,0,nan,nan,0,nan
10507.648,113,9,4,1,"{'TopLeft': 0.45082607852315754, 'TopRight': 0.4873795443493595, 'BottomLeft': 0.5483019873930293, 'BottomRight': 0.5316406451519528}","{'TopLeft': 0.013987078886803204, 'TopRight': 0.01634720688012062, 'BottomLeft': 0.020689433707652655, 'BottomRight': 0.01854570828660118}",shapes_on_2,1,-0.3977591726515028,-0.09056782722473145,1,3.5984649658203125,0,nan,nan,0,nan
10524.315,113,9,4,1,"{'TopLeft': 0.45082607852315754, 'TopRight': 0.4873795443493595, 'BottomLeft': 0.5483019873930293, 'BottomRight': 0.5316406451519528}","{'TopLeft': 0.013987078886803204, 'TopRight': 0.01634720688012062, 'BottomLeft': 0.020689433707652655, 'BottomRight': 0.01854570828660118}",shapes_on_2,1,-0.38805675506591797,-0.09006083011627197,1,3.609619140625,0,nan,nan,0,nan
10540.981,113,9,4,1,"{'TopLeft': 0.45082607852315754, 'TopRight': 0.4873795443493595, 'BottomLeft': 0.5483019873930293, 'BottomRight': 0.5316406451519528}","{'TopLeft': 0.013987078886803204, 'TopRight': 0.01634720688012062, 'BottomLeft': 0.020689433707652655, 'BottomRight': 0.01854570828660118}",shapes_on_2,1,-0.39710436926947695,-0.09850895404815674,1,3.6055755615234375,0,nan,nan,0,nan
10557.647,113,9,4,1,"{'TopLeft': 0.45082607852315754, 'TopRight': 0.4873795443493595, 'BottomLeft': 0.5483019873930293, 'BottomRight': 0.5316406451519528}","{'TopLeft': 0.013987078886803204, 'TopRight': 0.01634720688012062, 'BottomLeft': 0.020689433707652655, 'BottomRight': 0.01854570828660118}",shapes_on_2,1,-0.397358046637641,-0.1023133397102356,1,3.6171875,1,-0.37605645921495223,-0.06248241662979126,1,3.670318603515625
10574.313,113,9,4,1,"{'TopLeft': 0.45082607852315754, 'TopRight': 0.4873795443493595, 'BottomLeft': 0.5483019873930293, 'BottomRight': 0.5316406451519528}","{'TopLeft': 0.013987078886803204, 'TopRight': 0.01634720688012062, 'BottomLeft': 0.020689433707652655, 'BottomRight': 0.01854570828660118}",shapes_on_2,1,-0.3951317469278971,-0.10557043552398682,1,3.615081787109375,1,-0.3787428008185492,-0.06703901290893555,1,3.6755218505859375
10590.979,113,9,4,1,"{'TopLeft': 0.45082607852315754, 'TopRight': 0.4873795443493595, 'BottomLeft': 0.5483019873930293, 'BottomRight': 0.5316406451519528}","{'TopLeft': 0.013987078886803204, 'TopRight': 0.01634720688012062, 'BottomLeft': 0.020689433707652655, 'BottomRight': 0.01854570828660118}",shapes_on_2,1,-0.40216106838650173,-0.10639834403991699,1,3.6169891357421875,1,-0.37812296549479163,-0.07063615322113037,1,3.6829376220703125
10607.647,113,9,4,1,"{'TopLeft': 0.45082607852315754, 'TopRight': 0.4873795443493595, 'BottomLeft': 0.5483019873930293, 'BottomRight': 0.5316406451519528}","{'TopLeft': 0.013987078886803204, 'TopRight': 0.01634720688012062, 'BottomLeft': 0.020689433707652655, 'BottomRight': 0.01854570828660118}",shapes_on_2,1,-0.40376880433824325,-0.11394166946411133,1,3.6253509521484375,1,-0.3783765368991428,-0.06972366571426392,1,3.68865966796875
10624.314,113,9,4,1,"{'TopLeft': 0.45082607852315754, 'TopRight': 0.4873795443493595, 'BottomLeft': 0.5483019873930293, 'BottomRight': 0.5316406451519528}","{'TopLeft': 0.013987078886803204, 'TopRight': 0.01634720688012062, 'BottomLeft': 0.020689433707652655, 'BottomRight': 0.01854570828660118}",shapes_on_2,1,-0.39687453375922305,-0.11542242765426636,1,3.6298370361328125,1,-0.37542327245076496,-0.06993222236633301,1,3.6938934326171875
10640.98,113,9,4,1,"{'TopLeft': 0.45082607852315754, 'TopRight': 0.4873795443493595, 'BottomLeft': 0.5483019873930293, 'BottomRight': 0.5316406451519528}","{'TopLeft': 0.013987078886803204, 'TopRight': 0.01634720688012062, 'BottomLeft': 0.020689433707652655, 'BottomRight': 0.01854570828660118}",shapes_on_2,1,-0.398670302497016,-0.11256921291351318,1,3.626678466796875,1,-0.3727103339301215,-0.07438027858734131,1,3.701690673828125
10657.647,113,9,4,1,"{'TopLeft': 0.45082607852315754, 'TopRight': 0.4873795443493595, 'BottomLeft': 0.5483019873930293, 'BottomRight': 0.5316406451519528}","{'TopLeft': 0.013987078886803204, 'TopRight': 0.01634720688012062, 'BottomLeft': 0.020689433707652655, 'BottomRight': 0.01854570828660118}",shapes_on_2,1,-0.3958037694295247,-0.11197155714035034,1,3.6397857666015625,1,-0.36781740188598633,-0.07443106174468994,1,3.7057342529296875
10674.314,113,9,4,1,"{'TopLeft': 0.45082607852315754, 'TopRight': 0.4873795443493595, 'BottomLeft': 0.5483019873930293, 'BottomRight': 0.5316406451519528}","{'TopLeft': 0.013987078886803204, 'TopRight': 0.01634720688012062, 'BottomLeft': 0.020689433707652655, 'BottomRight': 0.01854570828660118}",shapes_on_2,1,-0.3947194417317708,-0.11661684513092041,1,3.6408233642578125,1,-0.36957804361979163,-0.0745648741722107,1,3.7114715576171875
10690.981,113,9,4,1,"{'TopLeft': 0.45082607852315754, 'TopRight': 0.4873795443493595, 'BottomLeft': 0.5483019873930293, 'BottomRight': 0.5316406451519528}","{'TopLeft': 0.013987078886803204, 'TopRight': 0.01634720688012062, 'BottomLeft': 0.020689433707652655, 'BottomRight': 0.01854570828660118}",shapes_on_2,1,-0.3984713554382324,-0.11309349536895752,1,3.636688232421875,1,-0.3724755181206597,-0.07714861631393433,1,3.7145538330078125
10707.648,113,9,4,1,"{'TopLeft': 0.45082607852315754, 'TopRight': 0.4873795443493595, 'BottomLeft': 0.5483019873930293, 'BottomRight': 0.5316406451519528}","{'TopLeft': 0.013987078886803204, 'TopRight': 0.01634720688012062, 'BottomLeft': 0.020689433707652655, 'BottomRight': 0.01854570828660118}",shapes_on_2,1,-0.3972265455457899,-0.11075234413146973,1,3.635528564453125,1,-0.36922242906358504,-0.09059596061706543,1,3.7104034423828125
10724.315,113,9,4,1,"{'TopLeft': 0.45082607852315754, 'TopRight': 0.4873795443493595, 'BottomLeft': 0.5483019873930293, 'BottomRight': 0.5316406451519528}","{'TopLeft': 0.013987078886803204, 'TopRight': 0.01634720688012062, 'BottomLeft': 0.020689433707652655, 'BottomRight': 0.01854570828660118}",shapes_on_2,1,-0.31649261050754124,-0.33750975131988525,1,3.634857177734375,1,-0.30433962080213756,-0.3062419891357422,1,3.708740234375
10740.981,113,9,4,1,"{'TopLeft': 0.45082607852315754, 'TopRight': 0.4873795443493595, 'BottomLeft': 0.5483019873930293, 'BottomRight': 0.5316406451519528}","{'TopLeft': 0.013987078886803204, 'TopRight': 0.01634720688012062, 'BottomLeft': 0.020689433707652655, 'BottomRight': 0.01854570828660118}",shapes_on_2,1,-0.3541569709777832,-0.3092193603515625,1,3.6240081787109375,1,-0.30708959367540145,-0.2870990037918091,1,3.6902008056640625
10757.648,113,9,4,1,"{'TopLeft': 0.45082607852315754, 'TopRight': 0.4873795443493595, 'BottomLeft': 0.5483019873930293, 'BottomRight': 0.5316406451519528}","{'TopLeft': 0.013987078886803204, 'TopRight': 0.01634720688012062, 'BottomLeft': 0.020689433707652655, 'BottomRight': 0.01854570828660118}",shapes_on_2,1,-0.32991753684149844,-0.3262656331062317,1,3.61297607421875,1,-0.30452823638916016,-0.3021249771118164,1,3.6788787841796875
10774.316,113,9,4,1,"{'TopLeft': 0.45082607852315754, 'TopRight': 0.4873795443493595, 'BottomLeft': 0.5483019873930293, 'BottomRight': 0.5316406451519528}","{'TopLeft': 0.013987078886803204, 'TopRight': 0.01634720688012062, 'BottomLeft': 0.020689433707652655, 'BottomRight': 0.01854570828660118}",shapes_on_2,1,-0.3332607481214735,-0.31505149602890015,1,3.605133056640625,1,-0.30653688642713756,-0.2988101840019226,1,3.6707000732421875
10790.982,113,9,4,1,"{'TopLeft': 0.45082607852315754, 'TopRight': 0.4873795443493595, 'BottomLeft': 0.5483019873930293, 'BottomRight': 0.5316406451519528}","{'TopLeft': 0.013987078886803204, 'TopRight': 0.01634720688012062, 'BottomLeft': 0.020689433707652655, 'BottomRight': 0.01854570828660118}",shapes_on_2,1,-0.3383110894097222,-0.3250889182090759,1,3.593170166015625,1,-0.30178875393337673,-0.296466588973999,1,3.6547698974609375
10807.649,113,9,4,1,"{'TopLeft': 0.45082607852315754, 'TopRight': 0.4873795443493595, 'BottomLeft': 0.5483019873930293, 'BottomRight': 0.5316406451519528}","{'TopLeft': 0.013987078886803204, 'TopRight': 0.01634720688012062, 'BottomLeft': 0.020689433707652655, 'BottomRight': 0.01854570828660118}",shapes_on_2,1,-0.32998455895317924,-0.313790500164032,1,3.582061767578125,1,-0.30182435777452254,-0.3008684515953064,1,3.645660400390625
10824.316,113,9,4,1,"{'TopLeft': 0.45082607852315754, 'TopRight': 0.4873795443493595, 'BottomLeft': 0.5483019873930293, 'BottomRight': 0.5316406451519528}","{'TopLeft': 0.013987078886803204, 'TopRight': 0.01634720688012062, 'BottomLeft': 0.020689433707652655, 'BottomRight': 0.01854570828660118}",shapes_on_2,1,-0.336653815375434,-0.31983017921447754,1,3.574310302734375,1,-0.30699019961886936,-0.2979012131690979,1,3.635498046875
10840.982,113,9,4,1,"{'TopLeft': 0.45082607852315754, 'TopRight': 0.4873795443493595, 'BottomLeft': 0.5483019873930293, 'BottomRight': 0.5316406451519528}","{'TopLeft': 0.013987078886803204, 'TopRight': 0.01634720688012062, 'BottomLeft': 0.020689433707652655, 'BottomRight': 0.01854570828660118}",shapes_on_2,1,-0.3353782759772406,-0.31425100564956665,1,3.5720062255859375,1,-0.30451107025146484,-0.2947685122489929,1,3.6265716552734375
10857.65,113,9,4,1,"{'TopLeft': 0.45082607852315754, 'TopRight': 0.4873795443493595, 'BottomLeft': 0.5483019873930293, 'BottomRight': 0.5316406451519528}","{'TopLeft': 0.013987078886803204, 'TopRight': 0.01634720688012062, 'BottomLeft': 0.020689433707652655, 'BottomRight': 0.01854570828660118}",shapes_on_2,1,-0.33466529846191406,-0.3090519905090332,1,3.56573486328125,1,-0.31197367774115664,-0.3032500743865967,1,3.61419677734375
10874.317,113,9,4,1,"{'TopLeft': 0.45082607852315754, 'TopRight': 0.4873795443493595, 'BottomLeft': 0.5483019873930293, 'BottomRight': 0.5316406451519528}","{'TopLeft': 0.013987078886803204, 'TopRight': 0.01634720688012062, 'BottomLeft': 0.020689433707652655, 'BottomRight': 0.01854570828660118}",shapes_on_2,1,-0.33164050843980575,-0.3090500831604004,1,3.563873291015625,1,-0.31286324395073783,-0.2946934700012207,1,3.6112213134765625
10890.983,113,9,4,1,"{'TopLeft': 0.45082607852315754, 'TopRight': 0.4873795443493595, 'BottomLeft': 0.5483019873930293, 'BottomRight': 0.5316406451519528}","{'TopLeft': 0.013987078886803204, 'TopRight': 0.01634720688012062, 'BottomLeft': 0.020689433707652655, 'BottomRight': 0.01854570828660118}",shapes_on_2,1,-0.3364880879720052,-0.3134741187095642,1,3.5607452392578125,1,-0.30472320980495876,-0.2959662079811096,1,3.606353759765625
10907.65,113,9,4,1,"{'TopLeft': 0.45082607852315754, 'TopRight': 0.4873795443493595, 'BottomLeft': 0.5483019873930293, 'BottomRight': 0.5316406451519528}","{'TopLeft': 0.013987078886803204, 'TopRight': 0.01634720688012062, 'BottomLeft': 0.020689433707652655, 'BottomRight': 0.01854570828660118}",shapes_on_2,1,-0.33279169930352104,-0.3184598684310913,1,3.560333251953125,1,-0.30609220928615993,-0.2971380949020386,1,3.6090087890625
10924.317,113,9,4,1,"{'TopLeft': 0.45082607852315754, 'TopRight': 0.4873795443493595, 'BottomLeft': 0.5483019873930293, 'BottomRight': 0.5316406451519528}","{'TopLeft': 0.013987078886803204, 'TopRight': 0.01634720688012062, 'BottomLeft': 0.020689433707652655, 'BottomRight': 0.01854570828660118}",shapes_on_2,1,-0.3359450764126248,-0.3161512017250061,1,3.5554351806640625,1,-0.306585152943929,-0.295773983001709,1,3.6036376953125
10940.984,113,9,4,1,"{'TopLeft': 0.45082607852315754, 'TopRight': 0.4873795443493595, 'BottomLeft': 0.5483019873930293, 'BottomRight': 0.5316406451519528}","{'TopLeft': 0.013987078886803204, 'TopRight': 0.01634720688012062, 'BottomLeft': 0.020689433707652655, 'BottomRight': 0.01854570828660118}",shapes_on_2,1,-0.33337635464138454,-0.31687426567077637,1,3.5550384521484375,1,-0.3011583752102322,-0.29281073808670044,1,3.60455322265625
10957.651,113,9,4,1,"{'TopLeft': 0.45082607852315754, 'TopRight': 0.4873795443493595, 'BottomLeft': 0.5483019873930293, 'BottomRight': 0.5316406451519528}","{'TopLeft': 0.013987078886803204, 'TopRight': 0.01634720688012062, 'BottomLeft': 0.020689433707652655, 'BottomRight': 0.01854570828660118}",shapes_on_2,1,-0.33522362179226345,-0.3165655732154846,1,3.5537872314453125,1,-0.3074570231967502,-0.2931111454963684,1,3.6009674072265625
10974.318,113,9,4,1,"{'TopLeft': 0.45082607852315754, 'TopRight': 0.4873795443493595, 'BottomLeft': 0.5483019873930293, 'BottomRight': 0.5316406451519528}","{'TopLeft': 0.013987078886803204, 'TopRight': 0.01634720688012062, 'BottomLeft': 0.020689433707652655, 'BottomRight': 0.01854570828660118}",shapes_on_2,1,-0.3397439320882161,-0.3162822723388672,1,3.551544189453125,1,-0.29949702156914604,-0.29074978828430176,1,3.6002960205078125
10990.984,113,9,4,1,"{'TopLeft': 0.45082607852315754, 'TopRight': 0.4873795443493595, 'BottomLeft': 0.5483019873930293, 'BottomRight': 0.5316406451519528}","{'TopLeft': 0.013987078886803204, 'TopRight': 0.01634720688012062, 'BottomLeft': 0.020689433707652655, 'BottomRight': 0.01854570828660118}",shapes_on_2,1,-0.3340824445088704,-0.31123632192611694,1,3.544219970703125,1,-0.3084393607245551,-0.29274648427963257,1,3.59674072265625
11007.651,113,9,4,1,"{'TopLeft': 0.45082607852315754, 'TopRight': 0.4873795443493595, 'BottomLeft': 0.5483019873930293, 'BottomRight': 0.5316406451519528}","{'TopLeft': 0.013987078886803204, 'TopRight': 0.01634720688012062, 'BottomLeft': 0.020689433707652655, 'BottomRight': 0.01854570828660118}",shapes_on_2,1,-0.3365802764892578,-0.3136433959007263,1,3.5402679443359375,1,-0.308844248453776,-0.2948036789894104,1,3.5912933349609375
11024.319,113,9,4,1,"{'TopLeft': 0.45082607852315754, 'TopRight': 0.4873795443493595, 'BottomLeft': 0.5483019873930293, 'BottomRight': 0.5316406451519528}","{'TopLeft': 0.013987078886803204, 'TopRight': 0.01634720688012062, 'BottomLeft': 0.020689433707652655, 'BottomRight': 0.01854570828660118}",shapes_on_2,1,-0.4771298037634955,-0.40110671520233154,1,3.552886962890625,1,-0.4085387653774685,-0.3802974224090576,1,3.5977935791015625
11040.985,113,9,4,1,"{'TopLeft': 0.45082607852315754, 'TopRight': 0.4873795443493595, 'BottomLeft': 0.5483019873930293, 'BottomRight': 0.5316406451519528}","{'TopLeft': 0.013987078886803204, 'TopRight': 0.01634720688012062, 'BottomLeft': 0.020689433707652655, 'BottomRight': 0.01854570828660118}",shapes_on_2,1,-0.7661724885304768,-0.6498907804489136,1,3.50775146484375,1,-0.7840713262557983,-0.6256726980209351,1,3.572265625
11057.652,113,9,4,1,"{'TopLeft': 0.45082607852315754, 'TopRight': 0.4873795443493595, 'BottomLeft': 0.5483019873930293, 'BottomRight': 0.5316406451519528}","{'TopLeft': 0.013987078886803204, 'TopRight': 0.01634720688012062, 'BottomLeft': 0.020689433707652655, 'BottomRight': 0.01854570828660118}",shapes_on_2,1,-0.8861091455651654,-0.7407402992248535,1,3.5275115966796875,1,-0.9348021944363911,-0.7460726499557495,1,3.5658111572265625
11074.319,113,9,4,1,"{'TopLeft': 0.45082607852315754, 'TopRight': 0.4873795443493595, 'BottomLeft': 0.5483019873930293, 'BottomRight': 0.5316406451519528}","{'TopLeft': 0.013987078886803204, 'TopRight': 0.01634720688012062, 'BottomLeft': 0.020689433707652655, 'BottomRight': 0.01854570828660118}",shapes_on_2,1,-0.884667691671186,-0.7268449068069458,1,3.5319671630859375,1,-0.9275347789128621,-0.7501721382141113,1,3.579498291015625
11090.985,113,9,4,1,"{'TopLeft': 0.45082607852315754, 'TopRight': 0.4873795443493595, 'BottomLeft': 0.5483019873930293, 'BottomRight': 0.5316406451519528}","{'TopLeft': 0.013987078886803204, 'TopRight': 0.01634720688012062, 'BottomLeft': 0.020689433707652655, 'BottomRight': 0.01854570828660118}",shapes_on_2,1,-0.8931755427685049,-0.7280781269073486,1,3.5169525146484375,1,-0.9185948272546132,-0.7446960210800171,1,3.566558837890625
11107.653,113,9,4,1,"{'TopLeft': 0.45082607852315754, 'TopRight': 0.4873795443493595, 'BottomLeft': 0.5483019873930293, 'BottomRight': 0.5316406451519528}","{'TopLeft': 0.013987078886803204, 'TopRight': 0.01634720688012062, 'BottomLeft': 0.020689433707652655, 'BottomRight': 0.01854570828660118}",shapes_on_2,1,-0.902233213186264,-0.7298076152801514,1,3.5147247314453125,1,-0.9143484416935178,-0.7330297231674194,1,3.5579681396484375
11124.32,113,9,4,1,"{'TopLeft': 0.45082607852315754, 'TopRight': 0.4873795443493595, 'BottomLeft': 0.5483019873930293, 'BottomRight': 0.5316406451519528}","{'TopLeft': 0.013987078886803204, 'TopRight': 0.01634720688012062, 'BottomLeft': 0.020689433707652655, 'BottomRight': 0.01854570828660118}",shapes_on_2,1,-0.8827056926157739,-0.7217333316802979,1,3.5107269287109375,1,-0.9118802199761072,-0.7365554571151733,1,3.5570526123046875
11140.986,113,9,4,1,"{'TopLeft': 0.45082607852315754, 'TopRight': 0.4873795443493595, 'BottomLeft': 0.5483019873930293, 'BottomRight': 0.5316406451519528}","{'TopLeft': 0.013987078886803204, 'TopRight': 0.01634720688012062, 'BottomLeft': 0.020689433707652655, 'BottomRight': 0.01854570828660118}",shapes_on_2,1,-0.8991711330082681,-0.7279895544052124,1,3.5138702392578125,1,-0.9201437168651156,-0.7425564527511597,1,3.5579376220703125
11157.653,113,9,4,1,"{'TopLeft': 0.45082607852315754, 'TopRight': 0.4873795443493595, 'BottomLeft': 0.5483019873930293, 'BottomRight': 0.5316406451519528}","{'TopLeft': 0.013987078886803204, 'TopRight': 0.01634720688012062, 'BottomLeft': 0.020689433707652655, 'BottomRight': 0.01854570828660118}",shapes_on_2,1,-0.9026086264186435,-0.733001708984375,1,3.5153961181640625,1,-0.9219499197271135,-0.7419588565826416,1,3.5546112060546875
11174.32,113,9,4,1,"{'TopLeft': 0.45082607852315754, 'TopRight': 0.4873795443493595, 'BottomLeft': 0.5483019873930293, 'BottomRight': 0.5316406451519528}","{'TopLeft': 0.013987078886803204, 'TopRight': 0.01634720688012062, 'BottomLeft': 0.020689433707652655, 'BottomRight': 0.01854570828660118}",shapes_on_2,1,-0.9046176854107114,-0.7316378355026245,1,3.514373779296875,1,-0.9119140787257088,-0.7377750873565674,1,3.5587921142578125
11190.987,113,9,4,1,"{'TopLeft': 0.45082607852315754, 'TopRight': 0.4873795443493595, 'BottomLeft': 0.5483019873930293, 'BottomRight': 0.5316406451519528}","{'TopLeft': 0.013987078886803204, 'TopRight': 0.01634720688012062, 'BottomLeft': 0.020689433707652655, 'BottomRight': 0.01854570828660118}",shapes_on_2,1,-0.9028829551405376,-0.7336407899856567,1,3.5169219970703125,1,-0.9110721233818265,-0.73728346824646,1,3.554107666015625
11207.654,113,9,4,1,"{'TopLeft': 0.45082607852315754, 'TopRight': 0.4873795443493595, 'BottomLeft': 0.5483019873930293, 'BottomRight': 0.5316406451519528}","{'TopLeft': 0.013987078886803204, 'TopRight': 0.01634720688012062, 'BottomLeft': 0.020689433707652655, 'BottomRight': 0.01854570828660118}",shapes_on_2,1,-0.8931858680314487,-0.7331893444061279,1,3.5121612548828125,1,-0.9142666194174024,-0.7312674522399902,1,3.5594329833984375
11224.321,113,9,4,1,"{'TopLeft': 0.45082607852315754, 'TopRight': 0.4873795443493595, 'BottomLeft': 0.5483019873930293, 'BottomRight': 0.5316406451519528}","{'TopLeft': 0.013987078886803204, 'TopRight': 0.01634720688012062, 'BottomLeft': 0.020689433707652655, 'BottomRight': 0.01854570828660118}",shapes_on_2,1,-0.8983464414874712,-0.736530065536499,1,3.5161895751953125,1,-0.9090021616882747,-0.7379956245422363,1,3.5618743896484375
11240.987,113,9,4,1,"{'TopLeft': 0.45082607852315754, 'TopRight': 0.4873795443493595, 'BottomLeft': 0.5483019873930293, 'BottomRight': 0.5316406451519528}","{'TopLeft': 0.013987078886803204, 'TopRight': 0.01634720688012062, 'BottomLeft': 0.020689433707652655, 'BottomRight': 0.01854570828660118}",shapes_on_2,1,-0.8990273699164391,-0.7365593910217285,1,3.520843505859375,1,-0.9152738501628239,-0.734269380569458,1,3.55291748046875
11257.654,113,9,4,1,"{'TopLeft': 0.45082607852315754, 'TopRight': 0.4873795443493595, 'BottomLeft': 0.5483019873930293, 'BottomRight': 0.5316406451519528}","{'TopLeft': 0.013987078886803204, 'TopRight': 0.01634720688012062, 'BottomLeft': 0.020689433707652655, 'BottomRight': 0.01854570828660118}",shapes_on_2,1,-0.9255217578676012,-0.7448219060897827,1,3.5041351318359375,1,-0.9157864484522077,-0.7413095235824585,1,3.5660247802734375
11274.322,113,9,4,1,"{'TopLeft': 0.45082607852315754, 'TopRight': 0.4873795443493595, 'BottomLeft': 0.5483019873930293, 'BottomRight': 0.5316406451519528}","{'TopLeft': 0.013987078886803204, 'TopRight': 0.01634720688012062, 'BottomLeft': 0.020689433707652655, 'BottomRight': 0.01854570828660118}",shapes_on_2,1,-0.8959748446941376,-0.732559323310852,1,3.5126800537109375,1,-0.908242008752293,-0.7331093549728394,1,3.552276611328125
11290.988,113,9,4,1,"{'TopLeft': 0.45082607852315754, 'TopRight': 0.4873795443493595, 'BottomLeft': 0.5483019873930293, 'BottomRight': 0.5316406451519528}","{'TopLeft': 0.013987078886803204, 'TopRight': 0.01634720688012062, 'BottomLeft': 0.020689433707652655, 'BottomRight': 0.01854570828660118}",shapes_on_2,1,-0.9339921805593702,-0.7556647062301636,1,3.50811767578125,1,-0.9161018348402447,-0.7382190227508545,1,3.5522003173828125
11307.655,113,9,4,1,"{'TopLeft': 0.45082607852315754, 'TopRight': 0.4873795443493595, 'BottomLeft': 0.5483019873930293, 'BottomRight': 0.5316406451519528}","{'TopLeft': 0.013987078886803204, 'TopRight': 0.01634720688012062, 'BottomLeft': 0.020689433707652655, 'BottomRight': 0.01854570828660118}",shapes_on_2,1,-0.9124758607811397,-0.7425340414047241,1,3.5040283203125,1,-0.9200599193572998,-0.7394380569458008,1,3.5473175048828125
11324.322,113,9,4,1,"{'TopLeft': 0.45082607852315754, 'TopRight': 0.4873795443493595, 'BottomLeft': 0.5483019873930293, 'BottomRight': 0.5316406451519528}","{'TopLeft': 0.013987078886803204, 'TopRight': 0.01634720688012062, 'BottomLeft': 0.020689433707652655, 'BottomRight': 0.01854570828660118}",shapes_on_2,1,-0.9323952529165479,-0.7682679891586304,1,3.5069122314453125,1,-0.9202828407287598,-0.7411532402038574,1,3.53680419921875
11340.988,113,9,4,1,"{'TopLeft': 0.45082607852315754, 'TopRight': 0.4873795443493595, 'BottomLeft': 0.5483019873930293, 'BottomRight': 0.5316406451519528}","{'TopLeft': 0.013987078886803204, 'TopRight': 0.01634720688012062, 'BottomLeft': 0.020689433707652655, 'BottomRight': 0.01854570828660118}",shapes_on_2,1,-0.8609830935796101,-0.6796528100967407,1,3.490753173828125,1,-0.8374599317709605,-0.6662654876708984,1,3.501708984375
11357.656,113,9,4,1,"{'TopLeft': 0.45082607852315754, 'TopRight': 0.4873795443493595, 'BottomLeft': 0.5483019873930293, 'BottomRight': 0.5316406451519528}","{'TopLeft': 0.013987078886803204, 'TopRight': 0.01634720688012062, 'BottomLeft': 0.020689433707652655, 'BottomRight': 0.01854570828660118}",shapes_on_2,1,-0.8713805245028601,-0.6621407270431519,1,3.48602294921875,1,-0.8488763736353979,-0.62949538230896,1,3.4997711181640625
11374.323,113,9,4,1,"{'TopLeft': 0.45082607852315754, 'TopRight': 0.4873795443493595, 'BottomLeft': 0.5483019873930293, 'BottomRight': 0.5316406451519528}","{'TopLeft': 0.013987078886803204, 'TopRight': 0.01634720688012062, 'BottomLeft': 0.020689433707652655, 'BottomRight': 0.01854570828660118}",shapes_on_2,1,-0.8702848106622696,-0.6497671604156494,1,3.483184814453125,1,-0.8328404691484239,-0.6131967306137085,1,3.484527587890625
11390.989,113,9,4,1,"{'TopLeft': 0.45082607852315754, 'TopRight': 0.4873795443493595, 'BottomLeft': 0.5483019873930293, 'BottomRight': 0.5316406451519528}","{'TopLeft': 0.013987078886803204, 'TopRight': 0.01634720688012062, 'BottomLeft': 0.020689433707652655, 'BottomRight': 0.01854570828660118}",shapes_on_2,1,-0.8308187458250257,-0.6277902126312256,1,3.49163818359375,1,-0.8353432648711734,-0.6144727468490601,1,3.4775238037109375
11407.656,113,9,4,1,"{'TopLeft': 0.45082607852315754, 'TopRight': 0.4873795443493595, 'BottomLeft': 0.5483019873930293, 'BottomRight': 0.5316406451519528}","{'TopLeft': 0.013987078886803204, 'TopRight': 0.01634720688012062, 'BottomLeft': 0.020689433707652655, 'BottomRight': 0.01854570828660118}",shapes_on_2,1,-0.8347367114490932,-0.6400715112686157,1,3.485809326171875,1,-0.8317529161771138,-0.617107629776001,1,3.476654052734375
11424.323,113,9,4,1,"{'TopLeft': 0.45082607852315754, 'TopRight': 0.4873795443493595, 'BottomLeft': 0.5483019873930293, 'BottomRight': 0.5316406451519528}","{'TopLeft': 0.013987078886803204, 'TopRight': 0.01634720688012062, 'BottomLeft': 0.020689433707652655, 'BottomRight': 0.01854570828660118}",shapes_on_2,1,-0.8436770207352108,-0.6480131149291992,1,3.4917449951171875,1,-0.8344991438918643,-0.6092963218688965,1,3.4726104736328125
11440.99,113,9,4,1,"{'TopLeft': 0.45082607852315754, 'TopRight': 0.4873795443493595, 'BottomLeft': 0.5483019873930293, 'BottomRight': 0.5316406451519528}","{'TopLeft': 0.013987078886803204, 'TopRight': 0.01634720688012062, 'BottomLeft': 0.020689433707652655, 'BottomRight': 0.01854570828660118}",shapes_on_2,1,-0.8427852127287122,-0.6443507671356201,1,3.4850006103515625,1,-0.8397877050770653,-0.6102216243743896,1,3.46551513671875
11457.657,113,9,4,1,"{'TopLeft': 0.45082607852315754, 'TopRight': 0.4873795443493595, 'BottomLeft': 0.5483019873930293, 'BottomRight': 0.5316406451519528}","{'TopLeft': 0.013987078886803204, 'TopRight': 0.01634720688012062, 'BottomLeft': 0.020689433707652655, 'BottomRight': 0.01854570828660118}",shapes_on_2,1,-0.8338025907675425,-0.64171302318573,1,3.49871826171875,1,-0.8340141475200653,-0.611976146697998,1,3.4744110107421875
11474.324,113,9,4,1,"{'TopLeft': 0.45082607852315754, 'TopRight': 0.4873795443493595, 'BottomLeft': 0.5483019873930293, 'BottomRight': 0.5316406451519528}","{'TopLeft': 0.013987078886803204, 'TopRight': 0.01634720688012062, 'BottomLeft': 0.020689433707652655, 'BottomRight': 0.01854570828660118}",curtainDown,1,-0.8551034993595547,-0.649051308631897,1,3.4825286865234375,1,-0.8341623081101311,-0.6180047988891602,1,3.4872589111328125
11490.99,113,9,4,1,"{'TopLeft': 0.45082607852315754, 'TopRight': 0.4873795443493595, 'BottomLeft': 0.5483019873930293, 'BottomRight': 0.5316406451519528}","{'TopLeft': 0.013987078886803204, 'TopRight': 0.01634720688012062, 'BottomLeft': 0.020689433707652655, 'BottomRight': 0.01854570828660118}",curtainDown,1,-0.8376354078451792,-0.645227313041687,1,3.5029754638671875,1,-0.8293644123607211,-0.6124284267425537,1,3.4806060791015625
11507.657,113,9,4,1,"{'TopLeft': 0.45082607852315754, 'TopRight': 0.4873795443493595, 'BottomLeft': 0.5483019873930293, 'BottomRight': 0.5316406451519528}","{'TopLeft': 0.013987078886803204, 'TopRight': 0.01634720688012062, 'BottomLeft': 0.020689433707652655, 'BottomRight': 0.01854570828660118}",curtainDown,1,-0.8390379349390665,-0.6476567983627319,1,3.5166778564453125,1,-0.8421440356307559,-0.6151746511459351,1,3.4858551025390625
11524.325,113,9,4,1,"{'TopLeft': 0.45082607852315754, 'TopRight': 0.4873795443493595, 'BottomLeft': 0.5483019873930293, 'BottomRight': 0.5316406451519528}","{'TopLeft': 0.013987078886803204, 'TopRight': 0.01634720688012062, 'BottomLeft': 0.020689433707652655, 'BottomRight': 0.01854570828660118}",curtainDown,1,-0.8409686949517992,-0.6413402557373047,1,3.5018310546875,1,-0.8291126622094048,-0.61127769947052,1,3.488037109375
11540.991,113,9,4,1,"{'TopLeft': 0.45082607852315754, 'TopRight': 0.4873795443493595, 'BottomLeft': 0.5483019873930293, 'BottomRight': 0.5316406451519528}","{'TopLeft': 0.013987078886803204, 'TopRight': 0.01634720688012062, 'BottomLeft': 0.020689433707652655, 'BottomRight': 0.01854570828660118}",curtainDown,1,-0.8399354351891412,-0.637681245803833,1,3.5047454833984375,1,-0.8342743482854631,-0.6101789474487305,1,3.4906158447265625
11557.658,113,9,4,1,"{'TopLeft': 0.45082607852315754, 'TopRight': 0.4873795443493595, 'BottomLeft': 0.5483019873930293, 'BottomRight': 0.5316406451519528}","{'TopLeft': 0.013987078886803204, 'TopRight': 0.01634720688012062, 'BottomLeft': 0.020689433707652655, 'BottomRight': 0.01854570828660118}",curtainDown,1,-0.8439209196302625,-0.6405061483383179,1,3.5110015869140625,1,-0.8309250076611836,-0.614052414894104,1,3.4969635009765625
11574.325,113,9,4,1,"{'TopLeft': 0.45082607852315754, 'TopRight': 0.4873795443493595, 'BottomLeft': 0.5483019873930293, 'BottomRight': 0.5316406451519528}","{'TopLeft': 0.013987078886803204, 'TopRight': 0.01634720688012062, 'BottomLeft': 0.020689433707652655, 'BottomRight': 0.01854570828660118}",curtainDown,1,-0.8448599576950073,-0.633155345916748,1,3.5172576904296875,1,-0.8279115425215826,-0.6206164360046387,1,3.50103759765625
11590.991,113,9,4,1,"{'TopLeft': 0.45082607852315754, 'TopRight': 0.4873795443493595, 'BottomLeft': 0.5483019873930293, 'BottomRight': 0.5316406451519528}","{'TopLeft': 0.013987078886803204, 'TopRight': 0.01634720688012062, 'BottomLeft': 0.020689433707652655, 'BottomRight': 0.01854570828660118}",curtainDown,1,-0.8418786128362019,-0.6488474607467651,1,3.5244903564453125,1,-0.825763079855177,-0.6171636581420898,1,3.5076141357421875
11607.659,113,9,4,1,"{'TopLeft': 0.45082607852315754, 'TopRight': 0.4873795443493595, 'BottomLeft': 0.5483019873930293, 'BottomRight': 0.5316406451519528}","{'TopLeft': 0.013987078886803204, 'TopRight': 0.01634720688012062, 'BottomLeft': 0.020689433707652655, 'BottomRight': 0.01854570828660118}",curtainDown,1,-0.8260064787334865,-0.633960485458374,1,3.5220794677734375,1,-0.8218747112486097,-0.613143801689148,1,3.51690673828125
11624.326,113,9,4,1,"{'TopLeft': 0.45082607852315754, 'TopRight': 0.4873795443493595, 'BottomLeft': 0.5483019873930293, 'BottomRight': 0.5316406451519528}","{'TopLeft': 0.013987078886803204, 'TopRight': 0.01634720688012062, 'BottomLeft': 0.020689433707652655, 'BottomRight': 0.01854570828660118}",curtainDown,1,-0.8171209692955017,-0.638252854347229,1,3.5406494140625,1,-0.8162553641531202,-0.6083320379257202,1,3.5235443115234375
11640.992,113,9,4,1,"{'TopLeft': 0.45082607852315754, 'TopRight': 0.4873795443493595, 'BottomLeft': 0.5483019873930293, 'BottomRight': 0.5316406451519528}","{'TopLeft': 0.013987078886803204, 'TopRight': 0.01634720688012062, 'BottomLeft': 0.020689433707652655, 'BottomRight': 0.01854570828660118}",curtainDown,1,-0.8355668948756323,-0.6468514204025269,1,3.5296630859375,1,-0.8250505725542704,-0.617016077041626,1,3.52294921875
11657.659,113,9,4,1,"{'TopLeft': 0.45082607852315754, 'TopRight': 0.4873795443493595, 'BottomLeft': 0.5483019873930293, 'BottomRight': 0.5316406451519528}","{'TopLeft': 0.013987078886803204, 'TopRight': 0.01634720688012062, 'BottomLeft': 0.020689433707652655, 'BottomRight': 0.01854570828660118}",curtainDown,1,-0.829109059439765,-0.6401873826980591,1,3.53448486328125,1,-0.8350170221593645,-0.6173690557479858,1,3.5254974365234375
11674.326,113,9,4,1,"{'TopLeft': 0.45082607852315754, 'TopRight': 0.4873795443493595, 'BottomLeft': 0.5483019873930293, 'BottomRight': 0.5316406451519528}","{'TopLeft': 0.013987078886803204, 'TopRight': 0.01634720688012062, 'BottomLeft': 0.020689433707652655, 'BottomRight': 0.01854570828660118}",curtainDown,1,-0.8142109579510158,-0.6383237838745117,1,3.5510406494140625,1,-0.8202134304576449,-0.6159086227416992,1,3.52935791015625
11690.993,113,9,4,1,"{'TopLeft': 0.45082607852315754, 'TopRight': 0.4873795443493595, 'BottomLeft': 0.5483019873930293, 'BottomRight': 0.5316406451519528}","{'TopLeft': 0.013987078886803204, 'TopRight': 0.01634720688012062, 'BottomLeft': 0.020689433707652655, 'BottomRight': 0.01854570828660118}",curtainDown,1,-0.7393900818294948,-0.591739296913147,1,3.54541015625,1,-0.679153733783298,-0.569334864616394,1,3.536285400390625
11707.66,113,9,4,1,"{'TopLeft': 0.45082607852315754, 'TopRight': 0.4873795443493595, 'BottomLeft': 0.5483019873930293, 'BottomRight': 0.5316406451519528}","{'TopLeft': 0.013987078886803204, 'TopRight': 0.01634720688012062, 'BottomLeft': 0.020689433707652655, 'BottomRight': 0.01854570828660118}",curtainDown,1,-0.4512525664435492,-0.3560672402381897,1,3.57086181640625,1,-0.36281230714586044,-0.3324754238128662,1,3.5589599609375
11724.327,113,9,4,1,"{'TopLeft': 0.45082607852315754, 'TopRight': 0.4873795443493595, 'BottomLeft': 0.5483019873930293, 'BottomRight': 0.5316406451519528}","{'TopLeft': 0.013987078886803204, 'TopRight': 0.01634720688012062, 'BottomLeft': 0.020689433707652655, 'BottomRight': 0.01854570828660118}",curtainDown,1,-0.24775780571831596,-0.2164602279663086,1,3.57464599609375,1,-0.19425317976209852,-0.22148269414901733,1,3.5508575439453125
11740.993,113,9,4,1,"{'TopLeft': 0.45082607852315754, 'TopRight': 0.4873795443493595, 'BottomLeft': 0.5483019873930293, 'BottomRight': 0.5316406451519528}","{'TopLeft': 0.013987078886803204, 'TopRight': 0.01634720688012062, 'BottomLeft': 0.020689433707652655, 'BottomRight': 0.01854570828660118}",curtainDown,1,-0.16345548629760742,-0.12241482734680176,1,3.578765869140625,1,-0.13901874754163954,-0.09622973203659058,1,3.5558624267578125
11757.66,113,9,4,1,"{'TopLeft': 0.45082607852315754, 'TopRight': 0.4873795443493595, 'BottomLeft': 0.5483019873930293, 'BottomRight': 0.5316406451519528}","{'TopLeft': 0.013987078886803204, 'TopRight': 0.01634720688012062, 'BottomLeft': 0.020689433707652655, 'BottomRight': 0.01854570828660118}",curtainDown,1,-0.15885665681627062,-0.12396454811096191,1,3.579193115234375,1,-0.12247965070936415,-0.10345721244812012,1,3.55804443359375
11774.328,113,9,4,1,"{'TopLeft': 0.45082607852315754, 'TopRight': 0.4873795443493595, 'BottomLeft': 0.5483019873930293, 'BottomRight': 0.5316406451519528}","{'TopLeft': 0.013987078886803204, 'TopRight': 0.01634720688012062, 'BottomLeft': 0.020689433707652655, 'BottomRight': 0.01854570828660118}",curtainDown,1,-0.1515957514444987,-0.11503362655639648,1,3.5751800537109375,1,-0.11277325948079427,-0.08832913637161255,1,3.5513916015625
11790.994,113,9,4,1,"{'TopLeft': 0.45082607852315754, 'TopRight': 0.4873795443493595, 'BottomLeft': 0.5483019873930293, 'BottomRight': 0.5316406451519528}","{'TopLeft': 0.013987078886803204, 'TopRight': 0.01634720688012062, 'BottomLeft': 0.020689433707652655, 'BottomRight': 0.01854570828660118}",curtainDown,1,-0.15247604582044813,-0.12197017669677734,1,3.5751190185546875,1,-0.11393250359429252,-0.09527099132537842,1,3.5460357666015625
11807.661,113,9,4,1,"{'TopLeft': 0.45082607852315754, 'TopRight': 0.4873795443493595, 'BottomLeft': 0.5483019873930293, 'BottomRight': 0.5316406451519528}","{'TopLeft': 0.013987078886803204, 'TopRight': 0.01634720688012062, 'BottomLeft': 0.020689433707652655, 'BottomRight': 0.01854570828660118}",curtainDown,1,-0.150013181898329,-0.12129634618759155,1,3.57391357421875,1,-0.11995421515570746,-0.09934234619140625,1,3.54888916015625
11824.328,113,9,4,1,"{'TopLeft': 0.45082607852315754, 'TopRight': 0.4873795443493595, 'BottomLeft': 0.5483019873930293, 'BottomRight': 0.5316406451519528}","{'TopLeft': 0.013987078886803204, 'TopRight': 0.01634720688012062, 'BottomLeft': 0.020689433707652655, 'BottomRight': 0.01854570828660118}",curtainDown,1,-0.1530011494954427,-0.11793994903564453,1,3.57879638671875,1,-0.11315239800347221,-0.09364724159240723,1,3.54693603515625
11840.994,113,9,4,1,"{'TopLeft': 0.45082607852315754, 'TopRight': 0.4873795443493595, 'BottomLeft': 0.5483019873930293, 'BottomRight': 0.5316406451519528}","{'TopLeft': 0.013987078886803204, 'TopRight': 0.01634720688012062, 'BottomLeft': 0.020689433707652655, 'BottomRight': 0.01854570828660118}",curtainDown,1,-0.14931509229871961,-0.12288850545883179,1,3.5778656005859375,1,-0.1110382080078125,-0.08963721990585327,1,3.548309326171875
11857.662,113,9,4,1,"{'TopLeft': 0.45082607852315754, 'TopRight': 0.4873795443493595, 'BottomLeft': 0.5483019873930293, 'BottomRight': 0.5316406451519528}","{'TopLeft': 0.013987078886803204, 'TopRight': 0.01634720688012062, 'BottomLeft': 0.020689433707652655, 'BottomRight': 0.01854570828660118}",curtainDown,1,-0.1496675279405382,-0.12229114770889282,1,3.5818939208984375,1,-0.11428769429524739,-0.09230923652648926,1,3.5458831787109375
11874.329,113,9,4,1,"{'TopLeft': 0.45082607852315754, 'TopRight': 0.4873795443493595, 'BottomLeft': 0.5483019873930293, 'BottomRight': 0.5316406451519528}","{'TopLeft': 0.013987078886803204, 'TopRight': 0.01634720688012062, 'BottomLeft': 0.020689433707652655, 'BottomRight': 0.01854570828660118}",curtainDown,1,-0.1446894539727105,-0.12389183044433594,1,3.588897705078125,1,-0.11110973358154297,-0.09287488460540771,1,3.5494537353515625
11890.995,113,9,4,1,"{'TopLeft': 0.45082607852315754, 'TopRight': 0.4873795443493595, 'BottomLeft': 0.5483019873930293, 'BottomRight': 0.5316406451519528}","{'TopLeft': 0.013987078886803204, 'TopRight': 0.01634720688012062, 'BottomLeft': 0.020689433707652655, 'BottomRight': 0.01854570828660118}",curtainDown,1,-0.1497126155429416,-0.13019782304763794,1,3.5845489501953125,1,-0.11160490247938368,-0.09429037570953369,1,3.5507354736328125
11907.662,113,9,4,1,"{'TopLeft': 0.45082607852315754, 'TopRight': 0.4873795443493595, 'BottomLeft': 0.5483019873930293, 'BottomRight': 0.5316406451519528}","{'TopLeft': 0.013987078886803204, 'TopRight': 0.01634720688012062, 'BottomLeft': 0.020689433707652655, 'BottomRight': 0.01854570828660118}",curtainDown,1,-0.1384272575378418,-0.12474578619003296,1,3.590423583984375,1,-0.11514213350084092,-0.09414553642272949,1,3.5523681640625
11924.329,113,9,4,1,"{'TopLeft': 0.45082607852315754, 'TopRight': 0.4873795443493595, 'BottomLeft': 0.5483019873930293, 'BottomRight': 0.5316406451519528}","{'TopLeft': 0.013987078886803204, 'TopRight': 0.01634720688012062, 'BottomLeft': 0.020689433707652655, 'BottomRight': 0.01854570828660118}",curtainDown,1,-0.13971789677937824,-0.12201946973800659,1,3.581390380859375,1,-0.10891718334621853,-0.09179806709289551,1,3.547027587890625
11940.996,113,9,4,1,"{'TopLeft': 0.45082607852315754, 'TopRight': 0.4873795443493595, 'BottomLeft': 0.5483019873930293, 'BottomRight': 0.5316406451519528}","{'TopLeft': 0.013987078886803204, 'TopRight': 0.01634720688012062, 'BottomLeft': 0.020689433707652655, 'BottomRight': 0.01854570828660118}",curtainDown,1,-0.1376221974690755,-0.11282962560653687,1,3.5805816650390625,1,-0.10600683424207899,-0.09123432636260986,1,3.5470123291015625
11957.663,113,9,4,1,"{'TopLeft': 0.45082607852315754, 'TopRight': 0.4873795443493595, 'BottomLeft': 0.5483019873930293, 'BottomRight': 0.5316406451519528}","{'TopLeft': 0.013987078886803204, 'TopRight': 0.01634720688012062, 'BottomLeft': 0.020689433707652655, 'BottomRight': 0.01854570828660118}",curtainDown,1,-0.1380767822265625,-0.11569088697433472,1,3.570098876953125,1,-0.10994015799628364,-0.08942466974258423,1,3.535614013671875
11974.33,113,9,4,1,"{'TopLeft': 0.45082607852315754, 'TopRight': 0.4873795443493595, 'BottomLeft': 0.5483019873930293, 'BottomRight': 0.5316406451519528}","{'TopLeft': 0.013987078886803204, 'TopRight': 0.01634720688012062, 'BottomLeft': 0.020689433707652655, 'BottomRight': 0.01854570828660118}",curtainDown,1,-0.1360179583231608,-0.11410707235336304,1,3.5558319091796875,1,-0.10806232028537326,-0.08854377269744873,1,3.5301055908203125
11990.996,113,9,4,1,"{'TopLeft': 0.45082607852315754, 'TopRight': 0.4873795443493595, 'BottomLeft': 0.5483019873930293, 'BottomRight': 0.5316406451519528}","{'TopLeft': 0.013987078886803204, 'TopRight': 0.01634720688012062, 'BottomLeft': 0.020689433707652655, 'BottomRight': 0.01854570828660118}",curtainDown,1,-0.13622728983561197,-0.11431723833084106,1,3.5410614013671875,1,-0.10397121641370985,-0.09593462944030762,1,3.517730712890625
12007.663,113,9,4,1,"{'TopLeft': 0.45082607852315754, 'TopRight': 0.4873795443493595, 'BottomLeft': 0.5483019873930293, 'BottomRight': 0.5316406451519528}","{'TopLeft': 0.013987078886803204, 'TopRight': 0.01634720688012062, 'BottomLeft': 0.020689433707652655, 'BottomRight': 0.01854570828660118}",curtainDown,1,-0.13592391543918186,-0.11343377828598022,1,3.52130126953125,1,-0.10945775773790146,-0.09174901247024536,1,3.5004730224609375
12024.331,113,9,4,1,"{'TopLeft': 0.45082607852315754, 'TopRight': 0.4873795443493595, 'BottomLeft': 0.5483019873930293, 'BottomRight': 0.5316406451519528}","{'TopLeft': 0.013987078886803204, 'TopRight': 0.01634720688012062, 'BottomLeft': 0.020689433707652655, 'BottomRight': 0.01854570828660118}",curtainDown,1,-0.13338470458984375,-0.11664056777954102,1,3.502685546875,1,-0.11272356245252821,-0.08952635526657104,1,3.48150634765625
12040.997,113,9,4,1,"{'TopLeft': 0.45082607852315754, 'TopRight': 0.4873795443493595, 'BottomLeft': 0.5483019873930293, 'BottomRight': 0.5316406451519528}","{'TopLeft': 0.013987078886803204, 'TopRight': 0.01634720688012062, 'BottomLeft': 0.020689433707652655, 'BottomRight': 0.01854570828660118}",curtainDown,1,-0.1316484875149197,-0.11513543128967285,1,3.4764862060546875,1,-0.10523748397827148,-0.09469747543334961,1,3.4606170654296875
12057.664,113,9,4,1,"{'TopLeft': 0.45082607852315754, 'TopRight': 0.4873795443493595, 'BottomLeft': 0.5483019873930293, 'BottomRight': 0.5316406451519528}","{'TopLeft': 0.013987078886803204, 'TopRight': 0.01634720688012062, 'BottomLeft': 0.020689433707652655, 'BottomRight': 0.01854570828660118}",curtainDown,1,-0.1298230489095052,-0.10811299085617065,1,3.4561767578125,1,-0.1120976342095269,-0.09398162364959717,1,3.44281005859375
12074.331,113,9,4,1,"{'TopLeft': 0.45082607852315754, 'TopRight': 0.4873795443493595, 'BottomLeft': 0.5483019873930293, 'BottomRight': 0.5316406451519528}","{'TopLeft': 0.013987078886803204, 'TopRight': 0.01634720688012062, 'BottomLeft': 0.020689433707652655, 'BottomRight': 0.01854570828660118}",curtainDown,1,-0.13570642471313477,-0.10854387283325195,1,3.4334869384765625,1,-0.10626729329427083,-0.09045839309692383,1,3.422821044921875
6.488,113,9,4,2,0,0,IntruderTrial,1,-0.13282288445366752,-0.10830038785934448,1,3.4153900146484375,1,-0.10705608791775173,-0.09129095077514648,1,3.40704345703125
23.156,113,9,4,2,0,0,IntruderTrial,1,-0.1377759509616428,-0.10987234115600586,1,3.405303955078125,1,-0.10539007186889648,-0.08698982000350952,1,3.3937835693359375
39.823,113,9,4,2,0,0,IntruderTrial,1,-0.13964547051323783,-0.1111040711402893,1,3.3975830078125,1,-0.10691356658935547,-0.08443748950958252,1,3.3843231201171875
56.489,113,9,4,2,0,0,IntruderTrial,1,-0.13882742987738714,-0.10950088500976562,1,3.3810882568359375,1,-0.10720274183485243,-0.08487445116043091,1,3.3665924072265625
73.156,113,9,4,2,0,0,IntruderTrial,1,-0.1423315472073025,-0.106575608253479,1,3.3669281005859375,1,-0.10977209938897026,-0.08751660585403442,1,3.3613128662109375
89.823,113,9,4,2,0,0,curtain_up,1,-0.14101918538411456,-0.11114728450775146,1,3.3692169189453125,1,-0.10990158716837564,-0.0873381495475769,1,3.361114501953125
106.489,113,9,4,2,0,0,curtain_up,1,-0.13542503780788845,-0.11571282148361206,1,3.35711669921875,1,-0.10803699493408203,-0.08604371547698975,1,3.3513946533203125
123.157,113,9,4,2,0,0,curtain_up,1,-0.1375197304619683,-0.11398804187774658,1,3.356842041015625,1,-0.11182207531399196,-0.08522415161132812,1,3.3500518798828125
139.824,113,9,4,2,0,0,curtain_up,1,-0.1455469661288791,-0.11272931098937988,1,3.33905029296875,1,-0.10983864466349283,-0.09151554107666016,1,3.3375091552734375
156.49,113,9,4,2,0,0,curtain_up,1,-0.14869568083021376,-0.11239153146743774,1,3.3368377685546875,1,-0.11702071295844184,-0.0903591513633728,1,3.3375091552734375
173.157,113,9,4,2,0,0,curtain_up,1,-0.13865078820122612,-0.1092713475227356,1,3.3359222412109375,1,-0.10929812325371635,-0.08902716636657715,1,3.3260345458984375
189.824,113,9,4,2,0,0,curtain_up,1,-0.1389752493964301,-0.11231464147567749,1,3.3246002197265625,1,-0.11462185117933485,-0.08474469184875488,1,3.321807861328125
206.491,113,9,4,2,0,0,curtain_up,1,-0.1355852550930447,-0.11009794473648071,1,3.31640625,1,-0.11128563351101345,-0.08755385875701904,1,3.3097076416015625
223.158,113,9,4,2,0,0,curtain_up,1,-0.13303147421942815,-0.11247998476028442,1,3.3055877685546875,1,-0.11124123467339408,-0.09009718894958496,1,3.304443359375
239.825,113,9,4,2,0,0,curtain_up,1,-0.13875336117214626,-0.10965651273727417,1,3.3035430908203125,1,-0.10493342081705728,-0.08494412899017334,1,3.2948760986328125
256.491,113,9,4,2,0,0,curtain_up,1,-0.1312085257636176,-0.10707437992095947,1,3.2946319580078125,1,-0.1051638921101888,-0.08694559335708618,1,3.2862091064453125
273.158,113,9,4,2,0,0,curtain_up,1,-0.14034779866536456,-0.10586172342300415,1,3.2812957763671875,1,-0.10946570502387153,-0.08734643459320068,1,3.2671966552734375
289.826,113,9,4,2,0,0,curtain_up,1,-0.135621706644694,-0.10744166374206543,1,3.270721435546875,1,-0.10687510172526041,-0.08406758308410645,1,3.2589263916015625
306.492,113,9,4,2,0,0,curtain_up,1,-0.1372653113471137,-0.10982072353363037,1,3.2710418701171875,1,-0.10754723019070095,-0.08856213092803955,1,3.2472381591796875
323.159,113,9,4,2,0,0,curtain_up,1,-0.13007317648993597,-0.09631621837615967,1,3.255462646484375,1,-0.11286597781711154,-0.08966505527496338,1,3.2360076904296875
339.826,113,9,4,2,0,0,curtain_up,1,-0.1326595942179362,-0.10486137866973877,1,3.2468719482421875,1,-0.10958343082004122,-0.0902632474899292,1,3.2269439697265625
356.492,113,9,4,2,0,0,curtain_up,1,-0.1344949934217665,-0.10829740762710571,1,3.235687255859375,1,-0.10654015011257595,-0.09573447704315186,1,3.2168121337890625
373.16,113,9,4,2,0,0,curtain_up,1,-0.13713354534573025,-0.10680121183395386,1,3.2292022705078125,1,-0.1073200437757704,-0.08992141485214233,1,3.202911376953125
389.827,113,9,4,2,0,0,curtain_up,1,-0.13995387819078234,-0.11057859659194946,1,3.2196044921875,1,-0.10410647922092013,-0.08859670162200928,1,3.187042236328125
406.493,113,9,4,2,0,0,curtain_up,1,-0.1333116955227322,-0.10183119773864746,1,3.2060699462890625,1,-0.10997793409559461,-0.08645153045654297,1,3.1784820556640625
423.16,113,9,4,2,0,0,curtain_up,1,-0.1318040953742133,-0.10573887825012207,1,3.2002410888671875,1,-0.11072068744235568,-0.09233182668685913,1,3.1818695068359375
439.827,113,9,4,2,0,0,curtain_up,1,-0.13229491975572374,-0.10438823699951172,1,3.183258056640625,1,-0.11327621671888563,-0.08804428577423096,1,3.1601409912109375
456.494,113,9,4,2,0,0,curtain_up,1,-0.13850969738430446,-0.10398656129837036,1,3.173553466796875,1,-0.11008983188205294,-0.08452385663986206,1,3.13836669921875
473.161,113,9,4,2,0,0,curtain_up,1,-0.13050524393717447,-0.09869801998138428,1,3.1592254638671875,1,-0.10422092013888888,-0.08375918865203857,1,3.121734619140625
489.828,113,9,4,2,0,0,curtain_up,1,-0.13063102298312718,-0.10342532396316528,1,3.150787353515625,1,-0.10568973753187391,-0.08372700214385986,1,3.1161346435546875
506.494,113,9,4,2,0,0,curtain_up,1,-0.124114990234375,-0.09089154005050659,1,3.1296844482421875,1,-0.10327445136176215,-0.09434974193572998,1,3.1209869384765625
523.161,113,9,4,2,0,0,curtain_up,1,-0.12635638978746203,-0.0950477123260498,1,3.1205902099609375,1,-0.10709095001220703,-0.08544027805328369,1,3.10028076171875
539.829,113,9,4,2,0,0,curtain_up,1,-0.12817292743259007,-0.09431356191635132,1,3.1183929443359375,1,-0.09912596808539496,-0.09304642677307129,1,3.110015869140625
556.495,113,9,4,2,0,0,curtain_up,1,-0.1274288495381673,-0.09824466705322266,1,3.115325927734375,1,-0.10516362720065646,-0.0843248963356018,1,3.0839691162109375
573.162,113,9,4,2,0,0,curtain_up,1,-0.12561220592922634,-0.09190905094146729,1,3.1104736328125,1,-0.11064471138848198,-0.08976989984512329,1,3.0974273681640625
589.829,113,9,4,2,0,0,curtain_up,1,-0.12527179718017578,-0.100716233253479,1,3.1193084716796875,1,-0.1061712900797526,-0.08262276649475098,1,3.084075927734375
606.495,113,9,4,2,0,0,curtain_up,1,-0.12610371907552081,-0.10573965311050415,1,3.1292877197265625,1,-0.10935147603352864,-0.09110939502716064,1,3.1000518798828125
623.163,113,9,4,2,0,0,curtain_up,1,-0.1740162107679579,-0.08710461854934692,1,3.1320037841796875,1,-0.11963653564453125,-0.07075530290603638,1,3.094635009765625
639.83,113,9,4,2,0,0,curtain_up,1,-0.3612042533026801,0.01349341869354248,1,3.145416259765625,1,-0.29397074381510413,0.014600992202758789,1,3.132904052734375
656.496,113,9,4,2,0,0,curtain_up,1,-0.4866999785105387,0.027580291032791138,1,3.1561279296875,1,-0.4397424062093099,0.03782910108566284,1,3.14727783203125
673.163,113,9,4,2,0,0,curtain_up,1,-0.4836574660407172,0.04002869129180908,1,3.17645263671875,0,nan,nan,0,nan
689.83,113,9,4,2,0,0,curtain_up,1,-0.5040252738528781,0.05101841688156128,1,3.1917877197265625,1,-0.4729945924546983,0.047559499740600586,1,3.16717529296875
706.497,113,9,4,2,0,0,curtain_up,1,-0.5055388079749213,0.05418294668197632,1,3.20343017578125,1,-0.48082452350192595,0.06158727407455444,1,3.163818359375
723.164,113,9,4,2,0,0,curtain_up,1,-0.49606929885016543,0.05681276321411133,1,3.217132568359375,1,-0.46551095114813906,0.05348092317581177,1,3.1689910888671875
739.831,113,9,4,2,0,0,curtain_up,1,-0.502057393391927,0.0649067759513855,1,3.2266845703125,1,-0.4795679516262478,0.05704540014266968,1,3.181640625
756.497,113,9,4,2,0,0,curtain_up,1,-0.5050123532613118,0.06529688835144043,1,3.2391510009765625,1,-0.46783002217610675,0.06624430418014526,1,3.1928253173828125
773.164,113,9,4,2,0,0,curtain_up,1,-0.506182935502794,0.06632643938064575,1,3.247161865234375,1,-0.4709735446506076,0.07048726081848145,1,3.20501708984375
789.832,113,9,4,2,0,0,curtain_up,1,-0.506968789630466,0.06921032071113586,1,3.256744384765625,1,-0.4624320930904812,0.062533438205719,1,3.215576171875
806.498,113,9,4,2,0,0,curtain_up,1,-0.508425235748291,0.07009607553482056,1,3.2774658203125,1,-0.4689444965786404,0.07038027048110962,1,3.230316162109375
823.165,113,9,4,2,0,0,curtain_up,1,-0.5117783811357286,0.07354795932769775,1,3.28668212890625,1,-0.4785014258490668,0.07846987247467041,1,3.23272705078125
839.832,113,9,4,2,0,0,curtain_up,1,-0.5082513491312662,0.07538539171218872,1,3.2936248779296875,1,-0.46907350752088756,0.07552376389503479,1,3.255828857421875
856.498,113,9,4,2,0,0,curtain_up,1,-0.5110885832044814,0.07896465063095093,1,3.30731201171875,1,-0.47406487994723845,0.07881063222885132,1,3.26666259765625
873.166,113,9,4,2,0,0,curtain_up,1,-0.5098031361897786,0.07782462239265442,1,3.3182373046875,1,-0.4665353033277723,0.07986059784889221,1,3.2759857177734375
889.833,113,9,4,2,0,0,curtain_up,1,-0.5129977332221137,0.08000203967094421,1,3.3297271728515625,1,-0.47406140963236487,0.07944798469543457,1,3.2931365966796875
906.499,113,9,4,2,0,0,curtain_up,1,-0.5068571832444932,0.0802047848701477,1,3.3440399169921875,1,-0.4658975601196289,0.0841040313243866,1,3.29986572265625
923.166,113,9,4,2,0,0,curtain_up,1,-0.5083814197116427,0.08152148127555847,1,3.3477935791015625,1,-0.4779179361131456,0.08110830187797546,1,3.3142547607421875
939.833,113,9,4,2,0,0,curtain_up,1,-0.5057889620463053,0.07723483443260193,1,3.3564453125,1,-0.46845735443962944,0.07997268438339233,1,3.32879638671875
956.5,113,9,4,2,0,0,curtain_up,1,-0.5047248204549153,0.08511874079704285,1,3.3715057373046875,1,-0.47724641693962944,0.0931851863861084,1,3.338775634765625
973.167,113,9,4,2,0,0,curtain_up,1,-0.5013413429260254,0.084440678358078,1,3.38482666015625,1,-0.4683385425143771,0.0784754753112793,1,3.362884521484375
989.834,113,9,4,2,0,0,curtain_up,1,-0.5046552817026774,0.09030631184577942,1,3.390045166015625,1,-0.47573603524102104,0.08478102087974548,1,3.3696136474609375
1006.5,113,9,4,2,0,0,curtain_up,1,-0.498220337761773,0.08708593249320984,1,3.409698486328125,1,-0.4683248996734619,0.08562958240509033,1,3.3750152587890625
1023.167,113,9,4,2,0,0,curtain_up,1,-0.5023973253038194,0.08539566397666931,1,3.4178924560546875,1,-0.47784943050808376,0.09781941771507263,1,3.3903350830078125
1039.835,113,9,4,2,0,0,curtain_up,1,-0.5040083461337619,0.08371138572692871,1,3.4310760498046875,1,-0.45377132627699107,0.07522222399711609,1,3.40185546875
1056.501,113,9,4,2,0,0,curtain_up,1,-0.5054415331946479,0.09536615014076233,1,3.444488525390625,1,-0.47558901045057506,0.0948178768157959,1,3.4061431884765625
1073.168,113,9,4,2,0,0,blank_screen,1,-0.5106466611226399,0.09568944573402405,1,3.4476318359375,1,-0.4754054546356201,0.10195308923721313,1,3.4167633056640625
1089.835,113,9,4,2,0,0,blank_screen,1,-0.5023697747124566,0.09169620275497437,1,3.4566802978515625,1,-0.47975465986463756,0.10123282670974731,1,3.4346771240234375
1106.501,113,9,4,2,0,0,blank_screen,1,-0.7087566720114814,0.13890236616134644,1,3.5228424072265625,1,-0.5904639032151964,0.15180981159210205,1,3.4607696533203125
1123.169,113,9,4,2,0,0,blank_screen,1,-0.7654899623658922,0.1558670699596405,1,3.5030670166015625,1,-0.6996107233895196,0.1826166808605194,1,3.4673614501953125
1139.836,113,9,4,2,0,0,blank_screen,1,-0.7600269582536485,0.17295169830322266,1,3.536865234375,1,-0.6832543346616956,0.1967604160308838,1,3.4933319091796875
1156.502,113,9,4,2,0,0,blank_screen,1,-0.7717286480797662,0.1755649447441101,1,3.5393829345703125,1,-0.6969336933559841,0.20188570022583008,1,3.5007171630859375
1173.169,113,9,4,2,0,0,blank_screen,1,-0.7544935411877102,0.17006242275238037,1,3.557891845703125,1,-0.6906038522720337,0.20103946328163147,1,3.51495361328125
1189.836,113,9,4,2,0,0,blank_screen,1,-0.7699520852830675,0.170326828956604,1,3.56842041015625,1,-0.692659404542711,0.20373505353927612,1,3.5281524658203125
1206.503,113,9,4,2,0,0,blank_screen,1,-0.7560970915688409,0.16286033391952515,1,3.57598876953125,1,-0.6975353558858235,0.20256882905960083,1,3.5365142822265625
1223.17,113,9,4,2,0,0,blank_screen,1,-0.7460822661717732,0.1677512228488922,1,3.58660888671875,1,-0.6955261627833048,0.19572347402572632,1,3.553985595703125
1239.837,113,9,4,2,0,0,blank_screen,1,-0.750229279200236,0.1625969409942627,1,3.600738525390625,1,-0.6959387991163465,0.20349162817001343,1,3.5585174560546875
1256.503,113,9,4,2,0,0,blank_screen,1,-0.7581632667117648,0.16940778493881226,1,3.6182708740234375,1,-0.6962978707419502,0.2020917534828186,1,3.5751800537109375
1273.17,113,9,4,2,0,0,blank_screen,1,-0.7442834377288818,0.17045754194259644,1,3.62646484375,1,-0.6975031163957384,0.20240840315818787,1,3.5851593017578125
1289.838,113,9,4,2,0,0,blank_screen,1,-0.7454258335961236,0.16307276487350464,1,3.642822265625,1,-0.6919222407870822,0.201520174741745,1,3.60546875
1306.504,113,9,4,2,0,0,blank_screen,1,-0.7448292440838283,0.16286054253578186,1,3.6486358642578125,1,-0.6878555615743001,0.19514000415802002,1,3.6073760986328125
1323.171,113,9,4,2,0,0,blank_screen,1,-0.7487607134713067,0.1582670509815216,1,3.6539154052734375,1,-0.6993551254272461,0.20689240097999573,1,3.6227569580078125
1339.838,113,9,4,2,0,0,blank_screen,1,-0.7450751198662652,0.16838568449020386,1,3.666351318359375,1,-0.6934188339445325,0.20326778292655945,1,3.6307525634765625
1356.504,113,9,4,2,0,0,blank_screen,1,-0.759234176741706,0.168462872505188,1,3.6772613525390625,1,-0.7085910108354356,0.23049554228782654,1,3.637237548828125
1373.172,113,9,4,2,0,0,blank_screen,1,-0.7337035867902967,0.17151248455047607,1,3.6829986572265625,1,-0.7022998332977295,0.19015875458717346,1,3.643402099609375
1389.839,113,9,4,2,0,0,blank_screen,1,-0.7596571180555555,0.17767009139060974,1,3.69256591796875,1,-0.6941589646869235,0.20452672243118286,1,3.6561737060546875
1406.505,113,9,4,2,0,0,blank_screen,1,-0.7554155853059557,0.16818925738334656,1,3.700958251953125,1,-0.703281905916002,0.18510138988494873,1,3.6531982421875
1423.172,113,9,4,2,0,0,blank_screen,1,-0.7563648356331719,0.16981980204582214,1,3.7010955810546875,1,-0.6883366637759738,0.197083979845047,1,3.6629486083984375
1439.839,113,9,4,2,0,0,blank_screen,1,-0.7548278172810872,0.1678341031074524,1,3.7163238525390625,1,-0.7147037453121609,0.22232913970947266,1,3.6688385009765625
1456.506,113,9,4,2,0,0,blank_screen,1,-0.72588050365448,0.16688686609268188,1,3.716552734375,1,-0.7074463499916924,0.21965694427490234,1,3.6670074462890625
1473.173,113,9,4,2,0,0,blank_screen,1,-0.7334827846950954,0.16348284482955933,1,3.72149658203125,1,-0.6815354294247097,0.19836661219596863,1,3.6721343994140625
1489.84,113,9,4,2,0,0,blank_screen,1,-0.7228833304511176,0.1561879813671112,1,3.724609375,1,-0.685062739584181,0.1973465383052826,1,3.67694091796875
1506.506,113,9,4,2,0,0,blank_screen,1,-0.7286539740032619,0.17045190930366516,1,3.735870361328125,1,-0.6972975201076931,0.22410160303115845,1,3.68475341796875
1523.173,113,9,4,2,0,0,blank_screen,1,-0.7452244228786892,0.1719576120376587,1,3.742889404296875,1,-0.7045310603247749,0.2143242061138153,1,3.6828765869140625
1539.841,113,9,4,2,0,0,blank_screen,1,-0.7459976143307155,0.16862887144088745,1,3.74249267578125,1,-0.7193689743677775,0.2201012372970581,1,3.689056396484375
1556.507,113,9,4,2,0,0,blank_screen,1,-0.7536158959070841,0.1671096384525299,1,3.74810791015625,1,-0.7055895858340793,0.21973484754562378,1,3.690521240234375
1573.174,113,9,4,2,0,0,blank_screen,1,-0.7443597184287177,0.16864192485809326,1,3.742034912109375,1,-0.7151796287960476,0.21748551726341248,1,3.6985626220703125
1589.841,113,9,4,2,0,0,central_attention_getter,1,-0.7514801952573987,0.16435185074806213,1,3.749176025390625,1,-0.6985492838753594,0.18871507048606873,1,3.701995849609375
1606.507,113,9,4,2,0,0,central_attention_getter,1,-0.5646727350023057,0.15999487042427063,1,3.73101806640625,1,-0.4669642978244357,0.19881731271743774,1,3.713623046875
1623.175,113,9,4,2,0,0,central_attention_getter,1,-0.24758190578884548,0.18255764245986938,1,3.7362213134765625,1,-0.17809809578789604,0.1639309525489807,1,3.68988037109375
1639.842,113,9,4,2,0,0,central_attention_getter,1,0.08286094665527344,0.15698689222335815,1,3.751739501953125,0,nan,nan,0,nan
1656.508,113,9,4,2,0,0,central_attention_getter,1,0.3490903642442491,0.14991730451583862,1,3.75543212890625,1,0.3630877600775824,0.11282593011856079,1,3.6685638427734375
1673.175,113,9,4,2,0,0,central_attention_getter,1,0.5804060830010308,0.13807183504104614,1,3.7648468017578125,1,0.551528188917372,0.10022217035293579,1,3.6808319091796875
1689.842,113,9,4,2,0,0,central_attention_getter,1,0.5369651582505968,0.12702539563179016,1,3.7856903076171875,1,0.5253661473592122,0.09367716312408447,1,3.697662353515625
1706.509,113,9,4,2,0,0,central_attention_getter,1,0.5608537462022569,0.11630970239639282,1,3.7941741943359375,1,0.5334286159939235,0.09280875325202942,1,3.694427490234375
1723.176,113,9,4,2,0,0,central_attention_getter,1,0.5558372073703342,0.1202244758605957,1,3.7989044189453125,1,0.5435542000664605,0.09679004549980164,1,3.701324462890625
1739.842,113,9,4,2,0,0,central_attention_getter,1,0.5569644504123263,0.125733882188797,1,3.799285888671875,1,0.5381818347507052,0.0883929431438446,1,3.71246337890625
1756.508,113,9,4,2,0,0,central_attention_getter,1,0.5664552052815754,0.12800031900405884,1,3.80859375,1,0.5436759524875217,0.09041950106620789,1,3.7137908935546875
1773.175,113,9,4,2,0,0,central_attention_getter,1,0.5596637725830078,0.12409704923629761,1,3.8144378662109375,1,0.5420259899563259,0.09168800711631775,1,3.722808837890625
1789.842,113,9,4,2,0,0,central_attention_getter,1,0.567027833726671,0.12816956639289856,1,3.8173065185546875,1,0.5470854441324869,0.08729422092437744,1,3.7263946533203125
1806.508,113,9,4,2,0,0,central_attention_getter,1,0.5659155315823025,0.12435853481292725,1,3.822479248046875,1,0.5434559716118706,0.09121781587600708,1,3.737548828125
1823.175,113,9,4,2,0,0,central_attention_getter,1,0.5737547344631618,0.1300622820854187,1,3.82733154296875,1,0.5545892715454102,0.09156054258346558,1,3.743682861328125
1839.841,113,9,4,2,0,0,central_attention_getter,1,0.5663121541341145,0.12413442134857178,1,3.8277130126953125,1,0.5511298709445529,0.0905524492263794,1,3.7451019287109375
1856.507,113,9,4,2,0,0,central_attention_getter,1,0.5775696436564127,0.13139253854751587,1,3.82916259765625,1,0.5475225448608398,0.09681683778762817,1,3.7489166259765625
1873.175,113,9,4,2,0,0,central_attention_getter,1,0.5780368381076388,0.12486052513122559,1,3.8297119140625,1,0.5547936757405598,0.09290093183517456,1,3.755706787109375
1889.841,113,9,4,2,0,0,central_attention_getter,1,0.5811947716606988,0.12776750326156616,1,3.829803466796875,1,0.5588001675075954,0.09667128324508667,1,3.762054443359375
1906.507,113,9,4,2,0,0,central_attention_getter,1,0.29007381863064235,0.10479453206062317,1,3.8224639892578125,1,0.3675275378757053,0.0797806978225708,1,3.7500152587890625
1923.174,113,9,4,2,0,0,central_attention_getter,1,0.02403238084581163,0.031928062438964844,1,3.7935943603515625,1,0.06732357872856988,0.03662946820259094,1,3.75732421875
1939.841,113,9,4,2,0,0,central_attention_getter,1,-0.04025406307644314,0.042204976081848145,1,3.7778472900390625,1,-0.0013453165690104165,0.03718632459640503,1,3.75677490234375
1956.507,113,9,4,2,0,0,central_attention_getter,1,-0.061884562174479164,0.037537574768066406,1,3.764617919921875,1,-0.03399780061509874,0.02427196502685547,1,3.736907958984375
1973.174,113,9,4,2,0,0,central_attention_getter,1,-0.049555990431043834,0.037910133600234985,1,3.752105712890625,1,-0.022197935316297743,0.03147178888320923,1,3.7303924560546875
1989.841,113,9,4,2,0,0,central_attention_getter,1,-0.047874662611219615,0.036246657371520996,1,3.7425384521484375,1,-0.02343548668755425,0.03197315335273743,1,3.7234344482421875
2006.506,113,9,4,2,0,0,central_attention_getter,1,-0.05450688468085395,0.03390836715698242,1,3.725128173828125,1,-0.020366244845920138,0.03233116865158081,1,3.711822509765625
2023.173,113,9,4,2,0,0,central_attention_getter,1,-0.050677617390950516,0.03994056582450867,1,3.70294189453125,1,-0.019858466254340276,0.03270643949508667,1,3.698699951171875
2039.841,113,9,4,2,0,0,central_attention_getter,1,-0.05317211151123047,0.037077128887176514,1,3.699920654296875,1,-0.022557152642144095,0.0326884388923645,1,3.6922149658203125
2056.506,113,9,4,2,0,0,central_attention_getter,1,-0.04702440897623698,0.03570893406867981,1,3.694915771484375,1,-0.028442806667751733,0.03427004814147949,1,3.6862030029296875
2073.173,113,9,4,2,0,0,central_attention_getter,1,-0.04145685831705729,0.029763877391815186,1,3.6780548095703125,1,-0.024571153852674693,0.03453552722930908,1,3.6741485595703125
2089.84,113,9,4,2,0,0,central_attention_getter,1,-0.04014099968804253,0.03985908627510071,1,3.6803436279296875,1,-0.030229356553819444,0.03682553768157959,1,3.6717987060546875
2106.505,113,9,4,2,0,0,central_attention_getter,1,-0.038395828670925565,0.038501471281051636,1,3.6618194580078125,1,-0.02670160929361979,0.035232484340667725,1,3.6638031005859375
2123.173,113,9,4,2,0,0,central_attention_getter,1,-0.04091623094346788,0.040060341358184814,1,3.6662750244140625,1,-0.024803267584906682,0.03177368640899658,1,3.663726806640625
2139.84,113,9,4,2,0,0,central_attention_getter,1,-0.04575623406304253,0.036616891622543335,1,3.6607208251953125,1,-0.025255309210883245,0.039876461029052734,1,3.6559600830078125
2156.505,113,9,4,2,0,0,central_attention_getter,1,-0.039033253987630204,0.03571319580078125,1,3.6574249267578125,1,-0.028217050764295787,0.03418618440628052,1,3.65802001953125
2173.172,113,9,4,2,0,0,central_attention_getter,1,-0.03741068310207791,0.031611859798431396,1,3.654449462890625,1,-0.022576544019911025,0.0356692373752594,1,3.648223876953125
2189.839,113,9,4,2,0,0,central_attention_getter,1,-0.0324252446492513,0.030901074409484863,1,3.6562042236328125,1,-0.021246698167588975,0.042490631341934204,1,3.65325927734375
2206.505,113,9,4,2,0,0,central_attention_getter,1,-0.03360282050238715,0.03226727247238159,1,3.6519622802734375,1,-0.02441702948676215,0.043639302253723145,1,3.646270751953125
2223.172,113,9,4,2,0,0,central_attention_getter,1,-0.03363492753770616,0.03099679946899414,1,3.6548919677734375,1,-0.0217746098836263,0.03997766971588135,1,3.6505584716796875
2239.839,113,9,4,2,0,0,central_attention_getter,1,-0.031208568149142794,0.031938523054122925,1,3.652557373046875,1,-0.021402147081163194,0.03681904077529907,1,3.64642333984375
2256.504,113,9,4,2,0,0,central_attention_getter,1,-0.024648348490397133,0.034680187702178955,1,3.6599578857421875,1,-0.018627113766140405,0.03821003437042236,1,3.6554107666015625
2273.171,113,9,4,2,0,0,central_attention_getter,1,-0.019331932067871094,0.03520017862319946,1,3.6573944091796875,1,-0.012839105394151475,0.03896075487136841,1,3.6488494873046875
2289.838,113,9,4,2,0,0,central_attention_getter,1,-0.014340188768174913,0.03376662731170654,1,3.6621856689453125,1,-0.019171290927463107,0.03230959177017212,1,3.665069580078125
2306.504,113,9,4,2,0,0,central_attention_getter,1,-0.018057399325900607,0.034220218658447266,1,3.6587677001953125,1,-0.012798839145236544,0.03582102060317993,1,3.6560516357421875
2323.171,113,9,4,2,0,0,central_attention_getter,1,-0.020869149102105033,0.032058537006378174,1,3.66253662109375,1,-0.014299127790662976,0.038750529289245605,1,3.663787841796875
2339.838,113,9,4,2,0,0,central_attention_getter,1,-0.01634513007269965,0.025414496660232544,1,3.660369873046875,1,-0.010489304860432942,0.03560680150985718,1,3.6640625
2356.503,113,9,4,2,0,0,central_attention_getter,1,-0.019801351759168837,0.025531411170959473,1,3.6665191650390625,1,-0.014447318183051214,0.03200268745422363,1,3.66766357421875
2373.171,113,9,4,2,0,0,central_attention_getter,1,-0.02453729841444227,0.02224266529083252,1,3.6619720458984375,1,-0.012855211893717447,0.034832775592803955,1,3.662353515625
2389.837,113,9,4,2,0,0,central_attention_getter,1,-0.01905345916748047,0.027760446071624756,1,3.6673583984375,1,-0.012194739447699651,0.03353595733642578,1,3.6668548583984375
2406.503,113,9,4,2,0,0,central_attention_getter,1,-0.026495933532714844,0.023059368133544922,1,3.6621551513671875,1,-0.008477528889973957,0.030673116445541382,1,3.6590118408203125
2423.17,113,9,4,2,0,0,central_attention_getter,1,-0.01812193128797743,0.02867424488067627,1,3.6639556884765625,1,-0.008076402876112197,0.024886012077331543,1,3.663665771484375
2439.836,113,9,4,2,0,0,central_attention_getter,1,-0.02497614754570855,0.023932814598083496,1,3.658599853515625,1,-0.004335509406195747,0.030684202909469604,1,3.6550750732421875
2456.503,113,9,4,2,0,0,central_attention_getter,1,-0.02524529563056098,0.023064494132995605,1,3.6599884033203125,1,-0.01003371344672309,0.027781307697296143,1,3.66241455078125
2473.17,113,9,4,2,0,0,central_attention_getter,1,-0.019659572177463107,0.027102112770080566,1,3.6552886962890625,1,-0.00834459728664822,0.0324251651763916,1,3.65478515625
2489.836,113,9,4,2,0,0,central_attention_getter,1,-0.020129786597357854,0.025115668773651123,1,3.65704345703125,1,-0.00940614276462131,0.026042580604553223,1,3.6537933349609375
2506.502,113,9,4,2,0,0,central_attention_getter,1,-0.015914758046468098,0.02797001600265503,1,3.6488037109375,1,-0.008871078491210938,0.03029775619506836,1,3.6510162353515625
2523.169,113,9,4,2,0,0,central_attention_getter,1,-0.018743726942274306,0.02226787805557251,1,3.65313720703125,1,-0.008637110392252604,0.027349650859832764,1,3.656402587890625
2539.836,113,9,4,2,0,0,central_attention_getter,1,-0.020855108896891274,0.027234673500061035,1,3.643310546875,1,-0.009218321906195747,0.028448671102523804,1,3.6423797607421875
2556.502,113,9,4,2,0,0,central_attention_getter,1,-0.017151620652940538,0.026514023542404175,1,3.646331787109375,1,-0.005875534481472439,0.03288358449935913,1,3.64605712890625
2573.169,113,9,4,2,0,0,central_attention_getter,1,-0.02016856935289171,0.02276510000228882,1,3.639251708984375,1,-0.007113933563232422,0.026180684566497803,1,3.6345062255859375
2589.835,113,9,4,2,0,0,central_attention_getter,1,-0.015630722045898438,0.0230749249458313,1,3.6430206298828125,1,-0.005921840667724609,0.019007593393325806,1,3.637786865234375
2606.501,113,9,4,2,0,0,central_attention_getter,1,-0.020276493496365015,0.020451068878173828,1,3.635833740234375,1,-0.005815294053819444,0.024037957191467285,1,3.627288818359375
2623.168,113,9,4,2,0,0,central_attention_getter,1,-0.013974189758300781,0.021010369062423706,1,3.636962890625,1,-0.003716362847222222,0.018159866333007812,1,3.6277313232421875
2639.835,113,9,4,2,0,0,central_attention_getter,1,-0.01594861348470052,0.014687448740005493,1,3.63067626953125,1,-0.0050811767578125,0.020135104656219482,1,3.61590576171875
2656.501,113,9,4,2,0,0,central_attention_getter,1,-0.009687953525119357,0.01911550760269165,1,3.6314239501953125,1,-0.009092542860243054,0.019202888011932373,1,3.6185760498046875
2673.167,113,9,4,2,0,0,central_attention_getter,1,-0.010787645975748697,0.01790502667427063,1,3.62213134765625,1,-0.0054649776882595485,0.02098536491394043,1,3.611053466796875
2689.834,113,9,4,2,0,0,central_attention_getter,1,-0.006721390618218316,0.02450379729270935,1,3.6221160888671875,1,-0.005152278476291233,0.014953374862670898,1,3.607513427734375
2706.501,113,9,4,2,0,0,central_attention_getter,1,-0.011701477898491753,0.013857126235961914,1,3.6170501708984375,1,-0.006983492109510633,0.020313739776611328,1,3.5980377197265625
2723.167,113,9,4,2,0,0,central_attention_getter,1,-0.008046997918023003,0.02221006155014038,1,3.61309814453125,1,-0.005909601847330729,0.019685596227645874,1,3.5959625244140625
2739.834,113,9,4,2,0,0,central_attention_getter,1,-0.008626937866210938,0.017871201038360596,1,3.6013031005859375,1,-0.003928714328342014,0.01747220754623413,1,3.5813751220703125
2756.5,113,9,4,2,0,0,central_attention_getter,1,-0.009402381049262153,0.024668395519256592,1,3.5957489013671875,1,-0.004863844977484808,0.020182043313980103,1,3.5805816650390625
2773.166,113,9,4,2,0,0,central_attention_getter,1,-0.006612989637586805,0.024486660957336426,1,3.5874786376953125,1,-0.0037603378295898438,0.02288895845413208,1,3.5632171630859375
2789.833,113,9,4,2,0,0,central_attention_getter,1,-0.0100810792711046,0.02660655975341797,1,3.583160400390625,1,-0.004789829254150391,0.01977407932281494,1,3.572723388671875
2806.5,113,9,4,2,0,0,central_attention_getter,1,-0.006657706366644965,0.021814942359924316,1,3.576568603515625,1,-0.008337603674994575,0.022439301013946533,1,3.5485687255859375
2823.166,113,9,4,2,0,0,central_attention_getter,1,-0.009637408786349826,0.02582487463951111,1,3.5684967041015625,1,-0.005267090267605252,0.017265915870666504,1,3.5492095947265625
2839.833,113,9,4,2,0,0,central_attention_getter,1,-0.005137125651041666,0.02324575185775757,1,3.5603485107421875,1,-0.005440870920817057,0.020100831985473633,1,3.5331878662109375
2856.499,113,9,4,2,0,0,central_attention_getter,1,-0.007233407762315538,0.019009530544281006,1,3.56561279296875,1,-0.006261401706271701,0.015198826789855957,1,3.539764404296875
2873.165,113,9,4,2,0,0,central_attention_getter,1,-0.00615602069430881,0.022662103176116943,1,3.551849365234375,1,-0.004394955105251736,0.02218794822692871,1,3.518798828125
2889.833,113,9,4,2,0,0,central_attention_getter,1,-0.009243382347954644,0.02172607183456421,1,3.546661376953125,1,-0.007055176628960503,0.014372944831848145,1,3.5288543701171875
2906.498,113,9,4,2,0,0,central_attention_getter,1,-0.007978651258680556,0.02477318048477173,1,3.537322998046875,1,-0.005620002746582031,0.02024078369140625,1,3.50830078125
2923.165,113,9,4,2,0,0,central_attention_getter,1,-0.011079788208007812,0.022785425186157227,1,3.5352630615234375,1,-0.0028711954752604165,0.024770498275756836,1,3.5046234130859375
2939.832,113,9,4,2,0,0,central_attention_getter,1,-0.01064671410454644,0.02599164843559265,1,3.520233154296875,1,-0.0036755667792426213,0.02048322558403015,1,3.4980926513671875
2956.497,113,9,4,2,0,0,central_attention_getter,1,-0.006464163462320963,0.028452575206756592,1,3.51324462890625,1,-0.004286024305555555,0.01786184310913086,1,3.4911041259765625
2973.165,113,9,4,2,0,0,central_attention_getter,1,-0.011466926998562282,0.025447338819503784,1,3.4998016357421875,1,-0.0002514521280924479,0.016940534114837646,1,3.4864044189453125
2989.831,113,9,4,2,0,0,central_attention_getter,1,-0.008315616183810763,0.0330314040184021,1,3.49603271484375,1,-0.005206584930419922,0.017460912466049194,1,3.4922332763671875
3006.497,113,9,4,2,0,0,central_attention_getter,1,-0.013286643558078341,0.02777951955795288,1,3.4829864501953125,1,7.523430718315972e-06,0.017136812210083008,1,3.4707794189453125
3023.164,113,9,4,2,0,0,central_attention_getter,1,-0.008073382907443576,0.032042622566223145,1,3.478851318359375,1,-0.006431261698404947,0.021293699741363525,1,3.4733123779296875
3039.831,113,9,4,2,0,0,central_attention_getter,1,-0.01503271526760525,0.03042435646057129,1,3.4686431884765625,1,-0.0022159682379828557,0.016606420278549194,1,3.465362548828125
3056.497,113,9,4,2,0,0,central_attention_getter,1,-0.018857267167833116,0.02823162078857422,1,3.4628143310546875,1,-0.008090125189887153,0.013864099979400635,1,3.476226806640625
3073.164,113,9,4,2,0,0,central_attention_getter,1,-0.016246424780951604,0.027945995330810547,1,3.4555511474609375,1,0.0029887093438042533,0.01646435260772705,1,3.4592132568359375
3089.83,113,9,4,2,0,0,central_attention_getter,1,-0.012624740600585938,0.0350879430770874,1,3.452362060546875,1,-0.0055959489610460066,0.01837003231048584,1,3.4539947509765625
3106.496,113,9,4,2,0,0,central_attention_getter,1,-0.015844398074679904,0.02986973524093628,1,3.46014404296875,1,-0.0027107662624782985,0.00883406400680542,1,3.472686767578125
3123.163,113,9,4,2,0,0,central_attention_getter,1,-0.014216528998480901,0.031696826219558716,1,3.440399169921875,1,-0.002945423126220703,0.01249578595161438,1,3.463897705078125
3139.83,113,9,4,2,0,0,central_attention_getter,1,-0.01543638441297743,0.037488698959350586,1,3.4388427734375,1,-0.0041942596435546875,0.01297903060913086,1,3.4623260498046875
3156.496,113,9,4,2,0,0,central_attention_getter,1,-0.016595628526475694,0.03491473197937012,1,3.43182373046875,1,-0.0027980804443359375,0.017361760139465332,1,3.4485321044921875
3173.162,113,9,4,2,0,0,central_attention_getter,1,-0.015332116021050347,0.033431798219680786,1,3.4279327392578125,1,-0.0022113588121202257,0.009387612342834473,1,3.4629058837890625
3189.829,113,9,4,2,0,0,central_attention_getter,1,-0.014699035220675997,0.03253147006034851,1,3.424713134765625,1,-0.0033472908867730033,0.010283708572387695,1,3.4540252685546875
3206.495,113,9,4,2,0,0,shapes_on_1,1,-0.0179496341281467,0.028806090354919434,1,3.429473876953125,1,-0.0029934777153862845,0.009214550256729126,1,3.4499359130859375
3223.162,113,9,4,2,0,0,shapes_on_1,1,-0.017527156405978732,0.03095144033432007,1,3.4146270751953125,1,-0.0004498163859049479,0.007666587829589844,1,3.44488525390625
3239.829,113,9,4,2,0,0,shapes_on_1,1,-0.018943150838216145,0.034727394580841064,1,3.4098358154296875,1,-0.0011168585883246528,0.008007645606994629,1,3.4426116943359375
3256.494,113,9,4,2,0,0,shapes_on_1,1,-0.0218916998969184,0.023134350776672363,1,3.4179534912109375,1,0.0018861558702256943,0.01948419213294983,1,3.419586181640625
3273.161,113,9,4,2,0,0,shapes_on_1,1,-0.017514546712239582,0.02977597713470459,1,3.4152069091796875,1,-0.003834194607204861,0.008646965026855469,1,3.4343414306640625
3289.828,113,9,4,2,0,0,shapes_on_1,1,-0.018737316131591797,0.02716544270515442,1,3.409393310546875,1,-0.0006122589111328125,0.013081252574920654,1,3.4093475341796875
3306.494,113,9,4,2,0,0,shapes_on_1,1,-0.05770667394002278,0.05572783946990967,1,3.4273834228515625,1,-0.016494645012749564,0.03485420346260071,1,3.4439849853515625
3323.161,113,9,4,2,0,0,shapes_on_1,1,-0.1811839739481608,0.19250458478927612,1,3.423919677734375,1,-0.13852871788872612,0.1801031231880188,1,3.45343017578125
3339.827,113,9,4,2,0,0,shapes_on_1,1,-0.24848731358846027,0.21070358157157898,1,3.43865966796875,1,-0.21672852834065753,0.18370789289474487,1,3.44525146484375
3356.493,113,9,4,2,0,0,shapes_on_1,1,-0.2373998959859212,0.2140597701072693,1,3.4332122802734375,1,-0.22449588775634766,0.19784212112426758,1,3.44384765625
3373.16,113,9,4,2,0,0,shapes_on_1,1,-0.252047061920166,0.21967244148254395,1,3.432586669921875,1,-0.22611284255981445,0.2053728699684143,1,3.4388580322265625
3389.827,113,9,4,2,0,0,shapes_on_1,1,-0.24529986911349824,0.21581265330314636,1,3.4366302490234375,1,-0.22870084974500868,0.19413167238235474,1,3.43927001953125
3406.493,113,9,4,2,0,0,shapes_on_1,1,-0.25609736972384983,0.22501349449157715,1,3.434234619140625,1,-0.2278109656439887,0.21989774703979492,1,3.4321136474609375
3423.159,113,9,4,2,0,0,shapes_on_1,1,-0.24738248189290363,0.21924901008605957,1,3.43927001953125,1,-0.22200261221991643,0.1976740062236786,1,3.431121826171875
3439.826,113,9,4,2,0,0,shapes_on_1,1,-0.24678129620022243,0.22195830941200256,1,3.4389495849609375,1,-0.22359127468532985,0.2230580449104309,1,3.428924560546875
3456.492,113,9,4,2,0,0,shapes_on_1,1,-0.2446195814344618,0.21826016902923584,1,3.434478759765625,1,-0.21995417277018228,0.21589726209640503,1,3.422637939453125
3473.159,113,9,4,2,0,0,shapes_on_1,1,-0.2505309846666124,0.2285325527191162,1,3.42669677734375,1,-0.21809620327419704,0.2179267406463623,1,3.4234619140625
3489.826,113,9,4,2,0,0,shapes_on_1,1,-0.2566444608900282,0.23035234212875366,1,3.4317779541015625,1,-0.21189530690511066,0.2169434130191803,1,3.4160003662109375
3506.491,113,9,4,2,0,0,shapes_on_1,1,-0.2589445114135742,0.23088139295578003,1,3.4211578369140625,1,-0.2198922899034288,0.2206418514251709,1,3.41241455078125
3523.158,113,9,4,2,0,0,shapes_on_1,1,-0.2529153823852539,0.2202686071395874,1,3.41961669921875,1,-0.21933693355984157,0.1930142343044281,1,3.414947509765625
3539.825,113,9,4,2,0,0,shapes_on_1,1,-0.25747235616048175,0.2230188548564911,1,3.409881591796875,1,-0.2163818147447374,0.2197219729423523,1,3.4069976806640625
3556.491,113,9,4,2,0,0,shapes_on_1,1,-0.314302921295166,0.22509193420410156,1,3.4262542724609375,1,-0.27920055389404297,0.22714412212371826,1,3.4139862060546875
3573.158,113,9,4,2,0,0,shapes_on_1,1,-0.3043893708123101,0.2116258144378662,1,3.4031829833984375,1,-0.2681341701083713,0.21847671270370483,1,3.4099273681640625
3589.824,113,9,4,2,0,0,shapes_on_1,1,-0.3156956566704644,0.21748298406600952,1,3.4105682373046875,1,-0.27946493360731334,0.21445488929748535,1,3.4095611572265625
3606.49,113,9,4,2,0,0,shapes_on_1,1,-0.3065063158671061,0.22453969717025757,1,3.403472900390625,1,-0.27741410997178817,0.2403395175933838,1,3.411163330078125
3623.157,113,9,4,2,0,0,shapes_on_1,1,-0.3116326332092285,0.21075445413589478,1,3.4131927490234375,1,-0.27276987499660915,0.21930241584777832,1,3.4133758544921875
3639.824,113,9,4,2,0,0,shapes_on_1,1,-0.32848093244764537,0.22123506665229797,1,3.4086151123046875,1,-0.28778017891777885,0.23668807744979858,1,3.4165191650390625
3656.49,113,9,4,2,0,0,shapes_on_1,1,-0.3214196628994412,0.21553444862365723,1,3.4145355224609375,1,-0.2815280490451389,0.21722203493118286,1,3.416748046875
3673.156,113,9,4,2,0,0,shapes_on_1,1,-0.3251691394382053,0.2195763885974884,1,3.4191131591796875,1,-0.2769834730360243,0.2194913625717163,1,3.419189453125
3689.823,113,9,4,2,0,0,shapes_on_1,1,-0.3192353778415256,0.21233004331588745,1,3.4215850830078125,1,-0.2744194666544596,0.21626070141792297,1,3.4237060546875
3706.488,113,9,4,2,0,0,shapes_on_1,1,-0.3237609333462185,0.21734553575515747,1,3.423309326171875,1,-0.28433725568983287,0.23831221461296082,1,3.4215545654296875
3723.156,113,9,4,2,0,0,shapes_on_1,1,-0.3167157702975803,0.2148282527923584,1,3.4282379150390625,1,-0.28617429733276367,0.20981895923614502,1,3.4239349365234375
3739.822,113,9,4,2,0,0,shapes_on_1,1,-0.31917794545491535,0.22123175859451294,1,3.4334564208984375,1,-0.2863898277282715,0.2400999367237091,1,3.4194183349609375
3756.488,113,9,4,2,0,0,shapes_on_1,1,-0.31578996446397567,0.21489307284355164,1,3.4329681396484375,1,-0.287249935997857,0.2152135968208313,1,3.4190216064453125
3773.155,113,9,4,2,0,0,shapes_on_1,1,-0.3168153232998318,0.2252497673034668,1,3.4331512451171875,1,-0.28341695997450084,0.22265255451202393,1,3.416473388671875
3789.822,113,9,4,2,0,0,shapes_on_1,1,-0.3114029036627875,0.22218310832977295,1,3.4311065673828125,1,-0.2839873631795247,0.21502003073692322,1,3.4100494384765625
3806.488,113,9,4,2,0,0,shapes_on_1,1,-0.31314510769314235,0.22706270217895508,1,3.423614501953125,1,-0.2876320944892035,0.2215617299079895,1,3.4032440185546875
3823.154,113,9,4,2,0,0,shapes_on_1,1,-0.32519234551323783,0.21510803699493408,1,3.4224700927734375,1,-0.2862957848442925,0.21592995524406433,1,3.401702880859375
3839.821,113,9,4,2,0,0,shapes_on_1,1,-0.33104954825507266,0.22741860151290894,1,3.4152374267578125,1,-0.29335255093044704,0.22153142094612122,1,3.3891448974609375
3856.487,113,9,4,2,0,0,shapes_on_1,1,-0.3396611213684082,0.22858035564422607,1,3.4083251953125,1,-0.2878992292616102,0.20942255854606628,1,3.3831939697265625
3873.153,113,9,4,2,0,0,shapes_on_1,1,-0.34213680691189235,0.22481763362884521,1,3.4008026123046875,1,-0.2992548942565918,0.23858138918876648,1,3.37628173828125
3889.821,113,9,4,2,0,0,shapes_on_1,1,-0.3224911159939236,0.20973360538482666,1,3.3934173583984375,1,-0.2911751005384657,0.2128446102142334,1,3.370147705078125
3906.486,113,9,4,2,0,0,shapes_on_1,1,-0.32371971342298717,0.22404935956001282,1,3.3856048583984375,1,-0.29264439476860893,0.2170439064502716,1,3.3583526611328125
3923.153,113,9,4,2,0,0,shapes_on_1,1,-0.32480170991685653,0.212113618850708,1,3.382232666015625,1,-0.28742196824815536,0.2128351330757141,1,3.3563690185546875
3939.819,113,9,4,2,0,0,shapes_on_1,1,-0.33745092815823025,0.2322034239768982,1,3.3753814697265625,1,-0.2986275884840223,0.22921153903007507,1,3.352752685546875
3956.485,113,9,4,2,0,0,shapes_on_1,1,-0.3270666334364149,0.23046875,1,3.3734130859375,1,-0.29129335615370006,0.20803618431091309,1,3.3471221923828125
3973.152,113,9,4,2,0,0,shapes_on_1,1,-0.3466199239095052,0.22647690773010254,1,3.3704681396484375,1,-0.2969431347317166,0.2288031280040741,1,3.342529296875
3989.819,113,9,4,2,0,0,shapes_on_1,1,-0.33923477596706814,0.2296372652053833,1,3.3643951416015625,1,-0.29394764370388454,0.20605126023292542,1,3.338104248046875
4006.485,113,9,4,2,0,0,shapes_on_1,1,-0.32725000381469727,0.20644283294677734,1,3.3638916015625,1,-0.29679446750217015,0.20235687494277954,1,3.3345489501953125
4023.151,113,9,4,2,0,0,shapes_on_1,1,-0.26502015855577254,0.2323603332042694,1,3.362823486328125,1,-0.20663653479682073,0.19202613830566406,1,3.3281402587890625
4039.818,113,9,4,2,0,0,shapes_on_1,1,0.0023137198554144963,0.2845502495765686,1,3.3675537109375,1,0.05652798546685112,0.2335469126701355,1,3.3183135986328125
4056.484,113,9,4,2,0,0,shapes_on_1,1,0.20791117350260416,0.2952302396297455,1,3.3725738525390625,0,nan,nan,0,nan
4073.151,113,9,4,2,0,0,shapes_on_1,1,0.2742786407470703,0.31316500902175903,1,3.380706787109375,1,0.26800600687662757,0.2790603041648865,1,3.3079376220703125
4089.818,113,9,4,2,0,0,shapes_on_1,1,0.27357546488444007,0.303725004196167,1,3.3753509521484375,1,0.29511896769205725,0.29576830565929413,1,3.316925048828125
4106.483,113,9,4,2,0,0,shapes_on_1,1,0.28996043735080296,0.3322213590145111,1,3.3809051513671875,1,0.27970748477511936,0.2757757008075714,1,3.3047332763671875
4123.15,113,9,4,2,0,0,shapes_on_1,1,0.2728090286254883,0.2970512956380844,1,3.373077392578125,1,0.30113898383246523,0.27222108840942383,1,3.3094329833984375
4139.817,113,9,4,2,0,0,shapes_on_1,1,0.2846249474419488,0.30830447375774384,1,3.370513916015625,1,0.2932182947794596,0.29046207666397095,1,3.30975341796875
4156.483,113,9,4,2,0,0,shapes_on_1,1,0.2778742048475477,0.30607689917087555,1,3.370635986328125,1,0.2858006159464518,0.28584182262420654,1,3.304443359375
4173.149,113,9,4,2,0,0,shapes_on_1,1,0.2861819797092014,0.3263629078865051,1,3.3697357177734375,1,0.29870499504937065,0.282031387090683,1,3.3016510009765625
4189.816,113,9,4,2,0,0,shapes_on_1,1,0.2835366990831163,0.3203054666519165,1,3.371826171875,1,0.2915432188245985,0.292520135641098,1,3.304931640625
4206.482,113,9,4,2,0,0,shapes_on_1,1,0.28553114997016055,0.3233102113008499,1,3.36529541015625,1,0.28875912560356987,0.28687581419944763,1,3.3003997802734375
4223.149,113,9,4,2,0,0,shapes_on_1,1,0.26681878831651473,0.2941029667854309,1,3.3595428466796875,1,0.2893246544731988,0.28658463060855865,1,3.30499267578125
4239.815,113,9,4,2,0,0,shapes_on_1,1,0.2860914866129557,0.33207525312900543,1,3.3607025146484375,1,0.2964462704128689,0.29024291038513184,1,3.3058319091796875
4256.481,113,9,4,2,0,0,shapes_on_1,1,0.27748097313774955,0.3062828779220581,1,3.353515625,1,0.2878389358520508,0.2922065556049347,1,3.3083648681640625
4273.148,113,9,4,2,0,0,shapes_on_1,1,0.2872585720486111,0.32533612847328186,1,3.3581695556640625,1,0.2916972902086046,0.2993488311767578,1,3.31329345703125
4289.815,113,9,4,2,0,0,shapes_on_1,1,0.2784383561876085,0.3176804780960083,1,3.35430908203125,1,0.2973735597398546,0.2783643305301666,1,3.3090057373046875
4306.481,113,9,4,2,0,0,shapes_on_1,1,0.2717166476779514,0.3005930632352829,1,3.349639892578125,1,0.29923788706461585,0.29084378480911255,1,3.31719970703125
4323.147,113,9,4,2,0,0,shapes_on_1,1,0.2832999759250217,0.30960386991500854,1,3.35186767578125,1,0.2907998826768663,0.27982181310653687,1,3.3174285888671875
4339.814,113,9,4,2,0,0,shapes_on_1,1,0.2808611128065321,0.3091712146997452,1,3.350494384765625,1,0.2975316577487522,0.2880980223417282,1,3.316619873046875
4356.48,113,9,4,2,0,0,shapes_on_1,1,0.27417034573025173,0.30671024322509766,1,3.3522796630859375,1,0.28951115078396267,0.28782711923122406,1,3.323455810546875
4373.146,113,9,4,2,0,0,shapes_on_1,1,0.286274062262641,0.3144489526748657,1,3.3533935546875,1,0.29799365997314453,0.27411478757858276,1,3.3208160400390625
4389.813,113,9,4,2,0,0,shapes_on_1,1,0.2725370195176866,0.30804717540740967,1,3.35601806640625,1,0.30613454182942706,0.2751777321100235,1,3.3243865966796875
4406.479,113,9,4,2,0,0,shapes_on_1,1,0.27799691094292533,0.3102283775806427,1,3.3566741943359375,1,0.29586272769504124,0.27189868688583374,1,3.3289794921875
4423.146,113,9,4,2,0,0,shapes_on_1,1,0.27676529354519314,0.31025366485118866,1,3.3621368408203125,1,0.3030480278862847,0.27507397532463074,1,3.33026123046875
4439.812,113,9,4,2,0,0,shapes_on_1,1,0.2723214891221788,0.3050524890422821,1,3.358489990234375,1,0.29320123460557723,0.275800958275795,1,3.330963134765625
4456.478,113,9,4,2,0,0,shapes_on_1,1,0.26710870530870223,0.2974042445421219,1,3.3616180419921875,1,0.30210219489203555,0.2817307114601135,1,3.336700439453125
4473.145,113,9,4,2,0,0,shapes_on_1,1,0.271770265367296,0.3076269030570984,1,3.368072509765625,1,0.295225355360243,0.2913287431001663,1,3.3446044921875
4489.812,113,9,4,2,0,0,shapes_on_1,1,0.2717808617485894,0.30735453963279724,1,3.374481201171875,1,0.30234071943495006,0.26972082257270813,1,3.343902587890625
4506.477,113,9,4,2,0,0,shapes_on_1,1,0.26908630794949,0.29885055124759674,1,3.381744384765625,1,0.294228023952908,0.27943845093250275,1,3.3544158935546875
4523.144,113,9,4,2,0,0,shapes_on_1,1,0.2701746622721354,0.30100005865097046,1,3.38873291015625,1,0.2975265714857313,0.2858964502811432,1,3.3601226806640625
4539.811,113,9,4,2,0,0,shapes_on_1,1,0.2743581136067708,0.3052437752485275,1,3.3896942138671875,1,0.2964286804199219,0.2740752100944519,1,3.364654541015625
4556.477,113,9,4,2,0,0,shapes_on_1,1,0.184276368882921,0.2640216499567032,1,3.3918914794921875,1,0.21560562981499565,0.23882132768630981,1,3.3599395751953125
4573.144,113,9,4,2,0,0,shapes_on_1,1,-0.10797076755099826,0.119484543800354,1,3.38232421875,1,-0.042107741038004555,0.13717412948608398,1,3.37127685546875
4589.81,113,9,4,2,0,0,shapes_on_1,1,-0.19841978285047743,0.09220340847969055,1,3.3848114013671875,1,-0.1494222217135959,0.07969403266906738,1,3.3966522216796875
4606.476,113,9,4,2,0,0,shapes_on_1,1,-0.20084667205810547,0.07023757696151733,1,3.374053955078125,1,-0.18367735544840494,0.04255259037017822,1,3.3402862548828125
4623.142,113,9,4,2,0,0,shapes_on_1,1,-0.21778668297661674,-0.026360392570495605,1,3.22772216796875,1,-0.18258290820651582,-0.03278690576553345,1,3.21435546875
4639.809,113,9,4,2,0,0,shapes_on_1,1,-0.20773940616183809,0.04431426525115967,1,3.3266754150390625,0,nan,nan,0,nan
4656.475,113,9,4,2,0,0,shapes_on_1,1,-0.2049256960550944,0.0757579505443573,1,3.3904266357421875,1,-0.16649934980604383,0.05855923891067505,1,3.396331787109375
4673.142,113,9,4,2,0,0,shapes_on_1,1,-0.20947964986165363,0.07350865006446838,1,3.396087646484375,1,-0.16754817962646484,0.06056690216064453,1,3.3924102783203125
4689.808,113,9,4,2,0,0,shapes_on_1,1,-0.21415265401204425,0.07202991843223572,1,3.406829833984375,1,-0.17345545026991102,0.05245131254196167,1,3.40924072265625
4706.474,113,9,4,2,0,0,shapes_on_1,1,-0.2097739643520779,0.07605248689651489,1,3.4082183837890625,1,-0.16497230529785156,0.058204054832458496,1,3.401458740234375
4723.141,113,9,4,2,0,0,shapes_on_1,1,-0.20711247126261392,0.06811904907226562,1,3.4129791259765625,1,-0.16975206798977321,0.06078594923019409,1,3.4134979248046875
4739.808,113,9,4,2,0,0,shapes_on_1,1,-0.20978747473822698,0.07275602221488953,1,3.4134674072265625,1,-0.16981156667073566,0.054160118103027344,1,3.425537109375
4756.473,113,9,4,2,0,0,shapes_on_1,1,-0.20969009399414062,0.06927704811096191,1,3.422454833984375,1,-0.16909117168850368,0.048319995403289795,1,3.436431884765625
4773.14,113,9,4,2,0,0,shapes_on_1,1,-0.30629581875271267,-0.11880332231521606,1,3.41961669921875,1,-0.27026600307888454,-0.12036603689193726,1,3.4205169677734375
4789.807,113,9,4,2,0,0,shapes_on_1,1,-0.33790726131863064,-0.2725854516029358,1,3.416290283203125,1,-0.2896004252963596,-0.26702141761779785,1,3.4293975830078125
4806.473,113,9,4,2,0,0,shapes_on_1,1,-0.3466976483662923,-0.2902942895889282,1,3.40484619140625,1,-0.30247243245442706,-0.27103644609451294,1,3.4069061279296875
4823.14,113,9,4,2,0,0,shapes_on_1,1,-0.34366639455159503,-0.2965090274810791,1,3.4082489013671875,1,-0.3045223024156358,-0.2843749523162842,1,3.3974761962890625
4839.806,113,9,4,2,0,0,shapes_on_1,1,-0.3456947538587782,-0.2933828830718994,1,3.3949737548828125,1,-0.30520158343844944,-0.2739565372467041,1,3.379913330078125
4856.472,113,9,4,2,0,0,shapes_on_1,1,-0.3427184422810872,-0.2904356122016907,1,3.38031005859375,1,-0.30512841542561847,-0.2704252600669861,1,3.3588714599609375
4873.138,113,9,4,2,0,0,shapes_on_1,1,-0.34255372153388125,-0.2892441153526306,1,3.369476318359375,1,-0.3044457965426975,-0.2663477659225464,1,3.344024658203125
4889.805,113,9,4,2,0,0,shapes_on_1,1,-0.341438717312283,-0.28877490758895874,1,3.353912353515625,1,-0.3099971877204047,-0.26674503087997437,1,3.322967529296875
4906.471,113,9,4,2,0,0,shapes_on_1,1,-0.34132067362467444,-0.281528115272522,1,3.345062255859375,1,-0.30827686521742076,-0.26993024349212646,1,3.3131256103515625
4923.138,113,9,4,2,0,0,shapes_on_1,1,-0.342059506310357,-0.28233879804611206,1,3.3358001708984375,1,-0.31295288933648,-0.2734357714653015,1,3.3043060302734375
4939.804,113,9,4,2,0,0,shapes_on_1,1,-0.3355950779385037,-0.2806055545806885,1,3.32794189453125,1,-0.3124683698018392,-0.2674208879470825,1,3.2939453125
4956.47,113,9,4,2,0,0,shapes_on_1,1,-0.33489481608072913,-0.27688276767730713,1,3.320648193359375,1,-0.31180826822916663,-0.26622408628463745,1,3.2833709716796875
4973.137,113,9,4,2,0,0,shapes_on_1,1,-0.3395150502522786,-0.2757662534713745,1,3.3179473876953125,1,-0.3131612141927083,-0.2689502239227295,1,3.276611328125
4989.803,113,9,4,2,0,0,shapes_on_1,1,-0.33635711669921875,-0.2769531011581421,1,3.31341552734375,1,-0.31294065051608616,-0.2672845721244812,1,3.270599365234375
5006.469,113,9,4,2,0,0,shapes_on_1,1,-0.3333124584621853,-0.27202874422073364,1,3.3106536865234375,1,-0.31243165334065753,-0.2658780813217163,1,3.267120361328125
5023.136,113,9,4,2,0,0,shapes_on_1,1,-0.3296317524380154,-0.2705509066581726,1,3.29547119140625,1,-0.3104754553900824,-0.26740068197250366,1,3.2584686279296875
5039.803,113,9,4,2,0,0,shapes_on_1,1,-0.3297218216790093,-0.26978451013565063,1,3.29132080078125,1,-0.31185616387261283,-0.27002620697021484,1,3.2590789794921875
5056.469,113,9,4,2,0,0,shapes_on_1,1,-0.3331013255649143,-0.2755696177482605,1,3.28192138671875,1,-0.317752997080485,-0.2750591039657593,1,3.2404937744140625
5073.135,113,9,4,2,0,0,shapes_on_1,1,-0.3236447970072428,-0.2695273160934448,1,3.277801513671875,1,-0.30803998311360675,-0.26875215768814087,1,3.237457275390625
5089.802,113,9,4,2,0,0,shapes_on_1,1,-0.33216190338134766,-0.2737295627593994,1,3.2724609375,1,-0.3097724914550781,-0.26969408988952637,1,3.225341796875
5106.468,113,9,4,2,0,0,shapes_on_1,1,-0.32588598463270396,-0.2679780125617981,1,3.264739990234375,1,-0.3101190990871853,-0.26160019636154175,1,3.2170867919921875
5123.134,113,9,4,2,0,0,shapes_on_1,1,-0.3274095323350694,-0.2683505415916443,1,3.2531280517578125,1,-0.310305118560791,-0.2653849124908447,1,3.210662841796875
5139.801,113,9,4,2,0,0,shapes_on_1,1,-0.3306691381666395,-0.27136993408203125,1,3.246795654296875,1,-0.3085770077175564,-0.2701544165611267,1,3.2027740478515625
5156.467,113,9,4,2,0,0,shapes_on_1,1,-0.3273915714687771,-0.2715299129486084,1,3.2368621826171875,1,-0.3092590967814127,-0.2683531641960144,1,3.2003631591796875
5173.133,113,9,4,2,0,0,shapes_on_1,1,-0.32846042844984263,-0.2739914655685425,1,3.2342987060546875,1,-0.3117797639634874,-0.2670215368270874,1,3.1876678466796875
5189.8,113,9,4,2,0,0,animate_shapes,1,-0.33122385872734916,-0.2728630304336548,1,3.2276611328125,1,-0.30463308758205837,-0.2666178345680237,1,3.1876220703125
5206.465,113,9,4,2,0,0,animate_shapes,1,-0.330820984310574,-0.2713269591331482,1,3.21600341796875,1,-0.3152277204725477,-0.2754615545272827,1,3.185028076171875
5223.132,113,9,4,2,0,0,animate_shapes,1,-0.3597630394829644,-0.30516791343688965,1,3.2115020751953125,1,-0.3367403878106011,-0.30350589752197266,1,3.17431640625
5239.799,113,9,4,2,0,0,animate_shapes,1,-0.3538782331678602,-0.30430006980895996,1,3.2060546875,1,-0.3361780908372667,-0.2988375425338745,1,3.1712493896484375
5256.464,113,9,4,2,0,0,animate_shapes,1,-0.35432646009657115,-0.30714261531829834,1,3.201385498046875,1,-0.33859835730658633,-0.3059762716293335,1,3.169158935546875
5273.132,113,9,4,2,0,0,animate_shapes,1,-0.3570750554402669,-0.3066484332084656,1,3.1948394775390625,1,-0.3338015874226888,-0.30137813091278076,1,3.1724853515625
5289.798,113,9,4,2,0,0,animate_shapes,1,-0.3594735993279351,-0.30602139234542847,1,3.182586669921875,1,-0.33927493625217015,-0.2970008850097656,1,3.1654815673828125
5306.464,113,9,4,2,0,0,animate_shapes,1,-0.35223187340630424,-0.3051241636276245,1,3.1753692626953125,1,-0.33895042207505965,-0.29874658584594727,1,3.1659088134765625
5323.131,113,9,4,2,0,0,animate_shapes,1,-0.3630696402655707,-0.3039630651473999,1,3.1708831787109375,1,-0.3354270193311903,-0.29519689083099365,1,3.15826416015625
5339.797,113,9,4,2,0,0,animate_shapes,1,-0.3586302863226996,-0.3032134771347046,1,3.163421630859375,1,-0.3353216383192274,-0.2946428060531616,1,3.1528167724609375
5356.463,113,9,4,2,0,0,animate_shapes,1,-0.3543611102634006,-0.3073539733886719,1,3.160308837890625,1,-0.3392254511515299,-0.29718732833862305,1,3.1494903564453125
5373.13,113,9,4,2,0,0,animate_shapes,1,-0.35725630654229057,-0.30092763900756836,1,3.1536865234375,1,-0.3399082819620768,-0.3004153370857239,1,3.1531982421875
5389.796,113,9,4,2,0,0,animate_shapes,1,-0.36259184943305117,-0.30188190937042236,1,3.14691162109375,1,-0.34000857671101886,-0.300850510597229,1,3.1441497802734375
5406.462,113,9,4,2,0,0,animate_shapes,1,-0.3568747838338216,-0.3026212453842163,1,3.1401214599609375,1,-0.33444235059950084,-0.29935556650161743,1,3.14312744140625
5423.129,113,9,4,2,0,0,animate_shapes,1,-0.36252382066514754,-0.29967200756073,1,3.130706787109375,1,-0.33569447199503577,-0.2995970845222473,1,3.1326904296875
5439.795,113,9,4,2,0,0,animate_shapes,1,-0.3587479061550564,-0.2940179705619812,1,3.1314239501953125,1,-0.3345448705885145,-0.3002561926841736,1,3.131561279296875
5456.461,113,9,4,2,0,0,animate_shapes,1,-0.36346409055921763,-0.29802900552749634,1,3.11846923828125,1,-0.3320347468058268,-0.2957208752632141,1,3.120330810546875
5473.127,113,9,4,2,0,0,animate_shapes,1,-0.3574803140428331,-0.30039292573928833,1,3.1165771484375,1,-0.33569102817111546,-0.2996509075164795,1,3.1150360107421875
5489.794,113,9,4,2,0,0,animate_shapes,1,-0.3689461284213596,-0.300004243850708,1,3.1049957275390625,1,-0.3321543269687229,-0.2972515821456909,1,3.1092376708984375
5506.461,113,9,4,2,0,0,animate_shapes,1,-0.3627569410536024,-0.2969891428947449,1,3.1000823974609375,1,-0.3303634855482313,-0.29843395948410034,1,3.1095733642578125
5523.127,113,9,4,2,0,0,animate_shapes,1,-0.3650467660692003,-0.3019263744354248,1,3.087860107421875,1,-0.32878176371256507,-0.30229026079177856,1,3.095062255859375
5539.794,113,9,4,2,0,0,animate_shapes,1,-0.3622252676222059,-0.29708123207092285,1,3.0862884521484375,1,-0.3361113866170247,-0.3049542307853699,1,3.0990142822265625
5556.459,113,9,4,2,0,0,animate_shapes,1,-0.36682727601793075,-0.29751038551330566,1,3.0776519775390625,1,-0.3364154497782389,-0.30383723974227905,1,3.0889739990234375
5573.126,113,9,4,2,0,0,animate_shapes,1,-0.3685636520385742,-0.2963104844093323,1,3.0732421875,1,-0.33382368087768555,-0.29953598976135254,1,3.0917205810546875
5589.793,113,9,4,2,0,0,animate_shapes,1,-0.36764494578043616,-0.2959010601043701,1,3.0702362060546875,1,-0.33406231138441295,-0.30684566497802734,1,3.085601806640625
5606.458,113,9,4,2,0,0,animate_shapes,1,-0.36513619952731663,-0.2996711730957031,1,3.0718536376953125,1,-0.332978884379069,-0.3050041198730469,1,3.0818634033203125
5623.125,113,9,4,2,0,0,animate_shapes,1,-0.3657136493259006,-0.30147671699523926,1,3.0610504150390625,1,-0.33255799611409503,-0.30567461252212524,1,3.07916259765625
5639.792,113,9,4,2,0,0,animate_shapes,1,-0.3648453288608127,-0.29649269580841064,1,3.05877685546875,1,-0.3225272496541341,-0.3057813048362732,1,3.08544921875
5656.457,113,9,4,2,0,0,animate_shapes,1,-0.3654352294074164,-0.2952307462692261,1,3.0653533935546875,1,-0.33064195844862193,-0.30733245611190796,1,3.0795440673828125
5673.124,113,9,4,2,0,0,animate_shapes,1,-0.35876438352796763,-0.2928258180618286,1,3.0641937255859375,1,-0.33025725682576496,-0.30560678243637085,1,3.083282470703125
5689.791,113,9,4,2,0,0,animate_shapes,1,-0.3637647098965115,-0.29865342378616333,1,3.0598297119140625,1,-0.33401314417521155,-0.30756425857543945,1,3.073974609375
5706.456,113,9,4,2,0,0,animate_shapes,1,-0.35716205173068577,-0.28919029235839844,1,3.0653228759765625,1,-0.33205376731024844,-0.3055371046066284,1,3.08062744140625
5723.123,113,9,4,2,0,0,animate_shapes,1,-0.3618312941657172,-0.2954742908477783,1,3.0596923828125,1,-0.3280766275193956,-0.30862146615982056,1,3.0773468017578125
5739.789,113,9,4,2,0,0,animate_shapes,1,-0.35622723897298175,-0.2943626046180725,1,3.06707763671875,1,-0.3254363801744249,-0.31082767248153687,1,3.0831298828125
5756.456,113,9,4,2,0,0,animate_shapes,1,-0.3627024756537543,-0.2992502450942993,1,3.0659332275390625,1,-0.3323553933037652,-0.3160809874534607,1,3.081207275390625
5773.122,113,9,4,2,0,0,animate_shapes,1,-0.36764976713392467,-0.30082273483276367,1,3.0696258544921875,1,-0.3238496780395508,-0.31046682596206665,1,3.0859527587890625
5789.789,113,9,4,2,0,0,animate_shapes,1,-0.361112806532118,-0.30738645792007446,1,3.0735321044921875,1,-0.33035389582316077,-0.3154294490814209,1,3.0818939208984375
5806.455,113,9,4,2,0,0,animate_shapes,1,-0.35813972685072154,-0.30808818340301514,1,3.0786895751953125,1,-0.3259733517964681,-0.3120760917663574,1,3.0894622802734375
5823.121,113,9,4,2,0,0,animate_shapes,1,-0.3698052300347222,-0.2731679081916809,1,3.06597900390625,1,-0.3220058547125922,-0.28218114376068115,1,3.08624267578125
5839.788,113,9,4,2,0,0,animate_shapes,1,-0.3127381006876627,0.03252270817756653,1,3.1049652099609375,0,nan,nan,0,nan
5856.454,113,9,4,2,0,0,animate_shapes,1,-0.2553948826260037,0.1437162160873413,1,3.11444091796875,0,nan,nan,0,nan
5873.12,113,9,4,2,0,0,animate_shapes,1,-0.22843456268310547,0.2019733488559723,1,3.12567138671875,1,-0.2310461468166775,0.15713828802108765,1,3.051300048828125
5889.787,113,9,4,2,0,0,animate_shapes,1,-0.22971158557467988,0.19498401880264282,1,3.1277008056640625,1,-0.20105277167426214,0.1672491431236267,1,3.1220550537109375
5906.452,113,9,4,2,0,0,animate_shapes,1,-0.22192695405748153,0.19593310356140137,1,3.1241607666015625,1,-0.21206940544976127,0.17810344696044922,1,3.11376953125
5923.119,113,9,4,2,0,0,animate_shapes,1,-0.21393754747178817,0.19184985756874084,1,3.1221923828125,1,-0.20569499333699542,0.16633087396621704,1,3.110992431640625
5939.786,113,9,4,2,0,0,animate_shapes,1,-0.21334955427381727,0.20407110452651978,1,3.124542236328125,1,-0.2043606440226237,0.17274177074432373,1,3.1140594482421875
5956.451,113,9,4,2,0,0,animate_shapes,1,-0.21186627282036674,0.19782724976539612,1,3.130218505859375,1,-0.20790253745185003,0.16273507475852966,1,3.0898284912109375
5973.118,113,9,4,2,0,0,animate_shapes,1,-0.21385584937201604,0.20614176988601685,1,3.1316375732421875,1,-0.20375288857354057,0.17335474491119385,1,3.118408203125
5989.784,113,9,4,2,0,0,animate_shapes,1,-0.2166389889187283,0.19490653276443481,1,3.1302032470703125,1,-0.1999474631415473,0.16704529523849487,1,3.123046875
6006.451,113,9,4,2,0,0,animate_shapes,1,-0.21803135342068142,0.2064092457294464,1,3.13671875,1,-0.1977519989013672,0.17775577306747437,1,3.1259002685546875
6023.117,113,9,4,2,0,0,animate_shapes,1,-0.21613926357693142,0.18912369012832642,1,3.135986328125,1,-0.19995456271701387,0.166495680809021,1,3.1168060302734375
6039.784,113,9,4,2,0,0,animate_shapes,1,-0.29515335294935435,0.21555301547050476,1,3.1560516357421875,1,-0.24774381849500868,0.22236931324005127,1,3.14300537109375
6056.45,113,9,4,2,0,0,animate_shapes,1,-0.3110249837239583,0.23560214042663574,1,3.1451416015625,1,-0.28842539257473415,0.2209649682044983,1,3.1409149169921875
6073.116,113,9,4,2,0,0,animate_shapes,1,-0.33632108900282115,0.21570438146591187,1,3.160430908203125,1,-0.2976207203335232,0.2401246726512909,1,3.1571502685546875
6089.783,113,9,4,2,0,0,animate_shapes,1,-0.3279089397854275,0.22685003280639648,1,3.1633758544921875,1,-0.2932090759277344,0.24002864956855774,1,3.156219482421875
6106.449,113,9,4,2,0,0,animate_shapes,1,-0.33709012137518984,0.22877031564712524,1,3.1719512939453125,1,-0.29270972145928276,0.23632735013961792,1,3.1663665771484375
6123.115,113,9,4,2,0,0,animate_shapes,1,-0.3298779593573676,0.22507375478744507,1,3.179351806640625,1,-0.29617076449924046,0.2527087330818176,1,3.17706298828125
6139.782,113,9,4,2,0,0,animate_shapes,1,-0.33028486039903426,0.23122674226760864,1,3.1868896484375,1,-0.28426753150092227,0.23645272850990295,1,3.184295654296875
6156.447,113,9,4,2,0,0,animate_shapes,1,-0.33474911583794487,0.23422062397003174,1,3.1970672607421875,1,-0.29094404644436306,0.24717694520950317,1,3.2017669677734375
6173.114,113,9,4,2,0,0,animate_shapes,1,-0.3229326672024197,0.2209702432155609,1,3.20367431640625,1,-0.28292232089572483,0.23348701000213623,1,3.20330810546875
6189.78,113,9,4,2,0,0,shapes_on_2,1,-0.33479054768880206,0.2140701711177826,1,3.2090301513671875,1,-0.2872915267944336,0.2543150931596756,1,3.215301513671875
6206.446,113,9,4,2,0,0,shapes_on_2,1,-0.3288711971706814,0.23770231008529663,1,3.225677490234375,1,-0.2832539876302083,0.23872345685958862,1,3.2185516357421875
6223.113,113,9,4,2,0,0,shapes_on_2,1,-0.3212452994452582,0.23557066917419434,1,3.2397308349609375,1,-0.28042327033148867,0.2426832914352417,1,3.2307586669921875
6239.779,113,9,4,2,0,0,shapes_on_2,1,-0.3262215190463596,0.24018257856369019,1,3.2473602294921875,1,-0.2844107945760091,0.23068749904632568,1,3.2412872314453125
6256.446,113,9,4,2,0,0,shapes_on_2,1,-0.3355797661675347,0.2477700114250183,1,3.258941650390625,1,-0.27792316012912327,0.24464848637580872,1,3.252227783203125
6273.112,113,9,4,2,0,0,shapes_on_2,1,-0.3280351956685384,0.2473951280117035,1,3.2727203369140625,1,-0.27906820509168834,0.2296750843524933,1,3.2610626220703125
6289.779,113,9,4,2,0,0,shapes_on_2,1,-0.3270057572258843,0.23851317167282104,1,3.279632568359375,1,-0.2817109955681695,0.2552618384361267,1,3.2770233154296875
6306.444,113,9,4,2,0,0,shapes_on_2,1,-0.3272001478407118,0.23862004280090332,1,3.2945404052734375,1,-0.278762764400906,0.24279290437698364,1,3.28662109375
6323.111,113,9,4,2,0,0,shapes_on_2,1,-0.3346003426445855,0.24140003323554993,1,3.307647705078125,1,-0.2822789086235894,0.24462130665779114,1,3.2958221435546875
6339.778,113,9,4,2,0,0,shapes_on_2,1,-0.3272622956169976,0.23656317591667175,1,3.32073974609375,1,-0.2816762394375271,0.23652178049087524,1,3.3097381591796875
6356.443,113,9,4,2,0,0,shapes_on_2,1,-0.32240973578559023,0.23690587282180786,1,3.3325347900390625,1,-0.2817713419596354,0.23708918690681458,1,3.3199920654296875
6373.11,113,9,4,2,0,0,shapes_on_2,1,-0.3177363077799479,0.23834392428398132,1,3.3406219482421875,1,-0.27418295542399085,0.2298799753189087,1,3.3312835693359375
6389.776,113,9,4,2,0,0,shapes_on_2,1,-0.3319961759779188,0.23246154189109802,1,3.345733642578125,1,-0.27964867485894096,0.23836132884025574,1,3.34173583984375
6406.442,113,9,4,2,0,0,shapes_on_2,1,-0.31941244337293834,0.22806429862976074,1,3.358673095703125,1,-0.28076261944240993,0.2611595690250397,1,3.3563232421875
6423.109,113,9,4,2,0,0,shapes_on_2,1,-0.31390513314141166,0.22913551330566406,1,3.370452880859375,1,-0.28809452056884766,0.25620290637016296,1,3.3650054931640625
6439.775,113,9,4,2,0,0,shapes_on_2,1,-0.31931506262885195,0.23372355103492737,1,3.3829803466796875,1,-0.29539844724867076,0.2788920998573303,1,3.3763275146484375
6456.441,113,9,4,2,0,0,shapes_on_2,1,-0.31322442160712344,0.2333190143108368,1,3.38568115234375,1,-0.2823612425062391,0.23978447914123535,1,3.379974365234375
6473.107,113,9,4,2,0,0,shapes_on_2,1,-0.3304194344414605,0.23611769080162048,1,3.389129638671875,1,-0.28286716673109263,0.24577972292900085,1,3.385223388671875
6489.774,113,9,4,2,0,0,shapes_on_2,1,-0.3130708270602756,0.2137807011604309,1,3.3970947265625,1,-0.2808101971944173,0.24144047498703003,1,3.3900299072265625
6506.44,113,9,4,2,0,0,shapes_on_2,1,-0.3180292977227105,0.2285768687725067,1,3.4005126953125,1,-0.2895719740125868,0.2638391852378845,1,3.3995361328125
6523.107,113,9,4,2,0,0,shapes_on_2,1,-0.32021522521972656,0.2391844093799591,1,3.4132843017578125,1,-0.278572506374783,0.2369021773338318,1,3.4008636474609375
6539.774,113,9,4,2,0,0,shapes_on_2,1,-0.31144830915662974,0.2373591959476471,1,3.4144134521484375,1,-0.279343393113878,0.24656400084495544,1,3.4056396484375
6556.439,113,9,4,2,0,0,shapes_on_2,1,-0.32551399866739905,0.24233472347259521,1,3.4185028076171875,1,-0.2839324739244249,0.24062106013298035,1,3.4063262939453125
6573.106,113,9,4,2,0,0,shapes_on_2,1,-0.3289172914293077,0.2461511790752411,1,3.41754150390625,1,-0.2825312084621853,0.24426862597465515,1,3.4091796875
6589.772,113,9,4,2,0,0,shapes_on_2,1,-0.3074226909213596,0.22657203674316406,1,3.4185028076171875,1,-0.2828964657253689,0.23981741070747375,1,3.4086151123046875
6606.438,113,9,4,2,0,0,shapes_on_2,1,-0.309350225660536,0.24541813135147095,1,3.4152374267578125,1,-0.2902092933654785,0.25555841624736786,1,3.40777587890625
6623.104,113,9,4,2,0,0,shapes_on_2,1,-0.31186707814534503,0.23489269614219666,1,3.416839599609375,1,-0.2898271878560384,0.24889129400253296,1,3.40869140625
6639.771,113,9,4,2,0,0,shapes_on_2,1,-0.32157569461398655,0.2558324337005615,1,3.41424560546875,1,-0.28243700663248694,0.2678135335445404,1,3.410064697265625
6656.436,113,9,4,2,0,0,shapes_on_2,1,-0.2922678523593479,0.22729119658470154,1,3.4084014892578125,1,-0.27200841903686523,0.20998361706733704,1,3.4026947021484375
6673.103,113,9,4,2,0,0,shapes_on_2,1,-0.3163835737440321,0.2428014576435089,1,3.40301513671875,1,-0.27783128950330943,0.2245173454284668,1,3.40496826171875
6689.77,113,9,4,2,0,0,shapes_on_2,1,-0.30510033501519096,0.23096632957458496,1,3.40069580078125,1,-0.2822433047824436,0.20535549521446228,1,3.404327392578125
6706.435,113,9,4,2,0,0,shapes_on_2,1,-0.31938213772243923,0.23650619387626648,1,3.395050048828125,1,-0.28573099772135413,0.21051648259162903,1,3.4064483642578125
6723.102,113,9,4,2,0,0,shapes_on_2,1,-0.30544530020819766,0.23305711150169373,1,3.3948822021484375,1,-0.278403811984592,0.20391052961349487,1,3.406097412109375
6739.769,113,9,4,2,0,0,shapes_on_2,1,-0.3168010711669922,0.23856514692306519,1,3.38433837890625,1,-0.2870481279161241,0.22774967551231384,1,3.4103546142578125
6756.436,113,9,4,2,0,0,shapes_on_2,1,-0.3067151175604926,0.22554993629455566,1,3.385009765625,1,-0.28759304682413733,0.20646128058433533,1,3.4119415283203125
6773.103,113,9,4,2,0,0,shapes_on_2,1,-0.317531320783827,0.23718562722206116,1,3.38140869140625,1,-0.28024503919813365,0.21238943934440613,1,3.410125732421875
6789.77,113,9,4,2,0,0,shapes_on_2,1,-0.3096546596950955,0.23144450783729553,1,3.38128662109375,1,-0.2824601067437066,0.20232397317886353,1,3.41363525390625
6806.436,113,9,4,2,0,0,shapes_on_2,1,-0.3081977632310655,0.23019284009933472,1,3.378631591796875,1,-0.28667820824517143,0.21064695715904236,1,3.4140167236328125
6823.103,113,9,4,2,0,0,shapes_on_2,1,-0.3049791124131944,0.22592008113861084,1,3.3786163330078125,1,-0.28492694430881077,0.20277976989746094,1,3.414459228515625
6839.77,113,9,4,2,0,0,shapes_on_2,1,-0.3065043025546604,0.22628694772720337,1,3.3738555908203125,1,-0.28795703252156574,0.2121271789073944,1,3.417755126953125
6856.436,113,9,4,2,0,0,shapes_on_2,1,-0.30440134472317165,0.22857964038848877,1,3.3774261474609375,1,-0.2826415167914496,0.2064240276813507,1,3.4233856201171875
6873.103,113,9,4,2,0,0,shapes_on_2,1,-0.30828894509209526,0.22969403862953186,1,3.3739166259765625,1,-0.2821120156182183,0.2129223346710205,1,3.422698974609375
6889.77,113,9,4,2,0,0,shapes_on_2,1,-0.3074269824557834,0.2288323938846588,1,3.375701904296875,1,-0.28526782989501953,0.20489773154258728,1,3.4225006103515625
6906.436,113,9,4,2,0,0,shapes_on_2,1,-0.3076007631089952,0.23572933673858643,1,3.3772430419921875,1,-0.28411907619900173,0.21526342630386353,1,3.4258880615234375
6923.103,113,9,4,2,0,0,shapes_on_2,1,-0.303450690375434,0.22445473074913025,1,3.373443603515625,1,-0.28455882602267796,0.216239333152771,1,3.4295654296875
6939.77,113,9,4,2,0,0,shapes_on_2,1,-0.30577150980631507,0.23528090119361877,1,3.3718414306640625,1,-0.2848881615532769,0.2149808704853058,1,3.4299163818359375
6956.436,113,9,4,2,0,0,shapes_on_2,1,-0.29648791419135195,0.22717946767807007,1,3.37481689453125,1,-0.2838434643215603,0.2145516276359558,1,3.427093505859375
6973.103,113,9,4,2,0,0,shapes_on_2,1,-0.3065750333997938,0.2320849597454071,1,3.3777313232421875,1,-0.2834403249952528,0.21717888116836548,1,3.42901611328125
6989.771,113,9,4,2,0,0,shapes_on_2,1,-0.3026658693949381,0.22714871168136597,1,3.369598388671875,1,-0.27662234836154515,0.21042343974113464,1,3.430633544921875
7006.437,113,9,4,2,0,0,shapes_on_2,1,-0.30383147133721244,0.2330045998096466,1,3.36627197265625,1,-0.2793705198499891,0.21523970365524292,1,3.4281768798828125
7023.104,113,9,4,2,0,0,shapes_on_2,1,-0.3050575256347656,0.22843927145004272,1,3.37176513671875,1,-0.2799710167778863,0.2074650526046753,1,3.4309234619140625
7039.771,113,9,4,2,0,0,shapes_on_2,1,-0.3078765869140625,0.2256138026714325,1,3.36834716796875,1,-0.2785606384277344,0.2193356156349182,1,3.432708740234375
7056.437,113,9,4,2,0,0,shapes_on_2,1,-0.30480994118584526,0.22539541125297546,1,3.36822509765625,1,-0.28051874372694224,0.2115335762500763,1,3.4307098388671875
7073.104,113,9,4,2,0,0,shapes_on_2,1,-0.3075020048353407,0.227863609790802,1,3.367889404296875,1,-0.2817560301886664,0.22223398089408875,1,3.4258575439453125
7089.771,113,9,4,2,0,0,shapes_on_2,1,-0.30575482050577796,0.22547370195388794,1,3.369049072265625,0,nan,nan,0,nan
7106.437,113,9,4,2,0,0,shapes_on_2,1,-0.30419784122043186,0.22322815656661987,1,3.3636932373046875,1,-0.27586068047417533,0.2049187421798706,1,3.415863037109375
7123.104,113,9,4,2,0,0,shapes_on_2,1,-0.3068270683288574,0.24037057161331177,1,3.3658599853515625,1,-0.2776567671034071,0.21283864974975586,1,3.4161224365234375
7139.771,113,9,4,2,0,0,shapes_on_2,1,-0.30510017606947154,0.2343117594718933,1,3.3597869873046875,1,-0.28161387973361546,0.22117465734481812,1,3.40582275390625
7156.437,113,9,4,2,0,0,shapes_on_2,1,-0.3027441236707899,0.2204088568687439,1,3.358001708984375,1,-0.2795625262790256,0.20993033051490784,1,3.40008544921875
7173.104,113,9,4,2,0,0,shapes_on_2,1,-0.3135308689541287,0.231090247631073,1,3.35162353515625,1,-0.2805824809604221,0.23186108469963074,1,3.3983306884765625
7189.771,113,9,4,2,0,0,shapes_on_2,1,-0.3037989404466417,0.22085028886795044,1,3.3521270751953125,1,-0.27604262034098304,0.21380487084388733,1,3.3891448974609375
7206.437,113,9,4,2,0,0,shapes_on_2,1,-0.2991189956665039,0.2299516797065735,1,3.345550537109375,1,-0.275540828704834,0.23153117299079895,1,3.382171630859375
7223.104,113,9,4,2,0,0,shapes_on_2,1,-0.30134646097819007,0.21770650148391724,1,3.341827392578125,1,-0.280141724480523,0.21724599599838257,1,3.3772430419921875
7239.772,113,9,4,2,0,0,shapes_on_2,1,-0.31510798136393225,0.2223149836063385,1,3.3300628662109375,1,-0.2802644305759006,0.22086632251739502,1,3.3685760498046875
7256.438,113,9,4,2,0,0,shapes_on_2,1,-0.3023328251308865,0.2216651439666748,1,3.3292694091796875,1,-0.2797922558254666,0.21589604020118713,1,3.3589324951171875
7273.105,113,9,4,2,0,0,shapes_on_2,1,-0.30994606018066406,0.22634276747703552,1,3.32098388671875,1,-0.2809245851304796,0.21895131468772888,1,3.3549957275390625
7289.772,113,9,4,2,0,0,shapes_on_2,1,-0.29988039864434135,0.21634721755981445,1,3.3185272216796875,1,-0.2803899976942274,0.21666640043258667,1,3.3469696044921875
7306.438,113,9,4,2,0,0,shapes_on_2,1,-0.31410545772976345,0.2272985875606537,1,3.310943603515625,1,-0.2770511839124891,0.21856272220611572,1,3.3446044921875
7323.105,113,9,4,2,0,0,shapes_on_2,1,-0.30819834603203666,0.2334456443786621,1,3.311798095703125,1,-0.27655431959364146,0.21419590711593628,1,3.3371124267578125
7339.772,113,9,4,2,0,0,shapes_on_2,1,-0.3131590949164496,0.23365485668182373,1,3.3110198974609375,1,-0.2727758619520399,0.21406006813049316,1,3.3297271728515625
7356.438,113,9,4,2,0,0,shapes_on_2,1,-0.3298101954989963,0.006951034069061279,1,3.2911224365234375,1,-0.30570713678995765,-0.0065808892250061035,1,3.301300048828125
7373.105,113,9,4,2,0,0,shapes_on_2,1,-0.3408877584669325,-0.2767706513404846,1,3.283905029296875,1,-0.3184812333848741,-0.27296435832977295,1,3.294677734375
7389.772,113,9,4,2,0,0,shapes_on_2,1,-0.3488970862494574,-0.4500540494918823,1,3.27392578125,1,-0.32381926642523867,-0.4511171579360962,1,3.2803802490234375
7406.438,113,9,4,2,0,0,shapes_on_2,1,-0.35010782877604163,-0.4333128333091736,1,3.2746734619140625,1,-0.3194726308186849,-0.4349265694618225,1,3.2798919677734375
7423.105,113,9,4,2,0,0,shapes_on_2,1,-0.35785463121202254,-0.43726956844329834,1,3.270538330078125,1,-0.31521039538913304,-0.44931191205978394,1,3.27728271484375
7439.772,113,9,4,2,0,0,shapes_on_2,1,-0.3433944914076063,-0.4198802709579468,1,3.2704620361328125,1,-0.31990167829725474,-0.44498634338378906,1,3.2729644775390625
7456.438,113,9,4,2,0,0,shapes_on_2,1,-0.35881704754299587,-0.43469685316085815,1,3.26239013671875,1,-0.3124591509501139,-0.43400299549102783,1,3.276153564453125
7473.105,113,9,4,2,0,0,shapes_on_2,1,-0.33039654625786674,-0.4222460985183716,1,3.268890380859375,1,-0.31628115971883136,-0.44026726484298706,1,3.2750396728515625
7489.773,113,9,4,2,0,0,shapes_on_2,1,-0.3221196068657769,-0.4162766933441162,1,3.2645721435546875,1,-0.317882325914171,-0.4402458667755127,1,3.2761383056640625
7506.439,113,9,4,2,0,0,shapes_on_2,1,-0.3180191251966688,-0.4264124035835266,1,3.2627716064453125,1,-0.3199417856004503,-0.43590742349624634,1,3.279541015625
7523.106,113,9,4,2,0,0,shapes_on_2,1,-0.3376620610555013,-0.4060143828392029,1,3.2512664794921875,1,-0.31485149595472545,-0.408997118473053,1,3.2853240966796875
7539.773,113,9,4,2,0,0,shapes_on_2,1,-0.35061391194661456,-0.27165335416793823,1,3.2562103271484375,1,-0.31306764814588756,-0.274108350276947,1,3.2947845458984375
7556.439,113,9,4,2,0,0,shapes_on_2,1,-0.3506864971584744,-0.3036589026451111,1,3.256134033203125,1,-0.3260718981424967,-0.30429428815841675,1,3.2871246337890625
7573.106,113,9,4,2,0,0,shapes_on_2,1,-0.3582589891221788,-0.2939629554748535,1,3.245819091796875,1,-0.32454231050279403,-0.2922566533088684,1,3.2791290283203125
7589.773,113,9,4,2,0,0,shapes_on_2,1,-0.3494275410970052,-0.3026646375656128,1,3.2379608154296875,1,-0.3296509848700629,-0.2902956008911133,1,3.2690582275390625
7606.439,113,9,4,2,0,0,shapes_on_2,1,-0.35416518317328555,-0.2989081144332886,1,3.2169189453125,1,-0.32488059997558594,-0.2917073369026184,1,3.2522735595703125
7623.106,113,9,4,2,0,0,shapes_on_2,1,-0.35293812221950954,-0.29755258560180664,1,3.207733154296875,1,-0.3272172609965006,-0.28503286838531494,1,3.2318267822265625
7639.773,113,9,4,2,0,0,shapes_on_2,1,-0.3451933330959744,-0.2937875986099243,1,3.1951446533203125,1,-0.32729413774278426,-0.2823559641838074,1,3.2183380126953125
7656.439,113,9,4,2,0,0,shapes_on_2,0,nan,nan,0,nan,1,-0.33097362518310547,-0.28334468603134155,1,3.192138671875
7673.106,113,9,4,2,0,0,shapes_on_2,1,-0.34947850969102645,-0.2949286103248596,1,3.161285400390625,1,-0.33165476057264537,-0.28461021184921265,1,3.1834716796875
7689.773,113,9,4,2,0,0,shapes_on_2,1,-0.34992366366916233,-0.29329347610473633,1,3.1506500244140625,1,-0.328442997402615,-0.282926082611084,1,3.1676177978515625
7706.439,113,9,4,2,0,0,shapes_on_2,1,-0.3488719198438856,-0.2976905107498169,1,3.1433258056640625,1,-0.3291543324788411,-0.28720855712890625,1,3.159576416015625
7723.106,113,9,4,2,0,0,shapes_on_2,1,-0.35050551096598304,-0.2908207178115845,1,3.13751220703125,1,-0.3263794581095377,-0.28921520709991455,1,3.1461639404296875
7739.774,113,9,4,2,0,0,shapes_on_2,1,-0.34117741054958767,-0.29233652353286743,1,3.1340789794921875,1,-0.3312426143222385,-0.2868587374687195,1,3.1464691162109375
7756.44,113,9,4,2,0,0,shapes_on_2,1,-0.34503624174329967,-0.2947158217430115,1,3.126434326171875,1,-0.32786676618787974,-0.2890303134918213,1,3.14520263671875
7773.107,113,9,4,2,0,0,shapes_on_2,1,-0.3411344422234429,-0.2957996726036072,1,3.1304473876953125,1,-0.3295129140218099,-0.279815137386322,1,3.148345947265625
7789.774,113,9,4,2,0,0,shapes_on_2,1,-0.3459928830464681,-0.29830002784729004,1,3.1334228515625,1,-0.3316567738850911,-0.2871967554092407,1,3.140594482421875
7806.44,113,9,4,2,0,0,shapes_on_2,1,-0.3438625865512424,-0.29185420274734497,1,3.1355438232421875,1,-0.33049080106947154,-0.2838076949119568,1,3.151214599609375
7823.107,113,9,4,2,0,0,shapes_on_2,1,-0.33925294876098633,-0.2897999882698059,1,3.133575439453125,1,-0.3298655615912543,-0.28616541624069214,1,3.1466064453125
7839.774,113,9,4,2,0,0,shapes_on_2,1,-0.3419609069824219,-0.29285699129104614,1,3.1443023681640625,1,-0.328540219200982,-0.2873779535293579,1,3.1556243896484375
7856.44,113,9,4,2,0,0,shapes_on_2,1,-0.343697018093533,-0.29141759872436523,1,3.14794921875,1,-0.33163584603203666,-0.28458696603775024,1,3.1530303955078125
7873.107,113,9,4,2,0,0,shapes_on_2,1,-0.3449330859714084,-0.2926936149597168,1,3.13787841796875,1,-0.3350849151611328,-0.28536665439605713,1,3.1550750732421875
7889.774,113,9,4,2,0,0,shapes_on_2,1,-0.3380155563354492,-0.287248432636261,1,3.146575927734375,1,-0.32991790771484375,-0.28447073698043823,1,3.1573028564453125
7906.44,113,9,4,2,0,0,shapes_on_2,1,-0.34615495469835067,-0.2907443642616272,1,3.1420135498046875,1,-0.32945336235894096,-0.29072093963623047,1,3.1548309326171875
7923.107,113,9,4,2,0,0,shapes_on_2,1,-0.34556553098890513,-0.2903270721435547,1,3.1466522216796875,1,-0.3254310819837782,-0.28962796926498413,1,3.1529541015625
7939.774,113,9,4,2,0,0,shapes_on_2,1,-0.34697024027506507,-0.2933156490325928,1,3.1399993896484375,1,-0.32955805460611975,-0.28582680225372314,1,3.150543212890625
7956.44,113,9,4,2,0,0,shapes_on_2,1,-0.3449475500318739,-0.29205769300460815,1,3.1431732177734375,1,-0.3293612268235948,-0.2864854335784912,1,3.1479339599609375
7973.107,113,9,4,2,0,0,shapes_on_2,1,-0.35333628124660915,-0.2950878143310547,1,3.1373748779296875,1,-0.32989618513319224,-0.28966665267944336,1,3.140960693359375
7989.775,113,9,4,2,0,0,shapes_on_2,1,-0.34589491950141055,-0.2874543070793152,1,3.13525390625,1,-0.3327109548780653,-0.2876836061477661,1,3.1385955810546875
8006.441,113,9,4,2,0,0,shapes_on_2,1,-0.35247431861029727,-0.2930053472518921,1,3.1353759765625,1,-0.3316871854994032,-0.29605114459991455,1,3.13983154296875
8023.108,113,9,4,2,0,0,shapes_on_2,1,-0.34722238116794163,-0.29429543018341064,1,3.1325531005859375,1,-0.3336551984151204,-0.29346632957458496,1,3.1346893310546875
8039.775,113,9,4,2,0,0,shapes_on_2,1,-0.34759240680270725,-0.2930659055709839,1,3.1336212158203125,1,-0.3302268981933594,-0.2931041717529297,1,3.1352691650390625
8056.441,113,9,4,2,0,0,shapes_on_2,1,-0.34724606408013237,-0.2870844006538391,1,3.1313323974609375,1,-0.324598577287462,-0.28993064165115356,1,3.132080078125
8073.108,113,9,4,2,0,0,shapes_on_2,1,-0.3358745045132107,-0.2944509983062744,1,3.129638671875,1,-0.32256078720092773,-0.29275786876678467,1,3.13653564453125
8089.775,113,9,4,2,0,0,shapes_on_2,1,-0.336373488108317,-0.2896980047225952,1,3.128448486328125,1,-0.32084528605143225,-0.2969825863838196,1,3.138641357421875
8106.441,113,9,4,2,0,0,shapes_on_2,1,-0.336779965294732,-0.2920519709587097,1,3.1321868896484375,1,-0.32031991746690536,-0.2934737801551819,1,3.1383819580078125
8123.108,113,9,4,2,0,0,shapes_on_2,1,-0.33210039138793945,-0.28878074884414673,1,3.1256561279296875,1,-0.32446087731255424,-0.29516685009002686,1,3.138763427734375
8139.775,113,9,4,2,0,0,shapes_on_2,1,-0.32610691918267143,-0.28714269399642944,1,3.12530517578125,1,-0.3172104623582628,-0.2943371534347534,1,3.1373443603515625
8156.441,113,9,4,2,0,0,shapes_on_2,1,-0.33624066246880424,-0.2887551784515381,1,3.123138427734375,1,-0.3144117461310492,-0.29148614406585693,1,3.13824462890625
8173.108,113,9,4,2,0,0,shapes_on_2,1,-0.33401849534776473,-0.2918805480003357,1,3.1192169189453125,1,-0.3163785934448242,-0.28724586963653564,1,3.1405181884765625
8189.775,113,9,4,2,0,0,curtainDown,1,-0.33195241292317706,-0.29619771242141724,1,3.1194915771484375,1,-0.31213304731580943,-0.29031217098236084,1,3.138519287109375
8206.441,113,9,4,2,0,0,curtainDown,1,-0.3255478541056315,-0.28642213344573975,1,3.12286376953125,1,-0.3089984787835015,-0.296495258808136,1,3.135406494140625
8223.109,113,9,4,2,0,0,curtainDown,1,-0.32947985331217444,-0.287347674369812,1,3.1154632568359375,1,-0.31176731321546763,-0.2906886339187622,1,3.134307861328125
8239.776,113,9,4,2,0,0,curtainDown,1,-0.32955969704522026,-0.2842644453048706,1,3.1098175048828125,1,-0.306350760989719,-0.2932988405227661,1,3.1385345458984375
8256.442,113,9,4,2,0,0,curtainDown,1,-0.35601923200819224,-0.3139781355857849,1,3.1092071533203125,1,-0.3317382600572374,-0.3152770400047302,1,3.1281585693359375
8273.109,113,9,4,2,0,0,curtainDown,1,-0.3476259973314073,-0.3261216878890991,1,3.1169281005859375,1,-0.32604514227973086,-0.3375188708305359,1,3.1375274658203125
8289.776,113,9,4,2,0,0,curtainDown,1,-0.3621371057298448,-0.33192718029022217,1,3.115020751953125,1,-0.3386019600762261,-0.34148430824279785,1,3.1260223388671875
8306.442,113,9,4,2,0,0,curtainDown,1,-0.358772701687283,-0.33204370737075806,1,3.1230621337890625,1,-0.33033471637301975,-0.33699536323547363,1,3.124786376953125
8323.109,113,9,4,2,0,0,curtainDown,1,-0.35943788952297634,-0.33327972888946533,1,3.1188507080078125,1,-0.3322909673055013,-0.33380019664764404,1,3.1270904541015625
8339.776,113,9,4,2,0,0,curtainDown,1,-0.363518926832411,-0.3352116346359253,1,3.11566162109375,1,-0.32639392217000324,-0.3357548713684082,1,3.135009765625
8356.442,113,9,4,2,0,0,curtainDown,1,-0.35947672526041663,-0.33759331703186035,1,3.114593505859375,1,-0.33177322811550564,-0.33521556854248047,1,3.134246826171875
8373.109,113,9,4,2,0,0,curtainDown,1,-0.35904847251044375,-0.33382004499435425,1,3.1278533935546875,1,-0.33719083997938365,-0.3412656784057617,1,3.1395416259765625
8389.776,113,9,4,2,0,0,curtainDown,1,-0.36626529693603516,-0.334597110748291,1,3.128631591796875,1,-0.3331063588460286,-0.3340352177619934,1,3.1427764892578125
8406.442,113,9,4,2,0,0,curtainDown,1,-0.3573553297254774,-0.330674946308136,1,3.1378021240234375,1,-0.3326537344190809,-0.33594638109207153,1,3.152130126953125
8423.109,113,9,4,2,0,0,curtainDown,1,-0.3608948389689127,-0.324137806892395,1,3.13909912109375,1,-0.332535531785753,-0.3300759196281433,1,3.156494140625
8439.776,113,9,4,2,0,0,curtainDown,1,-0.35648324754503036,-0.3257548213005066,1,3.15155029296875,1,-0.3236098819308811,-0.3334062099456787,1,3.1689453125
8456.442,113,9,4,2,0,0,curtainDown,1,-0.3592562675476074,-0.3190551996231079,1,3.158294677734375,1,-0.3301743401421441,-0.3331495523452759,1,3.17376708984375
8473.11,113,9,4,2,0,0,curtainDown,1,-0.3607275221082899,-0.3184193968772888,1,3.1656951904296875,1,-0.32590818405151367,-0.33139854669570923,1,3.1858673095703125
8489.777,113,9,4,2,0,0,curtainDown,1,-0.3608401086595323,-0.3183060884475708,1,3.175811767578125,1,-0.33214902877807617,-0.3321651220321655,1,3.1889495849609375
8506.443,113,9,4,2,0,0,curtainDown,1,-0.3542844984266493,-0.31609243154525757,1,3.183624267578125,1,-0.32477113935682506,-0.3284119963645935,1,3.20050048828125
8523.11,113,9,4,2,0,0,curtainDown,1,-0.3589116732279459,-0.324887216091156,1,3.1912841796875,1,-0.3204070197211371,-0.3263551592826843,1,3.1963653564453125
8539.777,113,9,4,2,0,0,curtainDown,1,-0.3599735365973578,-0.3270654082298279,1,3.2006378173828125,1,-0.3245118459065755,-0.32398635149002075,1,3.208526611328125
8556.443,113,9,4,2,0,0,curtainDown,1,-0.36071687274509007,-0.32585829496383667,1,3.210113525390625,1,-0.3235262764824761,-0.3241574764251709,1,3.2106475830078125
8573.11,113,9,4,2,0,0,curtainDown,1,-0.3599936697218153,-0.3290228843688965,1,3.21832275390625,1,-0.3241081237792969,-0.3298570513725281,1,3.218353271484375
8589.777,113,9,4,2,0,0,curtainDown,1,-0.3653008143107096,-0.33484089374542236,1,3.2290191650390625,1,-0.3251006338331434,-0.33755648136138916,1,3.2159576416015625
8606.443,113,9,4,2,0,0,curtainDown,1,-0.3668951988220215,-0.334663987159729,1,3.2358551025390625,1,-0.3286227120293511,-0.32791823148727417,1,3.219268798828125
8623.11,113,9,4,2,0,0,curtainDown,1,-0.3587191899617513,-0.33104920387268066,1,3.241363525390625,1,-0.3238855997721354,-0.33079737424850464,1,3.21722412109375
8639.777,113,9,4,2,0,0,curtainDown,1,-0.36765389972262913,-0.32744765281677246,1,3.2495880126953125,1,-0.32069826126098633,-0.3313189744949341,1,3.21636962890625
8656.443,113,9,4,2,0,0,curtainDown,1,-0.3583210309346517,-0.3332236409187317,1,3.252105712890625,1,-0.31898021697998047,-0.33365243673324585,1,3.2181549072265625
8673.11,113,9,4,2,0,0,curtainDown,1,-0.35939338472154403,-0.33081483840942383,1,3.2587432861328125,1,-0.3209780587090386,-0.3404286503791809,1,3.2204742431640625
8689.777,113,9,4,2,0,0,curtainDown,1,-0.36071014404296875,-0.3388904333114624,1,3.2564544677734375,1,-0.3250688976711697,-0.3323569893836975,1,3.2143096923828125
8706.443,113,9,4,2,0,0,curtainDown,1,-0.3591166602240668,-0.3383316397666931,1,3.2566070556640625,1,-0.3202880753411187,-0.33621931076049805,1,3.2101593017578125
8723.111,113,9,4,2,0,0,curtainDown,1,-0.3639882935418023,-0.3465251326560974,1,3.2577362060546875,1,-0.32378371556599933,-0.3397718071937561,1,3.2118682861328125
8739.778,113,9,4,2,0,0,curtainDown,1,-0.3565550380282932,-0.34138089418411255,1,3.2625579833984375,1,-0.321309142642551,-0.33737611770629883,1,3.21380615234375
8756.444,113,9,4,2,0,0,curtainDown,1,-0.36120208104451496,-0.3358922600746155,1,3.257171630859375,1,-0.3227116266886393,-0.33952516317367554,1,3.2068634033203125
8.675,113,9,4,3,"{'TopLeft': 0.7220758454421043, 'TopRight': 0.744781847254617, 'BottomLeft': 0.692820323027551, 'BottomRight': 0.6062177826491071}","{'TopLeft': 0.029538012113533157, 'TopRight': 0.03002401821745175, 'BottomLeft': 0.02598076211353316, 'BottomRight': 0.019891520993173824}",IntruderTrial,1,-0.35971980624728733,-0.3390425443649292,1,3.255462646484375,1,-0.32203420003255206,-0.33617615699768066,1,3.2024688720703125
25.342,113,9,4,3,"{'TopLeft': 0.7220758454421043, 'TopRight': 0.744781847254617, 'BottomLeft': 0.692820323027551, 'BottomRight': 0.6062177826491071}","{'TopLeft': 0.029538012113533157, 'TopRight': 0.03002401821745175, 'BottomLeft': 0.02598076211353316, 'BottomRight': 0.019891520993173824}",IntruderTrial,1,-0.35860909356011283,-0.3327542543411255,1,3.257568359375,1,-0.326003975338406,-0.3380035161972046,1,3.2003021240234375
42.008,113,9,4,3,"{'TopLeft': 0.7220758454421043, 'TopRight': 0.744781847254617, 'BottomLeft': 0.692820323027551, 'BottomRight': 0.6062177826491071}","{'TopLeft': 0.029538012113533157, 'TopRight': 0.03002401821745175, 'BottomLeft': 0.02598076211353316, 'BottomRight': 0.019891520993173824}",IntruderTrial,1,-0.3681866327921549,-0.3378349542617798,1,3.2512664794921875,1,-0.33389684889051646,-0.3376957178115845,1,3.18914794921875
58.675,113,9,4,3,"{'TopLeft': 0.7220758454421043, 'TopRight': 0.744781847254617, 'BottomLeft': 0.692820323027551, 'BottomRight': 0.6062177826491071}","{'TopLeft': 0.029538012113533157, 'TopRight': 0.03002401821745175, 'BottomLeft': 0.02598076211353316, 'BottomRight': 0.019891520993173824}",curtain_up,1,-0.357375250922309,-0.33225154876708984,1,3.25628662109375,1,-0.32689645555284286,-0.3367793560028076,1,3.1923980712890625
75.342,113,9,4,3,"{'TopLeft': 0.7220758454421043, 'TopRight': 0.744781847254617, 'BottomLeft': 0.692820323027551, 'BottomRight': 0.6062177826491071}","{'TopLeft': 0.029538012113533157, 'TopRight': 0.03002401821745175, 'BottomLeft': 0.02598076211353316, 'BottomRight': 0.019891520993173824}",curtain_up,1,-0.35581784778171116,-0.33286094665527344,1,3.25115966796875,1,-0.3246440357632107,-0.3354020118713379,1,3.1912994384765625
92.008,113,9,4,3,"{'TopLeft': 0.7220758454421043, 'TopRight': 0.744781847254617, 'BottomLeft': 0.692820323027551, 'BottomRight': 0.6062177826491071}","{'TopLeft': 0.029538012113533157, 'TopRight': 0.03002401821745175, 'BottomLeft': 0.02598076211353316, 'BottomRight': 0.019891520993173824}",curtain_up,1,-0.3569053014119466,-0.3333778381347656,1,3.2479705810546875,1,-0.32480764389038086,-0.33764219284057617,1,3.18701171875
108.675,113,9,4,3,"{'TopLeft': 0.7220758454421043, 'TopRight': 0.744781847254617, 'BottomLeft': 0.692820323027551, 'BottomRight': 0.6062177826491071}","{'TopLeft': 0.029538012113533157, 'TopRight': 0.03002401821745175, 'BottomLeft': 0.02598076211353316, 'BottomRight': 0.019891520993173824}",curtain_up,1,-0.35820648405287,-0.32819414138793945,1,3.24664306640625,1,-0.3286972575717502,-0.3401222229003906,1,3.178863525390625
125.342,113,9,4,3,"{'TopLeft': 0.7220758454421043, 'TopRight': 0.744781847254617, 'BottomLeft': 0.692820323027551, 'BottomRight': 0.6062177826491071}","{'TopLeft': 0.029538012113533157, 'TopRight': 0.03002401821745175, 'BottomLeft': 0.02598076211353316, 'BottomRight': 0.019891520993173824}",curtain_up,1,-0.35562780168321395,-0.32955020666122437,1,3.2425537109375,1,-0.33246983422173393,-0.33630073070526123,1,3.1726531982421875
142.008,113,9,4,3,"{'TopLeft': 0.7220758454421043, 'TopRight': 0.744781847254617, 'BottomLeft': 0.692820323027551, 'BottomRight': 0.6062177826491071}","{'TopLeft': 0.029538012113533157, 'TopRight': 0.03002401821745175, 'BottomLeft': 0.02598076211353316, 'BottomRight': 0.019891520993173824}",curtain_up,1,-0.35477330949571395,-0.3309755325317383,1,3.2384490966796875,1,-0.33110819922553164,-0.3413596749305725,1,3.16485595703125
158.675,113,9,4,3,"{'TopLeft': 0.7220758454421043, 'TopRight': 0.744781847254617, 'BottomLeft': 0.692820323027551, 'BottomRight': 0.6062177826491071}","{'TopLeft': 0.029538012113533157, 'TopRight': 0.03002401821745175, 'BottomLeft': 0.02598076211353316, 'BottomRight': 0.019891520993173824}",curtain_up,1,-0.3576364517211914,-0.33674758672714233,1,3.2348480224609375,1,-0.32929229736328125,-0.33765095472335815,1,3.1538238525390625
175.342,113,9,4,3,"{'TopLeft': 0.7220758454421043, 'TopRight': 0.744781847254617, 'BottomLeft': 0.692820323027551, 'BottomRight': 0.6062177826491071}","{'TopLeft': 0.029538012113533157, 'TopRight': 0.03002401821745175, 'BottomLeft': 0.02598076211353316, 'BottomRight': 0.019891520993173824}",curtain_up,1,-0.35660945044623477,-0.33064913749694824,1,3.2238616943359375,1,-0.3237717416551378,-0.3380390405654907,1,3.1452484130859375
192.008,113,9,4,3,"{'TopLeft': 0.7220758454421043, 'TopRight': 0.744781847254617, 'BottomLeft': 0.692820323027551, 'BottomRight': 0.6062177826491071}","{'TopLeft': 0.029538012113533157, 'TopRight': 0.03002401821745175, 'BottomLeft': 0.02598076211353316, 'BottomRight': 0.019891520993173824}",curtain_up,1,-0.3659889433119032,-0.33789801597595215,1,3.2135009765625,1,-0.33264038297865123,-0.33024901151657104,1,3.1355743408203125
208.676,113,9,4,3,"{'TopLeft': 0.7220758454421043, 'TopRight': 0.744781847254617, 'BottomLeft': 0.692820323027551, 'BottomRight': 0.6062177826491071}","{'TopLeft': 0.029538012113533157, 'TopRight': 0.03002401821745175, 'BottomLeft': 0.02598076211353316, 'BottomRight': 0.019891520993173824}",curtain_up,1,-0.3603279325697157,-0.3303297162055969,1,3.220001220703125,1,-0.33073049121432835,-0.32989931106567383,1,3.1269378662109375
225.343,113,9,4,3,"{'TopLeft': 0.7220758454421043, 'TopRight': 0.744781847254617, 'BottomLeft': 0.692820323027551, 'BottomRight': 0.6062177826491071}","{'TopLeft': 0.029538012113533157, 'TopRight': 0.03002401821745175, 'BottomLeft': 0.02598076211353316, 'BottomRight': 0.019891520993173824}",curtain_up,1,-0.3569156858656141,-0.3300092816352844,1,3.212188720703125,1,-0.32701900270250106,-0.3349471092224121,1,3.120574951171875
242.009,113,9,4,3,"{'TopLeft': 0.7220758454421043, 'TopRight': 0.744781847254617, 'BottomLeft': 0.692820323027551, 'BottomRight': 0.6062177826491071}","{'TopLeft': 0.029538012113533157, 'TopRight': 0.03002401821745175, 'BottomLeft': 0.02598076211353316, 'BottomRight': 0.019891520993173824}",curtain_up,1,-0.35418743557400173,-0.33021223545074463,1,3.2032928466796875,1,-0.32927825715806747,-0.3371315002441406,1,3.1165313720703125
258.676,113,9,4,3,"{'TopLeft': 0.7220758454421043, 'TopRight': 0.744781847254617, 'BottomLeft': 0.692820323027551, 'BottomRight': 0.6062177826491071}","{'TopLeft': 0.029538012113533157, 'TopRight': 0.03002401821745175, 'BottomLeft': 0.02598076211353316, 'BottomRight': 0.019891520993173824}",curtain_up,1,-0.35075367821587455,-0.33191418647766113,1,3.19464111328125,1,-0.32880910237630206,-0.3294985294342041,1,3.1040191650390625
275.343,113,9,4,3,"{'TopLeft': 0.7220758454421043, 'TopRight': 0.744781847254617, 'BottomLeft': 0.692820323027551, 'BottomRight': 0.6062177826491071}","{'TopLeft': 0.029538012113533157, 'TopRight': 0.03002401821745175, 'BottomLeft': 0.02598076211353316, 'BottomRight': 0.019891520993173824}",curtain_up,1,-0.23306857215033636,-0.1840478777885437,1,3.1974029541015625,1,-0.17211633258395723,-0.1895977258682251,1,3.0991058349609375
292.009,113,9,4,3,"{'TopLeft': 0.7220758454421043, 'TopRight': 0.744781847254617, 'BottomLeft': 0.692820323027551, 'BottomRight': 0.6062177826491071}","{'TopLeft': 0.029538012113533157, 'TopRight': 0.03002401821745175, 'BottomLeft': 0.02598076211353316, 'BottomRight': 0.019891520993173824}",curtain_up,1,-0.14614004558987087,-0.12087708711624146,1,3.206207275390625,1,-0.12600167592366535,-0.11916470527648926,1,3.08544921875
308.676,113,9,4,3,"{'TopLeft': 0.7220758454421043, 'TopRight': 0.744781847254617, 'BottomLeft': 0.692820323027551, 'BottomRight': 0.6062177826491071}","{'TopLeft': 0.029538012113533157, 'TopRight': 0.03002401821745175, 'BottomLeft': 0.02598076211353316, 'BottomRight': 0.019891520993173824}",curtain_up,1,-0.12848499086168078,-0.07144057750701904,1,3.163665771484375,1,-0.1062422858344184,-0.08185255527496338,1,3.0849456787109375
325.343,113,9,4,3,"{'TopLeft': 0.7220758454421043, 'TopRight': 0.744781847254617, 'BottomLeft': 0.692820323027551, 'BottomRight': 0.6062177826491071}","{'TopLeft': 0.029538012113533157, 'TopRight': 0.03002401821745175, 'BottomLeft': 0.02598076211353316, 'BottomRight': 0.019891520993173824}",curtain_up,1,-0.12035470538669162,-0.07869821786880493,1,3.168975830078125,1,-0.10037665896945529,-0.07826006412506104,1,3.069732666015625
342.009,113,9,4,3,"{'TopLeft': 0.7220758454421043, 'TopRight': 0.744781847254617, 'BottomLeft': 0.692820323027551, 'BottomRight': 0.6062177826491071}","{'TopLeft': 0.029538012113533157, 'TopRight': 0.03002401821745175, 'BottomLeft': 0.02598076211353316, 'BottomRight': 0.019891520993173824}",curtain_up,1,-0.11471292707655165,-0.08585965633392334,1,3.1764678955078125,1,-0.10243055555555555,-0.08109909296035767,1,3.0840911865234375
358.676,113,9,4,3,"{'TopLeft': 0.7220758454421043, 'TopRight': 0.744781847254617, 'BottomLeft': 0.692820323027551, 'BottomRight': 0.6062177826491071}","{'TopLeft': 0.029538012113533157, 'TopRight': 0.03002401821745175, 'BottomLeft': 0.02598076211353316, 'BottomRight': 0.019891520993173824}",curtain_up,1,-0.10490009519788954,-0.08537524938583374,1,3.1773223876953125,1,-0.09585724936591254,-0.08424437046051025,1,3.0849609375
375.343,113,9,4,3,"{'TopLeft': 0.7220758454421043, 'TopRight': 0.744781847254617, 'BottomLeft': 0.692820323027551, 'BottomRight': 0.6062177826491071}","{'TopLeft': 0.029538012113533157, 'TopRight': 0.03002401821745175, 'BottomLeft': 0.02598076211353316, 'BottomRight': 0.019891520993173824}",curtain_up,1,-0.10431512196858723,-0.08208340406417847,1,3.1723785400390625,1,-0.09996668497721353,-0.08390402793884277,1,3.0805511474609375
392.009,113,9,4,3,"{'TopLeft': 0.7220758454421043, 'TopRight': 0.744781847254617, 'BottomLeft': 0.692820323027551, 'BottomRight': 0.6062177826491071}","{'TopLeft': 0.029538012113533157, 'TopRight': 0.03002401821745175, 'BottomLeft': 0.02598076211353316, 'BottomRight': 0.019891520993173824}",curtain_up,1,-0.10173273086547852,-0.07740455865859985,1,3.168548583984375,1,-0.09728421105278862,-0.0802958607673645,1,3.080657958984375
408.676,113,9,4,3,"{'TopLeft': 0.7220758454421043, 'TopRight': 0.744781847254617, 'BottomLeft': 0.692820323027551, 'BottomRight': 0.6062177826491071}","{'TopLeft': 0.029538012113533157, 'TopRight': 0.03002401821745175, 'BottomLeft': 0.02598076211353316, 'BottomRight': 0.019891520993173824}",curtain_up,1,-0.10036028756035698,-0.07744503021240234,1,3.1690216064453125,1,-0.10121488571166992,-0.07900607585906982,1,3.0817413330078125
425.343,113,9,4,3,"{'TopLeft': 0.7220758454421043, 'TopRight': 0.744781847254617, 'BottomLeft': 0.692820323027551, 'BottomRight': 0.6062177826491071}","{'TopLeft': 0.029538012113533157, 'TopRight': 0.03002401821745175, 'BottomLeft': 0.02598076211353316, 'BottomRight': 0.019891520993173824}",curtain_up,1,-0.10199753443400064,-0.07764244079589844,1,3.17401123046875,1,-0.09955835342407227,-0.07706570625305176,1,3.081298828125
442.009,113,9,4,3,"{'TopLeft': 0.7220758454421043, 'TopRight': 0.744781847254617, 'BottomLeft': 0.692820323027551, 'BottomRight': 0.6062177826491071}","{'TopLeft': 0.029538012113533157, 'TopRight': 0.03002401821745175, 'BottomLeft': 0.02598076211353316, 'BottomRight': 0.019891520993173824}",curtain_up,1,-0.10325145721435547,-0.07587319612503052,1,3.166900634765625,1,-0.09387482537163629,-0.07618176937103271,1,3.0830078125
458.677,113,9,4,3,"{'TopLeft': 0.7220758454421043, 'TopRight': 0.744781847254617, 'BottomLeft': 0.692820323027551, 'BottomRight': 0.6062177826491071}","{'TopLeft': 0.029538012113533157, 'TopRight': 0.03002401821745175, 'BottomLeft': 0.02598076211353316, 'BottomRight': 0.019891520993173824}",curtain_up,1,-0.09928814570109049,-0.07485198974609375,1,3.1749114990234375,1,-0.09673600726657443,-0.07288241386413574,1,3.091583251953125
475.344,113,9,4,3,"{'TopLeft': 0.7220758454421043, 'TopRight': 0.744781847254617, 'BottomLeft': 0.692820323027551, 'BottomRight': 0.6062177826491071}","{'TopLeft': 0.029538012113533157, 'TopRight': 0.03002401821745175, 'BottomLeft': 0.02598076211353316, 'BottomRight': 0.019891520993173824}",curtain_up,1,-0.09790526496039496,-0.08151334524154663,1,3.173004150390625,1,-0.09357160992092556,-0.07470172643661499,1,3.0854034423828125
492.01,113,9,4,3,"{'TopLeft': 0.7220758454421043, 'TopRight': 0.744781847254617, 'BottomLeft': 0.692820323027551, 'BottomRight': 0.6062177826491071}","{'TopLeft': 0.029538012113533157, 'TopRight': 0.03002401821745175, 'BottomLeft': 0.02598076211353316, 'BottomRight': 0.019891520993173824}",curtain_up,1,-0.09582795037163629,-0.0760037899017334,1,3.1816558837890625,1,-0.09901327557033962,-0.07575225830078125,1,3.09527587890625
508.677,113,9,4,3,"{'TopLeft': 0.7220758454421043, 'TopRight': 0.744781847254617, 'BottomLeft': 0.692820323027551, 'BottomRight': 0.6062177826491071}","{'TopLeft': 0.029538012113533157, 'TopRight': 0.03002401821745175, 'BottomLeft': 0.02598076211353316, 'BottomRight': 0.019891520993173824}",curtain_up,1,-0.10396787855360243,-0.07181769609451294,1,3.1782073974609375,1,-0.08968639373779297,-0.07245087623596191,1,3.0915069580078125
525.344,113,9,4,3,"{'TopLeft': 0.7220758454421043, 'TopRight': 0.744781847254617, 'BottomLeft': 0.692820323027551, 'BottomRight': 0.6062177826491071}","{'TopLeft': 0.029538012113533157, 'TopRight': 0.03002401821745175, 'BottomLeft': 0.02598076211353316, 'BottomRight': 0.019891520993173824}",curtain_up,1,-0.09635337193806966,-0.0686454176902771,1,3.1882171630859375,1,-0.09001980887518989,-0.06923812627792358,1,3.0923919677734375
542.01,113,9,4,3,"{'TopLeft': 0.7220758454421043, 'TopRight': 0.744781847254617, 'BottomLeft': 0.692820323027551, 'BottomRight': 0.6062177826491071}","{'TopLeft': 0.029538012113533157, 'TopRight': 0.03002401821745175, 'BottomLeft': 0.02598076211353316, 'BottomRight': 0.019891520993173824}",curtain_up,1,-0.09800921546088324,-0.06736844778060913,1,3.189849853515625,1,-0.08613406287299262,-0.06371414661407471,1,3.078826904296875
558.677,113,9,4,3,"{'TopLeft': 0.7220758454421043, 'TopRight': 0.744781847254617, 'BottomLeft': 0.692820323027551, 'BottomRight': 0.6062177826491071}","{'TopLeft': 0.029538012113533157, 'TopRight': 0.03002401821745175, 'BottomLeft': 0.02598076211353316, 'BottomRight': 0.019891520993173824}",curtain_up,1,-0.09686003790961371,-0.06484812498092651,1,3.1942596435546875,1,-0.08766386244032118,-0.06942027807235718,1,3.1027069091796875
575.344,113,9,4,3,"{'TopLeft': 0.7220758454421043, 'TopRight': 0.744781847254617, 'BottomLeft': 0.692820323027551, 'BottomRight': 0.6062177826491071}","{'TopLeft': 0.029538012113533157, 'TopRight': 0.03002401821745175, 'BottomLeft': 0.02598076211353316, 'BottomRight': 0.019891520993173824}",curtain_up,1,-0.11353619893391927,-0.07205063104629517,1,3.2005462646484375,1,-0.08547549777560763,-0.07570499181747437,1,3.1002197265625
592.01,113,9,4,3,"{'TopLeft': 0.7220758454421043, 'TopRight': 0.744781847254617, 'BottomLeft': 0.692820323027551, 'BottomRight': 0.6062177826491071}","{'TopLeft': 0.029538012113533157, 'TopRight': 0.03002401821745175, 'BottomLeft': 0.02598076211353316, 'BottomRight': 0.019891520993173824}",curtain_up,1,-0.10765674379136826,-0.07507514953613281,1,3.213623046875,1,-0.09769900639851888,-0.09161877632141113,1,3.0635986328125
608.677,113,9,4,3,"{'TopLeft': 0.7220758454421043, 'TopRight': 0.744781847254617, 'BottomLeft': 0.692820323027551, 'BottomRight': 0.6062177826491071}","{'TopLeft': 0.029538012113533157, 'TopRight': 0.03002401821745175, 'BottomLeft': 0.02598076211353316, 'BottomRight': 0.019891520993173824}",curtain_up,1,-0.10624334547254774,-0.05849182605743408,1,3.18994140625,1,-0.07964865366617838,-0.07582926750183105,1,3.0953216552734375
625.344,113,9,4,3,"{'TopLeft': 0.7220758454421043, 'TopRight': 0.744781847254617, 'BottomLeft': 0.692820323027551, 'BottomRight': 0.6062177826491071}","{'TopLeft': 0.029538012113533157, 'TopRight': 0.03002401821745175, 'BottomLeft': 0.02598076211353316, 'BottomRight': 0.019891520993173824}",curtain_up,1,-0.3328762584262424,-0.11824297904968262,1,3.1793060302734375,0,nan,nan,0,nan
642.01,113,9,4,3,"{'TopLeft': 0.7220758454421043, 'TopRight': 0.744781847254617, 'BottomLeft': 0.692820323027551, 'BottomRight': 0.6062177826491071}","{'TopLeft': 0.029538012113533157, 'TopRight': 0.03002401821745175, 'BottomLeft': 0.02598076211353316, 'BottomRight': 0.019891520993173824}",curtain_up,1,-0.5032991833157009,-0.20926910638809204,1,3.07073974609375,1,-0.48952049679226345,-0.15545415878295898,1,3.0373382568359375
658.677,113,9,4,3,"{'TopLeft': 0.7220758454421043, 'TopRight': 0.744781847254617, 'BottomLeft': 0.692820323027551, 'BottomRight': 0.6062177826491071}","{'TopLeft': 0.029538012113533157, 'TopRight': 0.03002401821745175, 'BottomLeft': 0.02598076211353316, 'BottomRight': 0.019891520993173824}",curtain_up,1,-0.6147144370608859,-0.15687501430511475,1,3.1793670654296875,1,-0.5933483176761203,-0.09874510765075684,1,3.15728759765625
675.344,113,9,4,3,"{'TopLeft': 0.7220758454421043, 'TopRight': 0.744781847254617, 'BottomLeft': 0.692820323027551, 'BottomRight': 0.6062177826491071}","{'TopLeft': 0.029538012113533157, 'TopRight': 0.03002401821745175, 'BottomLeft': 0.02598076211353316, 'BottomRight': 0.019891520993173824}",curtain_up,1,-0.5778721968332926,-0.10816127061843872,1,3.2667694091796875,1,-0.5960768593682183,-0.08659368753433228,1,3.1607666015625
692.01,113,9,4,3,"{'TopLeft': 0.7220758454421043, 'TopRight': 0.744781847254617, 'BottomLeft': 0.692820323027551, 'BottomRight': 0.6062177826491071}","{'TopLeft': 0.029538012113533157, 'TopRight': 0.03002401821745175, 'BottomLeft': 0.02598076211353316, 'BottomRight': 0.019891520993173824}",curtain_up,1,-0.6019895871480305,-0.10104918479919434,1,3.2681732177734375,1,-0.5878487163119845,-0.08462601900100708,1,3.166839599609375
708.678,113,9,4,3,"{'TopLeft': 0.7220758454421043, 'TopRight': 0.744781847254617, 'BottomLeft': 0.692820323027551, 'BottomRight': 0.6062177826491071}","{'TopLeft': 0.029538012113533157, 'TopRight': 0.03002401821745175, 'BottomLeft': 0.02598076211353316, 'BottomRight': 0.019891520993173824}",curtain_up,1,-0.586859729554918,-0.09548652172088623,1,3.280853271484375,1,-0.5783707565731472,-0.0893791913986206,1,3.174835205078125
725.345,113,9,4,3,"{'TopLeft': 0.7220758454421043, 'TopRight': 0.744781847254617, 'BottomLeft': 0.692820323027551, 'BottomRight': 0.6062177826491071}","{'TopLeft': 0.029538012113533157, 'TopRight': 0.03002401821745175, 'BottomLeft': 0.02598076211353316, 'BottomRight': 0.019891520993173824}",curtain_up,1,-0.594639327791002,-0.10092353820800781,1,3.2790679931640625,1,-0.5720020400153266,-0.08476877212524414,1,3.184478759765625
742.011,113,9,4,3,"{'TopLeft': 0.7220758454421043, 'TopRight': 0.744781847254617, 'BottomLeft': 0.692820323027551, 'BottomRight': 0.6062177826491071}","{'TopLeft': 0.029538012113533157, 'TopRight': 0.03002401821745175, 'BottomLeft': 0.02598076211353316, 'BottomRight': 0.019891520993173824}",curtain_up,1,-0.5883416599697536,-0.09751325845718384,1,3.2949676513671875,1,-0.5889401700761583,-0.07496809959411621,1,3.1799774169921875
758.678,113,9,4,3,"{'TopLeft': 0.7220758454421043, 'TopRight': 0.744781847254617, 'BottomLeft': 0.692820323027551, 'BottomRight': 0.6062177826491071}","{'TopLeft': 0.029538012113533157, 'TopRight': 0.03002401821745175, 'BottomLeft': 0.02598076211353316, 'BottomRight': 0.019891520993173824}",curtain_up,1,-0.603442112604777,-0.10234475135803223,1,3.303253173828125,1,-0.5885747803582085,-0.07441180944442749,1,3.19549560546875
775.345,113,9,4,3,"{'TopLeft': 0.7220758454421043, 'TopRight': 0.744781847254617, 'BottomLeft': 0.692820323027551, 'BottomRight': 0.6062177826491071}","{'TopLeft': 0.029538012113533157, 'TopRight': 0.03002401821745175, 'BottomLeft': 0.02598076211353316, 'BottomRight': 0.019891520993173824}",curtain_up,1,-0.5904320875803629,-0.08973008394241333,1,3.3241119384765625,1,-0.5844726297590467,-0.07333105802536011,1,3.2018585205078125
792.011,113,9,4,3,"{'TopLeft': 0.7220758454421043, 'TopRight': 0.744781847254617, 'BottomLeft': 0.692820323027551, 'BottomRight': 0.6062177826491071}","{'TopLeft': 0.029538012113533157, 'TopRight': 0.03002401821745175, 'BottomLeft': 0.02598076211353316, 'BottomRight': 0.019891520993173824}",curtain_up,1,-0.5958948930104573,-0.09806698560714722,1,3.319244384765625,1,-0.5886996587117512,-0.0670822262763977,1,3.207000732421875
808.678,113,9,4,3,"{'TopLeft': 0.7220758454421043, 'TopRight': 0.744781847254617, 'BottomLeft': 0.692820323027551, 'BottomRight': 0.6062177826491071}","{'TopLeft': 0.029538012113533157, 'TopRight': 0.03002401821745175, 'BottomLeft': 0.02598076211353316, 'BottomRight': 0.019891520993173824}",curtain_up,1,-0.5971218480004205,-0.0918474793434143,1,3.3217926025390625,1,-0.5970380041334363,-0.06815856695175171,1,3.21630859375
825.345,113,9,4,3,"{'TopLeft': 0.7220758454421043, 'TopRight': 0.744781847254617, 'BottomLeft': 0.692820323027551, 'BottomRight': 0.6062177826491071}","{'TopLeft': 0.029538012113533157, 'TopRight': 0.03002401821745175, 'BottomLeft': 0.02598076211353316, 'BottomRight': 0.019891520993173824}",curtain_up,1,-0.5951178868611653,-0.09065979719161987,1,3.3386383056640625,1,-0.5701533688439263,-0.07585853338241577,1,3.24163818359375
842.011,113,9,4,3,"{'TopLeft': 0.7220758454421043, 'TopRight': 0.744781847254617, 'BottomLeft': 0.692820323027551, 'BottomRight': 0.6062177826491071}","{'TopLeft': 0.029538012113533157, 'TopRight': 0.03002401821745175, 'BottomLeft': 0.02598076211353316, 'BottomRight': 0.019891520993173824}",curtain_up,1,-0.6021332210964626,-0.08625525236129761,1,3.3456878662109375,1,-0.5930830902523464,-0.07130801677703857,1,3.236602783203125
858.678,113,9,4,3,"{'TopLeft': 0.7220758454421043, 'TopRight': 0.744781847254617, 'BottomLeft': 0.692820323027551, 'BottomRight': 0.6062177826491071}","{'TopLeft': 0.029538012113533157, 'TopRight': 0.03002401821745175, 'BottomLeft': 0.02598076211353316, 'BottomRight': 0.019891520993173824}",curtain_up,1,-0.5903770393795437,-0.09464156627655029,1,3.3600311279296875,1,-0.5851533148023816,-0.06126534938812256,1,3.2463226318359375
875.345,113,9,4,3,"{'TopLeft': 0.7220758454421043, 'TopRight': 0.744781847254617, 'BottomLeft': 0.692820323027551, 'BottomRight': 0.6062177826491071}","{'TopLeft': 0.029538012113533157, 'TopRight': 0.03002401821745175, 'BottomLeft': 0.02598076211353316, 'BottomRight': 0.019891520993173824}",curtain_up,1,-0.5941453509860568,-0.0842280387878418,1,3.3582611083984375,1,-0.5885457992553711,-0.06449121236801147,1,3.248870849609375
892.011,113,9,4,3,"{'TopLeft': 0.7220758454421043, 'TopRight': 0.744781847254617, 'BottomLeft': 0.692820323027551, 'BottomRight': 0.6062177826491071}","{'TopLeft': 0.029538012113533157, 'TopRight': 0.03002401821745175, 'BottomLeft': 0.02598076211353316, 'BottomRight': 0.019891520993173824}",curtain_up,1,-0.59402863184611,-0.09142160415649414,1,3.380584716796875,1,-0.5843502680460612,-0.06848514080047607,1,3.2627716064453125
908.678,113,9,4,3,"{'TopLeft': 0.7220758454421043, 'TopRight': 0.744781847254617, 'BottomLeft': 0.692820323027551, 'BottomRight': 0.6062177826491071}","{'TopLeft': 0.029538012113533157, 'TopRight': 0.03002401821745175, 'BottomLeft': 0.02598076211353316, 'BottomRight': 0.019891520993173824}",curtain_up,1,-0.5952802234225802,-0.09158158302307129,1,3.3831329345703125,1,-0.5803926255967882,-0.0667257308959961,1,3.2665252685546875
925.345,113,9,4,3,"{'TopLeft': 0.7220758454421043, 'TopRight': 0.744781847254617, 'BottomLeft': 0.692820323027551, 'BottomRight': 0.6062177826491071}","{'TopLeft': 0.029538012113533157, 'TopRight': 0.03002401821745175, 'BottomLeft': 0.02598076211353316, 'BottomRight': 0.019891520993173824}",curtain_up,1,-0.6022161377800835,-0.0959310531616211,1,3.3923492431640625,1,-0.570648299323188,-0.0764230489730835,1,3.288482666015625
942.012,113,9,4,3,"{'TopLeft': 0.7220758454421043, 'TopRight': 0.744781847254617, 'BottomLeft': 0.692820323027551, 'BottomRight': 0.6062177826491071}","{'TopLeft': 0.029538012113533157, 'TopRight': 0.03002401821745175, 'BottomLeft': 0.02598076211353316, 'BottomRight': 0.019891520993173824}",curtain_up,1,-0.6113031970130073,-0.08991360664367676,1,3.3918304443359375,1,-0.5745049052768283,-0.06824469566345215,1,3.281005859375
958.679,113,9,4,3,"{'TopLeft': 0.7220758454421043, 'TopRight': 0.744781847254617, 'BottomLeft': 0.692820323027551, 'BottomRight': 0.6062177826491071}","{'TopLeft': 0.029538012113533157, 'TopRight': 0.03002401821745175, 'BottomLeft': 0.02598076211353316, 'BottomRight': 0.019891520993173824}",curtain_up,1,-0.5945216284857856,-0.08656787872314453,1,3.40545654296875,1,-0.5712132718827989,-0.07001888751983643,1,3.287078857421875
975.346,113,9,4,3,"{'TopLeft': 0.7220758454421043, 'TopRight': 0.744781847254617, 'BottomLeft': 0.692820323027551, 'BottomRight': 0.6062177826491071}","{'TopLeft': 0.029538012113533157, 'TopRight': 0.03002401821745175, 'BottomLeft': 0.02598076211353316, 'BottomRight': 0.019891520993173824}",curtain_up,1,-0.5976323021782769,-0.08079123497009277,1,3.41217041015625,1,-0.5805844200981988,-0.07117164134979248,1,3.2919921875
992.012,113,9,4,3,"{'TopLeft': 0.7220758454421043, 'TopRight': 0.744781847254617, 'BottomLeft': 0.692820323027551, 'BottomRight': 0.6062177826491071}","{'TopLeft': 0.029538012113533157, 'TopRight': 0.03002401821745175, 'BottomLeft': 0.02598076211353316, 'BottomRight': 0.019891520993173824}",curtain_up,1,-0.6079027122921413,-0.08266401290893555,1,3.413482666015625,1,-0.5747470590803357,-0.0668291449546814,1,3.294097900390625
1008.679,113,9,4,3,"{'TopLeft': 0.7220758454421043, 'TopRight': 0.744781847254617, 'BottomLeft': 0.692820323027551, 'BottomRight': 0.6062177826491071}","{'TopLeft': 0.029538012113533157, 'TopRight': 0.03002401821745175, 'BottomLeft': 0.02598076211353316, 'BottomRight': 0.019891520993173824}",curtain_up,1,-0.6005871825748019,-0.08424967527389526,1,3.4212799072265625,1,-0.5793327225579156,-0.07328969240188599,1,3.2977752685546875
1025.346,113,9,4,3,"{'TopLeft': 0.7220758454421043, 'TopRight': 0.744781847254617, 'BottomLeft': 0.692820323027551, 'BottomRight': 0.6062177826491071}","{'TopLeft': 0.029538012113533157, 'TopRight': 0.03002401821745175, 'BottomLeft': 0.02598076211353316, 'BottomRight': 0.019891520993173824}",curtain_up,1,-0.6160877810584174,-0.08505719900131226,1,3.411834716796875,1,-0.5780267980363634,-0.06890994310379028,1,3.308990478515625
1042.012,113,9,4,3,"{'TopLeft': 0.7220758454421043, 'TopRight': 0.744781847254617, 'BottomLeft': 0.692820323027551, 'BottomRight': 0.6062177826491071}","{'TopLeft': 0.029538012113533157, 'TopRight': 0.03002401821745175, 'BottomLeft': 0.02598076211353316, 'BottomRight': 0.019891520993173824}",blank_screen,1,-0.6026970810360378,-0.08364659547805786,1,3.4296722412109375,1,-0.5634287728203667,-0.06625223159790039,1,3.31573486328125
1058.679,113,9,4,3,"{'TopLeft': 0.7220758454421043, 'TopRight': 0.744781847254617, 'BottomLeft': 0.692820323027551, 'BottomRight': 0.6062177826491071}","{'TopLeft': 0.029538012113533157, 'TopRight': 0.03002401821745175, 'BottomLeft': 0.02598076211353316, 'BottomRight': 0.019891520993173824}",blank_screen,1,-0.5931796497768825,-0.07668644189834595,1,3.4321746826171875,1,-0.5636022885640461,-0.06460058689117432,1,3.32745361328125
1075.346,113,9,4,3,"{'TopLeft': 0.7220758454421043, 'TopRight': 0.744781847254617, 'BottomLeft': 0.692820323027551, 'BottomRight': 0.6062177826491071}","{'TopLeft': 0.029538012113533157, 'TopRight': 0.03002401821745175, 'BottomLeft': 0.02598076211353316, 'BottomRight': 0.019891520993173824}",blank_screen,1,-0.5791956318749322,-0.07655280828475952,1,3.447723388671875,1,-0.5632430712381998,-0.06099480390548706,1,3.33380126953125
1092.012,113,9,4,3,"{'TopLeft': 0.7220758454421043, 'TopRight': 0.744781847254617, 'BottomLeft': 0.692820323027551, 'BottomRight': 0.6062177826491071}","{'TopLeft': 0.029538012113533157, 'TopRight': 0.03002401821745175, 'BottomLeft': 0.02598076211353316, 'BottomRight': 0.019891520993173824}",blank_screen,1,-0.5954826407962375,-0.07311570644378662,1,3.4427337646484375,1,-0.566084623336792,-0.056760430335998535,1,3.347503662109375
1108.679,113,9,4,3,"{'TopLeft': 0.7220758454421043, 'TopRight': 0.744781847254617, 'BottomLeft': 0.692820323027551, 'BottomRight': 0.6062177826491071}","{'TopLeft': 0.029538012113533157, 'TopRight': 0.03002401821745175, 'BottomLeft': 0.02598076211353316, 'BottomRight': 0.019891520993173824}",blank_screen,1,-0.5867669582366943,-0.07155454158782959,1,3.4490203857421875,1,-0.5532725387149386,-0.05541723966598511,1,3.35186767578125
1125.346,113,9,4,3,"{'TopLeft': 0.7220758454421043, 'TopRight': 0.744781847254617, 'BottomLeft': 0.692820323027551, 'BottomRight': 0.6062177826491071}","{'TopLeft': 0.029538012113533157, 'TopRight': 0.03002401821745175, 'BottomLeft': 0.02598076211353316, 'BottomRight': 0.019891520993173824}",blank_screen,1,-0.5917466481526692,-0.06889694929122925,1,3.46197509765625,1,-0.5535911454094781,-0.05132758617401123,1,3.3651885986328125
1142.012,113,9,4,3,"{'TopLeft': 0.7220758454421043, 'TopRight': 0.744781847254617, 'BottomLeft': 0.692820323027551, 'BottomRight': 0.6062177826491071}","{'TopLeft': 0.029538012113533157, 'TopRight': 0.03002401821745175, 'BottomLeft': 0.02598076211353316, 'BottomRight': 0.019891520993173824}",blank_screen,1,-0.5903963512844509,-0.06720280647277832,1,3.462860107421875,1,-0.5537013212839762,-0.05811887979507446,1,3.3772125244140625
1158.679,113,9,4,3,"{'TopLeft': 0.7220758454421043, 'TopRight': 0.744781847254617, 'BottomLeft': 0.692820323027551, 'BottomRight': 0.6062177826491071}","{'TopLeft': 0.029538012113533157, 'TopRight': 0.03002401821745175, 'BottomLeft': 0.02598076211353316, 'BottomRight': 0.019891520993173824}",blank_screen,1,-0.58757570054796,-0.06651735305786133,1,3.4740753173828125,1,-0.5537154409620497,-0.05491495132446289,1,3.3908843994140625
1175.346,113,9,4,3,"{'TopLeft': 0.7220758454421043, 'TopRight': 0.744781847254617, 'BottomLeft': 0.692820323027551, 'BottomRight': 0.6062177826491071}","{'TopLeft': 0.029538012113533157, 'TopRight': 0.03002401821745175, 'BottomLeft': 0.02598076211353316, 'BottomRight': 0.019891520993173824}",blank_screen,1,-0.5895430776807996,-0.07127869129180908,1,3.4793853759765625,1,-0.5533235337999132,-0.05075329542160034,1,3.3970794677734375
1192.013,113,9,4,3,"{'TopLeft': 0.7220758454421043, 'TopRight': 0.744781847254617, 'BottomLeft': 0.692820323027551, 'BottomRight': 0.6062177826491071}","{'TopLeft': 0.029538012113533157, 'TopRight': 0.03002401821745175, 'BottomLeft': 0.02598076211353316, 'BottomRight': 0.019891520993173824}",blank_screen,1,-0.5820674366421169,-0.0704202651977539,1,3.490875244140625,1,-0.5496142175462511,-0.049666762351989746,1,3.408935546875
1208.68,113,9,4,3,"{'TopLeft': 0.7220758454421043, 'TopRight': 0.744781847254617, 'BottomLeft': 0.692820323027551, 'BottomRight': 0.6062177826491071}","{'TopLeft': 0.029538012113533157, 'TopRight': 0.03002401821745175, 'BottomLeft': 0.02598076211353316, 'BottomRight': 0.019891520993173824}",blank_screen,1,-0.5870571666293674,-0.08327698707580566,1,3.5073089599609375,1,-0.5541483296288384,-0.050536394119262695,1,3.41656494140625
1225.347,113,9,4,3,"{'TopLeft': 0.7220758454421043, 'TopRight': 0.744781847254617, 'BottomLeft': 0.692820323027551, 'BottomRight': 0.6062177826491071}","{'TopLeft': 0.029538012113533157, 'TopRight': 0.03002401821745175, 'BottomLeft': 0.02598076211353316, 'BottomRight': 0.019891520993173824}",blank_screen,1,-0.6046649350060357,-0.12425053119659424,1,3.42999267578125,1,-0.5325286388397217,-0.08338534832000732,1,3.378326416015625
1242.013,113,9,4,3,"{'TopLeft': 0.7220758454421043, 'TopRight': 0.744781847254617, 'BottomLeft': 0.692820323027551, 'BottomRight': 0.6062177826491071}","{'TopLeft': 0.029538012113533157, 'TopRight': 0.03002401821745175, 'BottomLeft': 0.02598076211353316, 'BottomRight': 0.019891520993173824}",blank_screen,1,-0.5287060472700331,-0.1498754620552063,1,3.2685394287109375,1,-0.4369143380059136,-0.1568922996520996,1,3.197784423828125
1258.68,113,9,4,3,"{'TopLeft': 0.7220758454421043, 'TopRight': 0.744781847254617, 'BottomLeft': 0.692820323027551, 'BottomRight': 0.6062177826491071}","{'TopLeft': 0.029538012113533157, 'TopRight': 0.03002401821745175, 'BottomLeft': 0.02598076211353316, 'BottomRight': 0.019891520993173824}",blank_screen,1,-0.26370281643337673,0.03309699892997742,1,3.338134765625,1,-0.3085216416252984,-0.019424080848693848,1,2.8511199951171875
1275.347,113,9,4,3,"{'TopLeft': 0.7220758454421043, 'TopRight': 0.744781847254617, 'BottomLeft': 0.692820323027551, 'BottomRight': 0.6062177826491071}","{'TopLeft': 0.029538012113533157, 'TopRight': 0.03002401821745175, 'BottomLeft': 0.02598076211353316, 'BottomRight': 0.019891520993173824}",blank_screen,1,-0.09732241100735134,0.06813350319862366,1,3.3366851806640625,1,-0.0038482877943250868,0.11017173528671265,1,3.2955780029296875
1292.013,113,9,4,3,"{'TopLeft': 0.7220758454421043, 'TopRight': 0.744781847254617, 'BottomLeft': 0.692820323027551, 'BottomRight': 0.6062177826491071}","{'TopLeft': 0.029538012113533157, 'TopRight': 0.03002401821745175, 'BottomLeft': 0.02598076211353316, 'BottomRight': 0.019891520993173824}",blank_screen,1,0.06226221720377604,0.11840277910232544,1,3.4347076416015625,1,-0.03250302208794488,0.03520211577415466,1,2.93310546875
1308.68,113,9,4,3,"{'TopLeft': 0.7220758454421043, 'TopRight': 0.744781847254617, 'BottomLeft': 0.692820323027551, 'BottomRight': 0.6062177826491071}","{'TopLeft': 0.029538012113533157, 'TopRight': 0.03002401821745175, 'BottomLeft': 0.02598076211353316, 'BottomRight': 0.019891520993173824}",blank_screen,1,0.15169376797146267,0.20567071437835693,1,3.5442657470703125,1,0.14515389336480033,0.1856086254119873,1,3.471710205078125
1325.347,113,9,4,3,"{'TopLeft': 0.7220758454421043, 'TopRight': 0.744781847254617, 'BottomLeft': 0.692820323027551, 'BottomRight': 0.6062177826491071}","{'TopLeft': 0.029538012113533157, 'TopRight': 0.03002401821745175, 'BottomLeft': 0.02598076211353316, 'BottomRight': 0.019891520993173824}",blank_screen,1,0.12865670522054035,0.21246322989463806,1,3.5465087890625,1,0.153148439195421,0.18739157915115356,1,3.4826507568359375
1342.013,113,9,4,3,"{'TopLeft': 0.7220758454421043, 'TopRight': 0.744781847254617, 'BottomLeft': 0.692820323027551, 'BottomRight': 0.6062177826491071}","{'TopLeft': 0.029538012113533157, 'TopRight': 0.03002401821745175, 'BottomLeft': 0.02598076211353316, 'BottomRight': 0.019891520993173824}",blank_screen,1,0.11302163865831162,0.21610131859779358,1,3.528778076171875,1,0.1587032741970486,0.19013568758964539,1,3.481658935546875
1358.68,113,9,4,3,"{'TopLeft': 0.7220758454421043, 'TopRight': 0.744781847254617, 'BottomLeft': 0.692820323027551, 'BottomRight': 0.6062177826491071}","{'TopLeft': 0.029538012113533157, 'TopRight': 0.03002401821745175, 'BottomLeft': 0.02598076211353316, 'BottomRight': 0.019891520993173824}",blank_screen,1,0.13405651516384548,0.20454764366149902,1,3.547607421875,1,0.16333887312147352,0.18971091508865356,1,3.492919921875
1375.347,113,9,4,3,"{'TopLeft': 0.7220758454421043, 'TopRight': 0.744781847254617, 'BottomLeft': 0.692820323027551, 'BottomRight': 0.6062177826491071}","{'TopLeft': 0.029538012113533157, 'TopRight': 0.03002401821745175, 'BottomLeft': 0.02598076211353316, 'BottomRight': 0.019891520993173824}",blank_screen,1,0.13640965355767143,0.21321696043014526,1,3.55499267578125,1,0.1623780992296007,0.1750243902206421,1,3.50341796875
1392.013,113,9,4,3,"{'TopLeft': 0.7220758454421043, 'TopRight': 0.744781847254617, 'BottomLeft': 0.692820323027551, 'BottomRight': 0.6062177826491071}","{'TopLeft': 0.029538012113533157, 'TopRight': 0.03002401821745175, 'BottomLeft': 0.02598076211353316, 'BottomRight': 0.019891520993173824}",blank_screen,1,0.1346846686469184,0.2067853808403015,1,3.558929443359375,1,0.17237938774956596,0.18822693824768066,1,3.505615234375
1408.68,113,9,4,3,"{'TopLeft': 0.7220758454421043, 'TopRight': 0.744781847254617, 'BottomLeft': 0.692820323027551, 'BottomRight': 0.6062177826491071}","{'TopLeft': 0.029538012113533157, 'TopRight': 0.03002401821745175, 'BottomLeft': 0.02598076211353316, 'BottomRight': 0.019891520993173824}",blank_screen,1,0.1361634996202257,0.20431962609291077,1,3.5690155029296875,1,0.17372565799289277,0.17925623059272766,1,3.5108642578125
1425.347,113,9,4,3,"{'TopLeft': 0.7220758454421043, 'TopRight': 0.744781847254617, 'BottomLeft': 0.692820323027551, 'BottomRight': 0.6062177826491071}","{'TopLeft': 0.029538012113533157, 'TopRight': 0.03002401821745175, 'BottomLeft': 0.02598076211353316, 'BottomRight': 0.019891520993173824}",blank_screen,1,0.14415762159559461,0.21248555183410645,1,3.5609588623046875,1,0.17579290601942274,0.18553787469863892,1,3.516265869140625
1442.014,113,9,4,3,"{'TopLeft': 0.7220758454421043, 'TopRight': 0.744781847254617, 'BottomLeft': 0.692820323027551, 'BottomRight': 0.6062177826491071}","{'TopLeft': 0.029538012113533157, 'TopRight': 0.03002401821745175, 'BottomLeft': 0.02598076211353316, 'BottomRight': 0.019891520993173824}",blank_screen,1,0.14564620123969182,0.21135815978050232,1,3.559417724609375,1,0.1794907251993815,0.18627673387527466,1,3.5161895751953125
1458.681,113,9,4,3,"{'TopLeft': 0.7220758454421043, 'TopRight': 0.744781847254617, 'BottomLeft': 0.692820323027551, 'BottomRight': 0.6062177826491071}","{'TopLeft': 0.029538012113533157, 'TopRight': 0.03002401821745175, 'BottomLeft': 0.02598076211353316, 'BottomRight': 0.019891520993173824}",blank_screen,1,0.14775466918945312,0.21317166090011597,1,3.5694427490234375,1,0.17766952514648438,0.17821308970451355,1,3.518035888671875
1475.348,113,9,4,3,"{'TopLeft': 0.7220758454421043, 'TopRight': 0.744781847254617, 'BottomLeft': 0.692820323027551, 'BottomRight': 0.6062177826491071}","{'TopLeft': 0.029538012113533157, 'TopRight': 0.03002401821745175, 'BottomLeft': 0.02598076211353316, 'BottomRight': 0.019891520993173824}",blank_screen,1,0.14948548210991752,0.2068566083908081,1,3.568328857421875,1,0.19046825832790798,0.18484607338905334,1,3.526336669921875
1492.014,113,9,4,3,"{'TopLeft': 0.7220758454421043, 'TopRight': 0.744781847254617, 'BottomLeft': 0.692820323027551, 'BottomRight': 0.6062177826491071}","{'TopLeft': 0.029538012113533157, 'TopRight': 0.03002401821745175, 'BottomLeft': 0.02598076211353316, 'BottomRight': 0.019891520993173824}",blank_screen,1,0.15272140502929688,0.20637470483779907,1,3.57684326171875,1,0.1950733396742079,0.1782885491847992,1,3.5316619873046875
1508.681,113,9,4,3,"{'TopLeft': 0.7220758454421043, 'TopRight': 0.744781847254617, 'BottomLeft': 0.692820323027551, 'BottomRight': 0.6062177826491071}","{'TopLeft': 0.029538012113533157, 'TopRight': 0.03002401821745175, 'BottomLeft': 0.02598076211353316, 'BottomRight': 0.019891520993173824}",blank_screen,1,0.15939638349745008,0.19927290081977844,1,3.5789642333984375,1,0.19499482048882377,0.18497994542121887,1,3.5384979248046875
1525.348,113,9,4,3,"{'TopLeft': 0.7220758454421043, 'TopRight': 0.744781847254617, 'BottomLeft': 0.692820323027551, 'BottomRight': 0.6062177826491071}","{'TopLeft': 0.029538012113533157, 'TopRight': 0.03002401821745175, 'BottomLeft': 0.02598076211353316, 'BottomRight': 0.019891520993173824}",blank_screen,1,0.16661877102322048,0.20419925451278687,1,3.5916748046875,1,0.19046730465359157,0.18349450826644897,1,3.542938232421875
1542.014,113,9,4,3,"{'TopLeft': 0.7220758454421043, 'TopRight': 0.744781847254617, 'BottomLeft': 0.692820323027551, 'BottomRight': 0.6062177826491071}","{'TopLeft': 0.029538012113533157, 'TopRight': 0.03002401821745175, 'BottomLeft': 0.02598076211353316, 'BottomRight': 0.019891520993173824}",blank_screen,1,0.16670438978407118,0.20774322748184204,1,3.587249755859375,1,0.19796095954047307,0.18131840229034424,1,3.546051025390625
1558.681,113,9,4,3,"{'TopLeft': 0.7220758454421043, 'TopRight': 0.744781847254617, 'BottomLeft': 0.692820323027551, 'BottomRight': 0.6062177826491071}","{'TopLeft': 0.029538012113533157, 'TopRight': 0.03002401821745175, 'BottomLeft': 0.02598076211353316, 'BottomRight': 0.019891520993173824}",central_attention_getter,1,0.16503704918755424,0.19895082712173462,1,3.60015869140625,1,0.20167711046006942,0.1824493706226349,1,3.5564422607421875
1575.348,113,9,4,3,"{'TopLeft': 0.7220758454421043, 'TopRight': 0.744781847254617, 'BottomLeft': 0.692820323027551, 'BottomRight': 0.6062177826491071}","{'TopLeft': 0.029538012113533157, 'TopRight': 0.03002401821745175, 'BottomLeft': 0.02598076211353316, 'BottomRight': 0.019891520993173824}",central_attention_getter,1,0.1840010748969184,0.20416879653930664,1,3.5889739990234375,1,0.20375082227918836,0.1858501136302948,1,3.556243896484375
1592.014,113,9,4,3,"{'TopLeft': 0.7220758454421043, 'TopRight': 0.744781847254617, 'BottomLeft': 0.692820323027551, 'BottomRight': 0.6062177826491071}","{'TopLeft': 0.029538012113533157, 'TopRight': 0.03002401821745175, 'BottomLeft': 0.02598076211353316, 'BottomRight': 0.019891520993173824}",central_attention_getter,1,0.18045065138075086,0.2040673792362213,1,3.6062164306640625,1,0.20467217763264972,0.18252262473106384,1,3.5625
1608.681,113,9,4,3,"{'TopLeft': 0.7220758454421043, 'TopRight': 0.744781847254617, 'BottomLeft': 0.692820323027551, 'BottomRight': 0.6062177826491071}","{'TopLeft': 0.029538012113533157, 'TopRight': 0.03002401821745175, 'BottomLeft': 0.02598076211353316, 'BottomRight': 0.019891520993173824}",central_attention_getter,1,0.18082194858127168,0.2009846568107605,1,3.5990142822265625,1,0.21545717451307508,0.18226605653762817,1,3.5685882568359375
1625.348,113,9,4,3,"{'TopLeft': 0.7220758454421043, 'TopRight': 0.744781847254617, 'BottomLeft': 0.692820323027551, 'BottomRight': 0.6062177826491071}","{'TopLeft': 0.029538012113533157, 'TopRight': 0.03002401821745175, 'BottomLeft': 0.02598076211353316, 'BottomRight': 0.019891520993173824}",central_attention_getter,1,0.18123435974121094,0.20327764749526978,1,3.614044189453125,1,0.2101412879096137,0.1734393835067749,1,3.5757598876953125
1642.014,113,9,4,3,"{'TopLeft': 0.7220758454421043, 'TopRight': 0.744781847254617, 'BottomLeft': 0.692820323027551, 'BottomRight': 0.6062177826491071}","{'TopLeft': 0.029538012113533157, 'TopRight': 0.03002401821745175, 'BottomLeft': 0.02598076211353316, 'BottomRight': 0.019891520993173824}",central_attention_getter,1,0.18550321790907118,0.20389282703399658,1,3.620849609375,1,0.22559483846028644,0.1863793432712555,1,3.5731201171875
1658.681,113,9,4,3,"{'TopLeft': 0.7220758454421043, 'TopRight': 0.744781847254617, 'BottomLeft': 0.692820323027551, 'BottomRight': 0.6062177826491071}","{'TopLeft': 0.029538012113533157, 'TopRight': 0.03002401821745175, 'BottomLeft': 0.02598076211353316, 'BottomRight': 0.019891520993173824}",central_attention_getter,1,0.11291355556911892,0.15367412567138672,1,3.6190338134765625,1,0.1679973602294922,0.16395244002342224,1,3.5876312255859375
1675.348,113,9,4,3,"{'TopLeft': 0.7220758454421043, 'TopRight': 0.744781847254617, 'BottomLeft': 0.692820323027551, 'BottomRight': 0.6062177826491071}","{'TopLeft': 0.029538012113533157, 'TopRight': 0.03002401821745175, 'BottomLeft': 0.02598076211353316, 'BottomRight': 0.019891520993173824}",central_attention_getter,1,-0.23509173923068574,-0.11850947141647339,1,3.6221466064453125,1,-0.16987461513943142,-0.09835845232009888,1,3.611724853515625
1692.015,113,9,4,3,"{'TopLeft': 0.7220758454421043, 'TopRight': 0.744781847254617, 'BottomLeft': 0.692820323027551, 'BottomRight': 0.6062177826491071}","{'TopLeft': 0.029538012113533157, 'TopRight': 0.03002401821745175, 'BottomLeft': 0.02598076211353316, 'BottomRight': 0.019891520993173824}",central_attention_getter,1,-0.47650962405734587,-0.3880305290222168,1,3.609466552734375,1,-0.4323554568820529,-0.3523181080818176,1,3.5910797119140625
1708.682,113,9,4,3,"{'TopLeft': 0.7220758454421043, 'TopRight': 0.744781847254617, 'BottomLeft': 0.692820323027551, 'BottomRight': 0.6062177826491071}","{'TopLeft': 0.029538012113533157, 'TopRight': 0.03002401821745175, 'BottomLeft': 0.02598076211353316, 'BottomRight': 0.019891520993173824}",central_attention_getter,1,-0.6026447349124484,-0.5492600202560425,1,3.6069793701171875,1,-0.6049131022559272,-0.5282156467437744,1,3.5961151123046875
1725.349,113,9,4,3,"{'TopLeft': 0.7220758454421043, 'TopRight': 0.744781847254617, 'BottomLeft': 0.692820323027551, 'BottomRight': 0.6062177826491071}","{'TopLeft': 0.029538012113533157, 'TopRight': 0.03002401821745175, 'BottomLeft': 0.02598076211353316, 'BottomRight': 0.019891520993173824}",central_attention_getter,1,-0.6143394576178657,-0.5365105867385864,1,3.6134185791015625,1,-0.5669052335951063,-0.5150848627090454,1,3.605743408203125
1742.015,113,9,4,3,"{'TopLeft': 0.7220758454421043, 'TopRight': 0.744781847254617, 'BottomLeft': 0.692820323027551, 'BottomRight': 0.6062177826491071}","{'TopLeft': 0.029538012113533157, 'TopRight': 0.03002401821745175, 'BottomLeft': 0.02598076211353316, 'BottomRight': 0.019891520993173824}",central_attention_getter,1,-0.613676283094618,-0.535212516784668,1,3.5996551513671875,1,-0.5630868805779351,-0.5281572341918945,1,3.6133270263671875
1758.682,113,9,4,3,"{'TopLeft': 0.7220758454421043, 'TopRight': 0.744781847254617, 'BottomLeft': 0.692820323027551, 'BottomRight': 0.6062177826491071}","{'TopLeft': 0.029538012113533157, 'TopRight': 0.03002401821745175, 'BottomLeft': 0.02598076211353316, 'BottomRight': 0.019891520993173824}",central_attention_getter,1,-0.6150412294599744,-0.5208691358566284,1,3.6126251220703125,1,-0.5572954283820258,-0.5117943286895752,1,3.6177215576171875
1775.349,113,9,4,3,"{'TopLeft': 0.7220758454421043, 'TopRight': 0.744781847254617, 'BottomLeft': 0.692820323027551, 'BottomRight': 0.6062177826491071}","{'TopLeft': 0.029538012113533157, 'TopRight': 0.03002401821745175, 'BottomLeft': 0.02598076211353316, 'BottomRight': 0.019891520993173824}",central_attention_getter,1,-0.6217478646172417,-0.525221586227417,1,3.61932373046875,1,-0.5582445992363824,-0.5088765621185303,1,3.62066650390625
1792.015,113,9,4,3,"{'TopLeft': 0.7220758454421043, 'TopRight': 0.744781847254617, 'BottomLeft': 0.692820323027551, 'BottomRight': 0.6062177826491071}","{'TopLeft': 0.029538012113533157, 'TopRight': 0.03002401821745175, 'BottomLeft': 0.02598076211353316, 'BottomRight': 0.019891520993173824}",central_attention_getter,1,-0.6033973958757188,-0.5225510597229004,1,3.62701416015625,1,-0.5426745944552951,-0.5136288404464722,1,3.627044677734375
1808.682,113,9,4,3,"{'TopLeft': 0.7220758454421043, 'TopRight': 0.744781847254617, 'BottomLeft': 0.692820323027551, 'BottomRight': 0.6062177826491071}","{'TopLeft': 0.029538012113533157, 'TopRight': 0.03002401821745175, 'BottomLeft': 0.02598076211353316, 'BottomRight': 0.019891520993173824}",central_attention_getter,1,-0.6124439504411485,-0.527823805809021,1,3.6264801025390625,1,-0.5407514042324489,-0.5102918148040771,1,3.6294708251953125
1825.349,113,9,4,3,"{'TopLeft': 0.7220758454421043, 'TopRight': 0.744781847254617, 'BottomLeft': 0.692820323027551, 'BottomRight': 0.6062177826491071}","{'TopLeft': 0.029538012113533157, 'TopRight': 0.03002401821745175, 'BottomLeft': 0.02598076211353316, 'BottomRight': 0.019891520993173824}",central_attention_getter,1,-0.6076525317298042,-0.533286452293396,1,3.62939453125,1,-0.526757001876831,-0.5144205093383789,1,3.6361846923828125
1842.015,113,9,4,3,"{'TopLeft': 0.7220758454421043, 'TopRight': 0.744781847254617, 'BottomLeft': 0.692820323027551, 'BottomRight': 0.6062177826491071}","{'TopLeft': 0.029538012113533157, 'TopRight': 0.03002401821745175, 'BottomLeft': 0.02598076211353316, 'BottomRight': 0.019891520993173824}",central_attention_getter,1,-0.6044908894432915,-0.5362977981567383,1,3.64239501953125,1,-0.5334128803677028,-0.5156134366989136,1,3.639434814453125
1858.682,113,9,4,3,"{'TopLeft': 0.7220758454421043, 'TopRight': 0.744781847254617, 'BottomLeft': 0.692820323027551, 'BottomRight': 0.6062177826491071}","{'TopLeft': 0.029538012113533157, 'TopRight': 0.03002401821745175, 'BottomLeft': 0.02598076211353316, 'BottomRight': 0.019891520993173824}",central_attention_getter,1,-0.6085263888041178,-0.5308459997177124,1,3.6499481201171875,1,-0.5193080902099609,-0.5177080631256104,1,3.6409149169921875
1875.349,113,9,4,3,"{'TopLeft': 0.7220758454421043, 'TopRight': 0.744781847254617, 'BottomLeft': 0.692820323027551, 'BottomRight': 0.6062177826491071}","{'TopLeft': 0.029538012113533157, 'TopRight': 0.03002401821745175, 'BottomLeft': 0.02598076211353316, 'BottomRight': 0.019891520993173824}",central_attention_getter,1,-0.5830410851372613,-0.5177842378616333,1,3.65509033203125,1,-0.5249751673804389,-0.5161895751953125,1,3.64129638671875
1892.015,113,9,4,3,"{'TopLeft': 0.7220758454421043, 'TopRight': 0.744781847254617, 'BottomLeft': 0.692820323027551, 'BottomRight': 0.6062177826491071}","{'TopLeft': 0.029538012113533157, 'TopRight': 0.03002401821745175, 'BottomLeft': 0.02598076211353316, 'BottomRight': 0.019891520993173824}",central_attention_getter,1,-0.34420352511935765,-0.25692838430404663,1,3.670654296875,1,-0.17988204956054688,-0.283650279045105,1,3.67529296875
1908.682,113,9,4,3,"{'TopLeft': 0.7220758454421043, 'TopRight': 0.744781847254617, 'BottomLeft': 0.692820323027551, 'BottomRight': 0.6062177826491071}","{'TopLeft': 0.029538012113533157, 'TopRight': 0.03002401821745175, 'BottomLeft': 0.02598076211353316, 'BottomRight': 0.019891520993173824}",central_attention_getter,1,-0.20831478966606987,-0.1381746530532837,1,3.66375732421875,1,-0.11361349953545463,-0.11303645372390747,1,3.651031494140625
1925.349,113,9,4,3,"{'TopLeft': 0.7220758454421043, 'TopRight': 0.744781847254617, 'BottomLeft': 0.692820323027551, 'BottomRight': 0.6062177826491071}","{'TopLeft': 0.029538012113533157, 'TopRight': 0.03002401821745175, 'BottomLeft': 0.02598076211353316, 'BottomRight': 0.019891520993173824}",central_attention_getter,1,-0.04996485180324978,-0.057128846645355225,1,3.646240234375,1,-0.005182054307725694,-0.04908895492553711,1,3.6346893310546875
1942.016,113,9,4,3,"{'TopLeft': 0.7220758454421043, 'TopRight': 0.744781847254617, 'BottomLeft': 0.692820323027551, 'BottomRight': 0.6062177826491071}","{'TopLeft': 0.029538012113533157, 'TopRight': 0.03002401821745175, 'BottomLeft': 0.02598076211353316, 'BottomRight': 0.019891520993173824}",central_attention_getter,1,-0.058170318603515625,-0.06725144386291504,1,3.616363525390625,1,-0.0058006710476345485,-0.04857999086380005,1,3.6020050048828125
1958.683,113,9,4,3,"{'TopLeft': 0.7220758454421043, 'TopRight': 0.744781847254617, 'BottomLeft': 0.692820323027551, 'BottomRight': 0.6062177826491071}","{'TopLeft': 0.029538012113533157, 'TopRight': 0.03002401821745175, 'BottomLeft': 0.02598076211353316, 'BottomRight': 0.019891520993173824}",central_attention_getter,1,-0.05495754877726237,-0.06625938415527344,1,3.586639404296875,1,-0.0006557040744357639,-0.0480266809463501,1,3.568695068359375
1975.35,113,9,4,3,"{'TopLeft': 0.7220758454421043, 'TopRight': 0.744781847254617, 'BottomLeft': 0.692820323027551, 'BottomRight': 0.6062177826491071}","{'TopLeft': 0.029538012113533157, 'TopRight': 0.03002401821745175, 'BottomLeft': 0.02598076211353316, 'BottomRight': 0.019891520993173824}",central_attention_getter,1,-0.0513970586988661,-0.058894991874694824,1,3.5644378662109375,1,0.002758238050672743,-0.04983484745025635,1,3.5498504638671875
1992.016,113,9,4,3,"{'TopLeft': 0.7220758454421043, 'TopRight': 0.744781847254617, 'BottomLeft': 0.692820323027551, 'BottomRight': 0.6062177826491071}","{'TopLeft': 0.029538012113533157, 'TopRight': 0.03002401821745175, 'BottomLeft': 0.02598076211353316, 'BottomRight': 0.019891520993173824}",central_attention_getter,1,-0.04957516988118489,-0.05733972787857056,1,3.545745849609375,1,0.0010258356730143228,-0.04493081569671631,1,3.52166748046875
2008.683,113,9,4,3,"{'TopLeft': 0.7220758454421043, 'TopRight': 0.744781847254617, 'BottomLeft': 0.692820323027551, 'BottomRight': 0.6062177826491071}","{'TopLeft': 0.029538012113533157, 'TopRight': 0.03002401821745175, 'BottomLeft': 0.02598076211353316, 'BottomRight': 0.019891520993173824}",central_attention_getter,1,-0.04486242930094401,-0.05866587162017822,1,3.5262603759765625,1,0.0018361409505208333,-0.04070878028869629,1,3.4982452392578125
2025.35,113,9,4,3,"{'TopLeft': 0.7220758454421043, 'TopRight': 0.744781847254617, 'BottomLeft': 0.692820323027551, 'BottomRight': 0.6062177826491071}","{'TopLeft': 0.029538012113533157, 'TopRight': 0.03002401821745175, 'BottomLeft': 0.02598076211353316, 'BottomRight': 0.019891520993173824}",central_attention_getter,1,-0.042888641357421875,-0.06033271551132202,1,3.514251708984375,1,0.0023019578721788195,-0.03879654407501221,1,3.4871063232421875
2042.016,113,9,4,3,"{'TopLeft': 0.7220758454421043, 'TopRight': 0.744781847254617, 'BottomLeft': 0.692820323027551, 'BottomRight': 0.6062177826491071}","{'TopLeft': 0.029538012113533157, 'TopRight': 0.03002401821745175, 'BottomLeft': 0.02598076211353316, 'BottomRight': 0.019891520993173824}",central_attention_getter,1,-0.048991786109076604,-0.057136714458465576,1,3.498565673828125,1,0.004167662726508247,-0.040893495082855225,1,3.466827392578125
2058.683,113,9,4,3,"{'TopLeft': 0.7220758454421043, 'TopRight': 0.744781847254617, 'BottomLeft': 0.692820323027551, 'BottomRight': 0.6062177826491071}","{'TopLeft': 0.029538012113533157, 'TopRight': 0.03002401821745175, 'BottomLeft': 0.02598076211353316, 'BottomRight': 0.019891520993173824}",central_attention_getter,1,-0.05229833390977647,-0.059666574001312256,1,3.4951171875,1,0.001610438028971354,-0.04313015937805176,1,3.458404541015625
2075.35,113,9,4,3,"{'TopLeft': 0.7220758454421043, 'TopRight': 0.744781847254617, 'BottomLeft': 0.692820323027551, 'BottomRight': 0.6062177826491071}","{'TopLeft': 0.029538012113533157, 'TopRight': 0.03002401821745175, 'BottomLeft': 0.02598076211353316, 'BottomRight': 0.019891520993173824}",central_attention_getter,1,-0.06219445334540473,-0.05709576606750488,1,3.4796600341796875,1,0.0029957029554578993,-0.0388830304145813,1,3.44482421875
2092.016,113,9,4,3,"{'TopLeft': 0.7220758454421043, 'TopRight': 0.744781847254617, 'BottomLeft': 0.692820323027551, 'BottomRight': 0.6062177826491071}","{'TopLeft': 0.029538012113533157, 'TopRight': 0.03002401821745175, 'BottomLeft': 0.02598076211353316, 'BottomRight': 0.019891520993173824}",central_attention_getter,1,-0.05974541770087348,-0.04898953437805176,1,3.4789886474609375,1,0.0031406614515516493,-0.04675567150115967,1,3.4459075927734375
2108.683,113,9,4,3,"{'TopLeft': 0.7220758454421043, 'TopRight': 0.744781847254617, 'BottomLeft': 0.692820323027551, 'BottomRight': 0.6062177826491071}","{'TopLeft': 0.029538012113533157, 'TopRight': 0.03002401821745175, 'BottomLeft': 0.02598076211353316, 'BottomRight': 0.019891520993173824}",central_attention_getter,1,-0.06435203552246094,-0.055119872093200684,1,3.470733642578125,1,0.006641599867078993,-0.04108834266662598,1,3.44488525390625
2125.35,113,9,4,3,"{'TopLeft': 0.7220758454421043, 'TopRight': 0.744781847254617, 'BottomLeft': 0.692820323027551, 'BottomRight': 0.6062177826491071}","{'TopLeft': 0.029538012113533157, 'TopRight': 0.03002401821745175, 'BottomLeft': 0.02598076211353316, 'BottomRight': 0.019891520993173824}",central_attention_getter,1,-0.05412069956461588,-0.04412055015563965,1,3.4720306396484375,1,0.005924118889702691,-0.0421181321144104,1,3.4440460205078125
2142.016,113,9,4,3,"{'TopLeft': 0.7220758454421043, 'TopRight': 0.744781847254617, 'BottomLeft': 0.692820323027551, 'BottomRight': 0.6062177826491071}","{'TopLeft': 0.029538012113533157, 'TopRight': 0.03002401821745175, 'BottomLeft': 0.02598076211353316, 'BottomRight': 0.019891520993173824}",central_attention_getter,1,-0.062287118699815534,-0.04894524812698364,1,3.47479248046875,1,0.004440413581000433,-0.040274977684020996,1,3.446563720703125
2158.683,113,9,4,3,"{'TopLeft': 0.7220758454421043, 'TopRight': 0.744781847254617, 'BottomLeft': 0.692820323027551, 'BottomRight': 0.6062177826491071}","{'TopLeft': 0.029538012113533157, 'TopRight': 0.03002401821745175, 'BottomLeft': 0.02598076211353316, 'BottomRight': 0.019891520993173824}",central_attention_getter,1,-0.0630860858493381,-0.04313361644744873,1,3.4776611328125,1,0.0038106706407335066,-0.04212373495101929,1,3.4576263427734375
2175.351,113,9,4,3,"{'TopLeft': 0.7220758454421043, 'TopRight': 0.744781847254617, 'BottomLeft': 0.692820323027551, 'BottomRight': 0.6062177826491071}","{'TopLeft': 0.029538012113533157, 'TopRight': 0.03002401821745175, 'BottomLeft': 0.02598076211353316, 'BottomRight': 0.019891520993173824}",central_attention_getter,1,-0.061604605780707464,-0.040348589420318604,1,3.48016357421875,1,-0.0011339187622070312,-0.04151409864425659,1,3.457183837890625
2192.017,113,9,4,3,"{'TopLeft': 0.7220758454421043, 'TopRight': 0.744781847254617, 'BottomLeft': 0.692820323027551, 'BottomRight': 0.6062177826491071}","{'TopLeft': 0.029538012113533157, 'TopRight': 0.03002401821745175, 'BottomLeft': 0.02598076211353316, 'BottomRight': 0.019891520993173824}",central_attention_getter,1,-0.06048435635036892,-0.04149937629699707,1,3.497161865234375,1,-0.006581783294677734,-0.04915553331375122,1,3.4730072021484375
2208.684,113,9,4,3,"{'TopLeft': 0.7220758454421043, 'TopRight': 0.744781847254617, 'BottomLeft': 0.692820323027551, 'BottomRight': 0.6062177826491071}","{'TopLeft': 0.029538012113533157, 'TopRight': 0.03002401821745175, 'BottomLeft': 0.02598076211353316, 'BottomRight': 0.019891520993173824}",central_attention_getter,1,-0.06075408723619249,-0.04319334030151367,1,3.495635986328125,1,-0.00199482176038954,-0.04308927059173584,1,3.4732513427734375
2225.351,113,9,4,3,"{'TopLeft': 0.7220758454421043, 'TopRight': 0.744781847254617, 'BottomLeft': 0.692820323027551, 'BottomRight': 0.6062177826491071}","{'TopLeft': 0.029538012113533157, 'TopRight': 0.03002401821745175, 'BottomLeft': 0.02598076211353316, 'BottomRight': 0.019891520993173824}",central_attention_getter,1,-0.05827140808105469,-0.04532015323638916,1,3.519073486328125,1,0.0021769205729166665,-0.04471993446350098,1,3.4947052001953125
2242.017,113,9,4,3,"{'TopLeft': 0.7220758454421043, 'TopRight': 0.744781847254617, 'BottomLeft': 0.692820323027551, 'BottomRight': 0.6062177826491071}","{'TopLeft': 0.029538012113533157, 'TopRight': 0.03002401821745175, 'BottomLeft': 0.02598076211353316, 'BottomRight': 0.019891520993173824}",central_attention_getter,1,-0.06706884172227648,-0.047215819358825684,1,3.5248565673828125,1,-0.005739476945665147,-0.045495569705963135,1,3.4925689697265625
2258.684,113,9,4,3,"{'TopLeft': 0.7220758454421043, 'TopRight': 0.744781847254617, 'BottomLeft': 0.692820323027551, 'BottomRight': 0.6062177826491071}","{'TopLeft': 0.029538012113533157, 'TopRight': 0.03002401821745175, 'BottomLeft': 0.02598076211353316, 'BottomRight': 0.019891520993173824}",central_attention_getter,1,-0.05978584289550781,-0.04941016435623169,1,3.542388916015625,1,-0.0049588945176866316,-0.04066884517669678,1,3.5041046142578125
2275.351,113,9,4,3,"{'TopLeft': 0.7220758454421043, 'TopRight': 0.744781847254617, 'BottomLeft': 0.692820323027551, 'BottomRight': 0.6062177826491071}","{'TopLeft': 0.029538012113533157, 'TopRight': 0.03002401821745175, 'BottomLeft': 0.02598076211353316, 'BottomRight': 0.019891520993173824}",central_attention_getter,1,-0.061520152621799044,-0.04546153545379639,1,3.547210693359375,1,-0.003506925370958116,-0.041668474674224854,1,3.5038909912109375
2292.017,113,9,4,3,"{'TopLeft': 0.7220758454421043, 'TopRight': 0.744781847254617, 'BottomLeft': 0.692820323027551, 'BottomRight': 0.6062177826491071}","{'TopLeft': 0.029538012113533157, 'TopRight': 0.03002401821745175, 'BottomLeft': 0.02598076211353316, 'BottomRight': 0.019891520993173824}",central_attention_getter,1,-0.07123576270209418,-0.041968584060668945,1,3.5678253173828125,1,-0.010914431677924262,-0.03786569833755493,1,3.511627197265625
2308.684,113,9,4,3,"{'TopLeft': 0.7220758454421043, 'TopRight': 0.744781847254617, 'BottomLeft': 0.692820323027551, 'BottomRight': 0.6062177826491071}","{'TopLeft': 0.029538012113533157, 'TopRight': 0.03002401821745175, 'BottomLeft': 0.02598076211353316, 'BottomRight': 0.019891520993173824}",central_attention_getter,1,-0.016971376207139757,0.030391156673431396,1,3.560455322265625,1,0.03624418046739366,0.027660489082336426,1,3.5142974853515625
2325.351,113,9,4,3,"{'TopLeft': 0.7220758454421043, 'TopRight': 0.744781847254617, 'BottomLeft': 0.692820323027551, 'BottomRight': 0.6062177826491071}","{'TopLeft': 0.029538012113533157, 'TopRight': 0.03002401821745175, 'BottomLeft': 0.02598076211353316, 'BottomRight': 0.019891520993173824}",central_attention_getter,1,-0.038899633619520396,0.0018372833728790283,1,3.577911376953125,1,0.0019046995374891493,0.011404931545257568,1,3.50531005859375
2342.017,113,9,4,3,"{'TopLeft': 0.7220758454421043, 'TopRight': 0.744781847254617, 'BottomLeft': 0.692820323027551, 'BottomRight': 0.6062177826491071}","{'TopLeft': 0.029538012113533157, 'TopRight': 0.03002401821745175, 'BottomLeft': 0.02598076211353316, 'BottomRight': 0.019891520993173824}",central_attention_getter,1,-0.02737193637424045,0.008685827255249023,1,3.5987701416015625,1,0.01360744900173611,0.028950542211532593,1,3.5157928466796875
2358.684,113,9,4,3,"{'TopLeft': 0.7220758454421043, 'TopRight': 0.744781847254617, 'BottomLeft': 0.692820323027551, 'BottomRight': 0.6062177826491071}","{'TopLeft': 0.029538012113533157, 'TopRight': 0.03002401821745175, 'BottomLeft': 0.02598076211353316, 'BottomRight': 0.019891520993173824}",central_attention_getter,1,-0.033171759711371526,0.007640838623046875,1,3.5969085693359375,1,0.0006938510470920139,0.01715928316116333,1,3.498809814453125
2375.351,113,9,4,3,"{'TopLeft': 0.7220758454421043, 'TopRight': 0.744781847254617, 'BottomLeft': 0.692820323027551, 'BottomRight': 0.6062177826491071}","{'TopLeft': 0.029538012113533157, 'TopRight': 0.03002401821745175, 'BottomLeft': 0.02598076211353316, 'BottomRight': 0.019891520993173824}",central_attention_getter,1,-0.03160662121242947,0.01824435591697693,1,3.5937652587890625,1,0.006959279378255208,0.020591020584106445,1,3.5264892578125
2392.017,113,9,4,3,"{'TopLeft': 0.7220758454421043, 'TopRight': 0.744781847254617, 'BottomLeft': 0.692820323027551, 'BottomRight': 0.6062177826491071}","{'TopLeft': 0.029538012113533157, 'TopRight': 0.03002401821745175, 'BottomLeft': 0.02598076211353316, 'BottomRight': 0.019891520993173824}",central_attention_getter,1,-0.027931849161783852,0.01627582311630249,1,3.5945281982421875,1,0.007646136813693576,0.026142776012420654,1,3.5108642578125
2408.684,113,9,4,3,"{'TopLeft': 0.7220758454421043, 'TopRight': 0.744781847254617, 'BottomLeft': 0.692820323027551, 'BottomRight': 0.6062177826491071}","{'TopLeft': 0.029538012113533157, 'TopRight': 0.03002401821745175, 'BottomLeft': 0.02598076211353316, 'BottomRight': 0.019891520993173824}",central_attention_getter,1,-0.031997892591688365,0.02121877670288086,1,3.5937957763671875,1,0.008061091105143229,0.022320032119750977,1,3.531707763671875
2425.352,113,9,4,3,"{'TopLeft': 0.7220758454421043, 'TopRight': 0.744781847254617, 'BottomLeft': 0.692820323027551, 'BottomRight': 0.6062177826491071}","{'TopLeft': 0.029538012113533157, 'TopRight': 0.03002401821745175, 'BottomLeft': 0.02598076211353316, 'BottomRight': 0.019891520993173824}",central_attention_getter,1,-0.025587293836805552,0.025183379650115967,1,3.5899200439453125,1,0.0038854810926649305,0.026097476482391357,1,3.5092010498046875
2442.018,113,9,4,3,"{'TopLeft': 0.7220758454421043, 'TopRight': 0.744781847254617, 'BottomLeft': 0.692820323027551, 'BottomRight': 0.6062177826491071}","{'TopLeft': 0.029538012113533157, 'TopRight': 0.03002401821745175, 'BottomLeft': 0.02598076211353316, 'BottomRight': 0.019891520993173824}",central_attention_getter,1,-0.031229919857449,0.02121567726135254,1,3.6079864501953125,1,0.003334363301595052,0.02419644594192505,1,3.52197265625
2458.685,113,9,4,3,"{'TopLeft': 0.7220758454421043, 'TopRight': 0.744781847254617, 'BottomLeft': 0.692820323027551, 'BottomRight': 0.6062177826491071}","{'TopLeft': 0.029538012113533157, 'TopRight': 0.03002401821745175, 'BottomLeft': 0.02598076211353316, 'BottomRight': 0.019891520993173824}",central_attention_getter,1,-0.02632564968532986,0.022748708724975586,1,3.5879974365234375,1,0.011556413438585069,0.02441990375518799,1,3.5118255615234375
2475.352,113,9,4,3,"{'TopLeft': 0.7220758454421043, 'TopRight': 0.744781847254617, 'BottomLeft': 0.692820323027551, 'BottomRight': 0.6062177826491071}","{'TopLeft': 0.029538012113533157, 'TopRight': 0.03002401821745175, 'BottomLeft': 0.02598076211353316, 'BottomRight': 0.019891520993173824}",central_attention_getter,1,-0.03014601601494683,0.012189775705337524,1,3.609130859375,1,0.004616207546657986,0.02690073847770691,1,3.51702880859375
2492.018,113,9,4,3,"{'TopLeft': 0.7220758454421043, 'TopRight': 0.744781847254617, 'BottomLeft': 0.692820323027551, 'BottomRight': 0.6062177826491071}","{'TopLeft': 0.029538012113533157, 'TopRight': 0.03002401821745175, 'BottomLeft': 0.02598076211353316, 'BottomRight': 0.019891520993173824}",central_attention_getter,1,-0.03637631734212239,0.01444697380065918,1,3.5941009521484375,1,0.006868150499131944,0.02750033140182495,1,3.5109710693359375
2508.685,113,9,4,3,"{'TopLeft': 0.7220758454421043, 'TopRight': 0.744781847254617, 'BottomLeft': 0.692820323027551, 'BottomRight': 0.6062177826491071}","{'TopLeft': 0.029538012113533157, 'TopRight': 0.03002401821745175, 'BottomLeft': 0.02598076211353316, 'BottomRight': 0.019891520993173824}",central_attention_getter,1,-0.0361790657043457,0.017627716064453125,1,3.5931549072265625,1,0.007123841179741753,0.029979974031448364,1,3.5088043212890625
2525.352,113,9,4,3,"{'TopLeft': 0.7220758454421043, 'TopRight': 0.744781847254617, 'BottomLeft': 0.692820323027551, 'BottomRight': 0.6062177826491071}","{'TopLeft': 0.029538012113533157, 'TopRight': 0.03002401821745175, 'BottomLeft': 0.02598076211353316, 'BottomRight': 0.019891520993173824}",central_attention_getter,1,-0.028718312581380207,0.009053736925125122,1,3.5932464599609375,1,0.008060667249891493,0.029971063137054443,1,3.50335693359375
2542.018,113,9,4,3,"{'TopLeft': 0.7220758454421043, 'TopRight': 0.744781847254617, 'BottomLeft': 0.692820323027551, 'BottomRight': 0.6062177826491071}","{'TopLeft': 0.029538012113533157, 'TopRight': 0.03002401821745175, 'BottomLeft': 0.02598076211353316, 'BottomRight': 0.019891520993173824}",central_attention_getter,1,-0.027157359653049044,0.018015265464782715,1,3.5791778564453125,1,0.007538265652126736,0.03185373544692993,1,3.5045623779296875
2558.685,113,9,4,3,"{'TopLeft': 0.7220758454421043, 'TopRight': 0.744781847254617, 'BottomLeft': 0.692820323027551, 'BottomRight': 0.6062177826491071}","{'TopLeft': 0.029538012113533157, 'TopRight': 0.03002401821745175, 'BottomLeft': 0.02598076211353316, 'BottomRight': 0.019891520993173824}",central_attention_getter,1,-0.0216266844007704,0.013042807579040527,1,3.573516845703125,1,0.0032187567816840275,0.029884755611419678,1,3.5049591064453125
2575.352,113,9,4,3,"{'TopLeft': 0.7220758454421043, 'TopRight': 0.744781847254617, 'BottomLeft': 0.692820323027551, 'BottomRight': 0.6062177826491071}","{'TopLeft': 0.029538012113533157, 'TopRight': 0.03002401821745175, 'BottomLeft': 0.02598076211353316, 'BottomRight': 0.019891520993173824}",central_attention_getter,1,-0.02477953169080946,0.01780456304550171,1,3.5764007568359375,1,0.010640568203396266,0.03348571062088013,1,3.498260498046875
2592.018,113,9,4,3,"{'TopLeft': 0.7220758454421043, 'TopRight': 0.744781847254617, 'BottomLeft': 0.692820323027551, 'BottomRight': 0.6062177826491071}","{'TopLeft': 0.029538012113533157, 'TopRight': 0.03002401821745175, 'BottomLeft': 0.02598076211353316, 'BottomRight': 0.019891520993173824}",central_attention_getter,1,-0.0265454716152615,0.012126356363296509,1,3.57427978515625,1,0.01074642605251736,0.03232195973396301,1,3.4918365478515625
2608.685,113,9,4,3,"{'TopLeft': 0.7220758454421043, 'TopRight': 0.744781847254617, 'BottomLeft': 0.692820323027551, 'BottomRight': 0.6062177826491071}","{'TopLeft': 0.029538012113533157, 'TopRight': 0.03002401821745175, 'BottomLeft': 0.02598076211353316, 'BottomRight': 0.019891520993173824}",central_attention_getter,1,-0.020411067538791232,0.017688214778900146,1,3.5670013427734375,1,0.012260754903157551,0.030314505100250244,1,3.4976043701171875
2625.352,113,9,4,3,"{'TopLeft': 0.7220758454421043, 'TopRight': 0.744781847254617, 'BottomLeft': 0.692820323027551, 'BottomRight': 0.6062177826491071}","{'TopLeft': 0.029538012113533157, 'TopRight': 0.03002401821745175, 'BottomLeft': 0.02598076211353316, 'BottomRight': 0.019891520993173824}",central_attention_getter,1,-0.01684856414794922,0.0061234235763549805,1,3.5666351318359375,1,0.009774949815538194,0.03212800621986389,1,3.4894561767578125
2642.018,113,9,4,3,"{'TopLeft': 0.7220758454421043, 'TopRight': 0.744781847254617, 'BottomLeft': 0.692820323027551, 'BottomRight': 0.6062177826491071}","{'TopLeft': 0.029538012113533157, 'TopRight': 0.03002401821745175, 'BottomLeft': 0.02598076211353316, 'BottomRight': 0.019891520993173824}",central_attention_getter,1,-0.018153614468044702,0.01671639084815979,1,3.564971923828125,1,0.0012874603271484375,0.0411776602268219,1,3.4902496337890625
2658.685,113,9,4,3,"{'TopLeft': 0.7220758454421043, 'TopRight': 0.744781847254617, 'BottomLeft': 0.692820323027551, 'BottomRight': 0.6062177826491071}","{'TopLeft': 0.029538012113533157, 'TopRight': 0.03002401821745175, 'BottomLeft': 0.02598076211353316, 'BottomRight': 0.019891520993173824}",central_attention_getter,1,-0.022667884826660156,0.008490175008773804,1,3.567535400390625,1,0.004540125528971354,0.03778630495071411,1,3.4835662841796875
2675.353,113,9,4,3,"{'TopLeft': 0.7220758454421043, 'TopRight': 0.744781847254617, 'BottomLeft': 0.692820323027551, 'BottomRight': 0.6062177826491071}","{'TopLeft': 0.029538012113533157, 'TopRight': 0.03002401821745175, 'BottomLeft': 0.02598076211353316, 'BottomRight': 0.019891520993173824}",central_attention_getter,1,-0.017639795939127602,0.007134556770324707,1,3.570465087890625,1,0.003643035888671875,0.03820180892944336,1,3.4848480224609375
2692.019,113,9,4,3,"{'TopLeft': 0.7220758454421043, 'TopRight': 0.744781847254617, 'BottomLeft': 0.692820323027551, 'BottomRight': 0.6062177826491071}","{'TopLeft': 0.029538012113533157, 'TopRight': 0.03002401821745175, 'BottomLeft': 0.02598076211353316, 'BottomRight': 0.019891520993173824}",central_attention_getter,1,-0.012322213914659288,0.00850522518157959,1,3.5670013427734375,1,0.003662321302625868,0.03388884663581848,1,3.4779815673828125
2708.686,113,9,4,3,"{'TopLeft': 0.7220758454421043, 'TopRight': 0.744781847254617, 'BottomLeft': 0.692820323027551, 'BottomRight': 0.6062177826491071}","{'TopLeft': 0.029538012113533157, 'TopRight': 0.03002401821745175, 'BottomLeft': 0.02598076211353316, 'BottomRight': 0.019891520993173824}",central_attention_getter,1,-0.011398633321126301,0.013054847717285156,1,3.5704803466796875,1,0.0039077334933810765,0.038474470376968384,1,3.477813720703125
2725.353,113,9,4,3,"{'TopLeft': 0.7220758454421043, 'TopRight': 0.744781847254617, 'BottomLeft': 0.692820323027551, 'BottomRight': 0.6062177826491071}","{'TopLeft': 0.029538012113533157, 'TopRight': 0.03002401821745175, 'BottomLeft': 0.02598076211353316, 'BottomRight': 0.019891520993173824}",central_attention_getter,1,-0.00524086422390408,0.02014148235321045,1,3.5435943603515625,1,0.004905382792154947,0.03984770178794861,1,3.4720306396484375
2742.019,113,9,4,3,"{'TopLeft': 0.7220758454421043, 'TopRight': 0.744781847254617, 'BottomLeft': 0.692820323027551, 'BottomRight': 0.6062177826491071}","{'TopLeft': 0.029538012113533157, 'TopRight': 0.03002401821745175, 'BottomLeft': 0.02598076211353316, 'BottomRight': 0.019891520993173824}",central_attention_getter,1,-0.017109447055392794,0.01480257511138916,1,3.56170654296875,1,0.0027494430541992188,0.04071575403213501,1,3.4738922119140625
2758.686,113,9,4,3,"{'TopLeft': 0.7220758454421043, 'TopRight': 0.744781847254617, 'BottomLeft': 0.692820323027551, 'BottomRight': 0.6062177826491071}","{'TopLeft': 0.029538012113533157, 'TopRight': 0.03002401821745175, 'BottomLeft': 0.02598076211353316, 'BottomRight': 0.019891520993173824}",central_attention_getter,1,-0.006192366282145182,0.016191959381103516,1,3.5442047119140625,1,0.001297632853190104,0.03978356719017029,1,3.46966552734375
2775.353,113,9,4,3,"{'TopLeft': 0.7220758454421043, 'TopRight': 0.744781847254617, 'BottomLeft': 0.692820323027551, 'BottomRight': 0.6062177826491071}","{'TopLeft': 0.029538012113533157, 'TopRight': 0.03002401821745175, 'BottomLeft': 0.02598076211353316, 'BottomRight': 0.019891520993173824}",central_attention_getter,1,-0.008524152967664931,0.01804673671722412,1,3.5612945556640625,1,-0.005779266357421875,0.03421163558959961,1,3.474273681640625
2792.019,113,9,4,3,"{'TopLeft': 0.7220758454421043, 'TopRight': 0.744781847254617, 'BottomLeft': 0.692820323027551, 'BottomRight': 0.6062177826491071}","{'TopLeft': 0.029538012113533157, 'TopRight': 0.03002401821745175, 'BottomLeft': 0.02598076211353316, 'BottomRight': 0.019891520993173824}",central_attention_getter,1,-0.009482171800401475,0.017899930477142334,1,3.5386199951171875,1,-0.0017259385850694443,0.04099160432815552,1,3.4675140380859375
2808.686,113,9,4,3,"{'TopLeft': 0.7220758454421043, 'TopRight': 0.744781847254617, 'BottomLeft': 0.692820323027551, 'BottomRight': 0.6062177826491071}","{'TopLeft': 0.029538012113533157, 'TopRight': 0.03002401821745175, 'BottomLeft': 0.02598076211353316, 'BottomRight': 0.019891520993173824}",central_attention_getter,1,-0.007100952996148003,0.017873287200927734,1,3.5489044189453125,1,-0.0018714269002278645,0.029726237058639526,1,3.4724578857421875
2825.353,113,9,4,3,"{'TopLeft': 0.7220758454421043, 'TopRight': 0.744781847254617, 'BottomLeft': 0.692820323027551, 'BottomRight': 0.6062177826491071}","{'TopLeft': 0.029538012113533157, 'TopRight': 0.03002401821745175, 'BottomLeft': 0.02598076211353316, 'BottomRight': 0.019891520993173824}",central_attention_getter,1,-0.009805255466037326,0.025588691234588623,1,3.5283050537109375,1,-6.855858696831597e-05,0.0411800742149353,1,3.459381103515625
2842.019,113,9,4,3,"{'TopLeft': 0.7220758454421043, 'TopRight': 0.744781847254617, 'BottomLeft': 0.692820323027551, 'BottomRight': 0.6062177826491071}","{'TopLeft': 0.029538012113533157, 'TopRight': 0.03002401821745175, 'BottomLeft': 0.02598076211353316, 'BottomRight': 0.019891520993173824}",central_attention_getter,1,-0.009413507249620225,0.019605576992034912,1,3.540191650390625,1,-0.004234631856282552,0.03271406888961792,1,3.4725799560546875
2858.686,113,9,4,3,"{'TopLeft': 0.7220758454421043, 'TopRight': 0.744781847254617, 'BottomLeft': 0.692820323027551, 'BottomRight': 0.6062177826491071}","{'TopLeft': 0.029538012113533157, 'TopRight': 0.03002401821745175, 'BottomLeft': 0.02598076211353316, 'BottomRight': 0.019891520993173824}",central_attention_getter,1,-0.0050724877251519095,0.018166065216064453,1,3.515899658203125,1,0.0006287892659505208,0.03606897592544556,1,3.451934814453125
2875.353,113,9,4,3,"{'TopLeft': 0.7220758454421043, 'TopRight': 0.744781847254617, 'BottomLeft': 0.692820323027551, 'BottomRight': 0.6062177826491071}","{'TopLeft': 0.029538012113533157, 'TopRight': 0.03002401821745175, 'BottomLeft': 0.02598076211353316, 'BottomRight': 0.019891520993173824}",central_attention_getter,1,-0.004315588209364149,0.019532322883605957,1,3.529754638671875,1,-0.009152889251708984,0.031662702560424805,1,3.46826171875
2892.019,113,9,4,3,"{'TopLeft': 0.7220758454421043, 'TopRight': 0.744781847254617, 'BottomLeft': 0.692820323027551, 'BottomRight': 0.6062177826491071}","{'TopLeft': 0.029538012113533157, 'TopRight': 0.03002401821745175, 'BottomLeft': 0.02598076211353316, 'BottomRight': 0.019891520993173824}",central_attention_getter,1,-0.008001115587022569,0.019745826721191406,1,3.51202392578125,1,-0.007014009687635633,0.032395124435424805,1,3.4684600830078125
2908.686,113,9,4,3,"{'TopLeft': 0.7220758454421043, 'TopRight': 0.744781847254617, 'BottomLeft': 0.692820323027551, 'BottomRight': 0.6062177826491071}","{'TopLeft': 0.029538012113533157, 'TopRight': 0.03002401821745175, 'BottomLeft': 0.02598076211353316, 'BottomRight': 0.019891520993173824}",central_attention_getter,1,-0.004230976104736328,0.018256694078445435,1,3.527099609375,1,-0.0019442240397135415,0.04410207271575928,1,3.451019287109375
2925.354,113,9,4,3,"{'TopLeft': 0.7220758454421043, 'TopRight': 0.744781847254617, 'BottomLeft': 0.692820323027551, 'BottomRight': 0.6062177826491071}","{'TopLeft': 0.029538012113533157, 'TopRight': 0.03002401821745175, 'BottomLeft': 0.02598076211353316, 'BottomRight': 0.019891520993173824}",central_attention_getter,1,-0.0052945878770616316,0.025898993015289307,1,3.50677490234375,1,-0.004764450920952691,0.04881209135055542,1,3.4479217529296875
2942.02,113,9,4,3,"{'TopLeft': 0.7220758454421043, 'TopRight': 0.744781847254617, 'BottomLeft': 0.692820323027551, 'BottomRight': 0.6062177826491071}","{'TopLeft': 0.029538012113533157, 'TopRight': 0.03002401821745175, 'BottomLeft': 0.02598076211353316, 'BottomRight': 0.019891520993173824}",central_attention_getter,1,-0.012631628248426648,0.024388015270233154,1,3.5137939453125,1,-0.00036070081922743056,0.03998631238937378,1,3.44891357421875
2958.687,113,9,4,3,"{'TopLeft': 0.7220758454421043, 'TopRight': 0.744781847254617, 'BottomLeft': 0.692820323027551, 'BottomRight': 0.6062177826491071}","{'TopLeft': 0.029538012113533157, 'TopRight': 0.03002401821745175, 'BottomLeft': 0.02598076211353316, 'BottomRight': 0.019891520993173824}",central_attention_getter,1,-0.012498060862223307,0.026799291372299194,1,3.4932861328125,1,-0.001007186041937934,0.037493377923965454,1,3.44586181640625
2975.354,113,9,4,3,"{'TopLeft': 0.7220758454421043, 'TopRight': 0.744781847254617, 'BottomLeft': 0.692820323027551, 'BottomRight': 0.6062177826491071}","{'TopLeft': 0.029538012113533157, 'TopRight': 0.03002401821745175, 'BottomLeft': 0.02598076211353316, 'BottomRight': 0.019891520993173824}",central_attention_getter,1,-0.009570810529920789,0.029372870922088623,1,3.48541259765625,1,-0.006264050801595052,0.03735935688018799,1,3.453582763671875
2992.02,113,9,4,3,"{'TopLeft': 0.7220758454421043, 'TopRight': 0.744781847254617, 'BottomLeft': 0.692820323027551, 'BottomRight': 0.6062177826491071}","{'TopLeft': 0.029538012113533157, 'TopRight': 0.03002401821745175, 'BottomLeft': 0.02598076211353316, 'BottomRight': 0.019891520993173824}",central_attention_getter,1,-0.0051640404595269095,0.0344463586807251,1,3.473480224609375,1,-0.0035887824164496525,0.040563613176345825,1,3.4365386962890625
3008.687,113,9,4,3,"{'TopLeft': 0.7220758454421043, 'TopRight': 0.744781847254617, 'BottomLeft': 0.692820323027551, 'BottomRight': 0.6062177826491071}","{'TopLeft': 0.029538012113533157, 'TopRight': 0.03002401821745175, 'BottomLeft': 0.02598076211353316, 'BottomRight': 0.019891520993173824}",central_attention_getter,1,-0.0050258636474609375,0.02182793617248535,1,3.493438720703125,1,-0.005269633399115668,0.03293877840042114,1,3.4528350830078125
3025.354,113,9,4,3,"{'TopLeft': 0.7220758454421043, 'TopRight': 0.744781847254617, 'BottomLeft': 0.692820323027551, 'BottomRight': 0.6062177826491071}","{'TopLeft': 0.029538012113533157, 'TopRight': 0.03002401821745175, 'BottomLeft': 0.02598076211353316, 'BottomRight': 0.019891520993173824}",central_attention_getter,1,-0.008180406358506944,0.027221977710723877,1,3.474273681640625,1,-0.0035044352213541665,0.040731728076934814,1,3.4298248291015625
3042.02,113,9,4,3,"{'TopLeft': 0.7220758454421043, 'TopRight': 0.744781847254617, 'BottomLeft': 0.692820323027551, 'BottomRight': 0.6062177826491071}","{'TopLeft': 0.029538012113533157, 'TopRight': 0.03002401821745175, 'BottomLeft': 0.02598076211353316, 'BottomRight': 0.019891520993173824}",central_attention_getter,1,-0.007279766930474175,0.022322088479995728,1,3.4880218505859375,1,-0.007075468699137369,0.03500640392303467,1,3.4457855224609375
3058.687,113,9,4,3,"{'TopLeft': 0.7220758454421043, 'TopRight': 0.744781847254617, 'BottomLeft': 0.692820323027551, 'BottomRight': 0.6062177826491071}","{'TopLeft': 0.029538012113533157, 'TopRight': 0.03002401821745175, 'BottomLeft': 0.02598076211353316, 'BottomRight': 0.019891520993173824}",central_attention_getter,1,-0.007704681820339627,0.023823440074920654,1,3.468902587890625,1,-0.002857897016737196,0.035212934017181396,1,3.4315338134765625
3075.354,113,9,4,3,"{'TopLeft': 0.7220758454421043, 'TopRight': 0.744781847254617, 'BottomLeft': 0.692820323027551, 'BottomRight': 0.6062177826491071}","{'TopLeft': 0.029538012113533157, 'TopRight': 0.03002401821745175, 'BottomLeft': 0.02598076211353316, 'BottomRight': 0.019891520993173824}",central_attention_getter,1,-0.01474067899915907,0.016289472579956055,1,3.4831695556640625,1,-0.0024100409613715275,0.039591073989868164,1,3.425567626953125
3092.02,113,9,4,3,"{'TopLeft': 0.7220758454421043, 'TopRight': 0.744781847254617, 'BottomLeft': 0.692820323027551, 'BottomRight': 0.6062177826491071}","{'TopLeft': 0.029538012113533157, 'TopRight': 0.03002401821745175, 'BottomLeft': 0.02598076211353316, 'BottomRight': 0.019891520993173824}",central_attention_getter,1,-0.009441057840983072,0.01867741346359253,1,3.472930908203125,1,-0.006706290774875216,0.040245234966278076,1,3.427337646484375
3108.687,113,9,4,3,"{'TopLeft': 0.7220758454421043, 'TopRight': 0.744781847254617, 'BottomLeft': 0.692820323027551, 'BottomRight': 0.6062177826491071}","{'TopLeft': 0.029538012113533157, 'TopRight': 0.03002401821745175, 'BottomLeft': 0.02598076211353316, 'BottomRight': 0.019891520993173824}",central_attention_getter,1,-0.0014179017808702255,0.01439639925956726,1,3.485870361328125,1,-0.01056226094563802,0.0321999192237854,1,3.4506988525390625
3125.354,113,9,4,3,"{'TopLeft': 0.7220758454421043, 'TopRight': 0.744781847254617, 'BottomLeft': 0.692820323027551, 'BottomRight': 0.6062177826491071}","{'TopLeft': 0.029538012113533157, 'TopRight': 0.03002401821745175, 'BottomLeft': 0.02598076211353316, 'BottomRight': 0.019891520993173824}",central_attention_getter,1,-0.00098472171359592,0.01694512367248535,1,3.4785919189453125,1,-0.006041049957275391,0.037028491497039795,1,3.433074951171875
3142.02,113,9,4,3,"{'TopLeft': 0.7220758454421043, 'TopRight': 0.744781847254617, 'BottomLeft': 0.692820323027551, 'BottomRight': 0.6062177826491071}","{'TopLeft': 0.029538012113533157, 'TopRight': 0.03002401821745175, 'BottomLeft': 0.02598076211353316, 'BottomRight': 0.019891520993173824}",central_attention_getter,1,-0.008835474650065104,0.017136096954345703,1,3.470611572265625,1,-0.009126557244194878,0.030775785446166992,1,3.452484130859375
3158.687,113,9,4,3,"{'TopLeft': 0.7220758454421043, 'TopRight': 0.744781847254617, 'BottomLeft': 0.692820323027551, 'BottomRight': 0.6062177826491071}","{'TopLeft': 0.029538012113533157, 'TopRight': 0.03002401821745175, 'BottomLeft': 0.02598076211353316, 'BottomRight': 0.019891520993173824}",central_attention_getter,1,-0.006530337863498263,0.012882202863693237,1,3.48577880859375,1,-0.0059154298570421,0.035488903522491455,1,3.4432525634765625
3175.355,113,9,4,3,"{'TopLeft': 0.7220758454421043, 'TopRight': 0.744781847254617, 'BottomLeft': 0.692820323027551, 'BottomRight': 0.6062177826491071}","{'TopLeft': 0.029538012113533157, 'TopRight': 0.03002401821745175, 'BottomLeft': 0.02598076211353316, 'BottomRight': 0.019891520993173824}",shapes_on_1,1,-0.0019198523627387153,0.011258542537689209,1,3.49932861328125,1,-0.011358843909369575,0.039596617221832275,1,3.446258544921875
3192.021,113,9,4,3,"{'TopLeft': 0.7220758454421043, 'TopRight': 0.744781847254617, 'BottomLeft': 0.692820323027551, 'BottomRight': 0.6062177826491071}","{'TopLeft': 0.029538012113533157, 'TopRight': 0.03002401821745175, 'BottomLeft': 0.02598076211353316, 'BottomRight': 0.019891520993173824}",shapes_on_1,1,-0.005748165978325738,0.012776792049407959,1,3.4906158447265625,1,-0.00864516364203559,0.035401225090026855,1,3.4570465087890625
3208.688,113,9,4,3,"{'TopLeft': 0.7220758454421043, 'TopRight': 0.744781847254617, 'BottomLeft': 0.692820323027551, 'BottomRight': 0.6062177826491071}","{'TopLeft': 0.029538012113533157, 'TopRight': 0.03002401821745175, 'BottomLeft': 0.02598076211353316, 'BottomRight': 0.019891520993173824}",shapes_on_1,1,0.0031574037339952253,0.01601886749267578,1,3.5106658935546875,1,-0.008431381649441188,0.030851900577545166,1,3.4756622314453125
3225.355,113,9,4,3,"{'TopLeft': 0.7220758454421043, 'TopRight': 0.744781847254617, 'BottomLeft': 0.692820323027551, 'BottomRight': 0.6062177826491071}","{'TopLeft': 0.029538012113533157, 'TopRight': 0.03002401821745175, 'BottomLeft': 0.02598076211353316, 'BottomRight': 0.019891520993173824}",shapes_on_1,1,-0.008557001749674479,0.015938490629196167,1,3.501373291015625,1,-0.005950927734375,0.03840172290802002,1,3.4662322998046875
3242.021,113,9,4,3,"{'TopLeft': 0.7220758454421043, 'TopRight': 0.744781847254617, 'BottomLeft': 0.692820323027551, 'BottomRight': 0.6062177826491071}","{'TopLeft': 0.029538012113533157, 'TopRight': 0.03002401821745175, 'BottomLeft': 0.02598076211353316, 'BottomRight': 0.019891520993173824}",shapes_on_1,1,-0.0036719640096028643,0.026636213064193726,1,3.5141448974609375,1,-0.0010123782687717013,0.0316120982170105,1,3.4896240234375
3258.688,113,9,4,3,"{'TopLeft': 0.7220758454421043, 'TopRight': 0.744781847254617, 'BottomLeft': 0.692820323027551, 'BottomRight': 0.6062177826491071}","{'TopLeft': 0.029538012113533157, 'TopRight': 0.03002401821745175, 'BottomLeft': 0.02598076211353316, 'BottomRight': 0.019891520993173824}",shapes_on_1,1,-0.0062444474962022566,0.023114532232284546,1,3.5153656005859375,1,-0.004620816972520616,0.04113501310348511,1,3.4832000732421875
3275.355,113,9,4,3,"{'TopLeft': 0.7220758454421043, 'TopRight': 0.744781847254617, 'BottomLeft': 0.692820323027551, 'BottomRight': 0.6062177826491071}","{'TopLeft': 0.029538012113533157, 'TopRight': 0.03002401821745175, 'BottomLeft': 0.02598076211353316, 'BottomRight': 0.019891520993173824}",shapes_on_1,1,0.0004905064900716145,0.018246233463287354,1,3.5296173095703125,1,-0.004687521192762586,0.04398977756500244,1,3.49945068359375
3292.021,113,9,4,3,"{'TopLeft': 0.7220758454421043, 'TopRight': 0.744781847254617, 'BottomLeft': 0.692820323027551, 'BottomRight': 0.6062177826491071}","{'TopLeft': 0.029538012113533157, 'TopRight': 0.03002401821745175, 'BottomLeft': 0.02598076211353316, 'BottomRight': 0.019891520993173824}",shapes_on_1,1,-0.0020507176717122393,0.013663768768310547,1,3.5256805419921875,1,-0.0011957486470540364,0.037952303886413574,1,3.5036163330078125
3308.688,113,9,4,3,"{'TopLeft': 0.7220758454421043, 'TopRight': 0.744781847254617, 'BottomLeft': 0.692820323027551, 'BottomRight': 0.6062177826491071}","{'TopLeft': 0.029538012113533157, 'TopRight': 0.03002401821745175, 'BottomLeft': 0.02598076211353316, 'BottomRight': 0.019891520993173824}",shapes_on_1,1,0.0063622792561848955,0.01670438051223755,1,3.5315704345703125,1,0.0024817784627278643,0.042183876037597656,1,3.5093994140625
3325.355,113,9,4,3,"{'TopLeft': 0.7220758454421043, 'TopRight': 0.744781847254617, 'BottomLeft': 0.692820323027551, 'BottomRight': 0.6062177826491071}","{'TopLeft': 0.029538012113533157, 'TopRight': 0.03002401821745175, 'BottomLeft': 0.02598076211353316, 'BottomRight': 0.019891520993173824}",shapes_on_1,1,0.010540220472547742,0.009921222925186157,1,3.5380859375,1,-0.0037166807386610243,0.0370364785194397,1,3.516998291015625
3342.021,113,9,4,3,"{'TopLeft': 0.7220758454421043, 'TopRight': 0.744781847254617, 'BottomLeft': 0.692820323027551, 'BottomRight': 0.6062177826491071}","{'TopLeft': 0.029538012113533157, 'TopRight': 0.03002401821745175, 'BottomLeft': 0.02598076211353316, 'BottomRight': 0.019891520993173824}",shapes_on_1,1,0.009902106391059028,0.008316516876220703,1,3.5464630126953125,1,0.0011534161037868923,0.03947588801383972,1,3.5199127197265625
3358.688,113,9,4,3,"{'TopLeft': 0.7220758454421043, 'TopRight': 0.744781847254617, 'BottomLeft': 0.692820323027551, 'BottomRight': 0.6062177826491071}","{'TopLeft': 0.029538012113533157, 'TopRight': 0.03002401821745175, 'BottomLeft': 0.02598076211353316, 'BottomRight': 0.019891520993173824}",shapes_on_1,1,0.00841130150689019,0.007307708263397217,1,3.5367584228515625,1,0.00482283698187934,0.037993818521499634,1,3.5074310302734375
3375.355,113,9,4,3,"{'TopLeft': 0.7220758454421043, 'TopRight': 0.744781847254617, 'BottomLeft': 0.692820323027551, 'BottomRight': 0.6062177826491071}","{'TopLeft': 0.029538012113533157, 'TopRight': 0.03002401821745175, 'BottomLeft': 0.02598076211353316, 'BottomRight': 0.019891520993173824}",shapes_on_1,1,0.00955888960096571,0.009482920169830322,1,3.5450286865234375,1,0.006086985270182291,0.02962130308151245,1,3.525909423828125
3392.021,113,9,4,3,"{'TopLeft': 0.7220758454421043, 'TopRight': 0.744781847254617, 'BottomLeft': 0.692820323027551, 'BottomRight': 0.6062177826491071}","{'TopLeft': 0.029538012113533157, 'TopRight': 0.03002401821745175, 'BottomLeft': 0.02598076211353316, 'BottomRight': 0.019891520993173824}",shapes_on_1,1,0.010190327962239582,0.00363120436668396,1,3.52630615234375,1,0.00959332784016927,0.03722962737083435,1,3.497711181640625
3408.688,113,9,4,3,"{'TopLeft': 0.7220758454421043, 'TopRight': 0.744781847254617, 'BottomLeft': 0.692820323027551, 'BottomRight': 0.6062177826491071}","{'TopLeft': 0.029538012113533157, 'TopRight': 0.03002401821745175, 'BottomLeft': 0.02598076211353316, 'BottomRight': 0.019891520993173824}",shapes_on_1,1,0.00811661614312066,0.008428424596786499,1,3.51776123046875,1,0.004949781629774305,0.04311618208885193,1,3.4880828857421875
3425.356,113,9,4,3,"{'TopLeft': 0.7220758454421043, 'TopRight': 0.744781847254617, 'BottomLeft': 0.692820323027551, 'BottomRight': 0.6062177826491071}","{'TopLeft': 0.029538012113533157, 'TopRight': 0.03002401821745175, 'BottomLeft': 0.02598076211353316, 'BottomRight': 0.019891520993173824}",shapes_on_1,1,0.007902463277180988,0.0024459362030029297,1,3.502593994140625,1,0.004412015279134114,0.03558295965194702,1,3.4760284423828125
3442.022,113,9,4,3,"{'TopLeft': 0.7220758454421043, 'TopRight': 0.744781847254617, 'BottomLeft': 0.692820323027551, 'BottomRight': 0.6062177826491071}","{'TopLeft': 0.029538012113533157, 'TopRight': 0.03002401821745175, 'BottomLeft': 0.02598076211353316, 'BottomRight': 0.019891520993173824}",shapes_on_1,1,0.011598163180881076,0.012430012226104736,1,3.4879150390625,1,0.0015463299221462673,0.04053688049316406,1,3.4617462158203125
3458.689,113,9,4,3,"{'TopLeft': 0.7220758454421043, 'TopRight': 0.744781847254617, 'BottomLeft': 0.692820323027551, 'BottomRight': 0.6062177826491071}","{'TopLeft': 0.029538012113533157, 'TopRight': 0.03002401821745175, 'BottomLeft': 0.02598076211353316, 'BottomRight': 0.019891520993173824}",shapes_on_1,1,-0.11036046346028645,0.14837199449539185,1,3.511077880859375,1,-0.07814624574449326,0.1520569920539856,1,3.4861297607421875
3475.356,113,9,4,3,"{'TopLeft': 0.7220758454421043, 'TopRight': 0.744781847254617, 'BottomLeft': 0.692820323027551, 'BottomRight': 0.6062177826491071}","{'TopLeft': 0.029538012113533157, 'TopRight': 0.03002401821745175, 'BottomLeft': 0.02598076211353316, 'BottomRight': 0.019891520993173824}",shapes_on_1,1,-0.15800221761067706,0.19057437777519226,1,3.48663330078125,1,-0.14685885111490884,0.17323392629623413,1,3.4737701416015625
3492.022,113,9,4,3,"{'TopLeft': 0.7220758454421043, 'TopRight': 0.744781847254617, 'BottomLeft': 0.692820323027551, 'BottomRight': 0.6062177826491071}","{'TopLeft': 0.029538012113533157, 'TopRight': 0.03002401821745175, 'BottomLeft': 0.02598076211353316, 'BottomRight': 0.019891520993173824}",shapes_on_1,1,-0.1873203913370768,0.2267303466796875,1,3.479156494140625,1,-0.17131868998209634,0.23087766766548157,1,3.450714111328125
3508.689,113,9,4,3,"{'TopLeft': 0.7220758454421043, 'TopRight': 0.744781847254617, 'BottomLeft': 0.692820323027551, 'BottomRight': 0.6062177826491071}","{'TopLeft': 0.029538012113533157, 'TopRight': 0.03002401821745175, 'BottomLeft': 0.02598076211353316, 'BottomRight': 0.019891520993173824}",shapes_on_1,1,-0.1848195923699273,0.2340920865535736,1,3.473541259765625,1,-0.18587610456678602,0.22272390127182007,1,3.44342041015625
3525.356,113,9,4,3,"{'TopLeft': 0.7220758454421043, 'TopRight': 0.744781847254617, 'BottomLeft': 0.692820323027551, 'BottomRight': 0.6062177826491071}","{'TopLeft': 0.029538012113533157, 'TopRight': 0.03002401821745175, 'BottomLeft': 0.02598076211353316, 'BottomRight': 0.019891520993173824}",shapes_on_1,1,-0.17745574315388996,0.21641075611114502,1,3.4640655517578125,1,-0.18527046839396158,0.21651175618171692,1,3.4315185546875
3542.022,113,9,4,3,"{'TopLeft': 0.7220758454421043, 'TopRight': 0.744781847254617, 'BottomLeft': 0.692820323027551, 'BottomRight': 0.6062177826491071}","{'TopLeft': 0.029538012113533157, 'TopRight': 0.03002401821745175, 'BottomLeft': 0.02598076211353316, 'BottomRight': 0.019891520993173824}",shapes_on_1,1,-0.17929840087890625,0.21431228518486023,1,3.458953857421875,1,-0.18591785430908203,0.21496644616127014,1,3.430267333984375
3558.689,113,9,4,3,"{'TopLeft': 0.7220758454421043, 'TopRight': 0.744781847254617, 'BottomLeft': 0.692820323027551, 'BottomRight': 0.6062177826491071}","{'TopLeft': 0.029538012113533157, 'TopRight': 0.03002401821745175, 'BottomLeft': 0.02598076211353316, 'BottomRight': 0.019891520993173824}",shapes_on_1,1,-0.17938412560356987,0.22121432423591614,1,3.4488677978515625,1,-0.18167856004503039,0.23221558332443237,1,3.410675048828125
3575.356,113,9,4,3,"{'TopLeft': 0.7220758454421043, 'TopRight': 0.744781847254617, 'BottomLeft': 0.692820323027551, 'BottomRight': 0.6062177826491071}","{'TopLeft': 0.029538012113533157, 'TopRight': 0.03002401821745175, 'BottomLeft': 0.02598076211353316, 'BottomRight': 0.019891520993173824}",shapes_on_1,1,-0.18200821346706814,0.21225053071975708,1,3.4391326904296875,1,-0.18392435709635416,0.19624000787734985,1,3.4147186279296875
3592.022,113,9,4,3,"{'TopLeft': 0.7220758454421043, 'TopRight': 0.744781847254617, 'BottomLeft': 0.692820323027551, 'BottomRight': 0.6062177826491071}","{'TopLeft': 0.029538012113533157, 'TopRight': 0.03002401821745175, 'BottomLeft': 0.02598076211353316, 'BottomRight': 0.019891520993173824}",shapes_on_1,1,-0.18421506881713867,0.22631606459617615,1,3.424530029296875,1,-0.18634774949815539,0.20050913095474243,1,3.405517578125
3608.689,113,9,4,3,"{'TopLeft': 0.7220758454421043, 'TopRight': 0.744781847254617, 'BottomLeft': 0.692820323027551, 'BottomRight': 0.6062177826491071}","{'TopLeft': 0.029538012113533157, 'TopRight': 0.03002401821745175, 'BottomLeft': 0.02598076211353316, 'BottomRight': 0.019891520993173824}",shapes_on_1,1,-0.18080626593695745,0.22149962186813354,1,3.42041015625,1,-0.1879073248969184,0.19588151574134827,1,3.4002685546875
3625.356,113,9,4,3,"{'TopLeft': 0.7220758454421043, 'TopRight': 0.744781847254617, 'BottomLeft': 0.692820323027551, 'BottomRight': 0.6062177826491071}","{'TopLeft': 0.029538012113533157, 'TopRight': 0.03002401821745175, 'BottomLeft': 0.02598076211353316, 'BottomRight': 0.019891520993173824}",shapes_on_1,1,-0.19023773405287,0.22492200136184692,1,3.406585693359375,1,-0.17782698737250432,0.22190818190574646,1,3.381622314453125
3642.022,113,9,4,3,"{'TopLeft': 0.7220758454421043, 'TopRight': 0.744781847254617, 'BottomLeft': 0.692820323027551, 'BottomRight': 0.6062177826491071}","{'TopLeft': 0.029538012113533157, 'TopRight': 0.03002401821745175, 'BottomLeft': 0.02598076211353316, 'BottomRight': 0.019891520993173824}",shapes_on_1,1,-0.18042670355902776,0.22125929594039917,1,3.4079742431640625,1,-0.19758505291408962,0.20220953226089478,1,3.3882293701171875
3658.69,113,9,4,3,"{'TopLeft': 0.7220758454421043, 'TopRight': 0.744781847254617, 'BottomLeft': 0.692820323027551, 'BottomRight': 0.6062177826491071}","{'TopLeft': 0.029538012113533157, 'TopRight': 0.03002401821745175, 'BottomLeft': 0.02598076211353316, 'BottomRight': 0.019891520993173824}",shapes_on_1,1,-0.20492272906833223,0.22366279363632202,1,3.420318603515625,1,-0.1921446058485243,0.20465421676635742,1,3.3745269775390625
3675.357,113,9,4,3,"{'TopLeft': 0.7220758454421043, 'TopRight': 0.744781847254617, 'BottomLeft': 0.692820323027551, 'BottomRight': 0.6062177826491071}","{'TopLeft': 0.029538012113533157, 'TopRight': 0.03002401821745175, 'BottomLeft': 0.02598076211353316, 'BottomRight': 0.019891520993173824}",shapes_on_1,1,-0.3191194004482693,0.24692249298095703,1,3.4100799560546875,1,-0.29360347323947483,0.26972976326942444,1,3.3849945068359375
3692.023,113,9,4,3,"{'TopLeft': 0.7220758454421043, 'TopRight': 0.744781847254617, 'BottomLeft': 0.692820323027551, 'BottomRight': 0.6062177826491071}","{'TopLeft': 0.029538012113533157, 'TopRight': 0.03002401821745175, 'BottomLeft': 0.02598076211353316, 'BottomRight': 0.019891520993173824}",shapes_on_1,1,-0.3254186842176649,0.24729615449905396,1,3.3987274169921875,1,-0.2883051766289605,0.2683720290660858,1,3.387939453125
3708.69,113,9,4,3,"{'TopLeft': 0.7220758454421043, 'TopRight': 0.744781847254617, 'BottomLeft': 0.692820323027551, 'BottomRight': 0.6062177826491071}","{'TopLeft': 0.029538012113533157, 'TopRight': 0.03002401821745175, 'BottomLeft': 0.02598076211353316, 'BottomRight': 0.019891520993173824}",shapes_on_1,1,-0.3355232344733344,0.2505386024713516,1,3.39849853515625,1,-0.30996884240044487,0.27498185634613037,1,3.3841705322265625
3725.357,113,9,4,3,"{'TopLeft': 0.7220758454421043, 'TopRight': 0.744781847254617, 'BottomLeft': 0.692820323027551, 'BottomRight': 0.6062177826491071}","{'TopLeft': 0.029538012113533157, 'TopRight': 0.03002401821745175, 'BottomLeft': 0.02598076211353316, 'BottomRight': 0.019891520993173824}",shapes_on_1,1,-0.33968893686930335,0.2546321004629135,1,3.3975067138671875,1,-0.2892342143588596,0.2588844895362854,1,3.384429931640625
3742.023,113,9,4,3,"{'TopLeft': 0.7220758454421043, 'TopRight': 0.744781847254617, 'BottomLeft': 0.692820323027551, 'BottomRight': 0.6062177826491071}","{'TopLeft': 0.029538012113533157, 'TopRight': 0.03002401821745175, 'BottomLeft': 0.02598076211353316, 'BottomRight': 0.019891520993173824}",shapes_on_1,1,-0.32953749762641055,0.2391768991947174,1,3.3896484375,1,-0.30668565962049693,0.27479201555252075,1,3.3838958740234375
3758.69,113,9,4,3,"{'TopLeft': 0.7220758454421043, 'TopRight': 0.744781847254617, 'BottomLeft': 0.692820323027551, 'BottomRight': 0.6062177826491071}","{'TopLeft': 0.029538012113533157, 'TopRight': 0.03002401821745175, 'BottomLeft': 0.02598076211353316, 'BottomRight': 0.019891520993173824}",shapes_on_1,1,-0.32489919662475586,0.24646282196044922,1,3.3961334228515625,1,-0.29140742619832355,0.2550748288631439,1,3.3808135986328125
3775.357,113,9,4,3,"{'TopLeft': 0.7220758454421043, 'TopRight': 0.744781847254617, 'BottomLeft': 0.692820323027551, 'BottomRight': 0.6062177826491071}","{'TopLeft': 0.029538012113533157, 'TopRight': 0.03002401821745175, 'BottomLeft': 0.02598076211353316, 'BottomRight': 0.019891520993173824}",shapes_on_1,1,-0.34075355529785156,0.2542780637741089,1,3.3952178955078125,1,-0.30588367250230575,0.2815980613231659,1,3.3839569091796875
3792.023,113,9,4,3,"{'TopLeft': 0.7220758454421043, 'TopRight': 0.744781847254617, 'BottomLeft': 0.692820323027551, 'BottomRight': 0.6062177826491071}","{'TopLeft': 0.029538012113533157, 'TopRight': 0.03002401821745175, 'BottomLeft': 0.02598076211353316, 'BottomRight': 0.019891520993173824}",shapes_on_1,1,-0.3192037476433648,0.2305980920791626,1,3.3983001708984375,1,-0.29367277357313365,0.2680390179157257,1,3.3822479248046875
3808.69,113,9,4,3,"{'TopLeft': 0.7220758454421043, 'TopRight': 0.744781847254617, 'BottomLeft': 0.692820323027551, 'BottomRight': 0.6062177826491071}","{'TopLeft': 0.029538012113533157, 'TopRight': 0.03002401821745175, 'BottomLeft': 0.02598076211353316, 'BottomRight': 0.019891520993173824}",shapes_on_1,1,-0.3366258409288194,0.2571682035923004,1,3.3973236083984375,1,-0.3061398400200738,0.2841394543647766,1,3.378936767578125
3825.357,113,9,4,3,"{'TopLeft': 0.7220758454421043, 'TopRight': 0.744781847254617, 'BottomLeft': 0.692820323027551, 'BottomRight': 0.6062177826491071}","{'TopLeft': 0.029538012113533157, 'TopRight': 0.03002401821745175, 'BottomLeft': 0.02598076211353316, 'BottomRight': 0.019891520993173824}",shapes_on_1,1,-0.3275220129224989,0.2419055998325348,1,3.39471435546875,1,-0.2980505095587836,0.27130287885665894,1,3.3739471435546875
3842.023,113,9,4,3,"{'TopLeft': 0.7220758454421043, 'TopRight': 0.744781847254617, 'BottomLeft': 0.692820323027551, 'BottomRight': 0.6062177826491071}","{'TopLeft': 0.029538012113533157, 'TopRight': 0.03002401821745175, 'BottomLeft': 0.02598076211353316, 'BottomRight': 0.019891520993173824}",shapes_on_1,1,-0.3184138933817545,0.25242912769317627,1,3.397247314453125,1,-0.29393937852647567,0.2627468854188919,1,3.3741912841796875
3858.69,113,9,4,3,"{'TopLeft': 0.7220758454421043, 'TopRight': 0.744781847254617, 'BottomLeft': 0.692820323027551, 'BottomRight': 0.6062177826491071}","{'TopLeft': 0.029538012113533157, 'TopRight': 0.03002401821745175, 'BottomLeft': 0.02598076211353316, 'BottomRight': 0.019891520993173824}",shapes_on_1,1,-0.31890450583563906,0.24282139539718628,1,3.391571044921875,1,-0.2948500315348307,0.26561009883880615,1,3.37469482421875
3875.357,113,9,4,3,"{'TopLeft': 0.7220758454421043, 'TopRight': 0.744781847254617, 'BottomLeft': 0.692820323027551, 'BottomRight': 0.6062177826491071}","{'TopLeft': 0.029538012113533157, 'TopRight': 0.03002401821745175, 'BottomLeft': 0.02598076211353316, 'BottomRight': 0.019891520993173824}",shapes_on_1,1,-0.3345940377977159,0.25230617821216583,1,3.3815765380859375,1,-0.2987114588419596,0.2708408236503601,1,3.3651123046875
3892.023,113,9,4,3,"{'TopLeft': 0.7220758454421043, 'TopRight': 0.744781847254617, 'BottomLeft': 0.692820323027551, 'BottomRight': 0.6062177826491071}","{'TopLeft': 0.029538012113533157, 'TopRight': 0.03002401821745175, 'BottomLeft': 0.02598076211353316, 'BottomRight': 0.019891520993173824}",shapes_on_1,1,-0.31688891516791445,0.22549483180046082,1,3.38336181640625,1,-0.29651281568739146,0.26715853810310364,1,3.360626220703125
3908.691,113,9,4,3,"{'TopLeft': 0.7220758454421043, 'TopRight': 0.744781847254617, 'BottomLeft': 0.692820323027551, 'BottomRight': 0.6062177826491071}","{'TopLeft': 0.029538012113533157, 'TopRight': 0.03002401821745175, 'BottomLeft': 0.02598076211353316, 'BottomRight': 0.019891520993173824}",shapes_on_1,1,-0.31646188100179035,0.24452340602874756,1,3.3826904296875,1,-0.28703954484727645,0.25500573217868805,1,3.35693359375
3925.358,113,9,4,3,"{'TopLeft': 0.7220758454421043, 'TopRight': 0.744781847254617, 'BottomLeft': 0.692820323027551, 'BottomRight': 0.6062177826491071}","{'TopLeft': 0.029538012113533157, 'TopRight': 0.03002401821745175, 'BottomLeft': 0.02598076211353316, 'BottomRight': 0.019891520993173824}",shapes_on_1,1,-0.3185544013977051,0.2413240373134613,1,3.3785400390625,1,-0.29380983776516384,0.2639808803796768,1,3.3517303466796875
3942.024,113,9,4,3,"{'TopLeft': 0.7220758454421043, 'TopRight': 0.744781847254617, 'BottomLeft': 0.692820323027551, 'BottomRight': 0.6062177826491071}","{'TopLeft': 0.029538012113533157, 'TopRight': 0.03002401821745175, 'BottomLeft': 0.02598076211353316, 'BottomRight': 0.019891520993173824}",shapes_on_1,1,-0.31772062513563365,0.2351703643798828,1,3.384613037109375,1,-0.28889168633355033,0.26020629703998566,1,3.3484344482421875
3958.691,113,9,4,3,"{'TopLeft': 0.7220758454421043, 'TopRight': 0.744781847254617, 'BottomLeft': 0.692820323027551, 'BottomRight': 0.6062177826491071}","{'TopLeft': 0.029538012113533157, 'TopRight': 0.03002401821745175, 'BottomLeft': 0.02598076211353316, 'BottomRight': 0.019891520993173824}",shapes_on_1,1,-0.3162244160970052,0.23141413927078247,1,3.3775177001953125,1,-0.28931379318237305,0.261287659406662,1,3.3402252197265625
3975.358,113,9,4,3,"{'TopLeft': 0.7220758454421043, 'TopRight': 0.744781847254617, 'BottomLeft': 0.692820323027551, 'BottomRight': 0.6062177826491071}","{'TopLeft': 0.029538012113533157, 'TopRight': 0.03002401821745175, 'BottomLeft': 0.02598076211353316, 'BottomRight': 0.019891520993173824}",shapes_on_1,1,-0.3214593993292914,0.22994130849838257,1,3.3757171630859375,1,-0.29108603795369464,0.26209259033203125,1,3.3378753662109375
3992.024,113,9,4,3,"{'TopLeft': 0.7220758454421043, 'TopRight': 0.744781847254617, 'BottomLeft': 0.692820323027551, 'BottomRight': 0.6062177826491071}","{'TopLeft': 0.029538012113533157, 'TopRight': 0.03002401821745175, 'BottomLeft': 0.02598076211353316, 'BottomRight': 0.019891520993173824}",shapes_on_1,1,-0.3146062956915961,0.2357386350631714,1,3.3724365234375,1,-0.2766927083333333,0.2540999501943588,1,3.331268310546875
4008.692,113,9,4,3,"{'TopLeft': 0.7220758454421043, 'TopRight': 0.744781847254617, 'BottomLeft': 0.692820323027551, 'BottomRight': 0.6062177826491071}","{'TopLeft': 0.029538012113533157, 'TopRight': 0.03002401821745175, 'BottomLeft': 0.02598076211353316, 'BottomRight': 0.019891520993173824}",shapes_on_1,1,-0.30711062749226886,0.23449748754501343,1,3.37115478515625,0,nan,nan,0,nan
4025.359,113,9,4,3,"{'TopLeft': 0.7220758454421043, 'TopRight': 0.744781847254617, 'BottomLeft': 0.692820323027551, 'BottomRight': 0.6062177826491071}","{'TopLeft': 0.029538012113533157, 'TopRight': 0.03002401821745175, 'BottomLeft': 0.02598076211353316, 'BottomRight': 0.019891520993173824}",shapes_on_1,1,-0.3252103593614366,0.1091686487197876,1,3.154510498046875,1,-0.2785631285773383,0.23169124126434326,1,3.2838592529296875
4042.025,113,9,4,3,"{'TopLeft': 0.7220758454421043, 'TopRight': 0.744781847254617, 'BottomLeft': 0.692820323027551, 'BottomRight': 0.6062177826491071}","{'TopLeft': 0.029538012113533157, 'TopRight': 0.03002401821745175, 'BottomLeft': 0.02598076211353316, 'BottomRight': 0.019891520993173824}",shapes_on_1,1,-0.37261533737182617,0.08530360460281372,1,2.87261962890625,1,-0.446579721238878,0.10334432125091553,1,2.5907135009765625
4058.692,113,9,4,3,"{'TopLeft': 0.7220758454421043, 'TopRight': 0.744781847254617, 'BottomLeft': 0.692820323027551, 'BottomRight': 0.6062177826491071}","{'TopLeft': 0.029538012113533157, 'TopRight': 0.03002401821745175, 'BottomLeft': 0.02598076211353316, 'BottomRight': 0.019891520993173824}",shapes_on_1,0,nan,nan,0,nan,0,nan,nan,0,nan
4075.359,113,9,4,3,"{'TopLeft': 0.7220758454421043, 'TopRight': 0.744781847254617, 'BottomLeft': 0.692820323027551, 'BottomRight': 0.6062177826491071}","{'TopLeft': 0.029538012113533157, 'TopRight': 0.03002401821745175, 'BottomLeft': 0.02598076211353316, 'BottomRight': 0.019891520993173824}",shapes_on_1,0,nan,nan,0,nan,0,nan,nan,0,nan
4092.025,113,9,4,3,"{'TopLeft': 0.7220758454421043, 'TopRight': 0.744781847254617, 'BottomLeft': 0.692820323027551, 'BottomRight': 0.6062177826491071}","{'TopLeft': 0.029538012113533157, 'TopRight': 0.03002401821745175, 'BottomLeft': 0.02598076211353316, 'BottomRight': 0.019891520993173824}",shapes_on_1,0,nan,nan,0,nan,0,nan,nan,0,nan
4108.692,113,9,4,3,"{'TopLeft': 0.7220758454421043, 'TopRight': 0.744781847254617, 'BottomLeft': 0.692820323027551, 'BottomRight': 0.6062177826491071}","{'TopLeft': 0.029538012113533157, 'TopRight': 0.03002401821745175, 'BottomLeft': 0.02598076211353316, 'BottomRight': 0.019891520993173824}",shapes_on_1,0,nan,nan,0,nan,0,nan,nan,0,nan
4125.359,113,9,4,3,"{'TopLeft': 0.7220758454421043, 'TopRight': 0.744781847254617, 'BottomLeft': 0.692820323027551, 'BottomRight': 0.6062177826491071}","{'TopLeft': 0.029538012113533157, 'TopRight': 0.03002401821745175, 'BottomLeft': 0.02598076211353316, 'BottomRight': 0.019891520993173824}",shapes_on_1,1,1.003845426771376,-0.23862850666046143,1,2.5348358154296875,0,nan,nan,0,nan
4142.025,113,9,4,3,"{'TopLeft': 0.7220758454421043, 'TopRight': 0.744781847254617, 'BottomLeft': 0.692820323027551, 'BottomRight': 0.6062177826491071}","{'TopLeft': 0.029538012113533157, 'TopRight': 0.03002401821745175, 'BottomLeft': 0.02598076211353316, 'BottomRight': 0.019891520993173824}",shapes_on_1,1,1.334181891547309,-0.3260842561721802,1,2.6535186767578125,0,nan,nan,0,nan
4158.692,113,9,4,3,"{'TopLeft': 0.7220758454421043, 'TopRight': 0.744781847254617, 'BottomLeft': 0.692820323027551, 'BottomRight': 0.6062177826491071}","{'TopLeft': 0.029538012113533157, 'TopRight': 0.03002401821745175, 'BottomLeft': 0.02598076211353316, 'BottomRight': 0.019891520993173824}",shapes_on_1,1,1.6732410854763453,-0.3292364478111267,1,3.0559844970703125,0,nan,nan,0,nan
4175.36,113,9,4,3,"{'TopLeft': 0.7220758454421043, 'TopRight': 0.744781847254617, 'BottomLeft': 0.692820323027551, 'BottomRight': 0.6062177826491071}","{'TopLeft': 0.029538012113533157, 'TopRight': 0.03002401821745175, 'BottomLeft': 0.02598076211353316, 'BottomRight': 0.019891520993173824}",shapes_on_1,0,nan,nan,0,nan,0,nan,nan,0,nan
4192.026,113,9,4,3,"{'TopLeft': 0.7220758454421043, 'TopRight': 0.744781847254617, 'BottomLeft': 0.692820323027551, 'BottomRight': 0.6062177826491071}","{'TopLeft': 0.029538012113533157, 'TopRight': 0.03002401821745175, 'BottomLeft': 0.02598076211353316, 'BottomRight': 0.019891520993173824}",shapes_on_1,0,nan,nan,0,nan,0,nan,nan,0,nan
4208.693,113,9,4,3,"{'TopLeft': 0.7220758454421043, 'TopRight': 0.744781847254617, 'BottomLeft': 0.692820323027551, 'BottomRight': 0.6062177826491071}","{'TopLeft': 0.029538012113533157, 'TopRight': 0.03002401821745175, 'BottomLeft': 0.02598076211353316, 'BottomRight': 0.019891520993173824}",shapes_on_1,0,nan,nan,0,nan,0,nan,nan,0,nan
4225.36,113,9,4,3,"{'TopLeft': 0.7220758454421043, 'TopRight': 0.744781847254617, 'BottomLeft': 0.692820323027551, 'BottomRight': 0.6062177826491071}","{'TopLeft': 0.029538012113533157, 'TopRight': 0.03002401821745175, 'BottomLeft': 0.02598076211353316, 'BottomRight': 0.019891520993173824}",shapes_on_1,0,nan,nan,0,nan,0,nan,nan,0,nan
4242.026,113,9,4,3,"{'TopLeft': 0.7220758454421043, 'TopRight': 0.744781847254617, 'BottomLeft': 0.692820323027551, 'BottomRight': 0.6062177826491071}","{'TopLeft': 0.029538012113533157, 'TopRight': 0.03002401821745175, 'BottomLeft': 0.02598076211353316, 'BottomRight': 0.019891520993173824}",shapes_on_1,0,nan,nan,0,nan,0,nan,nan,0,nan
4258.693,113,9,4,3,"{'TopLeft': 0.7220758454421043, 'TopRight': 0.744781847254617, 'BottomLeft': 0.692820323027551, 'BottomRight': 0.6062177826491071}","{'TopLeft': 0.029538012113533157, 'TopRight': 0.03002401821745175, 'BottomLeft': 0.02598076211353316, 'BottomRight': 0.019891520993173824}",shapes_on_1,0,nan,nan,0,nan,0,nan,nan,0,nan
4275.36,113,9,4,3,"{'TopLeft': 0.7220758454421043, 'TopRight': 0.744781847254617, 'BottomLeft': 0.692820323027551, 'BottomRight': 0.6062177826491071}","{'TopLeft': 0.029538012113533157, 'TopRight': 0.03002401821745175, 'BottomLeft': 0.02598076211353316, 'BottomRight': 0.019891520993173824}",shapes_on_1,0,nan,nan,0,nan,0,nan,nan,0,nan
4292.026,113,9,4,3,"{'TopLeft': 0.7220758454421043, 'TopRight': 0.744781847254617, 'BottomLeft': 0.692820323027551, 'BottomRight': 0.6062177826491071}","{'TopLeft': 0.029538012113533157, 'TopRight': 0.03002401821745175, 'BottomLeft': 0.02598076211353316, 'BottomRight': 0.019891520993173824}",shapes_on_1,0,nan,nan,0,nan,0,nan,nan,0,nan
4308.693,113,9,4,3,"{'TopLeft': 0.7220758454421043, 'TopRight': 0.744781847254617, 'BottomLeft': 0.692820323027551, 'BottomRight': 0.6062177826491071}","{'TopLeft': 0.029538012113533157, 'TopRight': 0.03002401821745175, 'BottomLeft': 0.02598076211353316, 'BottomRight': 0.019891520993173824}",shapes_on_1,0,nan,nan,0,nan,0,nan,nan,0,nan
4325.36,113,9,4,3,"{'TopLeft': 0.7220758454421043, 'TopRight': 0.744781847254617, 'BottomLeft': 0.692820323027551, 'BottomRight': 0.6062177826491071}","{'TopLeft': 0.029538012113533157, 'TopRight': 0.03002401821745175, 'BottomLeft': 0.02598076211353316, 'BottomRight': 0.019891520993173824}",shapes_on_1,0,nan,nan,0,nan,0,nan,nan,0,nan
4342.026,113,9,4,3,"{'TopLeft': 0.7220758454421043, 'TopRight': 0.744781847254617, 'BottomLeft': 0.692820323027551, 'BottomRight': 0.6062177826491071}","{'TopLeft': 0.029538012113533157, 'TopRight': 0.03002401821745175, 'BottomLeft': 0.02598076211353316, 'BottomRight': 0.019891520993173824}",shapes_on_1,0,nan,nan,0,nan,0,nan,nan,0,nan
4358.693,113,9,4,3,"{'TopLeft': 0.7220758454421043, 'TopRight': 0.744781847254617, 'BottomLeft': 0.692820323027551, 'BottomRight': 0.6062177826491071}","{'TopLeft': 0.029538012113533157, 'TopRight': 0.03002401821745175, 'BottomLeft': 0.02598076211353316, 'BottomRight': 0.019891520993173824}",shapes_on_1,0,nan,nan,0,nan,0,nan,nan,0,nan
4375.36,113,9,4,3,"{'TopLeft': 0.7220758454421043, 'TopRight': 0.744781847254617, 'BottomLeft': 0.692820323027551, 'BottomRight': 0.6062177826491071}","{'TopLeft': 0.029538012113533157, 'TopRight': 0.03002401821745175, 'BottomLeft': 0.02598076211353316, 'BottomRight': 0.019891520993173824}",shapes_on_1,0,nan,nan,0,nan,0,nan,nan,0,nan
4392.026,113,9,4,3,"{'TopLeft': 0.7220758454421043, 'TopRight': 0.744781847254617, 'BottomLeft': 0.692820323027551, 'BottomRight': 0.6062177826491071}","{'TopLeft': 0.029538012113533157, 'TopRight': 0.03002401821745175, 'BottomLeft': 0.02598076211353316, 'BottomRight': 0.019891520993173824}",shapes_on_1,0,nan,nan,0,nan,0,nan,nan,0,nan
4408.694,113,9,4,3,"{'TopLeft': 0.7220758454421043, 'TopRight': 0.744781847254617, 'BottomLeft': 0.692820323027551, 'BottomRight': 0.6062177826491071}","{'TopLeft': 0.029538012113533157, 'TopRight': 0.03002401821745175, 'BottomLeft': 0.02598076211353316, 'BottomRight': 0.019891520993173824}",shapes_on_1,0,nan,nan,0,nan,0,nan,nan,0,nan
4425.361,113,9,4,3,"{'TopLeft': 0.7220758454421043, 'TopRight': 0.744781847254617, 'BottomLeft': 0.692820323027551, 'BottomRight': 0.6062177826491071}","{'TopLeft': 0.029538012113533157, 'TopRight': 0.03002401821745175, 'BottomLeft': 0.02598076211353316, 'BottomRight': 0.019891520993173824}",shapes_on_1,0,nan,nan,0,nan,0,nan,nan,0,nan
4442.027,113,9,4,3,"{'TopLeft': 0.7220758454421043, 'TopRight': 0.744781847254617, 'BottomLeft': 0.692820323027551, 'BottomRight': 0.6062177826491071}","{'TopLeft': 0.029538012113533157, 'TopRight': 0.03002401821745175, 'BottomLeft': 0.02598076211353316, 'BottomRight': 0.019891520993173824}",shapes_on_1,0,nan,nan,0,nan,0,nan,nan,0,nan
4458.693,113,9,4,3,"{'TopLeft': 0.7220758454421043, 'TopRight': 0.744781847254617, 'BottomLeft': 0.692820323027551, 'BottomRight': 0.6062177826491071}","{'TopLeft': 0.029538012113533157, 'TopRight': 0.03002401821745175, 'BottomLeft': 0.02598076211353316, 'BottomRight': 0.019891520993173824}",shapes_on_1,0,nan,nan,0,nan,0,nan,nan,0,nan
4475.36,113,9,4,3,"{'TopLeft': 0.7220758454421043, 'TopRight': 0.744781847254617, 'BottomLeft': 0.692820323027551, 'BottomRight': 0.6062177826491071}","{'TopLeft': 0.029538012113533157, 'TopRight': 0.03002401821745175, 'BottomLeft': 0.02598076211353316, 'BottomRight': 0.019891520993173824}",shapes_on_1,0,nan,nan,0,nan,0,nan,nan,0,nan
4492.027,113,9,4,3,"{'TopLeft': 0.7220758454421043, 'TopRight': 0.744781847254617, 'BottomLeft': 0.692820323027551, 'BottomRight': 0.6062177826491071}","{'TopLeft': 0.029538012113533157, 'TopRight': 0.03002401821745175, 'BottomLeft': 0.02598076211353316, 'BottomRight': 0.019891520993173824}",shapes_on_1,0,nan,nan,0,nan,0,nan,nan,0,nan
4508.693,113,9,4,3,"{'TopLeft': 0.7220758454421043, 'TopRight': 0.744781847254617, 'BottomLeft': 0.692820323027551, 'BottomRight': 0.6062177826491071}","{'TopLeft': 0.029538012113533157, 'TopRight': 0.03002401821745175, 'BottomLeft': 0.02598076211353316, 'BottomRight': 0.019891520993173824}",shapes_on_1,0,nan,nan,0,nan,0,nan,nan,0,nan
4525.36,113,9,4,3,"{'TopLeft': 0.7220758454421043, 'TopRight': 0.744781847254617, 'BottomLeft': 0.692820323027551, 'BottomRight': 0.6062177826491071}","{'TopLeft': 0.029538012113533157, 'TopRight': 0.03002401821745175, 'BottomLeft': 0.02598076211353316, 'BottomRight': 0.019891520993173824}",shapes_on_1,0,nan,nan,0,nan,0,nan,nan,0,nan
4542.027,113,9,4,3,"{'TopLeft': 0.7220758454421043, 'TopRight': 0.744781847254617, 'BottomLeft': 0.692820323027551, 'BottomRight': 0.6062177826491071}","{'TopLeft': 0.029538012113533157, 'TopRight': 0.03002401821745175, 'BottomLeft': 0.02598076211353316, 'BottomRight': 0.019891520993173824}",shapes_on_1,0,nan,nan,0,nan,0,nan,nan,0,nan
4558.672,113,9,4,3,"{'TopLeft': 0.7220758454421043, 'TopRight': 0.744781847254617, 'BottomLeft': 0.692820323027551, 'BottomRight': 0.6062177826491071}","{'TopLeft': 0.029538012113533157, 'TopRight': 0.03002401821745175, 'BottomLeft': 0.02598076211353316, 'BottomRight': 0.019891520993173824}",shapes_on_1,0,nan,nan,0,nan,0,nan,nan,0,nan
4575.317,113,9,4,3,"{'TopLeft': 0.7220758454421043, 'TopRight': 0.744781847254617, 'BottomLeft': 0.692820323027551, 'BottomRight': 0.6062177826491071}","{'TopLeft': 0.029538012113533157, 'TopRight': 0.03002401821745175, 'BottomLeft': 0.02598076211353316, 'BottomRight': 0.019891520993173824}",shapes_on_1,0,nan,nan,0,nan,0,nan,nan,0,nan
4591.963,113,9,4,3,"{'TopLeft': 0.7220758454421043, 'TopRight': 0.744781847254617, 'BottomLeft': 0.692820323027551, 'BottomRight': 0.6062177826491071}","{'TopLeft': 0.029538012113533157, 'TopRight': 0.03002401821745175, 'BottomLeft': 0.02598076211353316, 'BottomRight': 0.019891520993173824}",shapes_on_1,0,nan,nan,0,nan,0,nan,nan,0,nan
4608.629,113,9,4,3,"{'TopLeft': 0.7220758454421043, 'TopRight': 0.744781847254617, 'BottomLeft': 0.692820323027551, 'BottomRight': 0.6062177826491071}","{'TopLeft': 0.029538012113533157, 'TopRight': 0.03002401821745175, 'BottomLeft': 0.02598076211353316, 'BottomRight': 0.019891520993173824}",shapes_on_1,0,nan,nan,0,nan,0,nan,nan,0,nan
4625.296,113,9,4,3,"{'TopLeft': 0.7220758454421043, 'TopRight': 0.744781847254617, 'BottomLeft': 0.692820323027551, 'BottomRight': 0.6062177826491071}","{'TopLeft': 0.029538012113533157, 'TopRight': 0.03002401821745175, 'BottomLeft': 0.02598076211353316, 'BottomRight': 0.019891520993173824}",shapes_on_1,0,nan,nan,0,nan,0,nan,nan,0,nan
4641.963,113,9,4,3,"{'TopLeft': 0.7220758454421043, 'TopRight': 0.744781847254617, 'BottomLeft': 0.692820323027551, 'BottomRight': 0.6062177826491071}","{'TopLeft': 0.029538012113533157, 'TopRight': 0.03002401821745175, 'BottomLeft': 0.02598076211353316, 'BottomRight': 0.019891520993173824}",shapes_on_1,0,nan,nan,0,nan,0,nan,nan,0,nan
4658.63,113,9,4,3,"{'TopLeft': 0.7220758454421043, 'TopRight': 0.744781847254617, 'BottomLeft': 0.692820323027551, 'BottomRight': 0.6062177826491071}","{'TopLeft': 0.029538012113533157, 'TopRight': 0.03002401821745175, 'BottomLeft': 0.02598076211353316, 'BottomRight': 0.019891520993173824}",shapes_on_1,0,nan,nan,0,nan,0,nan,nan,0,nan
4675.297,113,9,4,3,"{'TopLeft': 0.7220758454421043, 'TopRight': 0.744781847254617, 'BottomLeft': 0.692820323027551, 'BottomRight': 0.6062177826491071}","{'TopLeft': 0.029538012113533157, 'TopRight': 0.03002401821745175, 'BottomLeft': 0.02598076211353316, 'BottomRight': 0.019891520993173824}",shapes_on_1,0,nan,nan,0,nan,0,nan,nan,0,nan
4691.964,113,9,4,3,"{'TopLeft': 0.7220758454421043, 'TopRight': 0.744781847254617, 'BottomLeft': 0.692820323027551, 'BottomRight': 0.6062177826491071}","{'TopLeft': 0.029538012113533157, 'TopRight': 0.03002401821745175, 'BottomLeft': 0.02598076211353316, 'BottomRight': 0.019891520993173824}",shapes_on_1,0,nan,nan,0,nan,0,nan,nan,0,nan
4708.63,113,9,4,3,"{'TopLeft': 0.7220758454421043, 'TopRight': 0.744781847254617, 'BottomLeft': 0.692820323027551, 'BottomRight': 0.6062177826491071}","{'TopLeft': 0.029538012113533157, 'TopRight': 0.03002401821745175, 'BottomLeft': 0.02598076211353316, 'BottomRight': 0.019891520993173824}",shapes_on_1,0,nan,nan,0,nan,0,nan,nan,0,nan
4725.296,113,9,4,3,"{'TopLeft': 0.7220758454421043, 'TopRight': 0.744781847254617, 'BottomLeft': 0.692820323027551, 'BottomRight': 0.6062177826491071}","{'TopLeft': 0.029538012113533157, 'TopRight': 0.03002401821745175, 'BottomLeft': 0.02598076211353316, 'BottomRight': 0.019891520993173824}",shapes_on_1,0,nan,nan,0,nan,0,nan,nan,0,nan
4741.962,113,9,4,3,"{'TopLeft': 0.7220758454421043, 'TopRight': 0.744781847254617, 'BottomLeft': 0.692820323027551, 'BottomRight': 0.6062177826491071}","{'TopLeft': 0.029538012113533157, 'TopRight': 0.03002401821745175, 'BottomLeft': 0.02598076211353316, 'BottomRight': 0.019891520993173824}",shapes_on_1,0,nan,nan,0,nan,0,nan,nan,0,nan
4758.628,113,9,4,3,"{'TopLeft': 0.7220758454421043, 'TopRight': 0.744781847254617, 'BottomLeft': 0.692820323027551, 'BottomRight': 0.6062177826491071}","{'TopLeft': 0.029538012113533157, 'TopRight': 0.03002401821745175, 'BottomLeft': 0.02598076211353316, 'BottomRight': 0.019891520993173824}",shapes_on_1,0,nan,nan,0,nan,0,nan,nan,0,nan
4775.296,113,9,4,3,"{'TopLeft': 0.7220758454421043, 'TopRight': 0.744781847254617, 'BottomLeft': 0.692820323027551, 'BottomRight': 0.6062177826491071}","{'TopLeft': 0.029538012113533157, 'TopRight': 0.03002401821745175, 'BottomLeft': 0.02598076211353316, 'BottomRight': 0.019891520993173824}",shapes_on_1,0,nan,nan,0,nan,0,nan,nan,0,nan
4791.962,113,9,4,3,"{'TopLeft': 0.7220758454421043, 'TopRight': 0.744781847254617, 'BottomLeft': 0.692820323027551, 'BottomRight': 0.6062177826491071}","{'TopLeft': 0.029538012113533157, 'TopRight': 0.03002401821745175, 'BottomLeft': 0.02598076211353316, 'BottomRight': 0.019891520993173824}",shapes_on_1,0,nan,nan,0,nan,0,nan,nan,0,nan
4808.629,113,9,4,3,"{'TopLeft': 0.7220758454421043, 'TopRight': 0.744781847254617, 'BottomLeft': 0.692820323027551, 'BottomRight': 0.6062177826491071}","{'TopLeft': 0.029538012113533157, 'TopRight': 0.03002401821745175, 'BottomLeft': 0.02598076211353316, 'BottomRight': 0.019891520993173824}",shapes_on_1,0,nan,nan,0,nan,0,nan,nan,0,nan
4825.296,113,9,4,3,"{'TopLeft': 0.7220758454421043, 'TopRight': 0.744781847254617, 'BottomLeft': 0.692820323027551, 'BottomRight': 0.6062177826491071}","{'TopLeft': 0.029538012113533157, 'TopRight': 0.03002401821745175, 'BottomLeft': 0.02598076211353316, 'BottomRight': 0.019891520993173824}",shapes_on_1,0,nan,nan,0,nan,0,nan,nan,0,nan
4841.962,113,9,4,3,"{'TopLeft': 0.7220758454421043, 'TopRight': 0.744781847254617, 'BottomLeft': 0.692820323027551, 'BottomRight': 0.6062177826491071}","{'TopLeft': 0.029538012113533157, 'TopRight': 0.03002401821745175, 'BottomLeft': 0.02598076211353316, 'BottomRight': 0.019891520993173824}",shapes_on_1,0,nan,nan,0,nan,0,nan,nan,0,nan
4858.629,113,9,4,3,"{'TopLeft': 0.7220758454421043, 'TopRight': 0.744781847254617, 'BottomLeft': 0.692820323027551, 'BottomRight': 0.6062177826491071}","{'TopLeft': 0.029538012113533157, 'TopRight': 0.03002401821745175, 'BottomLeft': 0.02598076211353316, 'BottomRight': 0.019891520993173824}",shapes_on_1,0,nan,nan,0,nan,0,nan,nan,0,nan
4875.296,113,9,4,3,"{'TopLeft': 0.7220758454421043, 'TopRight': 0.744781847254617, 'BottomLeft': 0.692820323027551, 'BottomRight': 0.6062177826491071}","{'TopLeft': 0.029538012113533157, 'TopRight': 0.03002401821745175, 'BottomLeft': 0.02598076211353316, 'BottomRight': 0.019891520993173824}",shapes_on_1,0,nan,nan,0,nan,0,nan,nan,0,nan
4891.963,113,9,4,3,"{'TopLeft': 0.7220758454421043, 'TopRight': 0.744781847254617, 'BottomLeft': 0.692820323027551, 'BottomRight': 0.6062177826491071}","{'TopLeft': 0.029538012113533157, 'TopRight': 0.03002401821745175, 'BottomLeft': 0.02598076211353316, 'BottomRight': 0.019891520993173824}",shapes_on_1,0,nan,nan,0,nan,0,nan,nan,0,nan
4908.63,113,9,4,3,"{'TopLeft': 0.7220758454421043, 'TopRight': 0.744781847254617, 'BottomLeft': 0.692820323027551, 'BottomRight': 0.6062177826491071}","{'TopLeft': 0.029538012113533157, 'TopRight': 0.03002401821745175, 'BottomLeft': 0.02598076211353316, 'BottomRight': 0.019891520993173824}",shapes_on_1,0,nan,nan,0,nan,0,nan,nan,0,nan
4925.297,113,9,4,3,"{'TopLeft': 0.7220758454421043, 'TopRight': 0.744781847254617, 'BottomLeft': 0.692820323027551, 'BottomRight': 0.6062177826491071}","{'TopLeft': 0.029538012113533157, 'TopRight': 0.03002401821745175, 'BottomLeft': 0.02598076211353316, 'BottomRight': 0.019891520993173824}",shapes_on_1,0,nan,nan,0,nan,0,nan,nan,0,nan
4941.963,113,9,4,3,"{'TopLeft': 0.7220758454421043, 'TopRight': 0.744781847254617, 'BottomLeft': 0.692820323027551, 'BottomRight': 0.6062177826491071}","{'TopLeft': 0.029538012113533157, 'TopRight': 0.03002401821745175, 'BottomLeft': 0.02598076211353316, 'BottomRight': 0.019891520993173824}",shapes_on_1,1,-0.34568585289849174,-0.27282023429870605,1,2.44561767578125,0,nan,nan,0,nan
4958.63,113,9,4,3,"{'TopLeft': 0.7220758454421043, 'TopRight': 0.744781847254617, 'BottomLeft': 0.692820323027551, 'BottomRight': 0.6062177826491071}","{'TopLeft': 0.029538012113533157, 'TopRight': 0.03002401821745175, 'BottomLeft': 0.02598076211353316, 'BottomRight': 0.019891520993173824}",shapes_on_1,1,-0.38592036565144855,-0.3235337734222412,1,2.3888702392578125,0,nan,nan,0,nan
4975.297,113,9,4,3,"{'TopLeft': 0.7220758454421043, 'TopRight': 0.744781847254617, 'BottomLeft': 0.692820323027551, 'BottomRight': 0.6062177826491071}","{'TopLeft': 0.029538012113533157, 'TopRight': 0.03002401821745175, 'BottomLeft': 0.02598076211353316, 'BottomRight': 0.019891520993173824}",shapes_on_1,0,nan,nan,0,nan,0,nan,nan,0,nan
4991.963,113,9,4,3,"{'TopLeft': 0.7220758454421043, 'TopRight': 0.744781847254617, 'BottomLeft': 0.692820323027551, 'BottomRight': 0.6062177826491071}","{'TopLeft': 0.029538012113533157, 'TopRight': 0.03002401821745175, 'BottomLeft': 0.02598076211353316, 'BottomRight': 0.019891520993173824}",shapes_on_1,0,nan,nan,0,nan,0,nan,nan,0,nan
5008.631,113,9,4,3,"{'TopLeft': 0.7220758454421043, 'TopRight': 0.744781847254617, 'BottomLeft': 0.692820323027551, 'BottomRight': 0.6062177826491071}","{'TopLeft': 0.029538012113533157, 'TopRight': 0.03002401821745175, 'BottomLeft': 0.02598076211353316, 'BottomRight': 0.019891520993173824}",shapes_on_1,0,nan,nan,0,nan,0,nan,nan,0,nan
5025.298,113,9,4,3,"{'TopLeft': 0.7220758454421043, 'TopRight': 0.744781847254617, 'BottomLeft': 0.692820323027551, 'BottomRight': 0.6062177826491071}","{'TopLeft': 0.029538012113533157, 'TopRight': 0.03002401821745175, 'BottomLeft': 0.02598076211353316, 'BottomRight': 0.019891520993173824}",shapes_on_1,0,nan,nan,0,nan,0,nan,nan,0,nan
5041.964,113,9,4,3,"{'TopLeft': 0.7220758454421043, 'TopRight': 0.744781847254617, 'BottomLeft': 0.692820323027551, 'BottomRight': 0.6062177826491071}","{'TopLeft': 0.029538012113533157, 'TopRight': 0.03002401821745175, 'BottomLeft': 0.02598076211353316, 'BottomRight': 0.019891520993173824}",shapes_on_1,0,nan,nan,0,nan,0,nan,nan,0,nan
5058.631,113,9,4,3,"{'TopLeft': 0.7220758454421043, 'TopRight': 0.744781847254617, 'BottomLeft': 0.692820323027551, 'BottomRight': 0.6062177826491071}","{'TopLeft': 0.029538012113533157, 'TopRight': 0.03002401821745175, 'BottomLeft': 0.02598076211353316, 'BottomRight': 0.019891520993173824}",shapes_on_1,0,nan,nan,0,nan,0,nan,nan,0,nan
5075.298,113,9,4,3,"{'TopLeft': 0.7220758454421043, 'TopRight': 0.744781847254617, 'BottomLeft': 0.692820323027551, 'BottomRight': 0.6062177826491071}","{'TopLeft': 0.029538012113533157, 'TopRight': 0.03002401821745175, 'BottomLeft': 0.02598076211353316, 'BottomRight': 0.019891520993173824}",shapes_on_1,0,nan,nan,0,nan,0,nan,nan,0,nan
5091.964,113,9,4,3,"{'TopLeft': 0.7220758454421043, 'TopRight': 0.744781847254617, 'BottomLeft': 0.692820323027551, 'BottomRight': 0.6062177826491071}","{'TopLeft': 0.029538012113533157, 'TopRight': 0.03002401821745175, 'BottomLeft': 0.02598076211353316, 'BottomRight': 0.019891520993173824}",shapes_on_1,0,nan,nan,0,nan,0,nan,nan,0,nan
5108.631,113,9,4,3,"{'TopLeft': 0.7220758454421043, 'TopRight': 0.744781847254617, 'BottomLeft': 0.692820323027551, 'BottomRight': 0.6062177826491071}","{'TopLeft': 0.029538012113533157, 'TopRight': 0.03002401821745175, 'BottomLeft': 0.02598076211353316, 'BottomRight': 0.019891520993173824}",shapes_on_1,0,nan,nan,0,nan,0,nan,nan,0,nan
5125.298,113,9,4,3,"{'TopLeft': 0.7220758454421043, 'TopRight': 0.744781847254617, 'BottomLeft': 0.692820323027551, 'BottomRight': 0.6062177826491071}","{'TopLeft': 0.029538012113533157, 'TopRight': 0.03002401821745175, 'BottomLeft': 0.02598076211353316, 'BottomRight': 0.019891520993173824}",shapes_on_1,0,nan,nan,0,nan,0,nan,nan,0,nan
5141.965,113,9,4,3,"{'TopLeft': 0.7220758454421043, 'TopRight': 0.744781847254617, 'BottomLeft': 0.692820323027551, 'BottomRight': 0.6062177826491071}","{'TopLeft': 0.029538012113533157, 'TopRight': 0.03002401821745175, 'BottomLeft': 0.02598076211353316, 'BottomRight': 0.019891520993173824}",shapes_on_1,0,nan,nan,0,nan,0,nan,nan,0,nan
5158.632,113,9,4,3,"{'TopLeft': 0.7220758454421043, 'TopRight': 0.744781847254617, 'BottomLeft': 0.692820323027551, 'BottomRight': 0.6062177826491071}","{'TopLeft': 0.029538012113533157, 'TopRight': 0.03002401821745175, 'BottomLeft': 0.02598076211353316, 'BottomRight': 0.019891520993173824}",animate_shapes,0,nan,nan,0,nan,0,nan,nan,0,nan
5175.299,113,9,4,3,"{'TopLeft': 0.7220758454421043, 'TopRight': 0.744781847254617, 'BottomLeft': 0.692820323027551, 'BottomRight': 0.6062177826491071}","{'TopLeft': 0.029538012113533157, 'TopRight': 0.03002401821745175, 'BottomLeft': 0.02598076211353316, 'BottomRight': 0.019891520993173824}",animate_shapes,0,nan,nan,0,nan,0,nan,nan,0,nan
5191.965,113,9,4,3,"{'TopLeft': 0.7220758454421043, 'TopRight': 0.744781847254617, 'BottomLeft': 0.692820323027551, 'BottomRight': 0.6062177826491071}","{'TopLeft': 0.029538012113533157, 'TopRight': 0.03002401821745175, 'BottomLeft': 0.02598076211353316, 'BottomRight': 0.019891520993173824}",animate_shapes,0,nan,nan,0,nan,0,nan,nan,0,nan
5208.632,113,9,4,3,"{'TopLeft': 0.7220758454421043, 'TopRight': 0.744781847254617, 'BottomLeft': 0.692820323027551, 'BottomRight': 0.6062177826491071}","{'TopLeft': 0.029538012113533157, 'TopRight': 0.03002401821745175, 'BottomLeft': 0.02598076211353316, 'BottomRight': 0.019891520993173824}",animate_shapes,0,nan,nan,0,nan,0,nan,nan,0,nan
5225.299,113,9,4,3,"{'TopLeft': 0.7220758454421043, 'TopRight': 0.744781847254617, 'BottomLeft': 0.692820323027551, 'BottomRight': 0.6062177826491071}","{'TopLeft': 0.029538012113533157, 'TopRight': 0.03002401821745175, 'BottomLeft': 0.02598076211353316, 'BottomRight': 0.019891520993173824}",animate_shapes,0,nan,nan,0,nan,0,nan,nan,0,nan
5241.965,113,9,4,3,"{'TopLeft': 0.7220758454421043, 'TopRight': 0.744781847254617, 'BottomLeft': 0.692820323027551, 'BottomRight': 0.6062177826491071}","{'TopLeft': 0.029538012113533157, 'TopRight': 0.03002401821745175, 'BottomLeft': 0.02598076211353316, 'BottomRight': 0.019891520993173824}",animate_shapes,0,nan,nan,0,nan,0,nan,nan,0,nan
5258.631,113,9,4,3,"{'TopLeft': 0.7220758454421043, 'TopRight': 0.744781847254617, 'BottomLeft': 0.692820323027551, 'BottomRight': 0.6062177826491071}","{'TopLeft': 0.029538012113533157, 'TopRight': 0.03002401821745175, 'BottomLeft': 0.02598076211353316, 'BottomRight': 0.019891520993173824}",animate_shapes,0,nan,nan,0,nan,0,nan,nan,0,nan
5275.298,113,9,4,3,"{'TopLeft': 0.7220758454421043, 'TopRight': 0.744781847254617, 'BottomLeft': 0.692820323027551, 'BottomRight': 0.6062177826491071}","{'TopLeft': 0.029538012113533157, 'TopRight': 0.03002401821745175, 'BottomLeft': 0.02598076211353316, 'BottomRight': 0.019891520993173824}",animate_shapes,0,nan,nan,0,nan,0,nan,nan,0,nan
5291.965,113,9,4,3,"{'TopLeft': 0.7220758454421043, 'TopRight': 0.744781847254617, 'BottomLeft': 0.692820323027551, 'BottomRight': 0.6062177826491071}","{'TopLeft': 0.029538012113533157, 'TopRight': 0.03002401821745175, 'BottomLeft': 0.02598076211353316, 'BottomRight': 0.019891520993173824}",animate_shapes,0,nan,nan,0,nan,0,nan,nan,0,nan
5308.631,113,9,4,3,"{'TopLeft': 0.7220758454421043, 'TopRight': 0.744781847254617, 'BottomLeft': 0.692820323027551, 'BottomRight': 0.6062177826491071}","{'TopLeft': 0.029538012113533157, 'TopRight': 0.03002401821745175, 'BottomLeft': 0.02598076211353316, 'BottomRight': 0.019891520993173824}",animate_shapes,0,nan,nan,0,nan,0,nan,nan,0,nan
5325.298,113,9,4,3,"{'TopLeft': 0.7220758454421043, 'TopRight': 0.744781847254617, 'BottomLeft': 0.692820323027551, 'BottomRight': 0.6062177826491071}","{'TopLeft': 0.029538012113533157, 'TopRight': 0.03002401821745175, 'BottomLeft': 0.02598076211353316, 'BottomRight': 0.019891520993173824}",animate_shapes,0,nan,nan,0,nan,0,nan,nan,0,nan
5341.964,113,9,4,3,"{'TopLeft': 0.7220758454421043, 'TopRight': 0.744781847254617, 'BottomLeft': 0.692820323027551, 'BottomRight': 0.6062177826491071}","{'TopLeft': 0.029538012113533157, 'TopRight': 0.03002401821745175, 'BottomLeft': 0.02598076211353316, 'BottomRight': 0.019891520993173824}",animate_shapes,0,nan,nan,0,nan,0,nan,nan,0,nan
5358.63,113,9,4,3,"{'TopLeft': 0.7220758454421043, 'TopRight': 0.744781847254617, 'BottomLeft': 0.692820323027551, 'BottomRight': 0.6062177826491071}","{'TopLeft': 0.029538012113533157, 'TopRight': 0.03002401821745175, 'BottomLeft': 0.02598076211353316, 'BottomRight': 0.019891520993173824}",animate_shapes,0,nan,nan,0,nan,0,nan,nan,0,nan
5375.297,113,9,4,3,"{'TopLeft': 0.7220758454421043, 'TopRight': 0.744781847254617, 'BottomLeft': 0.692820323027551, 'BottomRight': 0.6062177826491071}","{'TopLeft': 0.029538012113533157, 'TopRight': 0.03002401821745175, 'BottomLeft': 0.02598076211353316, 'BottomRight': 0.019891520993173824}",animate_shapes,0,nan,nan,0,nan,0,nan,nan,0,nan
5391.964,113,9,4,3,"{'TopLeft': 0.7220758454421043, 'TopRight': 0.744781847254617, 'BottomLeft': 0.692820323027551, 'BottomRight': 0.6062177826491071}","{'TopLeft': 0.029538012113533157, 'TopRight': 0.03002401821745175, 'BottomLeft': 0.02598076211353316, 'BottomRight': 0.019891520993173824}",animate_shapes,0,nan,nan,0,nan,0,nan,nan,0,nan
5408.631,113,9,4,3,"{'TopLeft': 0.7220758454421043, 'TopRight': 0.744781847254617, 'BottomLeft': 0.692820323027551, 'BottomRight': 0.6062177826491071}","{'TopLeft': 0.029538012113533157, 'TopRight': 0.03002401821745175, 'BottomLeft': 0.02598076211353316, 'BottomRight': 0.019891520993173824}",animate_shapes,0,nan,nan,0,nan,0,nan,nan,0,nan
5425.298,113,9,4,3,"{'TopLeft': 0.7220758454421043, 'TopRight': 0.744781847254617, 'BottomLeft': 0.692820323027551, 'BottomRight': 0.6062177826491071}","{'TopLeft': 0.029538012113533157, 'TopRight': 0.03002401821745175, 'BottomLeft': 0.02598076211353316, 'BottomRight': 0.019891520993173824}",animate_shapes,0,nan,nan,0,nan,0,nan,nan,0,nan
5441.964,113,9,4,3,"{'TopLeft': 0.7220758454421043, 'TopRight': 0.744781847254617, 'BottomLeft': 0.692820323027551, 'BottomRight': 0.6062177826491071}","{'TopLeft': 0.029538012113533157, 'TopRight': 0.03002401821745175, 'BottomLeft': 0.02598076211353316, 'BottomRight': 0.019891520993173824}",animate_shapes,0,nan,nan,0,nan,0,nan,nan,0,nan
5458.631,113,9,4,3,"{'TopLeft': 0.7220758454421043, 'TopRight': 0.744781847254617, 'BottomLeft': 0.692820323027551, 'BottomRight': 0.6062177826491071}","{'TopLeft': 0.029538012113533157, 'TopRight': 0.03002401821745175, 'BottomLeft': 0.02598076211353316, 'BottomRight': 0.019891520993173824}",animate_shapes,0,nan,nan,0,nan,0,nan,nan,0,nan
5475.298,113,9,4,3,"{'TopLeft': 0.7220758454421043, 'TopRight': 0.744781847254617, 'BottomLeft': 0.692820323027551, 'BottomRight': 0.6062177826491071}","{'TopLeft': 0.029538012113533157, 'TopRight': 0.03002401821745175, 'BottomLeft': 0.02598076211353316, 'BottomRight': 0.019891520993173824}",animate_shapes,0,nan,nan,0,nan,0,nan,nan,0,nan
5491.964,113,9,4,3,"{'TopLeft': 0.7220758454421043, 'TopRight': 0.744781847254617, 'BottomLeft': 0.692820323027551, 'BottomRight': 0.6062177826491071}","{'TopLeft': 0.029538012113533157, 'TopRight': 0.03002401821745175, 'BottomLeft': 0.02598076211353316, 'BottomRight': 0.019891520993173824}",animate_shapes,0,nan,nan,0,nan,0,nan,nan,0,nan
5508.631,113,9,4,3,"{'TopLeft': 0.7220758454421043, 'TopRight': 0.744781847254617, 'BottomLeft': 0.692820323027551, 'BottomRight': 0.6062177826491071}","{'TopLeft': 0.029538012113533157, 'TopRight': 0.03002401821745175, 'BottomLeft': 0.02598076211353316, 'BottomRight': 0.019891520993173824}",animate_shapes,0,nan,nan,0,nan,0,nan,nan,0,nan
5525.298,113,9,4,3,"{'TopLeft': 0.7220758454421043, 'TopRight': 0.744781847254617, 'BottomLeft': 0.692820323027551, 'BottomRight': 0.6062177826491071}","{'TopLeft': 0.029538012113533157, 'TopRight': 0.03002401821745175, 'BottomLeft': 0.02598076211353316, 'BottomRight': 0.019891520993173824}",animate_shapes,0,nan,nan,0,nan,0,nan,nan,0,nan
5541.965,113,9,4,3,"{'TopLeft': 0.7220758454421043, 'TopRight': 0.744781847254617, 'BottomLeft': 0.692820323027551, 'BottomRight': 0.6062177826491071}","{'TopLeft': 0.029538012113533157, 'TopRight': 0.03002401821745175, 'BottomLeft': 0.02598076211353316, 'BottomRight': 0.019891520993173824}",animate_shapes,0,nan,nan,0,nan,0,nan,nan,0,nan
5558.632,113,9,4,3,"{'TopLeft': 0.7220758454421043, 'TopRight': 0.744781847254617, 'BottomLeft': 0.692820323027551, 'BottomRight': 0.6062177826491071}","{'TopLeft': 0.029538012113533157, 'TopRight': 0.03002401821745175, 'BottomLeft': 0.02598076211353316, 'BottomRight': 0.019891520993173824}",animate_shapes,0,nan,nan,0,nan,0,nan,nan,0,nan
5575.298,113,9,4,3,"{'TopLeft': 0.7220758454421043, 'TopRight': 0.744781847254617, 'BottomLeft': 0.692820323027551, 'BottomRight': 0.6062177826491071}","{'TopLeft': 0.029538012113533157, 'TopRight': 0.03002401821745175, 'BottomLeft': 0.02598076211353316, 'BottomRight': 0.019891520993173824}",animate_shapes,0,nan,nan,0,nan,1,0.43584632873535156,-0.8747944831848145,1,3.430908203125
5591.964,113,9,4,3,"{'TopLeft': 0.7220758454421043, 'TopRight': 0.744781847254617, 'BottomLeft': 0.692820323027551, 'BottomRight': 0.6062177826491071}","{'TopLeft': 0.029538012113533157, 'TopRight': 0.03002401821745175, 'BottomLeft': 0.02598076211353316, 'BottomRight': 0.019891520993173824}",animate_shapes,0,nan,nan,0,nan,0,nan,nan,0,nan
5608.632,113,9,4,3,"{'TopLeft': 0.7220758454421043, 'TopRight': 0.744781847254617, 'BottomLeft': 0.692820323027551, 'BottomRight': 0.6062177826491071}","{'TopLeft': 0.029538012113533157, 'TopRight': 0.03002401821745175, 'BottomLeft': 0.02598076211353316, 'BottomRight': 0.019891520993173824}",animate_shapes,0,nan,nan,0,nan,1,0.24879052903917098,-0.44900763034820557,1,3.5325469970703125
5625.299,113,9,4,3,"{'TopLeft': 0.7220758454421043, 'TopRight': 0.744781847254617, 'BottomLeft': 0.692820323027551, 'BottomRight': 0.6062177826491071}","{'TopLeft': 0.029538012113533157, 'TopRight': 0.03002401821745175, 'BottomLeft': 0.02598076211353316, 'BottomRight': 0.019891520993173824}",animate_shapes,0,nan,nan,0,nan,0,nan,nan,0,nan
5641.965,113,9,4,3,"{'TopLeft': 0.7220758454421043, 'TopRight': 0.744781847254617, 'BottomLeft': 0.692820323027551, 'BottomRight': 0.6062177826491071}","{'TopLeft': 0.029538012113533157, 'TopRight': 0.03002401821745175, 'BottomLeft': 0.02598076211353316, 'BottomRight': 0.019891520993173824}",animate_shapes,0,nan,nan,0,nan,1,-0.057983080546061196,-0.16734564304351807,1,3.5787506103515625
5658.632,113,9,4,3,"{'TopLeft': 0.7220758454421043, 'TopRight': 0.744781847254617, 'BottomLeft': 0.692820323027551, 'BottomRight': 0.6062177826491071}","{'TopLeft': 0.029538012113533157, 'TopRight': 0.03002401821745175, 'BottomLeft': 0.02598076211353316, 'BottomRight': 0.019891520993173824}",animate_shapes,0,nan,nan,0,nan,0,nan,nan,0,nan
5675.299,113,9,4,3,"{'TopLeft': 0.7220758454421043, 'TopRight': 0.744781847254617, 'BottomLeft': 0.692820323027551, 'BottomRight': 0.6062177826491071}","{'TopLeft': 0.029538012113533157, 'TopRight': 0.03002401821745175, 'BottomLeft': 0.02598076211353316, 'BottomRight': 0.019891520993173824}",animate_shapes,0,nan,nan,0,nan,1,-0.049370553758409284,-0.1783607006072998,1,3.5777435302734375
5691.965,113,9,4,3,"{'TopLeft': 0.7220758454421043, 'TopRight': 0.744781847254617, 'BottomLeft': 0.692820323027551, 'BottomRight': 0.6062177826491071}","{'TopLeft': 0.029538012113533157, 'TopRight': 0.03002401821745175, 'BottomLeft': 0.02598076211353316, 'BottomRight': 0.019891520993173824}",animate_shapes,0,nan,nan,0,nan,0,nan,nan,0,nan
5708.632,113,9,4,3,"{'TopLeft': 0.7220758454421043, 'TopRight': 0.744781847254617, 'BottomLeft': 0.692820323027551, 'BottomRight': 0.6062177826491071}","{'TopLeft': 0.029538012113533157, 'TopRight': 0.03002401821745175, 'BottomLeft': 0.02598076211353316, 'BottomRight': 0.019891520993173824}",animate_shapes,0,nan,nan,0,nan,1,-0.05304161707560221,-0.16805553436279297,1,3.5975341796875
5725.299,113,9,4,3,"{'TopLeft': 0.7220758454421043, 'TopRight': 0.744781847254617, 'BottomLeft': 0.692820323027551, 'BottomRight': 0.6062177826491071}","{'TopLeft': 0.029538012113533157, 'TopRight': 0.03002401821745175, 'BottomLeft': 0.02598076211353316, 'BottomRight': 0.019891520993173824}",animate_shapes,0,nan,nan,0,nan,0,nan,nan,0,nan
5741.965,113,9,4,3,"{'TopLeft': 0.7220758454421043, 'TopRight': 0.744781847254617, 'BottomLeft': 0.692820323027551, 'BottomRight': 0.6062177826491071}","{'TopLeft': 0.029538012113533157, 'TopRight': 0.03002401821745175, 'BottomLeft': 0.02598076211353316, 'BottomRight': 0.019891520993173824}",animate_shapes,0,nan,nan,0,nan,0,nan,nan,0,nan
5758.632,113,9,4,3,"{'TopLeft': 0.7220758454421043, 'TopRight': 0.744781847254617, 'BottomLeft': 0.692820323027551, 'BottomRight': 0.6062177826491071}","{'TopLeft': 0.029538012113533157, 'TopRight': 0.03002401821745175, 'BottomLeft': 0.02598076211353316, 'BottomRight': 0.019891520993173824}",animate_shapes,0,nan,nan,0,nan,0,nan,nan,0,nan
5775.299,113,9,4,3,"{'TopLeft': 0.7220758454421043, 'TopRight': 0.744781847254617, 'BottomLeft': 0.692820323027551, 'BottomRight': 0.6062177826491071}","{'TopLeft': 0.029538012113533157, 'TopRight': 0.03002401821745175, 'BottomLeft': 0.02598076211353316, 'BottomRight': 0.019891520993173824}",animate_shapes,0,nan,nan,0,nan,0,nan,nan,0,nan
5791.965,113,9,4,3,"{'TopLeft': 0.7220758454421043, 'TopRight': 0.744781847254617, 'BottomLeft': 0.692820323027551, 'BottomRight': 0.6062177826491071}","{'TopLeft': 0.029538012113533157, 'TopRight': 0.03002401821745175, 'BottomLeft': 0.02598076211353316, 'BottomRight': 0.019891520993173824}",animate_shapes,0,nan,nan,0,nan,0,nan,nan,0,nan
5808.632,113,9,4,3,"{'TopLeft': 0.7220758454421043, 'TopRight': 0.744781847254617, 'BottomLeft': 0.692820323027551, 'BottomRight': 0.6062177826491071}","{'TopLeft': 0.029538012113533157, 'TopRight': 0.03002401821745175, 'BottomLeft': 0.02598076211353316, 'BottomRight': 0.019891520993173824}",animate_shapes,0,nan,nan,0,nan,0,nan,nan,0,nan
5825.299,113,9,4,3,"{'TopLeft': 0.7220758454421043, 'TopRight': 0.744781847254617, 'BottomLeft': 0.692820323027551, 'BottomRight': 0.6062177826491071}","{'TopLeft': 0.029538012113533157, 'TopRight': 0.03002401821745175, 'BottomLeft': 0.02598076211353316, 'BottomRight': 0.019891520993173824}",animate_shapes,0,nan,nan,0,nan,1,-0.045492861005995006,-0.15786510705947876,1,3.6356048583984375
5841.966,113,9,4,3,"{'TopLeft': 0.7220758454421043, 'TopRight': 0.744781847254617, 'BottomLeft': 0.692820323027551, 'BottomRight': 0.6062177826491071}","{'TopLeft': 0.029538012113533157, 'TopRight': 0.03002401821745175, 'BottomLeft': 0.02598076211353316, 'BottomRight': 0.019891520993173824}",animate_shapes,0,nan,nan,0,nan,1,-0.05376074049207899,-0.15874719619750977,1,3.6301422119140625
5858.633,113,9,4,3,"{'TopLeft': 0.7220758454421043, 'TopRight': 0.744781847254617, 'BottomLeft': 0.692820323027551, 'BottomRight': 0.6062177826491071}","{'TopLeft': 0.029538012113533157, 'TopRight': 0.03002401821745175, 'BottomLeft': 0.02598076211353316, 'BottomRight': 0.019891520993173824}",animate_shapes,0,nan,nan,0,nan,1,-0.051566759745279946,-0.16834521293640137,1,3.623291015625
5875.3,113,9,4,3,"{'TopLeft': 0.7220758454421043, 'TopRight': 0.744781847254617, 'BottomLeft': 0.692820323027551, 'BottomRight': 0.6062177826491071}","{'TopLeft': 0.029538012113533157, 'TopRight': 0.03002401821745175, 'BottomLeft': 0.02598076211353316, 'BottomRight': 0.019891520993173824}",animate_shapes,0,nan,nan,0,nan,1,-0.04181533389621311,-0.17076104879379272,1,3.6104888916015625
5891.966,113,9,4,3,"{'TopLeft': 0.7220758454421043, 'TopRight': 0.744781847254617, 'BottomLeft': 0.692820323027551, 'BottomRight': 0.6062177826491071}","{'TopLeft': 0.029538012113533157, 'TopRight': 0.03002401821745175, 'BottomLeft': 0.02598076211353316, 'BottomRight': 0.019891520993173824}",animate_shapes,0,nan,nan,0,nan,1,-0.04618099000718858,-0.1770818829536438,1,3.5941009521484375
5908.633,113,9,4,3,"{'TopLeft': 0.7220758454421043, 'TopRight': 0.744781847254617, 'BottomLeft': 0.692820323027551, 'BottomRight': 0.6062177826491071}","{'TopLeft': 0.029538012113533157, 'TopRight': 0.03002401821745175, 'BottomLeft': 0.02598076211353316, 'BottomRight': 0.019891520993173824}",animate_shapes,0,nan,nan,0,nan,1,-0.04445627000596788,-0.176469624042511,1,3.5771484375
5925.3,113,9,4,3,"{'TopLeft': 0.7220758454421043, 'TopRight': 0.744781847254617, 'BottomLeft': 0.692820323027551, 'BottomRight': 0.6062177826491071}","{'TopLeft': 0.029538012113533157, 'TopRight': 0.03002401821745175, 'BottomLeft': 0.02598076211353316, 'BottomRight': 0.019891520993173824}",animate_shapes,0,nan,nan,0,nan,1,-0.04375680287679036,-0.1776484251022339,1,3.555267333984375
5941.966,113,9,4,3,"{'TopLeft': 0.7220758454421043, 'TopRight': 0.744781847254617, 'BottomLeft': 0.692820323027551, 'BottomRight': 0.6062177826491071}","{'TopLeft': 0.029538012113533157, 'TopRight': 0.03002401821745175, 'BottomLeft': 0.02598076211353316, 'BottomRight': 0.019891520993173824}",animate_shapes,0,nan,nan,0,nan,1,-0.04378498925103081,-0.17137891054153442,1,3.5349273681640625
5958.633,113,9,4,3,"{'TopLeft': 0.7220758454421043, 'TopRight': 0.744781847254617, 'BottomLeft': 0.692820323027551, 'BottomRight': 0.6062177826491071}","{'TopLeft': 0.029538012113533157, 'TopRight': 0.03002401821745175, 'BottomLeft': 0.02598076211353316, 'BottomRight': 0.019891520993173824}",animate_shapes,0,nan,nan,0,nan,1,-0.0449629889594184,-0.16742467880249023,1,3.5166778564453125
5975.3,113,9,4,3,"{'TopLeft': 0.7220758454421043, 'TopRight': 0.744781847254617, 'BottomLeft': 0.692820323027551, 'BottomRight': 0.6062177826491071}","{'TopLeft': 0.029538012113533157, 'TopRight': 0.03002401821745175, 'BottomLeft': 0.02598076211353316, 'BottomRight': 0.019891520993173824}",animate_shapes,0,nan,nan,0,nan,1,-0.04297717412312825,-0.16393351554870605,1,3.497528076171875
5991.966,113,9,4,3,"{'TopLeft': 0.7220758454421043, 'TopRight': 0.744781847254617, 'BottomLeft': 0.692820323027551, 'BottomRight': 0.6062177826491071}","{'TopLeft': 0.029538012113533157, 'TopRight': 0.03002401821745175, 'BottomLeft': 0.02598076211353316, 'BottomRight': 0.019891520993173824}",animate_shapes,0,nan,nan,0,nan,1,-0.04135847091674805,-0.17106783390045166,1,3.4841156005859375
6008.634,113,9,4,3,"{'TopLeft': 0.7220758454421043, 'TopRight': 0.744781847254617, 'BottomLeft': 0.692820323027551, 'BottomRight': 0.6062177826491071}","{'TopLeft': 0.029538012113533157, 'TopRight': 0.03002401821745175, 'BottomLeft': 0.02598076211353316, 'BottomRight': 0.019891520993173824}",animate_shapes,0,nan,nan,0,nan,1,-0.037693023681640625,-0.17086529731750488,1,3.4649200439453125
6025.301,113,9,4,3,"{'TopLeft': 0.7220758454421043, 'TopRight': 0.744781847254617, 'BottomLeft': 0.692820323027551, 'BottomRight': 0.6062177826491071}","{'TopLeft': 0.029538012113533157, 'TopRight': 0.03002401821745175, 'BottomLeft': 0.02598076211353316, 'BottomRight': 0.019891520993173824}",animate_shapes,0,nan,nan,0,nan,1,-0.041422790951199,-0.1663120985031128,1,3.456268310546875
6041.967,113,9,4,3,"{'TopLeft': 0.7220758454421043, 'TopRight': 0.744781847254617, 'BottomLeft': 0.692820323027551, 'BottomRight': 0.6062177826491071}","{'TopLeft': 0.029538012113533157, 'TopRight': 0.03002401821745175, 'BottomLeft': 0.02598076211353316, 'BottomRight': 0.019891520993173824}",animate_shapes,0,nan,nan,0,nan,1,-0.03944736056857639,-0.17364716529846191,1,3.444793701171875
6058.634,113,9,4,3,"{'TopLeft': 0.7220758454421043, 'TopRight': 0.744781847254617, 'BottomLeft': 0.692820323027551, 'BottomRight': 0.6062177826491071}","{'TopLeft': 0.029538012113533157, 'TopRight': 0.03002401821745175, 'BottomLeft': 0.02598076211353316, 'BottomRight': 0.019891520993173824}",animate_shapes,0,nan,nan,0,nan,1,-0.03656715816921658,-0.17022061347961426,1,3.439208984375
6075.301,113,9,4,3,"{'TopLeft': 0.7220758454421043, 'TopRight': 0.744781847254617, 'BottomLeft': 0.692820323027551, 'BottomRight': 0.6062177826491071}","{'TopLeft': 0.029538012113533157, 'TopRight': 0.03002401821745175, 'BottomLeft': 0.02598076211353316, 'BottomRight': 0.019891520993173824}",animate_shapes,0,nan,nan,0,nan,1,-0.04194890128241645,-0.17085206508636475,1,3.430389404296875
6091.967,113,9,4,3,"{'TopLeft': 0.7220758454421043, 'TopRight': 0.744781847254617, 'BottomLeft': 0.692820323027551, 'BottomRight': 0.6062177826491071}","{'TopLeft': 0.029538012113533157, 'TopRight': 0.03002401821745175, 'BottomLeft': 0.02598076211353316, 'BottomRight': 0.019891520993173824}",animate_shapes,0,nan,nan,0,nan,1,-0.046510060628255204,-0.1684640645980835,1,3.4281463623046875
6108.634,113,9,4,3,"{'TopLeft': 0.7220758454421043, 'TopRight': 0.744781847254617, 'BottomLeft': 0.692820323027551, 'BottomRight': 0.6062177826491071}","{'TopLeft': 0.029538012113533157, 'TopRight': 0.03002401821745175, 'BottomLeft': 0.02598076211353316, 'BottomRight': 0.019891520993173824}",animate_shapes,0,nan,nan,0,nan,1,-0.0439403322007921,-0.1708052158355713,1,3.4192352294921875
6125.301,113,9,4,3,"{'TopLeft': 0.7220758454421043, 'TopRight': 0.744781847254617, 'BottomLeft': 0.692820323027551, 'BottomRight': 0.6062177826491071}","{'TopLeft': 0.029538012113533157, 'TopRight': 0.03002401821745175, 'BottomLeft': 0.02598076211353316, 'BottomRight': 0.019891520993173824}",animate_shapes,0,nan,nan,0,nan,1,-0.04376570383707682,-0.16827863454818726,1,3.418212890625
6141.968,113,9,4,3,"{'TopLeft': 0.7220758454421043, 'TopRight': 0.744781847254617, 'BottomLeft': 0.692820323027551, 'BottomRight': 0.6062177826491071}","{'TopLeft': 0.029538012113533157, 'TopRight': 0.03002401821745175, 'BottomLeft': 0.02598076211353316, 'BottomRight': 0.019891520993173824}",animate_shapes,0,nan,nan,0,nan,1,-0.04177686903211805,-0.16517692804336548,1,3.4086456298828125
6158.635,113,9,4,3,"{'TopLeft': 0.7220758454421043, 'TopRight': 0.744781847254617, 'BottomLeft': 0.692820323027551, 'BottomRight': 0.6062177826491071}","{'TopLeft': 0.029538012113533157, 'TopRight': 0.03002401821745175, 'BottomLeft': 0.02598076211353316, 'BottomRight': 0.019891520993173824}",shapes_on_2,0,nan,nan,0,nan,1,-0.044434547424316406,-0.16305363178253174,1,3.4072418212890625
6175.302,113,9,4,3,"{'TopLeft': 0.7220758454421043, 'TopRight': 0.744781847254617, 'BottomLeft': 0.692820323027551, 'BottomRight': 0.6062177826491071}","{'TopLeft': 0.029538012113533157, 'TopRight': 0.03002401821745175, 'BottomLeft': 0.02598076211353316, 'BottomRight': 0.019891520993173824}",shapes_on_2,0,nan,nan,0,nan,1,-0.046285417344835066,-0.15672039985656738,1,3.4027862548828125
6191.968,113,9,4,3,"{'TopLeft': 0.7220758454421043, 'TopRight': 0.744781847254617, 'BottomLeft': 0.692820323027551, 'BottomRight': 0.6062177826491071}","{'TopLeft': 0.029538012113533157, 'TopRight': 0.03002401821745175, 'BottomLeft': 0.02598076211353316, 'BottomRight': 0.019891520993173824}",shapes_on_2,0,nan,nan,0,nan,1,-0.03952805201212565,-0.1583012342453003,1,3.38922119140625
6208.635,113,9,4,3,"{'TopLeft': 0.7220758454421043, 'TopRight': 0.744781847254617, 'BottomLeft': 0.692820323027551, 'BottomRight': 0.6062177826491071}","{'TopLeft': 0.029538012113533157, 'TopRight': 0.03002401821745175, 'BottomLeft': 0.02598076211353316, 'BottomRight': 0.019891520993173824}",shapes_on_2,0,nan,nan,0,nan,1,-0.039506276448567704,-0.16394472122192383,1,3.382720947265625
6225.302,113,9,4,3,"{'TopLeft': 0.7220758454421043, 'TopRight': 0.744781847254617, 'BottomLeft': 0.692820323027551, 'BottomRight': 0.6062177826491071}","{'TopLeft': 0.029538012113533157, 'TopRight': 0.03002401821745175, 'BottomLeft': 0.02598076211353316, 'BottomRight': 0.019891520993173824}",shapes_on_2,0,nan,nan,0,nan,1,-0.04517947302924262,-0.15957129001617432,1,3.371429443359375
6241.968,113,9,4,3,"{'TopLeft': 0.7220758454421043, 'TopRight': 0.744781847254617, 'BottomLeft': 0.692820323027551, 'BottomRight': 0.6062177826491071}","{'TopLeft': 0.029538012113533157, 'TopRight': 0.03002401821745175, 'BottomLeft': 0.02598076211353316, 'BottomRight': 0.019891520993173824}",shapes_on_2,0,nan,nan,0,nan,1,-0.04562886555989583,-0.15677452087402344,1,3.3689117431640625
6258.635,113,9,4,3,"{'TopLeft': 0.7220758454421043, 'TopRight': 0.744781847254617, 'BottomLeft': 0.692820323027551, 'BottomRight': 0.6062177826491071}","{'TopLeft': 0.029538012113533157, 'TopRight': 0.03002401821745175, 'BottomLeft': 0.02598076211353316, 'BottomRight': 0.019891520993173824}",shapes_on_2,0,nan,nan,0,nan,1,-0.03747367858886719,-0.16054469347000122,1,3.3573455810546875
6275.302,113,9,4,3,"{'TopLeft': 0.7220758454421043, 'TopRight': 0.744781847254617, 'BottomLeft': 0.692820323027551, 'BottomRight': 0.6062177826491071}","{'TopLeft': 0.029538012113533157, 'TopRight': 0.03002401821745175, 'BottomLeft': 0.02598076211353316, 'BottomRight': 0.019891520993173824}",shapes_on_2,0,nan,nan,0,nan,1,-0.0422263675265842,-0.15678977966308594,1,3.3527374267578125
6291.968,113,9,4,3,"{'TopLeft': 0.7220758454421043, 'TopRight': 0.744781847254617, 'BottomLeft': 0.692820323027551, 'BottomRight': 0.6062177826491071}","{'TopLeft': 0.029538012113533157, 'TopRight': 0.03002401821745175, 'BottomLeft': 0.02598076211353316, 'BottomRight': 0.019891520993173824}",shapes_on_2,0,nan,nan,0,nan,1,-0.04079786936442057,-0.16183698177337646,1,3.3471221923828125
6308.635,113,9,4,3,"{'TopLeft': 0.7220758454421043, 'TopRight': 0.744781847254617, 'BottomLeft': 0.692820323027551, 'BottomRight': 0.6062177826491071}","{'TopLeft': 0.029538012113533157, 'TopRight': 0.03002401821745175, 'BottomLeft': 0.02598076211353316, 'BottomRight': 0.019891520993173824}",shapes_on_2,1,-0.050192832946777344,-0.169272780418396,1,3.3152923583984375,1,-0.045908080206976995,-0.15194422006607056,1,3.344146728515625
6325.302,113,9,4,3,"{'TopLeft': 0.7220758454421043, 'TopRight': 0.744781847254617, 'BottomLeft': 0.692820323027551, 'BottomRight': 0.6062177826491071}","{'TopLeft': 0.029538012113533157, 'TopRight': 0.03002401821745175, 'BottomLeft': 0.02598076211353316, 'BottomRight': 0.019891520993173824}",shapes_on_2,1,-0.05111376444498698,-0.17654502391815186,1,3.3148956298828125,1,-0.03303284115261502,-0.15674817562103271,1,3.332366943359375
6341.969,113,9,4,3,"{'TopLeft': 0.7220758454421043, 'TopRight': 0.744781847254617, 'BottomLeft': 0.692820323027551, 'BottomRight': 0.6062177826491071}","{'TopLeft': 0.029538012113533157, 'TopRight': 0.03002401821745175, 'BottomLeft': 0.02598076211353316, 'BottomRight': 0.019891520993173824}",shapes_on_2,1,-0.05244329240587022,-0.16531193256378174,1,3.2996063232421875,1,-0.031219323476155598,-0.1577199101448059,1,3.3338470458984375
6358.636,113,9,4,3,"{'TopLeft': 0.7220758454421043, 'TopRight': 0.744781847254617, 'BottomLeft': 0.692820323027551, 'BottomRight': 0.6062177826491071}","{'TopLeft': 0.029538012113533157, 'TopRight': 0.03002401821745175, 'BottomLeft': 0.02598076211353316, 'BottomRight': 0.019891520993173824}",shapes_on_2,1,-0.050324969821506076,-0.1666385531425476,1,3.2979278564453125,1,-0.024764060974121094,-0.16167867183685303,1,3.320831298828125
6375.303,113,9,4,3,"{'TopLeft': 0.7220758454421043, 'TopRight': 0.744781847254617, 'BottomLeft': 0.692820323027551, 'BottomRight': 0.6062177826491071}","{'TopLeft': 0.029538012113533157, 'TopRight': 0.03002401821745175, 'BottomLeft': 0.02598076211353316, 'BottomRight': 0.019891520993173824}",shapes_on_2,1,-0.05004093382093641,-0.15763849020004272,1,3.2967071533203125,1,-0.029278543260362413,-0.1556413173675537,1,3.318145751953125
6391.969,113,9,4,3,"{'TopLeft': 0.7220758454421043, 'TopRight': 0.744781847254617, 'BottomLeft': 0.692820323027551, 'BottomRight': 0.6062177826491071}","{'TopLeft': 0.029538012113533157, 'TopRight': 0.03002401821745175, 'BottomLeft': 0.02598076211353316, 'BottomRight': 0.019891520993173824}",shapes_on_2,1,-0.04889668358696831,-0.14647042751312256,1,3.2928314208984375,1,-0.019402345021565754,-0.15833115577697754,1,3.3197479248046875
6408.636,113,9,4,3,"{'TopLeft': 0.7220758454421043, 'TopRight': 0.744781847254617, 'BottomLeft': 0.692820323027551, 'BottomRight': 0.6062177826491071}","{'TopLeft': 0.029538012113533157, 'TopRight': 0.03002401821745175, 'BottomLeft': 0.02598076211353316, 'BottomRight': 0.019891520993173824}",shapes_on_2,1,-0.05516412523057725,-0.1523268222808838,1,3.2970733642578125,1,-0.020257949829101562,-0.16057300567626953,1,3.316619873046875
6425.303,113,9,4,3,"{'TopLeft': 0.7220758454421043, 'TopRight': 0.744781847254617, 'BottomLeft': 0.692820323027551, 'BottomRight': 0.6062177826491071}","{'TopLeft': 0.029538012113533157, 'TopRight': 0.03002401821745175, 'BottomLeft': 0.02598076211353316, 'BottomRight': 0.019891520993173824}",shapes_on_2,1,-0.06177404191758897,-0.15579575300216675,1,3.2860107421875,1,-0.019244988759358723,-0.16011053323745728,1,3.3058624267578125
6441.969,113,9,4,3,"{'TopLeft': 0.7220758454421043, 'TopRight': 0.744781847254617, 'BottomLeft': 0.692820323027551, 'BottomRight': 0.6062177826491071}","{'TopLeft': 0.029538012113533157, 'TopRight': 0.03002401821745175, 'BottomLeft': 0.02598076211353316, 'BottomRight': 0.019891520993173824}",shapes_on_2,1,-0.05706077151828342,-0.16806983947753906,1,3.2968292236328125,1,-0.013775189717610676,-0.1520722508430481,1,3.2979583740234375
6458.636,113,9,4,3,"{'TopLeft': 0.7220758454421043, 'TopRight': 0.744781847254617, 'BottomLeft': 0.692820323027551, 'BottomRight': 0.6062177826491071}","{'TopLeft': 0.029538012113533157, 'TopRight': 0.03002401821745175, 'BottomLeft': 0.02598076211353316, 'BottomRight': 0.019891520993173824}",shapes_on_2,1,-0.0621800422668457,-0.17024606466293335,1,3.298553466796875,1,-0.026679039001464844,-0.1585964560508728,1,3.2979736328125
6475.303,113,9,4,3,"{'TopLeft': 0.7220758454421043, 'TopRight': 0.744781847254617, 'BottomLeft': 0.692820323027551, 'BottomRight': 0.6062177826491071}","{'TopLeft': 0.029538012113533157, 'TopRight': 0.03002401821745175, 'BottomLeft': 0.02598076211353316, 'BottomRight': 0.019891520993173824}",shapes_on_2,1,-0.04629453023274739,-0.16754627227783203,1,3.298126220703125,1,-0.009666019015842013,-0.15927302837371826,1,3.291748046875
6491.969,113,9,4,3,"{'TopLeft': 0.7220758454421043, 'TopRight': 0.744781847254617, 'BottomLeft': 0.692820323027551, 'BottomRight': 0.6062177826491071}","{'TopLeft': 0.029538012113533157, 'TopRight': 0.03002401821745175, 'BottomLeft': 0.02598076211353316, 'BottomRight': 0.019891520993173824}",shapes_on_2,1,-0.050583097669813365,-0.15992379188537598,1,3.300872802734375,1,-0.01329856448703342,-0.15888285636901855,1,3.290771484375
6508.636,113,9,4,3,"{'TopLeft': 0.7220758454421043, 'TopRight': 0.744781847254617, 'BottomLeft': 0.692820323027551, 'BottomRight': 0.6062177826491071}","{'TopLeft': 0.029538012113533157, 'TopRight': 0.03002401821745175, 'BottomLeft': 0.02598076211353316, 'BottomRight': 0.019891520993173824}",shapes_on_2,1,-0.04941611819797092,-0.14723634719848633,1,3.296417236328125,1,-0.011710431840684678,-0.15027964115142822,1,3.2846221923828125
6525.303,113,9,4,3,"{'TopLeft': 0.7220758454421043, 'TopRight': 0.744781847254617, 'BottomLeft': 0.692820323027551, 'BottomRight': 0.6062177826491071}","{'TopLeft': 0.029538012113533157, 'TopRight': 0.03002401821745175, 'BottomLeft': 0.02598076211353316, 'BottomRight': 0.019891520993173824}",shapes_on_2,1,-0.06098434660169813,-0.15213841199874878,1,3.2973175048828125,1,-0.004553371005588108,-0.1496260166168213,1,3.2905426025390625
6541.969,113,9,4,3,"{'TopLeft': 0.7220758454421043, 'TopRight': 0.744781847254617, 'BottomLeft': 0.692820323027551, 'BottomRight': 0.6062177826491071}","{'TopLeft': 0.029538012113533157, 'TopRight': 0.03002401821745175, 'BottomLeft': 0.02598076211353316, 'BottomRight': 0.019891520993173824}",shapes_on_2,1,-0.044624381595187716,-0.15949183702468872,1,3.298919677734375,1,-0.0011237992180718316,-0.14646798372268677,1,3.29254150390625
6558.637,113,9,4,3,"{'TopLeft': 0.7220758454421043, 'TopRight': 0.744781847254617, 'BottomLeft': 0.692820323027551, 'BottomRight': 0.6062177826491071}","{'TopLeft': 0.029538012113533157, 'TopRight': 0.03002401821745175, 'BottomLeft': 0.02598076211353316, 'BottomRight': 0.019891520993173824}",shapes_on_2,1,0.021507369147406682,-0.14605742692947388,1,3.294830322265625,1,0.0654465357462565,-0.16502201557159424,1,3.300933837890625
6575.304,113,9,4,3,"{'TopLeft': 0.7220758454421043, 'TopRight': 0.744781847254617, 'BottomLeft': 0.692820323027551, 'BottomRight': 0.6062177826491071}","{'TopLeft': 0.029538012113533157, 'TopRight': 0.03002401821745175, 'BottomLeft': 0.02598076211353316, 'BottomRight': 0.019891520993173824}",shapes_on_2,0,nan,nan,0,nan,1,0.2832162645128038,-0.22510498762130737,1,3.287139892578125
6591.97,113,9,4,3,"{'TopLeft': 0.7220758454421043, 'TopRight': 0.744781847254617, 'BottomLeft': 0.692820323027551, 'BottomRight': 0.6062177826491071}","{'TopLeft': 0.029538012113533157, 'TopRight': 0.03002401821745175, 'BottomLeft': 0.02598076211353316, 'BottomRight': 0.019891520993173824}",shapes_on_2,0,nan,nan,0,nan,1,0.28538089328342015,-0.2297426462173462,1,3.3097991943359375
6608.637,113,9,4,3,"{'TopLeft': 0.7220758454421043, 'TopRight': 0.744781847254617, 'BottomLeft': 0.692820323027551, 'BottomRight': 0.6062177826491071}","{'TopLeft': 0.029538012113533157, 'TopRight': 0.03002401821745175, 'BottomLeft': 0.02598076211353316, 'BottomRight': 0.019891520993173824}",shapes_on_2,0,nan,nan,0,nan,1,0.2786712646484375,-0.23750197887420654,1,3.3069000244140625
6625.304,113,9,4,3,"{'TopLeft': 0.7220758454421043, 'TopRight': 0.744781847254617, 'BottomLeft': 0.692820323027551, 'BottomRight': 0.6062177826491071}","{'TopLeft': 0.029538012113533157, 'TopRight': 0.03002401821745175, 'BottomLeft': 0.02598076211353316, 'BottomRight': 0.019891520993173824}",shapes_on_2,0,nan,nan,0,nan,1,0.30515172746446395,-0.2544601559638977,1,3.3043670654296875
6641.97,113,9,4,3,"{'TopLeft': 0.7220758454421043, 'TopRight': 0.744781847254617, 'BottomLeft': 0.692820323027551, 'BottomRight': 0.6062177826491071}","{'TopLeft': 0.029538012113533157, 'TopRight': 0.03002401821745175, 'BottomLeft': 0.02598076211353316, 'BottomRight': 0.019891520993173824}",shapes_on_2,0,nan,nan,0,nan,1,0.2932877010769314,-0.2568272352218628,1,3.3108978271484375
6658.637,113,9,4,3,"{'TopLeft': 0.7220758454421043, 'TopRight': 0.744781847254617, 'BottomLeft': 0.692820323027551, 'BottomRight': 0.6062177826491071}","{'TopLeft': 0.029538012113533157, 'TopRight': 0.03002401821745175, 'BottomLeft': 0.02598076211353316, 'BottomRight': 0.019891520993173824}",shapes_on_2,0,nan,nan,0,nan,1,0.2891628477308485,-0.26389598846435547,1,3.2992401123046875
6675.304,113,9,4,3,"{'TopLeft': 0.7220758454421043, 'TopRight': 0.744781847254617, 'BottomLeft': 0.692820323027551, 'BottomRight': 0.6062177826491071}","{'TopLeft': 0.029538012113533157, 'TopRight': 0.03002401821745175, 'BottomLeft': 0.02598076211353316, 'BottomRight': 0.019891520993173824}",shapes_on_2,0,nan,nan,0,nan,1,0.2934270434909397,-0.270307719707489,1,3.30816650390625
6691.97,113,9,4,3,"{'TopLeft': 0.7220758454421043, 'TopRight': 0.744781847254617, 'BottomLeft': 0.692820323027551, 'BottomRight': 0.6062177826491071}","{'TopLeft': 0.029538012113533157, 'TopRight': 0.03002401821745175, 'BottomLeft': 0.02598076211353316, 'BottomRight': 0.019891520993173824}",shapes_on_2,0,nan,nan,0,nan,1,0.29986106024848086,-0.26291966438293457,1,3.3032684326171875
6708.637,113,9,4,3,"{'TopLeft': 0.7220758454421043, 'TopRight': 0.744781847254617, 'BottomLeft': 0.692820323027551, 'BottomRight': 0.6062177826491071}","{'TopLeft': 0.029538012113533157, 'TopRight': 0.03002401821745175, 'BottomLeft': 0.02598076211353316, 'BottomRight': 0.019891520993173824}",shapes_on_2,0,nan,nan,0,nan,1,0.29652765062120223,-0.25926703214645386,1,3.31134033203125
6725.304,113,9,4,3,"{'TopLeft': 0.7220758454421043, 'TopRight': 0.744781847254617, 'BottomLeft': 0.692820323027551, 'BottomRight': 0.6062177826491071}","{'TopLeft': 0.029538012113533157, 'TopRight': 0.03002401821745175, 'BottomLeft': 0.02598076211353316, 'BottomRight': 0.019891520993173824}",shapes_on_2,0,nan,nan,0,nan,1,0.303763919406467,-0.2559271454811096,1,3.31585693359375
6741.97,113,9,4,3,"{'TopLeft': 0.7220758454421043, 'TopRight': 0.744781847254617, 'BottomLeft': 0.692820323027551, 'BottomRight': 0.6062177826491071}","{'TopLeft': 0.029538012113533157, 'TopRight': 0.03002401821745175, 'BottomLeft': 0.02598076211353316, 'BottomRight': 0.019891520993173824}",shapes_on_2,0,nan,nan,0,nan,1,0.30564212799072266,-0.25174713134765625,1,3.3263397216796875
6758.637,113,9,4,3,"{'TopLeft': 0.7220758454421043, 'TopRight': 0.744781847254617, 'BottomLeft': 0.692820323027551, 'BottomRight': 0.6062177826491071}","{'TopLeft': 0.029538012113533157, 'TopRight': 0.03002401821745175, 'BottomLeft': 0.02598076211353316, 'BottomRight': 0.019891520993173824}",shapes_on_2,0,nan,nan,0,nan,1,0.2966110441419813,-0.25449472665786743,1,3.32421875
6775.304,113,9,4,3,"{'TopLeft': 0.7220758454421043, 'TopRight': 0.744781847254617, 'BottomLeft': 0.692820323027551, 'BottomRight': 0.6062177826491071}","{'TopLeft': 0.029538012113533157, 'TopRight': 0.03002401821745175, 'BottomLeft': 0.02598076211353316, 'BottomRight': 0.019891520993173824}",shapes_on_2,0,nan,nan,0,nan,1,0.3041532304551866,-0.26224541664123535,1,3.33282470703125
6791.971,113,9,4,3,"{'TopLeft': 0.7220758454421043, 'TopRight': 0.744781847254617, 'BottomLeft': 0.692820323027551, 'BottomRight': 0.6062177826491071}","{'TopLeft': 0.029538012113533157, 'TopRight': 0.03002401821745175, 'BottomLeft': 0.02598076211353316, 'BottomRight': 0.019891520993173824}",shapes_on_2,0,nan,nan,0,nan,1,0.30827448103162974,-0.25755083560943604,1,3.3332977294921875
6808.638,113,9,4,3,"{'TopLeft': 0.7220758454421043, 'TopRight': 0.744781847254617, 'BottomLeft': 0.692820323027551, 'BottomRight': 0.6062177826491071}","{'TopLeft': 0.029538012113533157, 'TopRight': 0.03002401821745175, 'BottomLeft': 0.02598076211353316, 'BottomRight': 0.019891520993173824}",shapes_on_2,0,nan,nan,0,nan,1,0.2961760626898871,-0.250648558139801,1,3.3385009765625
6825.305,113,9,4,3,"{'TopLeft': 0.7220758454421043, 'TopRight': 0.744781847254617, 'BottomLeft': 0.692820323027551, 'BottomRight': 0.6062177826491071}","{'TopLeft': 0.029538012113533157, 'TopRight': 0.03002401821745175, 'BottomLeft': 0.02598076211353316, 'BottomRight': 0.019891520993173824}",shapes_on_2,0,nan,nan,0,nan,1,0.3046085569593641,-0.25450605154037476,1,3.3363037109375
6841.971,113,9,4,3,"{'TopLeft': 0.7220758454421043, 'TopRight': 0.744781847254617, 'BottomLeft': 0.692820323027551, 'BottomRight': 0.6062177826491071}","{'TopLeft': 0.029538012113533157, 'TopRight': 0.03002401821745175, 'BottomLeft': 0.02598076211353316, 'BottomRight': 0.019891520993173824}",shapes_on_2,0,nan,nan,0,nan,1,0.2964064280192057,-0.24618613719940186,1,3.3397064208984375
6858.638,113,9,4,3,"{'TopLeft': 0.7220758454421043, 'TopRight': 0.744781847254617, 'BottomLeft': 0.692820323027551, 'BottomRight': 0.6062177826491071}","{'TopLeft': 0.029538012113533157, 'TopRight': 0.03002401821745175, 'BottomLeft': 0.02598076211353316, 'BottomRight': 0.019891520993173824}",shapes_on_2,0,nan,nan,0,nan,1,0.29561466640896267,-0.2566646337509155,1,3.33154296875
6875.305,113,9,4,3,"{'TopLeft': 0.7220758454421043, 'TopRight': 0.744781847254617, 'BottomLeft': 0.692820323027551, 'BottomRight': 0.6062177826491071}","{'TopLeft': 0.029538012113533157, 'TopRight': 0.03002401821745175, 'BottomLeft': 0.02598076211353316, 'BottomRight': 0.019891520993173824}",shapes_on_2,0,nan,nan,0,nan,1,0.3085997899373372,-0.24724727869033813,1,3.32965087890625
6891.971,113,9,4,3,"{'TopLeft': 0.7220758454421043, 'TopRight': 0.744781847254617, 'BottomLeft': 0.692820323027551, 'BottomRight': 0.6062177826491071}","{'TopLeft': 0.029538012113533157, 'TopRight': 0.03002401821745175, 'BottomLeft': 0.02598076211353316, 'BottomRight': 0.019891520993173824}",shapes_on_2,0,nan,nan,0,nan,1,0.2968040042453342,-0.3603637218475342,1,3.1685943603515625
6908.638,113,9,4,3,"{'TopLeft': 0.7220758454421043, 'TopRight': 0.744781847254617, 'BottomLeft': 0.692820323027551, 'BottomRight': 0.6062177826491071}","{'TopLeft': 0.029538012113533157, 'TopRight': 0.03002401821745175, 'BottomLeft': 0.02598076211353316, 'BottomRight': 0.019891520993173824}",shapes_on_2,0,nan,nan,0,nan,1,-0.0422117445203993,-0.40100961923599243,1,3.110748291015625
6925.305,113,9,4,3,"{'TopLeft': 0.7220758454421043, 'TopRight': 0.744781847254617, 'BottomLeft': 0.692820323027551, 'BottomRight': 0.6062177826491071}","{'TopLeft': 0.029538012113533157, 'TopRight': 0.03002401821745175, 'BottomLeft': 0.02598076211353316, 'BottomRight': 0.019891520993173824}",shapes_on_2,1,-0.7249128288692898,-0.5788440704345703,1,3.0430755615234375,1,-0.5525774425930446,-0.4546436667442322,1,2.8753204345703125
6941.971,113,9,4,3,"{'TopLeft': 0.7220758454421043, 'TopRight': 0.744781847254617, 'BottomLeft': 0.692820323027551, 'BottomRight': 0.6062177826491071}","{'TopLeft': 0.029538012113533157, 'TopRight': 0.03002401821745175, 'BottomLeft': 0.02598076211353316, 'BottomRight': 0.019891520993173824}",shapes_on_2,1,-1.0402488311131795,-0.6184676885604858,1,3.0901947021484375,1,-1.0163662566079033,-0.5473904609680176,1,2.8659515380859375
6958.638,113,9,4,3,"{'TopLeft': 0.7220758454421043, 'TopRight': 0.744781847254617, 'BottomLeft': 0.692820323027551, 'BottomRight': 0.6062177826491071}","{'TopLeft': 0.029538012113533157, 'TopRight': 0.03002401821745175, 'BottomLeft': 0.02598076211353316, 'BottomRight': 0.019891520993173824}",shapes_on_2,0,nan,nan,0,nan,0,nan,nan,0,nan
6975.305,113,9,4,3,"{'TopLeft': 0.7220758454421043, 'TopRight': 0.744781847254617, 'BottomLeft': 0.692820323027551, 'BottomRight': 0.6062177826491071}","{'TopLeft': 0.029538012113533157, 'TopRight': 0.03002401821745175, 'BottomLeft': 0.02598076211353316, 'BottomRight': 0.019891520993173824}",shapes_on_2,0,nan,nan,0,nan,0,nan,nan,0,nan
6991.971,113,9,4,3,"{'TopLeft': 0.7220758454421043, 'TopRight': 0.744781847254617, 'BottomLeft': 0.692820323027551, 'BottomRight': 0.6062177826491071}","{'TopLeft': 0.029538012113533157, 'TopRight': 0.03002401821745175, 'BottomLeft': 0.02598076211353316, 'BottomRight': 0.019891520993173824}",shapes_on_2,0,nan,nan,0,nan,0,nan,nan,0,nan
7008.639,113,9,4,3,"{'TopLeft': 0.7220758454421043, 'TopRight': 0.744781847254617, 'BottomLeft': 0.692820323027551, 'BottomRight': 0.6062177826491071}","{'TopLeft': 0.029538012113533157, 'TopRight': 0.03002401821745175, 'BottomLeft': 0.02598076211353316, 'BottomRight': 0.019891520993173824}",shapes_on_2,0,nan,nan,0,nan,0,nan,nan,0,nan
7025.306,113,9,4,3,"{'TopLeft': 0.7220758454421043, 'TopRight': 0.744781847254617, 'BottomLeft': 0.692820323027551, 'BottomRight': 0.6062177826491071}","{'TopLeft': 0.029538012113533157, 'TopRight': 0.03002401821745175, 'BottomLeft': 0.02598076211353316, 'BottomRight': 0.019891520993173824}",shapes_on_2,0,nan,nan,0,nan,0,nan,nan,0,nan
7041.972,113,9,4,3,"{'TopLeft': 0.7220758454421043, 'TopRight': 0.744781847254617, 'BottomLeft': 0.692820323027551, 'BottomRight': 0.6062177826491071}","{'TopLeft': 0.029538012113533157, 'TopRight': 0.03002401821745175, 'BottomLeft': 0.02598076211353316, 'BottomRight': 0.019891520993173824}",shapes_on_2,0,nan,nan,0,nan,0,nan,nan,0,nan
7058.639,113,9,4,3,"{'TopLeft': 0.7220758454421043, 'TopRight': 0.744781847254617, 'BottomLeft': 0.692820323027551, 'BottomRight': 0.6062177826491071}","{'TopLeft': 0.029538012113533157, 'TopRight': 0.03002401821745175, 'BottomLeft': 0.02598076211353316, 'BottomRight': 0.019891520993173824}",shapes_on_2,0,nan,nan,0,nan,0,nan,nan,0,nan
7075.306,113,9,4,3,"{'TopLeft': 0.7220758454421043, 'TopRight': 0.744781847254617, 'BottomLeft': 0.692820323027551, 'BottomRight': 0.6062177826491071}","{'TopLeft': 0.029538012113533157, 'TopRight': 0.03002401821745175, 'BottomLeft': 0.02598076211353316, 'BottomRight': 0.019891520993173824}",shapes_on_2,0,nan,nan,0,nan,0,nan,nan,0,nan
7091.972,113,9,4,3,"{'TopLeft': 0.7220758454421043, 'TopRight': 0.744781847254617, 'BottomLeft': 0.692820323027551, 'BottomRight': 0.6062177826491071}","{'TopLeft': 0.029538012113533157, 'TopRight': 0.03002401821745175, 'BottomLeft': 0.02598076211353316, 'BottomRight': 0.019891520993173824}",shapes_on_2,0,nan,nan,0,nan,0,nan,nan,0,nan
7108.639,113,9,4,3,"{'TopLeft': 0.7220758454421043, 'TopRight': 0.744781847254617, 'BottomLeft': 0.692820323027551, 'BottomRight': 0.6062177826491071}","{'TopLeft': 0.029538012113533157, 'TopRight': 0.03002401821745175, 'BottomLeft': 0.02598076211353316, 'BottomRight': 0.019891520993173824}",shapes_on_2,0,nan,nan,0,nan,0,nan,nan,0,nan
7125.307,113,9,4,3,"{'TopLeft': 0.7220758454421043, 'TopRight': 0.744781847254617, 'BottomLeft': 0.692820323027551, 'BottomRight': 0.6062177826491071}","{'TopLeft': 0.029538012113533157, 'TopRight': 0.03002401821745175, 'BottomLeft': 0.02598076211353316, 'BottomRight': 0.019891520993173824}",shapes_on_2,0,nan,nan,0,nan,0,nan,nan,0,nan
7141.973,113,9,4,3,"{'TopLeft': 0.7220758454421043, 'TopRight': 0.744781847254617, 'BottomLeft': 0.692820323027551, 'BottomRight': 0.6062177826491071}","{'TopLeft': 0.029538012113533157, 'TopRight': 0.03002401821745175, 'BottomLeft': 0.02598076211353316, 'BottomRight': 0.019891520993173824}",shapes_on_2,0,nan,nan,0,nan,0,nan,nan,0,nan
7158.64,113,9,4,3,"{'TopLeft': 0.7220758454421043, 'TopRight': 0.744781847254617, 'BottomLeft': 0.692820323027551, 'BottomRight': 0.6062177826491071}","{'TopLeft': 0.029538012113533157, 'TopRight': 0.03002401821745175, 'BottomLeft': 0.02598076211353316, 'BottomRight': 0.019891520993173824}",shapes_on_2,0,nan,nan,0,nan,0,nan,nan,0,nan
7175.307,113,9,4,3,"{'TopLeft': 0.7220758454421043, 'TopRight': 0.744781847254617, 'BottomLeft': 0.692820323027551, 'BottomRight': 0.6062177826491071}","{'TopLeft': 0.029538012113533157, 'TopRight': 0.03002401821745175, 'BottomLeft': 0.02598076211353316, 'BottomRight': 0.019891520993173824}",shapes_on_2,0,nan,nan,0,nan,0,nan,nan,0,nan
7191.973,113,9,4,3,"{'TopLeft': 0.7220758454421043, 'TopRight': 0.744781847254617, 'BottomLeft': 0.692820323027551, 'BottomRight': 0.6062177826491071}","{'TopLeft': 0.029538012113533157, 'TopRight': 0.03002401821745175, 'BottomLeft': 0.02598076211353316, 'BottomRight': 0.019891520993173824}",shapes_on_2,0,nan,nan,0,nan,0,nan,nan,0,nan
7208.64,113,9,4,3,"{'TopLeft': 0.7220758454421043, 'TopRight': 0.744781847254617, 'BottomLeft': 0.692820323027551, 'BottomRight': 0.6062177826491071}","{'TopLeft': 0.029538012113533157, 'TopRight': 0.03002401821745175, 'BottomLeft': 0.02598076211353316, 'BottomRight': 0.019891520993173824}",shapes_on_2,0,nan,nan,0,nan,0,nan,nan,0,nan
7225.307,113,9,4,3,"{'TopLeft': 0.7220758454421043, 'TopRight': 0.744781847254617, 'BottomLeft': 0.692820323027551, 'BottomRight': 0.6062177826491071}","{'TopLeft': 0.029538012113533157, 'TopRight': 0.03002401821745175, 'BottomLeft': 0.02598076211353316, 'BottomRight': 0.019891520993173824}",shapes_on_2,0,nan,nan,0,nan,0,nan,nan,0,nan
7241.973,113,9,4,3,"{'TopLeft': 0.7220758454421043, 'TopRight': 0.744781847254617, 'BottomLeft': 0.692820323027551, 'BottomRight': 0.6062177826491071}","{'TopLeft': 0.029538012113533157, 'TopRight': 0.03002401821745175, 'BottomLeft': 0.02598076211353316, 'BottomRight': 0.019891520993173824}",shapes_on_2,0,nan,nan,0,nan,0,nan,nan,0,nan
7258.64,113,9,4,3,"{'TopLeft': 0.7220758454421043, 'TopRight': 0.744781847254617, 'BottomLeft': 0.692820323027551, 'BottomRight': 0.6062177826491071}","{'TopLeft': 0.029538012113533157, 'TopRight': 0.03002401821745175, 'BottomLeft': 0.02598076211353316, 'BottomRight': 0.019891520993173824}",shapes_on_2,0,nan,nan,0,nan,0,nan,nan,0,nan
7275.308,113,9,4,3,"{'TopLeft': 0.7220758454421043, 'TopRight': 0.744781847254617, 'BottomLeft': 0.692820323027551, 'BottomRight': 0.6062177826491071}","{'TopLeft': 0.029538012113533157, 'TopRight': 0.03002401821745175, 'BottomLeft': 0.02598076211353316, 'BottomRight': 0.019891520993173824}",shapes_on_2,0,nan,nan,0,nan,0,nan,nan,0,nan
7291.974,113,9,4,3,"{'TopLeft': 0.7220758454421043, 'TopRight': 0.744781847254617, 'BottomLeft': 0.692820323027551, 'BottomRight': 0.6062177826491071}","{'TopLeft': 0.029538012113533157, 'TopRight': 0.03002401821745175, 'BottomLeft': 0.02598076211353316, 'BottomRight': 0.019891520993173824}",shapes_on_2,0,nan,nan,0,nan,0,nan,nan,0,nan
7308.641,113,9,4,3,"{'TopLeft': 0.7220758454421043, 'TopRight': 0.744781847254617, 'BottomLeft': 0.692820323027551, 'BottomRight': 0.6062177826491071}","{'TopLeft': 0.029538012113533157, 'TopRight': 0.03002401821745175, 'BottomLeft': 0.02598076211353316, 'BottomRight': 0.019891520993173824}",shapes_on_2,0,nan,nan,0,nan,0,nan,nan,0,nan
7325.308,113,9,4,3,"{'TopLeft': 0.7220758454421043, 'TopRight': 0.744781847254617, 'BottomLeft': 0.692820323027551, 'BottomRight': 0.6062177826491071}","{'TopLeft': 0.029538012113533157, 'TopRight': 0.03002401821745175, 'BottomLeft': 0.02598076211353316, 'BottomRight': 0.019891520993173824}",shapes_on_2,0,nan,nan,0,nan,0,nan,nan,0,nan
7341.973,113,9,4,3,"{'TopLeft': 0.7220758454421043, 'TopRight': 0.744781847254617, 'BottomLeft': 0.692820323027551, 'BottomRight': 0.6062177826491071}","{'TopLeft': 0.029538012113533157, 'TopRight': 0.03002401821745175, 'BottomLeft': 0.02598076211353316, 'BottomRight': 0.019891520993173824}",shapes_on_2,0,nan,nan,0,nan,0,nan,nan,0,nan
7358.638,113,9,4,3,"{'TopLeft': 0.7220758454421043, 'TopRight': 0.744781847254617, 'BottomLeft': 0.692820323027551, 'BottomRight': 0.6062177826491071}","{'TopLeft': 0.029538012113533157, 'TopRight': 0.03002401821745175, 'BottomLeft': 0.02598076211353316, 'BottomRight': 0.019891520993173824}",shapes_on_2,0,nan,nan,0,nan,0,nan,nan,0,nan
7375.303,113,9,4,3,"{'TopLeft': 0.7220758454421043, 'TopRight': 0.744781847254617, 'BottomLeft': 0.692820323027551, 'BottomRight': 0.6062177826491071}","{'TopLeft': 0.029538012113533157, 'TopRight': 0.03002401821745175, 'BottomLeft': 0.02598076211353316, 'BottomRight': 0.019891520993173824}",shapes_on_2,0,nan,nan,0,nan,0,nan,nan,0,nan
7391.969,113,9,4,3,"{'TopLeft': 0.7220758454421043, 'TopRight': 0.744781847254617, 'BottomLeft': 0.692820323027551, 'BottomRight': 0.6062177826491071}","{'TopLeft': 0.029538012113533157, 'TopRight': 0.03002401821745175, 'BottomLeft': 0.02598076211353316, 'BottomRight': 0.019891520993173824}",shapes_on_2,0,nan,nan,0,nan,0,nan,nan,0,nan
7408.635,113,9,4,3,"{'TopLeft': 0.7220758454421043, 'TopRight': 0.744781847254617, 'BottomLeft': 0.692820323027551, 'BottomRight': 0.6062177826491071}","{'TopLeft': 0.029538012113533157, 'TopRight': 0.03002401821745175, 'BottomLeft': 0.02598076211353316, 'BottomRight': 0.019891520993173824}",shapes_on_2,0,nan,nan,0,nan,0,nan,nan,0,nan
7425.302,113,9,4,3,"{'TopLeft': 0.7220758454421043, 'TopRight': 0.744781847254617, 'BottomLeft': 0.692820323027551, 'BottomRight': 0.6062177826491071}","{'TopLeft': 0.029538012113533157, 'TopRight': 0.03002401821745175, 'BottomLeft': 0.02598076211353316, 'BottomRight': 0.019891520993173824}",shapes_on_2,0,nan,nan,0,nan,0,nan,nan,0,nan
7441.969,113,9,4,3,"{'TopLeft': 0.7220758454421043, 'TopRight': 0.744781847254617, 'BottomLeft': 0.692820323027551, 'BottomRight': 0.6062177826491071}","{'TopLeft': 0.029538012113533157, 'TopRight': 0.03002401821745175, 'BottomLeft': 0.02598076211353316, 'BottomRight': 0.019891520993173824}",shapes_on_2,0,nan,nan,0,nan,0,nan,nan,0,nan
7458.635,113,9,4,3,"{'TopLeft': 0.7220758454421043, 'TopRight': 0.744781847254617, 'BottomLeft': 0.692820323027551, 'BottomRight': 0.6062177826491071}","{'TopLeft': 0.029538012113533157, 'TopRight': 0.03002401821745175, 'BottomLeft': 0.02598076211353316, 'BottomRight': 0.019891520993173824}",shapes_on_2,0,nan,nan,0,nan,0,nan,nan,0,nan
7475.302,113,9,4,3,"{'TopLeft': 0.7220758454421043, 'TopRight': 0.744781847254617, 'BottomLeft': 0.692820323027551, 'BottomRight': 0.6062177826491071}","{'TopLeft': 0.029538012113533157, 'TopRight': 0.03002401821745175, 'BottomLeft': 0.02598076211353316, 'BottomRight': 0.019891520993173824}",shapes_on_2,0,nan,nan,0,nan,0,nan,nan,0,nan
7491.969,113,9,4,3,"{'TopLeft': 0.7220758454421043, 'TopRight': 0.744781847254617, 'BottomLeft': 0.692820323027551, 'BottomRight': 0.6062177826491071}","{'TopLeft': 0.029538012113533157, 'TopRight': 0.03002401821745175, 'BottomLeft': 0.02598076211353316, 'BottomRight': 0.019891520993173824}",shapes_on_2,0,nan,nan,0,nan,0,nan,nan,0,nan
7508.636,113,9,4,3,"{'TopLeft': 0.7220758454421043, 'TopRight': 0.744781847254617, 'BottomLeft': 0.692820323027551, 'BottomRight': 0.6062177826491071}","{'TopLeft': 0.029538012113533157, 'TopRight': 0.03002401821745175, 'BottomLeft': 0.02598076211353316, 'BottomRight': 0.019891520993173824}",shapes_on_2,0,nan,nan,0,nan,0,nan,nan,0,nan
7525.302,113,9,4,3,"{'TopLeft': 0.7220758454421043, 'TopRight': 0.744781847254617, 'BottomLeft': 0.692820323027551, 'BottomRight': 0.6062177826491071}","{'TopLeft': 0.029538012113533157, 'TopRight': 0.03002401821745175, 'BottomLeft': 0.02598076211353316, 'BottomRight': 0.019891520993173824}",shapes_on_2,0,nan,nan,0,nan,0,nan,nan,0,nan
7541.968,113,9,4,3,"{'TopLeft': 0.7220758454421043, 'TopRight': 0.744781847254617, 'BottomLeft': 0.692820323027551, 'BottomRight': 0.6062177826491071}","{'TopLeft': 0.029538012113533157, 'TopRight': 0.03002401821745175, 'BottomLeft': 0.02598076211353316, 'BottomRight': 0.019891520993173824}",shapes_on_2,0,nan,nan,0,nan,0,nan,nan,0,nan
7558.634,113,9,4,3,"{'TopLeft': 0.7220758454421043, 'TopRight': 0.744781847254617, 'BottomLeft': 0.692820323027551, 'BottomRight': 0.6062177826491071}","{'TopLeft': 0.029538012113533157, 'TopRight': 0.03002401821745175, 'BottomLeft': 0.02598076211353316, 'BottomRight': 0.019891520993173824}",shapes_on_2,0,nan,nan,0,nan,0,nan,nan,0,nan
7575.303,113,9,4,3,"{'TopLeft': 0.7220758454421043, 'TopRight': 0.744781847254617, 'BottomLeft': 0.692820323027551, 'BottomRight': 0.6062177826491071}","{'TopLeft': 0.029538012113533157, 'TopRight': 0.03002401821745175, 'BottomLeft': 0.02598076211353316, 'BottomRight': 0.019891520993173824}",shapes_on_2,0,nan,nan,0,nan,0,nan,nan,0,nan
7591.969,113,9,4,3,"{'TopLeft': 0.7220758454421043, 'TopRight': 0.744781847254617, 'BottomLeft': 0.692820323027551, 'BottomRight': 0.6062177826491071}","{'TopLeft': 0.029538012113533157, 'TopRight': 0.03002401821745175, 'BottomLeft': 0.02598076211353316, 'BottomRight': 0.019891520993173824}",shapes_on_2,0,nan,nan,0,nan,0,nan,nan,0,nan
7608.636,113,9,4,3,"{'TopLeft': 0.7220758454421043, 'TopRight': 0.744781847254617, 'BottomLeft': 0.692820323027551, 'BottomRight': 0.6062177826491071}","{'TopLeft': 0.029538012113533157, 'TopRight': 0.03002401821745175, 'BottomLeft': 0.02598076211353316, 'BottomRight': 0.019891520993173824}",shapes_on_2,0,nan,nan,0,nan,0,nan,nan,0,nan
7625.303,113,9,4,3,"{'TopLeft': 0.7220758454421043, 'TopRight': 0.744781847254617, 'BottomLeft': 0.692820323027551, 'BottomRight': 0.6062177826491071}","{'TopLeft': 0.029538012113533157, 'TopRight': 0.03002401821745175, 'BottomLeft': 0.02598076211353316, 'BottomRight': 0.019891520993173824}",shapes_on_2,0,nan,nan,0,nan,0,nan,nan,0,nan
7641.969,113,9,4,3,"{'TopLeft': 0.7220758454421043, 'TopRight': 0.744781847254617, 'BottomLeft': 0.692820323027551, 'BottomRight': 0.6062177826491071}","{'TopLeft': 0.029538012113533157, 'TopRight': 0.03002401821745175, 'BottomLeft': 0.02598076211353316, 'BottomRight': 0.019891520993173824}",shapes_on_2,0,nan,nan,0,nan,0,nan,nan,0,nan
7658.636,113,9,4,3,"{'TopLeft': 0.7220758454421043, 'TopRight': 0.744781847254617, 'BottomLeft': 0.692820323027551, 'BottomRight': 0.6062177826491071}","{'TopLeft': 0.029538012113533157, 'TopRight': 0.03002401821745175, 'BottomLeft': 0.02598076211353316, 'BottomRight': 0.019891520993173824}",shapes_on_2,0,nan,nan,0,nan,0,nan,nan,0,nan
7675.303,113,9,4,3,"{'TopLeft': 0.7220758454421043, 'TopRight': 0.744781847254617, 'BottomLeft': 0.692820323027551, 'BottomRight': 0.6062177826491071}","{'TopLeft': 0.029538012113533157, 'TopRight': 0.03002401821745175, 'BottomLeft': 0.02598076211353316, 'BottomRight': 0.019891520993173824}",shapes_on_2,0,nan,nan,0,nan,0,nan,nan,0,nan
7691.969,113,9,4,3,"{'TopLeft': 0.7220758454421043, 'TopRight': 0.744781847254617, 'BottomLeft': 0.692820323027551, 'BottomRight': 0.6062177826491071}","{'TopLeft': 0.029538012113533157, 'TopRight': 0.03002401821745175, 'BottomLeft': 0.02598076211353316, 'BottomRight': 0.019891520993173824}",shapes_on_2,0,nan,nan,0,nan,0,nan,nan,0,nan
7708.636,113,9,4,3,"{'TopLeft': 0.7220758454421043, 'TopRight': 0.744781847254617, 'BottomLeft': 0.692820323027551, 'BottomRight': 0.6062177826491071}","{'TopLeft': 0.029538012113533157, 'TopRight': 0.03002401821745175, 'BottomLeft': 0.02598076211353316, 'BottomRight': 0.019891520993173824}",shapes_on_2,0,nan,nan,0,nan,0,nan,nan,0,nan
7725.303,113,9,4,3,"{'TopLeft': 0.7220758454421043, 'TopRight': 0.744781847254617, 'BottomLeft': 0.692820323027551, 'BottomRight': 0.6062177826491071}","{'TopLeft': 0.029538012113533157, 'TopRight': 0.03002401821745175, 'BottomLeft': 0.02598076211353316, 'BottomRight': 0.019891520993173824}",shapes_on_2,0,nan,nan,0,nan,0,nan,nan,0,nan
7741.97,113,9,4,3,"{'TopLeft': 0.7220758454421043, 'TopRight': 0.744781847254617, 'BottomLeft': 0.692820323027551, 'BottomRight': 0.6062177826491071}","{'TopLeft': 0.029538012113533157, 'TopRight': 0.03002401821745175, 'BottomLeft': 0.02598076211353316, 'BottomRight': 0.019891520993173824}",shapes_on_2,0,nan,nan,0,nan,0,nan,nan,0,nan
7758.637,113,9,4,3,"{'TopLeft': 0.7220758454421043, 'TopRight': 0.744781847254617, 'BottomLeft': 0.692820323027551, 'BottomRight': 0.6062177826491071}","{'TopLeft': 0.029538012113533157, 'TopRight': 0.03002401821745175, 'BottomLeft': 0.02598076211353316, 'BottomRight': 0.019891520993173824}",shapes_on_2,0,nan,nan,0,nan,0,nan,nan,0,nan
7775.304,113,9,4,3,"{'TopLeft': 0.7220758454421043, 'TopRight': 0.744781847254617, 'BottomLeft': 0.692820323027551, 'BottomRight': 0.6062177826491071}","{'TopLeft': 0.029538012113533157, 'TopRight': 0.03002401821745175, 'BottomLeft': 0.02598076211353316, 'BottomRight': 0.019891520993173824}",shapes_on_2,0,nan,nan,0,nan,0,nan,nan,0,nan
7791.97,113,9,4,3,"{'TopLeft': 0.7220758454421043, 'TopRight': 0.744781847254617, 'BottomLeft': 0.692820323027551, 'BottomRight': 0.6062177826491071}","{'TopLeft': 0.029538012113533157, 'TopRight': 0.03002401821745175, 'BottomLeft': 0.02598076211353316, 'BottomRight': 0.019891520993173824}",shapes_on_2,0,nan,nan,0,nan,0,nan,nan,0,nan
7808.637,113,9,4,3,"{'TopLeft': 0.7220758454421043, 'TopRight': 0.744781847254617, 'BottomLeft': 0.692820323027551, 'BottomRight': 0.6062177826491071}","{'TopLeft': 0.029538012113533157, 'TopRight': 0.03002401821745175, 'BottomLeft': 0.02598076211353316, 'BottomRight': 0.019891520993173824}",shapes_on_2,0,nan,nan,0,nan,0,nan,nan,0,nan
7825.303,113,9,4,3,"{'TopLeft': 0.7220758454421043, 'TopRight': 0.744781847254617, 'BottomLeft': 0.692820323027551, 'BottomRight': 0.6062177826491071}","{'TopLeft': 0.029538012113533157, 'TopRight': 0.03002401821745175, 'BottomLeft': 0.02598076211353316, 'BottomRight': 0.019891520993173824}",shapes_on_2,0,nan,nan,0,nan,0,nan,nan,0,nan
7841.97,113,9,4,3,"{'TopLeft': 0.7220758454421043, 'TopRight': 0.744781847254617, 'BottomLeft': 0.692820323027551, 'BottomRight': 0.6062177826491071}","{'TopLeft': 0.029538012113533157, 'TopRight': 0.03002401821745175, 'BottomLeft': 0.02598076211353316, 'BottomRight': 0.019891520993173824}",shapes_on_2,0,nan,nan,0,nan,0,nan,nan,0,nan
7858.637,113,9,4,3,"{'TopLeft': 0.7220758454421043, 'TopRight': 0.744781847254617, 'BottomLeft': 0.692820323027551, 'BottomRight': 0.6062177826491071}","{'TopLeft': 0.029538012113533157, 'TopRight': 0.03002401821745175, 'BottomLeft': 0.02598076211353316, 'BottomRight': 0.019891520993173824}",shapes_on_2,0,nan,nan,0,nan,0,nan,nan,0,nan
7875.303,113,9,4,3,"{'TopLeft': 0.7220758454421043, 'TopRight': 0.744781847254617, 'BottomLeft': 0.692820323027551, 'BottomRight': 0.6062177826491071}","{'TopLeft': 0.029538012113533157, 'TopRight': 0.03002401821745175, 'BottomLeft': 0.02598076211353316, 'BottomRight': 0.019891520993173824}",shapes_on_2,0,nan,nan,0,nan,0,nan,nan,0,nan
7891.97,113,9,4,3,"{'TopLeft': 0.7220758454421043, 'TopRight': 0.744781847254617, 'BottomLeft': 0.692820323027551, 'BottomRight': 0.6062177826491071}","{'TopLeft': 0.029538012113533157, 'TopRight': 0.03002401821745175, 'BottomLeft': 0.02598076211353316, 'BottomRight': 0.019891520993173824}",shapes_on_2,0,nan,nan,0,nan,0,nan,nan,0,nan
7908.637,113,9,4,3,"{'TopLeft': 0.7220758454421043, 'TopRight': 0.744781847254617, 'BottomLeft': 0.692820323027551, 'BottomRight': 0.6062177826491071}","{'TopLeft': 0.029538012113533157, 'TopRight': 0.03002401821745175, 'BottomLeft': 0.02598076211353316, 'BottomRight': 0.019891520993173824}",shapes_on_2,0,nan,nan,0,nan,0,nan,nan,0,nan
7925.303,113,9,4,3,"{'TopLeft': 0.7220758454421043, 'TopRight': 0.744781847254617, 'BottomLeft': 0.692820323027551, 'BottomRight': 0.6062177826491071}","{'TopLeft': 0.029538012113533157, 'TopRight': 0.03002401821745175, 'BottomLeft': 0.02598076211353316, 'BottomRight': 0.019891520993173824}",shapes_on_2,0,nan,nan,0,nan,0,nan,nan,0,nan
7941.969,113,9,4,3,"{'TopLeft': 0.7220758454421043, 'TopRight': 0.744781847254617, 'BottomLeft': 0.692820323027551, 'BottomRight': 0.6062177826491071}","{'TopLeft': 0.029538012113533157, 'TopRight': 0.03002401821745175, 'BottomLeft': 0.02598076211353316, 'BottomRight': 0.019891520993173824}",shapes_on_2,0,nan,nan,0,nan,0,nan,nan,0,nan
7958.637,113,9,4,3,"{'TopLeft': 0.7220758454421043, 'TopRight': 0.744781847254617, 'BottomLeft': 0.692820323027551, 'BottomRight': 0.6062177826491071}","{'TopLeft': 0.029538012113533157, 'TopRight': 0.03002401821745175, 'BottomLeft': 0.02598076211353316, 'BottomRight': 0.019891520993173824}",shapes_on_2,0,nan,nan,0,nan,0,nan,nan,0,nan
7975.304,113,9,4,3,"{'TopLeft': 0.7220758454421043, 'TopRight': 0.744781847254617, 'BottomLeft': 0.692820323027551, 'BottomRight': 0.6062177826491071}","{'TopLeft': 0.029538012113533157, 'TopRight': 0.03002401821745175, 'BottomLeft': 0.02598076211353316, 'BottomRight': 0.019891520993173824}",shapes_on_2,0,nan,nan,0,nan,0,nan,nan,0,nan
7991.969,113,9,4,3,"{'TopLeft': 0.7220758454421043, 'TopRight': 0.744781847254617, 'BottomLeft': 0.692820323027551, 'BottomRight': 0.6062177826491071}","{'TopLeft': 0.029538012113533157, 'TopRight': 0.03002401821745175, 'BottomLeft': 0.02598076211353316, 'BottomRight': 0.019891520993173824}",shapes_on_2,0,nan,nan,0,nan,0,nan,nan,0,nan
8008.637,113,9,4,3,"{'TopLeft': 0.7220758454421043, 'TopRight': 0.744781847254617, 'BottomLeft': 0.692820323027551, 'BottomRight': 0.6062177826491071}","{'TopLeft': 0.029538012113533157, 'TopRight': 0.03002401821745175, 'BottomLeft': 0.02598076211353316, 'BottomRight': 0.019891520993173824}",shapes_on_2,0,nan,nan,0,nan,0,nan,nan,0,nan
8025.304,113,9,4,3,"{'TopLeft': 0.7220758454421043, 'TopRight': 0.744781847254617, 'BottomLeft': 0.692820323027551, 'BottomRight': 0.6062177826491071}","{'TopLeft': 0.029538012113533157, 'TopRight': 0.03002401821745175, 'BottomLeft': 0.02598076211353316, 'BottomRight': 0.019891520993173824}",shapes_on_2,0,nan,nan,0,nan,0,nan,nan,0,nan
8041.97,113,9,4,3,"{'TopLeft': 0.7220758454421043, 'TopRight': 0.744781847254617, 'BottomLeft': 0.692820323027551, 'BottomRight': 0.6062177826491071}","{'TopLeft': 0.029538012113533157, 'TopRight': 0.03002401821745175, 'BottomLeft': 0.02598076211353316, 'BottomRight': 0.019891520993173824}",shapes_on_2,0,nan,nan,0,nan,0,nan,nan,0,nan
8058.637,113,9,4,3,"{'TopLeft': 0.7220758454421043, 'TopRight': 0.744781847254617, 'BottomLeft': 0.692820323027551, 'BottomRight': 0.6062177826491071}","{'TopLeft': 0.029538012113533157, 'TopRight': 0.03002401821745175, 'BottomLeft': 0.02598076211353316, 'BottomRight': 0.019891520993173824}",shapes_on_2,0,nan,nan,0,nan,0,nan,nan,0,nan
8075.304,113,9,4,3,"{'TopLeft': 0.7220758454421043, 'TopRight': 0.744781847254617, 'BottomLeft': 0.692820323027551, 'BottomRight': 0.6062177826491071}","{'TopLeft': 0.029538012113533157, 'TopRight': 0.03002401821745175, 'BottomLeft': 0.02598076211353316, 'BottomRight': 0.019891520993173824}",shapes_on_2,0,nan,nan,0,nan,0,nan,nan,0,nan
8091.97,113,9,4,3,"{'TopLeft': 0.7220758454421043, 'TopRight': 0.744781847254617, 'BottomLeft': 0.692820323027551, 'BottomRight': 0.6062177826491071}","{'TopLeft': 0.029538012113533157, 'TopRight': 0.03002401821745175, 'BottomLeft': 0.02598076211353316, 'BottomRight': 0.019891520993173824}",shapes_on_2,0,nan,nan,0,nan,0,nan,nan,0,nan
8108.637,113,9,4,3,"{'TopLeft': 0.7220758454421043, 'TopRight': 0.744781847254617, 'BottomLeft': 0.692820323027551, 'BottomRight': 0.6062177826491071}","{'TopLeft': 0.029538012113533157, 'TopRight': 0.03002401821745175, 'BottomLeft': 0.02598076211353316, 'BottomRight': 0.019891520993173824}",shapes_on_2,0,nan,nan,0,nan,0,nan,nan,0,nan
8125.304,113,9,4,3,"{'TopLeft': 0.7220758454421043, 'TopRight': 0.744781847254617, 'BottomLeft': 0.692820323027551, 'BottomRight': 0.6062177826491071}","{'TopLeft': 0.029538012113533157, 'TopRight': 0.03002401821745175, 'BottomLeft': 0.02598076211353316, 'BottomRight': 0.019891520993173824}",shapes_on_2,0,nan,nan,0,nan,0,nan,nan,0,nan
8141.97,113,9,4,3,"{'TopLeft': 0.7220758454421043, 'TopRight': 0.744781847254617, 'BottomLeft': 0.692820323027551, 'BottomRight': 0.6062177826491071}","{'TopLeft': 0.029538012113533157, 'TopRight': 0.03002401821745175, 'BottomLeft': 0.02598076211353316, 'BottomRight': 0.019891520993173824}",curtainDown,0,nan,nan,0,nan,0,nan,nan,0,nan
8158.637,113,9,4,3,"{'TopLeft': 0.7220758454421043, 'TopRight': 0.744781847254617, 'BottomLeft': 0.692820323027551, 'BottomRight': 0.6062177826491071}","{'TopLeft': 0.029538012113533157, 'TopRight': 0.03002401821745175, 'BottomLeft': 0.02598076211353316, 'BottomRight': 0.019891520993173824}",curtainDown,0,nan,nan,0,nan,0,nan,nan,0,nan
8175.304,113,9,4,3,"{'TopLeft': 0.7220758454421043, 'TopRight': 0.744781847254617, 'BottomLeft': 0.692820323027551, 'BottomRight': 0.6062177826491071}","{'TopLeft': 0.029538012113533157, 'TopRight': 0.03002401821745175, 'BottomLeft': 0.02598076211353316, 'BottomRight': 0.019891520993173824}",curtainDown,0,nan,nan,0,nan,0,nan,nan,0,nan
8191.97,113,9,4,3,"{'TopLeft': 0.7220758454421043, 'TopRight': 0.744781847254617, 'BottomLeft': 0.692820323027551, 'BottomRight': 0.6062177826491071}","{'TopLeft': 0.029538012113533157, 'TopRight': 0.03002401821745175, 'BottomLeft': 0.02598076211353316, 'BottomRight': 0.019891520993173824}",curtainDown,0,nan,nan,0,nan,0,nan,nan,0,nan
8208.637,113,9,4,3,"{'TopLeft': 0.7220758454421043, 'TopRight': 0.744781847254617, 'BottomLeft': 0.692820323027551, 'BottomRight': 0.6062177826491071}","{'TopLeft': 0.029538012113533157, 'TopRight': 0.03002401821745175, 'BottomLeft': 0.02598076211353316, 'BottomRight': 0.019891520993173824}",curtainDown,0,nan,nan,0,nan,0,nan,nan,0,nan
8225.305,113,9,4,3,"{'TopLeft': 0.7220758454421043, 'TopRight': 0.744781847254617, 'BottomLeft': 0.692820323027551, 'BottomRight': 0.6062177826491071}","{'TopLeft': 0.029538012113533157, 'TopRight': 0.03002401821745175, 'BottomLeft': 0.02598076211353316, 'BottomRight': 0.019891520993173824}",curtainDown,0,nan,nan,0,nan,0,nan,nan,0,nan
8241.971,113,9,4,3,"{'TopLeft': 0.7220758454421043, 'TopRight': 0.744781847254617, 'BottomLeft': 0.692820323027551, 'BottomRight': 0.6062177826491071}","{'TopLeft': 0.029538012113533157, 'TopRight': 0.03002401821745175, 'BottomLeft': 0.02598076211353316, 'BottomRight': 0.019891520993173824}",curtainDown,0,nan,nan,0,nan,0,nan,nan,0,nan
8258.638,113,9,4,3,"{'TopLeft': 0.7220758454421043, 'TopRight': 0.744781847254617, 'BottomLeft': 0.692820323027551, 'BottomRight': 0.6062177826491071}","{'TopLeft': 0.029538012113533157, 'TopRight': 0.03002401821745175, 'BottomLeft': 0.02598076211353316, 'BottomRight': 0.019891520993173824}",curtainDown,0,nan,nan,0,nan,0,nan,nan,0,nan
8275.305,113,9,4,3,"{'TopLeft': 0.7220758454421043, 'TopRight': 0.744781847254617, 'BottomLeft': 0.692820323027551, 'BottomRight': 0.6062177826491071}","{'TopLeft': 0.029538012113533157, 'TopRight': 0.03002401821745175, 'BottomLeft': 0.02598076211353316, 'BottomRight': 0.019891520993173824}",curtainDown,0,nan,nan,0,nan,0,nan,nan,0,nan
8291.971,113,9,4,3,"{'TopLeft': 0.7220758454421043, 'TopRight': 0.744781847254617, 'BottomLeft': 0.692820323027551, 'BottomRight': 0.6062177826491071}","{'TopLeft': 0.029538012113533157, 'TopRight': 0.03002401821745175, 'BottomLeft': 0.02598076211353316, 'BottomRight': 0.019891520993173824}",curtainDown,0,nan,nan,0,nan,0,nan,nan,0,nan
8308.638,113,9,4,3,"{'TopLeft': 0.7220758454421043, 'TopRight': 0.744781847254617, 'BottomLeft': 0.692820323027551, 'BottomRight': 0.6062177826491071}","{'TopLeft': 0.029538012113533157, 'TopRight': 0.03002401821745175, 'BottomLeft': 0.02598076211353316, 'BottomRight': 0.019891520993173824}",curtainDown,0,nan,nan,0,nan,0,nan,nan,0,nan
8325.305,113,9,4,3,"{'TopLeft': 0.7220758454421043, 'TopRight': 0.744781847254617, 'BottomLeft': 0.692820323027551, 'BottomRight': 0.6062177826491071}","{'TopLeft': 0.029538012113533157, 'TopRight': 0.03002401821745175, 'BottomLeft': 0.02598076211353316, 'BottomRight': 0.019891520993173824}",curtainDown,0,nan,nan,0,nan,0,nan,nan,0,nan
8341.971,113,9,4,3,"{'TopLeft': 0.7220758454421043, 'TopRight': 0.744781847254617, 'BottomLeft': 0.692820323027551, 'BottomRight': 0.6062177826491071}","{'TopLeft': 0.029538012113533157, 'TopRight': 0.03002401821745175, 'BottomLeft': 0.02598076211353316, 'BottomRight': 0.019891520993173824}",curtainDown,0,nan,nan,0,nan,0,nan,nan,0,nan
8358.638,113,9,4,3,"{'TopLeft': 0.7220758454421043, 'TopRight': 0.744781847254617, 'BottomLeft': 0.692820323027551, 'BottomRight': 0.6062177826491071}","{'TopLeft': 0.029538012113533157, 'TopRight': 0.03002401821745175, 'BottomLeft': 0.02598076211353316, 'BottomRight': 0.019891520993173824}",curtainDown,0,nan,nan,0,nan,0,nan,nan,0,nan
8375.305,113,9,4,3,"{'TopLeft': 0.7220758454421043, 'TopRight': 0.744781847254617, 'BottomLeft': 0.692820323027551, 'BottomRight': 0.6062177826491071}","{'TopLeft': 0.029538012113533157, 'TopRight': 0.03002401821745175, 'BottomLeft': 0.02598076211353316, 'BottomRight': 0.019891520993173824}",curtainDown,0,nan,nan,0,nan,0,nan,nan,0,nan
8391.971,113,9,4,3,"{'TopLeft': 0.7220758454421043, 'TopRight': 0.744781847254617, 'BottomLeft': 0.692820323027551, 'BottomRight': 0.6062177826491071}","{'TopLeft': 0.029538012113533157, 'TopRight': 0.03002401821745175, 'BottomLeft': 0.02598076211353316, 'BottomRight': 0.019891520993173824}",curtainDown,0,nan,nan,0,nan,0,nan,nan,0,nan
8408.638,113,9,4,3,"{'TopLeft': 0.7220758454421043, 'TopRight': 0.744781847254617, 'BottomLeft': 0.692820323027551, 'BottomRight': 0.6062177826491071}","{'TopLeft': 0.029538012113533157, 'TopRight': 0.03002401821745175, 'BottomLeft': 0.02598076211353316, 'BottomRight': 0.019891520993173824}",curtainDown,0,nan,nan,0,nan,0,nan,nan,0,nan
8425.305,113,9,4,3,"{'TopLeft': 0.7220758454421043, 'TopRight': 0.744781847254617, 'BottomLeft': 0.692820323027551, 'BottomRight': 0.6062177826491071}","{'TopLeft': 0.029538012113533157, 'TopRight': 0.03002401821745175, 'BottomLeft': 0.02598076211353316, 'BottomRight': 0.019891520993173824}",curtainDown,0,nan,nan,0,nan,0,nan,nan,0,nan
8441.971,113,9,4,3,"{'TopLeft': 0.7220758454421043, 'TopRight': 0.744781847254617, 'BottomLeft': 0.692820323027551, 'BottomRight': 0.6062177826491071}","{'TopLeft': 0.029538012113533157, 'TopRight': 0.03002401821745175, 'BottomLeft': 0.02598076211353316, 'BottomRight': 0.019891520993173824}",curtainDown,0,nan,nan,0,nan,0,nan,nan,0,nan
8458.639,113,9,4,3,"{'TopLeft': 0.7220758454421043, 'TopRight': 0.744781847254617, 'BottomLeft': 0.692820323027551, 'BottomRight': 0.6062177826491071}","{'TopLeft': 0.029538012113533157, 'TopRight': 0.03002401821745175, 'BottomLeft': 0.02598076211353316, 'BottomRight': 0.019891520993173824}",curtainDown,0,nan,nan,0,nan,0,nan,nan,0,nan
8475.306,113,9,4,3,"{'TopLeft': 0.7220758454421043, 'TopRight': 0.744781847254617, 'BottomLeft': 0.692820323027551, 'BottomRight': 0.6062177826491071}","{'TopLeft': 0.029538012113533157, 'TopRight': 0.03002401821745175, 'BottomLeft': 0.02598076211353316, 'BottomRight': 0.019891520993173824}",curtainDown,0,nan,nan,0,nan,0,nan,nan,0,nan
8491.972,113,9,4,3,"{'TopLeft': 0.7220758454421043, 'TopRight': 0.744781847254617, 'BottomLeft': 0.692820323027551, 'BottomRight': 0.6062177826491071}","{'TopLeft': 0.029538012113533157, 'TopRight': 0.03002401821745175, 'BottomLeft': 0.02598076211353316, 'BottomRight': 0.019891520993173824}",curtainDown,0,nan,nan,0,nan,0,nan,nan,0,nan
8508.639,113,9,4,3,"{'TopLeft': 0.7220758454421043, 'TopRight': 0.744781847254617, 'BottomLeft': 0.692820323027551, 'BottomRight': 0.6062177826491071}","{'TopLeft': 0.029538012113533157, 'TopRight': 0.03002401821745175, 'BottomLeft': 0.02598076211353316, 'BottomRight': 0.019891520993173824}",curtainDown,0,nan,nan,0,nan,0,nan,nan,0,nan
8525.306,113,9,4,3,"{'TopLeft': 0.7220758454421043, 'TopRight': 0.744781847254617, 'BottomLeft': 0.692820323027551, 'BottomRight': 0.6062177826491071}","{'TopLeft': 0.029538012113533157, 'TopRight': 0.03002401821745175, 'BottomLeft': 0.02598076211353316, 'BottomRight': 0.019891520993173824}",curtainDown,0,nan,nan,0,nan,0,nan,nan,0,nan
8541.972,113,9,4,3,"{'TopLeft': 0.7220758454421043, 'TopRight': 0.744781847254617, 'BottomLeft': 0.692820323027551, 'BottomRight': 0.6062177826491071}","{'TopLeft': 0.029538012113533157, 'TopRight': 0.03002401821745175, 'BottomLeft': 0.02598076211353316, 'BottomRight': 0.019891520993173824}",curtainDown,0,nan,nan,0,nan,0,nan,nan,0,nan
8558.639,113,9,4,3,"{'TopLeft': 0.7220758454421043, 'TopRight': 0.744781847254617, 'BottomLeft': 0.692820323027551, 'BottomRight': 0.6062177826491071}","{'TopLeft': 0.029538012113533157, 'TopRight': 0.03002401821745175, 'BottomLeft': 0.02598076211353316, 'BottomRight': 0.019891520993173824}",curtainDown,0,nan,nan,0,nan,0,nan,nan,0,nan
8575.306,113,9,4,3,"{'TopLeft': 0.7220758454421043, 'TopRight': 0.744781847254617, 'BottomLeft': 0.692820323027551, 'BottomRight': 0.6062177826491071}","{'TopLeft': 0.029538012113533157, 'TopRight': 0.03002401821745175, 'BottomLeft': 0.02598076211353316, 'BottomRight': 0.019891520993173824}",curtainDown,0,nan,nan,0,nan,0,nan,nan,0,nan
8591.972,113,9,4,3,"{'TopLeft': 0.7220758454421043, 'TopRight': 0.744781847254617, 'BottomLeft': 0.692820323027551, 'BottomRight': 0.6062177826491071}","{'TopLeft': 0.029538012113533157, 'TopRight': 0.03002401821745175, 'BottomLeft': 0.02598076211353316, 'BottomRight': 0.019891520993173824}",curtainDown,0,nan,nan,0,nan,0,nan,nan,0,nan
8608.639,113,9,4,3,"{'TopLeft': 0.7220758454421043, 'TopRight': 0.744781847254617, 'BottomLeft': 0.692820323027551, 'BottomRight': 0.6062177826491071}","{'TopLeft': 0.029538012113533157, 'TopRight': 0.03002401821745175, 'BottomLeft': 0.02598076211353316, 'BottomRight': 0.019891520993173824}",curtainDown,0,nan,nan,0,nan,0,nan,nan,0,nan
8625.306,113,9,4,3,"{'TopLeft': 0.7220758454421043, 'TopRight': 0.744781847254617, 'BottomLeft': 0.692820323027551, 'BottomRight': 0.6062177826491071}","{'TopLeft': 0.029538012113533157, 'TopRight': 0.03002401821745175, 'BottomLeft': 0.02598076211353316, 'BottomRight': 0.019891520993173824}",curtainDown,0,nan,nan,0,nan,0,nan,nan,0,nan
8641.972,113,9,4,3,"{'TopLeft': 0.7220758454421043, 'TopRight': 0.744781847254617, 'BottomLeft': 0.692820323027551, 'BottomRight': 0.6062177826491071}","{'TopLeft': 0.029538012113533157, 'TopRight': 0.03002401821745175, 'BottomLeft': 0.02598076211353316, 'BottomRight': 0.019891520993173824}",curtainDown,0,nan,nan,0,nan,0,nan,nan,0,nan
8658.638,113,9,4,3,"{'TopLeft': 0.7220758454421043, 'TopRight': 0.744781847254617, 'BottomLeft': 0.692820323027551, 'BottomRight': 0.6062177826491071}","{'TopLeft': 0.029538012113533157, 'TopRight': 0.03002401821745175, 'BottomLeft': 0.02598076211353316, 'BottomRight': 0.019891520993173824}",curtainDown,0,nan,nan,0,nan,0,nan,nan,0,nan
8675.304,113,9,4,3,"{'TopLeft': 0.7220758454421043, 'TopRight': 0.744781847254617, 'BottomLeft': 0.692820323027551, 'BottomRight': 0.6062177826491071}","{'TopLeft': 0.029538012113533157, 'TopRight': 0.03002401821745175, 'BottomLeft': 0.02598076211353316, 'BottomRight': 0.019891520993173824}",curtainDown,0,nan,nan,0,nan,0,nan,nan,0,nan
8691.973,113,9,4,3,"{'TopLeft': 0.7220758454421043, 'TopRight': 0.744781847254617, 'BottomLeft': 0.692820323027551, 'BottomRight': 0.6062177826491071}","{'TopLeft': 0.029538012113533157, 'TopRight': 0.03002401821745175, 'BottomLeft': 0.02598076211353316, 'BottomRight': 0.019891520993173824}",curtainDown,0,nan,nan,0,nan,0,nan,nan,0,nan
8708.639,113,9,4,3,"{'TopLeft': 0.7220758454421043, 'TopRight': 0.744781847254617, 'BottomLeft': 0.692820323027551, 'BottomRight': 0.6062177826491071}","{'TopLeft': 0.029538012113533157, 'TopRight': 0.03002401821745175, 'BottomLeft': 0.02598076211353316, 'BottomRight': 0.019891520993173824}",curtainDown,0,nan,nan,0,nan,0,nan,nan,0,nan
8725.305,113,9,4,3,"{'TopLeft': 0.7220758454421043, 'TopRight': 0.744781847254617, 'BottomLeft': 0.692820323027551, 'BottomRight': 0.6062177826491071}","{'TopLeft': 0.029538012113533157, 'TopRight': 0.03002401821745175, 'BottomLeft': 0.02598076211353316, 'BottomRight': 0.019891520993173824}",curtainDown,0,nan,nan,0,nan,0,nan,nan,0,nan
8741.971,113,9,4,3,"{'TopLeft': 0.7220758454421043, 'TopRight': 0.744781847254617, 'BottomLeft': 0.692820323027551, 'BottomRight': 0.6062177826491071}","{'TopLeft': 0.029538012113533157, 'TopRight': 0.03002401821745175, 'BottomLeft': 0.02598076211353316, 'BottomRight': 0.019891520993173824}",curtainDown,0,nan,nan,0,nan,0,nan,nan,0,nan
6.905,113,9,4,4,"{'TopLeft': 0.6948909236273086, 'TopRight': 0.5656088913245536, 'BottomLeft': 0.7362240528774487, 'BottomRight': 0.6464101615137755}","{'TopLeft': 0.015012009108725875, 'TopRight': 0.009945760496586914, 'BottomLeft': 0.015044160301841376, 'BottomRight': 0.01299038105676658}",IntruderTrial,0,nan,nan,0,nan,0,nan,nan,0,nan
23.571,113,9,4,4,"{'TopLeft': 0.6948909236273086, 'TopRight': 0.5656088913245536, 'BottomLeft': 0.7362240528774487, 'BottomRight': 0.6464101615137755}","{'TopLeft': 0.015012009108725875, 'TopRight': 0.009945760496586914, 'BottomLeft': 0.015044160301841376, 'BottomRight': 0.01299038105676658}",curtain_up,0,nan,nan,0,nan,0,nan,nan,0,nan
40.238,113,9,4,4,"{'TopLeft': 0.6948909236273086, 'TopRight': 0.5656088913245536, 'BottomLeft': 0.7362240528774487, 'BottomRight': 0.6464101615137755}","{'TopLeft': 0.015012009108725875, 'TopRight': 0.009945760496586914, 'BottomLeft': 0.015044160301841376, 'BottomRight': 0.01299038105676658}",curtain_up,0,nan,nan,0,nan,0,nan,nan,0,nan
56.905,113,9,4,4,"{'TopLeft': 0.6948909236273086, 'TopRight': 0.5656088913245536, 'BottomLeft': 0.7362240528774487, 'BottomRight': 0.6464101615137755}","{'TopLeft': 0.015012009108725875, 'TopRight': 0.009945760496586914, 'BottomLeft': 0.015044160301841376, 'BottomRight': 0.01299038105676658}",curtain_up,0,nan,nan,0,nan,0,nan,nan,0,nan
73.571,113,9,4,4,"{'TopLeft': 0.6948909236273086, 'TopRight': 0.5656088913245536, 'BottomLeft': 0.7362240528774487, 'BottomRight': 0.6464101615137755}","{'TopLeft': 0.015012009108725875, 'TopRight': 0.009945760496586914, 'BottomLeft': 0.015044160301841376, 'BottomRight': 0.01299038105676658}",curtain_up,0,nan,nan,0,nan,0,nan,nan,0,nan
90.238,113,9,4,4,"{'TopLeft': 0.6948909236273086, 'TopRight': 0.5656088913245536, 'BottomLeft': 0.7362240528774487, 'BottomRight': 0.6464101615137755}","{'TopLeft': 0.015012009108725875, 'TopRight': 0.009945760496586914, 'BottomLeft': 0.015044160301841376, 'BottomRight': 0.01299038105676658}",curtain_up,0,nan,nan,0,nan,0,nan,nan,0,nan
106.905,113,9,4,4,"{'TopLeft': 0.6948909236273086, 'TopRight': 0.5656088913245536, 'BottomLeft': 0.7362240528774487, 'BottomRight': 0.6464101615137755}","{'TopLeft': 0.015012009108725875, 'TopRight': 0.009945760496586914, 'BottomLeft': 0.015044160301841376, 'BottomRight': 0.01299038105676658}",curtain_up,0,nan,nan,0,nan,0,nan,nan,0,nan
123.572,113,9,4,4,"{'TopLeft': 0.6948909236273086, 'TopRight': 0.5656088913245536, 'BottomLeft': 0.7362240528774487, 'BottomRight': 0.6464101615137755}","{'TopLeft': 0.015012009108725875, 'TopRight': 0.009945760496586914, 'BottomLeft': 0.015044160301841376, 'BottomRight': 0.01299038105676658}",curtain_up,0,nan,nan,0,nan,0,nan,nan,0,nan
140.239,113,9,4,4,"{'TopLeft': 0.6948909236273086, 'TopRight': 0.5656088913245536, 'BottomLeft': 0.7362240528774487, 'BottomRight': 0.6464101615137755}","{'TopLeft': 0.015012009108725875, 'TopRight': 0.009945760496586914, 'BottomLeft': 0.015044160301841376, 'BottomRight': 0.01299038105676658}",curtain_up,0,nan,nan,0,nan,0,nan,nan,0,nan
156.905,113,9,4,4,"{'TopLeft': 0.6948909236273086, 'TopRight': 0.5656088913245536, 'BottomLeft': 0.7362240528774487, 'BottomRight': 0.6464101615137755}","{'TopLeft': 0.015012009108725875, 'TopRight': 0.009945760496586914, 'BottomLeft': 0.015044160301841376, 'BottomRight': 0.01299038105676658}",curtain_up,0,nan,nan,0,nan,0,nan,nan,0,nan
173.571,113,9,4,4,"{'TopLeft': 0.6948909236273086, 'TopRight': 0.5656088913245536, 'BottomLeft': 0.7362240528774487, 'BottomRight': 0.6464101615137755}","{'TopLeft': 0.015012009108725875, 'TopRight': 0.009945760496586914, 'BottomLeft': 0.015044160301841376, 'BottomRight': 0.01299038105676658}",curtain_up,0,nan,nan,0,nan,0,nan,nan,0,nan
190.238,113,9,4,4,"{'TopLeft': 0.6948909236273086, 'TopRight': 0.5656088913245536, 'BottomLeft': 0.7362240528774487, 'BottomRight': 0.6464101615137755}","{'TopLeft': 0.015012009108725875, 'TopRight': 0.009945760496586914, 'BottomLeft': 0.015044160301841376, 'BottomRight': 0.01299038105676658}",curtain_up,0,nan,nan,0,nan,0,nan,nan,0,nan
206.905,113,9,4,4,"{'TopLeft': 0.6948909236273086, 'TopRight': 0.5656088913245536, 'BottomLeft': 0.7362240528774487, 'BottomRight': 0.6464101615137755}","{'TopLeft': 0.015012009108725875, 'TopRight': 0.009945760496586914, 'BottomLeft': 0.015044160301841376, 'BottomRight': 0.01299038105676658}",curtain_up,0,nan,nan,0,nan,0,nan,nan,0,nan
223.572,113,9,4,4,"{'TopLeft': 0.6948909236273086, 'TopRight': 0.5656088913245536, 'BottomLeft': 0.7362240528774487, 'BottomRight': 0.6464101615137755}","{'TopLeft': 0.015012009108725875, 'TopRight': 0.009945760496586914, 'BottomLeft': 0.015044160301841376, 'BottomRight': 0.01299038105676658}",curtain_up,0,nan,nan,0,nan,0,nan,nan,0,nan
240.238,113,9,4,4,"{'TopLeft': 0.6948909236273086, 'TopRight': 0.5656088913245536, 'BottomLeft': 0.7362240528774487, 'BottomRight': 0.6464101615137755}","{'TopLeft': 0.015012009108725875, 'TopRight': 0.009945760496586914, 'BottomLeft': 0.015044160301841376, 'BottomRight': 0.01299038105676658}",curtain_up,0,nan,nan,0,nan,0,nan,nan,0,nan
256.904,113,9,4,4,"{'TopLeft': 0.6948909236273086, 'TopRight': 0.5656088913245536, 'BottomLeft': 0.7362240528774487, 'BottomRight': 0.6464101615137755}","{'TopLeft': 0.015012009108725875, 'TopRight': 0.009945760496586914, 'BottomLeft': 0.015044160301841376, 'BottomRight': 0.01299038105676658}",curtain_up,0,nan,nan,0,nan,0,nan,nan,0,nan
273.571,113,9,4,4,"{'TopLeft': 0.6948909236273086, 'TopRight': 0.5656088913245536, 'BottomLeft': 0.7362240528774487, 'BottomRight': 0.6464101615137755}","{'TopLeft': 0.015012009108725875, 'TopRight': 0.009945760496586914, 'BottomLeft': 0.015044160301841376, 'BottomRight': 0.01299038105676658}",curtain_up,0,nan,nan,0,nan,0,nan,nan,0,nan
290.238,113,9,4,4,"{'TopLeft': 0.6948909236273086, 'TopRight': 0.5656088913245536, 'BottomLeft': 0.7362240528774487, 'BottomRight': 0.6464101615137755}","{'TopLeft': 0.015012009108725875, 'TopRight': 0.009945760496586914, 'BottomLeft': 0.015044160301841376, 'BottomRight': 0.01299038105676658}",curtain_up,0,nan,nan,0,nan,0,nan,nan,0,nan
306.904,113,9,4,4,"{'TopLeft': 0.6948909236273086, 'TopRight': 0.5656088913245536, 'BottomLeft': 0.7362240528774487, 'BottomRight': 0.6464101615137755}","{'TopLeft': 0.015012009108725875, 'TopRight': 0.009945760496586914, 'BottomLeft': 0.015044160301841376, 'BottomRight': 0.01299038105676658}",curtain_up,0,nan,nan,0,nan,0,nan,nan,0,nan
323.571,113,9,4,4,"{'TopLeft': 0.6948909236273086, 'TopRight': 0.5656088913245536, 'BottomLeft': 0.7362240528774487, 'BottomRight': 0.6464101615137755}","{'TopLeft': 0.015012009108725875, 'TopRight': 0.009945760496586914, 'BottomLeft': 0.015044160301841376, 'BottomRight': 0.01299038105676658}",curtain_up,0,nan,nan,0,nan,0,nan,nan,0,nan
340.238,113,9,4,4,"{'TopLeft': 0.6948909236273086, 'TopRight': 0.5656088913245536, 'BottomLeft': 0.7362240528774487, 'BottomRight': 0.6464101615137755}","{'TopLeft': 0.015012009108725875, 'TopRight': 0.009945760496586914, 'BottomLeft': 0.015044160301841376, 'BottomRight': 0.01299038105676658}",curtain_up,0,nan,nan,0,nan,0,nan,nan,0,nan
356.904,113,9,4,4,"{'TopLeft': 0.6948909236273086, 'TopRight': 0.5656088913245536, 'BottomLeft': 0.7362240528774487, 'BottomRight': 0.6464101615137755}","{'TopLeft': 0.015012009108725875, 'TopRight': 0.009945760496586914, 'BottomLeft': 0.015044160301841376, 'BottomRight': 0.01299038105676658}",curtain_up,0,nan,nan,0,nan,0,nan,nan,0,nan
373.571,113,9,4,4,"{'TopLeft': 0.6948909236273086, 'TopRight': 0.5656088913245536, 'BottomLeft': 0.7362240528774487, 'BottomRight': 0.6464101615137755}","{'TopLeft': 0.015012009108725875, 'TopRight': 0.009945760496586914, 'BottomLeft': 0.015044160301841376, 'BottomRight': 0.01299038105676658}",curtain_up,0,nan,nan,0,nan,0,nan,nan,0,nan
390.238,113,9,4,4,"{'TopLeft': 0.6948909236273086, 'TopRight': 0.5656088913245536, 'BottomLeft': 0.7362240528774487, 'BottomRight': 0.6464101615137755}","{'TopLeft': 0.015012009108725875, 'TopRight': 0.009945760496586914, 'BottomLeft': 0.015044160301841376, 'BottomRight': 0.01299038105676658}",curtain_up,0,nan,nan,0,nan,0,nan,nan,0,nan
406.905,113,9,4,4,"{'TopLeft': 0.6948909236273086, 'TopRight': 0.5656088913245536, 'BottomLeft': 0.7362240528774487, 'BottomRight': 0.6464101615137755}","{'TopLeft': 0.015012009108725875, 'TopRight': 0.009945760496586914, 'BottomLeft': 0.015044160301841376, 'BottomRight': 0.01299038105676658}",curtain_up,0,nan,nan,0,nan,0,nan,nan,0,nan
423.573,113,9,4,4,"{'TopLeft': 0.6948909236273086, 'TopRight': 0.5656088913245536, 'BottomLeft': 0.7362240528774487, 'BottomRight': 0.6464101615137755}","{'TopLeft': 0.015012009108725875, 'TopRight': 0.009945760496586914, 'BottomLeft': 0.015044160301841376, 'BottomRight': 0.01299038105676658}",curtain_up,0,nan,nan,0,nan,0,nan,nan,0,nan
440.239,113,9,4,4,"{'TopLeft': 0.6948909236273086, 'TopRight': 0.5656088913245536, 'BottomLeft': 0.7362240528774487, 'BottomRight': 0.6464101615137755}","{'TopLeft': 0.015012009108725875, 'TopRight': 0.009945760496586914, 'BottomLeft': 0.015044160301841376, 'BottomRight': 0.01299038105676658}",curtain_up,0,nan,nan,0,nan,0,nan,nan,0,nan
456.906,113,9,4,4,"{'TopLeft': 0.6948909236273086, 'TopRight': 0.5656088913245536, 'BottomLeft': 0.7362240528774487, 'BottomRight': 0.6464101615137755}","{'TopLeft': 0.015012009108725875, 'TopRight': 0.009945760496586914, 'BottomLeft': 0.015044160301841376, 'BottomRight': 0.01299038105676658}",curtain_up,0,nan,nan,0,nan,0,nan,nan,0,nan
473.573,113,9,4,4,"{'TopLeft': 0.6948909236273086, 'TopRight': 0.5656088913245536, 'BottomLeft': 0.7362240528774487, 'BottomRight': 0.6464101615137755}","{'TopLeft': 0.015012009108725875, 'TopRight': 0.009945760496586914, 'BottomLeft': 0.015044160301841376, 'BottomRight': 0.01299038105676658}",curtain_up,0,nan,nan,0,nan,0,nan,nan,0,nan
490.239,113,9,4,4,"{'TopLeft': 0.6948909236273086, 'TopRight': 0.5656088913245536, 'BottomLeft': 0.7362240528774487, 'BottomRight': 0.6464101615137755}","{'TopLeft': 0.015012009108725875, 'TopRight': 0.009945760496586914, 'BottomLeft': 0.015044160301841376, 'BottomRight': 0.01299038105676658}",curtain_up,0,nan,nan,0,nan,0,nan,nan,0,nan
506.906,113,9,4,4,"{'TopLeft': 0.6948909236273086, 'TopRight': 0.5656088913245536, 'BottomLeft': 0.7362240528774487, 'BottomRight': 0.6464101615137755}","{'TopLeft': 0.015012009108725875, 'TopRight': 0.009945760496586914, 'BottomLeft': 0.015044160301841376, 'BottomRight': 0.01299038105676658}",curtain_up,0,nan,nan,0,nan,0,nan,nan,0,nan
523.573,113,9,4,4,"{'TopLeft': 0.6948909236273086, 'TopRight': 0.5656088913245536, 'BottomLeft': 0.7362240528774487, 'BottomRight': 0.6464101615137755}","{'TopLeft': 0.015012009108725875, 'TopRight': 0.009945760496586914, 'BottomLeft': 0.015044160301841376, 'BottomRight': 0.01299038105676658}",curtain_up,0,nan,nan,0,nan,0,nan,nan,0,nan
540.239,113,9,4,4,"{'TopLeft': 0.6948909236273086, 'TopRight': 0.5656088913245536, 'BottomLeft': 0.7362240528774487, 'BottomRight': 0.6464101615137755}","{'TopLeft': 0.015012009108725875, 'TopRight': 0.009945760496586914, 'BottomLeft': 0.015044160301841376, 'BottomRight': 0.01299038105676658}",curtain_up,0,nan,nan,0,nan,0,nan,nan,0,nan
556.906,113,9,4,4,"{'TopLeft': 0.6948909236273086, 'TopRight': 0.5656088913245536, 'BottomLeft': 0.7362240528774487, 'BottomRight': 0.6464101615137755}","{'TopLeft': 0.015012009108725875, 'TopRight': 0.009945760496586914, 'BottomLeft': 0.015044160301841376, 'BottomRight': 0.01299038105676658}",curtain_up,0,nan,nan,0,nan,0,nan,nan,0,nan
573.573,113,9,4,4,"{'TopLeft': 0.6948909236273086, 'TopRight': 0.5656088913245536, 'BottomLeft': 0.7362240528774487, 'BottomRight': 0.6464101615137755}","{'TopLeft': 0.015012009108725875, 'TopRight': 0.009945760496586914, 'BottomLeft': 0.015044160301841376, 'BottomRight': 0.01299038105676658}",curtain_up,0,nan,nan,0,nan,0,nan,nan,0,nan
590.239,113,9,4,4,"{'TopLeft': 0.6948909236273086, 'TopRight': 0.5656088913245536, 'BottomLeft': 0.7362240528774487, 'BottomRight': 0.6464101615137755}","{'TopLeft': 0.015012009108725875, 'TopRight': 0.009945760496586914, 'BottomLeft': 0.015044160301841376, 'BottomRight': 0.01299038105676658}",curtain_up,0,nan,nan,0,nan,0,nan,nan,0,nan
606.905,113,9,4,4,"{'TopLeft': 0.6948909236273086, 'TopRight': 0.5656088913245536, 'BottomLeft': 0.7362240528774487, 'BottomRight': 0.6464101615137755}","{'TopLeft': 0.015012009108725875, 'TopRight': 0.009945760496586914, 'BottomLeft': 0.015044160301841376, 'BottomRight': 0.01299038105676658}",curtain_up,0,nan,nan,0,nan,0,nan,nan,0,nan
623.572,113,9,4,4,"{'TopLeft': 0.6948909236273086, 'TopRight': 0.5656088913245536, 'BottomLeft': 0.7362240528774487, 'BottomRight': 0.6464101615137755}","{'TopLeft': 0.015012009108725875, 'TopRight': 0.009945760496586914, 'BottomLeft': 0.015044160301841376, 'BottomRight': 0.01299038105676658}",curtain_up,0,nan,nan,0,nan,0,nan,nan,0,nan
640.238,113,9,4,4,"{'TopLeft': 0.6948909236273086, 'TopRight': 0.5656088913245536, 'BottomLeft': 0.7362240528774487, 'BottomRight': 0.6464101615137755}","{'TopLeft': 0.015012009108725875, 'TopRight': 0.009945760496586914, 'BottomLeft': 0.015044160301841376, 'BottomRight': 0.01299038105676658}",curtain_up,0,nan,nan,0,nan,0,nan,nan,0,nan
656.906,113,9,4,4,"{'TopLeft': 0.6948909236273086, 'TopRight': 0.5656088913245536, 'BottomLeft': 0.7362240528774487, 'BottomRight': 0.6464101615137755}","{'TopLeft': 0.015012009108725875, 'TopRight': 0.009945760496586914, 'BottomLeft': 0.015044160301841376, 'BottomRight': 0.01299038105676658}",curtain_up,0,nan,nan,0,nan,0,nan,nan,0,nan
673.573,113,9,4,4,"{'TopLeft': 0.6948909236273086, 'TopRight': 0.5656088913245536, 'BottomLeft': 0.7362240528774487, 'BottomRight': 0.6464101615137755}","{'TopLeft': 0.015012009108725875, 'TopRight': 0.009945760496586914, 'BottomLeft': 0.015044160301841376, 'BottomRight': 0.01299038105676658}",curtain_up,0,nan,nan,0,nan,0,nan,nan,0,nan
690.239,113,9,4,4,"{'TopLeft': 0.6948909236273086, 'TopRight': 0.5656088913245536, 'BottomLeft': 0.7362240528774487, 'BottomRight': 0.6464101615137755}","{'TopLeft': 0.015012009108725875, 'TopRight': 0.009945760496586914, 'BottomLeft': 0.015044160301841376, 'BottomRight': 0.01299038105676658}",curtain_up,0,nan,nan,0,nan,0,nan,nan,0,nan
706.906,113,9,4,4,"{'TopLeft': 0.6948909236273086, 'TopRight': 0.5656088913245536, 'BottomLeft': 0.7362240528774487, 'BottomRight': 0.6464101615137755}","{'TopLeft': 0.015012009108725875, 'TopRight': 0.009945760496586914, 'BottomLeft': 0.015044160301841376, 'BottomRight': 0.01299038105676658}",curtain_up,0,nan,nan,0,nan,0,nan,nan,0,nan
723.573,113,9,4,4,"{'TopLeft': 0.6948909236273086, 'TopRight': 0.5656088913245536, 'BottomLeft': 0.7362240528774487, 'BottomRight': 0.6464101615137755}","{'TopLeft': 0.015012009108725875, 'TopRight': 0.009945760496586914, 'BottomLeft': 0.015044160301841376, 'BottomRight': 0.01299038105676658}",curtain_up,0,nan,nan,0,nan,0,nan,nan,0,nan
740.239,113,9,4,4,"{'TopLeft': 0.6948909236273086, 'TopRight': 0.5656088913245536, 'BottomLeft': 0.7362240528774487, 'BottomRight': 0.6464101615137755}","{'TopLeft': 0.015012009108725875, 'TopRight': 0.009945760496586914, 'BottomLeft': 0.015044160301841376, 'BottomRight': 0.01299038105676658}",curtain_up,0,nan,nan,0,nan,0,nan,nan,0,nan
756.906,113,9,4,4,"{'TopLeft': 0.6948909236273086, 'TopRight': 0.5656088913245536, 'BottomLeft': 0.7362240528774487, 'BottomRight': 0.6464101615137755}","{'TopLeft': 0.015012009108725875, 'TopRight': 0.009945760496586914, 'BottomLeft': 0.015044160301841376, 'BottomRight': 0.01299038105676658}",curtain_up,0,nan,nan,0,nan,0,nan,nan,0,nan
773.573,113,9,4,4,"{'TopLeft': 0.6948909236273086, 'TopRight': 0.5656088913245536, 'BottomLeft': 0.7362240528774487, 'BottomRight': 0.6464101615137755}","{'TopLeft': 0.015012009108725875, 'TopRight': 0.009945760496586914, 'BottomLeft': 0.015044160301841376, 'BottomRight': 0.01299038105676658}",curtain_up,0,nan,nan,0,nan,0,nan,nan,0,nan
790.24,113,9,4,4,"{'TopLeft': 0.6948909236273086, 'TopRight': 0.5656088913245536, 'BottomLeft': 0.7362240528774487, 'BottomRight': 0.6464101615137755}","{'TopLeft': 0.015012009108725875, 'TopRight': 0.009945760496586914, 'BottomLeft': 0.015044160301841376, 'BottomRight': 0.01299038105676658}",curtain_up,0,nan,nan,0,nan,0,nan,nan,0,nan
806.907,113,9,4,4,"{'TopLeft': 0.6948909236273086, 'TopRight': 0.5656088913245536, 'BottomLeft': 0.7362240528774487, 'BottomRight': 0.6464101615137755}","{'TopLeft': 0.015012009108725875, 'TopRight': 0.009945760496586914, 'BottomLeft': 0.015044160301841376, 'BottomRight': 0.01299038105676658}",curtain_up,0,nan,nan,0,nan,0,nan,nan,0,nan
823.573,113,9,4,4,"{'TopLeft': 0.6948909236273086, 'TopRight': 0.5656088913245536, 'BottomLeft': 0.7362240528774487, 'BottomRight': 0.6464101615137755}","{'TopLeft': 0.015012009108725875, 'TopRight': 0.009945760496586914, 'BottomLeft': 0.015044160301841376, 'BottomRight': 0.01299038105676658}",curtain_up,0,nan,nan,0,nan,0,nan,nan,0,nan
840.239,113,9,4,4,"{'TopLeft': 0.6948909236273086, 'TopRight': 0.5656088913245536, 'BottomLeft': 0.7362240528774487, 'BottomRight': 0.6464101615137755}","{'TopLeft': 0.015012009108725875, 'TopRight': 0.009945760496586914, 'BottomLeft': 0.015044160301841376, 'BottomRight': 0.01299038105676658}",curtain_up,0,nan,nan,0,nan,0,nan,nan,0,nan
856.906,113,9,4,4,"{'TopLeft': 0.6948909236273086, 'TopRight': 0.5656088913245536, 'BottomLeft': 0.7362240528774487, 'BottomRight': 0.6464101615137755}","{'TopLeft': 0.015012009108725875, 'TopRight': 0.009945760496586914, 'BottomLeft': 0.015044160301841376, 'BottomRight': 0.01299038105676658}",curtain_up,0,nan,nan,0,nan,0,nan,nan,0,nan
873.573,113,9,4,4,"{'TopLeft': 0.6948909236273086, 'TopRight': 0.5656088913245536, 'BottomLeft': 0.7362240528774487, 'BottomRight': 0.6464101615137755}","{'TopLeft': 0.015012009108725875, 'TopRight': 0.009945760496586914, 'BottomLeft': 0.015044160301841376, 'BottomRight': 0.01299038105676658}",curtain_up,0,nan,nan,0,nan,0,nan,nan,0,nan
890.24,113,9,4,4,"{'TopLeft': 0.6948909236273086, 'TopRight': 0.5656088913245536, 'BottomLeft': 0.7362240528774487, 'BottomRight': 0.6464101615137755}","{'TopLeft': 0.015012009108725875, 'TopRight': 0.009945760496586914, 'BottomLeft': 0.015044160301841376, 'BottomRight': 0.01299038105676658}",curtain_up,0,nan,nan,0,nan,0,nan,nan,0,nan
906.907,113,9,4,4,"{'TopLeft': 0.6948909236273086, 'TopRight': 0.5656088913245536, 'BottomLeft': 0.7362240528774487, 'BottomRight': 0.6464101615137755}","{'TopLeft': 0.015012009108725875, 'TopRight': 0.009945760496586914, 'BottomLeft': 0.015044160301841376, 'BottomRight': 0.01299038105676658}",curtain_up,0,nan,nan,0,nan,0,nan,nan,0,nan
923.574,113,9,4,4,"{'TopLeft': 0.6948909236273086, 'TopRight': 0.5656088913245536, 'BottomLeft': 0.7362240528774487, 'BottomRight': 0.6464101615137755}","{'TopLeft': 0.015012009108725875, 'TopRight': 0.009945760496586914, 'BottomLeft': 0.015044160301841376, 'BottomRight': 0.01299038105676658}",curtain_up,0,nan,nan,0,nan,0,nan,nan,0,nan
940.24,113,9,4,4,"{'TopLeft': 0.6948909236273086, 'TopRight': 0.5656088913245536, 'BottomLeft': 0.7362240528774487, 'BottomRight': 0.6464101615137755}","{'TopLeft': 0.015012009108725875, 'TopRight': 0.009945760496586914, 'BottomLeft': 0.015044160301841376, 'BottomRight': 0.01299038105676658}",curtain_up,0,nan,nan,0,nan,0,nan,nan,0,nan
956.907,113,9,4,4,"{'TopLeft': 0.6948909236273086, 'TopRight': 0.5656088913245536, 'BottomLeft': 0.7362240528774487, 'BottomRight': 0.6464101615137755}","{'TopLeft': 0.015012009108725875, 'TopRight': 0.009945760496586914, 'BottomLeft': 0.015044160301841376, 'BottomRight': 0.01299038105676658}",curtain_up,0,nan,nan,0,nan,0,nan,nan,0,nan
973.574,113,9,4,4,"{'TopLeft': 0.6948909236273086, 'TopRight': 0.5656088913245536, 'BottomLeft': 0.7362240528774487, 'BottomRight': 0.6464101615137755}","{'TopLeft': 0.015012009108725875, 'TopRight': 0.009945760496586914, 'BottomLeft': 0.015044160301841376, 'BottomRight': 0.01299038105676658}",curtain_up,0,nan,nan,0,nan,0,nan,nan,0,nan
990.24,113,9,4,4,"{'TopLeft': 0.6948909236273086, 'TopRight': 0.5656088913245536, 'BottomLeft': 0.7362240528774487, 'BottomRight': 0.6464101615137755}","{'TopLeft': 0.015012009108725875, 'TopRight': 0.009945760496586914, 'BottomLeft': 0.015044160301841376, 'BottomRight': 0.01299038105676658}",curtain_up,0,nan,nan,0,nan,0,nan,nan,0,nan
1006.907,113,9,4,4,"{'TopLeft': 0.6948909236273086, 'TopRight': 0.5656088913245536, 'BottomLeft': 0.7362240528774487, 'BottomRight': 0.6464101615137755}","{'TopLeft': 0.015012009108725875, 'TopRight': 0.009945760496586914, 'BottomLeft': 0.015044160301841376, 'BottomRight': 0.01299038105676658}",curtain_up,0,nan,nan,0,nan,0,nan,nan,0,nan
1023.574,113,9,4,4,"{'TopLeft': 0.6948909236273086, 'TopRight': 0.5656088913245536, 'BottomLeft': 0.7362240528774487, 'BottomRight': 0.6464101615137755}","{'TopLeft': 0.015012009108725875, 'TopRight': 0.009945760496586914, 'BottomLeft': 0.015044160301841376, 'BottomRight': 0.01299038105676658}",blank_screen,0,nan,nan,0,nan,0,nan,nan,0,nan
1040.24,113,9,4,4,"{'TopLeft': 0.6948909236273086, 'TopRight': 0.5656088913245536, 'BottomLeft': 0.7362240528774487, 'BottomRight': 0.6464101615137755}","{'TopLeft': 0.015012009108725875, 'TopRight': 0.009945760496586914, 'BottomLeft': 0.015044160301841376, 'BottomRight': 0.01299038105676658}",blank_screen,0,nan,nan,0,nan,0,nan,nan,0,nan
1056.907,113,9,4,4,"{'TopLeft': 0.6948909236273086, 'TopRight': 0.5656088913245536, 'BottomLeft': 0.7362240528774487, 'BottomRight': 0.6464101615137755}","{'TopLeft': 0.015012009108725875, 'TopRight': 0.009945760496586914, 'BottomLeft': 0.015044160301841376, 'BottomRight': 0.01299038105676658}",blank_screen,0,nan,nan,0,nan,0,nan,nan,0,nan
1073.573,113,9,4,4,"{'TopLeft': 0.6948909236273086, 'TopRight': 0.5656088913245536, 'BottomLeft': 0.7362240528774487, 'BottomRight': 0.6464101615137755}","{'TopLeft': 0.015012009108725875, 'TopRight': 0.009945760496586914, 'BottomLeft': 0.015044160301841376, 'BottomRight': 0.01299038105676658}",blank_screen,0,nan,nan,0,nan,0,nan,nan,0,nan
1090.24,113,9,4,4,"{'TopLeft': 0.6948909236273086, 'TopRight': 0.5656088913245536, 'BottomLeft': 0.7362240528774487, 'BottomRight': 0.6464101615137755}","{'TopLeft': 0.015012009108725875, 'TopRight': 0.009945760496586914, 'BottomLeft': 0.015044160301841376, 'BottomRight': 0.01299038105676658}",blank_screen,0,nan,nan,0,nan,0,nan,nan,0,nan
1106.907,113,9,4,4,"{'TopLeft': 0.6948909236273086, 'TopRight': 0.5656088913245536, 'BottomLeft': 0.7362240528774487, 'BottomRight': 0.6464101615137755}","{'TopLeft': 0.015012009108725875, 'TopRight': 0.009945760496586914, 'BottomLeft': 0.015044160301841376, 'BottomRight': 0.01299038105676658}",blank_screen,0,nan,nan,0,nan,0,nan,nan,0,nan
1123.573,113,9,4,4,"{'TopLeft': 0.6948909236273086, 'TopRight': 0.5656088913245536, 'BottomLeft': 0.7362240528774487, 'BottomRight': 0.6464101615137755}","{'TopLeft': 0.015012009108725875, 'TopRight': 0.009945760496586914, 'BottomLeft': 0.015044160301841376, 'BottomRight': 0.01299038105676658}",blank_screen,0,nan,nan,0,nan,0,nan,nan,0,nan
1140.241,113,9,4,4,"{'TopLeft': 0.6948909236273086, 'TopRight': 0.5656088913245536, 'BottomLeft': 0.7362240528774487, 'BottomRight': 0.6464101615137755}","{'TopLeft': 0.015012009108725875, 'TopRight': 0.009945760496586914, 'BottomLeft': 0.015044160301841376, 'BottomRight': 0.01299038105676658}",blank_screen,0,nan,nan,0,nan,0,nan,nan,0,nan
1156.908,113,9,4,4,"{'TopLeft': 0.6948909236273086, 'TopRight': 0.5656088913245536, 'BottomLeft': 0.7362240528774487, 'BottomRight': 0.6464101615137755}","{'TopLeft': 0.015012009108725875, 'TopRight': 0.009945760496586914, 'BottomLeft': 0.015044160301841376, 'BottomRight': 0.01299038105676658}",blank_screen,0,nan,nan,0,nan,0,nan,nan,0,nan
1173.574,113,9,4,4,"{'TopLeft': 0.6948909236273086, 'TopRight': 0.5656088913245536, 'BottomLeft': 0.7362240528774487, 'BottomRight': 0.6464101615137755}","{'TopLeft': 0.015012009108725875, 'TopRight': 0.009945760496586914, 'BottomLeft': 0.015044160301841376, 'BottomRight': 0.01299038105676658}",blank_screen,0,nan,nan,0,nan,0,nan,nan,0,nan
1190.24,113,9,4,4,"{'TopLeft': 0.6948909236273086, 'TopRight': 0.5656088913245536, 'BottomLeft': 0.7362240528774487, 'BottomRight': 0.6464101615137755}","{'TopLeft': 0.015012009108725875, 'TopRight': 0.009945760496586914, 'BottomLeft': 0.015044160301841376, 'BottomRight': 0.01299038105676658}",blank_screen,0,nan,nan,0,nan,0,nan,nan,0,nan
1206.908,113,9,4,4,"{'TopLeft': 0.6948909236273086, 'TopRight': 0.5656088913245536, 'BottomLeft': 0.7362240528774487, 'BottomRight': 0.6464101615137755}","{'TopLeft': 0.015012009108725875, 'TopRight': 0.009945760496586914, 'BottomLeft': 0.015044160301841376, 'BottomRight': 0.01299038105676658}",blank_screen,0,nan,nan,0,nan,0,nan,nan,0,nan
1223.574,113,9,4,4,"{'TopLeft': 0.6948909236273086, 'TopRight': 0.5656088913245536, 'BottomLeft': 0.7362240528774487, 'BottomRight': 0.6464101615137755}","{'TopLeft': 0.015012009108725875, 'TopRight': 0.009945760496586914, 'BottomLeft': 0.015044160301841376, 'BottomRight': 0.01299038105676658}",blank_screen,0,nan,nan,0,nan,0,nan,nan,0,nan
1240.241,113,9,4,4,"{'TopLeft': 0.6948909236273086, 'TopRight': 0.5656088913245536, 'BottomLeft': 0.7362240528774487, 'BottomRight': 0.6464101615137755}","{'TopLeft': 0.015012009108725875, 'TopRight': 0.009945760496586914, 'BottomLeft': 0.015044160301841376, 'BottomRight': 0.01299038105676658}",blank_screen,0,nan,nan,0,nan,0,nan,nan,0,nan
1256.908,113,9,4,4,"{'TopLeft': 0.6948909236273086, 'TopRight': 0.5656088913245536, 'BottomLeft': 0.7362240528774487, 'BottomRight': 0.6464101615137755}","{'TopLeft': 0.015012009108725875, 'TopRight': 0.009945760496586914, 'BottomLeft': 0.015044160301841376, 'BottomRight': 0.01299038105676658}",blank_screen,0,nan,nan,0,nan,0,nan,nan,0,nan
1273.574,113,9,4,4,"{'TopLeft': 0.6948909236273086, 'TopRight': 0.5656088913245536, 'BottomLeft': 0.7362240528774487, 'BottomRight': 0.6464101615137755}","{'TopLeft': 0.015012009108725875, 'TopRight': 0.009945760496586914, 'BottomLeft': 0.015044160301841376, 'BottomRight': 0.01299038105676658}",blank_screen,0,nan,nan,0,nan,0,nan,nan,0,nan
1290.241,113,9,4,4,"{'TopLeft': 0.6948909236273086, 'TopRight': 0.5656088913245536, 'BottomLeft': 0.7362240528774487, 'BottomRight': 0.6464101615137755}","{'TopLeft': 0.015012009108725875, 'TopRight': 0.009945760496586914, 'BottomLeft': 0.015044160301841376, 'BottomRight': 0.01299038105676658}",blank_screen,0,nan,nan,0,nan,0,nan,nan,0,nan
1306.908,113,9,4,4,"{'TopLeft': 0.6948909236273086, 'TopRight': 0.5656088913245536, 'BottomLeft': 0.7362240528774487, 'BottomRight': 0.6464101615137755}","{'TopLeft': 0.015012009108725875, 'TopRight': 0.009945760496586914, 'BottomLeft': 0.015044160301841376, 'BottomRight': 0.01299038105676658}",blank_screen,0,nan,nan,0,nan,0,nan,nan,0,nan
1323.574,113,9,4,4,"{'TopLeft': 0.6948909236273086, 'TopRight': 0.5656088913245536, 'BottomLeft': 0.7362240528774487, 'BottomRight': 0.6464101615137755}","{'TopLeft': 0.015012009108725875, 'TopRight': 0.009945760496586914, 'BottomLeft': 0.015044160301841376, 'BottomRight': 0.01299038105676658}",blank_screen,0,nan,nan,0,nan,0,nan,nan,0,nan
1340.24,113,9,4,4,"{'TopLeft': 0.6948909236273086, 'TopRight': 0.5656088913245536, 'BottomLeft': 0.7362240528774487, 'BottomRight': 0.6464101615137755}","{'TopLeft': 0.015012009108725875, 'TopRight': 0.009945760496586914, 'BottomLeft': 0.015044160301841376, 'BottomRight': 0.01299038105676658}",blank_screen,0,nan,nan,0,nan,0,nan,nan,0,nan
1356.906,113,9,4,4,"{'TopLeft': 0.6948909236273086, 'TopRight': 0.5656088913245536, 'BottomLeft': 0.7362240528774487, 'BottomRight': 0.6464101615137755}","{'TopLeft': 0.015012009108725875, 'TopRight': 0.009945760496586914, 'BottomLeft': 0.015044160301841376, 'BottomRight': 0.01299038105676658}",blank_screen,0,nan,nan,0,nan,0,nan,nan,0,nan
1373.573,113,9,4,4,"{'TopLeft': 0.6948909236273086, 'TopRight': 0.5656088913245536, 'BottomLeft': 0.7362240528774487, 'BottomRight': 0.6464101615137755}","{'TopLeft': 0.015012009108725875, 'TopRight': 0.009945760496586914, 'BottomLeft': 0.015044160301841376, 'BottomRight': 0.01299038105676658}",blank_screen,0,nan,nan,0,nan,0,nan,nan,0,nan
1390.241,113,9,4,4,"{'TopLeft': 0.6948909236273086, 'TopRight': 0.5656088913245536, 'BottomLeft': 0.7362240528774487, 'BottomRight': 0.6464101615137755}","{'TopLeft': 0.015012009108725875, 'TopRight': 0.009945760496586914, 'BottomLeft': 0.015044160301841376, 'BottomRight': 0.01299038105676658}",blank_screen,0,nan,nan,0,nan,0,nan,nan,0,nan
1406.907,113,9,4,4,"{'TopLeft': 0.6948909236273086, 'TopRight': 0.5656088913245536, 'BottomLeft': 0.7362240528774487, 'BottomRight': 0.6464101615137755}","{'TopLeft': 0.015012009108725875, 'TopRight': 0.009945760496586914, 'BottomLeft': 0.015044160301841376, 'BottomRight': 0.01299038105676658}",blank_screen,0,nan,nan,0,nan,0,nan,nan,0,nan
1423.574,113,9,4,4,"{'TopLeft': 0.6948909236273086, 'TopRight': 0.5656088913245536, 'BottomLeft': 0.7362240528774487, 'BottomRight': 0.6464101615137755}","{'TopLeft': 0.015012009108725875, 'TopRight': 0.009945760496586914, 'BottomLeft': 0.015044160301841376, 'BottomRight': 0.01299038105676658}",blank_screen,0,nan,nan,0,nan,0,nan,nan,0,nan
1440.24,113,9,4,4,"{'TopLeft': 0.6948909236273086, 'TopRight': 0.5656088913245536, 'BottomLeft': 0.7362240528774487, 'BottomRight': 0.6464101615137755}","{'TopLeft': 0.015012009108725875, 'TopRight': 0.009945760496586914, 'BottomLeft': 0.015044160301841376, 'BottomRight': 0.01299038105676658}",blank_screen,0,nan,nan,0,nan,0,nan,nan,0,nan
1456.907,113,9,4,4,"{'TopLeft': 0.6948909236273086, 'TopRight': 0.5656088913245536, 'BottomLeft': 0.7362240528774487, 'BottomRight': 0.6464101615137755}","{'TopLeft': 0.015012009108725875, 'TopRight': 0.009945760496586914, 'BottomLeft': 0.015044160301841376, 'BottomRight': 0.01299038105676658}",blank_screen,0,nan,nan,0,nan,0,nan,nan,0,nan
1473.574,113,9,4,4,"{'TopLeft': 0.6948909236273086, 'TopRight': 0.5656088913245536, 'BottomLeft': 0.7362240528774487, 'BottomRight': 0.6464101615137755}","{'TopLeft': 0.015012009108725875, 'TopRight': 0.009945760496586914, 'BottomLeft': 0.015044160301841376, 'BottomRight': 0.01299038105676658}",blank_screen,0,nan,nan,0,nan,0,nan,nan,0,nan
1490.24,113,9,4,4,"{'TopLeft': 0.6948909236273086, 'TopRight': 0.5656088913245536, 'BottomLeft': 0.7362240528774487, 'BottomRight': 0.6464101615137755}","{'TopLeft': 0.015012009108725875, 'TopRight': 0.009945760496586914, 'BottomLeft': 0.015044160301841376, 'BottomRight': 0.01299038105676658}",blank_screen,0,nan,nan,0,nan,0,nan,nan,0,nan
1506.907,113,9,4,4,"{'TopLeft': 0.6948909236273086, 'TopRight': 0.5656088913245536, 'BottomLeft': 0.7362240528774487, 'BottomRight': 0.6464101615137755}","{'TopLeft': 0.015012009108725875, 'TopRight': 0.009945760496586914, 'BottomLeft': 0.015044160301841376, 'BottomRight': 0.01299038105676658}",blank_screen,0,nan,nan,0,nan,0,nan,nan,0,nan
1523.574,113,9,4,4,"{'TopLeft': 0.6948909236273086, 'TopRight': 0.5656088913245536, 'BottomLeft': 0.7362240528774487, 'BottomRight': 0.6464101615137755}","{'TopLeft': 0.015012009108725875, 'TopRight': 0.009945760496586914, 'BottomLeft': 0.015044160301841376, 'BottomRight': 0.01299038105676658}",blank_screen,0,nan,nan,0,nan,0,nan,nan,0,nan
1540.24,113,9,4,4,"{'TopLeft': 0.6948909236273086, 'TopRight': 0.5656088913245536, 'BottomLeft': 0.7362240528774487, 'BottomRight': 0.6464101615137755}","{'TopLeft': 0.015012009108725875, 'TopRight': 0.009945760496586914, 'BottomLeft': 0.015044160301841376, 'BottomRight': 0.01299038105676658}",central_attention_getter,0,nan,nan,0,nan,0,nan,nan,0,nan
1556.906,113,9,4,4,"{'TopLeft': 0.6948909236273086, 'TopRight': 0.5656088913245536, 'BottomLeft': 0.7362240528774487, 'BottomRight': 0.6464101615137755}","{'TopLeft': 0.015012009108725875, 'TopRight': 0.009945760496586914, 'BottomLeft': 0.015044160301841376, 'BottomRight': 0.01299038105676658}",central_attention_getter,0,nan,nan,0,nan,0,nan,nan,0,nan
1573.573,113,9,4,4,"{'TopLeft': 0.6948909236273086, 'TopRight': 0.5656088913245536, 'BottomLeft': 0.7362240528774487, 'BottomRight': 0.6464101615137755}","{'TopLeft': 0.015012009108725875, 'TopRight': 0.009945760496586914, 'BottomLeft': 0.015044160301841376, 'BottomRight': 0.01299038105676658}",central_attention_getter,0,nan,nan,0,nan,0,nan,nan,0,nan
1590.24,113,9,4,4,"{'TopLeft': 0.6948909236273086, 'TopRight': 0.5656088913245536, 'BottomLeft': 0.7362240528774487, 'BottomRight': 0.6464101615137755}","{'TopLeft': 0.015012009108725875, 'TopRight': 0.009945760496586914, 'BottomLeft': 0.015044160301841376, 'BottomRight': 0.01299038105676658}",central_attention_getter,0,nan,nan,0,nan,0,nan,nan,0,nan
1606.907,113,9,4,4,"{'TopLeft': 0.6948909236273086, 'TopRight': 0.5656088913245536, 'BottomLeft': 0.7362240528774487, 'BottomRight': 0.6464101615137755}","{'TopLeft': 0.015012009108725875, 'TopRight': 0.009945760496586914, 'BottomLeft': 0.015044160301841376, 'BottomRight': 0.01299038105676658}",central_attention_getter,0,nan,nan,0,nan,0,nan,nan,0,nan
1623.574,113,9,4,4,"{'TopLeft': 0.6948909236273086, 'TopRight': 0.5656088913245536, 'BottomLeft': 0.7362240528774487, 'BottomRight': 0.6464101615137755}","{'TopLeft': 0.015012009108725875, 'TopRight': 0.009945760496586914, 'BottomLeft': 0.015044160301841376, 'BottomRight': 0.01299038105676658}",central_attention_getter,0,nan,nan,0,nan,0,nan,nan,0,nan
1640.241,113,9,4,4,"{'TopLeft': 0.6948909236273086, 'TopRight': 0.5656088913245536, 'BottomLeft': 0.7362240528774487, 'BottomRight': 0.6464101615137755}","{'TopLeft': 0.015012009108725875, 'TopRight': 0.009945760496586914, 'BottomLeft': 0.015044160301841376, 'BottomRight': 0.01299038105676658}",central_attention_getter,0,nan,nan,0,nan,0,nan,nan,0,nan
1656.907,113,9,4,4,"{'TopLeft': 0.6948909236273086, 'TopRight': 0.5656088913245536, 'BottomLeft': 0.7362240528774487, 'BottomRight': 0.6464101615137755}","{'TopLeft': 0.015012009108725875, 'TopRight': 0.009945760496586914, 'BottomLeft': 0.015044160301841376, 'BottomRight': 0.01299038105676658}",central_attention_getter,0,nan,nan,0,nan,0,nan,nan,0,nan
1673.573,113,9,4,4,"{'TopLeft': 0.6948909236273086, 'TopRight': 0.5656088913245536, 'BottomLeft': 0.7362240528774487, 'BottomRight': 0.6464101615137755}","{'TopLeft': 0.015012009108725875, 'TopRight': 0.009945760496586914, 'BottomLeft': 0.015044160301841376, 'BottomRight': 0.01299038105676658}",central_attention_getter,0,nan,nan,0,nan,0,nan,nan,0,nan
1690.241,113,9,4,4,"{'TopLeft': 0.6948909236273086, 'TopRight': 0.5656088913245536, 'BottomLeft': 0.7362240528774487, 'BottomRight': 0.6464101615137755}","{'TopLeft': 0.015012009108725875, 'TopRight': 0.009945760496586914, 'BottomLeft': 0.015044160301841376, 'BottomRight': 0.01299038105676658}",central_attention_getter,0,nan,nan,0,nan,0,nan,nan,0,nan
1706.907,113,9,4,4,"{'TopLeft': 0.6948909236273086, 'TopRight': 0.5656088913245536, 'BottomLeft': 0.7362240528774487, 'BottomRight': 0.6464101615137755}","{'TopLeft': 0.015012009108725875, 'TopRight': 0.009945760496586914, 'BottomLeft': 0.015044160301841376, 'BottomRight': 0.01299038105676658}",central_attention_getter,0,nan,nan,0,nan,0,nan,nan,0,nan
1723.574,113,9,4,4,"{'TopLeft': 0.6948909236273086, 'TopRight': 0.5656088913245536, 'BottomLeft': 0.7362240528774487, 'BottomRight': 0.6464101615137755}","{'TopLeft': 0.015012009108725875, 'TopRight': 0.009945760496586914, 'BottomLeft': 0.015044160301841376, 'BottomRight': 0.01299038105676658}",central_attention_getter,0,nan,nan,0,nan,0,nan,nan,0,nan
1740.241,113,9,4,4,"{'TopLeft': 0.6948909236273086, 'TopRight': 0.5656088913245536, 'BottomLeft': 0.7362240528774487, 'BottomRight': 0.6464101615137755}","{'TopLeft': 0.015012009108725875, 'TopRight': 0.009945760496586914, 'BottomLeft': 0.015044160301841376, 'BottomRight': 0.01299038105676658}",central_attention_getter,0,nan,nan,0,nan,0,nan,nan,0,nan
1756.907,113,9,4,4,"{'TopLeft': 0.6948909236273086, 'TopRight': 0.5656088913245536, 'BottomLeft': 0.7362240528774487, 'BottomRight': 0.6464101615137755}","{'TopLeft': 0.015012009108725875, 'TopRight': 0.009945760496586914, 'BottomLeft': 0.015044160301841376, 'BottomRight': 0.01299038105676658}",central_attention_getter,0,nan,nan,0,nan,0,nan,nan,0,nan
1773.574,113,9,4,4,"{'TopLeft': 0.6948909236273086, 'TopRight': 0.5656088913245536, 'BottomLeft': 0.7362240528774487, 'BottomRight': 0.6464101615137755}","{'TopLeft': 0.015012009108725875, 'TopRight': 0.009945760496586914, 'BottomLeft': 0.015044160301841376, 'BottomRight': 0.01299038105676658}",central_attention_getter,0,nan,nan,0,nan,0,nan,nan,0,nan
1790.241,113,9,4,4,"{'TopLeft': 0.6948909236273086, 'TopRight': 0.5656088913245536, 'BottomLeft': 0.7362240528774487, 'BottomRight': 0.6464101615137755}","{'TopLeft': 0.015012009108725875, 'TopRight': 0.009945760496586914, 'BottomLeft': 0.015044160301841376, 'BottomRight': 0.01299038105676658}",central_attention_getter,0,nan,nan,0,nan,0,nan,nan,0,nan
1806.907,113,9,4,4,"{'TopLeft': 0.6948909236273086, 'TopRight': 0.5656088913245536, 'BottomLeft': 0.7362240528774487, 'BottomRight': 0.6464101615137755}","{'TopLeft': 0.015012009108725875, 'TopRight': 0.009945760496586914, 'BottomLeft': 0.015044160301841376, 'BottomRight': 0.01299038105676658}",central_attention_getter,0,nan,nan,0,nan,0,nan,nan,0,nan
1823.573,113,9,4,4,"{'TopLeft': 0.6948909236273086, 'TopRight': 0.5656088913245536, 'BottomLeft': 0.7362240528774487, 'BottomRight': 0.6464101615137755}","{'TopLeft': 0.015012009108725875, 'TopRight': 0.009945760496586914, 'BottomLeft': 0.015044160301841376, 'BottomRight': 0.01299038105676658}",central_attention_getter,0,nan,nan,0,nan,0,nan,nan,0,nan
1840.24,113,9,4,4,"{'TopLeft': 0.6948909236273086, 'TopRight': 0.5656088913245536, 'BottomLeft': 0.7362240528774487, 'BottomRight': 0.6464101615137755}","{'TopLeft': 0.015012009108725875, 'TopRight': 0.009945760496586914, 'BottomLeft': 0.015044160301841376, 'BottomRight': 0.01299038105676658}",central_attention_getter,0,nan,nan,0,nan,0,nan,nan,0,nan
1856.908,113,9,4,4,"{'TopLeft': 0.6948909236273086, 'TopRight': 0.5656088913245536, 'BottomLeft': 0.7362240528774487, 'BottomRight': 0.6464101615137755}","{'TopLeft': 0.015012009108725875, 'TopRight': 0.009945760496586914, 'BottomLeft': 0.015044160301841376, 'BottomRight': 0.01299038105676658}",central_attention_getter,0,nan,nan,0,nan,0,nan,nan,0,nan
1873.574,113,9,4,4,"{'TopLeft': 0.6948909236273086, 'TopRight': 0.5656088913245536, 'BottomLeft': 0.7362240528774487, 'BottomRight': 0.6464101615137755}","{'TopLeft': 0.015012009108725875, 'TopRight': 0.009945760496586914, 'BottomLeft': 0.015044160301841376, 'BottomRight': 0.01299038105676658}",central_attention_getter,0,nan,nan,0,nan,0,nan,nan,0,nan
1890.24,113,9,4,4,"{'TopLeft': 0.6948909236273086, 'TopRight': 0.5656088913245536, 'BottomLeft': 0.7362240528774487, 'BottomRight': 0.6464101615137755}","{'TopLeft': 0.015012009108725875, 'TopRight': 0.009945760496586914, 'BottomLeft': 0.015044160301841376, 'BottomRight': 0.01299038105676658}",central_attention_getter,0,nan,nan,0,nan,0,nan,nan,0,nan
1906.907,113,9,4,4,"{'TopLeft': 0.6948909236273086, 'TopRight': 0.5656088913245536, 'BottomLeft': 0.7362240528774487, 'BottomRight': 0.6464101615137755}","{'TopLeft': 0.015012009108725875, 'TopRight': 0.009945760496586914, 'BottomLeft': 0.015044160301841376, 'BottomRight': 0.01299038105676658}",central_attention_getter,0,nan,nan,0,nan,1,0.015743891398111977,0.07388269901275635,1,3.633209228515625
1923.574,113,9,4,4,"{'TopLeft': 0.6948909236273086, 'TopRight': 0.5656088913245536, 'BottomLeft': 0.7362240528774487, 'BottomRight': 0.6464101615137755}","{'TopLeft': 0.015012009108725875, 'TopRight': 0.009945760496586914, 'BottomLeft': 0.015044160301841376, 'BottomRight': 0.01299038105676658}",central_attention_getter,0,nan,nan,0,nan,1,0.02159913380940755,0.069161057472229,1,3.6380615234375
1940.24,113,9,4,4,"{'TopLeft': 0.6948909236273086, 'TopRight': 0.5656088913245536, 'BottomLeft': 0.7362240528774487, 'BottomRight': 0.6464101615137755}","{'TopLeft': 0.015012009108725875, 'TopRight': 0.009945760496586914, 'BottomLeft': 0.015044160301841376, 'BottomRight': 0.01299038105676658}",central_attention_getter,1,0.00297652350531684,0.07314330339431763,1,3.7822113037109375,1,0.026697582668728296,0.0711592435836792,1,3.6461029052734375
1956.907,113,9,4,4,"{'TopLeft': 0.6948909236273086, 'TopRight': 0.5656088913245536, 'BottomLeft': 0.7362240528774487, 'BottomRight': 0.6464101615137755}","{'TopLeft': 0.015012009108725875, 'TopRight': 0.009945760496586914, 'BottomLeft': 0.015044160301841376, 'BottomRight': 0.01299038105676658}",central_attention_getter,1,-0.0023227267795138886,0.07735860347747803,1,3.78240966796875,1,0.022260877821180556,0.08016413450241089,1,3.6396026611328125
1973.574,113,9,4,4,"{'TopLeft': 0.6948909236273086, 'TopRight': 0.5656088913245536, 'BottomLeft': 0.7362240528774487, 'BottomRight': 0.6464101615137755}","{'TopLeft': 0.015012009108725875, 'TopRight': 0.009945760496586914, 'BottomLeft': 0.015044160301841376, 'BottomRight': 0.01299038105676658}",central_attention_getter,1,-0.0022951232062445744,0.07598221302032471,1,3.7846527099609375,1,0.023845672607421875,0.07656797766685486,1,3.6536102294921875
1990.24,113,9,4,4,"{'TopLeft': 0.6948909236273086, 'TopRight': 0.5656088913245536, 'BottomLeft': 0.7362240528774487, 'BottomRight': 0.6464101615137755}","{'TopLeft': 0.015012009108725875, 'TopRight': 0.009945760496586914, 'BottomLeft': 0.015044160301841376, 'BottomRight': 0.01299038105676658}",central_attention_getter,1,-0.0011089113023546005,0.07244950532913208,1,3.7984161376953125,1,0.022069295247395832,0.07228106260299683,1,3.67669677734375
2006.907,113,9,4,4,"{'TopLeft': 0.6948909236273086, 'TopRight': 0.5656088913245536, 'BottomLeft': 0.7362240528774487, 'BottomRight': 0.6464101615137755}","{'TopLeft': 0.015012009108725875, 'TopRight': 0.009945760496586914, 'BottomLeft': 0.015044160301841376, 'BottomRight': 0.01299038105676658}",central_attention_getter,1,0.001335885789659288,0.06614863872528076,1,3.796173095703125,1,0.02320416768391927,0.07773876190185547,1,3.6742095947265625
2023.574,113,9,4,4,"{'TopLeft': 0.6948909236273086, 'TopRight': 0.5656088913245536, 'BottomLeft': 0.7362240528774487, 'BottomRight': 0.6464101615137755}","{'TopLeft': 0.015012009108725875, 'TopRight': 0.009945760496586914, 'BottomLeft': 0.015044160301841376, 'BottomRight': 0.01299038105676658}",central_attention_getter,1,0.0063724517822265625,0.06531387567520142,1,3.8058624267578125,1,0.025089793735080294,0.07791030406951904,1,3.6839447021484375
2040.24,113,9,4,4,"{'TopLeft': 0.6948909236273086, 'TopRight': 0.5656088913245536, 'BottomLeft': 0.7362240528774487, 'BottomRight': 0.6464101615137755}","{'TopLeft': 0.015012009108725875, 'TopRight': 0.009945760496586914, 'BottomLeft': 0.015044160301841376, 'BottomRight': 0.01299038105676658}",central_attention_getter,1,0.010624143812391492,0.06336438655853271,1,3.801422119140625,1,0.024598439534505207,0.07855385541915894,1,3.6890869140625
2056.907,113,9,4,4,"{'TopLeft': 0.6948909236273086, 'TopRight': 0.5656088913245536, 'BottomLeft': 0.7362240528774487, 'BottomRight': 0.6464101615137755}","{'TopLeft': 0.015012009108725875, 'TopRight': 0.009945760496586914, 'BottomLeft': 0.015044160301841376, 'BottomRight': 0.01299038105676658}",central_attention_getter,1,0.015862676832411025,0.06377959251403809,1,3.798919677734375,1,0.025036493937174477,0.07269525527954102,1,3.6948699951171875
2073.574,113,9,4,4,"{'TopLeft': 0.6948909236273086, 'TopRight': 0.5656088913245536, 'BottomLeft': 0.7362240528774487, 'BottomRight': 0.6464101615137755}","{'TopLeft': 0.015012009108725875, 'TopRight': 0.009945760496586914, 'BottomLeft': 0.015044160301841376, 'BottomRight': 0.01299038105676658}",central_attention_getter,1,0.01035732693142361,0.060675621032714844,1,3.7867584228515625,1,0.024664137098524302,0.07994133234024048,1,3.690185546875
2090.241,113,9,4,4,"{'TopLeft': 0.6948909236273086, 'TopRight': 0.5656088913245536, 'BottomLeft': 0.7362240528774487, 'BottomRight': 0.6464101615137755}","{'TopLeft': 0.015012009108725875, 'TopRight': 0.009945760496586914, 'BottomLeft': 0.015044160301841376, 'BottomRight': 0.01299038105676658}",central_attention_getter,1,0.012050204806857638,0.06552910804748535,1,3.7783660888671875,1,0.024494806925455727,0.07497265934944153,1,3.6908721923828125
2106.908,113,9,4,4,"{'TopLeft': 0.6948909236273086, 'TopRight': 0.5656088913245536, 'BottomLeft': 0.7362240528774487, 'BottomRight': 0.6464101615137755}","{'TopLeft': 0.015012009108725875, 'TopRight': 0.009945760496586914, 'BottomLeft': 0.015044160301841376, 'BottomRight': 0.01299038105676658}",central_attention_getter,1,0.016975826687282987,0.0644608736038208,1,3.76080322265625,1,0.0257163577609592,0.07427158951759338,1,3.6779022216796875
2123.575,113,9,4,4,"{'TopLeft': 0.6948909236273086, 'TopRight': 0.5656088913245536, 'BottomLeft': 0.7362240528774487, 'BottomRight': 0.6464101615137755}","{'TopLeft': 0.015012009108725875, 'TopRight': 0.009945760496586914, 'BottomLeft': 0.015044160301841376, 'BottomRight': 0.01299038105676658}",central_attention_getter,1,0.01792250739203559,0.0631638765335083,1,3.7467041015625,1,0.02660899692111545,0.07742613554000854,1,3.6772003173828125
2140.241,113,9,4,4,"{'TopLeft': 0.6948909236273086, 'TopRight': 0.5656088913245536, 'BottomLeft': 0.7362240528774487, 'BottomRight': 0.6464101615137755}","{'TopLeft': 0.015012009108725875, 'TopRight': 0.009945760496586914, 'BottomLeft': 0.015044160301841376, 'BottomRight': 0.01299038105676658}",central_attention_getter,1,-0.01844236585828993,0.01446881890296936,1,3.7413177490234375,1,-0.007579856448703341,0.03977781534194946,1,3.651153564453125
2156.908,113,9,4,4,"{'TopLeft': 0.6948909236273086, 'TopRight': 0.5656088913245536, 'BottomLeft': 0.7362240528774487, 'BottomRight': 0.6464101615137755}","{'TopLeft': 0.015012009108725875, 'TopRight': 0.009945760496586914, 'BottomLeft': 0.015044160301841376, 'BottomRight': 0.01299038105676658}",central_attention_getter,1,-0.001255671183268229,-0.004250764846801758,1,3.7302703857421875,1,-0.0025421778361002603,0.03537839651107788,1,3.6610107421875
2173.575,113,9,4,4,"{'TopLeft': 0.6948909236273086, 'TopRight': 0.5656088913245536, 'BottomLeft': 0.7362240528774487, 'BottomRight': 0.6464101615137755}","{'TopLeft': 0.015012009108725875, 'TopRight': 0.009945760496586914, 'BottomLeft': 0.015044160301841376, 'BottomRight': 0.01299038105676658}",central_attention_getter,1,-0.00504106945461697,-0.014552652835845947,1,3.71630859375,1,-0.008316146002875434,0.02005225419998169,1,3.6420745849609375
2190.241,113,9,4,4,"{'TopLeft': 0.6948909236273086, 'TopRight': 0.5656088913245536, 'BottomLeft': 0.7362240528774487, 'BottomRight': 0.6464101615137755}","{'TopLeft': 0.015012009108725875, 'TopRight': 0.009945760496586914, 'BottomLeft': 0.015044160301841376, 'BottomRight': 0.01299038105676658}",central_attention_getter,1,-0.006959385342068142,-0.01297307014465332,1,3.702667236328125,1,-0.0042218102349175345,0.02637791633605957,1,3.632537841796875
2206.908,113,9,4,4,"{'TopLeft': 0.6948909236273086, 'TopRight': 0.5656088913245536, 'BottomLeft': 0.7362240528774487, 'BottomRight': 0.6464101615137755}","{'TopLeft': 0.015012009108725875, 'TopRight': 0.009945760496586914, 'BottomLeft': 0.015044160301841376, 'BottomRight': 0.01299038105676658}",central_attention_getter,1,-0.00029797024197048607,-0.011234939098358154,1,3.7004852294921875,1,-0.0024207433064778643,0.025234997272491455,1,3.6326751708984375
2223.575,113,9,4,4,"{'TopLeft': 0.6948909236273086, 'TopRight': 0.5656088913245536, 'BottomLeft': 0.7362240528774487, 'BottomRight': 0.6464101615137755}","{'TopLeft': 0.015012009108725875, 'TopRight': 0.009945760496586914, 'BottomLeft': 0.015044160301841376, 'BottomRight': 0.01299038105676658}",central_attention_getter,1,-0.0046138763427734375,-0.009531259536743164,1,3.6876220703125,1,-0.0025168524848090275,0.025490105152130127,1,3.6194305419921875
2240.241,113,9,4,4,"{'TopLeft': 0.6948909236273086, 'TopRight': 0.5656088913245536, 'BottomLeft': 0.7362240528774487, 'BottomRight': 0.6464101615137755}","{'TopLeft': 0.015012009108725875, 'TopRight': 0.009945760496586914, 'BottomLeft': 0.015044160301841376, 'BottomRight': 0.01299038105676658}",central_attention_getter,1,-0.004490746392144097,-0.012322843074798584,1,3.6899871826171875,1,-0.0045994652642144095,0.029968202114105225,1,3.6209869384765625
2256.908,113,9,4,4,"{'TopLeft': 0.6948909236273086, 'TopRight': 0.5656088913245536, 'BottomLeft': 0.7362240528774487, 'BottomRight': 0.6464101615137755}","{'TopLeft': 0.015012009108725875, 'TopRight': 0.009945760496586914, 'BottomLeft': 0.015044160301841376, 'BottomRight': 0.01299038105676658}",central_attention_getter,1,-0.0033071306016710066,-0.0075029730796813965,1,3.680450439453125,1,0.0007385677761501736,0.023718535900115967,1,3.609527587890625
2273.575,113,9,4,4,"{'TopLeft': 0.6948909236273086, 'TopRight': 0.5656088913245536, 'BottomLeft': 0.7362240528774487, 'BottomRight': 0.6464101615137755}","{'TopLeft': 0.015012009108725875, 'TopRight': 0.009945760496586914, 'BottomLeft': 0.015044160301841376, 'BottomRight': 0.01299038105676658}",central_attention_getter,1,0.004986233181423611,-0.003536701202392578,1,3.683990478515625,1,-0.002643797132703993,0.02604895830154419,1,3.610931396484375
2290.241,113,9,4,4,"{'TopLeft': 0.6948909236273086, 'TopRight': 0.5656088913245536, 'BottomLeft': 0.7362240528774487, 'BottomRight': 0.6464101615137755}","{'TopLeft': 0.015012009108725875, 'TopRight': 0.009945760496586914, 'BottomLeft': 0.015044160301841376, 'BottomRight': 0.01299038105676658}",central_attention_getter,1,0.0018528832329644095,-0.009775936603546143,1,3.6712493896484375,1,0.004138416714138455,0.023990482091903687,1,3.6091461181640625
2306.908,113,9,4,4,"{'TopLeft': 0.6948909236273086, 'TopRight': 0.5656088913245536, 'BottomLeft': 0.7362240528774487, 'BottomRight': 0.6464101615137755}","{'TopLeft': 0.015012009108725875, 'TopRight': 0.009945760496586914, 'BottomLeft': 0.015044160301841376, 'BottomRight': 0.01299038105676658}",central_attention_getter,1,0.003014034695095486,0.0033499300479888916,1,3.6743316650390625,1,0.0024062262641059025,0.025967180728912354,1,3.6088409423828125
2323.576,113,9,4,4,"{'TopLeft': 0.6948909236273086, 'TopRight': 0.5656088913245536, 'BottomLeft': 0.7362240528774487, 'BottomRight': 0.6464101615137755}","{'TopLeft': 0.015012009108725875, 'TopRight': 0.009945760496586914, 'BottomLeft': 0.015044160301841376, 'BottomRight': 0.01299038105676658}",central_attention_getter,1,0.0022863811916775173,-0.002110302448272705,1,3.6610107421875,1,0.0031799740261501735,0.021350324153900146,1,3.60467529296875
2340.242,113,9,4,4,"{'TopLeft': 0.6948909236273086, 'TopRight': 0.5656088913245536, 'BottomLeft': 0.7362240528774487, 'BottomRight': 0.6464101615137755}","{'TopLeft': 0.015012009108725875, 'TopRight': 0.009945760496586914, 'BottomLeft': 0.015044160301841376, 'BottomRight': 0.01299038105676658}",central_attention_getter,1,0.0069883134629991316,-0.0030532479286193848,1,3.6575775146484375,1,0.0052962832980685765,0.02410164475440979,1,3.5952301025390625
2356.909,113,9,4,4,"{'TopLeft': 0.6948909236273086, 'TopRight': 0.5656088913245536, 'BottomLeft': 0.7362240528774487, 'BottomRight': 0.6464101615137755}","{'TopLeft': 0.015012009108725875, 'TopRight': 0.009945760496586914, 'BottomLeft': 0.015044160301841376, 'BottomRight': 0.01299038105676658}",central_attention_getter,1,0.006807645161946614,-0.0021975040435791016,1,3.6405181884765625,1,0.0052390628390842015,0.024021923542022705,1,3.584503173828125
2373.576,113,9,4,4,"{'TopLeft': 0.6948909236273086, 'TopRight': 0.5656088913245536, 'BottomLeft': 0.7362240528774487, 'BottomRight': 0.6464101615137755}","{'TopLeft': 0.015012009108725875, 'TopRight': 0.009945760496586914, 'BottomLeft': 0.015044160301841376, 'BottomRight': 0.01299038105676658}",central_attention_getter,1,0.013194825914171007,-0.0015869140625,1,3.6331024169921875,1,0.006999969482421875,0.021071255207061768,1,3.5780487060546875
2390.242,113,9,4,4,"{'TopLeft': 0.6948909236273086, 'TopRight': 0.5656088913245536, 'BottomLeft': 0.7362240528774487, 'BottomRight': 0.6464101615137755}","{'TopLeft': 0.015012009108725875, 'TopRight': 0.009945760496586914, 'BottomLeft': 0.015044160301841376, 'BottomRight': 0.01299038105676658}",central_attention_getter,1,0.0078110165066189235,0.0023757219314575195,1,3.6095428466796875,1,0.00880326165093316,0.021422237157821655,1,3.562896728515625
2406.909,113,9,4,4,"{'TopLeft': 0.6948909236273086, 'TopRight': 0.5656088913245536, 'BottomLeft': 0.7362240528774487, 'BottomRight': 0.6464101615137755}","{'TopLeft': 0.015012009108725875, 'TopRight': 0.009945760496586914, 'BottomLeft': 0.015044160301841376, 'BottomRight': 0.01299038105676658}",central_attention_getter,1,0.011763254801432291,0.0011628270149230957,1,3.6027069091796875,1,0.005782339307996961,0.02152043581008911,1,3.5504913330078125
2423.576,113,9,4,4,"{'TopLeft': 0.6948909236273086, 'TopRight': 0.5656088913245536, 'BottomLeft': 0.7362240528774487, 'BottomRight': 0.6464101615137755}","{'TopLeft': 0.015012009108725875, 'TopRight': 0.009945760496586914, 'BottomLeft': 0.015044160301841376, 'BottomRight': 0.01299038105676658}",central_attention_getter,1,0.010724173651801215,0.001842796802520752,1,3.5790863037109375,1,0.0064487457275390625,0.02404111623764038,1,3.5334014892578125
2440.242,113,9,4,4,"{'TopLeft': 0.6948909236273086, 'TopRight': 0.5656088913245536, 'BottomLeft': 0.7362240528774487, 'BottomRight': 0.6464101615137755}","{'TopLeft': 0.015012009108725875, 'TopRight': 0.009945760496586914, 'BottomLeft': 0.015044160301841376, 'BottomRight': 0.01299038105676658}",central_attention_getter,1,0.016071743435329862,0.0025248825550079346,1,3.5711822509765625,1,0.0068009694417317705,0.022603332996368408,1,3.52337646484375
2456.909,113,9,4,4,"{'TopLeft': 0.6948909236273086, 'TopRight': 0.5656088913245536, 'BottomLeft': 0.7362240528774487, 'BottomRight': 0.6464101615137755}","{'TopLeft': 0.015012009108725875, 'TopRight': 0.009945760496586914, 'BottomLeft': 0.015044160301841376, 'BottomRight': 0.01299038105676658}",central_attention_getter,1,0.011899842156304253,0.0056192874908447266,1,3.5495147705078125,1,0.009230189853244357,0.02001422643661499,1,3.507354736328125
2473.576,113,9,4,4,"{'TopLeft': 0.6948909236273086, 'TopRight': 0.5656088913245536, 'BottomLeft': 0.7362240528774487, 'BottomRight': 0.6464101615137755}","{'TopLeft': 0.015012009108725875, 'TopRight': 0.009945760496586914, 'BottomLeft': 0.015044160301841376, 'BottomRight': 0.01299038105676658}",central_attention_getter,1,0.014985190497504339,0.006441026926040649,1,3.535980224609375,1,0.007623778449164496,0.023514658212661743,1,3.495086669921875
2490.242,113,9,4,4,"{'TopLeft': 0.6948909236273086, 'TopRight': 0.5656088913245536, 'BottomLeft': 0.7362240528774487, 'BottomRight': 0.6464101615137755}","{'TopLeft': 0.015012009108725875, 'TopRight': 0.009945760496586914, 'BottomLeft': 0.015044160301841376, 'BottomRight': 0.01299038105676658}",central_attention_getter,1,0.018408033582899306,0.0010627508163452148,1,3.5280303955078125,1,0.009336789449055988,0.020868003368377686,1,3.4889678955078125
2506.909,113,9,4,4,"{'TopLeft': 0.6948909236273086, 'TopRight': 0.5656088913245536, 'BottomLeft': 0.7362240528774487, 'BottomRight': 0.6464101615137755}","{'TopLeft': 0.015012009108725875, 'TopRight': 0.009945760496586914, 'BottomLeft': 0.015044160301841376, 'BottomRight': 0.01299038105676658}",central_attention_getter,1,0.012386957804361979,0.0022936761379241943,1,3.5109405517578125,1,0.0055764516194661455,0.020274996757507324,1,3.469879150390625
2523.576,113,9,4,4,"{'TopLeft': 0.6948909236273086, 'TopRight': 0.5656088913245536, 'BottomLeft': 0.7362240528774487, 'BottomRight': 0.6464101615137755}","{'TopLeft': 0.015012009108725875, 'TopRight': 0.009945760496586914, 'BottomLeft': 0.015044160301841376, 'BottomRight': 0.01299038105676658}",central_attention_getter,1,0.016676161024305556,-0.00039142370223999023,1,3.506866455078125,1,0.012531280517578125,0.011972963809967041,1,3.4713287353515625
2540.242,113,9,4,4,"{'TopLeft': 0.6948909236273086, 'TopRight': 0.5656088913245536, 'BottomLeft': 0.7362240528774487, 'BottomRight': 0.6464101615137755}","{'TopLeft': 0.015012009108725875, 'TopRight': 0.009945760496586914, 'BottomLeft': 0.015044160301841376, 'BottomRight': 0.01299038105676658}",central_attention_getter,1,0.016515201992458768,0.007880628108978271,1,3.4832611083984375,1,0.010792732238769531,0.011968374252319336,1,3.4616546630859375
2556.91,113,9,4,4,"{'TopLeft': 0.6948909236273086, 'TopRight': 0.5656088913245536, 'BottomLeft': 0.7362240528774487, 'BottomRight': 0.6464101615137755}","{'TopLeft': 0.015012009108725875, 'TopRight': 0.009945760496586914, 'BottomLeft': 0.015044160301841376, 'BottomRight': 0.01299038105676658}",central_attention_getter,1,0.017174508836534288,-0.0022525787353515625,1,3.4817352294921875,1,0.008753352695041232,0.021636605262756348,1,3.4378204345703125
2573.577,113,9,4,4,"{'TopLeft': 0.6948909236273086, 'TopRight': 0.5656088913245536, 'BottomLeft': 0.7362240528774487, 'BottomRight': 0.6464101615137755}","{'TopLeft': 0.015012009108725875, 'TopRight': 0.009945760496586914, 'BottomLeft': 0.015044160301841376, 'BottomRight': 0.01299038105676658}",central_attention_getter,1,0.017615318298339844,-0.0030966997146606445,1,3.4599761962890625,1,0.009865230984157985,0.021127045154571533,1,3.426055908203125
2590.243,113,9,4,4,"{'TopLeft': 0.6948909236273086, 'TopRight': 0.5656088913245536, 'BottomLeft': 0.7362240528774487, 'BottomRight': 0.6464101615137755}","{'TopLeft': 0.015012009108725875, 'TopRight': 0.009945760496586914, 'BottomLeft': 0.015044160301841376, 'BottomRight': 0.01299038105676658}",central_attention_getter,1,0.02290005154079861,-0.006496846675872803,1,3.456390380859375,1,0.009643978542751735,0.01794278621673584,1,3.4172515869140625
2606.91,113,9,4,4,"{'TopLeft': 0.6948909236273086, 'TopRight': 0.5656088913245536, 'BottomLeft': 0.7362240528774487, 'BottomRight': 0.6464101615137755}","{'TopLeft': 0.015012009108725875, 'TopRight': 0.009945760496586914, 'BottomLeft': 0.015044160301841376, 'BottomRight': 0.01299038105676658}",central_attention_getter,1,0.023001670837402344,-0.004460692405700684,1,3.4430694580078125,1,0.009447203742133247,0.019544780254364014,1,3.4072723388671875
2623.577,113,9,4,4,"{'TopLeft': 0.6948909236273086, 'TopRight': 0.5656088913245536, 'BottomLeft': 0.7362240528774487, 'BottomRight': 0.6464101615137755}","{'TopLeft': 0.015012009108725875, 'TopRight': 0.009945760496586914, 'BottomLeft': 0.015044160301841376, 'BottomRight': 0.01299038105676658}",central_attention_getter,1,0.027523676554361977,-0.003582596778869629,1,3.436767578125,1,0.0071892208523220485,0.011197924613952637,1,3.408233642578125
2640.243,113,9,4,4,"{'TopLeft': 0.6948909236273086, 'TopRight': 0.5656088913245536, 'BottomLeft': 0.7362240528774487, 'BottomRight': 0.6464101615137755}","{'TopLeft': 0.015012009108725875, 'TopRight': 0.009945760496586914, 'BottomLeft': 0.015044160301841376, 'BottomRight': 0.01299038105676658}",central_attention_getter,1,0.025280316670735676,1.4096498489379883e-05,1,3.411895751953125,1,0.01070721944173177,0.01804301142692566,1,3.3912811279296875
2656.91,113,9,4,4,"{'TopLeft': 0.6948909236273086, 'TopRight': 0.5656088913245536, 'BottomLeft': 0.7362240528774487, 'BottomRight': 0.6464101615137755}","{'TopLeft': 0.015012009108725875, 'TopRight': 0.009945760496586914, 'BottomLeft': 0.015044160301841376, 'BottomRight': 0.01299038105676658}",central_attention_getter,1,0.025929556952582464,0.007276296615600586,1,3.401031494140625,1,0.016684002346462674,0.010459452867507935,1,3.3943023681640625
2673.577,113,9,4,4,"{'TopLeft': 0.6948909236273086, 'TopRight': 0.5656088913245536, 'BottomLeft': 0.7362240528774487, 'BottomRight': 0.6464101615137755}","{'TopLeft': 0.015012009108725875, 'TopRight': 0.009945760496586914, 'BottomLeft': 0.015044160301841376, 'BottomRight': 0.01299038105676658}",central_attention_getter,1,0.023699442545572914,0.006017148494720459,1,3.3937530517578125,1,0.010622872246636285,0.012623608112335205,1,3.380401611328125
2690.243,113,9,4,4,"{'TopLeft': 0.6948909236273086, 'TopRight': 0.5656088913245536, 'BottomLeft': 0.7362240528774487, 'BottomRight': 0.6464101615137755}","{'TopLeft': 0.015012009108725875, 'TopRight': 0.009945760496586914, 'BottomLeft': 0.015044160301841376, 'BottomRight': 0.01299038105676658}",central_attention_getter,1,0.021704673767089844,-0.0022311806678771973,1,3.4002532958984375,1,0.012190500895182291,0.014491438865661621,1,3.3742523193359375
2706.91,113,9,4,4,"{'TopLeft': 0.6948909236273086, 'TopRight': 0.5656088913245536, 'BottomLeft': 0.7362240528774487, 'BottomRight': 0.6464101615137755}","{'TopLeft': 0.015012009108725875, 'TopRight': 0.009945760496586914, 'BottomLeft': 0.015044160301841376, 'BottomRight': 0.01299038105676658}",central_attention_getter,1,0.021466361151801214,0.0033836960792541504,1,3.381591796875,1,0.016781912909613714,0.014280706644058228,1,3.3687591552734375
2723.577,113,9,4,4,"{'TopLeft': 0.6948909236273086, 'TopRight': 0.5656088913245536, 'BottomLeft': 0.7362240528774487, 'BottomRight': 0.6464101615137755}","{'TopLeft': 0.015012009108725875, 'TopRight': 0.009945760496586914, 'BottomLeft': 0.015044160301841376, 'BottomRight': 0.01299038105676658}",central_attention_getter,1,0.02630933125813802,0.00018343329429626465,1,3.39251708984375,1,0.014416588677300347,0.01169651746749878,1,3.3647003173828125
2740.243,113,9,4,4,"{'TopLeft': 0.6948909236273086, 'TopRight': 0.5656088913245536, 'BottomLeft': 0.7362240528774487, 'BottomRight': 0.6464101615137755}","{'TopLeft': 0.015012009108725875, 'TopRight': 0.009945760496586914, 'BottomLeft': 0.015044160301841376, 'BottomRight': 0.01299038105676658}",central_attention_getter,1,0.02091503143310547,0.0026266276836395264,1,3.373748779296875,1,0.014958699544270832,0.018722891807556152,1,3.350494384765625
2756.91,113,9,4,4,"{'TopLeft': 0.6948909236273086, 'TopRight': 0.5656088913245536, 'BottomLeft': 0.7362240528774487, 'BottomRight': 0.6464101615137755}","{'TopLeft': 0.015012009108725875, 'TopRight': 0.009945760496586914, 'BottomLeft': 0.015044160301841376, 'BottomRight': 0.01299038105676658}",central_attention_getter,1,0.024263170030381944,0.007480144500732422,1,3.374725341796875,1,0.016284200880262587,0.018339037895202637,1,3.3526153564453125
2773.577,113,9,4,4,"{'TopLeft': 0.6948909236273086, 'TopRight': 0.5656088913245536, 'BottomLeft': 0.7362240528774487, 'BottomRight': 0.6464101615137755}","{'TopLeft': 0.015012009108725875, 'TopRight': 0.009945760496586914, 'BottomLeft': 0.015044160301841376, 'BottomRight': 0.01299038105676658}",central_attention_getter,1,0.020967801411946613,0.0014247596263885498,1,3.3844757080078125,1,0.017038451300726995,0.01599067449569702,1,3.3580474853515625
2790.243,113,9,4,4,"{'TopLeft': 0.6948909236273086, 'TopRight': 0.5656088913245536, 'BottomLeft': 0.7362240528774487, 'BottomRight': 0.6464101615137755}","{'TopLeft': 0.015012009108725875, 'TopRight': 0.009945760496586914, 'BottomLeft': 0.015044160301841376, 'BottomRight': 0.01299038105676658}",central_attention_getter,1,0.026533656650119357,-0.0010010004043579102,1,3.3847198486328125,1,0.017027748955620658,0.018561959266662598,1,3.3501129150390625
2806.911,113,9,4,4,"{'TopLeft': 0.6948909236273086, 'TopRight': 0.5656088913245536, 'BottomLeft': 0.7362240528774487, 'BottomRight': 0.6464101615137755}","{'TopLeft': 0.015012009108725875, 'TopRight': 0.009945760496586914, 'BottomLeft': 0.015044160301841376, 'BottomRight': 0.01299038105676658}",central_attention_getter,1,0.021396425035264757,-0.0010216832160949707,1,3.38720703125,1,0.018326441446940102,0.014239579439163208,1,3.3606719970703125
2823.578,113,9,4,4,"{'TopLeft': 0.6948909236273086, 'TopRight': 0.5656088913245536, 'BottomLeft': 0.7362240528774487, 'BottomRight': 0.6464101615137755}","{'TopLeft': 0.015012009108725875, 'TopRight': 0.009945760496586914, 'BottomLeft': 0.015044160301841376, 'BottomRight': 0.01299038105676658}",central_attention_getter,1,0.0207217534383138,0.010435819625854492,1,3.3675537109375,1,0.019372622172037758,0.01515960693359375,1,3.3590850830078125
2840.244,113,9,4,4,"{'TopLeft': 0.6948909236273086, 'TopRight': 0.5656088913245536, 'BottomLeft': 0.7362240528774487, 'BottomRight': 0.6464101615137755}","{'TopLeft': 0.015012009108725875, 'TopRight': 0.009945760496586914, 'BottomLeft': 0.015044160301841376, 'BottomRight': 0.01299038105676658}",central_attention_getter,1,0.019982549879286025,-0.002514481544494629,1,3.376983642578125,1,0.02005789015028212,0.018141567707061768,1,3.3505096435546875
2856.911,113,9,4,4,"{'TopLeft': 0.6948909236273086, 'TopRight': 0.5656088913245536, 'BottomLeft': 0.7362240528774487, 'BottomRight': 0.6464101615137755}","{'TopLeft': 0.015012009108725875, 'TopRight': 0.009945760496586914, 'BottomLeft': 0.015044160301841376, 'BottomRight': 0.01299038105676658}",central_attention_getter,1,0.02107090420193142,0.0004748106002807617,1,3.3865966796875,1,0.014159838358561197,0.011904239654541016,1,3.3650665283203125
2873.578,113,9,4,4,"{'TopLeft': 0.6948909236273086, 'TopRight': 0.5656088913245536, 'BottomLeft': 0.7362240528774487, 'BottomRight': 0.6464101615137755}","{'TopLeft': 0.015012009108725875, 'TopRight': 0.009945760496586914, 'BottomLeft': 0.015044160301841376, 'BottomRight': 0.01299038105676658}",central_attention_getter,1,0.019057909647623696,0.0032787322998046875,1,3.376373291015625,1,0.015936427646213107,0.01960483193397522,1,3.3554534912109375
2890.244,113,9,4,4,"{'TopLeft': 0.6948909236273086, 'TopRight': 0.5656088913245536, 'BottomLeft': 0.7362240528774487, 'BottomRight': 0.6464101615137755}","{'TopLeft': 0.015012009108725875, 'TopRight': 0.009945760496586914, 'BottomLeft': 0.015044160301841376, 'BottomRight': 0.01299038105676658}",central_attention_getter,1,0.02300548553466797,0.007596850395202637,1,3.3742828369140625,1,0.01289685567220052,0.016515076160430908,1,3.36834716796875
2906.911,113,9,4,4,"{'TopLeft': 0.6948909236273086, 'TopRight': 0.5656088913245536, 'BottomLeft': 0.7362240528774487, 'BottomRight': 0.6464101615137755}","{'TopLeft': 0.015012009108725875, 'TopRight': 0.009945760496586914, 'BottomLeft': 0.015044160301841376, 'BottomRight': 0.01299038105676658}",central_attention_getter,1,0.01850212944878472,0.003631114959716797,1,3.3712005615234375,1,0.017773310343424477,0.020567893981933594,1,3.3599853515625
2923.578,113,9,4,4,"{'TopLeft': 0.6948909236273086, 'TopRight': 0.5656088913245536, 'BottomLeft': 0.7362240528774487, 'BottomRight': 0.6464101615137755}","{'TopLeft': 0.015012009108725875, 'TopRight': 0.009945760496586914, 'BottomLeft': 0.015044160301841376, 'BottomRight': 0.01299038105676658}",central_attention_getter,1,0.021331045362684462,0.010648906230926514,1,3.3715667724609375,1,0.012605137295193141,0.014028578996658325,1,3.368865966796875
2940.244,113,9,4,4,"{'TopLeft': 0.6948909236273086, 'TopRight': 0.5656088913245536, 'BottomLeft': 0.7362240528774487, 'BottomRight': 0.6464101615137755}","{'TopLeft': 0.015012009108725875, 'TopRight': 0.009945760496586914, 'BottomLeft': 0.015044160301841376, 'BottomRight': 0.01299038105676658}",central_attention_getter,1,0.011120690239800347,0.0026419758796691895,1,3.3764190673828125,1,0.008923636542426215,0.021580100059509277,1,3.3614044189453125
2956.911,113,9,4,4,"{'TopLeft': 0.6948909236273086, 'TopRight': 0.5656088913245536, 'BottomLeft': 0.7362240528774487, 'BottomRight': 0.6464101615137755}","{'TopLeft': 0.015012009108725875, 'TopRight': 0.009945760496586914, 'BottomLeft': 0.015044160301841376, 'BottomRight': 0.01299038105676658}",central_attention_getter,1,0.011564360724555122,0.026894330978393555,1,3.38507080078125,1,7.194942898220486e-05,0.036890119314193726,1,3.37237548828125
2973.578,113,9,4,4,"{'TopLeft': 0.6948909236273086, 'TopRight': 0.5656088913245536, 'BottomLeft': 0.7362240528774487, 'BottomRight': 0.6464101615137755}","{'TopLeft': 0.015012009108725875, 'TopRight': 0.009945760496586914, 'BottomLeft': 0.015044160301841376, 'BottomRight': 0.01299038105676658}",central_attention_getter,1,-0.0012948248121473524,0.026685893535614014,1,3.3687286376953125,1,-0.009372923109266492,0.04098862409591675,1,3.36297607421875
2990.244,113,9,4,4,"{'TopLeft': 0.6948909236273086, 'TopRight': 0.5656088913245536, 'BottomLeft': 0.7362240528774487, 'BottomRight': 0.6464101615137755}","{'TopLeft': 0.015012009108725875, 'TopRight': 0.009945760496586914, 'BottomLeft': 0.015044160301841376, 'BottomRight': 0.01299038105676658}",central_attention_getter,1,0.005561404758029514,0.019772112369537354,1,3.378570556640625,1,-0.002354727851019965,0.0347326397895813,1,3.3643798828125
3006.911,113,9,4,4,"{'TopLeft': 0.6948909236273086, 'TopRight': 0.5656088913245536, 'BottomLeft': 0.7362240528774487, 'BottomRight': 0.6464101615137755}","{'TopLeft': 0.015012009108725875, 'TopRight': 0.009945760496586914, 'BottomLeft': 0.015044160301841376, 'BottomRight': 0.01299038105676658}",central_attention_getter,1,0.0027103424072265625,0.029598116874694824,1,3.3689422607421875,1,-0.005091720157199436,0.04150587320327759,1,3.360076904296875
3023.578,113,9,4,4,"{'TopLeft': 0.6948909236273086, 'TopRight': 0.5656088913245536, 'BottomLeft': 0.7362240528774487, 'BottomRight': 0.6464101615137755}","{'TopLeft': 0.015012009108725875, 'TopRight': 0.009945760496586914, 'BottomLeft': 0.015044160301841376, 'BottomRight': 0.01299038105676658}",central_attention_getter,1,-0.0002369350857204861,0.023482859134674072,1,3.3773651123046875,1,-0.006273057725694444,0.039442360401153564,1,3.3630218505859375
3040.245,113,9,4,4,"{'TopLeft': 0.6948909236273086, 'TopRight': 0.5656088913245536, 'BottomLeft': 0.7362240528774487, 'BottomRight': 0.6464101615137755}","{'TopLeft': 0.015012009108725875, 'TopRight': 0.009945760496586914, 'BottomLeft': 0.015044160301841376, 'BottomRight': 0.01299038105676658}",central_attention_getter,1,-0.004112667507595486,0.02418479323387146,1,3.3590850830078125,1,-0.009533617231580945,0.0449751615524292,1,3.35443115234375
3056.912,113,9,4,4,"{'TopLeft': 0.6948909236273086, 'TopRight': 0.5656088913245536, 'BottomLeft': 0.7362240528774487, 'BottomRight': 0.6464101615137755}","{'TopLeft': 0.015012009108725875, 'TopRight': 0.009945760496586914, 'BottomLeft': 0.015044160301841376, 'BottomRight': 0.01299038105676658}",central_attention_getter,1,0.006286303202311197,0.02392047643661499,1,3.3761138916015625,1,-0.00901137457953559,0.03794550895690918,1,3.3615875244140625
3073.579,113,9,4,4,"{'TopLeft': 0.6948909236273086, 'TopRight': 0.5656088913245536, 'BottomLeft': 0.7362240528774487, 'BottomRight': 0.6464101615137755}","{'TopLeft': 0.015012009108725875, 'TopRight': 0.009945760496586914, 'BottomLeft': 0.015044160301841376, 'BottomRight': 0.01299038105676658}",central_attention_getter,1,-0.0007371372646755642,0.03041452169418335,1,3.36395263671875,1,-0.006108495924207899,0.03481566905975342,1,3.36297607421875
3090.245,113,9,4,4,"{'TopLeft': 0.6948909236273086, 'TopRight': 0.5656088913245536, 'BottomLeft': 0.7362240528774487, 'BottomRight': 0.6464101615137755}","{'TopLeft': 0.015012009108725875, 'TopRight': 0.009945760496586914, 'BottomLeft': 0.015044160301841376, 'BottomRight': 0.01299038105676658}",central_attention_getter,1,-0.0027688344319661455,0.02848505973815918,1,3.3679351806640625,1,-0.0061562856038411455,0.03826990723609924,1,3.3624267578125
3106.912,113,9,4,4,"{'TopLeft': 0.6948909236273086, 'TopRight': 0.5656088913245536, 'BottomLeft': 0.7362240528774487, 'BottomRight': 0.6464101615137755}","{'TopLeft': 0.015012009108725875, 'TopRight': 0.009945760496586914, 'BottomLeft': 0.015044160301841376, 'BottomRight': 0.01299038105676658}",central_attention_getter,1,-0.006438043382432725,0.02587968111038208,1,3.3724365234375,1,-0.005676587422688802,0.034013718366622925,1,3.365020751953125
3123.579,113,9,4,4,"{'TopLeft': 0.6948909236273086, 'TopRight': 0.5656088913245536, 'BottomLeft': 0.7362240528774487, 'BottomRight': 0.6464101615137755}","{'TopLeft': 0.015012009108725875, 'TopRight': 0.009945760496586914, 'BottomLeft': 0.015044160301841376, 'BottomRight': 0.01299038105676658}",central_attention_getter,1,-0.003380934397379557,0.028066277503967285,1,3.372802734375,1,-0.0059613121880425345,0.03594160079956055,1,3.373992919921875
3140.245,113,9,4,4,"{'TopLeft': 0.6948909236273086, 'TopRight': 0.5656088913245536, 'BottomLeft': 0.7362240528774487, 'BottomRight': 0.6464101615137755}","{'TopLeft': 0.015012009108725875, 'TopRight': 0.009945760496586914, 'BottomLeft': 0.015044160301841376, 'BottomRight': 0.01299038105676658}",central_attention_getter,1,-0.0007544093661838108,0.025805145502090454,1,3.37530517578125,1,-0.009312417772081163,0.035640567541122437,1,3.374359130859375
3156.912,113,9,4,4,"{'TopLeft': 0.6948909236273086, 'TopRight': 0.5656088913245536, 'BottomLeft': 0.7362240528774487, 'BottomRight': 0.6464101615137755}","{'TopLeft': 0.015012009108725875, 'TopRight': 0.009945760496586914, 'BottomLeft': 0.015044160301841376, 'BottomRight': 0.01299038105676658}",central_attention_getter,1,-0.0022198359171549478,0.025119125843048096,1,3.3796539306640625,1,-0.0037828551398383244,0.033277809619903564,1,3.3866729736328125
3173.579,113,9,4,4,"{'TopLeft': 0.6948909236273086, 'TopRight': 0.5656088913245536, 'BottomLeft': 0.7362240528774487, 'BottomRight': 0.6464101615137755}","{'TopLeft': 0.015012009108725875, 'TopRight': 0.009945760496586914, 'BottomLeft': 0.015044160301841376, 'BottomRight': 0.01299038105676658}",shapes_on_1,1,-0.004427909851074219,0.030264079570770264,1,3.385833740234375,1,-0.006362491183810763,0.032840609550476074,1,3.39300537109375
3190.245,113,9,4,4,"{'TopLeft': 0.6948909236273086, 'TopRight': 0.5656088913245536, 'BottomLeft': 0.7362240528774487, 'BottomRight': 0.6464101615137755}","{'TopLeft': 0.015012009108725875, 'TopRight': 0.009945760496586914, 'BottomLeft': 0.015044160301841376, 'BottomRight': 0.01299038105676658}",shapes_on_1,1,0.006383048163519965,0.021208524703979492,1,3.4021759033203125,1,-0.007616625891791449,0.033540934324264526,1,3.39776611328125
3206.912,113,9,4,4,"{'TopLeft': 0.6948909236273086, 'TopRight': 0.5656088913245536, 'BottomLeft': 0.7362240528774487, 'BottomRight': 0.6464101615137755}","{'TopLeft': 0.015012009108725875, 'TopRight': 0.009945760496586914, 'BottomLeft': 0.015044160301841376, 'BottomRight': 0.01299038105676658}",shapes_on_1,1,-0.004648844401041666,0.030070483684539795,1,3.392669677734375,1,-0.007796817355685763,0.029747575521469116,1,3.4062347412109375
3223.579,113,9,4,4,"{'TopLeft': 0.6948909236273086, 'TopRight': 0.5656088913245536, 'BottomLeft': 0.7362240528774487, 'BottomRight': 0.6464101615137755}","{'TopLeft': 0.015012009108725875, 'TopRight': 0.009945760496586914, 'BottomLeft': 0.015044160301841376, 'BottomRight': 0.01299038105676658}",shapes_on_1,1,-0.002819750044080946,0.025516420602798462,1,3.4117279052734375,1,-0.004942470126681858,0.02725052833557129,1,3.41961669921875
3240.245,113,9,4,4,"{'TopLeft': 0.6948909236273086, 'TopRight': 0.5656088913245536, 'BottomLeft': 0.7362240528774487, 'BottomRight': 0.6464101615137755}","{'TopLeft': 0.015012009108725875, 'TopRight': 0.009945760496586914, 'BottomLeft': 0.015044160301841376, 'BottomRight': 0.01299038105676658}",shapes_on_1,1,-0.0031805568271213104,0.02601945400238037,1,3.397705078125,1,-0.008681615193684895,0.03339427709579468,1,3.41912841796875
3256.912,113,9,4,4,"{'TopLeft': 0.6948909236273086, 'TopRight': 0.5656088913245536, 'BottomLeft': 0.7362240528774487, 'BottomRight': 0.6464101615137755}","{'TopLeft': 0.015012009108725875, 'TopRight': 0.009945760496586914, 'BottomLeft': 0.015044160301841376, 'BottomRight': 0.01299038105676658}",shapes_on_1,1,-0.002926879458957248,0.02799689769744873,1,3.413177490234375,1,-0.007656309339735243,0.0272444486618042,1,3.432708740234375
3273.58,113,9,4,4,"{'TopLeft': 0.6948909236273086, 'TopRight': 0.5656088913245536, 'BottomLeft': 0.7362240528774487, 'BottomRight': 0.6464101615137755}","{'TopLeft': 0.015012009108725875, 'TopRight': 0.009945760496586914, 'BottomLeft': 0.015044160301841376, 'BottomRight': 0.01299038105676658}",shapes_on_1,1,-0.0006497701009114583,0.031794190406799316,1,3.414794921875,1,-0.009290854136149088,0.03205740451812744,1,3.4366455078125
3290.246,113,9,4,4,"{'TopLeft': 0.6948909236273086, 'TopRight': 0.5656088913245536, 'BottomLeft': 0.7362240528774487, 'BottomRight': 0.6464101615137755}","{'TopLeft': 0.015012009108725875, 'TopRight': 0.009945760496586914, 'BottomLeft': 0.015044160301841376, 'BottomRight': 0.01299038105676658}",shapes_on_1,1,-0.0024354192945692274,0.021911412477493286,1,3.43450927734375,1,-0.005613538953993055,0.03300550580024719,1,3.4364166259765625
3306.913,113,9,4,4,"{'TopLeft': 0.6948909236273086, 'TopRight': 0.5656088913245536, 'BottomLeft': 0.7362240528774487, 'BottomRight': 0.6464101615137755}","{'TopLeft': 0.015012009108725875, 'TopRight': 0.009945760496586914, 'BottomLeft': 0.015044160301841376, 'BottomRight': 0.01299038105676658}",shapes_on_1,1,0.0020121468438042533,0.029010474681854248,1,3.4176788330078125,1,-0.005654017130533854,0.035223692655563354,1,3.432891845703125
3323.58,113,9,4,4,"{'TopLeft': 0.6948909236273086, 'TopRight': 0.5656088913245536, 'BottomLeft': 0.7362240528774487, 'BottomRight': 0.6464101615137755}","{'TopLeft': 0.015012009108725875, 'TopRight': 0.009945760496586914, 'BottomLeft': 0.015044160301841376, 'BottomRight': 0.01299038105676658}",shapes_on_1,1,-0.0016300413343641493,0.019237518310546875,1,3.4324951171875,1,0.0005252626207139756,0.026882678270339966,1,3.448944091796875
3340.246,113,9,4,4,"{'TopLeft': 0.6948909236273086, 'TopRight': 0.5656088913245536, 'BottomLeft': 0.7362240528774487, 'BottomRight': 0.6464101615137755}","{'TopLeft': 0.015012009108725875, 'TopRight': 0.009945760496586914, 'BottomLeft': 0.015044160301841376, 'BottomRight': 0.01299038105676658}",shapes_on_1,1,0.0002438227335611979,0.027751117944717407,1,3.4158172607421875,1,-0.010273297627766926,0.029429256916046143,1,3.44281005859375
3356.913,113,9,4,4,"{'TopLeft': 0.6948909236273086, 'TopRight': 0.5656088913245536, 'BottomLeft': 0.7362240528774487, 'BottomRight': 0.6464101615137755}","{'TopLeft': 0.015012009108725875, 'TopRight': 0.009945760496586914, 'BottomLeft': 0.015044160301841376, 'BottomRight': 0.01299038105676658}",shapes_on_1,1,0.002025604248046875,0.021291524171829224,1,3.4304351806640625,1,-0.004890759785970052,0.028738737106323242,1,3.4455413818359375
3373.58,113,9,4,4,"{'TopLeft': 0.6948909236273086, 'TopRight': 0.5656088913245536, 'BottomLeft': 0.7362240528774487, 'BottomRight': 0.6464101615137755}","{'TopLeft': 0.015012009108725875, 'TopRight': 0.009945760496586914, 'BottomLeft': 0.015044160301841376, 'BottomRight': 0.01299038105676658}",shapes_on_1,1,-0.0010348425971137153,0.022518694400787354,1,3.41094970703125,1,0.0005086263020833333,0.0343860387802124,1,3.4326324462890625
3390.246,113,9,4,4,"{'TopLeft': 0.6948909236273086, 'TopRight': 0.5656088913245536, 'BottomLeft': 0.7362240528774487, 'BottomRight': 0.6464101615137755}","{'TopLeft': 0.015012009108725875, 'TopRight': 0.009945760496586914, 'BottomLeft': 0.015044160301841376, 'BottomRight': 0.01299038105676658}",shapes_on_1,1,0.0026389227973090275,0.01602312922477722,1,3.4286041259765625,1,-0.003987736172146267,0.03278818726539612,1,3.4308929443359375
3406.913,113,9,4,4,"{'TopLeft': 0.6948909236273086, 'TopRight': 0.5656088913245536, 'BottomLeft': 0.7362240528774487, 'BottomRight': 0.6464101615137755}","{'TopLeft': 0.015012009108725875, 'TopRight': 0.009945760496586914, 'BottomLeft': 0.015044160301841376, 'BottomRight': 0.01299038105676658}",shapes_on_1,1,0.0020250744289822048,0.02762588858604431,1,3.407745361328125,1,-0.007928053538004557,0.03277707099914551,1,3.427581787109375
3423.58,113,9,4,4,"{'TopLeft': 0.6948909236273086, 'TopRight': 0.5656088913245536, 'BottomLeft': 0.7362240528774487, 'BottomRight': 0.6464101615137755}","{'TopLeft': 0.015012009108725875, 'TopRight': 0.009945760496586914, 'BottomLeft': 0.015044160301841376, 'BottomRight': 0.01299038105676658}",shapes_on_1,1,0.007290840148925781,0.016239434480667114,1,3.42449951171875,1,-0.0027266608344184025,0.03332245349884033,1,3.428955078125
3440.246,113,9,4,4,"{'TopLeft': 0.6948909236273086, 'TopRight': 0.5656088913245536, 'BottomLeft': 0.7362240528774487, 'BottomRight': 0.6464101615137755}","{'TopLeft': 0.015012009108725875, 'TopRight': 0.009945760496586914, 'BottomLeft': 0.015044160301841376, 'BottomRight': 0.01299038105676658}",shapes_on_1,1,0.007517390780978732,0.01599404215812683,1,3.4202423095703125,1,-0.0035991668701171875,0.03739190101623535,1,3.4088897705078125
3456.913,113,9,4,4,"{'TopLeft': 0.6948909236273086, 'TopRight': 0.5656088913245536, 'BottomLeft': 0.7362240528774487, 'BottomRight': 0.6464101615137755}","{'TopLeft': 0.015012009108725875, 'TopRight': 0.009945760496586914, 'BottomLeft': 0.015044160301841376, 'BottomRight': 0.01299038105676658}",shapes_on_1,1,0.005260891384548611,0.021232903003692627,1,3.420013427734375,1,-0.006402015686035156,0.031101912260055542,1,3.416107177734375
3473.58,113,9,4,4,"{'TopLeft': 0.6948909236273086, 'TopRight': 0.5656088913245536, 'BottomLeft': 0.7362240528774487, 'BottomRight': 0.6464101615137755}","{'TopLeft': 0.015012009108725875, 'TopRight': 0.009945760496586914, 'BottomLeft': 0.015044160301841376, 'BottomRight': 0.01299038105676658}",shapes_on_1,1,0.0021994908650716143,0.023399949073791504,1,3.4033355712890625,1,-0.006475236680772569,0.0363234281539917,1,3.4062957763671875
3490.246,113,9,4,4,"{'TopLeft': 0.6948909236273086, 'TopRight': 0.5656088913245536, 'BottomLeft': 0.7362240528774487, 'BottomRight': 0.6464101615137755}","{'TopLeft': 0.015012009108725875, 'TopRight': 0.009945760496586914, 'BottomLeft': 0.015044160301841376, 'BottomRight': 0.01299038105676658}",shapes_on_1,1,0.010509279039171007,0.0194987952709198,1,3.417999267578125,1,-0.0009732776217990451,0.034228742122650146,1,3.4069061279296875
3506.914,113,9,4,4,"{'TopLeft': 0.6948909236273086, 'TopRight': 0.5656088913245536, 'BottomLeft': 0.7362240528774487, 'BottomRight': 0.6464101615137755}","{'TopLeft': 0.015012009108725875, 'TopRight': 0.009945760496586914, 'BottomLeft': 0.015044160301841376, 'BottomRight': 0.01299038105676658}",shapes_on_1,1,0.003830803765190972,0.030787646770477295,1,3.399627685546875,1,0.002190483940972222,0.032794058322906494,1,3.396331787109375
3523.581,113,9,4,4,"{'TopLeft': 0.6948909236273086, 'TopRight': 0.5656088913245536, 'BottomLeft': 0.7362240528774487, 'BottomRight': 0.6464101615137755}","{'TopLeft': 0.015012009108725875, 'TopRight': 0.009945760496586914, 'BottomLeft': 0.015044160301841376, 'BottomRight': 0.01299038105676658}",shapes_on_1,1,0.016706466674804688,0.018379181623458862,1,3.4107818603515625,1,-0.006763776143391927,0.0283297598361969,1,3.3993377685546875
3540.247,113,9,4,4,"{'TopLeft': 0.6948909236273086, 'TopRight': 0.5656088913245536, 'BottomLeft': 0.7362240528774487, 'BottomRight': 0.6464101615137755}","{'TopLeft': 0.015012009108725875, 'TopRight': 0.009945760496586914, 'BottomLeft': 0.015044160301841376, 'BottomRight': 0.01299038105676658}",shapes_on_1,1,0.011799176534016926,0.01846611499786377,1,3.4047088623046875,1,-0.000221305423312717,0.03334897756576538,1,3.3849639892578125
3556.914,113,9,4,4,"{'TopLeft': 0.6948909236273086, 'TopRight': 0.5656088913245536, 'BottomLeft': 0.7362240528774487, 'BottomRight': 0.6464101615137755}","{'TopLeft': 0.015012009108725875, 'TopRight': 0.009945760496586914, 'BottomLeft': 0.015044160301841376, 'BottomRight': 0.01299038105676658}",shapes_on_1,1,0.005226771036783854,0.028818964958190918,1,3.3961639404296875,1,-0.005840990278455946,0.03226637840270996,1,3.3914031982421875
3573.581,113,9,4,4,"{'TopLeft': 0.6948909236273086, 'TopRight': 0.5656088913245536, 'BottomLeft': 0.7362240528774487, 'BottomRight': 0.6464101615137755}","{'TopLeft': 0.015012009108725875, 'TopRight': 0.009945760496586914, 'BottomLeft': 0.015044160301841376, 'BottomRight': 0.01299038105676658}",shapes_on_1,1,-0.1341120402018229,0.15082591772079468,1,3.4121856689453125,1,-0.11148399776882595,0.14949890971183777,1,3.393035888671875
3590.247,113,9,4,4,"{'TopLeft': 0.6948909236273086, 'TopRight': 0.5656088913245536, 'BottomLeft': 0.7362240528774487, 'BottomRight': 0.6464101615137755}","{'TopLeft': 0.015012009108725875, 'TopRight': 0.009945760496586914, 'BottomLeft': 0.015044160301841376, 'BottomRight': 0.01299038105676658}",shapes_on_1,1,-0.17077165179782441,0.1797974407672882,1,3.3965301513671875,1,-0.15934340159098306,0.17677918076515198,1,3.3876953125
3606.914,113,9,4,4,"{'TopLeft': 0.6948909236273086, 'TopRight': 0.5656088913245536, 'BottomLeft': 0.7362240528774487, 'BottomRight': 0.6464101615137755}","{'TopLeft': 0.015012009108725875, 'TopRight': 0.009945760496586914, 'BottomLeft': 0.015044160301841376, 'BottomRight': 0.01299038105676658}",shapes_on_1,1,-0.16341272989908853,0.1964583396911621,1,3.4035491943359375,1,-0.17250241173638237,0.1683480143547058,1,3.38714599609375
3623.581,113,9,4,4,"{'TopLeft': 0.6948909236273086, 'TopRight': 0.5656088913245536, 'BottomLeft': 0.7362240528774487, 'BottomRight': 0.6464101615137755}","{'TopLeft': 0.015012009108725875, 'TopRight': 0.009945760496586914, 'BottomLeft': 0.015044160301841376, 'BottomRight': 0.01299038105676658}",shapes_on_1,1,-0.17124822404649523,0.20550036430358887,1,3.3953704833984375,1,-0.17247284783257377,0.17852389812469482,1,3.3833465576171875
3640.247,113,9,4,4,"{'TopLeft': 0.6948909236273086, 'TopRight': 0.5656088913245536, 'BottomLeft': 0.7362240528774487, 'BottomRight': 0.6464101615137755}","{'TopLeft': 0.015012009108725875, 'TopRight': 0.009945760496586914, 'BottomLeft': 0.015044160301841376, 'BottomRight': 0.01299038105676658}",shapes_on_1,1,-0.16736210717095268,0.19077593088150024,1,3.3964080810546875,1,-0.17378679911295572,0.1776423454284668,1,3.383514404296875
3656.914,113,9,4,4,"{'TopLeft': 0.6948909236273086, 'TopRight': 0.5656088913245536, 'BottomLeft': 0.7362240528774487, 'BottomRight': 0.6464101615137755}","{'TopLeft': 0.015012009108725875, 'TopRight': 0.009945760496586914, 'BottomLeft': 0.015044160301841376, 'BottomRight': 0.01299038105676658}",shapes_on_1,1,-0.1687388949924045,0.1943032145500183,1,3.3936920166015625,1,-0.1708103815714518,0.18104445934295654,1,3.38433837890625
3673.581,113,9,4,4,"{'TopLeft': 0.6948909236273086, 'TopRight': 0.5656088913245536, 'BottomLeft': 0.7362240528774487, 'BottomRight': 0.6464101615137755}","{'TopLeft': 0.015012009108725875, 'TopRight': 0.009945760496586914, 'BottomLeft': 0.015044160301841376, 'BottomRight': 0.01299038105676658}",shapes_on_1,1,-0.16005823347303602,0.1880880892276764,1,3.3931427001953125,1,-0.17228635152180988,0.1716563105583191,1,3.38519287109375
3690.247,113,9,4,4,"{'TopLeft': 0.6948909236273086, 'TopRight': 0.5656088913245536, 'BottomLeft': 0.7362240528774487, 'BottomRight': 0.6464101615137755}","{'TopLeft': 0.015012009108725875, 'TopRight': 0.009945760496586914, 'BottomLeft': 0.015044160301841376, 'BottomRight': 0.01299038105676658}",shapes_on_1,1,-0.16938580407036674,0.19737917184829712,1,3.396392822265625,1,-0.17338021596272785,0.18117070198059082,1,3.384429931640625
3706.914,113,9,4,4,"{'TopLeft': 0.6948909236273086, 'TopRight': 0.5656088913245536, 'BottomLeft': 0.7362240528774487, 'BottomRight': 0.6464101615137755}","{'TopLeft': 0.015012009108725875, 'TopRight': 0.009945760496586914, 'BottomLeft': 0.015044160301841376, 'BottomRight': 0.01299038105676658}",shapes_on_1,1,-0.16439808739556205,0.19360047578811646,1,3.3968658447265625,1,-0.17501571443345812,0.17921483516693115,1,3.3836822509765625
3723.581,113,9,4,4,"{'TopLeft': 0.6948909236273086, 'TopRight': 0.5656088913245536, 'BottomLeft': 0.7362240528774487, 'BottomRight': 0.6464101615137755}","{'TopLeft': 0.015012009108725875, 'TopRight': 0.009945760496586914, 'BottomLeft': 0.015044160301841376, 'BottomRight': 0.01299038105676658}",shapes_on_1,1,-0.16188420189751518,0.1962244212627411,1,3.4013671875,1,-0.17630057864718965,0.18181699514389038,1,3.3815155029296875
3740.247,113,9,4,4,"{'TopLeft': 0.6948909236273086, 'TopRight': 0.5656088913245536, 'BottomLeft': 0.7362240528774487, 'BottomRight': 0.6464101615137755}","{'TopLeft': 0.015012009108725875, 'TopRight': 0.009945760496586914, 'BottomLeft': 0.015044160301841376, 'BottomRight': 0.01299038105676658}",shapes_on_1,1,-0.16376156277126735,0.19420599937438965,1,3.4031982421875,1,-0.1785806549919976,0.18117359280586243,1,3.3801727294921875
3756.915,113,9,4,4,"{'TopLeft': 0.6948909236273086, 'TopRight': 0.5656088913245536, 'BottomLeft': 0.7362240528774487, 'BottomRight': 0.6464101615137755}","{'TopLeft': 0.015012009108725875, 'TopRight': 0.009945760496586914, 'BottomLeft': 0.015044160301841376, 'BottomRight': 0.01299038105676658}",shapes_on_1,1,-0.16081677542792425,0.19644251465797424,1,3.4047088623046875,1,-0.1729198031955295,0.18106690049171448,1,3.38470458984375
3773.582,113,9,4,4,"{'TopLeft': 0.6948909236273086, 'TopRight': 0.5656088913245536, 'BottomLeft': 0.7362240528774487, 'BottomRight': 0.6464101615137755}","{'TopLeft': 0.015012009108725875, 'TopRight': 0.009945760496586914, 'BottomLeft': 0.015044160301841376, 'BottomRight': 0.01299038105676658}",shapes_on_1,1,-0.1581200493706597,0.19139203429222107,1,3.411865234375,1,-0.1795472568935818,0.18478024005889893,1,3.386444091796875
3790.248,113,9,4,4,"{'TopLeft': 0.6948909236273086, 'TopRight': 0.5656088913245536, 'BottomLeft': 0.7362240528774487, 'BottomRight': 0.6464101615137755}","{'TopLeft': 0.015012009108725875, 'TopRight': 0.009945760496586914, 'BottomLeft': 0.015044160301841376, 'BottomRight': 0.01299038105676658}",shapes_on_1,1,-0.16218990749782985,0.1962313950061798,1,3.4230194091796875,1,-0.17142921023898652,0.18014737963676453,1,3.3885345458984375
3806.915,113,9,4,4,"{'TopLeft': 0.6948909236273086, 'TopRight': 0.5656088913245536, 'BottomLeft': 0.7362240528774487, 'BottomRight': 0.6464101615137755}","{'TopLeft': 0.015012009108725875, 'TopRight': 0.009945760496586914, 'BottomLeft': 0.015044160301841376, 'BottomRight': 0.01299038105676658}",shapes_on_1,1,-0.16109742058648002,0.19111692905426025,1,3.429931640625,1,-0.16812207963731554,0.17480570077896118,1,3.3958892822265625
3823.582,113,9,4,4,"{'TopLeft': 0.6948909236273086, 'TopRight': 0.5656088913245536, 'BottomLeft': 0.7362240528774487, 'BottomRight': 0.6464101615137755}","{'TopLeft': 0.015012009108725875, 'TopRight': 0.009945760496586914, 'BottomLeft': 0.015044160301841376, 'BottomRight': 0.01299038105676658}",shapes_on_1,1,-0.1686239242553711,0.1944991648197174,1,3.434539794921875,1,-0.1777057647705078,0.1897585391998291,1,3.3983612060546875
3840.248,113,9,4,4,"{'TopLeft': 0.6948909236273086, 'TopRight': 0.5656088913245536, 'BottomLeft': 0.7362240528774487, 'BottomRight': 0.6464101615137755}","{'TopLeft': 0.015012009108725875, 'TopRight': 0.009945760496586914, 'BottomLeft': 0.015044160301841376, 'BottomRight': 0.01299038105676658}",shapes_on_1,1,-0.267590946621365,0.24321645498275757,1,3.459259033203125,1,-0.2488216824001736,0.22928684949874878,1,3.41650390625
3856.915,113,9,4,4,"{'TopLeft': 0.6948909236273086, 'TopRight': 0.5656088913245536, 'BottomLeft': 0.7362240528774487, 'BottomRight': 0.6464101615137755}","{'TopLeft': 0.015012009108725875, 'TopRight': 0.009945760496586914, 'BottomLeft': 0.015044160301841376, 'BottomRight': 0.01299038105676658}",shapes_on_1,1,-0.28729237450493705,0.24526923894882202,1,3.443389892578125,1,-0.2918918927510579,0.24860623478889465,1,3.4161376953125
3873.582,113,9,4,4,"{'TopLeft': 0.6948909236273086, 'TopRight': 0.5656088913245536, 'BottomLeft': 0.7362240528774487, 'BottomRight': 0.6464101615137755}","{'TopLeft': 0.015012009108725875, 'TopRight': 0.009945760496586914, 'BottomLeft': 0.015044160301841376, 'BottomRight': 0.01299038105676658}",shapes_on_1,1,-0.282974296145969,0.24814847111701965,1,3.465728759765625,1,-0.29353687498304576,0.2514636814594269,1,3.429840087890625
3890.248,113,9,4,4,"{'TopLeft': 0.6948909236273086, 'TopRight': 0.5656088913245536, 'BottomLeft': 0.7362240528774487, 'BottomRight': 0.6464101615137755}","{'TopLeft': 0.015012009108725875, 'TopRight': 0.009945760496586914, 'BottomLeft': 0.015044160301841376, 'BottomRight': 0.01299038105676658}",shapes_on_1,1,-0.2888024648030599,0.24809977412223816,1,3.4738616943359375,1,-0.29632043838500977,0.2562040090560913,1,3.432281494140625
3906.915,113,9,4,4,"{'TopLeft': 0.6948909236273086, 'TopRight': 0.5656088913245536, 'BottomLeft': 0.7362240528774487, 'BottomRight': 0.6464101615137755}","{'TopLeft': 0.015012009108725875, 'TopRight': 0.009945760496586914, 'BottomLeft': 0.015044160301841376, 'BottomRight': 0.01299038105676658}",shapes_on_1,1,-0.28205092748006183,0.24252724647521973,1,3.4752197265625,1,-0.29227966732449,0.25041501224040985,1,3.437103271484375
3923.582,113,9,4,4,"{'TopLeft': 0.6948909236273086, 'TopRight': 0.5656088913245536, 'BottomLeft': 0.7362240528774487, 'BottomRight': 0.6464101615137755}","{'TopLeft': 0.015012009108725875, 'TopRight': 0.009945760496586914, 'BottomLeft': 0.015044160301841376, 'BottomRight': 0.01299038105676658}",shapes_on_1,1,-0.2877740330166287,0.2447865903377533,1,3.4876708984375,1,-0.30411926905314124,0.27736593782901764,1,3.4400787353515625
3940.248,113,9,4,4,"{'TopLeft': 0.6948909236273086, 'TopRight': 0.5656088913245536, 'BottomLeft': 0.7362240528774487, 'BottomRight': 0.6464101615137755}","{'TopLeft': 0.015012009108725875, 'TopRight': 0.009945760496586914, 'BottomLeft': 0.015044160301841376, 'BottomRight': 0.01299038105676658}",shapes_on_1,1,-0.28693146175808376,0.24731463193893433,1,3.4987030029296875,1,-0.2895502514309353,0.23403191566467285,1,3.4450531005859375
3956.915,113,9,4,4,"{'TopLeft': 0.6948909236273086, 'TopRight': 0.5656088913245536, 'BottomLeft': 0.7362240528774487, 'BottomRight': 0.6464101615137755}","{'TopLeft': 0.015012009108725875, 'TopRight': 0.009945760496586914, 'BottomLeft': 0.015044160301841376, 'BottomRight': 0.01299038105676658}",shapes_on_1,1,-0.28112369113498265,0.24553251266479492,1,3.5091094970703125,1,-0.2826996909247504,0.25300265848636627,1,3.4520416259765625
3973.582,113,9,4,4,"{'TopLeft': 0.6948909236273086, 'TopRight': 0.5656088913245536, 'BottomLeft': 0.7362240528774487, 'BottomRight': 0.6464101615137755}","{'TopLeft': 0.015012009108725875, 'TopRight': 0.009945760496586914, 'BottomLeft': 0.015044160301841376, 'BottomRight': 0.01299038105676658}",shapes_on_1,1,-0.28210200203789604,0.2513701319694519,1,3.518798828125,1,-0.2816212972005208,0.23549413681030273,1,3.4549560546875
3990.249,113,9,4,4,"{'TopLeft': 0.6948909236273086, 'TopRight': 0.5656088913245536, 'BottomLeft': 0.7362240528774487, 'BottomRight': 0.6464101615137755}","{'TopLeft': 0.015012009108725875, 'TopRight': 0.009945760496586914, 'BottomLeft': 0.015044160301841376, 'BottomRight': 0.01299038105676658}",shapes_on_1,1,-0.2802841398451063,0.24861210584640503,1,3.5257415771484375,1,-0.2872839503818088,0.2435559332370758,1,3.462554931640625
4006.916,113,9,4,4,"{'TopLeft': 0.6948909236273086, 'TopRight': 0.5656088913245536, 'BottomLeft': 0.7362240528774487, 'BottomRight': 0.6464101615137755}","{'TopLeft': 0.015012009108725875, 'TopRight': 0.009945760496586914, 'BottomLeft': 0.015044160301841376, 'BottomRight': 0.01299038105676658}",shapes_on_1,1,-0.2849114735921224,0.24382030963897705,1,3.5355682373046875,1,-0.28060976664225257,0.23654189705848694,1,3.46771240234375
4023.583,113,9,4,4,"{'TopLeft': 0.6948909236273086, 'TopRight': 0.5656088913245536, 'BottomLeft': 0.7362240528774487, 'BottomRight': 0.6464101615137755}","{'TopLeft': 0.015012009108725875, 'TopRight': 0.009945760496586914, 'BottomLeft': 0.015044160301841376, 'BottomRight': 0.01299038105676658}",shapes_on_1,1,-0.28542661666870117,0.25109919905662537,1,3.54364013671875,1,-0.2832631535000271,0.25896406173706055,1,3.4737548828125
4040.249,113,9,4,4,"{'TopLeft': 0.6948909236273086, 'TopRight': 0.5656088913245536, 'BottomLeft': 0.7362240528774487, 'BottomRight': 0.6464101615137755}","{'TopLeft': 0.015012009108725875, 'TopRight': 0.009945760496586914, 'BottomLeft': 0.015044160301841376, 'BottomRight': 0.01299038105676658}",shapes_on_1,1,-0.2849647733900282,0.25011083483695984,1,3.5477752685546875,1,-0.2841617796156141,0.23777806758880615,1,3.4767303466796875
4056.916,113,9,4,4,"{'TopLeft': 0.6948909236273086, 'TopRight': 0.5656088913245536, 'BottomLeft': 0.7362240528774487, 'BottomRight': 0.6464101615137755}","{'TopLeft': 0.015012009108725875, 'TopRight': 0.009945760496586914, 'BottomLeft': 0.015044160301841376, 'BottomRight': 0.01299038105676658}",shapes_on_1,1,-0.2895491388108995,0.24796268343925476,1,3.5538177490234375,1,-0.2887253231472439,0.2547893673181534,1,3.478607177734375
4073.583,113,9,4,4,"{'TopLeft': 0.6948909236273086, 'TopRight': 0.5656088913245536, 'BottomLeft': 0.7362240528774487, 'BottomRight': 0.6464101615137755}","{'TopLeft': 0.015012009108725875, 'TopRight': 0.009945760496586914, 'BottomLeft': 0.015044160301841376, 'BottomRight': 0.01299038105676658}",shapes_on_1,1,-0.2829258706834581,0.24535328149795532,1,3.5623779296875,1,-0.28562259674072266,0.23446577787399292,1,3.4819183349609375
4090.249,113,9,4,4,"{'TopLeft': 0.6948909236273086, 'TopRight': 0.5656088913245536, 'BottomLeft': 0.7362240528774487, 'BottomRight': 0.6464101615137755}","{'TopLeft': 0.015012009108725875, 'TopRight': 0.009945760496586914, 'BottomLeft': 0.015044160301841376, 'BottomRight': 0.01299038105676658}",shapes_on_1,1,-0.2856896718343099,0.24678120017051697,1,3.566802978515625,1,-0.2931588490804036,0.25863492488861084,1,3.486083984375
4106.916,113,9,4,4,"{'TopLeft': 0.6948909236273086, 'TopRight': 0.5656088913245536, 'BottomLeft': 0.7362240528774487, 'BottomRight': 0.6464101615137755}","{'TopLeft': 0.015012009108725875, 'TopRight': 0.009945760496586914, 'BottomLeft': 0.015044160301841376, 'BottomRight': 0.01299038105676658}",shapes_on_1,1,-0.28054491678873694,0.2446763515472412,1,3.5756378173828125,1,-0.2907012833489312,0.2541601359844208,1,3.4906158447265625
4123.583,113,9,4,4,"{'TopLeft': 0.6948909236273086, 'TopRight': 0.5656088913245536, 'BottomLeft': 0.7362240528774487, 'BottomRight': 0.6464101615137755}","{'TopLeft': 0.015012009108725875, 'TopRight': 0.009945760496586914, 'BottomLeft': 0.015044160301841376, 'BottomRight': 0.01299038105676658}",shapes_on_1,1,-0.2839159435696072,0.24591267108917236,1,3.579925537109375,1,-0.2873373031616211,0.24081972241401672,1,3.4913482666015625
4140.249,113,9,4,4,"{'TopLeft': 0.6948909236273086, 'TopRight': 0.5656088913245536, 'BottomLeft': 0.7362240528774487, 'BottomRight': 0.6464101615137755}","{'TopLeft': 0.015012009108725875, 'TopRight': 0.009945760496586914, 'BottomLeft': 0.015044160301841376, 'BottomRight': 0.01299038105676658}",shapes_on_1,1,-0.2818726963467068,0.24967223405838013,1,3.5888214111328125,1,-0.28180434968736434,0.2352244257926941,1,3.4967498779296875
4156.916,113,9,4,4,"{'TopLeft': 0.6948909236273086, 'TopRight': 0.5656088913245536, 'BottomLeft': 0.7362240528774487, 'BottomRight': 0.6464101615137755}","{'TopLeft': 0.015012009108725875, 'TopRight': 0.009945760496586914, 'BottomLeft': 0.015044160301841376, 'BottomRight': 0.01299038105676658}",shapes_on_1,1,-0.28699779510498047,0.2505674958229065,1,3.591705322265625,1,-0.28968736860487193,0.2563870996236801,1,3.5010833740234375
4173.583,113,9,4,4,"{'TopLeft': 0.6948909236273086, 'TopRight': 0.5656088913245536, 'BottomLeft': 0.7362240528774487, 'BottomRight': 0.6464101615137755}","{'TopLeft': 0.015012009108725875, 'TopRight': 0.009945760496586914, 'BottomLeft': 0.015044160301841376, 'BottomRight': 0.01299038105676658}",shapes_on_1,1,-0.2856257226732042,0.25102636218070984,1,3.599884033203125,1,-0.2866814401414659,0.23490262031555176,1,3.511383056640625
4190.249,113,9,4,4,"{'TopLeft': 0.6948909236273086, 'TopRight': 0.5656088913245536, 'BottomLeft': 0.7362240528774487, 'BottomRight': 0.6464101615137755}","{'TopLeft': 0.015012009108725875, 'TopRight': 0.009945760496586914, 'BottomLeft': 0.015044160301841376, 'BottomRight': 0.01299038105676658}",shapes_on_1,1,-0.28092442618476016,0.248103529214859,1,3.6078948974609375,1,-0.28220441606309676,0.2410467565059662,1,3.514068603515625
4206.916,113,9,4,4,"{'TopLeft': 0.6948909236273086, 'TopRight': 0.5656088913245536, 'BottomLeft': 0.7362240528774487, 'BottomRight': 0.6464101615137755}","{'TopLeft': 0.015012009108725875, 'TopRight': 0.009945760496586914, 'BottomLeft': 0.015044160301841376, 'BottomRight': 0.01299038105676658}",shapes_on_1,1,-0.2850893868340386,0.2530949264764786,1,3.6168060302734375,1,-0.28270286983913845,0.23729562759399414,1,3.521453857421875
4223.584,113,9,4,4,"{'TopLeft': 0.6948909236273086, 'TopRight': 0.5656088913245536, 'BottomLeft': 0.7362240528774487, 'BottomRight': 0.6464101615137755}","{'TopLeft': 0.015012009108725875, 'TopRight': 0.009945760496586914, 'BottomLeft': 0.015044160301841376, 'BottomRight': 0.01299038105676658}",shapes_on_1,1,-0.2837164137098524,0.24812963604927063,1,3.6198883056640625,1,-0.2850270801120334,0.25319862365722656,1,3.5318145751953125
4240.25,113,9,4,4,"{'TopLeft': 0.6948909236273086, 'TopRight': 0.5656088913245536, 'BottomLeft': 0.7362240528774487, 'BottomRight': 0.6464101615137755}","{'TopLeft': 0.015012009108725875, 'TopRight': 0.009945760496586914, 'BottomLeft': 0.015044160301841376, 'BottomRight': 0.01299038105676658}",shapes_on_1,1,-0.29069381290011936,0.2525026798248291,1,3.627410888671875,1,-0.28793981340196395,0.2610075771808624,1,3.539337158203125
4256.917,113,9,4,4,"{'TopLeft': 0.6948909236273086, 'TopRight': 0.5656088913245536, 'BottomLeft': 0.7362240528774487, 'BottomRight': 0.6464101615137755}","{'TopLeft': 0.015012009108725875, 'TopRight': 0.009945760496586914, 'BottomLeft': 0.015044160301841376, 'BottomRight': 0.01299038105676658}",shapes_on_1,1,-0.2831556532118055,0.25014886260032654,1,3.6355133056640625,1,-0.2846584849887424,0.24416577816009521,1,3.5435028076171875
4273.584,113,9,4,4,"{'TopLeft': 0.6948909236273086, 'TopRight': 0.5656088913245536, 'BottomLeft': 0.7362240528774487, 'BottomRight': 0.6464101615137755}","{'TopLeft': 0.015012009108725875, 'TopRight': 0.009945760496586914, 'BottomLeft': 0.015044160301841376, 'BottomRight': 0.01299038105676658}",shapes_on_1,1,-0.2900046772427029,0.2541460692882538,1,3.6383209228515625,1,-0.2911186218261719,0.2712768614292145,1,3.5452423095703125
4290.25,113,9,4,4,"{'TopLeft': 0.6948909236273086, 'TopRight': 0.5656088913245536, 'BottomLeft': 0.7362240528774487, 'BottomRight': 0.6464101615137755}","{'TopLeft': 0.015012009108725875, 'TopRight': 0.009945760496586914, 'BottomLeft': 0.015044160301841376, 'BottomRight': 0.01299038105676658}",shapes_on_1,1,-0.2835767004224989,0.24412161111831665,1,3.64141845703125,1,-0.29156949785020614,0.24350643157958984,1,3.556671142578125
4306.917,113,9,4,4,"{'TopLeft': 0.6948909236273086, 'TopRight': 0.5656088913245536, 'BottomLeft': 0.7362240528774487, 'BottomRight': 0.6464101615137755}","{'TopLeft': 0.015012009108725875, 'TopRight': 0.009945760496586914, 'BottomLeft': 0.015044160301841376, 'BottomRight': 0.01299038105676658}",shapes_on_1,1,-0.2905000580681695,0.2537003755569458,1,3.64971923828125,1,-0.3003943231370714,0.28160788118839264,1,3.560028076171875
4323.584,113,9,4,4,"{'TopLeft': 0.6948909236273086, 'TopRight': 0.5656088913245536, 'BottomLeft': 0.7362240528774487, 'BottomRight': 0.6464101615137755}","{'TopLeft': 0.015012009108725875, 'TopRight': 0.009945760496586914, 'BottomLeft': 0.015044160301841376, 'BottomRight': 0.01299038105676658}",shapes_on_1,1,-0.2885986963907877,0.24652040004730225,1,3.65380859375,1,-0.28807830810546875,0.24690383672714233,1,3.5611724853515625
4340.25,113,9,4,4,"{'TopLeft': 0.6948909236273086, 'TopRight': 0.5656088913245536, 'BottomLeft': 0.7362240528774487, 'BottomRight': 0.6464101615137755}","{'TopLeft': 0.015012009108725875, 'TopRight': 0.009945760496586914, 'BottomLeft': 0.015044160301841376, 'BottomRight': 0.01299038105676658}",shapes_on_1,1,-0.29116667641533744,0.253864124417305,1,3.657684326171875,1,-0.3040239546034071,0.2738046199083328,1,3.5623016357421875
4356.917,113,9,4,4,"{'TopLeft': 0.6948909236273086, 'TopRight': 0.5656088913245536, 'BottomLeft': 0.7362240528774487, 'BottomRight': 0.6464101615137755}","{'TopLeft': 0.015012009108725875, 'TopRight': 0.009945760496586914, 'BottomLeft': 0.015044160301841376, 'BottomRight': 0.01299038105676658}",shapes_on_1,1,-0.2908101611667209,0.24864637851715088,1,3.6638946533203125,1,-0.29558128780788845,0.2603028118610382,1,3.5651702880859375
4373.584,113,9,4,4,"{'TopLeft': 0.6948909236273086, 'TopRight': 0.5656088913245536, 'BottomLeft': 0.7362240528774487, 'BottomRight': 0.6464101615137755}","{'TopLeft': 0.015012009108725875, 'TopRight': 0.009945760496586914, 'BottomLeft': 0.015044160301841376, 'BottomRight': 0.01299038105676658}",shapes_on_1,1,-0.28586387634277344,0.24647262692451477,1,3.6699371337890625,1,-0.26754432254367405,0.232843816280365,1,3.566741943359375
4390.251,113,9,4,4,"{'TopLeft': 0.6948909236273086, 'TopRight': 0.5656088913245536, 'BottomLeft': 0.7362240528774487, 'BottomRight': 0.6464101615137755}","{'TopLeft': 0.015012009108725875, 'TopRight': 0.009945760496586914, 'BottomLeft': 0.015044160301841376, 'BottomRight': 0.01299038105676658}",shapes_on_1,1,-0.30373822318183047,0.23193785548210144,1,3.6079864501953125,1,-0.4200531641642252,0.1364695131778717,1,2.9925537109375
4406.918,113,9,4,4,"{'TopLeft': 0.6948909236273086, 'TopRight': 0.5656088913245536, 'BottomLeft': 0.7362240528774487, 'BottomRight': 0.6464101615137755}","{'TopLeft': 0.015012009108725875, 'TopRight': 0.009945760496586914, 'BottomLeft': 0.015044160301841376, 'BottomRight': 0.01299038105676658}",shapes_on_1,0,nan,nan,0,nan,1,-0.523441473642985,0.25188127160072327,1,3.438751220703125
4423.585,113,9,4,4,"{'TopLeft': 0.6948909236273086, 'TopRight': 0.5656088913245536, 'BottomLeft': 0.7362240528774487, 'BottomRight': 0.6464101615137755}","{'TopLeft': 0.015012009108725875, 'TopRight': 0.009945760496586914, 'BottomLeft': 0.015044160301841376, 'BottomRight': 0.01299038105676658}",shapes_on_1,0,nan,nan,0,nan,1,-0.9224166605207654,0.1740146279335022,1,3.0387725830078125
4440.251,113,9,4,4,"{'TopLeft': 0.6948909236273086, 'TopRight': 0.5656088913245536, 'BottomLeft': 0.7362240528774487, 'BottomRight': 0.6464101615137755}","{'TopLeft': 0.015012009108725875, 'TopRight': 0.009945760496586914, 'BottomLeft': 0.015044160301841376, 'BottomRight': 0.01299038105676658}",shapes_on_1,0,nan,nan,0,nan,0,nan,nan,0,nan
4456.919,113,9,4,4,"{'TopLeft': 0.6948909236273086, 'TopRight': 0.5656088913245536, 'BottomLeft': 0.7362240528774487, 'BottomRight': 0.6464101615137755}","{'TopLeft': 0.015012009108725875, 'TopRight': 0.009945760496586914, 'BottomLeft': 0.015044160301841376, 'BottomRight': 0.01299038105676658}",shapes_on_1,0,nan,nan,0,nan,0,nan,nan,0,nan
4473.587,113,9,4,4,"{'TopLeft': 0.6948909236273086, 'TopRight': 0.5656088913245536, 'BottomLeft': 0.7362240528774487, 'BottomRight': 0.6464101615137755}","{'TopLeft': 0.015012009108725875, 'TopRight': 0.009945760496586914, 'BottomLeft': 0.015044160301841376, 'BottomRight': 0.01299038105676658}",shapes_on_1,0,nan,nan,0,nan,0,nan,nan,0,nan
4490.253,113,9,4,4,"{'TopLeft': 0.6948909236273086, 'TopRight': 0.5656088913245536, 'BottomLeft': 0.7362240528774487, 'BottomRight': 0.6464101615137755}","{'TopLeft': 0.015012009108725875, 'TopRight': 0.009945760496586914, 'BottomLeft': 0.015044160301841376, 'BottomRight': 0.01299038105676658}",shapes_on_1,0,nan,nan,0,nan,0,nan,nan,0,nan
4506.92,113,9,4,4,"{'TopLeft': 0.6948909236273086, 'TopRight': 0.5656088913245536, 'BottomLeft': 0.7362240528774487, 'BottomRight': 0.6464101615137755}","{'TopLeft': 0.015012009108725875, 'TopRight': 0.009945760496586914, 'BottomLeft': 0.015044160301841376, 'BottomRight': 0.01299038105676658}",shapes_on_1,0,nan,nan,0,nan,0,nan,nan,0,nan
4523.588,113,9,4,4,"{'TopLeft': 0.6948909236273086, 'TopRight': 0.5656088913245536, 'BottomLeft': 0.7362240528774487, 'BottomRight': 0.6464101615137755}","{'TopLeft': 0.015012009108725875, 'TopRight': 0.009945760496586914, 'BottomLeft': 0.015044160301841376, 'BottomRight': 0.01299038105676658}",shapes_on_1,0,nan,nan,0,nan,0,nan,nan,0,nan
4540.254,113,9,4,4,"{'TopLeft': 0.6948909236273086, 'TopRight': 0.5656088913245536, 'BottomLeft': 0.7362240528774487, 'BottomRight': 0.6464101615137755}","{'TopLeft': 0.015012009108725875, 'TopRight': 0.009945760496586914, 'BottomLeft': 0.015044160301841376, 'BottomRight': 0.01299038105676658}",shapes_on_1,0,nan,nan,0,nan,0,nan,nan,0,nan
4556.921,113,9,4,4,"{'TopLeft': 0.6948909236273086, 'TopRight': 0.5656088913245536, 'BottomLeft': 0.7362240528774487, 'BottomRight': 0.6464101615137755}","{'TopLeft': 0.015012009108725875, 'TopRight': 0.009945760496586914, 'BottomLeft': 0.015044160301841376, 'BottomRight': 0.01299038105676658}",shapes_on_1,0,nan,nan,0,nan,0,nan,nan,0,nan
4573.588,113,9,4,4,"{'TopLeft': 0.6948909236273086, 'TopRight': 0.5656088913245536, 'BottomLeft': 0.7362240528774487, 'BottomRight': 0.6464101615137755}","{'TopLeft': 0.015012009108725875, 'TopRight': 0.009945760496586914, 'BottomLeft': 0.015044160301841376, 'BottomRight': 0.01299038105676658}",shapes_on_1,0,nan,nan,0,nan,0,nan,nan,0,nan
4590.255,113,9,4,4,"{'TopLeft': 0.6948909236273086, 'TopRight': 0.5656088913245536, 'BottomLeft': 0.7362240528774487, 'BottomRight': 0.6464101615137755}","{'TopLeft': 0.015012009108725875, 'TopRight': 0.009945760496586914, 'BottomLeft': 0.015044160301841376, 'BottomRight': 0.01299038105676658}",shapes_on_1,0,nan,nan,0,nan,0,nan,nan,0,nan
4606.922,113,9,4,4,"{'TopLeft': 0.6948909236273086, 'TopRight': 0.5656088913245536, 'BottomLeft': 0.7362240528774487, 'BottomRight': 0.6464101615137755}","{'TopLeft': 0.015012009108725875, 'TopRight': 0.009945760496586914, 'BottomLeft': 0.015044160301841376, 'BottomRight': 0.01299038105676658}",shapes_on_1,0,nan,nan,0,nan,0,nan,nan,0,nan
4623.589,113,9,4,4,"{'TopLeft': 0.6948909236273086, 'TopRight': 0.5656088913245536, 'BottomLeft': 0.7362240528774487, 'BottomRight': 0.6464101615137755}","{'TopLeft': 0.015012009108725875, 'TopRight': 0.009945760496586914, 'BottomLeft': 0.015044160301841376, 'BottomRight': 0.01299038105676658}",shapes_on_1,0,nan,nan,0,nan,0,nan,nan,0,nan
4640.256,113,9,4,4,"{'TopLeft': 0.6948909236273086, 'TopRight': 0.5656088913245536, 'BottomLeft': 0.7362240528774487, 'BottomRight': 0.6464101615137755}","{'TopLeft': 0.015012009108725875, 'TopRight': 0.009945760496586914, 'BottomLeft': 0.015044160301841376, 'BottomRight': 0.01299038105676658}",shapes_on_1,0,nan,nan,0,nan,0,nan,nan,0,nan
4656.923,113,9,4,4,"{'TopLeft': 0.6948909236273086, 'TopRight': 0.5656088913245536, 'BottomLeft': 0.7362240528774487, 'BottomRight': 0.6464101615137755}","{'TopLeft': 0.015012009108725875, 'TopRight': 0.009945760496586914, 'BottomLeft': 0.015044160301841376, 'BottomRight': 0.01299038105676658}",shapes_on_1,0,nan,nan,0,nan,0,nan,nan,0,nan
4673.59,113,9,4,4,"{'TopLeft': 0.6948909236273086, 'TopRight': 0.5656088913245536, 'BottomLeft': 0.7362240528774487, 'BottomRight': 0.6464101615137755}","{'TopLeft': 0.015012009108725875, 'TopRight': 0.009945760496586914, 'BottomLeft': 0.015044160301841376, 'BottomRight': 0.01299038105676658}",shapes_on_1,0,nan,nan,0,nan,0,nan,nan,0,nan
4690.256,113,9,4,4,"{'TopLeft': 0.6948909236273086, 'TopRight': 0.5656088913245536, 'BottomLeft': 0.7362240528774487, 'BottomRight': 0.6464101615137755}","{'TopLeft': 0.015012009108725875, 'TopRight': 0.009945760496586914, 'BottomLeft': 0.015044160301841376, 'BottomRight': 0.01299038105676658}",shapes_on_1,0,nan,nan,0,nan,0,nan,nan,0,nan
4706.924,113,9,4,4,"{'TopLeft': 0.6948909236273086, 'TopRight': 0.5656088913245536, 'BottomLeft': 0.7362240528774487, 'BottomRight': 0.6464101615137755}","{'TopLeft': 0.015012009108725875, 'TopRight': 0.009945760496586914, 'BottomLeft': 0.015044160301841376, 'BottomRight': 0.01299038105676658}",shapes_on_1,0,nan,nan,0,nan,0,nan,nan,0,nan
4723.591,113,9,4,4,"{'TopLeft': 0.6948909236273086, 'TopRight': 0.5656088913245536, 'BottomLeft': 0.7362240528774487, 'BottomRight': 0.6464101615137755}","{'TopLeft': 0.015012009108725875, 'TopRight': 0.009945760496586914, 'BottomLeft': 0.015044160301841376, 'BottomRight': 0.01299038105676658}",shapes_on_1,0,nan,nan,0,nan,0,nan,nan,0,nan
4740.258,113,9,4,4,"{'TopLeft': 0.6948909236273086, 'TopRight': 0.5656088913245536, 'BottomLeft': 0.7362240528774487, 'BottomRight': 0.6464101615137755}","{'TopLeft': 0.015012009108725875, 'TopRight': 0.009945760496586914, 'BottomLeft': 0.015044160301841376, 'BottomRight': 0.01299038105676658}",shapes_on_1,0,nan,nan,0,nan,0,nan,nan,0,nan
4756.924,113,9,4,4,"{'TopLeft': 0.6948909236273086, 'TopRight': 0.5656088913245536, 'BottomLeft': 0.7362240528774487, 'BottomRight': 0.6464101615137755}","{'TopLeft': 0.015012009108725875, 'TopRight': 0.009945760496586914, 'BottomLeft': 0.015044160301841376, 'BottomRight': 0.01299038105676658}",shapes_on_1,0,nan,nan,0,nan,0,nan,nan,0,nan
4773.592,113,9,4,4,"{'TopLeft': 0.6948909236273086, 'TopRight': 0.5656088913245536, 'BottomLeft': 0.7362240528774487, 'BottomRight': 0.6464101615137755}","{'TopLeft': 0.015012009108725875, 'TopRight': 0.009945760496586914, 'BottomLeft': 0.015044160301841376, 'BottomRight': 0.01299038105676658}",shapes_on_1,0,nan,nan,0,nan,0,nan,nan,0,nan
4790.259,113,9,4,4,"{'TopLeft': 0.6948909236273086, 'TopRight': 0.5656088913245536, 'BottomLeft': 0.7362240528774487, 'BottomRight': 0.6464101615137755}","{'TopLeft': 0.015012009108725875, 'TopRight': 0.009945760496586914, 'BottomLeft': 0.015044160301841376, 'BottomRight': 0.01299038105676658}",shapes_on_1,0,nan,nan,0,nan,0,nan,nan,0,nan
4806.923,113,9,4,4,"{'TopLeft': 0.6948909236273086, 'TopRight': 0.5656088913245536, 'BottomLeft': 0.7362240528774487, 'BottomRight': 0.6464101615137755}","{'TopLeft': 0.015012009108725875, 'TopRight': 0.009945760496586914, 'BottomLeft': 0.015044160301841376, 'BottomRight': 0.01299038105676658}",shapes_on_1,0,nan,nan,0,nan,0,nan,nan,0,nan
4823.588,113,9,4,4,"{'TopLeft': 0.6948909236273086, 'TopRight': 0.5656088913245536, 'BottomLeft': 0.7362240528774487, 'BottomRight': 0.6464101615137755}","{'TopLeft': 0.015012009108725875, 'TopRight': 0.009945760496586914, 'BottomLeft': 0.015044160301841376, 'BottomRight': 0.01299038105676658}",shapes_on_1,0,nan,nan,0,nan,0,nan,nan,0,nan
4840.253,113,9,4,4,"{'TopLeft': 0.6948909236273086, 'TopRight': 0.5656088913245536, 'BottomLeft': 0.7362240528774487, 'BottomRight': 0.6464101615137755}","{'TopLeft': 0.015012009108725875, 'TopRight': 0.009945760496586914, 'BottomLeft': 0.015044160301841376, 'BottomRight': 0.01299038105676658}",shapes_on_1,0,nan,nan,0,nan,0,nan,nan,0,nan
4856.919,113,9,4,4,"{'TopLeft': 0.6948909236273086, 'TopRight': 0.5656088913245536, 'BottomLeft': 0.7362240528774487, 'BottomRight': 0.6464101615137755}","{'TopLeft': 0.015012009108725875, 'TopRight': 0.009945760496586914, 'BottomLeft': 0.015044160301841376, 'BottomRight': 0.01299038105676658}",shapes_on_1,0,nan,nan,0,nan,0,nan,nan,0,nan
4873.585,113,9,4,4,"{'TopLeft': 0.6948909236273086, 'TopRight': 0.5656088913245536, 'BottomLeft': 0.7362240528774487, 'BottomRight': 0.6464101615137755}","{'TopLeft': 0.015012009108725875, 'TopRight': 0.009945760496586914, 'BottomLeft': 0.015044160301841376, 'BottomRight': 0.01299038105676658}",shapes_on_1,0,nan,nan,0,nan,0,nan,nan,0,nan
4890.252,113,9,4,4,"{'TopLeft': 0.6948909236273086, 'TopRight': 0.5656088913245536, 'BottomLeft': 0.7362240528774487, 'BottomRight': 0.6464101615137755}","{'TopLeft': 0.015012009108725875, 'TopRight': 0.009945760496586914, 'BottomLeft': 0.015044160301841376, 'BottomRight': 0.01299038105676658}",shapes_on_1,0,nan,nan,0,nan,0,nan,nan,0,nan
4906.919,113,9,4,4,"{'TopLeft': 0.6948909236273086, 'TopRight': 0.5656088913245536, 'BottomLeft': 0.7362240528774487, 'BottomRight': 0.6464101615137755}","{'TopLeft': 0.015012009108725875, 'TopRight': 0.009945760496586914, 'BottomLeft': 0.015044160301841376, 'BottomRight': 0.01299038105676658}",shapes_on_1,0,nan,nan,0,nan,0,nan,nan,0,nan
4923.586,113,9,4,4,"{'TopLeft': 0.6948909236273086, 'TopRight': 0.5656088913245536, 'BottomLeft': 0.7362240528774487, 'BottomRight': 0.6464101615137755}","{'TopLeft': 0.015012009108725875, 'TopRight': 0.009945760496586914, 'BottomLeft': 0.015044160301841376, 'BottomRight': 0.01299038105676658}",shapes_on_1,0,nan,nan,0,nan,0,nan,nan,0,nan
4940.253,113,9,4,4,"{'TopLeft': 0.6948909236273086, 'TopRight': 0.5656088913245536, 'BottomLeft': 0.7362240528774487, 'BottomRight': 0.6464101615137755}","{'TopLeft': 0.015012009108725875, 'TopRight': 0.009945760496586914, 'BottomLeft': 0.015044160301841376, 'BottomRight': 0.01299038105676658}",shapes_on_1,0,nan,nan,0,nan,0,nan,nan,0,nan
4956.921,113,9,4,4,"{'TopLeft': 0.6948909236273086, 'TopRight': 0.5656088913245536, 'BottomLeft': 0.7362240528774487, 'BottomRight': 0.6464101615137755}","{'TopLeft': 0.015012009108725875, 'TopRight': 0.009945760496586914, 'BottomLeft': 0.015044160301841376, 'BottomRight': 0.01299038105676658}",shapes_on_1,0,nan,nan,0,nan,0,nan,nan,0,nan
4973.588,113,9,4,4,"{'TopLeft': 0.6948909236273086, 'TopRight': 0.5656088913245536, 'BottomLeft': 0.7362240528774487, 'BottomRight': 0.6464101615137755}","{'TopLeft': 0.015012009108725875, 'TopRight': 0.009945760496586914, 'BottomLeft': 0.015044160301841376, 'BottomRight': 0.01299038105676658}",shapes_on_1,0,nan,nan,0,nan,0,nan,nan,0,nan
4990.254,113,9,4,4,"{'TopLeft': 0.6948909236273086, 'TopRight': 0.5656088913245536, 'BottomLeft': 0.7362240528774487, 'BottomRight': 0.6464101615137755}","{'TopLeft': 0.015012009108725875, 'TopRight': 0.009945760496586914, 'BottomLeft': 0.015044160301841376, 'BottomRight': 0.01299038105676658}",shapes_on_1,0,nan,nan,0,nan,0,nan,nan,0,nan
5006.922,113,9,4,4,"{'TopLeft': 0.6948909236273086, 'TopRight': 0.5656088913245536, 'BottomLeft': 0.7362240528774487, 'BottomRight': 0.6464101615137755}","{'TopLeft': 0.015012009108725875, 'TopRight': 0.009945760496586914, 'BottomLeft': 0.015044160301841376, 'BottomRight': 0.01299038105676658}",shapes_on_1,0,nan,nan,0,nan,0,nan,nan,0,nan
5023.589,113,9,4,4,"{'TopLeft': 0.6948909236273086, 'TopRight': 0.5656088913245536, 'BottomLeft': 0.7362240528774487, 'BottomRight': 0.6464101615137755}","{'TopLeft': 0.015012009108725875, 'TopRight': 0.009945760496586914, 'BottomLeft': 0.015044160301841376, 'BottomRight': 0.01299038105676658}",shapes_on_1,0,nan,nan,0,nan,0,nan,nan,0,nan
5040.255,113,9,4,4,"{'TopLeft': 0.6948909236273086, 'TopRight': 0.5656088913245536, 'BottomLeft': 0.7362240528774487, 'BottomRight': 0.6464101615137755}","{'TopLeft': 0.015012009108725875, 'TopRight': 0.009945760496586914, 'BottomLeft': 0.015044160301841376, 'BottomRight': 0.01299038105676658}",shapes_on_1,0,nan,nan,0,nan,0,nan,nan,0,nan
5056.922,113,9,4,4,"{'TopLeft': 0.6948909236273086, 'TopRight': 0.5656088913245536, 'BottomLeft': 0.7362240528774487, 'BottomRight': 0.6464101615137755}","{'TopLeft': 0.015012009108725875, 'TopRight': 0.009945760496586914, 'BottomLeft': 0.015044160301841376, 'BottomRight': 0.01299038105676658}",shapes_on_1,0,nan,nan,0,nan,0,nan,nan,0,nan
5073.59,113,9,4,4,"{'TopLeft': 0.6948909236273086, 'TopRight': 0.5656088913245536, 'BottomLeft': 0.7362240528774487, 'BottomRight': 0.6464101615137755}","{'TopLeft': 0.015012009108725875, 'TopRight': 0.009945760496586914, 'BottomLeft': 0.015044160301841376, 'BottomRight': 0.01299038105676658}",shapes_on_1,0,nan,nan,0,nan,0,nan,nan,0,nan
5090.256,113,9,4,4,"{'TopLeft': 0.6948909236273086, 'TopRight': 0.5656088913245536, 'BottomLeft': 0.7362240528774487, 'BottomRight': 0.6464101615137755}","{'TopLeft': 0.015012009108725875, 'TopRight': 0.009945760496586914, 'BottomLeft': 0.015044160301841376, 'BottomRight': 0.01299038105676658}",shapes_on_1,0,nan,nan,0,nan,0,nan,nan,0,nan
5106.923,113,9,4,4,"{'TopLeft': 0.6948909236273086, 'TopRight': 0.5656088913245536, 'BottomLeft': 0.7362240528774487, 'BottomRight': 0.6464101615137755}","{'TopLeft': 0.015012009108725875, 'TopRight': 0.009945760496586914, 'BottomLeft': 0.015044160301841376, 'BottomRight': 0.01299038105676658}",shapes_on_1,0,nan,nan,0,nan,0,nan,nan,0,nan
5123.591,113,9,4,4,"{'TopLeft': 0.6948909236273086, 'TopRight': 0.5656088913245536, 'BottomLeft': 0.7362240528774487, 'BottomRight': 0.6464101615137755}","{'TopLeft': 0.015012009108725875, 'TopRight': 0.009945760496586914, 'BottomLeft': 0.015044160301841376, 'BottomRight': 0.01299038105676658}",shapes_on_1,0,nan,nan,0,nan,0,nan,nan,0,nan
5140.257,113,9,4,4,"{'TopLeft': 0.6948909236273086, 'TopRight': 0.5656088913245536, 'BottomLeft': 0.7362240528774487, 'BottomRight': 0.6464101615137755}","{'TopLeft': 0.015012009108725875, 'TopRight': 0.009945760496586914, 'BottomLeft': 0.015044160301841376, 'BottomRight': 0.01299038105676658}",animate_shapes,0,nan,nan,0,nan,0,nan,nan,0,nan
5156.924,113,9,4,4,"{'TopLeft': 0.6948909236273086, 'TopRight': 0.5656088913245536, 'BottomLeft': 0.7362240528774487, 'BottomRight': 0.6464101615137755}","{'TopLeft': 0.015012009108725875, 'TopRight': 0.009945760496586914, 'BottomLeft': 0.015044160301841376, 'BottomRight': 0.01299038105676658}",animate_shapes,0,nan,nan,0,nan,0,nan,nan,0,nan
5173.592,113,9,4,4,"{'TopLeft': 0.6948909236273086, 'TopRight': 0.5656088913245536, 'BottomLeft': 0.7362240528774487, 'BottomRight': 0.6464101615137755}","{'TopLeft': 0.015012009108725875, 'TopRight': 0.009945760496586914, 'BottomLeft': 0.015044160301841376, 'BottomRight': 0.01299038105676658}",animate_shapes,0,nan,nan,0,nan,0,nan,nan,0,nan
5190.259,113,9,4,4,"{'TopLeft': 0.6948909236273086, 'TopRight': 0.5656088913245536, 'BottomLeft': 0.7362240528774487, 'BottomRight': 0.6464101615137755}","{'TopLeft': 0.015012009108725875, 'TopRight': 0.009945760496586914, 'BottomLeft': 0.015044160301841376, 'BottomRight': 0.01299038105676658}",animate_shapes,0,nan,nan,0,nan,0,nan,nan,0,nan
5206.926,113,9,4,4,"{'TopLeft': 0.6948909236273086, 'TopRight': 0.5656088913245536, 'BottomLeft': 0.7362240528774487, 'BottomRight': 0.6464101615137755}","{'TopLeft': 0.015012009108725875, 'TopRight': 0.009945760496586914, 'BottomLeft': 0.015044160301841376, 'BottomRight': 0.01299038105676658}",animate_shapes,0,nan,nan,0,nan,0,nan,nan,0,nan
5223.593,113,9,4,4,"{'TopLeft': 0.6948909236273086, 'TopRight': 0.5656088913245536, 'BottomLeft': 0.7362240528774487, 'BottomRight': 0.6464101615137755}","{'TopLeft': 0.015012009108725875, 'TopRight': 0.009945760496586914, 'BottomLeft': 0.015044160301841376, 'BottomRight': 0.01299038105676658}",animate_shapes,0,nan,nan,0,nan,0,nan,nan,0,nan
5240.26,113,9,4,4,"{'TopLeft': 0.6948909236273086, 'TopRight': 0.5656088913245536, 'BottomLeft': 0.7362240528774487, 'BottomRight': 0.6464101615137755}","{'TopLeft': 0.015012009108725875, 'TopRight': 0.009945760496586914, 'BottomLeft': 0.015044160301841376, 'BottomRight': 0.01299038105676658}",animate_shapes,0,nan,nan,0,nan,0,nan,nan,0,nan
5256.926,113,9,4,4,"{'TopLeft': 0.6948909236273086, 'TopRight': 0.5656088913245536, 'BottomLeft': 0.7362240528774487, 'BottomRight': 0.6464101615137755}","{'TopLeft': 0.015012009108725875, 'TopRight': 0.009945760496586914, 'BottomLeft': 0.015044160301841376, 'BottomRight': 0.01299038105676658}",animate_shapes,0,nan,nan,0,nan,0,nan,nan,0,nan
5273.592,113,9,4,4,"{'TopLeft': 0.6948909236273086, 'TopRight': 0.5656088913245536, 'BottomLeft': 0.7362240528774487, 'BottomRight': 0.6464101615137755}","{'TopLeft': 0.015012009108725875, 'TopRight': 0.009945760496586914, 'BottomLeft': 0.015044160301841376, 'BottomRight': 0.01299038105676658}",animate_shapes,0,nan,nan,0,nan,0,nan,nan,0,nan
5290.26,113,9,4,4,"{'TopLeft': 0.6948909236273086, 'TopRight': 0.5656088913245536, 'BottomLeft': 0.7362240528774487, 'BottomRight': 0.6464101615137755}","{'TopLeft': 0.015012009108725875, 'TopRight': 0.009945760496586914, 'BottomLeft': 0.015044160301841376, 'BottomRight': 0.01299038105676658}",animate_shapes,0,nan,nan,0,nan,0,nan,nan,0,nan
5306.927,113,9,4,4,"{'TopLeft': 0.6948909236273086, 'TopRight': 0.5656088913245536, 'BottomLeft': 0.7362240528774487, 'BottomRight': 0.6464101615137755}","{'TopLeft': 0.015012009108725875, 'TopRight': 0.009945760496586914, 'BottomLeft': 0.015044160301841376, 'BottomRight': 0.01299038105676658}",animate_shapes,0,nan,nan,0,nan,0,nan,nan,0,nan
5323.594,113,9,4,4,"{'TopLeft': 0.6948909236273086, 'TopRight': 0.5656088913245536, 'BottomLeft': 0.7362240528774487, 'BottomRight': 0.6464101615137755}","{'TopLeft': 0.015012009108725875, 'TopRight': 0.009945760496586914, 'BottomLeft': 0.015044160301841376, 'BottomRight': 0.01299038105676658}",animate_shapes,0,nan,nan,0,nan,0,nan,nan,0,nan
5340.26,113,9,4,4,"{'TopLeft': 0.6948909236273086, 'TopRight': 0.5656088913245536, 'BottomLeft': 0.7362240528774487, 'BottomRight': 0.6464101615137755}","{'TopLeft': 0.015012009108725875, 'TopRight': 0.009945760496586914, 'BottomLeft': 0.015044160301841376, 'BottomRight': 0.01299038105676658}",animate_shapes,0,nan,nan,0,nan,0,nan,nan,0,nan
5356.927,113,9,4,4,"{'TopLeft': 0.6948909236273086, 'TopRight': 0.5656088913245536, 'BottomLeft': 0.7362240528774487, 'BottomRight': 0.6464101615137755}","{'TopLeft': 0.015012009108725875, 'TopRight': 0.009945760496586914, 'BottomLeft': 0.015044160301841376, 'BottomRight': 0.01299038105676658}",animate_shapes,0,nan,nan,0,nan,0,nan,nan,0,nan
5373.595,113,9,4,4,"{'TopLeft': 0.6948909236273086, 'TopRight': 0.5656088913245536, 'BottomLeft': 0.7362240528774487, 'BottomRight': 0.6464101615137755}","{'TopLeft': 0.015012009108725875, 'TopRight': 0.009945760496586914, 'BottomLeft': 0.015044160301841376, 'BottomRight': 0.01299038105676658}",animate_shapes,0,nan,nan,0,nan,0,nan,nan,0,nan
5390.261,113,9,4,4,"{'TopLeft': 0.6948909236273086, 'TopRight': 0.5656088913245536, 'BottomLeft': 0.7362240528774487, 'BottomRight': 0.6464101615137755}","{'TopLeft': 0.015012009108725875, 'TopRight': 0.009945760496586914, 'BottomLeft': 0.015044160301841376, 'BottomRight': 0.01299038105676658}",animate_shapes,0,nan,nan,0,nan,0,nan,nan,0,nan
5406.928,113,9,4,4,"{'TopLeft': 0.6948909236273086, 'TopRight': 0.5656088913245536, 'BottomLeft': 0.7362240528774487, 'BottomRight': 0.6464101615137755}","{'TopLeft': 0.015012009108725875, 'TopRight': 0.009945760496586914, 'BottomLeft': 0.015044160301841376, 'BottomRight': 0.01299038105676658}",animate_shapes,0,nan,nan,0,nan,0,nan,nan,0,nan
5423.597,113,9,4,4,"{'TopLeft': 0.6948909236273086, 'TopRight': 0.5656088913245536, 'BottomLeft': 0.7362240528774487, 'BottomRight': 0.6464101615137755}","{'TopLeft': 0.015012009108725875, 'TopRight': 0.009945760496586914, 'BottomLeft': 0.015044160301841376, 'BottomRight': 0.01299038105676658}",animate_shapes,0,nan,nan,0,nan,0,nan,nan,0,nan
5440.263,113,9,4,4,"{'TopLeft': 0.6948909236273086, 'TopRight': 0.5656088913245536, 'BottomLeft': 0.7362240528774487, 'BottomRight': 0.6464101615137755}","{'TopLeft': 0.015012009108725875, 'TopRight': 0.009945760496586914, 'BottomLeft': 0.015044160301841376, 'BottomRight': 0.01299038105676658}",animate_shapes,0,nan,nan,0,nan,0,nan,nan,0,nan
5456.93,113,9,4,4,"{'TopLeft': 0.6948909236273086, 'TopRight': 0.5656088913245536, 'BottomLeft': 0.7362240528774487, 'BottomRight': 0.6464101615137755}","{'TopLeft': 0.015012009108725875, 'TopRight': 0.009945760496586914, 'BottomLeft': 0.015044160301841376, 'BottomRight': 0.01299038105676658}",animate_shapes,0,nan,nan,0,nan,0,nan,nan,0,nan
5473.597,113,9,4,4,"{'TopLeft': 0.6948909236273086, 'TopRight': 0.5656088913245536, 'BottomLeft': 0.7362240528774487, 'BottomRight': 0.6464101615137755}","{'TopLeft': 0.015012009108725875, 'TopRight': 0.009945760496586914, 'BottomLeft': 0.015044160301841376, 'BottomRight': 0.01299038105676658}",animate_shapes,0,nan,nan,0,nan,0,nan,nan,0,nan
5490.264,113,9,4,4,"{'TopLeft': 0.6948909236273086, 'TopRight': 0.5656088913245536, 'BottomLeft': 0.7362240528774487, 'BottomRight': 0.6464101615137755}","{'TopLeft': 0.015012009108725875, 'TopRight': 0.009945760496586914, 'BottomLeft': 0.015044160301841376, 'BottomRight': 0.01299038105676658}",animate_shapes,0,nan,nan,0,nan,0,nan,nan,0,nan
5506.931,113,9,4,4,"{'TopLeft': 0.6948909236273086, 'TopRight': 0.5656088913245536, 'BottomLeft': 0.7362240528774487, 'BottomRight': 0.6464101615137755}","{'TopLeft': 0.015012009108725875, 'TopRight': 0.009945760496586914, 'BottomLeft': 0.015044160301841376, 'BottomRight': 0.01299038105676658}",animate_shapes,0,nan,nan,0,nan,0,nan,nan,0,nan
5523.598,113,9,4,4,"{'TopLeft': 0.6948909236273086, 'TopRight': 0.5656088913245536, 'BottomLeft': 0.7362240528774487, 'BottomRight': 0.6464101615137755}","{'TopLeft': 0.015012009108725875, 'TopRight': 0.009945760496586914, 'BottomLeft': 0.015044160301841376, 'BottomRight': 0.01299038105676658}",animate_shapes,0,nan,nan,0,nan,0,nan,nan,0,nan
5540.265,113,9,4,4,"{'TopLeft': 0.6948909236273086, 'TopRight': 0.5656088913245536, 'BottomLeft': 0.7362240528774487, 'BottomRight': 0.6464101615137755}","{'TopLeft': 0.015012009108725875, 'TopRight': 0.009945760496586914, 'BottomLeft': 0.015044160301841376, 'BottomRight': 0.01299038105676658}",animate_shapes,0,nan,nan,0,nan,0,nan,nan,0,nan
5556.932,113,9,4,4,"{'TopLeft': 0.6948909236273086, 'TopRight': 0.5656088913245536, 'BottomLeft': 0.7362240528774487, 'BottomRight': 0.6464101615137755}","{'TopLeft': 0.015012009108725875, 'TopRight': 0.009945760496586914, 'BottomLeft': 0.015044160301841376, 'BottomRight': 0.01299038105676658}",animate_shapes,0,nan,nan,0,nan,0,nan,nan,0,nan
5573.599,113,9,4,4,"{'TopLeft': 0.6948909236273086, 'TopRight': 0.5656088913245536, 'BottomLeft': 0.7362240528774487, 'BottomRight': 0.6464101615137755}","{'TopLeft': 0.015012009108725875, 'TopRight': 0.009945760496586914, 'BottomLeft': 0.015044160301841376, 'BottomRight': 0.01299038105676658}",animate_shapes,0,nan,nan,0,nan,0,nan,nan,0,nan
5590.265,113,9,4,4,"{'TopLeft': 0.6948909236273086, 'TopRight': 0.5656088913245536, 'BottomLeft': 0.7362240528774487, 'BottomRight': 0.6464101615137755}","{'TopLeft': 0.015012009108725875, 'TopRight': 0.009945760496586914, 'BottomLeft': 0.015044160301841376, 'BottomRight': 0.01299038105676658}",animate_shapes,0,nan,nan,0,nan,0,nan,nan,0,nan
5606.933,113,9,4,4,"{'TopLeft': 0.6948909236273086, 'TopRight': 0.5656088913245536, 'BottomLeft': 0.7362240528774487, 'BottomRight': 0.6464101615137755}","{'TopLeft': 0.015012009108725875, 'TopRight': 0.009945760496586914, 'BottomLeft': 0.015044160301841376, 'BottomRight': 0.01299038105676658}",animate_shapes,0,nan,nan,0,nan,0,nan,nan,0,nan
5623.6,113,9,4,4,"{'TopLeft': 0.6948909236273086, 'TopRight': 0.5656088913245536, 'BottomLeft': 0.7362240528774487, 'BottomRight': 0.6464101615137755}","{'TopLeft': 0.015012009108725875, 'TopRight': 0.009945760496586914, 'BottomLeft': 0.015044160301841376, 'BottomRight': 0.01299038105676658}",animate_shapes,0,nan,nan,0,nan,0,nan,nan,0,nan
5640.266,113,9,4,4,"{'TopLeft': 0.6948909236273086, 'TopRight': 0.5656088913245536, 'BottomLeft': 0.7362240528774487, 'BottomRight': 0.6464101615137755}","{'TopLeft': 0.015012009108725875, 'TopRight': 0.009945760496586914, 'BottomLeft': 0.015044160301841376, 'BottomRight': 0.01299038105676658}",animate_shapes,0,nan,nan,0,nan,0,nan,nan,0,nan
5656.933,113,9,4,4,"{'TopLeft': 0.6948909236273086, 'TopRight': 0.5656088913245536, 'BottomLeft': 0.7362240528774487, 'BottomRight': 0.6464101615137755}","{'TopLeft': 0.015012009108725875, 'TopRight': 0.009945760496586914, 'BottomLeft': 0.015044160301841376, 'BottomRight': 0.01299038105676658}",animate_shapes,0,nan,nan,0,nan,0,nan,nan,0,nan
5673.601,113,9,4,4,"{'TopLeft': 0.6948909236273086, 'TopRight': 0.5656088913245536, 'BottomLeft': 0.7362240528774487, 'BottomRight': 0.6464101615137755}","{'TopLeft': 0.015012009108725875, 'TopRight': 0.009945760496586914, 'BottomLeft': 0.015044160301841376, 'BottomRight': 0.01299038105676658}",animate_shapes,0,nan,nan,0,nan,0,nan,nan,0,nan
5690.267,113,9,4,4,"{'TopLeft': 0.6948909236273086, 'TopRight': 0.5656088913245536, 'BottomLeft': 0.7362240528774487, 'BottomRight': 0.6464101615137755}","{'TopLeft': 0.015012009108725875, 'TopRight': 0.009945760496586914, 'BottomLeft': 0.015044160301841376, 'BottomRight': 0.01299038105676658}",animate_shapes,0,nan,nan,0,nan,0,nan,nan,0,nan
5706.934,113,9,4,4,"{'TopLeft': 0.6948909236273086, 'TopRight': 0.5656088913245536, 'BottomLeft': 0.7362240528774487, 'BottomRight': 0.6464101615137755}","{'TopLeft': 0.015012009108725875, 'TopRight': 0.009945760496586914, 'BottomLeft': 0.015044160301841376, 'BottomRight': 0.01299038105676658}",animate_shapes,0,nan,nan,0,nan,0,nan,nan,0,nan
5723.602,113,9,4,4,"{'TopLeft': 0.6948909236273086, 'TopRight': 0.5656088913245536, 'BottomLeft': 0.7362240528774487, 'BottomRight': 0.6464101615137755}","{'TopLeft': 0.015012009108725875, 'TopRight': 0.009945760496586914, 'BottomLeft': 0.015044160301841376, 'BottomRight': 0.01299038105676658}",animate_shapes,0,nan,nan,0,nan,0,nan,nan,0,nan
5740.268,113,9,4,4,"{'TopLeft': 0.6948909236273086, 'TopRight': 0.5656088913245536, 'BottomLeft': 0.7362240528774487, 'BottomRight': 0.6464101615137755}","{'TopLeft': 0.015012009108725875, 'TopRight': 0.009945760496586914, 'BottomLeft': 0.015044160301841376, 'BottomRight': 0.01299038105676658}",animate_shapes,0,nan,nan,0,nan,0,nan,nan,0,nan
5756.935,113,9,4,4,"{'TopLeft': 0.6948909236273086, 'TopRight': 0.5656088913245536, 'BottomLeft': 0.7362240528774487, 'BottomRight': 0.6464101615137755}","{'TopLeft': 0.015012009108725875, 'TopRight': 0.009945760496586914, 'BottomLeft': 0.015044160301841376, 'BottomRight': 0.01299038105676658}",animate_shapes,0,nan,nan,0,nan,0,nan,nan,0,nan
5773.603,113,9,4,4,"{'TopLeft': 0.6948909236273086, 'TopRight': 0.5656088913245536, 'BottomLeft': 0.7362240528774487, 'BottomRight': 0.6464101615137755}","{'TopLeft': 0.015012009108725875, 'TopRight': 0.009945760496586914, 'BottomLeft': 0.015044160301841376, 'BottomRight': 0.01299038105676658}",animate_shapes,0,nan,nan,0,nan,0,nan,nan,0,nan
5790.269,113,9,4,4,"{'TopLeft': 0.6948909236273086, 'TopRight': 0.5656088913245536, 'BottomLeft': 0.7362240528774487, 'BottomRight': 0.6464101615137755}","{'TopLeft': 0.015012009108725875, 'TopRight': 0.009945760496586914, 'BottomLeft': 0.015044160301841376, 'BottomRight': 0.01299038105676658}",animate_shapes,0,nan,nan,0,nan,0,nan,nan,0,nan
5806.935,113,9,4,4,"{'TopLeft': 0.6948909236273086, 'TopRight': 0.5656088913245536, 'BottomLeft': 0.7362240528774487, 'BottomRight': 0.6464101615137755}","{'TopLeft': 0.015012009108725875, 'TopRight': 0.009945760496586914, 'BottomLeft': 0.015044160301841376, 'BottomRight': 0.01299038105676658}",animate_shapes,0,nan,nan,0,nan,0,nan,nan,0,nan
5823.601,113,9,4,4,"{'TopLeft': 0.6948909236273086, 'TopRight': 0.5656088913245536, 'BottomLeft': 0.7362240528774487, 'BottomRight': 0.6464101615137755}","{'TopLeft': 0.015012009108725875, 'TopRight': 0.009945760496586914, 'BottomLeft': 0.015044160301841376, 'BottomRight': 0.01299038105676658}",animate_shapes,0,nan,nan,0,nan,0,nan,nan,0,nan
5840.271,113,9,4,4,"{'TopLeft': 0.6948909236273086, 'TopRight': 0.5656088913245536, 'BottomLeft': 0.7362240528774487, 'BottomRight': 0.6464101615137755}","{'TopLeft': 0.015012009108725875, 'TopRight': 0.009945760496586914, 'BottomLeft': 0.015044160301841376, 'BottomRight': 0.01299038105676658}",animate_shapes,0,nan,nan,0,nan,0,nan,nan,0,nan
5856.937,113,9,4,4,"{'TopLeft': 0.6948909236273086, 'TopRight': 0.5656088913245536, 'BottomLeft': 0.7362240528774487, 'BottomRight': 0.6464101615137755}","{'TopLeft': 0.015012009108725875, 'TopRight': 0.009945760496586914, 'BottomLeft': 0.015044160301841376, 'BottomRight': 0.01299038105676658}",animate_shapes,0,nan,nan,0,nan,0,nan,nan,0,nan
5873.605,113,9,4,4,"{'TopLeft': 0.6948909236273086, 'TopRight': 0.5656088913245536, 'BottomLeft': 0.7362240528774487, 'BottomRight': 0.6464101615137755}","{'TopLeft': 0.015012009108725875, 'TopRight': 0.009945760496586914, 'BottomLeft': 0.015044160301841376, 'BottomRight': 0.01299038105676658}",animate_shapes,0,nan,nan,0,nan,0,nan,nan,0,nan
5890.271,113,9,4,4,"{'TopLeft': 0.6948909236273086, 'TopRight': 0.5656088913245536, 'BottomLeft': 0.7362240528774487, 'BottomRight': 0.6464101615137755}","{'TopLeft': 0.015012009108725875, 'TopRight': 0.009945760496586914, 'BottomLeft': 0.015044160301841376, 'BottomRight': 0.01299038105676658}",animate_shapes,0,nan,nan,0,nan,0,nan,nan,0,nan
5906.939,113,9,4,4,"{'TopLeft': 0.6948909236273086, 'TopRight': 0.5656088913245536, 'BottomLeft': 0.7362240528774487, 'BottomRight': 0.6464101615137755}","{'TopLeft': 0.015012009108725875, 'TopRight': 0.009945760496586914, 'BottomLeft': 0.015044160301841376, 'BottomRight': 0.01299038105676658}",animate_shapes,0,nan,nan,0,nan,0,nan,nan,0,nan
5923.606,113,9,4,4,"{'TopLeft': 0.6948909236273086, 'TopRight': 0.5656088913245536, 'BottomLeft': 0.7362240528774487, 'BottomRight': 0.6464101615137755}","{'TopLeft': 0.015012009108725875, 'TopRight': 0.009945760496586914, 'BottomLeft': 0.015044160301841376, 'BottomRight': 0.01299038105676658}",animate_shapes,0,nan,nan,0,nan,0,nan,nan,0,nan
5940.272,113,9,4,4,"{'TopLeft': 0.6948909236273086, 'TopRight': 0.5656088913245536, 'BottomLeft': 0.7362240528774487, 'BottomRight': 0.6464101615137755}","{'TopLeft': 0.015012009108725875, 'TopRight': 0.009945760496586914, 'BottomLeft': 0.015044160301841376, 'BottomRight': 0.01299038105676658}",animate_shapes,0,nan,nan,0,nan,0,nan,nan,0,nan
5956.94,113,9,4,4,"{'TopLeft': 0.6948909236273086, 'TopRight': 0.5656088913245536, 'BottomLeft': 0.7362240528774487, 'BottomRight': 0.6464101615137755}","{'TopLeft': 0.015012009108725875, 'TopRight': 0.009945760496586914, 'BottomLeft': 0.015044160301841376, 'BottomRight': 0.01299038105676658}",animate_shapes,0,nan,nan,0,nan,0,nan,nan,0,nan
5973.607,113,9,4,4,"{'TopLeft': 0.6948909236273086, 'TopRight': 0.5656088913245536, 'BottomLeft': 0.7362240528774487, 'BottomRight': 0.6464101615137755}","{'TopLeft': 0.015012009108725875, 'TopRight': 0.009945760496586914, 'BottomLeft': 0.015044160301841376, 'BottomRight': 0.01299038105676658}",animate_shapes,0,nan,nan,0,nan,0,nan,nan,0,nan
5990.273,113,9,4,4,"{'TopLeft': 0.6948909236273086, 'TopRight': 0.5656088913245536, 'BottomLeft': 0.7362240528774487, 'BottomRight': 0.6464101615137755}","{'TopLeft': 0.015012009108725875, 'TopRight': 0.009945760496586914, 'BottomLeft': 0.015044160301841376, 'BottomRight': 0.01299038105676658}",animate_shapes,0,nan,nan,0,nan,0,nan,nan,0,nan
6006.941,113,9,4,4,"{'TopLeft': 0.6948909236273086, 'TopRight': 0.5656088913245536, 'BottomLeft': 0.7362240528774487, 'BottomRight': 0.6464101615137755}","{'TopLeft': 0.015012009108725875, 'TopRight': 0.009945760496586914, 'BottomLeft': 0.015044160301841376, 'BottomRight': 0.01299038105676658}",animate_shapes,0,nan,nan,0,nan,0,nan,nan,0,nan
6023.608,113,9,4,4,"{'TopLeft': 0.6948909236273086, 'TopRight': 0.5656088913245536, 'BottomLeft': 0.7362240528774487, 'BottomRight': 0.6464101615137755}","{'TopLeft': 0.015012009108725875, 'TopRight': 0.009945760496586914, 'BottomLeft': 0.015044160301841376, 'BottomRight': 0.01299038105676658}",animate_shapes,0,nan,nan,0,nan,0,nan,nan,0,nan
6040.274,113,9,4,4,"{'TopLeft': 0.6948909236273086, 'TopRight': 0.5656088913245536, 'BottomLeft': 0.7362240528774487, 'BottomRight': 0.6464101615137755}","{'TopLeft': 0.015012009108725875, 'TopRight': 0.009945760496586914, 'BottomLeft': 0.015044160301841376, 'BottomRight': 0.01299038105676658}",animate_shapes,0,nan,nan,0,nan,0,nan,nan,0,nan
6056.942,113,9,4,4,"{'TopLeft': 0.6948909236273086, 'TopRight': 0.5656088913245536, 'BottomLeft': 0.7362240528774487, 'BottomRight': 0.6464101615137755}","{'TopLeft': 0.015012009108725875, 'TopRight': 0.009945760496586914, 'BottomLeft': 0.015044160301841376, 'BottomRight': 0.01299038105676658}",animate_shapes,0,nan,nan,0,nan,0,nan,nan,0,nan
6073.609,113,9,4,4,"{'TopLeft': 0.6948909236273086, 'TopRight': 0.5656088913245536, 'BottomLeft': 0.7362240528774487, 'BottomRight': 0.6464101615137755}","{'TopLeft': 0.015012009108725875, 'TopRight': 0.009945760496586914, 'BottomLeft': 0.015044160301841376, 'BottomRight': 0.01299038105676658}",animate_shapes,0,nan,nan,0,nan,0,nan,nan,0,nan
6090.275,113,9,4,4,"{'TopLeft': 0.6948909236273086, 'TopRight': 0.5656088913245536, 'BottomLeft': 0.7362240528774487, 'BottomRight': 0.6464101615137755}","{'TopLeft': 0.015012009108725875, 'TopRight': 0.009945760496586914, 'BottomLeft': 0.015044160301841376, 'BottomRight': 0.01299038105676658}",animate_shapes,0,nan,nan,0,nan,0,nan,nan,0,nan
6106.941,113,9,4,4,"{'TopLeft': 0.6948909236273086, 'TopRight': 0.5656088913245536, 'BottomLeft': 0.7362240528774487, 'BottomRight': 0.6464101615137755}","{'TopLeft': 0.015012009108725875, 'TopRight': 0.009945760496586914, 'BottomLeft': 0.015044160301841376, 'BottomRight': 0.01299038105676658}",shapes_on_2,0,nan,nan,0,nan,0,nan,nan,0,nan
6123.609,113,9,4,4,"{'TopLeft': 0.6948909236273086, 'TopRight': 0.5656088913245536, 'BottomLeft': 0.7362240528774487, 'BottomRight': 0.6464101615137755}","{'TopLeft': 0.015012009108725875, 'TopRight': 0.009945760496586914, 'BottomLeft': 0.015044160301841376, 'BottomRight': 0.01299038105676658}",shapes_on_2,0,nan,nan,0,nan,0,nan,nan,0,nan
6140.277,113,9,4,4,"{'TopLeft': 0.6948909236273086, 'TopRight': 0.5656088913245536, 'BottomLeft': 0.7362240528774487, 'BottomRight': 0.6464101615137755}","{'TopLeft': 0.015012009108725875, 'TopRight': 0.009945760496586914, 'BottomLeft': 0.015044160301841376, 'BottomRight': 0.01299038105676658}",shapes_on_2,0,nan,nan,0,nan,0,nan,nan,0,nan
6156.943,113,9,4,4,"{'TopLeft': 0.6948909236273086, 'TopRight': 0.5656088913245536, 'BottomLeft': 0.7362240528774487, 'BottomRight': 0.6464101615137755}","{'TopLeft': 0.015012009108725875, 'TopRight': 0.009945760496586914, 'BottomLeft': 0.015044160301841376, 'BottomRight': 0.01299038105676658}",shapes_on_2,0,nan,nan,0,nan,0,nan,nan,0,nan
6173.611,113,9,4,4,"{'TopLeft': 0.6948909236273086, 'TopRight': 0.5656088913245536, 'BottomLeft': 0.7362240528774487, 'BottomRight': 0.6464101615137755}","{'TopLeft': 0.015012009108725875, 'TopRight': 0.009945760496586914, 'BottomLeft': 0.015044160301841376, 'BottomRight': 0.01299038105676658}",shapes_on_2,0,nan,nan,0,nan,0,nan,nan,0,nan
6190.278,113,9,4,4,"{'TopLeft': 0.6948909236273086, 'TopRight': 0.5656088913245536, 'BottomLeft': 0.7362240528774487, 'BottomRight': 0.6464101615137755}","{'TopLeft': 0.015012009108725875, 'TopRight': 0.009945760496586914, 'BottomLeft': 0.015044160301841376, 'BottomRight': 0.01299038105676658}",shapes_on_2,0,nan,nan,0,nan,0,nan,nan,0,nan
6206.944,113,9,4,4,"{'TopLeft': 0.6948909236273086, 'TopRight': 0.5656088913245536, 'BottomLeft': 0.7362240528774487, 'BottomRight': 0.6464101615137755}","{'TopLeft': 0.015012009108725875, 'TopRight': 0.009945760496586914, 'BottomLeft': 0.015044160301841376, 'BottomRight': 0.01299038105676658}",shapes_on_2,0,nan,nan,0,nan,0,nan,nan,0,nan
6223.61,113,9,4,4,"{'TopLeft': 0.6948909236273086, 'TopRight': 0.5656088913245536, 'BottomLeft': 0.7362240528774487, 'BottomRight': 0.6464101615137755}","{'TopLeft': 0.015012009108725875, 'TopRight': 0.009945760496586914, 'BottomLeft': 0.015044160301841376, 'BottomRight': 0.01299038105676658}",shapes_on_2,0,nan,nan,0,nan,0,nan,nan,0,nan
6240.278,113,9,4,4,"{'TopLeft': 0.6948909236273086, 'TopRight': 0.5656088913245536, 'BottomLeft': 0.7362240528774487, 'BottomRight': 0.6464101615137755}","{'TopLeft': 0.015012009108725875, 'TopRight': 0.009945760496586914, 'BottomLeft': 0.015044160301841376, 'BottomRight': 0.01299038105676658}",shapes_on_2,0,nan,nan,0,nan,0,nan,nan,0,nan
6256.944,113,9,4,4,"{'TopLeft': 0.6948909236273086, 'TopRight': 0.5656088913245536, 'BottomLeft': 0.7362240528774487, 'BottomRight': 0.6464101615137755}","{'TopLeft': 0.015012009108725875, 'TopRight': 0.009945760496586914, 'BottomLeft': 0.015044160301841376, 'BottomRight': 0.01299038105676658}",shapes_on_2,0,nan,nan,0,nan,0,nan,nan,0,nan
6273.611,113,9,4,4,"{'TopLeft': 0.6948909236273086, 'TopRight': 0.5656088913245536, 'BottomLeft': 0.7362240528774487, 'BottomRight': 0.6464101615137755}","{'TopLeft': 0.015012009108725875, 'TopRight': 0.009945760496586914, 'BottomLeft': 0.015044160301841376, 'BottomRight': 0.01299038105676658}",shapes_on_2,0,nan,nan,0,nan,0,nan,nan,0,nan
6290.278,113,9,4,4,"{'TopLeft': 0.6948909236273086, 'TopRight': 0.5656088913245536, 'BottomLeft': 0.7362240528774487, 'BottomRight': 0.6464101615137755}","{'TopLeft': 0.015012009108725875, 'TopRight': 0.009945760496586914, 'BottomLeft': 0.015044160301841376, 'BottomRight': 0.01299038105676658}",shapes_on_2,0,nan,nan,0,nan,0,nan,nan,0,nan
6306.945,113,9,4,4,"{'TopLeft': 0.6948909236273086, 'TopRight': 0.5656088913245536, 'BottomLeft': 0.7362240528774487, 'BottomRight': 0.6464101615137755}","{'TopLeft': 0.015012009108725875, 'TopRight': 0.009945760496586914, 'BottomLeft': 0.015044160301841376, 'BottomRight': 0.01299038105676658}",shapes_on_2,0,nan,nan,0,nan,0,nan,nan,0,nan
6323.612,113,9,4,4,"{'TopLeft': 0.6948909236273086, 'TopRight': 0.5656088913245536, 'BottomLeft': 0.7362240528774487, 'BottomRight': 0.6464101615137755}","{'TopLeft': 0.015012009108725875, 'TopRight': 0.009945760496586914, 'BottomLeft': 0.015044160301841376, 'BottomRight': 0.01299038105676658}",shapes_on_2,0,nan,nan,0,nan,0,nan,nan,0,nan
6340.279,113,9,4,4,"{'TopLeft': 0.6948909236273086, 'TopRight': 0.5656088913245536, 'BottomLeft': 0.7362240528774487, 'BottomRight': 0.6464101615137755}","{'TopLeft': 0.015012009108725875, 'TopRight': 0.009945760496586914, 'BottomLeft': 0.015044160301841376, 'BottomRight': 0.01299038105676658}",shapes_on_2,0,nan,nan,0,nan,0,nan,nan,0,nan
6356.946,113,9,4,4,"{'TopLeft': 0.6948909236273086, 'TopRight': 0.5656088913245536, 'BottomLeft': 0.7362240528774487, 'BottomRight': 0.6464101615137755}","{'TopLeft': 0.015012009108725875, 'TopRight': 0.009945760496586914, 'BottomLeft': 0.015044160301841376, 'BottomRight': 0.01299038105676658}",shapes_on_2,0,nan,nan,0,nan,0,nan,nan,0,nan
6373.614,113,9,4,4,"{'TopLeft': 0.6948909236273086, 'TopRight': 0.5656088913245536, 'BottomLeft': 0.7362240528774487, 'BottomRight': 0.6464101615137755}","{'TopLeft': 0.015012009108725875, 'TopRight': 0.009945760496586914, 'BottomLeft': 0.015044160301841376, 'BottomRight': 0.01299038105676658}",shapes_on_2,0,nan,nan,0,nan,0,nan,nan,0,nan
6390.28,113,9,4,4,"{'TopLeft': 0.6948909236273086, 'TopRight': 0.5656088913245536, 'BottomLeft': 0.7362240528774487, 'BottomRight': 0.6464101615137755}","{'TopLeft': 0.015012009108725875, 'TopRight': 0.009945760496586914, 'BottomLeft': 0.015044160301841376, 'BottomRight': 0.01299038105676658}",shapes_on_2,0,nan,nan,0,nan,0,nan,nan,0,nan
6406.947,113,9,4,4,"{'TopLeft': 0.6948909236273086, 'TopRight': 0.5656088913245536, 'BottomLeft': 0.7362240528774487, 'BottomRight': 0.6464101615137755}","{'TopLeft': 0.015012009108725875, 'TopRight': 0.009945760496586914, 'BottomLeft': 0.015044160301841376, 'BottomRight': 0.01299038105676658}",shapes_on_2,0,nan,nan,0,nan,0,nan,nan,0,nan
6423.615,113,9,4,4,"{'TopLeft': 0.6948909236273086, 'TopRight': 0.5656088913245536, 'BottomLeft': 0.7362240528774487, 'BottomRight': 0.6464101615137755}","{'TopLeft': 0.015012009108725875, 'TopRight': 0.009945760496586914, 'BottomLeft': 0.015044160301841376, 'BottomRight': 0.01299038105676658}",shapes_on_2,0,nan,nan,0,nan,0,nan,nan,0,nan
6440.281,113,9,4,4,"{'TopLeft': 0.6948909236273086, 'TopRight': 0.5656088913245536, 'BottomLeft': 0.7362240528774487, 'BottomRight': 0.6464101615137755}","{'TopLeft': 0.015012009108725875, 'TopRight': 0.009945760496586914, 'BottomLeft': 0.015044160301841376, 'BottomRight': 0.01299038105676658}",shapes_on_2,0,nan,nan,0,nan,0,nan,nan,0,nan
6456.949,113,9,4,4,"{'TopLeft': 0.6948909236273086, 'TopRight': 0.5656088913245536, 'BottomLeft': 0.7362240528774487, 'BottomRight': 0.6464101615137755}","{'TopLeft': 0.015012009108725875, 'TopRight': 0.009945760496586914, 'BottomLeft': 0.015044160301841376, 'BottomRight': 0.01299038105676658}",shapes_on_2,0,nan,nan,0,nan,0,nan,nan,0,nan
6473.616,113,9,4,4,"{'TopLeft': 0.6948909236273086, 'TopRight': 0.5656088913245536, 'BottomLeft': 0.7362240528774487, 'BottomRight': 0.6464101615137755}","{'TopLeft': 0.015012009108725875, 'TopRight': 0.009945760496586914, 'BottomLeft': 0.015044160301841376, 'BottomRight': 0.01299038105676658}",shapes_on_2,0,nan,nan,0,nan,0,nan,nan,0,nan
6490.282,113,9,4,4,"{'TopLeft': 0.6948909236273086, 'TopRight': 0.5656088913245536, 'BottomLeft': 0.7362240528774487, 'BottomRight': 0.6464101615137755}","{'TopLeft': 0.015012009108725875, 'TopRight': 0.009945760496586914, 'BottomLeft': 0.015044160301841376, 'BottomRight': 0.01299038105676658}",shapes_on_2,0,nan,nan,0,nan,0,nan,nan,0,nan
6506.95,113,9,4,4,"{'TopLeft': 0.6948909236273086, 'TopRight': 0.5656088913245536, 'BottomLeft': 0.7362240528774487, 'BottomRight': 0.6464101615137755}","{'TopLeft': 0.015012009108725875, 'TopRight': 0.009945760496586914, 'BottomLeft': 0.015044160301841376, 'BottomRight': 0.01299038105676658}",shapes_on_2,0,nan,nan,0,nan,0,nan,nan,0,nan
6523.617,113,9,4,4,"{'TopLeft': 0.6948909236273086, 'TopRight': 0.5656088913245536, 'BottomLeft': 0.7362240528774487, 'BottomRight': 0.6464101615137755}","{'TopLeft': 0.015012009108725875, 'TopRight': 0.009945760496586914, 'BottomLeft': 0.015044160301841376, 'BottomRight': 0.01299038105676658}",shapes_on_2,0,nan,nan,0,nan,0,nan,nan,0,nan
6540.283,113,9,4,4,"{'TopLeft': 0.6948909236273086, 'TopRight': 0.5656088913245536, 'BottomLeft': 0.7362240528774487, 'BottomRight': 0.6464101615137755}","{'TopLeft': 0.015012009108725875, 'TopRight': 0.009945760496586914, 'BottomLeft': 0.015044160301841376, 'BottomRight': 0.01299038105676658}",shapes_on_2,0,nan,nan,0,nan,0,nan,nan,0,nan
6556.95,113,9,4,4,"{'TopLeft': 0.6948909236273086, 'TopRight': 0.5656088913245536, 'BottomLeft': 0.7362240528774487, 'BottomRight': 0.6464101615137755}","{'TopLeft': 0.015012009108725875, 'TopRight': 0.009945760496586914, 'BottomLeft': 0.015044160301841376, 'BottomRight': 0.01299038105676658}",shapes_on_2,0,nan,nan,0,nan,0,nan,nan,0,nan
6573.618,113,9,4,4,"{'TopLeft': 0.6948909236273086, 'TopRight': 0.5656088913245536, 'BottomLeft': 0.7362240528774487, 'BottomRight': 0.6464101615137755}","{'TopLeft': 0.015012009108725875, 'TopRight': 0.009945760496586914, 'BottomLeft': 0.015044160301841376, 'BottomRight': 0.01299038105676658}",shapes_on_2,0,nan,nan,0,nan,0,nan,nan,0,nan
6590.284,113,9,4,4,"{'TopLeft': 0.6948909236273086, 'TopRight': 0.5656088913245536, 'BottomLeft': 0.7362240528774487, 'BottomRight': 0.6464101615137755}","{'TopLeft': 0.015012009108725875, 'TopRight': 0.009945760496586914, 'BottomLeft': 0.015044160301841376, 'BottomRight': 0.01299038105676658}",shapes_on_2,0,nan,nan,0,nan,0,nan,nan,0,nan
6606.952,113,9,4,4,"{'TopLeft': 0.6948909236273086, 'TopRight': 0.5656088913245536, 'BottomLeft': 0.7362240528774487, 'BottomRight': 0.6464101615137755}","{'TopLeft': 0.015012009108725875, 'TopRight': 0.009945760496586914, 'BottomLeft': 0.015044160301841376, 'BottomRight': 0.01299038105676658}",shapes_on_2,0,nan,nan,0,nan,0,nan,nan,0,nan
6623.62,113,9,4,4,"{'TopLeft': 0.6948909236273086, 'TopRight': 0.5656088913245536, 'BottomLeft': 0.7362240528774487, 'BottomRight': 0.6464101615137755}","{'TopLeft': 0.015012009108725875, 'TopRight': 0.009945760496586914, 'BottomLeft': 0.015044160301841376, 'BottomRight': 0.01299038105676658}",shapes_on_2,0,nan,nan,0,nan,0,nan,nan,0,nan
6640.286,113,9,4,4,"{'TopLeft': 0.6948909236273086, 'TopRight': 0.5656088913245536, 'BottomLeft': 0.7362240528774487, 'BottomRight': 0.6464101615137755}","{'TopLeft': 0.015012009108725875, 'TopRight': 0.009945760496586914, 'BottomLeft': 0.015044160301841376, 'BottomRight': 0.01299038105676658}",shapes_on_2,0,nan,nan,0,nan,0,nan,nan,0,nan
6656.952,113,9,4,4,"{'TopLeft': 0.6948909236273086, 'TopRight': 0.5656088913245536, 'BottomLeft': 0.7362240528774487, 'BottomRight': 0.6464101615137755}","{'TopLeft': 0.015012009108725875, 'TopRight': 0.009945760496586914, 'BottomLeft': 0.015044160301841376, 'BottomRight': 0.01299038105676658}",shapes_on_2,0,nan,nan,0,nan,0,nan,nan,0,nan
6673.618,113,9,4,4,"{'TopLeft': 0.6948909236273086, 'TopRight': 0.5656088913245536, 'BottomLeft': 0.7362240528774487, 'BottomRight': 0.6464101615137755}","{'TopLeft': 0.015012009108725875, 'TopRight': 0.009945760496586914, 'BottomLeft': 0.015044160301841376, 'BottomRight': 0.01299038105676658}",shapes_on_2,0,nan,nan,0,nan,0,nan,nan,0,nan
6690.287,113,9,4,4,"{'TopLeft': 0.6948909236273086, 'TopRight': 0.5656088913245536, 'BottomLeft': 0.7362240528774487, 'BottomRight': 0.6464101615137755}","{'TopLeft': 0.015012009108725875, 'TopRight': 0.009945760496586914, 'BottomLeft': 0.015044160301841376, 'BottomRight': 0.01299038105676658}",shapes_on_2,0,nan,nan,0,nan,0,nan,nan,0,nan
6706.953,113,9,4,4,"{'TopLeft': 0.6948909236273086, 'TopRight': 0.5656088913245536, 'BottomLeft': 0.7362240528774487, 'BottomRight': 0.6464101615137755}","{'TopLeft': 0.015012009108725875, 'TopRight': 0.009945760496586914, 'BottomLeft': 0.015044160301841376, 'BottomRight': 0.01299038105676658}",shapes_on_2,0,nan,nan,0,nan,0,nan,nan,0,nan
6723.62,113,9,4,4,"{'TopLeft': 0.6948909236273086, 'TopRight': 0.5656088913245536, 'BottomLeft': 0.7362240528774487, 'BottomRight': 0.6464101615137755}","{'TopLeft': 0.015012009108725875, 'TopRight': 0.009945760496586914, 'BottomLeft': 0.015044160301841376, 'BottomRight': 0.01299038105676658}",shapes_on_2,0,nan,nan,0,nan,0,nan,nan,0,nan
6740.287,113,9,4,4,"{'TopLeft': 0.6948909236273086, 'TopRight': 0.5656088913245536, 'BottomLeft': 0.7362240528774487, 'BottomRight': 0.6464101615137755}","{'TopLeft': 0.015012009108725875, 'TopRight': 0.009945760496586914, 'BottomLeft': 0.015044160301841376, 'BottomRight': 0.01299038105676658}",shapes_on_2,0,nan,nan,0,nan,0,nan,nan,0,nan
6756.954,113,9,4,4,"{'TopLeft': 0.6948909236273086, 'TopRight': 0.5656088913245536, 'BottomLeft': 0.7362240528774487, 'BottomRight': 0.6464101615137755}","{'TopLeft': 0.015012009108725875, 'TopRight': 0.009945760496586914, 'BottomLeft': 0.015044160301841376, 'BottomRight': 0.01299038105676658}",shapes_on_2,0,nan,nan,0,nan,0,nan,nan,0,nan
6773.622,113,9,4,4,"{'TopLeft': 0.6948909236273086, 'TopRight': 0.5656088913245536, 'BottomLeft': 0.7362240528774487, 'BottomRight': 0.6464101615137755}","{'TopLeft': 0.015012009108725875, 'TopRight': 0.009945760496586914, 'BottomLeft': 0.015044160301841376, 'BottomRight': 0.01299038105676658}",shapes_on_2,0,nan,nan,0,nan,0,nan,nan,0,nan
6790.288,113,9,4,4,"{'TopLeft': 0.6948909236273086, 'TopRight': 0.5656088913245536, 'BottomLeft': 0.7362240528774487, 'BottomRight': 0.6464101615137755}","{'TopLeft': 0.015012009108725875, 'TopRight': 0.009945760496586914, 'BottomLeft': 0.015044160301841376, 'BottomRight': 0.01299038105676658}",shapes_on_2,0,nan,nan,0,nan,0,nan,nan,0,nan
6806.954,113,9,4,4,"{'TopLeft': 0.6948909236273086, 'TopRight': 0.5656088913245536, 'BottomLeft': 0.7362240528774487, 'BottomRight': 0.6464101615137755}","{'TopLeft': 0.015012009108725875, 'TopRight': 0.009945760496586914, 'BottomLeft': 0.015044160301841376, 'BottomRight': 0.01299038105676658}",shapes_on_2,0,nan,nan,0,nan,0,nan,nan,0,nan
6823.621,113,9,4,4,"{'TopLeft': 0.6948909236273086, 'TopRight': 0.5656088913245536, 'BottomLeft': 0.7362240528774487, 'BottomRight': 0.6464101615137755}","{'TopLeft': 0.015012009108725875, 'TopRight': 0.009945760496586914, 'BottomLeft': 0.015044160301841376, 'BottomRight': 0.01299038105676658}",shapes_on_2,0,nan,nan,0,nan,0,nan,nan,0,nan
6840.289,113,9,4,4,"{'TopLeft': 0.6948909236273086, 'TopRight': 0.5656088913245536, 'BottomLeft': 0.7362240528774487, 'BottomRight': 0.6464101615137755}","{'TopLeft': 0.015012009108725875, 'TopRight': 0.009945760496586914, 'BottomLeft': 0.015044160301841376, 'BottomRight': 0.01299038105676658}",shapes_on_2,0,nan,nan,0,nan,0,nan,nan,0,nan
6856.956,113,9,4,4,"{'TopLeft': 0.6948909236273086, 'TopRight': 0.5656088913245536, 'BottomLeft': 0.7362240528774487, 'BottomRight': 0.6464101615137755}","{'TopLeft': 0.015012009108725875, 'TopRight': 0.009945760496586914, 'BottomLeft': 0.015044160301841376, 'BottomRight': 0.01299038105676658}",shapes_on_2,0,nan,nan,0,nan,0,nan,nan,0,nan
6873.623,113,9,4,4,"{'TopLeft': 0.6948909236273086, 'TopRight': 0.5656088913245536, 'BottomLeft': 0.7362240528774487, 'BottomRight': 0.6464101615137755}","{'TopLeft': 0.015012009108725875, 'TopRight': 0.009945760496586914, 'BottomLeft': 0.015044160301841376, 'BottomRight': 0.01299038105676658}",shapes_on_2,0,nan,nan,0,nan,0,nan,nan,0,nan
6890.291,113,9,4,4,"{'TopLeft': 0.6948909236273086, 'TopRight': 0.5656088913245536, 'BottomLeft': 0.7362240528774487, 'BottomRight': 0.6464101615137755}","{'TopLeft': 0.015012009108725875, 'TopRight': 0.009945760496586914, 'BottomLeft': 0.015044160301841376, 'BottomRight': 0.01299038105676658}",shapes_on_2,0,nan,nan,0,nan,0,nan,nan,0,nan
6906.957,113,9,4,4,"{'TopLeft': 0.6948909236273086, 'TopRight': 0.5656088913245536, 'BottomLeft': 0.7362240528774487, 'BottomRight': 0.6464101615137755}","{'TopLeft': 0.015012009108725875, 'TopRight': 0.009945760496586914, 'BottomLeft': 0.015044160301841376, 'BottomRight': 0.01299038105676658}",shapes_on_2,0,nan,nan,0,nan,0,nan,nan,0,nan
6923.623,113,9,4,4,"{'TopLeft': 0.6948909236273086, 'TopRight': 0.5656088913245536, 'BottomLeft': 0.7362240528774487, 'BottomRight': 0.6464101615137755}","{'TopLeft': 0.015012009108725875, 'TopRight': 0.009945760496586914, 'BottomLeft': 0.015044160301841376, 'BottomRight': 0.01299038105676658}",shapes_on_2,0,nan,nan,0,nan,0,nan,nan,0,nan
6940.291,113,9,4,4,"{'TopLeft': 0.6948909236273086, 'TopRight': 0.5656088913245536, 'BottomLeft': 0.7362240528774487, 'BottomRight': 0.6464101615137755}","{'TopLeft': 0.015012009108725875, 'TopRight': 0.009945760496586914, 'BottomLeft': 0.015044160301841376, 'BottomRight': 0.01299038105676658}",shapes_on_2,0,nan,nan,0,nan,0,nan,nan,0,nan
6956.958,113,9,4,4,"{'TopLeft': 0.6948909236273086, 'TopRight': 0.5656088913245536, 'BottomLeft': 0.7362240528774487, 'BottomRight': 0.6464101615137755}","{'TopLeft': 0.015012009108725875, 'TopRight': 0.009945760496586914, 'BottomLeft': 0.015044160301841376, 'BottomRight': 0.01299038105676658}",shapes_on_2,0,nan,nan,0,nan,0,nan,nan,0,nan
6973.625,113,9,4,4,"{'TopLeft': 0.6948909236273086, 'TopRight': 0.5656088913245536, 'BottomLeft': 0.7362240528774487, 'BottomRight': 0.6464101615137755}","{'TopLeft': 0.015012009108725875, 'TopRight': 0.009945760496586914, 'BottomLeft': 0.015044160301841376, 'BottomRight': 0.01299038105676658}",shapes_on_2,0,nan,nan,0,nan,0,nan,nan,0,nan
6990.292,113,9,4,4,"{'TopLeft': 0.6948909236273086, 'TopRight': 0.5656088913245536, 'BottomLeft': 0.7362240528774487, 'BottomRight': 0.6464101615137755}","{'TopLeft': 0.015012009108725875, 'TopRight': 0.009945760496586914, 'BottomLeft': 0.015044160301841376, 'BottomRight': 0.01299038105676658}",shapes_on_2,0,nan,nan,0,nan,0,nan,nan,0,nan
7006.959,113,9,4,4,"{'TopLeft': 0.6948909236273086, 'TopRight': 0.5656088913245536, 'BottomLeft': 0.7362240528774487, 'BottomRight': 0.6464101615137755}","{'TopLeft': 0.015012009108725875, 'TopRight': 0.009945760496586914, 'BottomLeft': 0.015044160301841376, 'BottomRight': 0.01299038105676658}",shapes_on_2,0,nan,nan,0,nan,0,nan,nan,0,nan
7023.626,113,9,4,4,"{'TopLeft': 0.6948909236273086, 'TopRight': 0.5656088913245536, 'BottomLeft': 0.7362240528774487, 'BottomRight': 0.6464101615137755}","{'TopLeft': 0.015012009108725875, 'TopRight': 0.009945760496586914, 'BottomLeft': 0.015044160301841376, 'BottomRight': 0.01299038105676658}",shapes_on_2,0,nan,nan,0,nan,0,nan,nan,0,nan
7040.294,113,9,4,4,"{'TopLeft': 0.6948909236273086, 'TopRight': 0.5656088913245536, 'BottomLeft': 0.7362240528774487, 'BottomRight': 0.6464101615137755}","{'TopLeft': 0.015012009108725875, 'TopRight': 0.009945760496586914, 'BottomLeft': 0.015044160301841376, 'BottomRight': 0.01299038105676658}",shapes_on_2,0,nan,nan,0,nan,0,nan,nan,0,nan
7056.96,113,9,4,4,"{'TopLeft': 0.6948909236273086, 'TopRight': 0.5656088913245536, 'BottomLeft': 0.7362240528774487, 'BottomRight': 0.6464101615137755}","{'TopLeft': 0.015012009108725875, 'TopRight': 0.009945760496586914, 'BottomLeft': 0.015044160301841376, 'BottomRight': 0.01299038105676658}",shapes_on_2,0,nan,nan,0,nan,0,nan,nan,0,nan
7073.626,113,9,4,4,"{'TopLeft': 0.6948909236273086, 'TopRight': 0.5656088913245536, 'BottomLeft': 0.7362240528774487, 'BottomRight': 0.6464101615137755}","{'TopLeft': 0.015012009108725875, 'TopRight': 0.009945760496586914, 'BottomLeft': 0.015044160301841376, 'BottomRight': 0.01299038105676658}",shapes_on_2,0,nan,nan,0,nan,0,nan,nan,0,nan
7090.293,113,9,4,4,"{'TopLeft': 0.6948909236273086, 'TopRight': 0.5656088913245536, 'BottomLeft': 0.7362240528774487, 'BottomRight': 0.6464101615137755}","{'TopLeft': 0.015012009108725875, 'TopRight': 0.009945760496586914, 'BottomLeft': 0.015044160301841376, 'BottomRight': 0.01299038105676658}",shapes_on_2,0,nan,nan,0,nan,0,nan,nan,0,nan
7106.962,113,9,4,4,"{'TopLeft': 0.6948909236273086, 'TopRight': 0.5656088913245536, 'BottomLeft': 0.7362240528774487, 'BottomRight': 0.6464101615137755}","{'TopLeft': 0.015012009108725875, 'TopRight': 0.009945760496586914, 'BottomLeft': 0.015044160301841376, 'BottomRight': 0.01299038105676658}",shapes_on_2,0,nan,nan,0,nan,1,0.09422196282280816,0.03507953882217407,1,3.5908660888671875
7123.629,113,9,4,4,"{'TopLeft': 0.6948909236273086, 'TopRight': 0.5656088913245536, 'BottomLeft': 0.7362240528774487, 'BottomRight': 0.6464101615137755}","{'TopLeft': 0.015012009108725875, 'TopRight': 0.009945760496586914, 'BottomLeft': 0.015044160301841376, 'BottomRight': 0.01299038105676658}",shapes_on_2,0,nan,nan,0,nan,1,0.10294840070936415,0.045911431312561035,1,3.5805206298828125
7140.295,113,9,4,4,"{'TopLeft': 0.6948909236273086, 'TopRight': 0.5656088913245536, 'BottomLeft': 0.7362240528774487, 'BottomRight': 0.6464101615137755}","{'TopLeft': 0.015012009108725875, 'TopRight': 0.009945760496586914, 'BottomLeft': 0.015044160301841376, 'BottomRight': 0.01299038105676658}",shapes_on_2,0,nan,nan,0,nan,1,0.11040518018934461,0.04437866806983948,1,3.569305419921875
7156.962,113,9,4,4,"{'TopLeft': 0.6948909236273086, 'TopRight': 0.5656088913245536, 'BottomLeft': 0.7362240528774487, 'BottomRight': 0.6464101615137755}","{'TopLeft': 0.015012009108725875, 'TopRight': 0.009945760496586914, 'BottomLeft': 0.015044160301841376, 'BottomRight': 0.01299038105676658}",shapes_on_2,0,nan,nan,0,nan,1,0.1171383327907986,0.03920575976371765,1,3.5563201904296875
7173.629,113,9,4,4,"{'TopLeft': 0.6948909236273086, 'TopRight': 0.5656088913245536, 'BottomLeft': 0.7362240528774487, 'BottomRight': 0.6464101615137755}","{'TopLeft': 0.015012009108725875, 'TopRight': 0.009945760496586914, 'BottomLeft': 0.015044160301841376, 'BottomRight': 0.01299038105676658}",shapes_on_2,0,nan,nan,0,nan,1,0.13164265950520831,0.04017019271850586,1,3.5457916259765625
7190.296,113,9,4,4,"{'TopLeft': 0.6948909236273086, 'TopRight': 0.5656088913245536, 'BottomLeft': 0.7362240528774487, 'BottomRight': 0.6464101615137755}","{'TopLeft': 0.015012009108725875, 'TopRight': 0.009945760496586914, 'BottomLeft': 0.015044160301841376, 'BottomRight': 0.01299038105676658}",shapes_on_2,0,nan,nan,0,nan,0,nan,nan,0,nan
7206.964,113,9,4,4,"{'TopLeft': 0.6948909236273086, 'TopRight': 0.5656088913245536, 'BottomLeft': 0.7362240528774487, 'BottomRight': 0.6464101615137755}","{'TopLeft': 0.015012009108725875, 'TopRight': 0.009945760496586914, 'BottomLeft': 0.015044160301841376, 'BottomRight': 0.01299038105676658}",shapes_on_2,0,nan,nan,0,nan,1,0.12081082661946614,0.037448883056640625,1,3.540191650390625
7223.631,113,9,4,4,"{'TopLeft': 0.6948909236273086, 'TopRight': 0.5656088913245536, 'BottomLeft': 0.7362240528774487, 'BottomRight': 0.6464101615137755}","{'TopLeft': 0.015012009108725875, 'TopRight': 0.009945760496586914, 'BottomLeft': 0.015044160301841376, 'BottomRight': 0.01299038105676658}",shapes_on_2,0,nan,nan,0,nan,1,0.1290874481201172,0.02641594409942627,1,3.5493011474609375
7240.297,113,9,4,4,"{'TopLeft': 0.6948909236273086, 'TopRight': 0.5656088913245536, 'BottomLeft': 0.7362240528774487, 'BottomRight': 0.6464101615137755}","{'TopLeft': 0.015012009108725875, 'TopRight': 0.009945760496586914, 'BottomLeft': 0.015044160301841376, 'BottomRight': 0.01299038105676658}",shapes_on_2,0,nan,nan,0,nan,1,0.12642712063259548,0.03384822607040405,1,3.5383453369140625
7256.965,113,9,4,4,"{'TopLeft': 0.6948909236273086, 'TopRight': 0.5656088913245536, 'BottomLeft': 0.7362240528774487, 'BottomRight': 0.6464101615137755}","{'TopLeft': 0.015012009108725875, 'TopRight': 0.009945760496586914, 'BottomLeft': 0.015044160301841376, 'BottomRight': 0.01299038105676658}",shapes_on_2,0,nan,nan,0,nan,1,0.1165279812282986,0.027793049812316895,1,3.54486083984375
7273.632,113,9,4,4,"{'TopLeft': 0.6948909236273086, 'TopRight': 0.5656088913245536, 'BottomLeft': 0.7362240528774487, 'BottomRight': 0.6464101615137755}","{'TopLeft': 0.015012009108725875, 'TopRight': 0.009945760496586914, 'BottomLeft': 0.015044160301841376, 'BottomRight': 0.01299038105676658}",shapes_on_2,0,nan,nan,0,nan,1,0.1412714852227105,0.023652076721191406,1,3.5419769287109375
7290.298,113,9,4,4,"{'TopLeft': 0.6948909236273086, 'TopRight': 0.5656088913245536, 'BottomLeft': 0.7362240528774487, 'BottomRight': 0.6464101615137755}","{'TopLeft': 0.015012009108725875, 'TopRight': 0.009945760496586914, 'BottomLeft': 0.015044160301841376, 'BottomRight': 0.01299038105676658}",shapes_on_2,0,nan,nan,0,nan,1,0.11996184455023871,0.02846086025238037,1,3.5596466064453125
7306.965,113,9,4,4,"{'TopLeft': 0.6948909236273086, 'TopRight': 0.5656088913245536, 'BottomLeft': 0.7362240528774487, 'BottomRight': 0.6464101615137755}","{'TopLeft': 0.015012009108725875, 'TopRight': 0.009945760496586914, 'BottomLeft': 0.015044160301841376, 'BottomRight': 0.01299038105676658}",shapes_on_2,0,nan,nan,0,nan,1,0.13925255669487846,0.0215911865234375,1,3.5578460693359375
7323.633,113,9,4,4,"{'TopLeft': 0.6948909236273086, 'TopRight': 0.5656088913245536, 'BottomLeft': 0.7362240528774487, 'BottomRight': 0.6464101615137755}","{'TopLeft': 0.015012009108725875, 'TopRight': 0.009945760496586914, 'BottomLeft': 0.015044160301841376, 'BottomRight': 0.01299038105676658}",shapes_on_2,0,nan,nan,0,nan,1,0.11878490447998047,0.02580881118774414,1,3.57183837890625
7340.3,113,9,4,4,"{'TopLeft': 0.6948909236273086, 'TopRight': 0.5656088913245536, 'BottomLeft': 0.7362240528774487, 'BottomRight': 0.6464101615137755}","{'TopLeft': 0.015012009108725875, 'TopRight': 0.009945760496586914, 'BottomLeft': 0.015044160301841376, 'BottomRight': 0.01299038105676658}",shapes_on_2,0,nan,nan,0,nan,1,0.12353452046712239,0.0206601619720459,1,3.5628204345703125
7356.967,113,9,4,4,"{'TopLeft': 0.6948909236273086, 'TopRight': 0.5656088913245536, 'BottomLeft': 0.7362240528774487, 'BottomRight': 0.6464101615137755}","{'TopLeft': 0.015012009108725875, 'TopRight': 0.009945760496586914, 'BottomLeft': 0.015044160301841376, 'BottomRight': 0.01299038105676658}",shapes_on_2,0,nan,nan,0,nan,1,0.130126953125,0.025398194789886475,1,3.5760345458984375
7373.635,113,9,4,4,"{'TopLeft': 0.6948909236273086, 'TopRight': 0.5656088913245536, 'BottomLeft': 0.7362240528774487, 'BottomRight': 0.6464101615137755}","{'TopLeft': 0.015012009108725875, 'TopRight': 0.009945760496586914, 'BottomLeft': 0.015044160301841376, 'BottomRight': 0.01299038105676658}",shapes_on_2,0,nan,nan,0,nan,1,0.12041091918945312,0.021449118852615356,1,3.565643310546875
7390.301,113,9,4,4,"{'TopLeft': 0.6948909236273086, 'TopRight': 0.5656088913245536, 'BottomLeft': 0.7362240528774487, 'BottomRight': 0.6464101615137755}","{'TopLeft': 0.015012009108725875, 'TopRight': 0.009945760496586914, 'BottomLeft': 0.015044160301841376, 'BottomRight': 0.01299038105676658}",shapes_on_2,0,nan,nan,0,nan,0,nan,nan,0,nan
7406.968,113,9,4,4,"{'TopLeft': 0.6948909236273086, 'TopRight': 0.5656088913245536, 'BottomLeft': 0.7362240528774487, 'BottomRight': 0.6464101615137755}","{'TopLeft': 0.015012009108725875, 'TopRight': 0.009945760496586914, 'BottomLeft': 0.015044160301841376, 'BottomRight': 0.01299038105676658}",shapes_on_2,0,nan,nan,0,nan,1,0.11601638793945312,0.024125993251800537,1,3.579437255859375
7423.635,113,9,4,4,"{'TopLeft': 0.6948909236273086, 'TopRight': 0.5656088913245536, 'BottomLeft': 0.7362240528774487, 'BottomRight': 0.6464101615137755}","{'TopLeft': 0.015012009108725875, 'TopRight': 0.009945760496586914, 'BottomLeft': 0.015044160301841376, 'BottomRight': 0.01299038105676658}",shapes_on_2,0,nan,nan,0,nan,0,nan,nan,0,nan
7440.302,113,9,4,4,"{'TopLeft': 0.6948909236273086, 'TopRight': 0.5656088913245536, 'BottomLeft': 0.7362240528774487, 'BottomRight': 0.6464101615137755}","{'TopLeft': 0.015012009108725875, 'TopRight': 0.009945760496586914, 'BottomLeft': 0.015044160301841376, 'BottomRight': 0.01299038105676658}",shapes_on_2,0,nan,nan,0,nan,0,nan,nan,0,nan
7456.969,113,9,4,4,"{'TopLeft': 0.6948909236273086, 'TopRight': 0.5656088913245536, 'BottomLeft': 0.7362240528774487, 'BottomRight': 0.6464101615137755}","{'TopLeft': 0.015012009108725875, 'TopRight': 0.009945760496586914, 'BottomLeft': 0.015044160301841376, 'BottomRight': 0.01299038105676658}",shapes_on_2,0,nan,nan,0,nan,0,nan,nan,0,nan
7473.636,113,9,4,4,"{'TopLeft': 0.6948909236273086, 'TopRight': 0.5656088913245536, 'BottomLeft': 0.7362240528774487, 'BottomRight': 0.6464101615137755}","{'TopLeft': 0.015012009108725875, 'TopRight': 0.009945760496586914, 'BottomLeft': 0.015044160301841376, 'BottomRight': 0.01299038105676658}",shapes_on_2,0,nan,nan,0,nan,1,-0.38801156149970156,0.1528272032737732,1,3.625152587890625
7490.303,113,9,4,4,"{'TopLeft': 0.6948909236273086, 'TopRight': 0.5656088913245536, 'BottomLeft': 0.7362240528774487, 'BottomRight': 0.6464101615137755}","{'TopLeft': 0.015012009108725875, 'TopRight': 0.009945760496586914, 'BottomLeft': 0.015044160301841376, 'BottomRight': 0.01299038105676658}",shapes_on_2,0,nan,nan,0,nan,1,-0.39194197124905056,0.16785001754760742,1,3.6115570068359375
7506.97,113,9,4,4,"{'TopLeft': 0.6948909236273086, 'TopRight': 0.5656088913245536, 'BottomLeft': 0.7362240528774487, 'BottomRight': 0.6464101615137755}","{'TopLeft': 0.015012009108725875, 'TopRight': 0.009945760496586914, 'BottomLeft': 0.015044160301841376, 'BottomRight': 0.01299038105676658}",shapes_on_2,0,nan,nan,0,nan,1,-0.4049840503268771,0.1687716543674469,1,3.6192474365234375
7523.638,113,9,4,4,"{'TopLeft': 0.6948909236273086, 'TopRight': 0.5656088913245536, 'BottomLeft': 0.7362240528774487, 'BottomRight': 0.6464101615137755}","{'TopLeft': 0.015012009108725875, 'TopRight': 0.009945760496586914, 'BottomLeft': 0.015044160301841376, 'BottomRight': 0.01299038105676658}",shapes_on_2,0,nan,nan,0,nan,1,-0.41078758239746094,0.1801573634147644,1,3.6127166748046875
7540.304,113,9,4,4,"{'TopLeft': 0.6948909236273086, 'TopRight': 0.5656088913245536, 'BottomLeft': 0.7362240528774487, 'BottomRight': 0.6464101615137755}","{'TopLeft': 0.015012009108725875, 'TopRight': 0.009945760496586914, 'BottomLeft': 0.015044160301841376, 'BottomRight': 0.01299038105676658}",shapes_on_2,0,nan,nan,0,nan,1,-0.4003731939527723,0.16382074356079102,1,3.6195526123046875
7556.972,113,9,4,4,"{'TopLeft': 0.6948909236273086, 'TopRight': 0.5656088913245536, 'BottomLeft': 0.7362240528774487, 'BottomRight': 0.6464101615137755}","{'TopLeft': 0.015012009108725875, 'TopRight': 0.009945760496586914, 'BottomLeft': 0.015044160301841376, 'BottomRight': 0.01299038105676658}",shapes_on_2,0,nan,nan,0,nan,1,-0.40987396240234375,0.16842228174209595,1,3.60687255859375
7573.639,113,9,4,4,"{'TopLeft': 0.6948909236273086, 'TopRight': 0.5656088913245536, 'BottomLeft': 0.7362240528774487, 'BottomRight': 0.6464101615137755}","{'TopLeft': 0.015012009108725875, 'TopRight': 0.009945760496586914, 'BottomLeft': 0.015044160301841376, 'BottomRight': 0.01299038105676658}",shapes_on_2,0,nan,nan,0,nan,0,nan,nan,0,nan
7590.305,113,9,4,4,"{'TopLeft': 0.6948909236273086, 'TopRight': 0.5656088913245536, 'BottomLeft': 0.7362240528774487, 'BottomRight': 0.6464101615137755}","{'TopLeft': 0.015012009108725875, 'TopRight': 0.009945760496586914, 'BottomLeft': 0.015044160301841376, 'BottomRight': 0.01299038105676658}",shapes_on_2,0,nan,nan,0,nan,1,-0.41821373833550346,0.17662197351455688,1,3.5968475341796875
7606.973,113,9,4,4,"{'TopLeft': 0.6948909236273086, 'TopRight': 0.5656088913245536, 'BottomLeft': 0.7362240528774487, 'BottomRight': 0.6464101615137755}","{'TopLeft': 0.015012009108725875, 'TopRight': 0.009945760496586914, 'BottomLeft': 0.015044160301841376, 'BottomRight': 0.01299038105676658}",shapes_on_2,0,nan,nan,0,nan,1,-0.4209769037034776,0.16880327463150024,1,3.61358642578125
7623.64,113,9,4,4,"{'TopLeft': 0.6948909236273086, 'TopRight': 0.5656088913245536, 'BottomLeft': 0.7362240528774487, 'BottomRight': 0.6464101615137755}","{'TopLeft': 0.015012009108725875, 'TopRight': 0.009945760496586914, 'BottomLeft': 0.015044160301841376, 'BottomRight': 0.01299038105676658}",shapes_on_2,0,nan,nan,0,nan,1,-0.4250514772203233,0.17103350162506104,1,3.600189208984375
7640.306,113,9,4,4,"{'TopLeft': 0.6948909236273086, 'TopRight': 0.5656088913245536, 'BottomLeft': 0.7362240528774487, 'BottomRight': 0.6464101615137755}","{'TopLeft': 0.015012009108725875, 'TopRight': 0.009945760496586914, 'BottomLeft': 0.015044160301841376, 'BottomRight': 0.01299038105676658}",shapes_on_2,0,nan,nan,0,nan,1,-0.4063702689276801,0.17007935047149658,1,3.613861083984375
7656.974,113,9,4,4,"{'TopLeft': 0.6948909236273086, 'TopRight': 0.5656088913245536, 'BottomLeft': 0.7362240528774487, 'BottomRight': 0.6464101615137755}","{'TopLeft': 0.015012009108725875, 'TopRight': 0.009945760496586914, 'BottomLeft': 0.015044160301841376, 'BottomRight': 0.01299038105676658}",shapes_on_2,0,nan,nan,0,nan,1,-0.42413033379448783,0.18299606442451477,1,3.6104583740234375
7673.641,113,9,4,4,"{'TopLeft': 0.6948909236273086, 'TopRight': 0.5656088913245536, 'BottomLeft': 0.7362240528774487, 'BottomRight': 0.6464101615137755}","{'TopLeft': 0.015012009108725875, 'TopRight': 0.009945760496586914, 'BottomLeft': 0.015044160301841376, 'BottomRight': 0.01299038105676658}",shapes_on_2,0,nan,nan,0,nan,0,nan,nan,0,nan
7690.308,113,9,4,4,"{'TopLeft': 0.6948909236273086, 'TopRight': 0.5656088913245536, 'BottomLeft': 0.7362240528774487, 'BottomRight': 0.6464101615137755}","{'TopLeft': 0.015012009108725875, 'TopRight': 0.009945760496586914, 'BottomLeft': 0.015044160301841376, 'BottomRight': 0.01299038105676658}",shapes_on_2,0,nan,nan,0,nan,1,-0.42120271258884,0.1826798915863037,1,3.617523193359375
7706.975,113,9,4,4,"{'TopLeft': 0.6948909236273086, 'TopRight': 0.5656088913245536, 'BottomLeft': 0.7362240528774487, 'BottomRight': 0.6464101615137755}","{'TopLeft': 0.015012009108725875, 'TopRight': 0.009945760496586914, 'BottomLeft': 0.015044160301841376, 'BottomRight': 0.01299038105676658}",shapes_on_2,0,nan,nan,0,nan,1,-0.4181985855102539,0.16678330302238464,1,3.6219940185546875
7723.642,113,9,4,4,"{'TopLeft': 0.6948909236273086, 'TopRight': 0.5656088913245536, 'BottomLeft': 0.7362240528774487, 'BottomRight': 0.6464101615137755}","{'TopLeft': 0.015012009108725875, 'TopRight': 0.009945760496586914, 'BottomLeft': 0.015044160301841376, 'BottomRight': 0.01299038105676658}",shapes_on_2,0,nan,nan,0,nan,1,-0.42182959450615776,0.16953980922698975,1,3.6200103759765625
7740.309,113,9,4,4,"{'TopLeft': 0.6948909236273086, 'TopRight': 0.5656088913245536, 'BottomLeft': 0.7362240528774487, 'BottomRight': 0.6464101615137755}","{'TopLeft': 0.015012009108725875, 'TopRight': 0.009945760496586914, 'BottomLeft': 0.015044160301841376, 'BottomRight': 0.01299038105676658}",shapes_on_2,0,nan,nan,0,nan,0,nan,nan,0,nan
7756.976,113,9,4,4,"{'TopLeft': 0.6948909236273086, 'TopRight': 0.5656088913245536, 'BottomLeft': 0.7362240528774487, 'BottomRight': 0.6464101615137755}","{'TopLeft': 0.015012009108725875, 'TopRight': 0.009945760496586914, 'BottomLeft': 0.015044160301841376, 'BottomRight': 0.01299038105676658}",shapes_on_2,0,nan,nan,0,nan,1,-0.4300188488430447,0.1717175841331482,1,3.6193084716796875
7773.643,113,9,4,4,"{'TopLeft': 0.6948909236273086, 'TopRight': 0.5656088913245536, 'BottomLeft': 0.7362240528774487, 'BottomRight': 0.6464101615137755}","{'TopLeft': 0.015012009108725875, 'TopRight': 0.009945760496586914, 'BottomLeft': 0.015044160301841376, 'BottomRight': 0.01299038105676658}",shapes_on_2,0,nan,nan,0,nan,1,-0.4271824624803331,0.12943676114082336,1,3.5989990234375
7790.31,113,9,4,4,"{'TopLeft': 0.6948909236273086, 'TopRight': 0.5656088913245536, 'BottomLeft': 0.7362240528774487, 'BottomRight': 0.6464101615137755}","{'TopLeft': 0.015012009108725875, 'TopRight': 0.009945760496586914, 'BottomLeft': 0.015044160301841376, 'BottomRight': 0.01299038105676658}",shapes_on_2,0,nan,nan,0,nan,1,-0.4400974909464518,0.049435585737228394,1,3.4011993408203125
7806.978,113,9,4,4,"{'TopLeft': 0.6948909236273086, 'TopRight': 0.5656088913245536, 'BottomLeft': 0.7362240528774487, 'BottomRight': 0.6464101615137755}","{'TopLeft': 0.015012009108725875, 'TopRight': 0.009945760496586914, 'BottomLeft': 0.015044160301841376, 'BottomRight': 0.01299038105676658}",shapes_on_2,0,nan,nan,0,nan,0,nan,nan,0,nan
7823.645,113,9,4,4,"{'TopLeft': 0.6948909236273086, 'TopRight': 0.5656088913245536, 'BottomLeft': 0.7362240528774487, 'BottomRight': 0.6464101615137755}","{'TopLeft': 0.015012009108725875, 'TopRight': 0.009945760496586914, 'BottomLeft': 0.015044160301841376, 'BottomRight': 0.01299038105676658}",shapes_on_2,0,nan,nan,0,nan,0,nan,nan,0,nan
7840.311,113,9,4,4,"{'TopLeft': 0.6948909236273086, 'TopRight': 0.5656088913245536, 'BottomLeft': 0.7362240528774487, 'BottomRight': 0.6464101615137755}","{'TopLeft': 0.015012009108725875, 'TopRight': 0.009945760496586914, 'BottomLeft': 0.015044160301841376, 'BottomRight': 0.01299038105676658}",shapes_on_2,0,nan,nan,0,nan,0,nan,nan,0,nan
7856.979,113,9,4,4,"{'TopLeft': 0.6948909236273086, 'TopRight': 0.5656088913245536, 'BottomLeft': 0.7362240528774487, 'BottomRight': 0.6464101615137755}","{'TopLeft': 0.015012009108725875, 'TopRight': 0.009945760496586914, 'BottomLeft': 0.015044160301841376, 'BottomRight': 0.01299038105676658}",shapes_on_2,0,nan,nan,0,nan,0,nan,nan,0,nan
7873.646,113,9,4,4,"{'TopLeft': 0.6948909236273086, 'TopRight': 0.5656088913245536, 'BottomLeft': 0.7362240528774487, 'BottomRight': 0.6464101615137755}","{'TopLeft': 0.015012009108725875, 'TopRight': 0.009945760496586914, 'BottomLeft': 0.015044160301841376, 'BottomRight': 0.01299038105676658}",shapes_on_2,0,nan,nan,0,nan,0,nan,nan,0,nan
7890.312,113,9,4,4,"{'TopLeft': 0.6948909236273086, 'TopRight': 0.5656088913245536, 'BottomLeft': 0.7362240528774487, 'BottomRight': 0.6464101615137755}","{'TopLeft': 0.015012009108725875, 'TopRight': 0.009945760496586914, 'BottomLeft': 0.015044160301841376, 'BottomRight': 0.01299038105676658}",shapes_on_2,0,nan,nan,0,nan,0,nan,nan,0,nan
7906.98,113,9,4,4,"{'TopLeft': 0.6948909236273086, 'TopRight': 0.5656088913245536, 'BottomLeft': 0.7362240528774487, 'BottomRight': 0.6464101615137755}","{'TopLeft': 0.015012009108725875, 'TopRight': 0.009945760496586914, 'BottomLeft': 0.015044160301841376, 'BottomRight': 0.01299038105676658}",shapes_on_2,0,nan,nan,0,nan,0,nan,nan,0,nan
7923.647,113,9,4,4,"{'TopLeft': 0.6948909236273086, 'TopRight': 0.5656088913245536, 'BottomLeft': 0.7362240528774487, 'BottomRight': 0.6464101615137755}","{'TopLeft': 0.015012009108725875, 'TopRight': 0.009945760496586914, 'BottomLeft': 0.015044160301841376, 'BottomRight': 0.01299038105676658}",shapes_on_2,0,nan,nan,0,nan,0,nan,nan,0,nan
7940.313,113,9,4,4,"{'TopLeft': 0.6948909236273086, 'TopRight': 0.5656088913245536, 'BottomLeft': 0.7362240528774487, 'BottomRight': 0.6464101615137755}","{'TopLeft': 0.015012009108725875, 'TopRight': 0.009945760496586914, 'BottomLeft': 0.015044160301841376, 'BottomRight': 0.01299038105676658}",shapes_on_2,0,nan,nan,0,nan,0,nan,nan,0,nan
7956.981,113,9,4,4,"{'TopLeft': 0.6948909236273086, 'TopRight': 0.5656088913245536, 'BottomLeft': 0.7362240528774487, 'BottomRight': 0.6464101615137755}","{'TopLeft': 0.015012009108725875, 'TopRight': 0.009945760496586914, 'BottomLeft': 0.015044160301841376, 'BottomRight': 0.01299038105676658}",shapes_on_2,0,nan,nan,0,nan,0,nan,nan,0,nan
7973.648,113,9,4,4,"{'TopLeft': 0.6948909236273086, 'TopRight': 0.5656088913245536, 'BottomLeft': 0.7362240528774487, 'BottomRight': 0.6464101615137755}","{'TopLeft': 0.015012009108725875, 'TopRight': 0.009945760496586914, 'BottomLeft': 0.015044160301841376, 'BottomRight': 0.01299038105676658}",shapes_on_2,0,nan,nan,0,nan,0,nan,nan,0,nan
7990.315,113,9,4,4,"{'TopLeft': 0.6948909236273086, 'TopRight': 0.5656088913245536, 'BottomLeft': 0.7362240528774487, 'BottomRight': 0.6464101615137755}","{'TopLeft': 0.015012009108725875, 'TopRight': 0.009945760496586914, 'BottomLeft': 0.015044160301841376, 'BottomRight': 0.01299038105676658}",shapes_on_2,0,nan,nan,0,nan,0,nan,nan,0,nan
8006.982,113,9,4,4,"{'TopLeft': 0.6948909236273086, 'TopRight': 0.5656088913245536, 'BottomLeft': 0.7362240528774487, 'BottomRight': 0.6464101615137755}","{'TopLeft': 0.015012009108725875, 'TopRight': 0.009945760496586914, 'BottomLeft': 0.015044160301841376, 'BottomRight': 0.01299038105676658}",shapes_on_2,0,nan,nan,0,nan,0,nan,nan,0,nan
8023.649,113,9,4,4,"{'TopLeft': 0.6948909236273086, 'TopRight': 0.5656088913245536, 'BottomLeft': 0.7362240528774487, 'BottomRight': 0.6464101615137755}","{'TopLeft': 0.015012009108725875, 'TopRight': 0.009945760496586914, 'BottomLeft': 0.015044160301841376, 'BottomRight': 0.01299038105676658}",shapes_on_2,0,nan,nan,0,nan,0,nan,nan,0,nan
8040.316,113,9,4,4,"{'TopLeft': 0.6948909236273086, 'TopRight': 0.5656088913245536, 'BottomLeft': 0.7362240528774487, 'BottomRight': 0.6464101615137755}","{'TopLeft': 0.015012009108725875, 'TopRight': 0.009945760496586914, 'BottomLeft': 0.015044160301841376, 'BottomRight': 0.01299038105676658}",shapes_on_2,0,nan,nan,0,nan,0,nan,nan,0,nan
8056.983,113,9,4,4,"{'TopLeft': 0.6948909236273086, 'TopRight': 0.5656088913245536, 'BottomLeft': 0.7362240528774487, 'BottomRight': 0.6464101615137755}","{'TopLeft': 0.015012009108725875, 'TopRight': 0.009945760496586914, 'BottomLeft': 0.015044160301841376, 'BottomRight': 0.01299038105676658}",shapes_on_2,0,nan,nan,0,nan,0,nan,nan,0,nan
8073.65,113,9,4,4,"{'TopLeft': 0.6948909236273086, 'TopRight': 0.5656088913245536, 'BottomLeft': 0.7362240528774487, 'BottomRight': 0.6464101615137755}","{'TopLeft': 0.015012009108725875, 'TopRight': 0.009945760496586914, 'BottomLeft': 0.015044160301841376, 'BottomRight': 0.01299038105676658}",shapes_on_2,0,nan,nan,0,nan,0,nan,nan,0,nan
8090.317,113,9,4,4,"{'TopLeft': 0.6948909236273086, 'TopRight': 0.5656088913245536, 'BottomLeft': 0.7362240528774487, 'BottomRight': 0.6464101615137755}","{'TopLeft': 0.015012009108725875, 'TopRight': 0.009945760496586914, 'BottomLeft': 0.015044160301841376, 'BottomRight': 0.01299038105676658}",curtainDown,0,nan,nan,0,nan,0,nan,nan,0,nan
8106.985,113,9,4,4,"{'TopLeft': 0.6948909236273086, 'TopRight': 0.5656088913245536, 'BottomLeft': 0.7362240528774487, 'BottomRight': 0.6464101615137755}","{'TopLeft': 0.015012009108725875, 'TopRight': 0.009945760496586914, 'BottomLeft': 0.015044160301841376, 'BottomRight': 0.01299038105676658}",curtainDown,0,nan,nan,0,nan,0,nan,nan,0,nan
8123.652,113,9,4,4,"{'TopLeft': 0.6948909236273086, 'TopRight': 0.5656088913245536, 'BottomLeft': 0.7362240528774487, 'BottomRight': 0.6464101615137755}","{'TopLeft': 0.015012009108725875, 'TopRight': 0.009945760496586914, 'BottomLeft': 0.015044160301841376, 'BottomRight': 0.01299038105676658}",curtainDown,0,nan,nan,0,nan,0,nan,nan,0,nan
8140.318,113,9,4,4,"{'TopLeft': 0.6948909236273086, 'TopRight': 0.5656088913245536, 'BottomLeft': 0.7362240528774487, 'BottomRight': 0.6464101615137755}","{'TopLeft': 0.015012009108725875, 'TopRight': 0.009945760496586914, 'BottomLeft': 0.015044160301841376, 'BottomRight': 0.01299038105676658}",curtainDown,0,nan,nan,0,nan,0,nan,nan,0,nan
8156.986,113,9,4,4,"{'TopLeft': 0.6948909236273086, 'TopRight': 0.5656088913245536, 'BottomLeft': 0.7362240528774487, 'BottomRight': 0.6464101615137755}","{'TopLeft': 0.015012009108725875, 'TopRight': 0.009945760496586914, 'BottomLeft': 0.015044160301841376, 'BottomRight': 0.01299038105676658}",curtainDown,0,nan,nan,0,nan,0,nan,nan,0,nan
8173.653,113,9,4,4,"{'TopLeft': 0.6948909236273086, 'TopRight': 0.5656088913245536, 'BottomLeft': 0.7362240528774487, 'BottomRight': 0.6464101615137755}","{'TopLeft': 0.015012009108725875, 'TopRight': 0.009945760496586914, 'BottomLeft': 0.015044160301841376, 'BottomRight': 0.01299038105676658}",curtainDown,0,nan,nan,0,nan,0,nan,nan,0,nan
8190.318,113,9,4,4,"{'TopLeft': 0.6948909236273086, 'TopRight': 0.5656088913245536, 'BottomLeft': 0.7362240528774487, 'BottomRight': 0.6464101615137755}","{'TopLeft': 0.015012009108725875, 'TopRight': 0.009945760496586914, 'BottomLeft': 0.015044160301841376, 'BottomRight': 0.01299038105676658}",curtainDown,0,nan,nan,0,nan,0,nan,nan,0,nan
8206.984,113,9,4,4,"{'TopLeft': 0.6948909236273086, 'TopRight': 0.5656088913245536, 'BottomLeft': 0.7362240528774487, 'BottomRight': 0.6464101615137755}","{'TopLeft': 0.015012009108725875, 'TopRight': 0.009945760496586914, 'BottomLeft': 0.015044160301841376, 'BottomRight': 0.01299038105676658}",curtainDown,0,nan,nan,0,nan,0,nan,nan,0,nan
8223.65,113,9,4,4,"{'TopLeft': 0.6948909236273086, 'TopRight': 0.5656088913245536, 'BottomLeft': 0.7362240528774487, 'BottomRight': 0.6464101615137755}","{'TopLeft': 0.015012009108725875, 'TopRight': 0.009945760496586914, 'BottomLeft': 0.015044160301841376, 'BottomRight': 0.01299038105676658}",curtainDown,0,nan,nan,0,nan,0,nan,nan,0,nan
8240.316,113,9,4,4,"{'TopLeft': 0.6948909236273086, 'TopRight': 0.5656088913245536, 'BottomLeft': 0.7362240528774487, 'BottomRight': 0.6464101615137755}","{'TopLeft': 0.015012009108725875, 'TopRight': 0.009945760496586914, 'BottomLeft': 0.015044160301841376, 'BottomRight': 0.01299038105676658}",curtainDown,0,nan,nan,0,nan,0,nan,nan,0,nan
8256.984,113,9,4,4,"{'TopLeft': 0.6948909236273086, 'TopRight': 0.5656088913245536, 'BottomLeft': 0.7362240528774487, 'BottomRight': 0.6464101615137755}","{'TopLeft': 0.015012009108725875, 'TopRight': 0.009945760496586914, 'BottomLeft': 0.015044160301841376, 'BottomRight': 0.01299038105676658}",curtainDown,0,nan,nan,0,nan,0,nan,nan,0,nan
8273.652,113,9,4,4,"{'TopLeft': 0.6948909236273086, 'TopRight': 0.5656088913245536, 'BottomLeft': 0.7362240528774487, 'BottomRight': 0.6464101615137755}","{'TopLeft': 0.015012009108725875, 'TopRight': 0.009945760496586914, 'BottomLeft': 0.015044160301841376, 'BottomRight': 0.01299038105676658}",curtainDown,0,nan,nan,0,nan,0,nan,nan,0,nan
8290.318,113,9,4,4,"{'TopLeft': 0.6948909236273086, 'TopRight': 0.5656088913245536, 'BottomLeft': 0.7362240528774487, 'BottomRight': 0.6464101615137755}","{'TopLeft': 0.015012009108725875, 'TopRight': 0.009945760496586914, 'BottomLeft': 0.015044160301841376, 'BottomRight': 0.01299038105676658}",curtainDown,0,nan,nan,0,nan,0,nan,nan,0,nan
8306.985,113,9,4,4,"{'TopLeft': 0.6948909236273086, 'TopRight': 0.5656088913245536, 'BottomLeft': 0.7362240528774487, 'BottomRight': 0.6464101615137755}","{'TopLeft': 0.015012009108725875, 'TopRight': 0.009945760496586914, 'BottomLeft': 0.015044160301841376, 'BottomRight': 0.01299038105676658}",curtainDown,0,nan,nan,0,nan,0,nan,nan,0,nan
8323.653,113,9,4,4,"{'TopLeft': 0.6948909236273086, 'TopRight': 0.5656088913245536, 'BottomLeft': 0.7362240528774487, 'BottomRight': 0.6464101615137755}","{'TopLeft': 0.015012009108725875, 'TopRight': 0.009945760496586914, 'BottomLeft': 0.015044160301841376, 'BottomRight': 0.01299038105676658}",curtainDown,0,nan,nan,0,nan,0,nan,nan,0,nan
8340.319,113,9,4,4,"{'TopLeft': 0.6948909236273086, 'TopRight': 0.5656088913245536, 'BottomLeft': 0.7362240528774487, 'BottomRight': 0.6464101615137755}","{'TopLeft': 0.015012009108725875, 'TopRight': 0.009945760496586914, 'BottomLeft': 0.015044160301841376, 'BottomRight': 0.01299038105676658}",curtainDown,0,nan,nan,0,nan,0,nan,nan,0,nan
8356.986,113,9,4,4,"{'TopLeft': 0.6948909236273086, 'TopRight': 0.5656088913245536, 'BottomLeft': 0.7362240528774487, 'BottomRight': 0.6464101615137755}","{'TopLeft': 0.015012009108725875, 'TopRight': 0.009945760496586914, 'BottomLeft': 0.015044160301841376, 'BottomRight': 0.01299038105676658}",curtainDown,0,nan,nan,0,nan,0,nan,nan,0,nan
8373.654,113,9,4,4,"{'TopLeft': 0.6948909236273086, 'TopRight': 0.5656088913245536, 'BottomLeft': 0.7362240528774487, 'BottomRight': 0.6464101615137755}","{'TopLeft': 0.015012009108725875, 'TopRight': 0.009945760496586914, 'BottomLeft': 0.015044160301841376, 'BottomRight': 0.01299038105676658}",curtainDown,0,nan,nan,0,nan,0,nan,nan,0,nan
8390.32,113,9,4,4,"{'TopLeft': 0.6948909236273086, 'TopRight': 0.5656088913245536, 'BottomLeft': 0.7362240528774487, 'BottomRight': 0.6464101615137755}","{'TopLeft': 0.015012009108725875, 'TopRight': 0.009945760496586914, 'BottomLeft': 0.015044160301841376, 'BottomRight': 0.01299038105676658}",curtainDown,0,nan,nan,0,nan,0,nan,nan,0,nan
8406.988,113,9,4,4,"{'TopLeft': 0.6948909236273086, 'TopRight': 0.5656088913245536, 'BottomLeft': 0.7362240528774487, 'BottomRight': 0.6464101615137755}","{'TopLeft': 0.015012009108725875, 'TopRight': 0.009945760496586914, 'BottomLeft': 0.015044160301841376, 'BottomRight': 0.01299038105676658}",curtainDown,0,nan,nan,0,nan,0,nan,nan,0,nan
8423.655,113,9,4,4,"{'TopLeft': 0.6948909236273086, 'TopRight': 0.5656088913245536, 'BottomLeft': 0.7362240528774487, 'BottomRight': 0.6464101615137755}","{'TopLeft': 0.015012009108725875, 'TopRight': 0.009945760496586914, 'BottomLeft': 0.015044160301841376, 'BottomRight': 0.01299038105676658}",curtainDown,0,nan,nan,0,nan,0,nan,nan,0,nan
8440.322,113,9,4,4,"{'TopLeft': 0.6948909236273086, 'TopRight': 0.5656088913245536, 'BottomLeft': 0.7362240528774487, 'BottomRight': 0.6464101615137755}","{'TopLeft': 0.015012009108725875, 'TopRight': 0.009945760496586914, 'BottomLeft': 0.015044160301841376, 'BottomRight': 0.01299038105676658}",curtainDown,0,nan,nan,0,nan,0,nan,nan,0,nan
8456.989,113,9,4,4,"{'TopLeft': 0.6948909236273086, 'TopRight': 0.5656088913245536, 'BottomLeft': 0.7362240528774487, 'BottomRight': 0.6464101615137755}","{'TopLeft': 0.015012009108725875, 'TopRight': 0.009945760496586914, 'BottomLeft': 0.015044160301841376, 'BottomRight': 0.01299038105676658}",curtainDown,0,nan,nan,0,nan,0,nan,nan,0,nan
8473.656,113,9,4,4,"{'TopLeft': 0.6948909236273086, 'TopRight': 0.5656088913245536, 'BottomLeft': 0.7362240528774487, 'BottomRight': 0.6464101615137755}","{'TopLeft': 0.015012009108725875, 'TopRight': 0.009945760496586914, 'BottomLeft': 0.015044160301841376, 'BottomRight': 0.01299038105676658}",curtainDown,0,nan,nan,0,nan,0,nan,nan,0,nan
8490.322,113,9,4,4,"{'TopLeft': 0.6948909236273086, 'TopRight': 0.5656088913245536, 'BottomLeft': 0.7362240528774487, 'BottomRight': 0.6464101615137755}","{'TopLeft': 0.015012009108725875, 'TopRight': 0.009945760496586914, 'BottomLeft': 0.015044160301841376, 'BottomRight': 0.01299038105676658}",curtainDown,0,nan,nan,0,nan,0,nan,nan,0,nan
8506.99,113,9,4,4,"{'TopLeft': 0.6948909236273086, 'TopRight': 0.5656088913245536, 'BottomLeft': 0.7362240528774487, 'BottomRight': 0.6464101615137755}","{'TopLeft': 0.015012009108725875, 'TopRight': 0.009945760496586914, 'BottomLeft': 0.015044160301841376, 'BottomRight': 0.01299038105676658}",curtainDown,0,nan,nan,0,nan,0,nan,nan,0,nan
8523.657,113,9,4,4,"{'TopLeft': 0.6948909236273086, 'TopRight': 0.5656088913245536, 'BottomLeft': 0.7362240528774487, 'BottomRight': 0.6464101615137755}","{'TopLeft': 0.015012009108725875, 'TopRight': 0.009945760496586914, 'BottomLeft': 0.015044160301841376, 'BottomRight': 0.01299038105676658}",curtainDown,0,nan,nan,0,nan,0,nan,nan,0,nan
8540.324,113,9,4,4,"{'TopLeft': 0.6948909236273086, 'TopRight': 0.5656088913245536, 'BottomLeft': 0.7362240528774487, 'BottomRight': 0.6464101615137755}","{'TopLeft': 0.015012009108725875, 'TopRight': 0.009945760496586914, 'BottomLeft': 0.015044160301841376, 'BottomRight': 0.01299038105676658}",curtainDown,0,nan,nan,0,nan,0,nan,nan,0,nan
8556.992,113,9,4,4,"{'TopLeft': 0.6948909236273086, 'TopRight': 0.5656088913245536, 'BottomLeft': 0.7362240528774487, 'BottomRight': 0.6464101615137755}","{'TopLeft': 0.015012009108725875, 'TopRight': 0.009945760496586914, 'BottomLeft': 0.015044160301841376, 'BottomRight': 0.01299038105676658}",curtainDown,0,nan,nan,0,nan,0,nan,nan,0,nan
8573.659,113,9,4,4,"{'TopLeft': 0.6948909236273086, 'TopRight': 0.5656088913245536, 'BottomLeft': 0.7362240528774487, 'BottomRight': 0.6464101615137755}","{'TopLeft': 0.015012009108725875, 'TopRight': 0.009945760496586914, 'BottomLeft': 0.015044160301841376, 'BottomRight': 0.01299038105676658}",curtainDown,0,nan,nan,0,nan,0,nan,nan,0,nan
8590.325,113,9,4,4,"{'TopLeft': 0.6948909236273086, 'TopRight': 0.5656088913245536, 'BottomLeft': 0.7362240528774487, 'BottomRight': 0.6464101615137755}","{'TopLeft': 0.015012009108725875, 'TopRight': 0.009945760496586914, 'BottomLeft': 0.015044160301841376, 'BottomRight': 0.01299038105676658}",curtainDown,0,nan,nan,0,nan,0,nan,nan,0,nan
8606.993,113,9,4,4,"{'TopLeft': 0.6948909236273086, 'TopRight': 0.5656088913245536, 'BottomLeft': 0.7362240528774487, 'BottomRight': 0.6464101615137755}","{'TopLeft': 0.015012009108725875, 'TopRight': 0.009945760496586914, 'BottomLeft': 0.015044160301841376, 'BottomRight': 0.01299038105676658}",curtainDown,0,nan,nan,0,nan,0,nan,nan,0,nan
8623.66,113,9,4,4,"{'TopLeft': 0.6948909236273086, 'TopRight': 0.5656088913245536, 'BottomLeft': 0.7362240528774487, 'BottomRight': 0.6464101615137755}","{'TopLeft': 0.015012009108725875, 'TopRight': 0.009945760496586914, 'BottomLeft': 0.015044160301841376, 'BottomRight': 0.01299038105676658}",curtainDown,0,nan,nan,0,nan,0,nan,nan,0,nan
8640.326,113,9,4,4,"{'TopLeft': 0.6948909236273086, 'TopRight': 0.5656088913245536, 'BottomLeft': 0.7362240528774487, 'BottomRight': 0.6464101615137755}","{'TopLeft': 0.015012009108725875, 'TopRight': 0.009945760496586914, 'BottomLeft': 0.015044160301841376, 'BottomRight': 0.01299038105676658}",curtainDown,0,nan,nan,0,nan,0,nan,nan,0,nan
8656.993,113,9,4,4,"{'TopLeft': 0.6948909236273086, 'TopRight': 0.5656088913245536, 'BottomLeft': 0.7362240528774487, 'BottomRight': 0.6464101615137755}","{'TopLeft': 0.015012009108725875, 'TopRight': 0.009945760496586914, 'BottomLeft': 0.015044160301841376, 'BottomRight': 0.01299038105676658}",curtainDown,0,nan,nan,0,nan,0,nan,nan,0,nan
8673.661,113,9,4,4,"{'TopLeft': 0.6948909236273086, 'TopRight': 0.5656088913245536, 'BottomLeft': 0.7362240528774487, 'BottomRight': 0.6464101615137755}","{'TopLeft': 0.015012009108725875, 'TopRight': 0.009945760496586914, 'BottomLeft': 0.015044160301841376, 'BottomRight': 0.01299038105676658}",curtainDown,0,nan,nan,0,nan,0,nan,nan,0,nan
8690.327,113,9,4,4,"{'TopLeft': 0.6948909236273086, 'TopRight': 0.5656088913245536, 'BottomLeft': 0.7362240528774487, 'BottomRight': 0.6464101615137755}","{'TopLeft': 0.015012009108725875, 'TopRight': 0.009945760496586914, 'BottomLeft': 0.015044160301841376, 'BottomRight': 0.01299038105676658}",curtainDown,0,nan,nan,0,nan,0,nan,nan,0,nan
-12.705,113,9,4,5,"{'TopLeft': 0.6749999999999999, 'TopRight': 0.6, 'BottomLeft': 0.525, 'BottomRight': 0.6547500715102812}","{'TopLeft': 0.028476562499999993, 'TopRight': 0.0225, 'BottomLeft': 0.0172265625, 'BottomRight': 0.026057249999999997}",IntruderTrial,0,nan,nan,0,nan,0,nan,nan,0,nan
3.962,113,9,4,5,"{'TopLeft': 0.6749999999999999, 'TopRight': 0.6, 'BottomLeft': 0.525, 'BottomRight': 0.6547500715102812}","{'TopLeft': 0.028476562499999993, 'TopRight': 0.0225, 'BottomLeft': 0.0172265625, 'BottomRight': 0.026057249999999997}",curtain_up,0,nan,nan,0,nan,0,nan,nan,0,nan
20.629,113,9,4,5,"{'TopLeft': 0.6749999999999999, 'TopRight': 0.6, 'BottomLeft': 0.525, 'BottomRight': 0.6547500715102812}","{'TopLeft': 0.028476562499999993, 'TopRight': 0.0225, 'BottomLeft': 0.0172265625, 'BottomRight': 0.026057249999999997}",curtain_up,0,nan,nan,0,nan,0,nan,nan,0,nan
37.296,113,9,4,5,"{'TopLeft': 0.6749999999999999, 'TopRight': 0.6, 'BottomLeft': 0.525, 'BottomRight': 0.6547500715102812}","{'TopLeft': 0.028476562499999993, 'TopRight': 0.0225, 'BottomLeft': 0.0172265625, 'BottomRight': 0.026057249999999997}",curtain_up,0,nan,nan,0,nan,0,nan,nan,0,nan
53.963,113,9,4,5,"{'TopLeft': 0.6749999999999999, 'TopRight': 0.6, 'BottomLeft': 0.525, 'BottomRight': 0.6547500715102812}","{'TopLeft': 0.028476562499999993, 'TopRight': 0.0225, 'BottomLeft': 0.0172265625, 'BottomRight': 0.026057249999999997}",curtain_up,0,nan,nan,0,nan,0,nan,nan,0,nan
70.63,113,9,4,5,"{'TopLeft': 0.6749999999999999, 'TopRight': 0.6, 'BottomLeft': 0.525, 'BottomRight': 0.6547500715102812}","{'TopLeft': 0.028476562499999993, 'TopRight': 0.0225, 'BottomLeft': 0.0172265625, 'BottomRight': 0.026057249999999997}",curtain_up,0,nan,nan,0,nan,0,nan,nan,0,nan
87.297,113,9,4,5,"{'TopLeft': 0.6749999999999999, 'TopRight': 0.6, 'BottomLeft': 0.525, 'BottomRight': 0.6547500715102812}","{'TopLeft': 0.028476562499999993, 'TopRight': 0.0225, 'BottomLeft': 0.0172265625, 'BottomRight': 0.026057249999999997}",curtain_up,0,nan,nan,0,nan,0,nan,nan,0,nan
103.963,113,9,4,5,"{'TopLeft': 0.6749999999999999, 'TopRight': 0.6, 'BottomLeft': 0.525, 'BottomRight': 0.6547500715102812}","{'TopLeft': 0.028476562499999993, 'TopRight': 0.0225, 'BottomLeft': 0.0172265625, 'BottomRight': 0.026057249999999997}",curtain_up,0,nan,nan,0,nan,0,nan,nan,0,nan
120.63,113,9,4,5,"{'TopLeft': 0.6749999999999999, 'TopRight': 0.6, 'BottomLeft': 0.525, 'BottomRight': 0.6547500715102812}","{'TopLeft': 0.028476562499999993, 'TopRight': 0.0225, 'BottomLeft': 0.0172265625, 'BottomRight': 0.026057249999999997}",curtain_up,0,nan,nan,0,nan,0,nan,nan,0,nan
137.297,113,9,4,5,"{'TopLeft': 0.6749999999999999, 'TopRight': 0.6, 'BottomLeft': 0.525, 'BottomRight': 0.6547500715102812}","{'TopLeft': 0.028476562499999993, 'TopRight': 0.0225, 'BottomLeft': 0.0172265625, 'BottomRight': 0.026057249999999997}",curtain_up,0,nan,nan,0,nan,0,nan,nan,0,nan
153.965,113,9,4,5,"{'TopLeft': 0.6749999999999999, 'TopRight': 0.6, 'BottomLeft': 0.525, 'BottomRight': 0.6547500715102812}","{'TopLeft': 0.028476562499999993, 'TopRight': 0.0225, 'BottomLeft': 0.0172265625, 'BottomRight': 0.026057249999999997}",curtain_up,0,nan,nan,0,nan,0,nan,nan,0,nan
170.632,113,9,4,5,"{'TopLeft': 0.6749999999999999, 'TopRight': 0.6, 'BottomLeft': 0.525, 'BottomRight': 0.6547500715102812}","{'TopLeft': 0.028476562499999993, 'TopRight': 0.0225, 'BottomLeft': 0.0172265625, 'BottomRight': 0.026057249999999997}",curtain_up,0,nan,nan,0,nan,0,nan,nan,0,nan
187.299,113,9,4,5,"{'TopLeft': 0.6749999999999999, 'TopRight': 0.6, 'BottomLeft': 0.525, 'BottomRight': 0.6547500715102812}","{'TopLeft': 0.028476562499999993, 'TopRight': 0.0225, 'BottomLeft': 0.0172265625, 'BottomRight': 0.026057249999999997}",curtain_up,0,nan,nan,0,nan,0,nan,nan,0,nan
203.966,113,9,4,5,"{'TopLeft': 0.6749999999999999, 'TopRight': 0.6, 'BottomLeft': 0.525, 'BottomRight': 0.6547500715102812}","{'TopLeft': 0.028476562499999993, 'TopRight': 0.0225, 'BottomLeft': 0.0172265625, 'BottomRight': 0.026057249999999997}",curtain_up,0,nan,nan,0,nan,0,nan,nan,0,nan
220.632,113,9,4,5,"{'TopLeft': 0.6749999999999999, 'TopRight': 0.6, 'BottomLeft': 0.525, 'BottomRight': 0.6547500715102812}","{'TopLeft': 0.028476562499999993, 'TopRight': 0.0225, 'BottomLeft': 0.0172265625, 'BottomRight': 0.026057249999999997}",curtain_up,0,nan,nan,0,nan,0,nan,nan,0,nan
237.3,113,9,4,5,"{'TopLeft': 0.6749999999999999, 'TopRight': 0.6, 'BottomLeft': 0.525, 'BottomRight': 0.6547500715102812}","{'TopLeft': 0.028476562499999993, 'TopRight': 0.0225, 'BottomLeft': 0.0172265625, 'BottomRight': 0.026057249999999997}",curtain_up,0,nan,nan,0,nan,0,nan,nan,0,nan
253.967,113,9,4,5,"{'TopLeft': 0.6749999999999999, 'TopRight': 0.6, 'BottomLeft': 0.525, 'BottomRight': 0.6547500715102812}","{'TopLeft': 0.028476562499999993, 'TopRight': 0.0225, 'BottomLeft': 0.0172265625, 'BottomRight': 0.026057249999999997}",curtain_up,0,nan,nan,0,nan,0,nan,nan,0,nan
270.633,113,9,4,5,"{'TopLeft': 0.6749999999999999, 'TopRight': 0.6, 'BottomLeft': 0.525, 'BottomRight': 0.6547500715102812}","{'TopLeft': 0.028476562499999993, 'TopRight': 0.0225, 'BottomLeft': 0.0172265625, 'BottomRight': 0.026057249999999997}",curtain_up,0,nan,nan,0,nan,0,nan,nan,0,nan
287.302,113,9,4,5,"{'TopLeft': 0.6749999999999999, 'TopRight': 0.6, 'BottomLeft': 0.525, 'BottomRight': 0.6547500715102812}","{'TopLeft': 0.028476562499999993, 'TopRight': 0.0225, 'BottomLeft': 0.0172265625, 'BottomRight': 0.026057249999999997}",curtain_up,0,nan,nan,0,nan,0,nan,nan,0,nan
303.969,113,9,4,5,"{'TopLeft': 0.6749999999999999, 'TopRight': 0.6, 'BottomLeft': 0.525, 'BottomRight': 0.6547500715102812}","{'TopLeft': 0.028476562499999993, 'TopRight': 0.0225, 'BottomLeft': 0.0172265625, 'BottomRight': 0.026057249999999997}",curtain_up,0,nan,nan,0,nan,0,nan,nan,0,nan
320.635,113,9,4,5,"{'TopLeft': 0.6749999999999999, 'TopRight': 0.6, 'BottomLeft': 0.525, 'BottomRight': 0.6547500715102812}","{'TopLeft': 0.028476562499999993, 'TopRight': 0.0225, 'BottomLeft': 0.0172265625, 'BottomRight': 0.026057249999999997}",curtain_up,0,nan,nan,0,nan,0,nan,nan,0,nan
337.303,113,9,4,5,"{'TopLeft': 0.6749999999999999, 'TopRight': 0.6, 'BottomLeft': 0.525, 'BottomRight': 0.6547500715102812}","{'TopLeft': 0.028476562499999993, 'TopRight': 0.0225, 'BottomLeft': 0.0172265625, 'BottomRight': 0.026057249999999997}",curtain_up,0,nan,nan,0,nan,0,nan,nan,0,nan
353.97,113,9,4,5,"{'TopLeft': 0.6749999999999999, 'TopRight': 0.6, 'BottomLeft': 0.525, 'BottomRight': 0.6547500715102812}","{'TopLeft': 0.028476562499999993, 'TopRight': 0.0225, 'BottomLeft': 0.0172265625, 'BottomRight': 0.026057249999999997}",curtain_up,0,nan,nan,0,nan,0,nan,nan,0,nan
370.636,113,9,4,5,"{'TopLeft': 0.6749999999999999, 'TopRight': 0.6, 'BottomLeft': 0.525, 'BottomRight': 0.6547500715102812}","{'TopLeft': 0.028476562499999993, 'TopRight': 0.0225, 'BottomLeft': 0.0172265625, 'BottomRight': 0.026057249999999997}",curtain_up,0,nan,nan,0,nan,0,nan,nan,0,nan
387.304,113,9,4,5,"{'TopLeft': 0.6749999999999999, 'TopRight': 0.6, 'BottomLeft': 0.525, 'BottomRight': 0.6547500715102812}","{'TopLeft': 0.028476562499999993, 'TopRight': 0.0225, 'BottomLeft': 0.0172265625, 'BottomRight': 0.026057249999999997}",curtain_up,0,nan,nan,0,nan,0,nan,nan,0,nan
403.971,113,9,4,5,"{'TopLeft': 0.6749999999999999, 'TopRight': 0.6, 'BottomLeft': 0.525, 'BottomRight': 0.6547500715102812}","{'TopLeft': 0.028476562499999993, 'TopRight': 0.0225, 'BottomLeft': 0.0172265625, 'BottomRight': 0.026057249999999997}",curtain_up,1,0.4572519726223416,-0.24948608875274658,1,3.378387451171875,1,0.49782371520996094,-0.25353682041168213,1,3.349334716796875
420.637,113,9,4,5,"{'TopLeft': 0.6749999999999999, 'TopRight': 0.6, 'BottomLeft': 0.525, 'BottomRight': 0.6547500715102812}","{'TopLeft': 0.028476562499999993, 'TopRight': 0.0225, 'BottomLeft': 0.0172265625, 'BottomRight': 0.026057249999999997}",curtain_up,1,0.4565519756740994,-0.2553563117980957,1,3.363311767578125,1,0.49582650926378036,-0.2508202791213989,1,3.3321075439453125
437.305,113,9,4,5,"{'TopLeft': 0.6749999999999999, 'TopRight': 0.6, 'BottomLeft': 0.525, 'BottomRight': 0.6547500715102812}","{'TopLeft': 0.028476562499999993, 'TopRight': 0.0225, 'BottomLeft': 0.0172265625, 'BottomRight': 0.026057249999999997}",curtain_up,1,0.46213658650716144,-0.25526636838912964,1,3.3495635986328125,1,0.494836065504286,-0.24915730953216553,1,3.32147216796875
453.973,113,9,4,5,"{'TopLeft': 0.6749999999999999, 'TopRight': 0.6, 'BottomLeft': 0.525, 'BottomRight': 0.6547500715102812}","{'TopLeft': 0.028476562499999993, 'TopRight': 0.0225, 'BottomLeft': 0.0172265625, 'BottomRight': 0.026057249999999997}",curtain_up,1,0.4614960352579752,-0.24622392654418945,1,3.3361053466796875,1,0.49615181816948783,-0.2520759105682373,1,3.3046417236328125
470.639,113,9,4,5,"{'TopLeft': 0.6749999999999999, 'TopRight': 0.6, 'BottomLeft': 0.525, 'BottomRight': 0.6547500715102812}","{'TopLeft': 0.028476562499999993, 'TopRight': 0.0225, 'BottomLeft': 0.0172265625, 'BottomRight': 0.026057249999999997}",curtain_up,1,0.45386579301622176,-0.2437504529953003,1,3.32208251953125,1,0.5068947474161783,-0.24667781591415405,1,3.276580810546875
487.306,113,9,4,5,"{'TopLeft': 0.6749999999999999, 'TopRight': 0.6, 'BottomLeft': 0.525, 'BottomRight': 0.6547500715102812}","{'TopLeft': 0.028476562499999993, 'TopRight': 0.0225, 'BottomLeft': 0.0172265625, 'BottomRight': 0.026057249999999997}",curtain_up,1,0.46145428551567924,-0.24741649627685547,1,3.3058929443359375,1,0.4932725694444444,-0.2458968162536621,1,3.2825927734375
503.974,113,9,4,5,"{'TopLeft': 0.6749999999999999, 'TopRight': 0.6, 'BottomLeft': 0.525, 'BottomRight': 0.6547500715102812}","{'TopLeft': 0.028476562499999993, 'TopRight': 0.0225, 'BottomLeft': 0.0172265625, 'BottomRight': 0.026057249999999997}",curtain_up,1,0.4560834036933051,-0.25114160776138306,1,3.293548583984375,1,0.4960381189982096,-0.24329066276550293,1,3.2669525146484375
520.64,113,9,4,5,"{'TopLeft': 0.6749999999999999, 'TopRight': 0.6, 'BottomLeft': 0.525, 'BottomRight': 0.6547500715102812}","{'TopLeft': 0.028476562499999993, 'TopRight': 0.0225, 'BottomLeft': 0.0172265625, 'BottomRight': 0.026057249999999997}",curtain_up,1,0.4608685175577799,-0.24284905195236206,1,3.2875213623046875,1,0.4973121219211154,-0.2486671805381775,1,3.254058837890625
537.307,113,9,4,5,"{'TopLeft': 0.6749999999999999, 'TopRight': 0.6, 'BottomLeft': 0.525, 'BottomRight': 0.6547500715102812}","{'TopLeft': 0.028476562499999993, 'TopRight': 0.0225, 'BottomLeft': 0.0172265625, 'BottomRight': 0.026057249999999997}",curtain_up,1,0.4584186342027452,-0.23832380771636963,1,3.274658203125,1,0.4973815282185872,-0.24372100830078125,1,3.2470855712890625
553.975,113,9,4,5,"{'TopLeft': 0.6749999999999999, 'TopRight': 0.6, 'BottomLeft': 0.525, 'BottomRight': 0.6547500715102812}","{'TopLeft': 0.028476562499999993, 'TopRight': 0.0225, 'BottomLeft': 0.0172265625, 'BottomRight': 0.026057249999999997}",curtain_up,1,0.45177057054307723,-0.24142134189605713,1,3.2700347900390625,1,0.49503548940022785,-0.23874825239181519,1,3.2427825927734375
570.641,113,9,4,5,"{'TopLeft': 0.6749999999999999, 'TopRight': 0.6, 'BottomLeft': 0.525, 'BottomRight': 0.6547500715102812}","{'TopLeft': 0.028476562499999993, 'TopRight': 0.0225, 'BottomLeft': 0.0172265625, 'BottomRight': 0.026057249999999997}",curtain_up,1,0.45197052425808376,-0.24347329139709473,1,3.261932373046875,1,0.4922236336602105,-0.23642367124557495,1,3.226043701171875
587.309,113,9,4,5,"{'TopLeft': 0.6749999999999999, 'TopRight': 0.6, 'BottomLeft': 0.525, 'BottomRight': 0.6547500715102812}","{'TopLeft': 0.028476562499999993, 'TopRight': 0.0225, 'BottomLeft': 0.0172265625, 'BottomRight': 0.026057249999999997}",curtain_up,1,0.42335743374294704,-0.22279775142669678,1,3.2555999755859375,1,0.4762539333767361,-0.2210468053817749,1,3.2230224609375
603.976,113,9,4,5,"{'TopLeft': 0.6749999999999999, 'TopRight': 0.6, 'BottomLeft': 0.525, 'BottomRight': 0.6547500715102812}","{'TopLeft': 0.028476562499999993, 'TopRight': 0.0225, 'BottomLeft': 0.0172265625, 'BottomRight': 0.026057249999999997}",curtain_up,0,nan,nan,0,nan,1,0.22888194190131292,-0.11644196510314941,1,3.2320404052734375
620.643,113,9,4,5,"{'TopLeft': 0.6749999999999999, 'TopRight': 0.6, 'BottomLeft': 0.525, 'BottomRight': 0.6547500715102812}","{'TopLeft': 0.028476562499999993, 'TopRight': 0.0225, 'BottomLeft': 0.0172265625, 'BottomRight': 0.026057249999999997}",curtain_up,1,-0.0515653822157118,-0.06167095899581909,1,3.25091552734375,1,0.002369350857204861,-0.03195035457611084,1,3.2448577880859375
637.31,113,9,4,5,"{'TopLeft': 0.6749999999999999, 'TopRight': 0.6, 'BottomLeft': 0.525, 'BottomRight': 0.6547500715102812}","{'TopLeft': 0.028476562499999993, 'TopRight': 0.0225, 'BottomLeft': 0.0172265625, 'BottomRight': 0.026057249999999997}",curtain_up,1,-0.22234010696411133,0.007220089435577393,1,3.2630157470703125,1,-0.1961533228556315,0.025624722242355347,1,3.25506591796875
653.977,113,9,4,5,"{'TopLeft': 0.6749999999999999, 'TopRight': 0.6, 'BottomLeft': 0.525, 'BottomRight': 0.6547500715102812}","{'TopLeft': 0.028476562499999993, 'TopRight': 0.0225, 'BottomLeft': 0.0172265625, 'BottomRight': 0.026057249999999997}",curtain_up,1,-0.2560543484157986,0.017527848482131958,1,3.253631591796875,1,-0.23593547609117294,0.035771965980529785,1,3.2510223388671875
670.643,113,9,4,5,"{'TopLeft': 0.6749999999999999, 'TopRight': 0.6, 'BottomLeft': 0.525, 'BottomRight': 0.6547500715102812}","{'TopLeft': 0.028476562499999993, 'TopRight': 0.0225, 'BottomLeft': 0.0172265625, 'BottomRight': 0.026057249999999997}",curtain_up,1,-0.2883067660861545,0.035314321517944336,1,3.2572479248046875,1,-0.25629938973320854,0.041717708110809326,1,3.2546234130859375
687.31,113,9,4,5,"{'TopLeft': 0.6749999999999999, 'TopRight': 0.6, 'BottomLeft': 0.525, 'BottomRight': 0.6547500715102812}","{'TopLeft': 0.028476562499999993, 'TopRight': 0.0225, 'BottomLeft': 0.0172265625, 'BottomRight': 0.026057249999999997}",curtain_up,1,-0.2800571653578016,0.039745181798934937,1,3.2533721923828125,1,-0.23631032307942706,0.035255610942840576,1,3.257598876953125
703.977,113,9,4,5,"{'TopLeft': 0.6749999999999999, 'TopRight': 0.6, 'BottomLeft': 0.525, 'BottomRight': 0.6547500715102812}","{'TopLeft': 0.028476562499999993, 'TopRight': 0.0225, 'BottomLeft': 0.0172265625, 'BottomRight': 0.026057249999999997}",curtain_up,1,-0.28875319163004554,0.04349371790885925,1,3.252044677734375,1,-0.23995982276068792,0.0424119234085083,1,3.2612762451171875
720.643,113,9,4,5,"{'TopLeft': 0.6749999999999999, 'TopRight': 0.6, 'BottomLeft': 0.525, 'BottomRight': 0.6547500715102812}","{'TopLeft': 0.028476562499999993, 'TopRight': 0.0225, 'BottomLeft': 0.0172265625, 'BottomRight': 0.026057249999999997}",curtain_up,1,-0.2913481924268934,0.044386088848114014,1,3.258392333984375,1,-0.24288527170817056,0.04776585102081299,1,3.26025390625
737.311,113,9,4,5,"{'TopLeft': 0.6749999999999999, 'TopRight': 0.6, 'BottomLeft': 0.525, 'BottomRight': 0.6547500715102812}","{'TopLeft': 0.028476562499999993, 'TopRight': 0.0225, 'BottomLeft': 0.0172265625, 'BottomRight': 0.026057249999999997}",curtain_up,1,-0.2916662428114149,0.04719609022140503,1,3.2572479248046875,1,-0.2383315298292372,0.050789713859558105,1,3.263275146484375
753.978,113,9,4,5,"{'TopLeft': 0.6749999999999999, 'TopRight': 0.6, 'BottomLeft': 0.525, 'BottomRight': 0.6547500715102812}","{'TopLeft': 0.028476562499999993, 'TopRight': 0.0225, 'BottomLeft': 0.0172265625, 'BottomRight': 0.026057249999999997}",curtain_up,1,-0.2925098737080892,0.0560605525970459,1,3.263336181640625,1,-0.23656664954291448,0.0473400354385376,1,3.273101806640625
770.644,113,9,4,5,"{'TopLeft': 0.6749999999999999, 'TopRight': 0.6, 'BottomLeft': 0.525, 'BottomRight': 0.6547500715102812}","{'TopLeft': 0.028476562499999993, 'TopRight': 0.0225, 'BottomLeft': 0.0172265625, 'BottomRight': 0.026057249999999997}",curtain_up,1,-0.3028521007961697,0.051873624324798584,1,3.265106201171875,1,-0.2434048122829861,0.05657505989074707,1,3.277252197265625
787.311,113,9,4,5,"{'TopLeft': 0.6749999999999999, 'TopRight': 0.6, 'BottomLeft': 0.525, 'BottomRight': 0.6547500715102812}","{'TopLeft': 0.028476562499999993, 'TopRight': 0.0225, 'BottomLeft': 0.0172265625, 'BottomRight': 0.026057249999999997}",curtain_up,1,-0.2934131622314453,0.03886857628822327,1,3.2711029052734375,1,-0.2420100106133355,0.05879855155944824,1,3.2822723388671875
803.978,113,9,4,5,"{'TopLeft': 0.6749999999999999, 'TopRight': 0.6, 'BottomLeft': 0.525, 'BottomRight': 0.6547500715102812}","{'TopLeft': 0.028476562499999993, 'TopRight': 0.0225, 'BottomLeft': 0.0172265625, 'BottomRight': 0.026057249999999997}",curtain_up,0,nan,nan,0,nan,1,-0.2512425316704644,0.06406450271606445,1,3.2877960205078125
820.644,113,9,4,5,"{'TopLeft': 0.6749999999999999, 'TopRight': 0.6, 'BottomLeft': 0.525, 'BottomRight': 0.6547500715102812}","{'TopLeft': 0.028476562499999993, 'TopRight': 0.0225, 'BottomLeft': 0.0172265625, 'BottomRight': 0.026057249999999997}",curtain_up,0,nan,nan,0,nan,1,-0.25285742017957896,0.058690428733825684,1,3.303070068359375
837.311,113,9,4,5,"{'TopLeft': 0.6749999999999999, 'TopRight': 0.6, 'BottomLeft': 0.525, 'BottomRight': 0.6547500715102812}","{'TopLeft': 0.028476562499999993, 'TopRight': 0.0225, 'BottomLeft': 0.0172265625, 'BottomRight': 0.026057249999999997}",curtain_up,0,nan,nan,0,nan,1,-0.2560975286695692,0.061513662338256836,1,3.30596923828125
853.978,113,9,4,5,"{'TopLeft': 0.6749999999999999, 'TopRight': 0.6, 'BottomLeft': 0.525, 'BottomRight': 0.6547500715102812}","{'TopLeft': 0.028476562499999993, 'TopRight': 0.0225, 'BottomLeft': 0.0172265625, 'BottomRight': 0.026057249999999997}",curtain_up,0,nan,nan,0,nan,1,-0.2628955841064453,0.06925463676452637,1,3.3150482177734375
870.644,113,9,4,5,"{'TopLeft': 0.6749999999999999, 'TopRight': 0.6, 'BottomLeft': 0.525, 'BottomRight': 0.6547500715102812}","{'TopLeft': 0.028476562499999993, 'TopRight': 0.0225, 'BottomLeft': 0.0172265625, 'BottomRight': 0.026057249999999997}",curtain_up,0,nan,nan,0,nan,1,-0.26223723093668616,0.06465369462966919,1,3.3201751708984375
887.312,113,9,4,5,"{'TopLeft': 0.6749999999999999, 'TopRight': 0.6, 'BottomLeft': 0.525, 'BottomRight': 0.6547500715102812}","{'TopLeft': 0.028476562499999993, 'TopRight': 0.0225, 'BottomLeft': 0.0172265625, 'BottomRight': 0.026057249999999997}",curtain_up,0,nan,nan,0,nan,1,-0.2577018737792969,0.06442934274673462,1,3.3343048095703125
903.979,113,9,4,5,"{'TopLeft': 0.6749999999999999, 'TopRight': 0.6, 'BottomLeft': 0.525, 'BottomRight': 0.6547500715102812}","{'TopLeft': 0.028476562499999993, 'TopRight': 0.0225, 'BottomLeft': 0.0172265625, 'BottomRight': 0.026057249999999997}",curtain_up,0,nan,nan,0,nan,1,-0.29222435421413845,0.07468071579933167,1,3.348358154296875
920.645,113,9,4,5,"{'TopLeft': 0.6749999999999999, 'TopRight': 0.6, 'BottomLeft': 0.525, 'BottomRight': 0.6547500715102812}","{'TopLeft': 0.028476562499999993, 'TopRight': 0.0225, 'BottomLeft': 0.0172265625, 'BottomRight': 0.026057249999999997}",curtain_up,0,nan,nan,0,nan,1,-0.7217599153518677,0.05748635530471802,1,3.39141845703125
937.312,113,9,4,5,"{'TopLeft': 0.6749999999999999, 'TopRight': 0.6, 'BottomLeft': 0.525, 'BottomRight': 0.6547500715102812}","{'TopLeft': 0.028476562499999993, 'TopRight': 0.0225, 'BottomLeft': 0.0172265625, 'BottomRight': 0.026057249999999997}",curtain_up,0,nan,nan,0,nan,1,-1.2669259442223442,0.10408923029899597,1,3.42047119140625
953.979,113,9,4,5,"{'TopLeft': 0.6749999999999999, 'TopRight': 0.6, 'BottomLeft': 0.525, 'BottomRight': 0.6547500715102812}","{'TopLeft': 0.028476562499999993, 'TopRight': 0.0225, 'BottomLeft': 0.0172265625, 'BottomRight': 0.026057249999999997}",curtain_up,0,nan,nan,0,nan,0,nan,nan,0,nan
970.645,113,9,4,5,"{'TopLeft': 0.6749999999999999, 'TopRight': 0.6, 'BottomLeft': 0.525, 'BottomRight': 0.6547500715102812}","{'TopLeft': 0.028476562499999993, 'TopRight': 0.0225, 'BottomLeft': 0.0172265625, 'BottomRight': 0.026057249999999997}",curtain_up,0,nan,nan,0,nan,0,nan,nan,0,nan
987.312,113,9,4,5,"{'TopLeft': 0.6749999999999999, 'TopRight': 0.6, 'BottomLeft': 0.525, 'BottomRight': 0.6547500715102812}","{'TopLeft': 0.028476562499999993, 'TopRight': 0.0225, 'BottomLeft': 0.0172265625, 'BottomRight': 0.026057249999999997}",curtain_up,0,nan,nan,0,nan,0,nan,nan,0,nan
1003.979,113,9,4,5,"{'TopLeft': 0.6749999999999999, 'TopRight': 0.6, 'BottomLeft': 0.525, 'BottomRight': 0.6547500715102812}","{'TopLeft': 0.028476562499999993, 'TopRight': 0.0225, 'BottomLeft': 0.0172265625, 'BottomRight': 0.026057249999999997}",curtain_up,0,nan,nan,0,nan,0,nan,nan,0,nan
1020.645,113,9,4,5,"{'TopLeft': 0.6749999999999999, 'TopRight': 0.6, 'BottomLeft': 0.525, 'BottomRight': 0.6547500715102812}","{'TopLeft': 0.028476562499999993, 'TopRight': 0.0225, 'BottomLeft': 0.0172265625, 'BottomRight': 0.026057249999999997}",curtain_up,0,nan,nan,0,nan,0,nan,nan,0,nan
1037.313,113,9,4,5,"{'TopLeft': 0.6749999999999999, 'TopRight': 0.6, 'BottomLeft': 0.525, 'BottomRight': 0.6547500715102812}","{'TopLeft': 0.028476562499999993, 'TopRight': 0.0225, 'BottomLeft': 0.0172265625, 'BottomRight': 0.026057249999999997}",blank_screen,0,nan,nan,0,nan,0,nan,nan,0,nan
1053.98,113,9,4,5,"{'TopLeft': 0.6749999999999999, 'TopRight': 0.6, 'BottomLeft': 0.525, 'BottomRight': 0.6547500715102812}","{'TopLeft': 0.028476562499999993, 'TopRight': 0.0225, 'BottomLeft': 0.0172265625, 'BottomRight': 0.026057249999999997}",blank_screen,0,nan,nan,0,nan,0,nan,nan,0,nan
1070.646,113,9,4,5,"{'TopLeft': 0.6749999999999999, 'TopRight': 0.6, 'BottomLeft': 0.525, 'BottomRight': 0.6547500715102812}","{'TopLeft': 0.028476562499999993, 'TopRight': 0.0225, 'BottomLeft': 0.0172265625, 'BottomRight': 0.026057249999999997}",blank_screen,0,nan,nan,0,nan,0,nan,nan,0,nan
1087.313,113,9,4,5,"{'TopLeft': 0.6749999999999999, 'TopRight': 0.6, 'BottomLeft': 0.525, 'BottomRight': 0.6547500715102812}","{'TopLeft': 0.028476562499999993, 'TopRight': 0.0225, 'BottomLeft': 0.0172265625, 'BottomRight': 0.026057249999999997}",blank_screen,0,nan,nan,0,nan,0,nan,nan,0,nan
1103.98,113,9,4,5,"{'TopLeft': 0.6749999999999999, 'TopRight': 0.6, 'BottomLeft': 0.525, 'BottomRight': 0.6547500715102812}","{'TopLeft': 0.028476562499999993, 'TopRight': 0.0225, 'BottomLeft': 0.0172265625, 'BottomRight': 0.026057249999999997}",blank_screen,0,nan,nan,0,nan,0,nan,nan,0,nan
1120.646,113,9,4,5,"{'TopLeft': 0.6749999999999999, 'TopRight': 0.6, 'BottomLeft': 0.525, 'BottomRight': 0.6547500715102812}","{'TopLeft': 0.028476562499999993, 'TopRight': 0.0225, 'BottomLeft': 0.0172265625, 'BottomRight': 0.026057249999999997}",blank_screen,0,nan,nan,0,nan,0,nan,nan,0,nan
1137.313,113,9,4,5,"{'TopLeft': 0.6749999999999999, 'TopRight': 0.6, 'BottomLeft': 0.525, 'BottomRight': 0.6547500715102812}","{'TopLeft': 0.028476562499999993, 'TopRight': 0.0225, 'BottomLeft': 0.0172265625, 'BottomRight': 0.026057249999999997}",blank_screen,0,nan,nan,0,nan,0,nan,nan,0,nan
1153.98,113,9,4,5,"{'TopLeft': 0.6749999999999999, 'TopRight': 0.6, 'BottomLeft': 0.525, 'BottomRight': 0.6547500715102812}","{'TopLeft': 0.028476562499999993, 'TopRight': 0.0225, 'BottomLeft': 0.0172265625, 'BottomRight': 0.026057249999999997}",blank_screen,0,nan,nan,0,nan,0,nan,nan,0,nan
1170.646,113,9,4,5,"{'TopLeft': 0.6749999999999999, 'TopRight': 0.6, 'BottomLeft': 0.525, 'BottomRight': 0.6547500715102812}","{'TopLeft': 0.028476562499999993, 'TopRight': 0.0225, 'BottomLeft': 0.0172265625, 'BottomRight': 0.026057249999999997}",blank_screen,0,nan,nan,0,nan,0,nan,nan,0,nan
1187.314,113,9,4,5,"{'TopLeft': 0.6749999999999999, 'TopRight': 0.6, 'BottomLeft': 0.525, 'BottomRight': 0.6547500715102812}","{'TopLeft': 0.028476562499999993, 'TopRight': 0.0225, 'BottomLeft': 0.0172265625, 'BottomRight': 0.026057249999999997}",blank_screen,0,nan,nan,0,nan,0,nan,nan,0,nan
1203.981,113,9,4,5,"{'TopLeft': 0.6749999999999999, 'TopRight': 0.6, 'BottomLeft': 0.525, 'BottomRight': 0.6547500715102812}","{'TopLeft': 0.028476562499999993, 'TopRight': 0.0225, 'BottomLeft': 0.0172265625, 'BottomRight': 0.026057249999999997}",blank_screen,0,nan,nan,0,nan,0,nan,nan,0,nan
1220.647,113,9,4,5,"{'TopLeft': 0.6749999999999999, 'TopRight': 0.6, 'BottomLeft': 0.525, 'BottomRight': 0.6547500715102812}","{'TopLeft': 0.028476562499999993, 'TopRight': 0.0225, 'BottomLeft': 0.0172265625, 'BottomRight': 0.026057249999999997}",blank_screen,0,nan,nan,0,nan,0,nan,nan,0,nan
1237.313,113,9,4,5,"{'TopLeft': 0.6749999999999999, 'TopRight': 0.6, 'BottomLeft': 0.525, 'BottomRight': 0.6547500715102812}","{'TopLeft': 0.028476562499999993, 'TopRight': 0.0225, 'BottomLeft': 0.0172265625, 'BottomRight': 0.026057249999999997}",blank_screen,0,nan,nan,0,nan,0,nan,nan,0,nan
1253.98,113,9,4,5,"{'TopLeft': 0.6749999999999999, 'TopRight': 0.6, 'BottomLeft': 0.525, 'BottomRight': 0.6547500715102812}","{'TopLeft': 0.028476562499999993, 'TopRight': 0.0225, 'BottomLeft': 0.0172265625, 'BottomRight': 0.026057249999999997}",blank_screen,0,nan,nan,0,nan,0,nan,nan,0,nan
1270.647,113,9,4,5,"{'TopLeft': 0.6749999999999999, 'TopRight': 0.6, 'BottomLeft': 0.525, 'BottomRight': 0.6547500715102812}","{'TopLeft': 0.028476562499999993, 'TopRight': 0.0225, 'BottomLeft': 0.0172265625, 'BottomRight': 0.026057249999999997}",blank_screen,0,nan,nan,0,nan,0,nan,nan,0,nan
1287.313,113,9,4,5,"{'TopLeft': 0.6749999999999999, 'TopRight': 0.6, 'BottomLeft': 0.525, 'BottomRight': 0.6547500715102812}","{'TopLeft': 0.028476562499999993, 'TopRight': 0.0225, 'BottomLeft': 0.0172265625, 'BottomRight': 0.026057249999999997}",blank_screen,0,nan,nan,0,nan,0,nan,nan,0,nan
1303.98,113,9,4,5,"{'TopLeft': 0.6749999999999999, 'TopRight': 0.6, 'BottomLeft': 0.525, 'BottomRight': 0.6547500715102812}","{'TopLeft': 0.028476562499999993, 'TopRight': 0.0225, 'BottomLeft': 0.0172265625, 'BottomRight': 0.026057249999999997}",blank_screen,0,nan,nan,0,nan,0,nan,nan,0,nan
1320.647,113,9,4,5,"{'TopLeft': 0.6749999999999999, 'TopRight': 0.6, 'BottomLeft': 0.525, 'BottomRight': 0.6547500715102812}","{'TopLeft': 0.028476562499999993, 'TopRight': 0.0225, 'BottomLeft': 0.0172265625, 'BottomRight': 0.026057249999999997}",blank_screen,0,nan,nan,0,nan,0,nan,nan,0,nan
1337.313,113,9,4,5,"{'TopLeft': 0.6749999999999999, 'TopRight': 0.6, 'BottomLeft': 0.525, 'BottomRight': 0.6547500715102812}","{'TopLeft': 0.028476562499999993, 'TopRight': 0.0225, 'BottomLeft': 0.0172265625, 'BottomRight': 0.026057249999999997}",blank_screen,0,nan,nan,0,nan,0,nan,nan,0,nan
1353.978,113,9,4,5,"{'TopLeft': 0.6749999999999999, 'TopRight': 0.6, 'BottomLeft': 0.525, 'BottomRight': 0.6547500715102812}","{'TopLeft': 0.028476562499999993, 'TopRight': 0.0225, 'BottomLeft': 0.0172265625, 'BottomRight': 0.026057249999999997}",blank_screen,0,nan,nan,0,nan,0,nan,nan,0,nan
1370.645,113,9,4,5,"{'TopLeft': 0.6749999999999999, 'TopRight': 0.6, 'BottomLeft': 0.525, 'BottomRight': 0.6547500715102812}","{'TopLeft': 0.028476562499999993, 'TopRight': 0.0225, 'BottomLeft': 0.0172265625, 'BottomRight': 0.026057249999999997}",blank_screen,0,nan,nan,0,nan,0,nan,nan,0,nan
1387.311,113,9,4,5,"{'TopLeft': 0.6749999999999999, 'TopRight': 0.6, 'BottomLeft': 0.525, 'BottomRight': 0.6547500715102812}","{'TopLeft': 0.028476562499999993, 'TopRight': 0.0225, 'BottomLeft': 0.0172265625, 'BottomRight': 0.026057249999999997}",blank_screen,0,nan,nan,0,nan,0,nan,nan,0,nan
1403.978,113,9,4,5,"{'TopLeft': 0.6749999999999999, 'TopRight': 0.6, 'BottomLeft': 0.525, 'BottomRight': 0.6547500715102812}","{'TopLeft': 0.028476562499999993, 'TopRight': 0.0225, 'BottomLeft': 0.0172265625, 'BottomRight': 0.026057249999999997}",blank_screen,0,nan,nan,0,nan,0,nan,nan,0,nan
1420.644,113,9,4,5,"{'TopLeft': 0.6749999999999999, 'TopRight': 0.6, 'BottomLeft': 0.525, 'BottomRight': 0.6547500715102812}","{'TopLeft': 0.028476562499999993, 'TopRight': 0.0225, 'BottomLeft': 0.0172265625, 'BottomRight': 0.026057249999999997}",blank_screen,0,nan,nan,0,nan,0,nan,nan,0,nan
1437.311,113,9,4,5,"{'TopLeft': 0.6749999999999999, 'TopRight': 0.6, 'BottomLeft': 0.525, 'BottomRight': 0.6547500715102812}","{'TopLeft': 0.028476562499999993, 'TopRight': 0.0225, 'BottomLeft': 0.0172265625, 'BottomRight': 0.026057249999999997}",blank_screen,0,nan,nan,0,nan,0,nan,nan,0,nan
1453.978,113,9,4,5,"{'TopLeft': 0.6749999999999999, 'TopRight': 0.6, 'BottomLeft': 0.525, 'BottomRight': 0.6547500715102812}","{'TopLeft': 0.028476562499999993, 'TopRight': 0.0225, 'BottomLeft': 0.0172265625, 'BottomRight': 0.026057249999999997}",blank_screen,0,nan,nan,0,nan,0,nan,nan,0,nan
1470.644,113,9,4,5,"{'TopLeft': 0.6749999999999999, 'TopRight': 0.6, 'BottomLeft': 0.525, 'BottomRight': 0.6547500715102812}","{'TopLeft': 0.028476562499999993, 'TopRight': 0.0225, 'BottomLeft': 0.0172265625, 'BottomRight': 0.026057249999999997}",blank_screen,0,nan,nan,0,nan,0,nan,nan,0,nan
1487.312,113,9,4,5,"{'TopLeft': 0.6749999999999999, 'TopRight': 0.6, 'BottomLeft': 0.525, 'BottomRight': 0.6547500715102812}","{'TopLeft': 0.028476562499999993, 'TopRight': 0.0225, 'BottomLeft': 0.0172265625, 'BottomRight': 0.026057249999999997}",blank_screen,0,nan,nan,0,nan,0,nan,nan,0,nan
1503.979,113,9,4,5,"{'TopLeft': 0.6749999999999999, 'TopRight': 0.6, 'BottomLeft': 0.525, 'BottomRight': 0.6547500715102812}","{'TopLeft': 0.028476562499999993, 'TopRight': 0.0225, 'BottomLeft': 0.0172265625, 'BottomRight': 0.026057249999999997}",blank_screen,0,nan,nan,0,nan,0,nan,nan,0,nan
1520.645,113,9,4,5,"{'TopLeft': 0.6749999999999999, 'TopRight': 0.6, 'BottomLeft': 0.525, 'BottomRight': 0.6547500715102812}","{'TopLeft': 0.028476562499999993, 'TopRight': 0.0225, 'BottomLeft': 0.0172265625, 'BottomRight': 0.026057249999999997}",blank_screen,0,nan,nan,0,nan,0,nan,nan,0,nan
1537.312,113,9,4,5,"{'TopLeft': 0.6749999999999999, 'TopRight': 0.6, 'BottomLeft': 0.525, 'BottomRight': 0.6547500715102812}","{'TopLeft': 0.028476562499999993, 'TopRight': 0.0225, 'BottomLeft': 0.0172265625, 'BottomRight': 0.026057249999999997}",central_attention_getter,0,nan,nan,0,nan,0,nan,nan,0,nan
1553.979,113,9,4,5,"{'TopLeft': 0.6749999999999999, 'TopRight': 0.6, 'BottomLeft': 0.525, 'BottomRight': 0.6547500715102812}","{'TopLeft': 0.028476562499999993, 'TopRight': 0.0225, 'BottomLeft': 0.0172265625, 'BottomRight': 0.026057249999999997}",central_attention_getter,0,nan,nan,0,nan,0,nan,nan,0,nan
1570.645,113,9,4,5,"{'TopLeft': 0.6749999999999999, 'TopRight': 0.6, 'BottomLeft': 0.525, 'BottomRight': 0.6547500715102812}","{'TopLeft': 0.028476562499999993, 'TopRight': 0.0225, 'BottomLeft': 0.0172265625, 'BottomRight': 0.026057249999999997}",central_attention_getter,0,nan,nan,0,nan,0,nan,nan,0,nan
1587.312,113,9,4,5,"{'TopLeft': 0.6749999999999999, 'TopRight': 0.6, 'BottomLeft': 0.525, 'BottomRight': 0.6547500715102812}","{'TopLeft': 0.028476562499999993, 'TopRight': 0.0225, 'BottomLeft': 0.0172265625, 'BottomRight': 0.026057249999999997}",central_attention_getter,0,nan,nan,0,nan,0,nan,nan,0,nan
1603.979,113,9,4,5,"{'TopLeft': 0.6749999999999999, 'TopRight': 0.6, 'BottomLeft': 0.525, 'BottomRight': 0.6547500715102812}","{'TopLeft': 0.028476562499999993, 'TopRight': 0.0225, 'BottomLeft': 0.0172265625, 'BottomRight': 0.026057249999999997}",central_attention_getter,0,nan,nan,0,nan,0,nan,nan,0,nan
1620.645,113,9,4,5,"{'TopLeft': 0.6749999999999999, 'TopRight': 0.6, 'BottomLeft': 0.525, 'BottomRight': 0.6547500715102812}","{'TopLeft': 0.028476562499999993, 'TopRight': 0.0225, 'BottomLeft': 0.0172265625, 'BottomRight': 0.026057249999999997}",central_attention_getter,0,nan,nan,0,nan,0,nan,nan,0,nan
1637.313,113,9,4,5,"{'TopLeft': 0.6749999999999999, 'TopRight': 0.6, 'BottomLeft': 0.525, 'BottomRight': 0.6547500715102812}","{'TopLeft': 0.028476562499999993, 'TopRight': 0.0225, 'BottomLeft': 0.0172265625, 'BottomRight': 0.026057249999999997}",central_attention_getter,0,nan,nan,0,nan,0,nan,nan,0,nan
1653.98,113,9,4,5,"{'TopLeft': 0.6749999999999999, 'TopRight': 0.6, 'BottomLeft': 0.525, 'BottomRight': 0.6547500715102812}","{'TopLeft': 0.028476562499999993, 'TopRight': 0.0225, 'BottomLeft': 0.0172265625, 'BottomRight': 0.026057249999999997}",central_attention_getter,0,nan,nan,0,nan,0,nan,nan,0,nan
1670.646,113,9,4,5,"{'TopLeft': 0.6749999999999999, 'TopRight': 0.6, 'BottomLeft': 0.525, 'BottomRight': 0.6547500715102812}","{'TopLeft': 0.028476562499999993, 'TopRight': 0.0225, 'BottomLeft': 0.0172265625, 'BottomRight': 0.026057249999999997}",central_attention_getter,0,nan,nan,0,nan,0,nan,nan,0,nan
1687.313,113,9,4,5,"{'TopLeft': 0.6749999999999999, 'TopRight': 0.6, 'BottomLeft': 0.525, 'BottomRight': 0.6547500715102812}","{'TopLeft': 0.028476562499999993, 'TopRight': 0.0225, 'BottomLeft': 0.0172265625, 'BottomRight': 0.026057249999999997}",central_attention_getter,0,nan,nan,0,nan,0,nan,nan,0,nan
1703.98,113,9,4,5,"{'TopLeft': 0.6749999999999999, 'TopRight': 0.6, 'BottomLeft': 0.525, 'BottomRight': 0.6547500715102812}","{'TopLeft': 0.028476562499999993, 'TopRight': 0.0225, 'BottomLeft': 0.0172265625, 'BottomRight': 0.026057249999999997}",central_attention_getter,0,nan,nan,0,nan,0,nan,nan,0,nan
1720.646,113,9,4,5,"{'TopLeft': 0.6749999999999999, 'TopRight': 0.6, 'BottomLeft': 0.525, 'BottomRight': 0.6547500715102812}","{'TopLeft': 0.028476562499999993, 'TopRight': 0.0225, 'BottomLeft': 0.0172265625, 'BottomRight': 0.026057249999999997}",central_attention_getter,0,nan,nan,0,nan,0,nan,nan,0,nan
1737.313,113,9,4,5,"{'TopLeft': 0.6749999999999999, 'TopRight': 0.6, 'BottomLeft': 0.525, 'BottomRight': 0.6547500715102812}","{'TopLeft': 0.028476562499999993, 'TopRight': 0.0225, 'BottomLeft': 0.0172265625, 'BottomRight': 0.026057249999999997}",central_attention_getter,0,nan,nan,0,nan,0,nan,nan,0,nan
1753.98,113,9,4,5,"{'TopLeft': 0.6749999999999999, 'TopRight': 0.6, 'BottomLeft': 0.525, 'BottomRight': 0.6547500715102812}","{'TopLeft': 0.028476562499999993, 'TopRight': 0.0225, 'BottomLeft': 0.0172265625, 'BottomRight': 0.026057249999999997}",central_attention_getter,0,nan,nan,0,nan,0,nan,nan,0,nan
1770.646,113,9,4,5,"{'TopLeft': 0.6749999999999999, 'TopRight': 0.6, 'BottomLeft': 0.525, 'BottomRight': 0.6547500715102812}","{'TopLeft': 0.028476562499999993, 'TopRight': 0.0225, 'BottomLeft': 0.0172265625, 'BottomRight': 0.026057249999999997}",central_attention_getter,0,nan,nan,0,nan,0,nan,nan,0,nan
1787.314,113,9,4,5,"{'TopLeft': 0.6749999999999999, 'TopRight': 0.6, 'BottomLeft': 0.525, 'BottomRight': 0.6547500715102812}","{'TopLeft': 0.028476562499999993, 'TopRight': 0.0225, 'BottomLeft': 0.0172265625, 'BottomRight': 0.026057249999999997}",central_attention_getter,0,nan,nan,0,nan,0,nan,nan,0,nan
1803.981,113,9,4,5,"{'TopLeft': 0.6749999999999999, 'TopRight': 0.6, 'BottomLeft': 0.525, 'BottomRight': 0.6547500715102812}","{'TopLeft': 0.028476562499999993, 'TopRight': 0.0225, 'BottomLeft': 0.0172265625, 'BottomRight': 0.026057249999999997}",central_attention_getter,0,nan,nan,0,nan,0,nan,nan,0,nan
1820.647,113,9,4,5,"{'TopLeft': 0.6749999999999999, 'TopRight': 0.6, 'BottomLeft': 0.525, 'BottomRight': 0.6547500715102812}","{'TopLeft': 0.028476562499999993, 'TopRight': 0.0225, 'BottomLeft': 0.0172265625, 'BottomRight': 0.026057249999999997}",central_attention_getter,0,nan,nan,0,nan,0,nan,nan,0,nan
1837.314,113,9,4,5,"{'TopLeft': 0.6749999999999999, 'TopRight': 0.6, 'BottomLeft': 0.525, 'BottomRight': 0.6547500715102812}","{'TopLeft': 0.028476562499999993, 'TopRight': 0.0225, 'BottomLeft': 0.0172265625, 'BottomRight': 0.026057249999999997}",central_attention_getter,0,nan,nan,0,nan,0,nan,nan,0,nan
1853.981,113,9,4,5,"{'TopLeft': 0.6749999999999999, 'TopRight': 0.6, 'BottomLeft': 0.525, 'BottomRight': 0.6547500715102812}","{'TopLeft': 0.028476562499999993, 'TopRight': 0.0225, 'BottomLeft': 0.0172265625, 'BottomRight': 0.026057249999999997}",central_attention_getter,0,nan,nan,0,nan,0,nan,nan,0,nan
1870.647,113,9,4,5,"{'TopLeft': 0.6749999999999999, 'TopRight': 0.6, 'BottomLeft': 0.525, 'BottomRight': 0.6547500715102812}","{'TopLeft': 0.028476562499999993, 'TopRight': 0.0225, 'BottomLeft': 0.0172265625, 'BottomRight': 0.026057249999999997}",central_attention_getter,0,nan,nan,0,nan,0,nan,nan,0,nan
1887.314,113,9,4,5,"{'TopLeft': 0.6749999999999999, 'TopRight': 0.6, 'BottomLeft': 0.525, 'BottomRight': 0.6547500715102812}","{'TopLeft': 0.028476562499999993, 'TopRight': 0.0225, 'BottomLeft': 0.0172265625, 'BottomRight': 0.026057249999999997}",central_attention_getter,0,nan,nan,0,nan,0,nan,nan,0,nan
1903.981,113,9,4,5,"{'TopLeft': 0.6749999999999999, 'TopRight': 0.6, 'BottomLeft': 0.525, 'BottomRight': 0.6547500715102812}","{'TopLeft': 0.028476562499999993, 'TopRight': 0.0225, 'BottomLeft': 0.0172265625, 'BottomRight': 0.026057249999999997}",central_attention_getter,0,nan,nan,0,nan,0,nan,nan,0,nan
1920.647,113,9,4,5,"{'TopLeft': 0.6749999999999999, 'TopRight': 0.6, 'BottomLeft': 0.525, 'BottomRight': 0.6547500715102812}","{'TopLeft': 0.028476562499999993, 'TopRight': 0.0225, 'BottomLeft': 0.0172265625, 'BottomRight': 0.026057249999999997}",central_attention_getter,0,nan,nan,0,nan,0,nan,nan,0,nan
1937.315,113,9,4,5,"{'TopLeft': 0.6749999999999999, 'TopRight': 0.6, 'BottomLeft': 0.525, 'BottomRight': 0.6547500715102812}","{'TopLeft': 0.028476562499999993, 'TopRight': 0.0225, 'BottomLeft': 0.0172265625, 'BottomRight': 0.026057249999999997}",central_attention_getter,0,nan,nan,0,nan,0,nan,nan,0,nan
1953.982,113,9,4,5,"{'TopLeft': 0.6749999999999999, 'TopRight': 0.6, 'BottomLeft': 0.525, 'BottomRight': 0.6547500715102812}","{'TopLeft': 0.028476562499999993, 'TopRight': 0.0225, 'BottomLeft': 0.0172265625, 'BottomRight': 0.026057249999999997}",central_attention_getter,0,nan,nan,0,nan,0,nan,nan,0,nan
1970.648,113,9,4,5,"{'TopLeft': 0.6749999999999999, 'TopRight': 0.6, 'BottomLeft': 0.525, 'BottomRight': 0.6547500715102812}","{'TopLeft': 0.028476562499999993, 'TopRight': 0.0225, 'BottomLeft': 0.0172265625, 'BottomRight': 0.026057249999999997}",central_attention_getter,0,nan,nan,0,nan,0,nan,nan,0,nan
1987.315,113,9,4,5,"{'TopLeft': 0.6749999999999999, 'TopRight': 0.6, 'BottomLeft': 0.525, 'BottomRight': 0.6547500715102812}","{'TopLeft': 0.028476562499999993, 'TopRight': 0.0225, 'BottomLeft': 0.0172265625, 'BottomRight': 0.026057249999999997}",central_attention_getter,0,nan,nan,0,nan,0,nan,nan,0,nan
2003.982,113,9,4,5,"{'TopLeft': 0.6749999999999999, 'TopRight': 0.6, 'BottomLeft': 0.525, 'BottomRight': 0.6547500715102812}","{'TopLeft': 0.028476562499999993, 'TopRight': 0.0225, 'BottomLeft': 0.0172265625, 'BottomRight': 0.026057249999999997}",central_attention_getter,0,nan,nan,0,nan,0,nan,nan,0,nan
2020.648,113,9,4,5,"{'TopLeft': 0.6749999999999999, 'TopRight': 0.6, 'BottomLeft': 0.525, 'BottomRight': 0.6547500715102812}","{'TopLeft': 0.028476562499999993, 'TopRight': 0.0225, 'BottomLeft': 0.0172265625, 'BottomRight': 0.026057249999999997}",central_attention_getter,0,nan,nan,0,nan,0,nan,nan,0,nan
2037.315,113,9,4,5,"{'TopLeft': 0.6749999999999999, 'TopRight': 0.6, 'BottomLeft': 0.525, 'BottomRight': 0.6547500715102812}","{'TopLeft': 0.028476562499999993, 'TopRight': 0.0225, 'BottomLeft': 0.0172265625, 'BottomRight': 0.026057249999999997}",central_attention_getter,0,nan,nan,0,nan,0,nan,nan,0,nan
2053.982,113,9,4,5,"{'TopLeft': 0.6749999999999999, 'TopRight': 0.6, 'BottomLeft': 0.525, 'BottomRight': 0.6547500715102812}","{'TopLeft': 0.028476562499999993, 'TopRight': 0.0225, 'BottomLeft': 0.0172265625, 'BottomRight': 0.026057249999999997}",central_attention_getter,0,nan,nan,0,nan,0,nan,nan,0,nan
2070.648,113,9,4,5,"{'TopLeft': 0.6749999999999999, 'TopRight': 0.6, 'BottomLeft': 0.525, 'BottomRight': 0.6547500715102812}","{'TopLeft': 0.028476562499999993, 'TopRight': 0.0225, 'BottomLeft': 0.0172265625, 'BottomRight': 0.026057249999999997}",central_attention_getter,0,nan,nan,0,nan,0,nan,nan,0,nan
2087.316,113,9,4,5,"{'TopLeft': 0.6749999999999999, 'TopRight': 0.6, 'BottomLeft': 0.525, 'BottomRight': 0.6547500715102812}","{'TopLeft': 0.028476562499999993, 'TopRight': 0.0225, 'BottomLeft': 0.0172265625, 'BottomRight': 0.026057249999999997}",central_attention_getter,0,nan,nan,0,nan,0,nan,nan,0,nan
2103.983,113,9,4,5,"{'TopLeft': 0.6749999999999999, 'TopRight': 0.6, 'BottomLeft': 0.525, 'BottomRight': 0.6547500715102812}","{'TopLeft': 0.028476562499999993, 'TopRight': 0.0225, 'BottomLeft': 0.0172265625, 'BottomRight': 0.026057249999999997}",central_attention_getter,0,nan,nan,0,nan,0,nan,nan,0,nan
2120.649,113,9,4,5,"{'TopLeft': 0.6749999999999999, 'TopRight': 0.6, 'BottomLeft': 0.525, 'BottomRight': 0.6547500715102812}","{'TopLeft': 0.028476562499999993, 'TopRight': 0.0225, 'BottomLeft': 0.0172265625, 'BottomRight': 0.026057249999999997}",central_attention_getter,0,nan,nan,0,nan,0,nan,nan,0,nan
2137.316,113,9,4,5,"{'TopLeft': 0.6749999999999999, 'TopRight': 0.6, 'BottomLeft': 0.525, 'BottomRight': 0.6547500715102812}","{'TopLeft': 0.028476562499999993, 'TopRight': 0.0225, 'BottomLeft': 0.0172265625, 'BottomRight': 0.026057249999999997}",central_attention_getter,0,nan,nan,0,nan,0,nan,nan,0,nan
2153.983,113,9,4,5,"{'TopLeft': 0.6749999999999999, 'TopRight': 0.6, 'BottomLeft': 0.525, 'BottomRight': 0.6547500715102812}","{'TopLeft': 0.028476562499999993, 'TopRight': 0.0225, 'BottomLeft': 0.0172265625, 'BottomRight': 0.026057249999999997}",central_attention_getter,0,nan,nan,0,nan,0,nan,nan,0,nan
2170.649,113,9,4,5,"{'TopLeft': 0.6749999999999999, 'TopRight': 0.6, 'BottomLeft': 0.525, 'BottomRight': 0.6547500715102812}","{'TopLeft': 0.028476562499999993, 'TopRight': 0.0225, 'BottomLeft': 0.0172265625, 'BottomRight': 0.026057249999999997}",central_attention_getter,0,nan,nan,0,nan,0,nan,nan,0,nan
2187.316,113,9,4,5,"{'TopLeft': 0.6749999999999999, 'TopRight': 0.6, 'BottomLeft': 0.525, 'BottomRight': 0.6547500715102812}","{'TopLeft': 0.028476562499999993, 'TopRight': 0.0225, 'BottomLeft': 0.0172265625, 'BottomRight': 0.026057249999999997}",central_attention_getter,0,nan,nan,0,nan,0,nan,nan,0,nan
2203.983,113,9,4,5,"{'TopLeft': 0.6749999999999999, 'TopRight': 0.6, 'BottomLeft': 0.525, 'BottomRight': 0.6547500715102812}","{'TopLeft': 0.028476562499999993, 'TopRight': 0.0225, 'BottomLeft': 0.0172265625, 'BottomRight': 0.026057249999999997}",central_attention_getter,0,nan,nan,0,nan,0,nan,nan,0,nan
2220.649,113,9,4,5,"{'TopLeft': 0.6749999999999999, 'TopRight': 0.6, 'BottomLeft': 0.525, 'BottomRight': 0.6547500715102812}","{'TopLeft': 0.028476562499999993, 'TopRight': 0.0225, 'BottomLeft': 0.0172265625, 'BottomRight': 0.026057249999999997}",central_attention_getter,0,nan,nan,0,nan,0,nan,nan,0,nan
2237.317,113,9,4,5,"{'TopLeft': 0.6749999999999999, 'TopRight': 0.6, 'BottomLeft': 0.525, 'BottomRight': 0.6547500715102812}","{'TopLeft': 0.028476562499999993, 'TopRight': 0.0225, 'BottomLeft': 0.0172265625, 'BottomRight': 0.026057249999999997}",central_attention_getter,0,nan,nan,0,nan,0,nan,nan,0,nan
2253.984,113,9,4,5,"{'TopLeft': 0.6749999999999999, 'TopRight': 0.6, 'BottomLeft': 0.525, 'BottomRight': 0.6547500715102812}","{'TopLeft': 0.028476562499999993, 'TopRight': 0.0225, 'BottomLeft': 0.0172265625, 'BottomRight': 0.026057249999999997}",central_attention_getter,0,nan,nan,0,nan,0,nan,nan,0,nan
2270.65,113,9,4,5,"{'TopLeft': 0.6749999999999999, 'TopRight': 0.6, 'BottomLeft': 0.525, 'BottomRight': 0.6547500715102812}","{'TopLeft': 0.028476562499999993, 'TopRight': 0.0225, 'BottomLeft': 0.0172265625, 'BottomRight': 0.026057249999999997}",central_attention_getter,0,nan,nan,0,nan,0,nan,nan,0,nan
2287.317,113,9,4,5,"{'TopLeft': 0.6749999999999999, 'TopRight': 0.6, 'BottomLeft': 0.525, 'BottomRight': 0.6547500715102812}","{'TopLeft': 0.028476562499999993, 'TopRight': 0.0225, 'BottomLeft': 0.0172265625, 'BottomRight': 0.026057249999999997}",central_attention_getter,0,nan,nan,0,nan,0,nan,nan,0,nan
2303.984,113,9,4,5,"{'TopLeft': 0.6749999999999999, 'TopRight': 0.6, 'BottomLeft': 0.525, 'BottomRight': 0.6547500715102812}","{'TopLeft': 0.028476562499999993, 'TopRight': 0.0225, 'BottomLeft': 0.0172265625, 'BottomRight': 0.026057249999999997}",central_attention_getter,0,nan,nan,0,nan,0,nan,nan,0,nan
2320.65,113,9,4,5,"{'TopLeft': 0.6749999999999999, 'TopRight': 0.6, 'BottomLeft': 0.525, 'BottomRight': 0.6547500715102812}","{'TopLeft': 0.028476562499999993, 'TopRight': 0.0225, 'BottomLeft': 0.0172265625, 'BottomRight': 0.026057249999999997}",central_attention_getter,0,nan,nan,0,nan,0,nan,nan,0,nan
2337.317,113,9,4,5,"{'TopLeft': 0.6749999999999999, 'TopRight': 0.6, 'BottomLeft': 0.525, 'BottomRight': 0.6547500715102812}","{'TopLeft': 0.028476562499999993, 'TopRight': 0.0225, 'BottomLeft': 0.0172265625, 'BottomRight': 0.026057249999999997}",central_attention_getter,0,nan,nan,0,nan,0,nan,nan,0,nan
2353.984,113,9,4,5,"{'TopLeft': 0.6749999999999999, 'TopRight': 0.6, 'BottomLeft': 0.525, 'BottomRight': 0.6547500715102812}","{'TopLeft': 0.028476562499999993, 'TopRight': 0.0225, 'BottomLeft': 0.0172265625, 'BottomRight': 0.026057249999999997}",central_attention_getter,0,nan,nan,0,nan,0,nan,nan,0,nan
2370.65,113,9,4,5,"{'TopLeft': 0.6749999999999999, 'TopRight': 0.6, 'BottomLeft': 0.525, 'BottomRight': 0.6547500715102812}","{'TopLeft': 0.028476562499999993, 'TopRight': 0.0225, 'BottomLeft': 0.0172265625, 'BottomRight': 0.026057249999999997}",central_attention_getter,0,nan,nan,0,nan,0,nan,nan,0,nan
2387.318,113,9,4,5,"{'TopLeft': 0.6749999999999999, 'TopRight': 0.6, 'BottomLeft': 0.525, 'BottomRight': 0.6547500715102812}","{'TopLeft': 0.028476562499999993, 'TopRight': 0.0225, 'BottomLeft': 0.0172265625, 'BottomRight': 0.026057249999999997}",central_attention_getter,0,nan,nan,0,nan,0,nan,nan,0,nan
2403.985,113,9,4,5,"{'TopLeft': 0.6749999999999999, 'TopRight': 0.6, 'BottomLeft': 0.525, 'BottomRight': 0.6547500715102812}","{'TopLeft': 0.028476562499999993, 'TopRight': 0.0225, 'BottomLeft': 0.0172265625, 'BottomRight': 0.026057249999999997}",central_attention_getter,0,nan,nan,0,nan,0,nan,nan,0,nan
2420.651,113,9,4,5,"{'TopLeft': 0.6749999999999999, 'TopRight': 0.6, 'BottomLeft': 0.525, 'BottomRight': 0.6547500715102812}","{'TopLeft': 0.028476562499999993, 'TopRight': 0.0225, 'BottomLeft': 0.0172265625, 'BottomRight': 0.026057249999999997}",central_attention_getter,0,nan,nan,0,nan,0,nan,nan,0,nan
2437.318,113,9,4,5,"{'TopLeft': 0.6749999999999999, 'TopRight': 0.6, 'BottomLeft': 0.525, 'BottomRight': 0.6547500715102812}","{'TopLeft': 0.028476562499999993, 'TopRight': 0.0225, 'BottomLeft': 0.0172265625, 'BottomRight': 0.026057249999999997}",central_attention_getter,0,nan,nan,0,nan,0,nan,nan,0,nan
2453.985,113,9,4,5,"{'TopLeft': 0.6749999999999999, 'TopRight': 0.6, 'BottomLeft': 0.525, 'BottomRight': 0.6547500715102812}","{'TopLeft': 0.028476562499999993, 'TopRight': 0.0225, 'BottomLeft': 0.0172265625, 'BottomRight': 0.026057249999999997}",central_attention_getter,0,nan,nan,0,nan,0,nan,nan,0,nan
2470.651,113,9,4,5,"{'TopLeft': 0.6749999999999999, 'TopRight': 0.6, 'BottomLeft': 0.525, 'BottomRight': 0.6547500715102812}","{'TopLeft': 0.028476562499999993, 'TopRight': 0.0225, 'BottomLeft': 0.0172265625, 'BottomRight': 0.026057249999999997}",central_attention_getter,0,nan,nan,0,nan,0,nan,nan,0,nan
2487.318,113,9,4,5,"{'TopLeft': 0.6749999999999999, 'TopRight': 0.6, 'BottomLeft': 0.525, 'BottomRight': 0.6547500715102812}","{'TopLeft': 0.028476562499999993, 'TopRight': 0.0225, 'BottomLeft': 0.0172265625, 'BottomRight': 0.026057249999999997}",central_attention_getter,0,nan,nan,0,nan,0,nan,nan,0,nan
2503.985,113,9,4,5,"{'TopLeft': 0.6749999999999999, 'TopRight': 0.6, 'BottomLeft': 0.525, 'BottomRight': 0.6547500715102812}","{'TopLeft': 0.028476562499999993, 'TopRight': 0.0225, 'BottomLeft': 0.0172265625, 'BottomRight': 0.026057249999999997}",central_attention_getter,0,nan,nan,0,nan,0,nan,nan,0,nan
2520.651,113,9,4,5,"{'TopLeft': 0.6749999999999999, 'TopRight': 0.6, 'BottomLeft': 0.525, 'BottomRight': 0.6547500715102812}","{'TopLeft': 0.028476562499999993, 'TopRight': 0.0225, 'BottomLeft': 0.0172265625, 'BottomRight': 0.026057249999999997}",central_attention_getter,0,nan,nan,0,nan,0,nan,nan,0,nan
2537.319,113,9,4,5,"{'TopLeft': 0.6749999999999999, 'TopRight': 0.6, 'BottomLeft': 0.525, 'BottomRight': 0.6547500715102812}","{'TopLeft': 0.028476562499999993, 'TopRight': 0.0225, 'BottomLeft': 0.0172265625, 'BottomRight': 0.026057249999999997}",central_attention_getter,0,nan,nan,0,nan,0,nan,nan,0,nan
2553.986,113,9,4,5,"{'TopLeft': 0.6749999999999999, 'TopRight': 0.6, 'BottomLeft': 0.525, 'BottomRight': 0.6547500715102812}","{'TopLeft': 0.028476562499999993, 'TopRight': 0.0225, 'BottomLeft': 0.0172265625, 'BottomRight': 0.026057249999999997}",central_attention_getter,0,nan,nan,0,nan,0,nan,nan,0,nan
2570.652,113,9,4,5,"{'TopLeft': 0.6749999999999999, 'TopRight': 0.6, 'BottomLeft': 0.525, 'BottomRight': 0.6547500715102812}","{'TopLeft': 0.028476562499999993, 'TopRight': 0.0225, 'BottomLeft': 0.0172265625, 'BottomRight': 0.026057249999999997}",central_attention_getter,0,nan,nan,0,nan,0,nan,nan,0,nan
2587.319,113,9,4,5,"{'TopLeft': 0.6749999999999999, 'TopRight': 0.6, 'BottomLeft': 0.525, 'BottomRight': 0.6547500715102812}","{'TopLeft': 0.028476562499999993, 'TopRight': 0.0225, 'BottomLeft': 0.0172265625, 'BottomRight': 0.026057249999999997}",central_attention_getter,0,nan,nan,0,nan,0,nan,nan,0,nan
2603.986,113,9,4,5,"{'TopLeft': 0.6749999999999999, 'TopRight': 0.6, 'BottomLeft': 0.525, 'BottomRight': 0.6547500715102812}","{'TopLeft': 0.028476562499999993, 'TopRight': 0.0225, 'BottomLeft': 0.0172265625, 'BottomRight': 0.026057249999999997}",central_attention_getter,0,nan,nan,0,nan,0,nan,nan,0,nan
2620.652,113,9,4,5,"{'TopLeft': 0.6749999999999999, 'TopRight': 0.6, 'BottomLeft': 0.525, 'BottomRight': 0.6547500715102812}","{'TopLeft': 0.028476562499999993, 'TopRight': 0.0225, 'BottomLeft': 0.0172265625, 'BottomRight': 0.026057249999999997}",central_attention_getter,0,nan,nan,0,nan,0,nan,nan,0,nan
2637.319,113,9,4,5,"{'TopLeft': 0.6749999999999999, 'TopRight': 0.6, 'BottomLeft': 0.525, 'BottomRight': 0.6547500715102812}","{'TopLeft': 0.028476562499999993, 'TopRight': 0.0225, 'BottomLeft': 0.0172265625, 'BottomRight': 0.026057249999999997}",central_attention_getter,0,nan,nan,0,nan,0,nan,nan,0,nan
2653.986,113,9,4,5,"{'TopLeft': 0.6749999999999999, 'TopRight': 0.6, 'BottomLeft': 0.525, 'BottomRight': 0.6547500715102812}","{'TopLeft': 0.028476562499999993, 'TopRight': 0.0225, 'BottomLeft': 0.0172265625, 'BottomRight': 0.026057249999999997}",central_attention_getter,0,nan,nan,0,nan,0,nan,nan,0,nan
2670.652,113,9,4,5,"{'TopLeft': 0.6749999999999999, 'TopRight': 0.6, 'BottomLeft': 0.525, 'BottomRight': 0.6547500715102812}","{'TopLeft': 0.028476562499999993, 'TopRight': 0.0225, 'BottomLeft': 0.0172265625, 'BottomRight': 0.026057249999999997}",shapes_on_1,0,nan,nan,0,nan,0,nan,nan,0,nan
2687.32,113,9,4,5,"{'TopLeft': 0.6749999999999999, 'TopRight': 0.6, 'BottomLeft': 0.525, 'BottomRight': 0.6547500715102812}","{'TopLeft': 0.028476562499999993, 'TopRight': 0.0225, 'BottomLeft': 0.0172265625, 'BottomRight': 0.026057249999999997}",shapes_on_1,0,nan,nan,0,nan,0,nan,nan,0,nan
2703.987,113,9,4,5,"{'TopLeft': 0.6749999999999999, 'TopRight': 0.6, 'BottomLeft': 0.525, 'BottomRight': 0.6547500715102812}","{'TopLeft': 0.028476562499999993, 'TopRight': 0.0225, 'BottomLeft': 0.0172265625, 'BottomRight': 0.026057249999999997}",shapes_on_1,0,nan,nan,0,nan,0,nan,nan,0,nan
2720.653,113,9,4,5,"{'TopLeft': 0.6749999999999999, 'TopRight': 0.6, 'BottomLeft': 0.525, 'BottomRight': 0.6547500715102812}","{'TopLeft': 0.028476562499999993, 'TopRight': 0.0225, 'BottomLeft': 0.0172265625, 'BottomRight': 0.026057249999999997}",shapes_on_1,0,nan,nan,0,nan,0,nan,nan,0,nan
2737.32,113,9,4,5,"{'TopLeft': 0.6749999999999999, 'TopRight': 0.6, 'BottomLeft': 0.525, 'BottomRight': 0.6547500715102812}","{'TopLeft': 0.028476562499999993, 'TopRight': 0.0225, 'BottomLeft': 0.0172265625, 'BottomRight': 0.026057249999999997}",shapes_on_1,0,nan,nan,0,nan,0,nan,nan,0,nan
2753.987,113,9,4,5,"{'TopLeft': 0.6749999999999999, 'TopRight': 0.6, 'BottomLeft': 0.525, 'BottomRight': 0.6547500715102812}","{'TopLeft': 0.028476562499999993, 'TopRight': 0.0225, 'BottomLeft': 0.0172265625, 'BottomRight': 0.026057249999999997}",shapes_on_1,0,nan,nan,0,nan,0,nan,nan,0,nan
2770.653,113,9,4,5,"{'TopLeft': 0.6749999999999999, 'TopRight': 0.6, 'BottomLeft': 0.525, 'BottomRight': 0.6547500715102812}","{'TopLeft': 0.028476562499999993, 'TopRight': 0.0225, 'BottomLeft': 0.0172265625, 'BottomRight': 0.026057249999999997}",shapes_on_1,0,nan,nan,0,nan,0,nan,nan,0,nan
2787.32,113,9,4,5,"{'TopLeft': 0.6749999999999999, 'TopRight': 0.6, 'BottomLeft': 0.525, 'BottomRight': 0.6547500715102812}","{'TopLeft': 0.028476562499999993, 'TopRight': 0.0225, 'BottomLeft': 0.0172265625, 'BottomRight': 0.026057249999999997}",shapes_on_1,0,nan,nan,0,nan,0,nan,nan,0,nan
2803.987,113,9,4,5,"{'TopLeft': 0.6749999999999999, 'TopRight': 0.6, 'BottomLeft': 0.525, 'BottomRight': 0.6547500715102812}","{'TopLeft': 0.028476562499999993, 'TopRight': 0.0225, 'BottomLeft': 0.0172265625, 'BottomRight': 0.026057249999999997}",shapes_on_1,0,nan,nan,0,nan,0,nan,nan,0,nan
2820.653,113,9,4,5,"{'TopLeft': 0.6749999999999999, 'TopRight': 0.6, 'BottomLeft': 0.525, 'BottomRight': 0.6547500715102812}","{'TopLeft': 0.028476562499999993, 'TopRight': 0.0225, 'BottomLeft': 0.0172265625, 'BottomRight': 0.026057249999999997}",shapes_on_1,0,nan,nan,0,nan,0,nan,nan,0,nan
2837.32,113,9,4,5,"{'TopLeft': 0.6749999999999999, 'TopRight': 0.6, 'BottomLeft': 0.525, 'BottomRight': 0.6547500715102812}","{'TopLeft': 0.028476562499999993, 'TopRight': 0.0225, 'BottomLeft': 0.0172265625, 'BottomRight': 0.026057249999999997}",shapes_on_1,0,nan,nan,0,nan,0,nan,nan,0,nan
2853.987,113,9,4,5,"{'TopLeft': 0.6749999999999999, 'TopRight': 0.6, 'BottomLeft': 0.525, 'BottomRight': 0.6547500715102812}","{'TopLeft': 0.028476562499999993, 'TopRight': 0.0225, 'BottomLeft': 0.0172265625, 'BottomRight': 0.026057249999999997}",shapes_on_1,0,nan,nan,0,nan,0,nan,nan,0,nan
2870.654,113,9,4,5,"{'TopLeft': 0.6749999999999999, 'TopRight': 0.6, 'BottomLeft': 0.525, 'BottomRight': 0.6547500715102812}","{'TopLeft': 0.028476562499999993, 'TopRight': 0.0225, 'BottomLeft': 0.0172265625, 'BottomRight': 0.026057249999999997}",shapes_on_1,0,nan,nan,0,nan,0,nan,nan,0,nan
2887.32,113,9,4,5,"{'TopLeft': 0.6749999999999999, 'TopRight': 0.6, 'BottomLeft': 0.525, 'BottomRight': 0.6547500715102812}","{'TopLeft': 0.028476562499999993, 'TopRight': 0.0225, 'BottomLeft': 0.0172265625, 'BottomRight': 0.026057249999999997}",shapes_on_1,0,nan,nan,0,nan,0,nan,nan,0,nan
2903.987,113,9,4,5,"{'TopLeft': 0.6749999999999999, 'TopRight': 0.6, 'BottomLeft': 0.525, 'BottomRight': 0.6547500715102812}","{'TopLeft': 0.028476562499999993, 'TopRight': 0.0225, 'BottomLeft': 0.0172265625, 'BottomRight': 0.026057249999999997}",shapes_on_1,0,nan,nan,0,nan,0,nan,nan,0,nan
2920.654,113,9,4,5,"{'TopLeft': 0.6749999999999999, 'TopRight': 0.6, 'BottomLeft': 0.525, 'BottomRight': 0.6547500715102812}","{'TopLeft': 0.028476562499999993, 'TopRight': 0.0225, 'BottomLeft': 0.0172265625, 'BottomRight': 0.026057249999999997}",shapes_on_1,0,nan,nan,0,nan,0,nan,nan,0,nan
2937.32,113,9,4,5,"{'TopLeft': 0.6749999999999999, 'TopRight': 0.6, 'BottomLeft': 0.525, 'BottomRight': 0.6547500715102812}","{'TopLeft': 0.028476562499999993, 'TopRight': 0.0225, 'BottomLeft': 0.0172265625, 'BottomRight': 0.026057249999999997}",shapes_on_1,0,nan,nan,0,nan,0,nan,nan,0,nan
2953.985,113,9,4,5,"{'TopLeft': 0.6749999999999999, 'TopRight': 0.6, 'BottomLeft': 0.525, 'BottomRight': 0.6547500715102812}","{'TopLeft': 0.028476562499999993, 'TopRight': 0.0225, 'BottomLeft': 0.0172265625, 'BottomRight': 0.026057249999999997}",shapes_on_1,0,nan,nan,0,nan,0,nan,nan,0,nan
2970.65,113,9,4,5,"{'TopLeft': 0.6749999999999999, 'TopRight': 0.6, 'BottomLeft': 0.525, 'BottomRight': 0.6547500715102812}","{'TopLeft': 0.028476562499999993, 'TopRight': 0.0225, 'BottomLeft': 0.0172265625, 'BottomRight': 0.026057249999999997}",shapes_on_1,0,nan,nan,0,nan,0,nan,nan,0,nan
2987.316,113,9,4,5,"{'TopLeft': 0.6749999999999999, 'TopRight': 0.6, 'BottomLeft': 0.525, 'BottomRight': 0.6547500715102812}","{'TopLeft': 0.028476562499999993, 'TopRight': 0.0225, 'BottomLeft': 0.0172265625, 'BottomRight': 0.026057249999999997}",shapes_on_1,0,nan,nan,0,nan,0,nan,nan,0,nan
3003.984,113,9,4,5,"{'TopLeft': 0.6749999999999999, 'TopRight': 0.6, 'BottomLeft': 0.525, 'BottomRight': 0.6547500715102812}","{'TopLeft': 0.028476562499999993, 'TopRight': 0.0225, 'BottomLeft': 0.0172265625, 'BottomRight': 0.026057249999999997}",shapes_on_1,0,nan,nan,0,nan,0,nan,nan,0,nan
3020.65,113,9,4,5,"{'TopLeft': 0.6749999999999999, 'TopRight': 0.6, 'BottomLeft': 0.525, 'BottomRight': 0.6547500715102812}","{'TopLeft': 0.028476562499999993, 'TopRight': 0.0225, 'BottomLeft': 0.0172265625, 'BottomRight': 0.026057249999999997}",shapes_on_1,0,nan,nan,0,nan,0,nan,nan,0,nan
3037.317,113,9,4,5,"{'TopLeft': 0.6749999999999999, 'TopRight': 0.6, 'BottomLeft': 0.525, 'BottomRight': 0.6547500715102812}","{'TopLeft': 0.028476562499999993, 'TopRight': 0.0225, 'BottomLeft': 0.0172265625, 'BottomRight': 0.026057249999999997}",shapes_on_1,0,nan,nan,0,nan,0,nan,nan,0,nan
3053.984,113,9,4,5,"{'TopLeft': 0.6749999999999999, 'TopRight': 0.6, 'BottomLeft': 0.525, 'BottomRight': 0.6547500715102812}","{'TopLeft': 0.028476562499999993, 'TopRight': 0.0225, 'BottomLeft': 0.0172265625, 'BottomRight': 0.026057249999999997}",shapes_on_1,0,nan,nan,0,nan,0,nan,nan,0,nan
3070.65,113,9,4,5,"{'TopLeft': 0.6749999999999999, 'TopRight': 0.6, 'BottomLeft': 0.525, 'BottomRight': 0.6547500715102812}","{'TopLeft': 0.028476562499999993, 'TopRight': 0.0225, 'BottomLeft': 0.0172265625, 'BottomRight': 0.026057249999999997}",shapes_on_1,0,nan,nan,0,nan,0,nan,nan,0,nan
3087.317,113,9,4,5,"{'TopLeft': 0.6749999999999999, 'TopRight': 0.6, 'BottomLeft': 0.525, 'BottomRight': 0.6547500715102812}","{'TopLeft': 0.028476562499999993, 'TopRight': 0.0225, 'BottomLeft': 0.0172265625, 'BottomRight': 0.026057249999999997}",shapes_on_1,0,nan,nan,0,nan,0,nan,nan,0,nan
3103.984,113,9,4,5,"{'TopLeft': 0.6749999999999999, 'TopRight': 0.6, 'BottomLeft': 0.525, 'BottomRight': 0.6547500715102812}","{'TopLeft': 0.028476562499999993, 'TopRight': 0.0225, 'BottomLeft': 0.0172265625, 'BottomRight': 0.026057249999999997}",shapes_on_1,0,nan,nan,0,nan,0,nan,nan,0,nan
3120.65,113,9,4,5,"{'TopLeft': 0.6749999999999999, 'TopRight': 0.6, 'BottomLeft': 0.525, 'BottomRight': 0.6547500715102812}","{'TopLeft': 0.028476562499999993, 'TopRight': 0.0225, 'BottomLeft': 0.0172265625, 'BottomRight': 0.026057249999999997}",shapes_on_1,0,nan,nan,0,nan,0,nan,nan,0,nan
3137.318,113,9,4,5,"{'TopLeft': 0.6749999999999999, 'TopRight': 0.6, 'BottomLeft': 0.525, 'BottomRight': 0.6547500715102812}","{'TopLeft': 0.028476562499999993, 'TopRight': 0.0225, 'BottomLeft': 0.0172265625, 'BottomRight': 0.026057249999999997}",shapes_on_1,0,nan,nan,0,nan,0,nan,nan,0,nan
3153.985,113,9,4,5,"{'TopLeft': 0.6749999999999999, 'TopRight': 0.6, 'BottomLeft': 0.525, 'BottomRight': 0.6547500715102812}","{'TopLeft': 0.028476562499999993, 'TopRight': 0.0225, 'BottomLeft': 0.0172265625, 'BottomRight': 0.026057249999999997}",shapes_on_1,0,nan,nan,0,nan,0,nan,nan,0,nan
3170.651,113,9,4,5,"{'TopLeft': 0.6749999999999999, 'TopRight': 0.6, 'BottomLeft': 0.525, 'BottomRight': 0.6547500715102812}","{'TopLeft': 0.028476562499999993, 'TopRight': 0.0225, 'BottomLeft': 0.0172265625, 'BottomRight': 0.026057249999999997}",shapes_on_1,0,nan,nan,0,nan,0,nan,nan,0,nan
3187.318,113,9,4,5,"{'TopLeft': 0.6749999999999999, 'TopRight': 0.6, 'BottomLeft': 0.525, 'BottomRight': 0.6547500715102812}","{'TopLeft': 0.028476562499999993, 'TopRight': 0.0225, 'BottomLeft': 0.0172265625, 'BottomRight': 0.026057249999999997}",shapes_on_1,0,nan,nan,0,nan,0,nan,nan,0,nan
3203.985,113,9,4,5,"{'TopLeft': 0.6749999999999999, 'TopRight': 0.6, 'BottomLeft': 0.525, 'BottomRight': 0.6547500715102812}","{'TopLeft': 0.028476562499999993, 'TopRight': 0.0225, 'BottomLeft': 0.0172265625, 'BottomRight': 0.026057249999999997}",shapes_on_1,0,nan,nan,0,nan,0,nan,nan,0,nan
3220.651,113,9,4,5,"{'TopLeft': 0.6749999999999999, 'TopRight': 0.6, 'BottomLeft': 0.525, 'BottomRight': 0.6547500715102812}","{'TopLeft': 0.028476562499999993, 'TopRight': 0.0225, 'BottomLeft': 0.0172265625, 'BottomRight': 0.026057249999999997}",shapes_on_1,0,nan,nan,0,nan,0,nan,nan,0,nan
3237.318,113,9,4,5,"{'TopLeft': 0.6749999999999999, 'TopRight': 0.6, 'BottomLeft': 0.525, 'BottomRight': 0.6547500715102812}","{'TopLeft': 0.028476562499999993, 'TopRight': 0.0225, 'BottomLeft': 0.0172265625, 'BottomRight': 0.026057249999999997}",shapes_on_1,0,nan,nan,0,nan,0,nan,nan,0,nan
3253.985,113,9,4,5,"{'TopLeft': 0.6749999999999999, 'TopRight': 0.6, 'BottomLeft': 0.525, 'BottomRight': 0.6547500715102812}","{'TopLeft': 0.028476562499999993, 'TopRight': 0.0225, 'BottomLeft': 0.0172265625, 'BottomRight': 0.026057249999999997}",shapes_on_1,0,nan,nan,0,nan,0,nan,nan,0,nan
3270.651,113,9,4,5,"{'TopLeft': 0.6749999999999999, 'TopRight': 0.6, 'BottomLeft': 0.525, 'BottomRight': 0.6547500715102812}","{'TopLeft': 0.028476562499999993, 'TopRight': 0.0225, 'BottomLeft': 0.0172265625, 'BottomRight': 0.026057249999999997}",shapes_on_1,0,nan,nan,0,nan,0,nan,nan,0,nan
3287.319,113,9,4,5,"{'TopLeft': 0.6749999999999999, 'TopRight': 0.6, 'BottomLeft': 0.525, 'BottomRight': 0.6547500715102812}","{'TopLeft': 0.028476562499999993, 'TopRight': 0.0225, 'BottomLeft': 0.0172265625, 'BottomRight': 0.026057249999999997}",shapes_on_1,0,nan,nan,0,nan,0,nan,nan,0,nan
3303.986,113,9,4,5,"{'TopLeft': 0.6749999999999999, 'TopRight': 0.6, 'BottomLeft': 0.525, 'BottomRight': 0.6547500715102812}","{'TopLeft': 0.028476562499999993, 'TopRight': 0.0225, 'BottomLeft': 0.0172265625, 'BottomRight': 0.026057249999999997}",shapes_on_1,0,nan,nan,0,nan,0,nan,nan,0,nan
3320.652,113,9,4,5,"{'TopLeft': 0.6749999999999999, 'TopRight': 0.6, 'BottomLeft': 0.525, 'BottomRight': 0.6547500715102812}","{'TopLeft': 0.028476562499999993, 'TopRight': 0.0225, 'BottomLeft': 0.0172265625, 'BottomRight': 0.026057249999999997}",shapes_on_1,0,nan,nan,0,nan,0,nan,nan,0,nan
3337.319,113,9,4,5,"{'TopLeft': 0.6749999999999999, 'TopRight': 0.6, 'BottomLeft': 0.525, 'BottomRight': 0.6547500715102812}","{'TopLeft': 0.028476562499999993, 'TopRight': 0.0225, 'BottomLeft': 0.0172265625, 'BottomRight': 0.026057249999999997}",shapes_on_1,0,nan,nan,0,nan,0,nan,nan,0,nan
3353.986,113,9,4,5,"{'TopLeft': 0.6749999999999999, 'TopRight': 0.6, 'BottomLeft': 0.525, 'BottomRight': 0.6547500715102812}","{'TopLeft': 0.028476562499999993, 'TopRight': 0.0225, 'BottomLeft': 0.0172265625, 'BottomRight': 0.026057249999999997}",shapes_on_1,0,nan,nan,0,nan,0,nan,nan,0,nan
3370.652,113,9,4,5,"{'TopLeft': 0.6749999999999999, 'TopRight': 0.6, 'BottomLeft': 0.525, 'BottomRight': 0.6547500715102812}","{'TopLeft': 0.028476562499999993, 'TopRight': 0.0225, 'BottomLeft': 0.0172265625, 'BottomRight': 0.026057249999999997}",shapes_on_1,0,nan,nan,0,nan,0,nan,nan,0,nan
3387.318,113,9,4,5,"{'TopLeft': 0.6749999999999999, 'TopRight': 0.6, 'BottomLeft': 0.525, 'BottomRight': 0.6547500715102812}","{'TopLeft': 0.028476562499999993, 'TopRight': 0.0225, 'BottomLeft': 0.0172265625, 'BottomRight': 0.026057249999999997}",shapes_on_1,0,nan,nan,0,nan,0,nan,nan,0,nan
3403.985,113,9,4,5,"{'TopLeft': 0.6749999999999999, 'TopRight': 0.6, 'BottomLeft': 0.525, 'BottomRight': 0.6547500715102812}","{'TopLeft': 0.028476562499999993, 'TopRight': 0.0225, 'BottomLeft': 0.0172265625, 'BottomRight': 0.026057249999999997}",shapes_on_1,0,nan,nan,0,nan,0,nan,nan,0,nan
3420.651,113,9,4,5,"{'TopLeft': 0.6749999999999999, 'TopRight': 0.6, 'BottomLeft': 0.525, 'BottomRight': 0.6547500715102812}","{'TopLeft': 0.028476562499999993, 'TopRight': 0.0225, 'BottomLeft': 0.0172265625, 'BottomRight': 0.026057249999999997}",shapes_on_1,0,nan,nan,0,nan,0,nan,nan,0,nan
3437.319,113,9,4,5,"{'TopLeft': 0.6749999999999999, 'TopRight': 0.6, 'BottomLeft': 0.525, 'BottomRight': 0.6547500715102812}","{'TopLeft': 0.028476562499999993, 'TopRight': 0.0225, 'BottomLeft': 0.0172265625, 'BottomRight': 0.026057249999999997}",shapes_on_1,0,nan,nan,0,nan,0,nan,nan,0,nan
3453.986,113,9,4,5,"{'TopLeft': 0.6749999999999999, 'TopRight': 0.6, 'BottomLeft': 0.525, 'BottomRight': 0.6547500715102812}","{'TopLeft': 0.028476562499999993, 'TopRight': 0.0225, 'BottomLeft': 0.0172265625, 'BottomRight': 0.026057249999999997}",shapes_on_1,0,nan,nan,0,nan,0,nan,nan,0,nan
3470.652,113,9,4,5,"{'TopLeft': 0.6749999999999999, 'TopRight': 0.6, 'BottomLeft': 0.525, 'BottomRight': 0.6547500715102812}","{'TopLeft': 0.028476562499999993, 'TopRight': 0.0225, 'BottomLeft': 0.0172265625, 'BottomRight': 0.026057249999999997}",shapes_on_1,0,nan,nan,0,nan,0,nan,nan,0,nan
3487.319,113,9,4,5,"{'TopLeft': 0.6749999999999999, 'TopRight': 0.6, 'BottomLeft': 0.525, 'BottomRight': 0.6547500715102812}","{'TopLeft': 0.028476562499999993, 'TopRight': 0.0225, 'BottomLeft': 0.0172265625, 'BottomRight': 0.026057249999999997}",shapes_on_1,0,nan,nan,0,nan,0,nan,nan,0,nan
3503.986,113,9,4,5,"{'TopLeft': 0.6749999999999999, 'TopRight': 0.6, 'BottomLeft': 0.525, 'BottomRight': 0.6547500715102812}","{'TopLeft': 0.028476562499999993, 'TopRight': 0.0225, 'BottomLeft': 0.0172265625, 'BottomRight': 0.026057249999999997}",shapes_on_1,0,nan,nan,0,nan,0,nan,nan,0,nan
3520.652,113,9,4,5,"{'TopLeft': 0.6749999999999999, 'TopRight': 0.6, 'BottomLeft': 0.525, 'BottomRight': 0.6547500715102812}","{'TopLeft': 0.028476562499999993, 'TopRight': 0.0225, 'BottomLeft': 0.0172265625, 'BottomRight': 0.026057249999999997}",shapes_on_1,0,nan,nan,0,nan,0,nan,nan,0,nan
3537.318,113,9,4,5,"{'TopLeft': 0.6749999999999999, 'TopRight': 0.6, 'BottomLeft': 0.525, 'BottomRight': 0.6547500715102812}","{'TopLeft': 0.028476562499999993, 'TopRight': 0.0225, 'BottomLeft': 0.0172265625, 'BottomRight': 0.026057249999999997}",shapes_on_1,0,nan,nan,0,nan,0,nan,nan,0,nan
3553.984,113,9,4,5,"{'TopLeft': 0.6749999999999999, 'TopRight': 0.6, 'BottomLeft': 0.525, 'BottomRight': 0.6547500715102812}","{'TopLeft': 0.028476562499999993, 'TopRight': 0.0225, 'BottomLeft': 0.0172265625, 'BottomRight': 0.026057249999999997}",shapes_on_1,0,nan,nan,0,nan,0,nan,nan,0,nan
3570.65,113,9,4,5,"{'TopLeft': 0.6749999999999999, 'TopRight': 0.6, 'BottomLeft': 0.525, 'BottomRight': 0.6547500715102812}","{'TopLeft': 0.028476562499999993, 'TopRight': 0.0225, 'BottomLeft': 0.0172265625, 'BottomRight': 0.026057249999999997}",shapes_on_1,0,nan,nan,0,nan,0,nan,nan,0,nan
3587.32,113,9,4,5,"{'TopLeft': 0.6749999999999999, 'TopRight': 0.6, 'BottomLeft': 0.525, 'BottomRight': 0.6547500715102812}","{'TopLeft': 0.028476562499999993, 'TopRight': 0.0225, 'BottomLeft': 0.0172265625, 'BottomRight': 0.026057249999999997}",shapes_on_1,0,nan,nan,0,nan,0,nan,nan,0,nan
3603.987,113,9,4,5,"{'TopLeft': 0.6749999999999999, 'TopRight': 0.6, 'BottomLeft': 0.525, 'BottomRight': 0.6547500715102812}","{'TopLeft': 0.028476562499999993, 'TopRight': 0.0225, 'BottomLeft': 0.0172265625, 'BottomRight': 0.026057249999999997}",shapes_on_1,0,nan,nan,0,nan,0,nan,nan,0,nan
3620.652,113,9,4,5,"{'TopLeft': 0.6749999999999999, 'TopRight': 0.6, 'BottomLeft': 0.525, 'BottomRight': 0.6547500715102812}","{'TopLeft': 0.028476562499999993, 'TopRight': 0.0225, 'BottomLeft': 0.0172265625, 'BottomRight': 0.026057249999999997}",shapes_on_1,0,nan,nan,0,nan,0,nan,nan,0,nan
3637.319,113,9,4,5,"{'TopLeft': 0.6749999999999999, 'TopRight': 0.6, 'BottomLeft': 0.525, 'BottomRight': 0.6547500715102812}","{'TopLeft': 0.028476562499999993, 'TopRight': 0.0225, 'BottomLeft': 0.0172265625, 'BottomRight': 0.026057249999999997}",shapes_on_1,0,nan,nan,0,nan,0,nan,nan,0,nan
3653.986,113,9,4,5,"{'TopLeft': 0.6749999999999999, 'TopRight': 0.6, 'BottomLeft': 0.525, 'BottomRight': 0.6547500715102812}","{'TopLeft': 0.028476562499999993, 'TopRight': 0.0225, 'BottomLeft': 0.0172265625, 'BottomRight': 0.026057249999999997}",shapes_on_1,0,nan,nan,0,nan,0,nan,nan,0,nan
3670.652,113,9,4,5,"{'TopLeft': 0.6749999999999999, 'TopRight': 0.6, 'BottomLeft': 0.525, 'BottomRight': 0.6547500715102812}","{'TopLeft': 0.028476562499999993, 'TopRight': 0.0225, 'BottomLeft': 0.0172265625, 'BottomRight': 0.026057249999999997}",shapes_on_1,0,nan,nan,0,nan,0,nan,nan,0,nan
3687.319,113,9,4,5,"{'TopLeft': 0.6749999999999999, 'TopRight': 0.6, 'BottomLeft': 0.525, 'BottomRight': 0.6547500715102812}","{'TopLeft': 0.028476562499999993, 'TopRight': 0.0225, 'BottomLeft': 0.0172265625, 'BottomRight': 0.026057249999999997}",shapes_on_1,0,nan,nan,0,nan,0,nan,nan,0,nan
3703.986,113,9,4,5,"{'TopLeft': 0.6749999999999999, 'TopRight': 0.6, 'BottomLeft': 0.525, 'BottomRight': 0.6547500715102812}","{'TopLeft': 0.028476562499999993, 'TopRight': 0.0225, 'BottomLeft': 0.0172265625, 'BottomRight': 0.026057249999999997}",shapes_on_1,0,nan,nan,0,nan,0,nan,nan,0,nan
3720.652,113,9,4,5,"{'TopLeft': 0.6749999999999999, 'TopRight': 0.6, 'BottomLeft': 0.525, 'BottomRight': 0.6547500715102812}","{'TopLeft': 0.028476562499999993, 'TopRight': 0.0225, 'BottomLeft': 0.0172265625, 'BottomRight': 0.026057249999999997}",shapes_on_1,0,nan,nan,0,nan,0,nan,nan,0,nan
3737.32,113,9,4,5,"{'TopLeft': 0.6749999999999999, 'TopRight': 0.6, 'BottomLeft': 0.525, 'BottomRight': 0.6547500715102812}","{'TopLeft': 0.028476562499999993, 'TopRight': 0.0225, 'BottomLeft': 0.0172265625, 'BottomRight': 0.026057249999999997}",shapes_on_1,0,nan,nan,0,nan,0,nan,nan,0,nan
3753.987,113,9,4,5,"{'TopLeft': 0.6749999999999999, 'TopRight': 0.6, 'BottomLeft': 0.525, 'BottomRight': 0.6547500715102812}","{'TopLeft': 0.028476562499999993, 'TopRight': 0.0225, 'BottomLeft': 0.0172265625, 'BottomRight': 0.026057249999999997}",shapes_on_1,0,nan,nan,0,nan,0,nan,nan,0,nan
3770.653,113,9,4,5,"{'TopLeft': 0.6749999999999999, 'TopRight': 0.6, 'BottomLeft': 0.525, 'BottomRight': 0.6547500715102812}","{'TopLeft': 0.028476562499999993, 'TopRight': 0.0225, 'BottomLeft': 0.0172265625, 'BottomRight': 0.026057249999999997}",shapes_on_1,0,nan,nan,0,nan,0,nan,nan,0,nan
3787.32,113,9,4,5,"{'TopLeft': 0.6749999999999999, 'TopRight': 0.6, 'BottomLeft': 0.525, 'BottomRight': 0.6547500715102812}","{'TopLeft': 0.028476562499999993, 'TopRight': 0.0225, 'BottomLeft': 0.0172265625, 'BottomRight': 0.026057249999999997}",shapes_on_1,0,nan,nan,0,nan,0,nan,nan,0,nan
3803.987,113,9,4,5,"{'TopLeft': 0.6749999999999999, 'TopRight': 0.6, 'BottomLeft': 0.525, 'BottomRight': 0.6547500715102812}","{'TopLeft': 0.028476562499999993, 'TopRight': 0.0225, 'BottomLeft': 0.0172265625, 'BottomRight': 0.026057249999999997}",shapes_on_1,0,nan,nan,0,nan,0,nan,nan,0,nan
3820.653,113,9,4,5,"{'TopLeft': 0.6749999999999999, 'TopRight': 0.6, 'BottomLeft': 0.525, 'BottomRight': 0.6547500715102812}","{'TopLeft': 0.028476562499999993, 'TopRight': 0.0225, 'BottomLeft': 0.0172265625, 'BottomRight': 0.026057249999999997}",shapes_on_1,0,nan,nan,0,nan,0,nan,nan,0,nan
3837.319,113,9,4,5,"{'TopLeft': 0.6749999999999999, 'TopRight': 0.6, 'BottomLeft': 0.525, 'BottomRight': 0.6547500715102812}","{'TopLeft': 0.028476562499999993, 'TopRight': 0.0225, 'BottomLeft': 0.0172265625, 'BottomRight': 0.026057249999999997}",shapes_on_1,0,nan,nan,0,nan,0,nan,nan,0,nan
3853.986,113,9,4,5,"{'TopLeft': 0.6749999999999999, 'TopRight': 0.6, 'BottomLeft': 0.525, 'BottomRight': 0.6547500715102812}","{'TopLeft': 0.028476562499999993, 'TopRight': 0.0225, 'BottomLeft': 0.0172265625, 'BottomRight': 0.026057249999999997}",shapes_on_1,0,nan,nan,0,nan,0,nan,nan,0,nan
3870.652,113,9,4,5,"{'TopLeft': 0.6749999999999999, 'TopRight': 0.6, 'BottomLeft': 0.525, 'BottomRight': 0.6547500715102812}","{'TopLeft': 0.028476562499999993, 'TopRight': 0.0225, 'BottomLeft': 0.0172265625, 'BottomRight': 0.026057249999999997}",shapes_on_1,0,nan,nan,0,nan,0,nan,nan,0,nan
3887.321,113,9,4,5,"{'TopLeft': 0.6749999999999999, 'TopRight': 0.6, 'BottomLeft': 0.525, 'BottomRight': 0.6547500715102812}","{'TopLeft': 0.028476562499999993, 'TopRight': 0.0225, 'BottomLeft': 0.0172265625, 'BottomRight': 0.026057249999999997}",shapes_on_1,0,nan,nan,0,nan,0,nan,nan,0,nan
3903.988,113,9,4,5,"{'TopLeft': 0.6749999999999999, 'TopRight': 0.6, 'BottomLeft': 0.525, 'BottomRight': 0.6547500715102812}","{'TopLeft': 0.028476562499999993, 'TopRight': 0.0225, 'BottomLeft': 0.0172265625, 'BottomRight': 0.026057249999999997}",shapes_on_1,0,nan,nan,0,nan,0,nan,nan,0,nan
3920.654,113,9,4,5,"{'TopLeft': 0.6749999999999999, 'TopRight': 0.6, 'BottomLeft': 0.525, 'BottomRight': 0.6547500715102812}","{'TopLeft': 0.028476562499999993, 'TopRight': 0.0225, 'BottomLeft': 0.0172265625, 'BottomRight': 0.026057249999999997}",shapes_on_1,0,nan,nan,0,nan,0,nan,nan,0,nan
3937.321,113,9,4,5,"{'TopLeft': 0.6749999999999999, 'TopRight': 0.6, 'BottomLeft': 0.525, 'BottomRight': 0.6547500715102812}","{'TopLeft': 0.028476562499999993, 'TopRight': 0.0225, 'BottomLeft': 0.0172265625, 'BottomRight': 0.026057249999999997}",shapes_on_1,0,nan,nan,0,nan,0,nan,nan,0,nan
3953.988,113,9,4,5,"{'TopLeft': 0.6749999999999999, 'TopRight': 0.6, 'BottomLeft': 0.525, 'BottomRight': 0.6547500715102812}","{'TopLeft': 0.028476562499999993, 'TopRight': 0.0225, 'BottomLeft': 0.0172265625, 'BottomRight': 0.026057249999999997}",shapes_on_1,0,nan,nan,0,nan,0,nan,nan,0,nan
3970.654,113,9,4,5,"{'TopLeft': 0.6749999999999999, 'TopRight': 0.6, 'BottomLeft': 0.525, 'BottomRight': 0.6547500715102812}","{'TopLeft': 0.028476562499999993, 'TopRight': 0.0225, 'BottomLeft': 0.0172265625, 'BottomRight': 0.026057249999999997}",shapes_on_1,0,nan,nan,0,nan,0,nan,nan,0,nan
3987.321,113,9,4,5,"{'TopLeft': 0.6749999999999999, 'TopRight': 0.6, 'BottomLeft': 0.525, 'BottomRight': 0.6547500715102812}","{'TopLeft': 0.028476562499999993, 'TopRight': 0.0225, 'BottomLeft': 0.0172265625, 'BottomRight': 0.026057249999999997}",shapes_on_1,0,nan,nan,0,nan,0,nan,nan,0,nan
4003.988,113,9,4,5,"{'TopLeft': 0.6749999999999999, 'TopRight': 0.6, 'BottomLeft': 0.525, 'BottomRight': 0.6547500715102812}","{'TopLeft': 0.028476562499999993, 'TopRight': 0.0225, 'BottomLeft': 0.0172265625, 'BottomRight': 0.026057249999999997}",shapes_on_1,0,nan,nan,0,nan,0,nan,nan,0,nan
4020.654,113,9,4,5,"{'TopLeft': 0.6749999999999999, 'TopRight': 0.6, 'BottomLeft': 0.525, 'BottomRight': 0.6547500715102812}","{'TopLeft': 0.028476562499999993, 'TopRight': 0.0225, 'BottomLeft': 0.0172265625, 'BottomRight': 0.026057249999999997}",shapes_on_1,0,nan,nan,0,nan,0,nan,nan,0,nan
4037.322,113,9,4,5,"{'TopLeft': 0.6749999999999999, 'TopRight': 0.6, 'BottomLeft': 0.525, 'BottomRight': 0.6547500715102812}","{'TopLeft': 0.028476562499999993, 'TopRight': 0.0225, 'BottomLeft': 0.0172265625, 'BottomRight': 0.026057249999999997}",shapes_on_1,0,nan,nan,0,nan,0,nan,nan,0,nan
4053.989,113,9,4,5,"{'TopLeft': 0.6749999999999999, 'TopRight': 0.6, 'BottomLeft': 0.525, 'BottomRight': 0.6547500715102812}","{'TopLeft': 0.028476562499999993, 'TopRight': 0.0225, 'BottomLeft': 0.0172265625, 'BottomRight': 0.026057249999999997}",shapes_on_1,0,nan,nan,0,nan,0,nan,nan,0,nan
4070.655,113,9,4,5,"{'TopLeft': 0.6749999999999999, 'TopRight': 0.6, 'BottomLeft': 0.525, 'BottomRight': 0.6547500715102812}","{'TopLeft': 0.028476562499999993, 'TopRight': 0.0225, 'BottomLeft': 0.0172265625, 'BottomRight': 0.026057249999999997}",shapes_on_1,0,nan,nan,0,nan,0,nan,nan,0,nan
4087.322,113,9,4,5,"{'TopLeft': 0.6749999999999999, 'TopRight': 0.6, 'BottomLeft': 0.525, 'BottomRight': 0.6547500715102812}","{'TopLeft': 0.028476562499999993, 'TopRight': 0.0225, 'BottomLeft': 0.0172265625, 'BottomRight': 0.026057249999999997}",shapes_on_1,0,nan,nan,0,nan,0,nan,nan,0,nan
4103.989,113,9,4,5,"{'TopLeft': 0.6749999999999999, 'TopRight': 0.6, 'BottomLeft': 0.525, 'BottomRight': 0.6547500715102812}","{'TopLeft': 0.028476562499999993, 'TopRight': 0.0225, 'BottomLeft': 0.0172265625, 'BottomRight': 0.026057249999999997}",shapes_on_1,0,nan,nan,0,nan,0,nan,nan,0,nan
4120.655,113,9,4,5,"{'TopLeft': 0.6749999999999999, 'TopRight': 0.6, 'BottomLeft': 0.525, 'BottomRight': 0.6547500715102812}","{'TopLeft': 0.028476562499999993, 'TopRight': 0.0225, 'BottomLeft': 0.0172265625, 'BottomRight': 0.026057249999999997}",shapes_on_1,0,nan,nan,0,nan,0,nan,nan,0,nan
4137.322,113,9,4,5,"{'TopLeft': 0.6749999999999999, 'TopRight': 0.6, 'BottomLeft': 0.525, 'BottomRight': 0.6547500715102812}","{'TopLeft': 0.028476562499999993, 'TopRight': 0.0225, 'BottomLeft': 0.0172265625, 'BottomRight': 0.026057249999999997}",shapes_on_1,0,nan,nan,0,nan,0,nan,nan,0,nan
4153.989,113,9,4,5,"{'TopLeft': 0.6749999999999999, 'TopRight': 0.6, 'BottomLeft': 0.525, 'BottomRight': 0.6547500715102812}","{'TopLeft': 0.028476562499999993, 'TopRight': 0.0225, 'BottomLeft': 0.0172265625, 'BottomRight': 0.026057249999999997}",shapes_on_1,0,nan,nan,0,nan,0,nan,nan,0,nan
4170.655,113,9,4,5,"{'TopLeft': 0.6749999999999999, 'TopRight': 0.6, 'BottomLeft': 0.525, 'BottomRight': 0.6547500715102812}","{'TopLeft': 0.028476562499999993, 'TopRight': 0.0225, 'BottomLeft': 0.0172265625, 'BottomRight': 0.026057249999999997}",shapes_on_1,0,nan,nan,0,nan,0,nan,nan,0,nan
4187.323,113,9,4,5,"{'TopLeft': 0.6749999999999999, 'TopRight': 0.6, 'BottomLeft': 0.525, 'BottomRight': 0.6547500715102812}","{'TopLeft': 0.028476562499999993, 'TopRight': 0.0225, 'BottomLeft': 0.0172265625, 'BottomRight': 0.026057249999999997}",shapes_on_1,0,nan,nan,0,nan,0,nan,nan,0,nan
4203.99,113,9,4,5,"{'TopLeft': 0.6749999999999999, 'TopRight': 0.6, 'BottomLeft': 0.525, 'BottomRight': 0.6547500715102812}","{'TopLeft': 0.028476562499999993, 'TopRight': 0.0225, 'BottomLeft': 0.0172265625, 'BottomRight': 0.026057249999999997}",shapes_on_1,0,nan,nan,0,nan,0,nan,nan,0,nan
4220.656,113,9,4,5,"{'TopLeft': 0.6749999999999999, 'TopRight': 0.6, 'BottomLeft': 0.525, 'BottomRight': 0.6547500715102812}","{'TopLeft': 0.028476562499999993, 'TopRight': 0.0225, 'BottomLeft': 0.0172265625, 'BottomRight': 0.026057249999999997}",shapes_on_1,0,nan,nan,0,nan,0,nan,nan,0,nan
4237.323,113,9,4,5,"{'TopLeft': 0.6749999999999999, 'TopRight': 0.6, 'BottomLeft': 0.525, 'BottomRight': 0.6547500715102812}","{'TopLeft': 0.028476562499999993, 'TopRight': 0.0225, 'BottomLeft': 0.0172265625, 'BottomRight': 0.026057249999999997}",shapes_on_1,0,nan,nan,0,nan,0,nan,nan,0,nan
4253.99,113,9,4,5,"{'TopLeft': 0.6749999999999999, 'TopRight': 0.6, 'BottomLeft': 0.525, 'BottomRight': 0.6547500715102812}","{'TopLeft': 0.028476562499999993, 'TopRight': 0.0225, 'BottomLeft': 0.0172265625, 'BottomRight': 0.026057249999999997}",shapes_on_1,0,nan,nan,0,nan,0,nan,nan,0,nan
4270.656,113,9,4,5,"{'TopLeft': 0.6749999999999999, 'TopRight': 0.6, 'BottomLeft': 0.525, 'BottomRight': 0.6547500715102812}","{'TopLeft': 0.028476562499999993, 'TopRight': 0.0225, 'BottomLeft': 0.0172265625, 'BottomRight': 0.026057249999999997}",shapes_on_1,0,nan,nan,0,nan,0,nan,nan,0,nan
4287.323,113,9,4,5,"{'TopLeft': 0.6749999999999999, 'TopRight': 0.6, 'BottomLeft': 0.525, 'BottomRight': 0.6547500715102812}","{'TopLeft': 0.028476562499999993, 'TopRight': 0.0225, 'BottomLeft': 0.0172265625, 'BottomRight': 0.026057249999999997}",shapes_on_1,0,nan,nan,0,nan,0,nan,nan,0,nan
4303.99,113,9,4,5,"{'TopLeft': 0.6749999999999999, 'TopRight': 0.6, 'BottomLeft': 0.525, 'BottomRight': 0.6547500715102812}","{'TopLeft': 0.028476562499999993, 'TopRight': 0.0225, 'BottomLeft': 0.0172265625, 'BottomRight': 0.026057249999999997}",shapes_on_1,0,nan,nan,0,nan,0,nan,nan,0,nan
4320.656,113,9,4,5,"{'TopLeft': 0.6749999999999999, 'TopRight': 0.6, 'BottomLeft': 0.525, 'BottomRight': 0.6547500715102812}","{'TopLeft': 0.028476562499999993, 'TopRight': 0.0225, 'BottomLeft': 0.0172265625, 'BottomRight': 0.026057249999999997}",shapes_on_1,0,nan,nan,0,nan,0,nan,nan,0,nan
4337.324,113,9,4,5,"{'TopLeft': 0.6749999999999999, 'TopRight': 0.6, 'BottomLeft': 0.525, 'BottomRight': 0.6547500715102812}","{'TopLeft': 0.028476562499999993, 'TopRight': 0.0225, 'BottomLeft': 0.0172265625, 'BottomRight': 0.026057249999999997}",shapes_on_1,0,nan,nan,0,nan,0,nan,nan,0,nan
4353.991,113,9,4,5,"{'TopLeft': 0.6749999999999999, 'TopRight': 0.6, 'BottomLeft': 0.525, 'BottomRight': 0.6547500715102812}","{'TopLeft': 0.028476562499999993, 'TopRight': 0.0225, 'BottomLeft': 0.0172265625, 'BottomRight': 0.026057249999999997}",shapes_on_1,0,nan,nan,0,nan,0,nan,nan,0,nan
4370.657,113,9,4,5,"{'TopLeft': 0.6749999999999999, 'TopRight': 0.6, 'BottomLeft': 0.525, 'BottomRight': 0.6547500715102812}","{'TopLeft': 0.028476562499999993, 'TopRight': 0.0225, 'BottomLeft': 0.0172265625, 'BottomRight': 0.026057249999999997}",shapes_on_1,0,nan,nan,0,nan,0,nan,nan,0,nan
4387.324,113,9,4,5,"{'TopLeft': 0.6749999999999999, 'TopRight': 0.6, 'BottomLeft': 0.525, 'BottomRight': 0.6547500715102812}","{'TopLeft': 0.028476562499999993, 'TopRight': 0.0225, 'BottomLeft': 0.0172265625, 'BottomRight': 0.026057249999999997}",shapes_on_1,0,nan,nan,0,nan,0,nan,nan,0,nan
4403.991,113,9,4,5,"{'TopLeft': 0.6749999999999999, 'TopRight': 0.6, 'BottomLeft': 0.525, 'BottomRight': 0.6547500715102812}","{'TopLeft': 0.028476562499999993, 'TopRight': 0.0225, 'BottomLeft': 0.0172265625, 'BottomRight': 0.026057249999999997}",shapes_on_1,0,nan,nan,0,nan,0,nan,nan,0,nan
4420.657,113,9,4,5,"{'TopLeft': 0.6749999999999999, 'TopRight': 0.6, 'BottomLeft': 0.525, 'BottomRight': 0.6547500715102812}","{'TopLeft': 0.028476562499999993, 'TopRight': 0.0225, 'BottomLeft': 0.0172265625, 'BottomRight': 0.026057249999999997}",shapes_on_1,0,nan,nan,0,nan,0,nan,nan,0,nan
4437.324,113,9,4,5,"{'TopLeft': 0.6749999999999999, 'TopRight': 0.6, 'BottomLeft': 0.525, 'BottomRight': 0.6547500715102812}","{'TopLeft': 0.028476562499999993, 'TopRight': 0.0225, 'BottomLeft': 0.0172265625, 'BottomRight': 0.026057249999999997}",shapes_on_1,0,nan,nan,0,nan,0,nan,nan,0,nan
4453.991,113,9,4,5,"{'TopLeft': 0.6749999999999999, 'TopRight': 0.6, 'BottomLeft': 0.525, 'BottomRight': 0.6547500715102812}","{'TopLeft': 0.028476562499999993, 'TopRight': 0.0225, 'BottomLeft': 0.0172265625, 'BottomRight': 0.026057249999999997}",shapes_on_1,0,nan,nan,0,nan,0,nan,nan,0,nan
4470.657,113,9,4,5,"{'TopLeft': 0.6749999999999999, 'TopRight': 0.6, 'BottomLeft': 0.525, 'BottomRight': 0.6547500715102812}","{'TopLeft': 0.028476562499999993, 'TopRight': 0.0225, 'BottomLeft': 0.0172265625, 'BottomRight': 0.026057249999999997}",shapes_on_1,0,nan,nan,0,nan,0,nan,nan,0,nan
4487.325,113,9,4,5,"{'TopLeft': 0.6749999999999999, 'TopRight': 0.6, 'BottomLeft': 0.525, 'BottomRight': 0.6547500715102812}","{'TopLeft': 0.028476562499999993, 'TopRight': 0.0225, 'BottomLeft': 0.0172265625, 'BottomRight': 0.026057249999999997}",shapes_on_1,0,nan,nan,0,nan,0,nan,nan,0,nan
4503.992,113,9,4,5,"{'TopLeft': 0.6749999999999999, 'TopRight': 0.6, 'BottomLeft': 0.525, 'BottomRight': 0.6547500715102812}","{'TopLeft': 0.028476562499999993, 'TopRight': 0.0225, 'BottomLeft': 0.0172265625, 'BottomRight': 0.026057249999999997}",shapes_on_1,0,nan,nan,0,nan,0,nan,nan,0,nan
4520.658,113,9,4,5,"{'TopLeft': 0.6749999999999999, 'TopRight': 0.6, 'BottomLeft': 0.525, 'BottomRight': 0.6547500715102812}","{'TopLeft': 0.028476562499999993, 'TopRight': 0.0225, 'BottomLeft': 0.0172265625, 'BottomRight': 0.026057249999999997}",shapes_on_1,0,nan,nan,0,nan,0,nan,nan,0,nan
4537.325,113,9,4,5,"{'TopLeft': 0.6749999999999999, 'TopRight': 0.6, 'BottomLeft': 0.525, 'BottomRight': 0.6547500715102812}","{'TopLeft': 0.028476562499999993, 'TopRight': 0.0225, 'BottomLeft': 0.0172265625, 'BottomRight': 0.026057249999999997}",shapes_on_1,0,nan,nan,0,nan,0,nan,nan,0,nan
4553.992,113,9,4,5,"{'TopLeft': 0.6749999999999999, 'TopRight': 0.6, 'BottomLeft': 0.525, 'BottomRight': 0.6547500715102812}","{'TopLeft': 0.028476562499999993, 'TopRight': 0.0225, 'BottomLeft': 0.0172265625, 'BottomRight': 0.026057249999999997}",shapes_on_1,0,nan,nan,0,nan,0,nan,nan,0,nan
4570.658,113,9,4,5,"{'TopLeft': 0.6749999999999999, 'TopRight': 0.6, 'BottomLeft': 0.525, 'BottomRight': 0.6547500715102812}","{'TopLeft': 0.028476562499999993, 'TopRight': 0.0225, 'BottomLeft': 0.0172265625, 'BottomRight': 0.026057249999999997}",shapes_on_1,0,nan,nan,0,nan,0,nan,nan,0,nan
4587.325,113,9,4,5,"{'TopLeft': 0.6749999999999999, 'TopRight': 0.6, 'BottomLeft': 0.525, 'BottomRight': 0.6547500715102812}","{'TopLeft': 0.028476562499999993, 'TopRight': 0.0225, 'BottomLeft': 0.0172265625, 'BottomRight': 0.026057249999999997}",shapes_on_1,0,nan,nan,0,nan,0,nan,nan,0,nan
4603.992,113,9,4,5,"{'TopLeft': 0.6749999999999999, 'TopRight': 0.6, 'BottomLeft': 0.525, 'BottomRight': 0.6547500715102812}","{'TopLeft': 0.028476562499999993, 'TopRight': 0.0225, 'BottomLeft': 0.0172265625, 'BottomRight': 0.026057249999999997}",shapes_on_1,0,nan,nan,0,nan,0,nan,nan,0,nan
4620.658,113,9,4,5,"{'TopLeft': 0.6749999999999999, 'TopRight': 0.6, 'BottomLeft': 0.525, 'BottomRight': 0.6547500715102812}","{'TopLeft': 0.028476562499999993, 'TopRight': 0.0225, 'BottomLeft': 0.0172265625, 'BottomRight': 0.026057249999999997}",shapes_on_1,0,nan,nan,0,nan,0,nan,nan,0,nan
4637.326,113,9,4,5,"{'TopLeft': 0.6749999999999999, 'TopRight': 0.6, 'BottomLeft': 0.525, 'BottomRight': 0.6547500715102812}","{'TopLeft': 0.028476562499999993, 'TopRight': 0.0225, 'BottomLeft': 0.0172265625, 'BottomRight': 0.026057249999999997}",shapes_on_1,0,nan,nan,0,nan,0,nan,nan,0,nan
4653.993,113,9,4,5,"{'TopLeft': 0.6749999999999999, 'TopRight': 0.6, 'BottomLeft': 0.525, 'BottomRight': 0.6547500715102812}","{'TopLeft': 0.028476562499999993, 'TopRight': 0.0225, 'BottomLeft': 0.0172265625, 'BottomRight': 0.026057249999999997}",animate_shapes,0,nan,nan,0,nan,0,nan,nan,0,nan
4670.659,113,9,4,5,"{'TopLeft': 0.6749999999999999, 'TopRight': 0.6, 'BottomLeft': 0.525, 'BottomRight': 0.6547500715102812}","{'TopLeft': 0.028476562499999993, 'TopRight': 0.0225, 'BottomLeft': 0.0172265625, 'BottomRight': 0.026057249999999997}",animate_shapes,0,nan,nan,0,nan,0,nan,nan,0,nan
4687.326,113,9,4,5,"{'TopLeft': 0.6749999999999999, 'TopRight': 0.6, 'BottomLeft': 0.525, 'BottomRight': 0.6547500715102812}","{'TopLeft': 0.028476562499999993, 'TopRight': 0.0225, 'BottomLeft': 0.0172265625, 'BottomRight': 0.026057249999999997}",animate_shapes,0,nan,nan,0,nan,0,nan,nan,0,nan
4703.993,113,9,4,5,"{'TopLeft': 0.6749999999999999, 'TopRight': 0.6, 'BottomLeft': 0.525, 'BottomRight': 0.6547500715102812}","{'TopLeft': 0.028476562499999993, 'TopRight': 0.0225, 'BottomLeft': 0.0172265625, 'BottomRight': 0.026057249999999997}",animate_shapes,0,nan,nan,0,nan,0,nan,nan,0,nan
4720.659,113,9,4,5,"{'TopLeft': 0.6749999999999999, 'TopRight': 0.6, 'BottomLeft': 0.525, 'BottomRight': 0.6547500715102812}","{'TopLeft': 0.028476562499999993, 'TopRight': 0.0225, 'BottomLeft': 0.0172265625, 'BottomRight': 0.026057249999999997}",animate_shapes,0,nan,nan,0,nan,0,nan,nan,0,nan
4737.326,113,9,4,5,"{'TopLeft': 0.6749999999999999, 'TopRight': 0.6, 'BottomLeft': 0.525, 'BottomRight': 0.6547500715102812}","{'TopLeft': 0.028476562499999993, 'TopRight': 0.0225, 'BottomLeft': 0.0172265625, 'BottomRight': 0.026057249999999997}",animate_shapes,0,nan,nan,0,nan,0,nan,nan,0,nan
4753.993,113,9,4,5,"{'TopLeft': 0.6749999999999999, 'TopRight': 0.6, 'BottomLeft': 0.525, 'BottomRight': 0.6547500715102812}","{'TopLeft': 0.028476562499999993, 'TopRight': 0.0225, 'BottomLeft': 0.0172265625, 'BottomRight': 0.026057249999999997}",animate_shapes,0,nan,nan,0,nan,0,nan,nan,0,nan
4770.659,113,9,4,5,"{'TopLeft': 0.6749999999999999, 'TopRight': 0.6, 'BottomLeft': 0.525, 'BottomRight': 0.6547500715102812}","{'TopLeft': 0.028476562499999993, 'TopRight': 0.0225, 'BottomLeft': 0.0172265625, 'BottomRight': 0.026057249999999997}",animate_shapes,0,nan,nan,0,nan,0,nan,nan,0,nan
4787.327,113,9,4,5,"{'TopLeft': 0.6749999999999999, 'TopRight': 0.6, 'BottomLeft': 0.525, 'BottomRight': 0.6547500715102812}","{'TopLeft': 0.028476562499999993, 'TopRight': 0.0225, 'BottomLeft': 0.0172265625, 'BottomRight': 0.026057249999999997}",animate_shapes,0,nan,nan,0,nan,0,nan,nan,0,nan
4803.994,113,9,4,5,"{'TopLeft': 0.6749999999999999, 'TopRight': 0.6, 'BottomLeft': 0.525, 'BottomRight': 0.6547500715102812}","{'TopLeft': 0.028476562499999993, 'TopRight': 0.0225, 'BottomLeft': 0.0172265625, 'BottomRight': 0.026057249999999997}",animate_shapes,0,nan,nan,0,nan,0,nan,nan,0,nan
4820.66,113,9,4,5,"{'TopLeft': 0.6749999999999999, 'TopRight': 0.6, 'BottomLeft': 0.525, 'BottomRight': 0.6547500715102812}","{'TopLeft': 0.028476562499999993, 'TopRight': 0.0225, 'BottomLeft': 0.0172265625, 'BottomRight': 0.026057249999999997}",animate_shapes,0,nan,nan,0,nan,0,nan,nan,0,nan
4837.327,113,9,4,5,"{'TopLeft': 0.6749999999999999, 'TopRight': 0.6, 'BottomLeft': 0.525, 'BottomRight': 0.6547500715102812}","{'TopLeft': 0.028476562499999993, 'TopRight': 0.0225, 'BottomLeft': 0.0172265625, 'BottomRight': 0.026057249999999997}",animate_shapes,0,nan,nan,0,nan,0,nan,nan,0,nan
4853.994,113,9,4,5,"{'TopLeft': 0.6749999999999999, 'TopRight': 0.6, 'BottomLeft': 0.525, 'BottomRight': 0.6547500715102812}","{'TopLeft': 0.028476562499999993, 'TopRight': 0.0225, 'BottomLeft': 0.0172265625, 'BottomRight': 0.026057249999999997}",animate_shapes,0,nan,nan,0,nan,0,nan,nan,0,nan
4870.66,113,9,4,5,"{'TopLeft': 0.6749999999999999, 'TopRight': 0.6, 'BottomLeft': 0.525, 'BottomRight': 0.6547500715102812}","{'TopLeft': 0.028476562499999993, 'TopRight': 0.0225, 'BottomLeft': 0.0172265625, 'BottomRight': 0.026057249999999997}",animate_shapes,0,nan,nan,0,nan,0,nan,nan,0,nan
4887.327,113,9,4,5,"{'TopLeft': 0.6749999999999999, 'TopRight': 0.6, 'BottomLeft': 0.525, 'BottomRight': 0.6547500715102812}","{'TopLeft': 0.028476562499999993, 'TopRight': 0.0225, 'BottomLeft': 0.0172265625, 'BottomRight': 0.026057249999999997}",animate_shapes,0,nan,nan,0,nan,0,nan,nan,0,nan
4903.994,113,9,4,5,"{'TopLeft': 0.6749999999999999, 'TopRight': 0.6, 'BottomLeft': 0.525, 'BottomRight': 0.6547500715102812}","{'TopLeft': 0.028476562499999993, 'TopRight': 0.0225, 'BottomLeft': 0.0172265625, 'BottomRight': 0.026057249999999997}",animate_shapes,0,nan,nan,0,nan,0,nan,nan,0,nan
4920.66,113,9,4,5,"{'TopLeft': 0.6749999999999999, 'TopRight': 0.6, 'BottomLeft': 0.525, 'BottomRight': 0.6547500715102812}","{'TopLeft': 0.028476562499999993, 'TopRight': 0.0225, 'BottomLeft': 0.0172265625, 'BottomRight': 0.026057249999999997}",animate_shapes,0,nan,nan,0,nan,0,nan,nan,0,nan
4937.328,113,9,4,5,"{'TopLeft': 0.6749999999999999, 'TopRight': 0.6, 'BottomLeft': 0.525, 'BottomRight': 0.6547500715102812}","{'TopLeft': 0.028476562499999993, 'TopRight': 0.0225, 'BottomLeft': 0.0172265625, 'BottomRight': 0.026057249999999997}",animate_shapes,0,nan,nan,0,nan,0,nan,nan,0,nan
4953.995,113,9,4,5,"{'TopLeft': 0.6749999999999999, 'TopRight': 0.6, 'BottomLeft': 0.525, 'BottomRight': 0.6547500715102812}","{'TopLeft': 0.028476562499999993, 'TopRight': 0.0225, 'BottomLeft': 0.0172265625, 'BottomRight': 0.026057249999999997}",animate_shapes,0,nan,nan,0,nan,0,nan,nan,0,nan
4970.661,113,9,4,5,"{'TopLeft': 0.6749999999999999, 'TopRight': 0.6, 'BottomLeft': 0.525, 'BottomRight': 0.6547500715102812}","{'TopLeft': 0.028476562499999993, 'TopRight': 0.0225, 'BottomLeft': 0.0172265625, 'BottomRight': 0.026057249999999997}",animate_shapes,0,nan,nan,0,nan,0,nan,nan,0,nan
4987.328,113,9,4,5,"{'TopLeft': 0.6749999999999999, 'TopRight': 0.6, 'BottomLeft': 0.525, 'BottomRight': 0.6547500715102812}","{'TopLeft': 0.028476562499999993, 'TopRight': 0.0225, 'BottomLeft': 0.0172265625, 'BottomRight': 0.026057249999999997}",animate_shapes,0,nan,nan,0,nan,0,nan,nan,0,nan
5003.995,113,9,4,5,"{'TopLeft': 0.6749999999999999, 'TopRight': 0.6, 'BottomLeft': 0.525, 'BottomRight': 0.6547500715102812}","{'TopLeft': 0.028476562499999993, 'TopRight': 0.0225, 'BottomLeft': 0.0172265625, 'BottomRight': 0.026057249999999997}",animate_shapes,0,nan,nan,0,nan,0,nan,nan,0,nan
5020.661,113,9,4,5,"{'TopLeft': 0.6749999999999999, 'TopRight': 0.6, 'BottomLeft': 0.525, 'BottomRight': 0.6547500715102812}","{'TopLeft': 0.028476562499999993, 'TopRight': 0.0225, 'BottomLeft': 0.0172265625, 'BottomRight': 0.026057249999999997}",animate_shapes,0,nan,nan,0,nan,0,nan,nan,0,nan
5037.328,113,9,4,5,"{'TopLeft': 0.6749999999999999, 'TopRight': 0.6, 'BottomLeft': 0.525, 'BottomRight': 0.6547500715102812}","{'TopLeft': 0.028476562499999993, 'TopRight': 0.0225, 'BottomLeft': 0.0172265625, 'BottomRight': 0.026057249999999997}",animate_shapes,0,nan,nan,0,nan,0,nan,nan,0,nan
5053.995,113,9,4,5,"{'TopLeft': 0.6749999999999999, 'TopRight': 0.6, 'BottomLeft': 0.525, 'BottomRight': 0.6547500715102812}","{'TopLeft': 0.028476562499999993, 'TopRight': 0.0225, 'BottomLeft': 0.0172265625, 'BottomRight': 0.026057249999999997}",animate_shapes,0,nan,nan,0,nan,0,nan,nan,0,nan
5070.661,113,9,4,5,"{'TopLeft': 0.6749999999999999, 'TopRight': 0.6, 'BottomLeft': 0.525, 'BottomRight': 0.6547500715102812}","{'TopLeft': 0.028476562499999993, 'TopRight': 0.0225, 'BottomLeft': 0.0172265625, 'BottomRight': 0.026057249999999997}",animate_shapes,0,nan,nan,0,nan,0,nan,nan,0,nan
5087.329,113,9,4,5,"{'TopLeft': 0.6749999999999999, 'TopRight': 0.6, 'BottomLeft': 0.525, 'BottomRight': 0.6547500715102812}","{'TopLeft': 0.028476562499999993, 'TopRight': 0.0225, 'BottomLeft': 0.0172265625, 'BottomRight': 0.026057249999999997}",animate_shapes,0,nan,nan,0,nan,0,nan,nan,0,nan
5103.996,113,9,4,5,"{'TopLeft': 0.6749999999999999, 'TopRight': 0.6, 'BottomLeft': 0.525, 'BottomRight': 0.6547500715102812}","{'TopLeft': 0.028476562499999993, 'TopRight': 0.0225, 'BottomLeft': 0.0172265625, 'BottomRight': 0.026057249999999997}",animate_shapes,0,nan,nan,0,nan,0,nan,nan,0,nan
5120.662,113,9,4,5,"{'TopLeft': 0.6749999999999999, 'TopRight': 0.6, 'BottomLeft': 0.525, 'BottomRight': 0.6547500715102812}","{'TopLeft': 0.028476562499999993, 'TopRight': 0.0225, 'BottomLeft': 0.0172265625, 'BottomRight': 0.026057249999999997}",animate_shapes,0,nan,nan,0,nan,0,nan,nan,0,nan
5137.329,113,9,4,5,"{'TopLeft': 0.6749999999999999, 'TopRight': 0.6, 'BottomLeft': 0.525, 'BottomRight': 0.6547500715102812}","{'TopLeft': 0.028476562499999993, 'TopRight': 0.0225, 'BottomLeft': 0.0172265625, 'BottomRight': 0.026057249999999997}",animate_shapes,0,nan,nan,0,nan,0,nan,nan,0,nan
5153.996,113,9,4,5,"{'TopLeft': 0.6749999999999999, 'TopRight': 0.6, 'BottomLeft': 0.525, 'BottomRight': 0.6547500715102812}","{'TopLeft': 0.028476562499999993, 'TopRight': 0.0225, 'BottomLeft': 0.0172265625, 'BottomRight': 0.026057249999999997}",animate_shapes,0,nan,nan,0,nan,0,nan,nan,0,nan
5170.662,113,9,4,5,"{'TopLeft': 0.6749999999999999, 'TopRight': 0.6, 'BottomLeft': 0.525, 'BottomRight': 0.6547500715102812}","{'TopLeft': 0.028476562499999993, 'TopRight': 0.0225, 'BottomLeft': 0.0172265625, 'BottomRight': 0.026057249999999997}",animate_shapes,0,nan,nan,0,nan,0,nan,nan,0,nan
5187.329,113,9,4,5,"{'TopLeft': 0.6749999999999999, 'TopRight': 0.6, 'BottomLeft': 0.525, 'BottomRight': 0.6547500715102812}","{'TopLeft': 0.028476562499999993, 'TopRight': 0.0225, 'BottomLeft': 0.0172265625, 'BottomRight': 0.026057249999999997}",animate_shapes,0,nan,nan,0,nan,0,nan,nan,0,nan
5203.996,113,9,4,5,"{'TopLeft': 0.6749999999999999, 'TopRight': 0.6, 'BottomLeft': 0.525, 'BottomRight': 0.6547500715102812}","{'TopLeft': 0.028476562499999993, 'TopRight': 0.0225, 'BottomLeft': 0.0172265625, 'BottomRight': 0.026057249999999997}",animate_shapes,0,nan,nan,0,nan,0,nan,nan,0,nan
5220.662,113,9,4,5,"{'TopLeft': 0.6749999999999999, 'TopRight': 0.6, 'BottomLeft': 0.525, 'BottomRight': 0.6547500715102812}","{'TopLeft': 0.028476562499999993, 'TopRight': 0.0225, 'BottomLeft': 0.0172265625, 'BottomRight': 0.026057249999999997}",animate_shapes,0,nan,nan,0,nan,0,nan,nan,0,nan
5237.33,113,9,4,5,"{'TopLeft': 0.6749999999999999, 'TopRight': 0.6, 'BottomLeft': 0.525, 'BottomRight': 0.6547500715102812}","{'TopLeft': 0.028476562499999993, 'TopRight': 0.0225, 'BottomLeft': 0.0172265625, 'BottomRight': 0.026057249999999997}",animate_shapes,0,nan,nan,0,nan,0,nan,nan,0,nan
5253.997,113,9,4,5,"{'TopLeft': 0.6749999999999999, 'TopRight': 0.6, 'BottomLeft': 0.525, 'BottomRight': 0.6547500715102812}","{'TopLeft': 0.028476562499999993, 'TopRight': 0.0225, 'BottomLeft': 0.0172265625, 'BottomRight': 0.026057249999999997}",animate_shapes,0,nan,nan,0,nan,0,nan,nan,0,nan
5270.663,113,9,4,5,"{'TopLeft': 0.6749999999999999, 'TopRight': 0.6, 'BottomLeft': 0.525, 'BottomRight': 0.6547500715102812}","{'TopLeft': 0.028476562499999993, 'TopRight': 0.0225, 'BottomLeft': 0.0172265625, 'BottomRight': 0.026057249999999997}",animate_shapes,0,nan,nan,0,nan,0,nan,nan,0,nan
5287.33,113,9,4,5,"{'TopLeft': 0.6749999999999999, 'TopRight': 0.6, 'BottomLeft': 0.525, 'BottomRight': 0.6547500715102812}","{'TopLeft': 0.028476562499999993, 'TopRight': 0.0225, 'BottomLeft': 0.0172265625, 'BottomRight': 0.026057249999999997}",animate_shapes,0,nan,nan,0,nan,0,nan,nan,0,nan
5303.997,113,9,4,5,"{'TopLeft': 0.6749999999999999, 'TopRight': 0.6, 'BottomLeft': 0.525, 'BottomRight': 0.6547500715102812}","{'TopLeft': 0.028476562499999993, 'TopRight': 0.0225, 'BottomLeft': 0.0172265625, 'BottomRight': 0.026057249999999997}",animate_shapes,0,nan,nan,0,nan,0,nan,nan,0,nan
5320.663,113,9,4,5,"{'TopLeft': 0.6749999999999999, 'TopRight': 0.6, 'BottomLeft': 0.525, 'BottomRight': 0.6547500715102812}","{'TopLeft': 0.028476562499999993, 'TopRight': 0.0225, 'BottomLeft': 0.0172265625, 'BottomRight': 0.026057249999999997}",animate_shapes,0,nan,nan,0,nan,0,nan,nan,0,nan
5337.33,113,9,4,5,"{'TopLeft': 0.6749999999999999, 'TopRight': 0.6, 'BottomLeft': 0.525, 'BottomRight': 0.6547500715102812}","{'TopLeft': 0.028476562499999993, 'TopRight': 0.0225, 'BottomLeft': 0.0172265625, 'BottomRight': 0.026057249999999997}",animate_shapes,0,nan,nan,0,nan,0,nan,nan,0,nan
5353.997,113,9,4,5,"{'TopLeft': 0.6749999999999999, 'TopRight': 0.6, 'BottomLeft': 0.525, 'BottomRight': 0.6547500715102812}","{'TopLeft': 0.028476562499999993, 'TopRight': 0.0225, 'BottomLeft': 0.0172265625, 'BottomRight': 0.026057249999999997}",animate_shapes,0,nan,nan,0,nan,0,nan,nan,0,nan
5370.663,113,9,4,5,"{'TopLeft': 0.6749999999999999, 'TopRight': 0.6, 'BottomLeft': 0.525, 'BottomRight': 0.6547500715102812}","{'TopLeft': 0.028476562499999993, 'TopRight': 0.0225, 'BottomLeft': 0.0172265625, 'BottomRight': 0.026057249999999997}",animate_shapes,0,nan,nan,0,nan,0,nan,nan,0,nan
5387.331,113,9,4,5,"{'TopLeft': 0.6749999999999999, 'TopRight': 0.6, 'BottomLeft': 0.525, 'BottomRight': 0.6547500715102812}","{'TopLeft': 0.028476562499999993, 'TopRight': 0.0225, 'BottomLeft': 0.0172265625, 'BottomRight': 0.026057249999999997}",animate_shapes,0,nan,nan,0,nan,0,nan,nan,0,nan
5403.998,113,9,4,5,"{'TopLeft': 0.6749999999999999, 'TopRight': 0.6, 'BottomLeft': 0.525, 'BottomRight': 0.6547500715102812}","{'TopLeft': 0.028476562499999993, 'TopRight': 0.0225, 'BottomLeft': 0.0172265625, 'BottomRight': 0.026057249999999997}",animate_shapes,0,nan,nan,0,nan,0,nan,nan,0,nan
5420.664,113,9,4,5,"{'TopLeft': 0.6749999999999999, 'TopRight': 0.6, 'BottomLeft': 0.525, 'BottomRight': 0.6547500715102812}","{'TopLeft': 0.028476562499999993, 'TopRight': 0.0225, 'BottomLeft': 0.0172265625, 'BottomRight': 0.026057249999999997}",animate_shapes,0,nan,nan,0,nan,0,nan,nan,0,nan
5437.331,113,9,4,5,"{'TopLeft': 0.6749999999999999, 'TopRight': 0.6, 'BottomLeft': 0.525, 'BottomRight': 0.6547500715102812}","{'TopLeft': 0.028476562499999993, 'TopRight': 0.0225, 'BottomLeft': 0.0172265625, 'BottomRight': 0.026057249999999997}",animate_shapes,0,nan,nan,0,nan,0,nan,nan,0,nan
5453.998,113,9,4,5,"{'TopLeft': 0.6749999999999999, 'TopRight': 0.6, 'BottomLeft': 0.525, 'BottomRight': 0.6547500715102812}","{'TopLeft': 0.028476562499999993, 'TopRight': 0.0225, 'BottomLeft': 0.0172265625, 'BottomRight': 0.026057249999999997}",animate_shapes,0,nan,nan,0,nan,0,nan,nan,0,nan
5470.664,113,9,4,5,"{'TopLeft': 0.6749999999999999, 'TopRight': 0.6, 'BottomLeft': 0.525, 'BottomRight': 0.6547500715102812}","{'TopLeft': 0.028476562499999993, 'TopRight': 0.0225, 'BottomLeft': 0.0172265625, 'BottomRight': 0.026057249999999997}",animate_shapes,0,nan,nan,0,nan,0,nan,nan,0,nan
5487.331,113,9,4,5,"{'TopLeft': 0.6749999999999999, 'TopRight': 0.6, 'BottomLeft': 0.525, 'BottomRight': 0.6547500715102812}","{'TopLeft': 0.028476562499999993, 'TopRight': 0.0225, 'BottomLeft': 0.0172265625, 'BottomRight': 0.026057249999999997}",animate_shapes,0,nan,nan,0,nan,0,nan,nan,0,nan
5503.998,113,9,4,5,"{'TopLeft': 0.6749999999999999, 'TopRight': 0.6, 'BottomLeft': 0.525, 'BottomRight': 0.6547500715102812}","{'TopLeft': 0.028476562499999993, 'TopRight': 0.0225, 'BottomLeft': 0.0172265625, 'BottomRight': 0.026057249999999997}",animate_shapes,0,nan,nan,0,nan,0,nan,nan,0,nan
5520.664,113,9,4,5,"{'TopLeft': 0.6749999999999999, 'TopRight': 0.6, 'BottomLeft': 0.525, 'BottomRight': 0.6547500715102812}","{'TopLeft': 0.028476562499999993, 'TopRight': 0.0225, 'BottomLeft': 0.0172265625, 'BottomRight': 0.026057249999999997}",animate_shapes,0,nan,nan,0,nan,0,nan,nan,0,nan
5537.332,113,9,4,5,"{'TopLeft': 0.6749999999999999, 'TopRight': 0.6, 'BottomLeft': 0.525, 'BottomRight': 0.6547500715102812}","{'TopLeft': 0.028476562499999993, 'TopRight': 0.0225, 'BottomLeft': 0.0172265625, 'BottomRight': 0.026057249999999997}",animate_shapes,0,nan,nan,0,nan,0,nan,nan,0,nan
5553.999,113,9,4,5,"{'TopLeft': 0.6749999999999999, 'TopRight': 0.6, 'BottomLeft': 0.525, 'BottomRight': 0.6547500715102812}","{'TopLeft': 0.028476562499999993, 'TopRight': 0.0225, 'BottomLeft': 0.0172265625, 'BottomRight': 0.026057249999999997}",animate_shapes,0,nan,nan,0,nan,0,nan,nan,0,nan
5570.665,113,9,4,5,"{'TopLeft': 0.6749999999999999, 'TopRight': 0.6, 'BottomLeft': 0.525, 'BottomRight': 0.6547500715102812}","{'TopLeft': 0.028476562499999993, 'TopRight': 0.0225, 'BottomLeft': 0.0172265625, 'BottomRight': 0.026057249999999997}",animate_shapes,0,nan,nan,0,nan,0,nan,nan,0,nan
5587.332,113,9,4,5,"{'TopLeft': 0.6749999999999999, 'TopRight': 0.6, 'BottomLeft': 0.525, 'BottomRight': 0.6547500715102812}","{'TopLeft': 0.028476562499999993, 'TopRight': 0.0225, 'BottomLeft': 0.0172265625, 'BottomRight': 0.026057249999999997}",animate_shapes,0,nan,nan,0,nan,0,nan,nan,0,nan
5603.999,113,9,4,5,"{'TopLeft': 0.6749999999999999, 'TopRight': 0.6, 'BottomLeft': 0.525, 'BottomRight': 0.6547500715102812}","{'TopLeft': 0.028476562499999993, 'TopRight': 0.0225, 'BottomLeft': 0.0172265625, 'BottomRight': 0.026057249999999997}",animate_shapes,0,nan,nan,0,nan,0,nan,nan,0,nan
5620.665,113,9,4,5,"{'TopLeft': 0.6749999999999999, 'TopRight': 0.6, 'BottomLeft': 0.525, 'BottomRight': 0.6547500715102812}","{'TopLeft': 0.028476562499999993, 'TopRight': 0.0225, 'BottomLeft': 0.0172265625, 'BottomRight': 0.026057249999999997}",animate_shapes,0,nan,nan,0,nan,0,nan,nan,0,nan
5637.332,113,9,4,5,"{'TopLeft': 0.6749999999999999, 'TopRight': 0.6, 'BottomLeft': 0.525, 'BottomRight': 0.6547500715102812}","{'TopLeft': 0.028476562499999993, 'TopRight': 0.0225, 'BottomLeft': 0.0172265625, 'BottomRight': 0.026057249999999997}",animate_shapes,0,nan,nan,0,nan,0,nan,nan,0,nan
5653.998,113,9,4,5,"{'TopLeft': 0.6749999999999999, 'TopRight': 0.6, 'BottomLeft': 0.525, 'BottomRight': 0.6547500715102812}","{'TopLeft': 0.028476562499999993, 'TopRight': 0.0225, 'BottomLeft': 0.0172265625, 'BottomRight': 0.026057249999999997}",shapes_on_2,0,nan,nan,0,nan,0,nan,nan,0,nan
5670.664,113,9,4,5,"{'TopLeft': 0.6749999999999999, 'TopRight': 0.6, 'BottomLeft': 0.525, 'BottomRight': 0.6547500715102812}","{'TopLeft': 0.028476562499999993, 'TopRight': 0.0225, 'BottomLeft': 0.0172265625, 'BottomRight': 0.026057249999999997}",shapes_on_2,0,nan,nan,0,nan,0,nan,nan,0,nan
5687.332,113,9,4,5,"{'TopLeft': 0.6749999999999999, 'TopRight': 0.6, 'BottomLeft': 0.525, 'BottomRight': 0.6547500715102812}","{'TopLeft': 0.028476562499999993, 'TopRight': 0.0225, 'BottomLeft': 0.0172265625, 'BottomRight': 0.026057249999999997}",shapes_on_2,0,nan,nan,0,nan,0,nan,nan,0,nan
5703.999,113,9,4,5,"{'TopLeft': 0.6749999999999999, 'TopRight': 0.6, 'BottomLeft': 0.525, 'BottomRight': 0.6547500715102812}","{'TopLeft': 0.028476562499999993, 'TopRight': 0.0225, 'BottomLeft': 0.0172265625, 'BottomRight': 0.026057249999999997}",shapes_on_2,0,nan,nan,0,nan,0,nan,nan,0,nan
5720.665,113,9,4,5,"{'TopLeft': 0.6749999999999999, 'TopRight': 0.6, 'BottomLeft': 0.525, 'BottomRight': 0.6547500715102812}","{'TopLeft': 0.028476562499999993, 'TopRight': 0.0225, 'BottomLeft': 0.0172265625, 'BottomRight': 0.026057249999999997}",shapes_on_2,0,nan,nan,0,nan,0,nan,nan,0,nan
5737.331,113,9,4,5,"{'TopLeft': 0.6749999999999999, 'TopRight': 0.6, 'BottomLeft': 0.525, 'BottomRight': 0.6547500715102812}","{'TopLeft': 0.028476562499999993, 'TopRight': 0.0225, 'BottomLeft': 0.0172265625, 'BottomRight': 0.026057249999999997}",shapes_on_2,0,nan,nan,0,nan,0,nan,nan,0,nan
5753.998,113,9,4,5,"{'TopLeft': 0.6749999999999999, 'TopRight': 0.6, 'BottomLeft': 0.525, 'BottomRight': 0.6547500715102812}","{'TopLeft': 0.028476562499999993, 'TopRight': 0.0225, 'BottomLeft': 0.0172265625, 'BottomRight': 0.026057249999999997}",shapes_on_2,0,nan,nan,0,nan,0,nan,nan,0,nan
5770.664,113,9,4,5,"{'TopLeft': 0.6749999999999999, 'TopRight': 0.6, 'BottomLeft': 0.525, 'BottomRight': 0.6547500715102812}","{'TopLeft': 0.028476562499999993, 'TopRight': 0.0225, 'BottomLeft': 0.0172265625, 'BottomRight': 0.026057249999999997}",shapes_on_2,0,nan,nan,0,nan,0,nan,nan,0,nan
5787.331,113,9,4,5,"{'TopLeft': 0.6749999999999999, 'TopRight': 0.6, 'BottomLeft': 0.525, 'BottomRight': 0.6547500715102812}","{'TopLeft': 0.028476562499999993, 'TopRight': 0.0225, 'BottomLeft': 0.0172265625, 'BottomRight': 0.026057249999999997}",shapes_on_2,0,nan,nan,0,nan,0,nan,nan,0,nan
5803.998,113,9,4,5,"{'TopLeft': 0.6749999999999999, 'TopRight': 0.6, 'BottomLeft': 0.525, 'BottomRight': 0.6547500715102812}","{'TopLeft': 0.028476562499999993, 'TopRight': 0.0225, 'BottomLeft': 0.0172265625, 'BottomRight': 0.026057249999999997}",shapes_on_2,0,nan,nan,0,nan,0,nan,nan,0,nan
5820.663,113,9,4,5,"{'TopLeft': 0.6749999999999999, 'TopRight': 0.6, 'BottomLeft': 0.525, 'BottomRight': 0.6547500715102812}","{'TopLeft': 0.028476562499999993, 'TopRight': 0.0225, 'BottomLeft': 0.0172265625, 'BottomRight': 0.026057249999999997}",shapes_on_2,0,nan,nan,0,nan,0,nan,nan,0,nan
5837.331,113,9,4,5,"{'TopLeft': 0.6749999999999999, 'TopRight': 0.6, 'BottomLeft': 0.525, 'BottomRight': 0.6547500715102812}","{'TopLeft': 0.028476562499999993, 'TopRight': 0.0225, 'BottomLeft': 0.0172265625, 'BottomRight': 0.026057249999999997}",shapes_on_2,0,nan,nan,0,nan,0,nan,nan,0,nan
5853.998,113,9,4,5,"{'TopLeft': 0.6749999999999999, 'TopRight': 0.6, 'BottomLeft': 0.525, 'BottomRight': 0.6547500715102812}","{'TopLeft': 0.028476562499999993, 'TopRight': 0.0225, 'BottomLeft': 0.0172265625, 'BottomRight': 0.026057249999999997}",shapes_on_2,0,nan,nan,0,nan,0,nan,nan,0,nan
5870.664,113,9,4,5,"{'TopLeft': 0.6749999999999999, 'TopRight': 0.6, 'BottomLeft': 0.525, 'BottomRight': 0.6547500715102812}","{'TopLeft': 0.028476562499999993, 'TopRight': 0.0225, 'BottomLeft': 0.0172265625, 'BottomRight': 0.026057249999999997}",shapes_on_2,0,nan,nan,0,nan,0,nan,nan,0,nan
5887.331,113,9,4,5,"{'TopLeft': 0.6749999999999999, 'TopRight': 0.6, 'BottomLeft': 0.525, 'BottomRight': 0.6547500715102812}","{'TopLeft': 0.028476562499999993, 'TopRight': 0.0225, 'BottomLeft': 0.0172265625, 'BottomRight': 0.026057249999999997}",shapes_on_2,0,nan,nan,0,nan,0,nan,nan,0,nan
5903.997,113,9,4,5,"{'TopLeft': 0.6749999999999999, 'TopRight': 0.6, 'BottomLeft': 0.525, 'BottomRight': 0.6547500715102812}","{'TopLeft': 0.028476562499999993, 'TopRight': 0.0225, 'BottomLeft': 0.0172265625, 'BottomRight': 0.026057249999999997}",shapes_on_2,0,nan,nan,0,nan,0,nan,nan,0,nan
5920.663,113,9,4,5,"{'TopLeft': 0.6749999999999999, 'TopRight': 0.6, 'BottomLeft': 0.525, 'BottomRight': 0.6547500715102812}","{'TopLeft': 0.028476562499999993, 'TopRight': 0.0225, 'BottomLeft': 0.0172265625, 'BottomRight': 0.026057249999999997}",shapes_on_2,0,nan,nan,0,nan,0,nan,nan,0,nan
5937.33,113,9,4,5,"{'TopLeft': 0.6749999999999999, 'TopRight': 0.6, 'BottomLeft': 0.525, 'BottomRight': 0.6547500715102812}","{'TopLeft': 0.028476562499999993, 'TopRight': 0.0225, 'BottomLeft': 0.0172265625, 'BottomRight': 0.026057249999999997}",shapes_on_2,0,nan,nan,0,nan,0,nan,nan,0,nan
5953.997,113,9,4,5,"{'TopLeft': 0.6749999999999999, 'TopRight': 0.6, 'BottomLeft': 0.525, 'BottomRight': 0.6547500715102812}","{'TopLeft': 0.028476562499999993, 'TopRight': 0.0225, 'BottomLeft': 0.0172265625, 'BottomRight': 0.026057249999999997}",shapes_on_2,0,nan,nan,0,nan,0,nan,nan,0,nan
5970.663,113,9,4,5,"{'TopLeft': 0.6749999999999999, 'TopRight': 0.6, 'BottomLeft': 0.525, 'BottomRight': 0.6547500715102812}","{'TopLeft': 0.028476562499999993, 'TopRight': 0.0225, 'BottomLeft': 0.0172265625, 'BottomRight': 0.026057249999999997}",shapes_on_2,0,nan,nan,0,nan,0,nan,nan,0,nan
5987.33,113,9,4,5,"{'TopLeft': 0.6749999999999999, 'TopRight': 0.6, 'BottomLeft': 0.525, 'BottomRight': 0.6547500715102812}","{'TopLeft': 0.028476562499999993, 'TopRight': 0.0225, 'BottomLeft': 0.0172265625, 'BottomRight': 0.026057249999999997}",shapes_on_2,0,nan,nan,0,nan,0,nan,nan,0,nan
6003.997,113,9,4,5,"{'TopLeft': 0.6749999999999999, 'TopRight': 0.6, 'BottomLeft': 0.525, 'BottomRight': 0.6547500715102812}","{'TopLeft': 0.028476562499999993, 'TopRight': 0.0225, 'BottomLeft': 0.0172265625, 'BottomRight': 0.026057249999999997}",shapes_on_2,0,nan,nan,0,nan,0,nan,nan,0,nan
6020.663,113,9,4,5,"{'TopLeft': 0.6749999999999999, 'TopRight': 0.6, 'BottomLeft': 0.525, 'BottomRight': 0.6547500715102812}","{'TopLeft': 0.028476562499999993, 'TopRight': 0.0225, 'BottomLeft': 0.0172265625, 'BottomRight': 0.026057249999999997}",shapes_on_2,0,nan,nan,0,nan,0,nan,nan,0,nan
6037.328,113,9,4,5,"{'TopLeft': 0.6749999999999999, 'TopRight': 0.6, 'BottomLeft': 0.525, 'BottomRight': 0.6547500715102812}","{'TopLeft': 0.028476562499999993, 'TopRight': 0.0225, 'BottomLeft': 0.0172265625, 'BottomRight': 0.026057249999999997}",shapes_on_2,0,nan,nan,0,nan,0,nan,nan,0,nan
6053.993,113,9,4,5,"{'TopLeft': 0.6749999999999999, 'TopRight': 0.6, 'BottomLeft': 0.525, 'BottomRight': 0.6547500715102812}","{'TopLeft': 0.028476562499999993, 'TopRight': 0.0225, 'BottomLeft': 0.0172265625, 'BottomRight': 0.026057249999999997}",shapes_on_2,0,nan,nan,0,nan,0,nan,nan,0,nan
6070.657,113,9,4,5,"{'TopLeft': 0.6749999999999999, 'TopRight': 0.6, 'BottomLeft': 0.525, 'BottomRight': 0.6547500715102812}","{'TopLeft': 0.028476562499999993, 'TopRight': 0.0225, 'BottomLeft': 0.0172265625, 'BottomRight': 0.026057249999999997}",shapes_on_2,0,nan,nan,0,nan,0,nan,nan,0,nan
6087.323,113,9,4,5,"{'TopLeft': 0.6749999999999999, 'TopRight': 0.6, 'BottomLeft': 0.525, 'BottomRight': 0.6547500715102812}","{'TopLeft': 0.028476562499999993, 'TopRight': 0.0225, 'BottomLeft': 0.0172265625, 'BottomRight': 0.026057249999999997}",shapes_on_2,0,nan,nan,0,nan,0,nan,nan,0,nan
6103.989,113,9,4,5,"{'TopLeft': 0.6749999999999999, 'TopRight': 0.6, 'BottomLeft': 0.525, 'BottomRight': 0.6547500715102812}","{'TopLeft': 0.028476562499999993, 'TopRight': 0.0225, 'BottomLeft': 0.0172265625, 'BottomRight': 0.026057249999999997}",shapes_on_2,0,nan,nan,0,nan,0,nan,nan,0,nan
6120.655,113,9,4,5,"{'TopLeft': 0.6749999999999999, 'TopRight': 0.6, 'BottomLeft': 0.525, 'BottomRight': 0.6547500715102812}","{'TopLeft': 0.028476562499999993, 'TopRight': 0.0225, 'BottomLeft': 0.0172265625, 'BottomRight': 0.026057249999999997}",shapes_on_2,0,nan,nan,0,nan,0,nan,nan,0,nan
6137.323,113,9,4,5,"{'TopLeft': 0.6749999999999999, 'TopRight': 0.6, 'BottomLeft': 0.525, 'BottomRight': 0.6547500715102812}","{'TopLeft': 0.028476562499999993, 'TopRight': 0.0225, 'BottomLeft': 0.0172265625, 'BottomRight': 0.026057249999999997}",shapes_on_2,0,nan,nan,0,nan,0,nan,nan,0,nan
6153.989,113,9,4,5,"{'TopLeft': 0.6749999999999999, 'TopRight': 0.6, 'BottomLeft': 0.525, 'BottomRight': 0.6547500715102812}","{'TopLeft': 0.028476562499999993, 'TopRight': 0.0225, 'BottomLeft': 0.0172265625, 'BottomRight': 0.026057249999999997}",shapes_on_2,0,nan,nan,0,nan,0,nan,nan,0,nan
6170.655,113,9,4,5,"{'TopLeft': 0.6749999999999999, 'TopRight': 0.6, 'BottomLeft': 0.525, 'BottomRight': 0.6547500715102812}","{'TopLeft': 0.028476562499999993, 'TopRight': 0.0225, 'BottomLeft': 0.0172265625, 'BottomRight': 0.026057249999999997}",shapes_on_2,0,nan,nan,0,nan,0,nan,nan,0,nan
6187.322,113,9,4,5,"{'TopLeft': 0.6749999999999999, 'TopRight': 0.6, 'BottomLeft': 0.525, 'BottomRight': 0.6547500715102812}","{'TopLeft': 0.028476562499999993, 'TopRight': 0.0225, 'BottomLeft': 0.0172265625, 'BottomRight': 0.026057249999999997}",shapes_on_2,0,nan,nan,0,nan,0,nan,nan,0,nan
6203.989,113,9,4,5,"{'TopLeft': 0.6749999999999999, 'TopRight': 0.6, 'BottomLeft': 0.525, 'BottomRight': 0.6547500715102812}","{'TopLeft': 0.028476562499999993, 'TopRight': 0.0225, 'BottomLeft': 0.0172265625, 'BottomRight': 0.026057249999999997}",shapes_on_2,0,nan,nan,0,nan,0,nan,nan,0,nan
6220.655,113,9,4,5,"{'TopLeft': 0.6749999999999999, 'TopRight': 0.6, 'BottomLeft': 0.525, 'BottomRight': 0.6547500715102812}","{'TopLeft': 0.028476562499999993, 'TopRight': 0.0225, 'BottomLeft': 0.0172265625, 'BottomRight': 0.026057249999999997}",shapes_on_2,0,nan,nan,0,nan,0,nan,nan,0,nan
6237.321,113,9,4,5,"{'TopLeft': 0.6749999999999999, 'TopRight': 0.6, 'BottomLeft': 0.525, 'BottomRight': 0.6547500715102812}","{'TopLeft': 0.028476562499999993, 'TopRight': 0.0225, 'BottomLeft': 0.0172265625, 'BottomRight': 0.026057249999999997}",shapes_on_2,0,nan,nan,0,nan,0,nan,nan,0,nan
6253.988,113,9,4,5,"{'TopLeft': 0.6749999999999999, 'TopRight': 0.6, 'BottomLeft': 0.525, 'BottomRight': 0.6547500715102812}","{'TopLeft': 0.028476562499999993, 'TopRight': 0.0225, 'BottomLeft': 0.0172265625, 'BottomRight': 0.026057249999999997}",shapes_on_2,0,nan,nan,0,nan,0,nan,nan,0,nan
6270.654,113,9,4,5,"{'TopLeft': 0.6749999999999999, 'TopRight': 0.6, 'BottomLeft': 0.525, 'BottomRight': 0.6547500715102812}","{'TopLeft': 0.028476562499999993, 'TopRight': 0.0225, 'BottomLeft': 0.0172265625, 'BottomRight': 0.026057249999999997}",shapes_on_2,0,nan,nan,0,nan,0,nan,nan,0,nan
6287.322,113,9,4,5,"{'TopLeft': 0.6749999999999999, 'TopRight': 0.6, 'BottomLeft': 0.525, 'BottomRight': 0.6547500715102812}","{'TopLeft': 0.028476562499999993, 'TopRight': 0.0225, 'BottomLeft': 0.0172265625, 'BottomRight': 0.026057249999999997}",shapes_on_2,0,nan,nan,0,nan,0,nan,nan,0,nan
6303.989,113,9,4,5,"{'TopLeft': 0.6749999999999999, 'TopRight': 0.6, 'BottomLeft': 0.525, 'BottomRight': 0.6547500715102812}","{'TopLeft': 0.028476562499999993, 'TopRight': 0.0225, 'BottomLeft': 0.0172265625, 'BottomRight': 0.026057249999999997}",shapes_on_2,0,nan,nan,0,nan,0,nan,nan,0,nan
6320.654,113,9,4,5,"{'TopLeft': 0.6749999999999999, 'TopRight': 0.6, 'BottomLeft': 0.525, 'BottomRight': 0.6547500715102812}","{'TopLeft': 0.028476562499999993, 'TopRight': 0.0225, 'BottomLeft': 0.0172265625, 'BottomRight': 0.026057249999999997}",shapes_on_2,0,nan,nan,0,nan,0,nan,nan,0,nan
6337.321,113,9,4,5,"{'TopLeft': 0.6749999999999999, 'TopRight': 0.6, 'BottomLeft': 0.525, 'BottomRight': 0.6547500715102812}","{'TopLeft': 0.028476562499999993, 'TopRight': 0.0225, 'BottomLeft': 0.0172265625, 'BottomRight': 0.026057249999999997}",shapes_on_2,0,nan,nan,0,nan,0,nan,nan,0,nan
6353.987,113,9,4,5,"{'TopLeft': 0.6749999999999999, 'TopRight': 0.6, 'BottomLeft': 0.525, 'BottomRight': 0.6547500715102812}","{'TopLeft': 0.028476562499999993, 'TopRight': 0.0225, 'BottomLeft': 0.0172265625, 'BottomRight': 0.026057249999999997}",shapes_on_2,0,nan,nan,0,nan,0,nan,nan,0,nan
6370.654,113,9,4,5,"{'TopLeft': 0.6749999999999999, 'TopRight': 0.6, 'BottomLeft': 0.525, 'BottomRight': 0.6547500715102812}","{'TopLeft': 0.028476562499999993, 'TopRight': 0.0225, 'BottomLeft': 0.0172265625, 'BottomRight': 0.026057249999999997}",shapes_on_2,0,nan,nan,0,nan,0,nan,nan,0,nan
6387.321,113,9,4,5,"{'TopLeft': 0.6749999999999999, 'TopRight': 0.6, 'BottomLeft': 0.525, 'BottomRight': 0.6547500715102812}","{'TopLeft': 0.028476562499999993, 'TopRight': 0.0225, 'BottomLeft': 0.0172265625, 'BottomRight': 0.026057249999999997}",shapes_on_2,0,nan,nan,0,nan,0,nan,nan,0,nan
6403.986,113,9,4,5,"{'TopLeft': 0.6749999999999999, 'TopRight': 0.6, 'BottomLeft': 0.525, 'BottomRight': 0.6547500715102812}","{'TopLeft': 0.028476562499999993, 'TopRight': 0.0225, 'BottomLeft': 0.0172265625, 'BottomRight': 0.026057249999999997}",shapes_on_2,0,nan,nan,0,nan,0,nan,nan,0,nan
6420.653,113,9,4,5,"{'TopLeft': 0.6749999999999999, 'TopRight': 0.6, 'BottomLeft': 0.525, 'BottomRight': 0.6547500715102812}","{'TopLeft': 0.028476562499999993, 'TopRight': 0.0225, 'BottomLeft': 0.0172265625, 'BottomRight': 0.026057249999999997}",shapes_on_2,0,nan,nan,0,nan,0,nan,nan,0,nan
6437.321,113,9,4,5,"{'TopLeft': 0.6749999999999999, 'TopRight': 0.6, 'BottomLeft': 0.525, 'BottomRight': 0.6547500715102812}","{'TopLeft': 0.028476562499999993, 'TopRight': 0.0225, 'BottomLeft': 0.0172265625, 'BottomRight': 0.026057249999999997}",shapes_on_2,0,nan,nan,0,nan,0,nan,nan,0,nan
6453.987,113,9,4,5,"{'TopLeft': 0.6749999999999999, 'TopRight': 0.6, 'BottomLeft': 0.525, 'BottomRight': 0.6547500715102812}","{'TopLeft': 0.028476562499999993, 'TopRight': 0.0225, 'BottomLeft': 0.0172265625, 'BottomRight': 0.026057249999999997}",shapes_on_2,0,nan,nan,0,nan,0,nan,nan,0,nan
6470.653,113,9,4,5,"{'TopLeft': 0.6749999999999999, 'TopRight': 0.6, 'BottomLeft': 0.525, 'BottomRight': 0.6547500715102812}","{'TopLeft': 0.028476562499999993, 'TopRight': 0.0225, 'BottomLeft': 0.0172265625, 'BottomRight': 0.026057249999999997}",shapes_on_2,0,nan,nan,0,nan,0,nan,nan,0,nan
6487.319,113,9,4,5,"{'TopLeft': 0.6749999999999999, 'TopRight': 0.6, 'BottomLeft': 0.525, 'BottomRight': 0.6547500715102812}","{'TopLeft': 0.028476562499999993, 'TopRight': 0.0225, 'BottomLeft': 0.0172265625, 'BottomRight': 0.026057249999999997}",shapes_on_2,0,nan,nan,0,nan,0,nan,nan,0,nan
6503.985,113,9,4,5,"{'TopLeft': 0.6749999999999999, 'TopRight': 0.6, 'BottomLeft': 0.525, 'BottomRight': 0.6547500715102812}","{'TopLeft': 0.028476562499999993, 'TopRight': 0.0225, 'BottomLeft': 0.0172265625, 'BottomRight': 0.026057249999999997}",shapes_on_2,0,nan,nan,0,nan,0,nan,nan,0,nan
6520.652,113,9,4,5,"{'TopLeft': 0.6749999999999999, 'TopRight': 0.6, 'BottomLeft': 0.525, 'BottomRight': 0.6547500715102812}","{'TopLeft': 0.028476562499999993, 'TopRight': 0.0225, 'BottomLeft': 0.0172265625, 'BottomRight': 0.026057249999999997}",shapes_on_2,0,nan,nan,0,nan,0,nan,nan,0,nan
6537.319,113,9,4,5,"{'TopLeft': 0.6749999999999999, 'TopRight': 0.6, 'BottomLeft': 0.525, 'BottomRight': 0.6547500715102812}","{'TopLeft': 0.028476562499999993, 'TopRight': 0.0225, 'BottomLeft': 0.0172265625, 'BottomRight': 0.026057249999999997}",shapes_on_2,0,nan,nan,0,nan,0,nan,nan,0,nan
6553.985,113,9,4,5,"{'TopLeft': 0.6749999999999999, 'TopRight': 0.6, 'BottomLeft': 0.525, 'BottomRight': 0.6547500715102812}","{'TopLeft': 0.028476562499999993, 'TopRight': 0.0225, 'BottomLeft': 0.0172265625, 'BottomRight': 0.026057249999999997}",shapes_on_2,0,nan,nan,0,nan,0,nan,nan,0,nan
6570.651,113,9,4,5,"{'TopLeft': 0.6749999999999999, 'TopRight': 0.6, 'BottomLeft': 0.525, 'BottomRight': 0.6547500715102812}","{'TopLeft': 0.028476562499999993, 'TopRight': 0.0225, 'BottomLeft': 0.0172265625, 'BottomRight': 0.026057249999999997}",shapes_on_2,0,nan,nan,0,nan,0,nan,nan,0,nan
6587.319,113,9,4,5,"{'TopLeft': 0.6749999999999999, 'TopRight': 0.6, 'BottomLeft': 0.525, 'BottomRight': 0.6547500715102812}","{'TopLeft': 0.028476562499999993, 'TopRight': 0.0225, 'BottomLeft': 0.0172265625, 'BottomRight': 0.026057249999999997}",shapes_on_2,0,nan,nan,0,nan,0,nan,nan,0,nan
6603.985,113,9,4,5,"{'TopLeft': 0.6749999999999999, 'TopRight': 0.6, 'BottomLeft': 0.525, 'BottomRight': 0.6547500715102812}","{'TopLeft': 0.028476562499999993, 'TopRight': 0.0225, 'BottomLeft': 0.0172265625, 'BottomRight': 0.026057249999999997}",shapes_on_2,0,nan,nan,0,nan,0,nan,nan,0,nan
6620.651,113,9,4,5,"{'TopLeft': 0.6749999999999999, 'TopRight': 0.6, 'BottomLeft': 0.525, 'BottomRight': 0.6547500715102812}","{'TopLeft': 0.028476562499999993, 'TopRight': 0.0225, 'BottomLeft': 0.0172265625, 'BottomRight': 0.026057249999999997}",shapes_on_2,0,nan,nan,0,nan,0,nan,nan,0,nan
6637.317,113,9,4,5,"{'TopLeft': 0.6749999999999999, 'TopRight': 0.6, 'BottomLeft': 0.525, 'BottomRight': 0.6547500715102812}","{'TopLeft': 0.028476562499999993, 'TopRight': 0.0225, 'BottomLeft': 0.0172265625, 'BottomRight': 0.026057249999999997}",shapes_on_2,0,nan,nan,0,nan,0,nan,nan,0,nan
6653.984,113,9,4,5,"{'TopLeft': 0.6749999999999999, 'TopRight': 0.6, 'BottomLeft': 0.525, 'BottomRight': 0.6547500715102812}","{'TopLeft': 0.028476562499999993, 'TopRight': 0.0225, 'BottomLeft': 0.0172265625, 'BottomRight': 0.026057249999999997}",shapes_on_2,0,nan,nan,0,nan,0,nan,nan,0,nan
6670.649,113,9,4,5,"{'TopLeft': 0.6749999999999999, 'TopRight': 0.6, 'BottomLeft': 0.525, 'BottomRight': 0.6547500715102812}","{'TopLeft': 0.028476562499999993, 'TopRight': 0.0225, 'BottomLeft': 0.0172265625, 'BottomRight': 0.026057249999999997}",shapes_on_2,0,nan,nan,0,nan,0,nan,nan,0,nan
6687.317,113,9,4,5,"{'TopLeft': 0.6749999999999999, 'TopRight': 0.6, 'BottomLeft': 0.525, 'BottomRight': 0.6547500715102812}","{'TopLeft': 0.028476562499999993, 'TopRight': 0.0225, 'BottomLeft': 0.0172265625, 'BottomRight': 0.026057249999999997}",shapes_on_2,0,nan,nan,0,nan,0,nan,nan,0,nan
6703.984,113,9,4,5,"{'TopLeft': 0.6749999999999999, 'TopRight': 0.6, 'BottomLeft': 0.525, 'BottomRight': 0.6547500715102812}","{'TopLeft': 0.028476562499999993, 'TopRight': 0.0225, 'BottomLeft': 0.0172265625, 'BottomRight': 0.026057249999999997}",shapes_on_2,0,nan,nan,0,nan,0,nan,nan,0,nan
6720.65,113,9,4,5,"{'TopLeft': 0.6749999999999999, 'TopRight': 0.6, 'BottomLeft': 0.525, 'BottomRight': 0.6547500715102812}","{'TopLeft': 0.028476562499999993, 'TopRight': 0.0225, 'BottomLeft': 0.0172265625, 'BottomRight': 0.026057249999999997}",shapes_on_2,0,nan,nan,0,nan,0,nan,nan,0,nan
6737.317,113,9,4,5,"{'TopLeft': 0.6749999999999999, 'TopRight': 0.6, 'BottomLeft': 0.525, 'BottomRight': 0.6547500715102812}","{'TopLeft': 0.028476562499999993, 'TopRight': 0.0225, 'BottomLeft': 0.0172265625, 'BottomRight': 0.026057249999999997}",shapes_on_2,0,nan,nan,0,nan,0,nan,nan,0,nan
6753.984,113,9,4,5,"{'TopLeft': 0.6749999999999999, 'TopRight': 0.6, 'BottomLeft': 0.525, 'BottomRight': 0.6547500715102812}","{'TopLeft': 0.028476562499999993, 'TopRight': 0.0225, 'BottomLeft': 0.0172265625, 'BottomRight': 0.026057249999999997}",shapes_on_2,0,nan,nan,0,nan,0,nan,nan,0,nan
6770.65,113,9,4,5,"{'TopLeft': 0.6749999999999999, 'TopRight': 0.6, 'BottomLeft': 0.525, 'BottomRight': 0.6547500715102812}","{'TopLeft': 0.028476562499999993, 'TopRight': 0.0225, 'BottomLeft': 0.0172265625, 'BottomRight': 0.026057249999999997}",shapes_on_2,0,nan,nan,0,nan,0,nan,nan,0,nan
6787.316,113,9,4,5,"{'TopLeft': 0.6749999999999999, 'TopRight': 0.6, 'BottomLeft': 0.525, 'BottomRight': 0.6547500715102812}","{'TopLeft': 0.028476562499999993, 'TopRight': 0.0225, 'BottomLeft': 0.0172265625, 'BottomRight': 0.026057249999999997}",shapes_on_2,0,nan,nan,0,nan,0,nan,nan,0,nan
6803.983,113,9,4,5,"{'TopLeft': 0.6749999999999999, 'TopRight': 0.6, 'BottomLeft': 0.525, 'BottomRight': 0.6547500715102812}","{'TopLeft': 0.028476562499999993, 'TopRight': 0.0225, 'BottomLeft': 0.0172265625, 'BottomRight': 0.026057249999999997}",shapes_on_2,0,nan,nan,0,nan,0,nan,nan,0,nan
6820.649,113,9,4,5,"{'TopLeft': 0.6749999999999999, 'TopRight': 0.6, 'BottomLeft': 0.525, 'BottomRight': 0.6547500715102812}","{'TopLeft': 0.028476562499999993, 'TopRight': 0.0225, 'BottomLeft': 0.0172265625, 'BottomRight': 0.026057249999999997}",shapes_on_2,0,nan,nan,0,nan,0,nan,nan,0,nan
6837.316,113,9,4,5,"{'TopLeft': 0.6749999999999999, 'TopRight': 0.6, 'BottomLeft': 0.525, 'BottomRight': 0.6547500715102812}","{'TopLeft': 0.028476562499999993, 'TopRight': 0.0225, 'BottomLeft': 0.0172265625, 'BottomRight': 0.026057249999999997}",shapes_on_2,0,nan,nan,0,nan,0,nan,nan,0,nan
6853.982,113,9,4,5,"{'TopLeft': 0.6749999999999999, 'TopRight': 0.6, 'BottomLeft': 0.525, 'BottomRight': 0.6547500715102812}","{'TopLeft': 0.028476562499999993, 'TopRight': 0.0225, 'BottomLeft': 0.0172265625, 'BottomRight': 0.026057249999999997}",shapes_on_2,0,nan,nan,0,nan,0,nan,nan,0,nan
6870.649,113,9,4,5,"{'TopLeft': 0.6749999999999999, 'TopRight': 0.6, 'BottomLeft': 0.525, 'BottomRight': 0.6547500715102812}","{'TopLeft': 0.028476562499999993, 'TopRight': 0.0225, 'BottomLeft': 0.0172265625, 'BottomRight': 0.026057249999999997}",shapes_on_2,0,nan,nan,0,nan,0,nan,nan,0,nan
6887.316,113,9,4,5,"{'TopLeft': 0.6749999999999999, 'TopRight': 0.6, 'BottomLeft': 0.525, 'BottomRight': 0.6547500715102812}","{'TopLeft': 0.028476562499999993, 'TopRight': 0.0225, 'BottomLeft': 0.0172265625, 'BottomRight': 0.026057249999999997}",shapes_on_2,0,nan,nan,0,nan,0,nan,nan,0,nan
6903.982,113,9,4,5,"{'TopLeft': 0.6749999999999999, 'TopRight': 0.6, 'BottomLeft': 0.525, 'BottomRight': 0.6547500715102812}","{'TopLeft': 0.028476562499999993, 'TopRight': 0.0225, 'BottomLeft': 0.0172265625, 'BottomRight': 0.026057249999999997}",shapes_on_2,0,nan,nan,0,nan,0,nan,nan,0,nan
6920.649,113,9,4,5,"{'TopLeft': 0.6749999999999999, 'TopRight': 0.6, 'BottomLeft': 0.525, 'BottomRight': 0.6547500715102812}","{'TopLeft': 0.028476562499999993, 'TopRight': 0.0225, 'BottomLeft': 0.0172265625, 'BottomRight': 0.026057249999999997}",shapes_on_2,0,nan,nan,0,nan,0,nan,nan,0,nan
6937.315,113,9,4,5,"{'TopLeft': 0.6749999999999999, 'TopRight': 0.6, 'BottomLeft': 0.525, 'BottomRight': 0.6547500715102812}","{'TopLeft': 0.028476562499999993, 'TopRight': 0.0225, 'BottomLeft': 0.0172265625, 'BottomRight': 0.026057249999999997}",shapes_on_2,0,nan,nan,0,nan,0,nan,nan,0,nan
6953.98,113,9,4,5,"{'TopLeft': 0.6749999999999999, 'TopRight': 0.6, 'BottomLeft': 0.525, 'BottomRight': 0.6547500715102812}","{'TopLeft': 0.028476562499999993, 'TopRight': 0.0225, 'BottomLeft': 0.0172265625, 'BottomRight': 0.026057249999999997}",shapes_on_2,0,nan,nan,0,nan,0,nan,nan,0,nan
6970.648,113,9,4,5,"{'TopLeft': 0.6749999999999999, 'TopRight': 0.6, 'BottomLeft': 0.525, 'BottomRight': 0.6547500715102812}","{'TopLeft': 0.028476562499999993, 'TopRight': 0.0225, 'BottomLeft': 0.0172265625, 'BottomRight': 0.026057249999999997}",shapes_on_2,0,nan,nan,0,nan,0,nan,nan,0,nan
6987.314,113,9,4,5,"{'TopLeft': 0.6749999999999999, 'TopRight': 0.6, 'BottomLeft': 0.525, 'BottomRight': 0.6547500715102812}","{'TopLeft': 0.028476562499999993, 'TopRight': 0.0225, 'BottomLeft': 0.0172265625, 'BottomRight': 0.026057249999999997}",shapes_on_2,0,nan,nan,0,nan,0,nan,nan,0,nan
7003.981,113,9,4,5,"{'TopLeft': 0.6749999999999999, 'TopRight': 0.6, 'BottomLeft': 0.525, 'BottomRight': 0.6547500715102812}","{'TopLeft': 0.028476562499999993, 'TopRight': 0.0225, 'BottomLeft': 0.0172265625, 'BottomRight': 0.026057249999999997}",shapes_on_2,0,nan,nan,0,nan,0,nan,nan,0,nan
7020.647,113,9,4,5,"{'TopLeft': 0.6749999999999999, 'TopRight': 0.6, 'BottomLeft': 0.525, 'BottomRight': 0.6547500715102812}","{'TopLeft': 0.028476562499999993, 'TopRight': 0.0225, 'BottomLeft': 0.0172265625, 'BottomRight': 0.026057249999999997}",shapes_on_2,0,nan,nan,0,nan,0,nan,nan,0,nan
7037.314,113,9,4,5,"{'TopLeft': 0.6749999999999999, 'TopRight': 0.6, 'BottomLeft': 0.525, 'BottomRight': 0.6547500715102812}","{'TopLeft': 0.028476562499999993, 'TopRight': 0.0225, 'BottomLeft': 0.0172265625, 'BottomRight': 0.026057249999999997}",shapes_on_2,0,nan,nan,0,nan,0,nan,nan,0,nan
7053.981,113,9,4,5,"{'TopLeft': 0.6749999999999999, 'TopRight': 0.6, 'BottomLeft': 0.525, 'BottomRight': 0.6547500715102812}","{'TopLeft': 0.028476562499999993, 'TopRight': 0.0225, 'BottomLeft': 0.0172265625, 'BottomRight': 0.026057249999999997}",shapes_on_2,0,nan,nan,0,nan,0,nan,nan,0,nan
7070.647,113,9,4,5,"{'TopLeft': 0.6749999999999999, 'TopRight': 0.6, 'BottomLeft': 0.525, 'BottomRight': 0.6547500715102812}","{'TopLeft': 0.028476562499999993, 'TopRight': 0.0225, 'BottomLeft': 0.0172265625, 'BottomRight': 0.026057249999999997}",shapes_on_2,0,nan,nan,0,nan,0,nan,nan,0,nan
7087.314,113,9,4,5,"{'TopLeft': 0.6749999999999999, 'TopRight': 0.6, 'BottomLeft': 0.525, 'BottomRight': 0.6547500715102812}","{'TopLeft': 0.028476562499999993, 'TopRight': 0.0225, 'BottomLeft': 0.0172265625, 'BottomRight': 0.026057249999999997}",shapes_on_2,0,nan,nan,0,nan,0,nan,nan,0,nan
7103.981,113,9,4,5,"{'TopLeft': 0.6749999999999999, 'TopRight': 0.6, 'BottomLeft': 0.525, 'BottomRight': 0.6547500715102812}","{'TopLeft': 0.028476562499999993, 'TopRight': 0.0225, 'BottomLeft': 0.0172265625, 'BottomRight': 0.026057249999999997}",shapes_on_2,0,nan,nan,0,nan,0,nan,nan,0,nan
7120.646,113,9,4,5,"{'TopLeft': 0.6749999999999999, 'TopRight': 0.6, 'BottomLeft': 0.525, 'BottomRight': 0.6547500715102812}","{'TopLeft': 0.028476562499999993, 'TopRight': 0.0225, 'BottomLeft': 0.0172265625, 'BottomRight': 0.026057249999999997}",shapes_on_2,0,nan,nan,0,nan,0,nan,nan,0,nan
7137.313,113,9,4,5,"{'TopLeft': 0.6749999999999999, 'TopRight': 0.6, 'BottomLeft': 0.525, 'BottomRight': 0.6547500715102812}","{'TopLeft': 0.028476562499999993, 'TopRight': 0.0225, 'BottomLeft': 0.0172265625, 'BottomRight': 0.026057249999999997}",shapes_on_2,0,nan,nan,0,nan,0,nan,nan,0,nan
7153.98,113,9,4,5,"{'TopLeft': 0.6749999999999999, 'TopRight': 0.6, 'BottomLeft': 0.525, 'BottomRight': 0.6547500715102812}","{'TopLeft': 0.028476562499999993, 'TopRight': 0.0225, 'BottomLeft': 0.0172265625, 'BottomRight': 0.026057249999999997}",shapes_on_2,0,nan,nan,0,nan,0,nan,nan,0,nan
7170.646,113,9,4,5,"{'TopLeft': 0.6749999999999999, 'TopRight': 0.6, 'BottomLeft': 0.525, 'BottomRight': 0.6547500715102812}","{'TopLeft': 0.028476562499999993, 'TopRight': 0.0225, 'BottomLeft': 0.0172265625, 'BottomRight': 0.026057249999999997}",shapes_on_2,0,nan,nan,0,nan,0,nan,nan,0,nan
7187.313,113,9,4,5,"{'TopLeft': 0.6749999999999999, 'TopRight': 0.6, 'BottomLeft': 0.525, 'BottomRight': 0.6547500715102812}","{'TopLeft': 0.028476562499999993, 'TopRight': 0.0225, 'BottomLeft': 0.0172265625, 'BottomRight': 0.026057249999999997}",shapes_on_2,0,nan,nan,0,nan,0,nan,nan,0,nan
7203.98,113,9,4,5,"{'TopLeft': 0.6749999999999999, 'TopRight': 0.6, 'BottomLeft': 0.525, 'BottomRight': 0.6547500715102812}","{'TopLeft': 0.028476562499999993, 'TopRight': 0.0225, 'BottomLeft': 0.0172265625, 'BottomRight': 0.026057249999999997}",shapes_on_2,0,nan,nan,0,nan,0,nan,nan,0,nan
7220.646,113,9,4,5,"{'TopLeft': 0.6749999999999999, 'TopRight': 0.6, 'BottomLeft': 0.525, 'BottomRight': 0.6547500715102812}","{'TopLeft': 0.028476562499999993, 'TopRight': 0.0225, 'BottomLeft': 0.0172265625, 'BottomRight': 0.026057249999999997}",shapes_on_2,0,nan,nan,0,nan,0,nan,nan,0,nan
7237.313,113,9,4,5,"{'TopLeft': 0.6749999999999999, 'TopRight': 0.6, 'BottomLeft': 0.525, 'BottomRight': 0.6547500715102812}","{'TopLeft': 0.028476562499999993, 'TopRight': 0.0225, 'BottomLeft': 0.0172265625, 'BottomRight': 0.026057249999999997}",shapes_on_2,0,nan,nan,0,nan,0,nan,nan,0,nan
7253.98,113,9,4,5,"{'TopLeft': 0.6749999999999999, 'TopRight': 0.6, 'BottomLeft': 0.525, 'BottomRight': 0.6547500715102812}","{'TopLeft': 0.028476562499999993, 'TopRight': 0.0225, 'BottomLeft': 0.0172265625, 'BottomRight': 0.026057249999999997}",shapes_on_2,0,nan,nan,0,nan,0,nan,nan,0,nan
7270.646,113,9,4,5,"{'TopLeft': 0.6749999999999999, 'TopRight': 0.6, 'BottomLeft': 0.525, 'BottomRight': 0.6547500715102812}","{'TopLeft': 0.028476562499999993, 'TopRight': 0.0225, 'BottomLeft': 0.0172265625, 'BottomRight': 0.026057249999999997}",shapes_on_2,0,nan,nan,0,nan,0,nan,nan,0,nan
7287.312,113,9,4,5,"{'TopLeft': 0.6749999999999999, 'TopRight': 0.6, 'BottomLeft': 0.525, 'BottomRight': 0.6547500715102812}","{'TopLeft': 0.028476562499999993, 'TopRight': 0.0225, 'BottomLeft': 0.0172265625, 'BottomRight': 0.026057249999999997}",shapes_on_2,0,nan,nan,0,nan,0,nan,nan,0,nan
7303.979,113,9,4,5,"{'TopLeft': 0.6749999999999999, 'TopRight': 0.6, 'BottomLeft': 0.525, 'BottomRight': 0.6547500715102812}","{'TopLeft': 0.028476562499999993, 'TopRight': 0.0225, 'BottomLeft': 0.0172265625, 'BottomRight': 0.026057249999999997}",shapes_on_2,0,nan,nan,0,nan,0,nan,nan,0,nan
7320.645,113,9,4,5,"{'TopLeft': 0.6749999999999999, 'TopRight': 0.6, 'BottomLeft': 0.525, 'BottomRight': 0.6547500715102812}","{'TopLeft': 0.028476562499999993, 'TopRight': 0.0225, 'BottomLeft': 0.0172265625, 'BottomRight': 0.026057249999999997}",shapes_on_2,0,nan,nan,0,nan,0,nan,nan,0,nan
7337.312,113,9,4,5,"{'TopLeft': 0.6749999999999999, 'TopRight': 0.6, 'BottomLeft': 0.525, 'BottomRight': 0.6547500715102812}","{'TopLeft': 0.028476562499999993, 'TopRight': 0.0225, 'BottomLeft': 0.0172265625, 'BottomRight': 0.026057249999999997}",shapes_on_2,0,nan,nan,0,nan,0,nan,nan,0,nan
7353.979,113,9,4,5,"{'TopLeft': 0.6749999999999999, 'TopRight': 0.6, 'BottomLeft': 0.525, 'BottomRight': 0.6547500715102812}","{'TopLeft': 0.028476562499999993, 'TopRight': 0.0225, 'BottomLeft': 0.0172265625, 'BottomRight': 0.026057249999999997}",shapes_on_2,0,nan,nan,0,nan,0,nan,nan,0,nan
7370.645,113,9,4,5,"{'TopLeft': 0.6749999999999999, 'TopRight': 0.6, 'BottomLeft': 0.525, 'BottomRight': 0.6547500715102812}","{'TopLeft': 0.028476562499999993, 'TopRight': 0.0225, 'BottomLeft': 0.0172265625, 'BottomRight': 0.026057249999999997}",shapes_on_2,0,nan,nan,0,nan,0,nan,nan,0,nan
7387.312,113,9,4,5,"{'TopLeft': 0.6749999999999999, 'TopRight': 0.6, 'BottomLeft': 0.525, 'BottomRight': 0.6547500715102812}","{'TopLeft': 0.028476562499999993, 'TopRight': 0.0225, 'BottomLeft': 0.0172265625, 'BottomRight': 0.026057249999999997}",shapes_on_2,0,nan,nan,0,nan,0,nan,nan,0,nan
7403.979,113,9,4,5,"{'TopLeft': 0.6749999999999999, 'TopRight': 0.6, 'BottomLeft': 0.525, 'BottomRight': 0.6547500715102812}","{'TopLeft': 0.028476562499999993, 'TopRight': 0.0225, 'BottomLeft': 0.0172265625, 'BottomRight': 0.026057249999999997}",shapes_on_2,0,nan,nan,0,nan,0,nan,nan,0,nan
7420.645,113,9,4,5,"{'TopLeft': 0.6749999999999999, 'TopRight': 0.6, 'BottomLeft': 0.525, 'BottomRight': 0.6547500715102812}","{'TopLeft': 0.028476562499999993, 'TopRight': 0.0225, 'BottomLeft': 0.0172265625, 'BottomRight': 0.026057249999999997}",shapes_on_2,0,nan,nan,0,nan,0,nan,nan,0,nan
7437.312,113,9,4,5,"{'TopLeft': 0.6749999999999999, 'TopRight': 0.6, 'BottomLeft': 0.525, 'BottomRight': 0.6547500715102812}","{'TopLeft': 0.028476562499999993, 'TopRight': 0.0225, 'BottomLeft': 0.0172265625, 'BottomRight': 0.026057249999999997}",shapes_on_2,0,nan,nan,0,nan,0,nan,nan,0,nan
7453.978,113,9,4,5,"{'TopLeft': 0.6749999999999999, 'TopRight': 0.6, 'BottomLeft': 0.525, 'BottomRight': 0.6547500715102812}","{'TopLeft': 0.028476562499999993, 'TopRight': 0.0225, 'BottomLeft': 0.0172265625, 'BottomRight': 0.026057249999999997}",shapes_on_2,0,nan,nan,0,nan,0,nan,nan,0,nan
7470.644,113,9,4,5,"{'TopLeft': 0.6749999999999999, 'TopRight': 0.6, 'BottomLeft': 0.525, 'BottomRight': 0.6547500715102812}","{'TopLeft': 0.028476562499999993, 'TopRight': 0.0225, 'BottomLeft': 0.0172265625, 'BottomRight': 0.026057249999999997}",shapes_on_2,0,nan,nan,0,nan,0,nan,nan,0,nan
7487.312,113,9,4,5,"{'TopLeft': 0.6749999999999999, 'TopRight': 0.6, 'BottomLeft': 0.525, 'BottomRight': 0.6547500715102812}","{'TopLeft': 0.028476562499999993, 'TopRight': 0.0225, 'BottomLeft': 0.0172265625, 'BottomRight': 0.026057249999999997}",shapes_on_2,0,nan,nan,0,nan,0,nan,nan,0,nan
7503.978,113,9,4,5,"{'TopLeft': 0.6749999999999999, 'TopRight': 0.6, 'BottomLeft': 0.525, 'BottomRight': 0.6547500715102812}","{'TopLeft': 0.028476562499999993, 'TopRight': 0.0225, 'BottomLeft': 0.0172265625, 'BottomRight': 0.026057249999999997}",shapes_on_2,0,nan,nan,0,nan,0,nan,nan,0,nan
7520.644,113,9,4,5,"{'TopLeft': 0.6749999999999999, 'TopRight': 0.6, 'BottomLeft': 0.525, 'BottomRight': 0.6547500715102812}","{'TopLeft': 0.028476562499999993, 'TopRight': 0.0225, 'BottomLeft': 0.0172265625, 'BottomRight': 0.026057249999999997}",shapes_on_2,0,nan,nan,0,nan,0,nan,nan,0,nan
7537.311,113,9,4,5,"{'TopLeft': 0.6749999999999999, 'TopRight': 0.6, 'BottomLeft': 0.525, 'BottomRight': 0.6547500715102812}","{'TopLeft': 0.028476562499999993, 'TopRight': 0.0225, 'BottomLeft': 0.0172265625, 'BottomRight': 0.026057249999999997}",shapes_on_2,0,nan,nan,0,nan,0,nan,nan,0,nan
7553.978,113,9,4,5,"{'TopLeft': 0.6749999999999999, 'TopRight': 0.6, 'BottomLeft': 0.525, 'BottomRight': 0.6547500715102812}","{'TopLeft': 0.028476562499999993, 'TopRight': 0.0225, 'BottomLeft': 0.0172265625, 'BottomRight': 0.026057249999999997}",shapes_on_2,0,nan,nan,0,nan,0,nan,nan,0,nan
7570.644,113,9,4,5,"{'TopLeft': 0.6749999999999999, 'TopRight': 0.6, 'BottomLeft': 0.525, 'BottomRight': 0.6547500715102812}","{'TopLeft': 0.028476562499999993, 'TopRight': 0.0225, 'BottomLeft': 0.0172265625, 'BottomRight': 0.026057249999999997}",shapes_on_2,0,nan,nan,0,nan,0,nan,nan,0,nan
7587.31,113,9,4,5,"{'TopLeft': 0.6749999999999999, 'TopRight': 0.6, 'BottomLeft': 0.525, 'BottomRight': 0.6547500715102812}","{'TopLeft': 0.028476562499999993, 'TopRight': 0.0225, 'BottomLeft': 0.0172265625, 'BottomRight': 0.026057249999999997}",shapes_on_2,0,nan,nan,0,nan,0,nan,nan,0,nan
7603.977,113,9,4,5,"{'TopLeft': 0.6749999999999999, 'TopRight': 0.6, 'BottomLeft': 0.525, 'BottomRight': 0.6547500715102812}","{'TopLeft': 0.028476562499999993, 'TopRight': 0.0225, 'BottomLeft': 0.0172265625, 'BottomRight': 0.026057249999999997}",shapes_on_2,0,nan,nan,0,nan,0,nan,nan,0,nan
7620.643,113,9,4,5,"{'TopLeft': 0.6749999999999999, 'TopRight': 0.6, 'BottomLeft': 0.525, 'BottomRight': 0.6547500715102812}","{'TopLeft': 0.028476562499999993, 'TopRight': 0.0225, 'BottomLeft': 0.0172265625, 'BottomRight': 0.026057249999999997}",shapes_on_2,0,nan,nan,0,nan,0,nan,nan,0,nan
7637.311,113,9,4,5,"{'TopLeft': 0.6749999999999999, 'TopRight': 0.6, 'BottomLeft': 0.525, 'BottomRight': 0.6547500715102812}","{'TopLeft': 0.028476562499999993, 'TopRight': 0.0225, 'BottomLeft': 0.0172265625, 'BottomRight': 0.026057249999999997}",shapes_on_2,0,nan,nan,0,nan,0,nan,nan,0,nan
7653.978,113,9,4,5,"{'TopLeft': 0.6749999999999999, 'TopRight': 0.6, 'BottomLeft': 0.525, 'BottomRight': 0.6547500715102812}","{'TopLeft': 0.028476562499999993, 'TopRight': 0.0225, 'BottomLeft': 0.0172265625, 'BottomRight': 0.026057249999999997}",curtainDown,0,nan,nan,0,nan,0,nan,nan,0,nan
7670.643,113,9,4,5,"{'TopLeft': 0.6749999999999999, 'TopRight': 0.6, 'BottomLeft': 0.525, 'BottomRight': 0.6547500715102812}","{'TopLeft': 0.028476562499999993, 'TopRight': 0.0225, 'BottomLeft': 0.0172265625, 'BottomRight': 0.026057249999999997}",curtainDown,0,nan,nan,0,nan,0,nan,nan,0,nan
7687.31,113,9,4,5,"{'TopLeft': 0.6749999999999999, 'TopRight': 0.6, 'BottomLeft': 0.525, 'BottomRight': 0.6547500715102812}","{'TopLeft': 0.028476562499999993, 'TopRight': 0.0225, 'BottomLeft': 0.0172265625, 'BottomRight': 0.026057249999999997}",curtainDown,0,nan,nan,0,nan,0,nan,nan,0,nan
7703.977,113,9,4,5,"{'TopLeft': 0.6749999999999999, 'TopRight': 0.6, 'BottomLeft': 0.525, 'BottomRight': 0.6547500715102812}","{'TopLeft': 0.028476562499999993, 'TopRight': 0.0225, 'BottomLeft': 0.0172265625, 'BottomRight': 0.026057249999999997}",curtainDown,0,nan,nan,0,nan,0,nan,nan,0,nan
7720.643,113,9,4,5,"{'TopLeft': 0.6749999999999999, 'TopRight': 0.6, 'BottomLeft': 0.525, 'BottomRight': 0.6547500715102812}","{'TopLeft': 0.028476562499999993, 'TopRight': 0.0225, 'BottomLeft': 0.0172265625, 'BottomRight': 0.026057249999999997}",curtainDown,0,nan,nan,0,nan,0,nan,nan,0,nan
7737.309,113,9,4,5,"{'TopLeft': 0.6749999999999999, 'TopRight': 0.6, 'BottomLeft': 0.525, 'BottomRight': 0.6547500715102812}","{'TopLeft': 0.028476562499999993, 'TopRight': 0.0225, 'BottomLeft': 0.0172265625, 'BottomRight': 0.026057249999999997}",curtainDown,0,nan,nan,0,nan,0,nan,nan,0,nan
7753.976,113,9,4,5,"{'TopLeft': 0.6749999999999999, 'TopRight': 0.6, 'BottomLeft': 0.525, 'BottomRight': 0.6547500715102812}","{'TopLeft': 0.028476562499999993, 'TopRight': 0.0225, 'BottomLeft': 0.0172265625, 'BottomRight': 0.026057249999999997}",curtainDown,0,nan,nan,0,nan,0,nan,nan,0,nan
7770.642,113,9,4,5,"{'TopLeft': 0.6749999999999999, 'TopRight': 0.6, 'BottomLeft': 0.525, 'BottomRight': 0.6547500715102812}","{'TopLeft': 0.028476562499999993, 'TopRight': 0.0225, 'BottomLeft': 0.0172265625, 'BottomRight': 0.026057249999999997}",curtainDown,0,nan,nan,0,nan,0,nan,nan,0,nan
7787.309,113,9,4,5,"{'TopLeft': 0.6749999999999999, 'TopRight': 0.6, 'BottomLeft': 0.525, 'BottomRight': 0.6547500715102812}","{'TopLeft': 0.028476562499999993, 'TopRight': 0.0225, 'BottomLeft': 0.0172265625, 'BottomRight': 0.026057249999999997}",curtainDown,0,nan,nan,0,nan,0,nan,nan,0,nan
7803.976,113,9,4,5,"{'TopLeft': 0.6749999999999999, 'TopRight': 0.6, 'BottomLeft': 0.525, 'BottomRight': 0.6547500715102812}","{'TopLeft': 0.028476562499999993, 'TopRight': 0.0225, 'BottomLeft': 0.0172265625, 'BottomRight': 0.026057249999999997}",curtainDown,0,nan,nan,0,nan,0,nan,nan,0,nan
7820.642,113,9,4,5,"{'TopLeft': 0.6749999999999999, 'TopRight': 0.6, 'BottomLeft': 0.525, 'BottomRight': 0.6547500715102812}","{'TopLeft': 0.028476562499999993, 'TopRight': 0.0225, 'BottomLeft': 0.0172265625, 'BottomRight': 0.026057249999999997}",curtainDown,0,nan,nan,0,nan,0,nan,nan,0,nan
7837.309,113,9,4,5,"{'TopLeft': 0.6749999999999999, 'TopRight': 0.6, 'BottomLeft': 0.525, 'BottomRight': 0.6547500715102812}","{'TopLeft': 0.028476562499999993, 'TopRight': 0.0225, 'BottomLeft': 0.0172265625, 'BottomRight': 0.026057249999999997}",curtainDown,0,nan,nan,0,nan,0,nan,nan,0,nan
7853.976,113,9,4,5,"{'TopLeft': 0.6749999999999999, 'TopRight': 0.6, 'BottomLeft': 0.525, 'BottomRight': 0.6547500715102812}","{'TopLeft': 0.028476562499999993, 'TopRight': 0.0225, 'BottomLeft': 0.0172265625, 'BottomRight': 0.026057249999999997}",curtainDown,0,nan,nan,0,nan,0,nan,nan,0,nan
7870.642,113,9,4,5,"{'TopLeft': 0.6749999999999999, 'TopRight': 0.6, 'BottomLeft': 0.525, 'BottomRight': 0.6547500715102812}","{'TopLeft': 0.028476562499999993, 'TopRight': 0.0225, 'BottomLeft': 0.0172265625, 'BottomRight': 0.026057249999999997}",curtainDown,0,nan,nan,0,nan,0,nan,nan,0,nan
7887.309,113,9,4,5,"{'TopLeft': 0.6749999999999999, 'TopRight': 0.6, 'BottomLeft': 0.525, 'BottomRight': 0.6547500715102812}","{'TopLeft': 0.028476562499999993, 'TopRight': 0.0225, 'BottomLeft': 0.0172265625, 'BottomRight': 0.026057249999999997}",curtainDown,0,nan,nan,0,nan,0,nan,nan,0,nan
7903.975,113,9,4,5,"{'TopLeft': 0.6749999999999999, 'TopRight': 0.6, 'BottomLeft': 0.525, 'BottomRight': 0.6547500715102812}","{'TopLeft': 0.028476562499999993, 'TopRight': 0.0225, 'BottomLeft': 0.0172265625, 'BottomRight': 0.026057249999999997}",curtainDown,0,nan,nan,0,nan,0,nan,nan,0,nan
7920.641,113,9,4,5,"{'TopLeft': 0.6749999999999999, 'TopRight': 0.6, 'BottomLeft': 0.525, 'BottomRight': 0.6547500715102812}","{'TopLeft': 0.028476562499999993, 'TopRight': 0.0225, 'BottomLeft': 0.0172265625, 'BottomRight': 0.026057249999999997}",curtainDown,0,nan,nan,0,nan,0,nan,nan,0,nan
7937.309,113,9,4,5,"{'TopLeft': 0.6749999999999999, 'TopRight': 0.6, 'BottomLeft': 0.525, 'BottomRight': 0.6547500715102812}","{'TopLeft': 0.028476562499999993, 'TopRight': 0.0225, 'BottomLeft': 0.0172265625, 'BottomRight': 0.026057249999999997}",curtainDown,0,nan,nan,0,nan,0,nan,nan,0,nan
7953.975,113,9,4,5,"{'TopLeft': 0.6749999999999999, 'TopRight': 0.6, 'BottomLeft': 0.525, 'BottomRight': 0.6547500715102812}","{'TopLeft': 0.028476562499999993, 'TopRight': 0.0225, 'BottomLeft': 0.0172265625, 'BottomRight': 0.026057249999999997}",curtainDown,0,nan,nan,0,nan,0,nan,nan,0,nan
7970.641,113,9,4,5,"{'TopLeft': 0.6749999999999999, 'TopRight': 0.6, 'BottomLeft': 0.525, 'BottomRight': 0.6547500715102812}","{'TopLeft': 0.028476562499999993, 'TopRight': 0.0225, 'BottomLeft': 0.0172265625, 'BottomRight': 0.026057249999999997}",curtainDown,0,nan,nan,0,nan,0,nan,nan,0,nan
7987.308,113,9,4,5,"{'TopLeft': 0.6749999999999999, 'TopRight': 0.6, 'BottomLeft': 0.525, 'BottomRight': 0.6547500715102812}","{'TopLeft': 0.028476562499999993, 'TopRight': 0.0225, 'BottomLeft': 0.0172265625, 'BottomRight': 0.026057249999999997}",curtainDown,0,nan,nan,0,nan,0,nan,nan,0,nan
8003.975,113,9,4,5,"{'TopLeft': 0.6749999999999999, 'TopRight': 0.6, 'BottomLeft': 0.525, 'BottomRight': 0.6547500715102812}","{'TopLeft': 0.028476562499999993, 'TopRight': 0.0225, 'BottomLeft': 0.0172265625, 'BottomRight': 0.026057249999999997}",curtainDown,0,nan,nan,0,nan,0,nan,nan,0,nan
8020.641,113,9,4,5,"{'TopLeft': 0.6749999999999999, 'TopRight': 0.6, 'BottomLeft': 0.525, 'BottomRight': 0.6547500715102812}","{'TopLeft': 0.028476562499999993, 'TopRight': 0.0225, 'BottomLeft': 0.0172265625, 'BottomRight': 0.026057249999999997}",curtainDown,0,nan,nan,0,nan,0,nan,nan,0,nan
8037.308,113,9,4,5,"{'TopLeft': 0.6749999999999999, 'TopRight': 0.6, 'BottomLeft': 0.525, 'BottomRight': 0.6547500715102812}","{'TopLeft': 0.028476562499999993, 'TopRight': 0.0225, 'BottomLeft': 0.0172265625, 'BottomRight': 0.026057249999999997}",curtainDown,0,nan,nan,0,nan,0,nan,nan,0,nan
8053.975,113,9,4,5,"{'TopLeft': 0.6749999999999999, 'TopRight': 0.6, 'BottomLeft': 0.525, 'BottomRight': 0.6547500715102812}","{'TopLeft': 0.028476562499999993, 'TopRight': 0.0225, 'BottomLeft': 0.0172265625, 'BottomRight': 0.026057249999999997}",curtainDown,0,nan,nan,0,nan,0,nan,nan,0,nan
8070.64,113,9,4,5,"{'TopLeft': 0.6749999999999999, 'TopRight': 0.6, 'BottomLeft': 0.525, 'BottomRight': 0.6547500715102812}","{'TopLeft': 0.028476562499999993, 'TopRight': 0.0225, 'BottomLeft': 0.0172265625, 'BottomRight': 0.026057249999999997}",curtainDown,0,nan,nan,0,nan,0,nan,nan,0,nan
8087.308,113,9,4,5,"{'TopLeft': 0.6749999999999999, 'TopRight': 0.6, 'BottomLeft': 0.525, 'BottomRight': 0.6547500715102812}","{'TopLeft': 0.028476562499999993, 'TopRight': 0.0225, 'BottomLeft': 0.0172265625, 'BottomRight': 0.026057249999999997}",curtainDown,0,nan,nan,0,nan,0,nan,nan,0,nan
8103.974,113,9,4,5,"{'TopLeft': 0.6749999999999999, 'TopRight': 0.6, 'BottomLeft': 0.525, 'BottomRight': 0.6547500715102812}","{'TopLeft': 0.028476562499999993, 'TopRight': 0.0225, 'BottomLeft': 0.0172265625, 'BottomRight': 0.026057249999999997}",curtainDown,0,nan,nan,0,nan,0,nan,nan,0,nan
8120.64,113,9,4,5,"{'TopLeft': 0.6749999999999999, 'TopRight': 0.6, 'BottomLeft': 0.525, 'BottomRight': 0.6547500715102812}","{'TopLeft': 0.028476562499999993, 'TopRight': 0.0225, 'BottomLeft': 0.0172265625, 'BottomRight': 0.026057249999999997}",curtainDown,0,nan,nan,0,nan,0,nan,nan,0,nan
8137.307,113,9,4,5,"{'TopLeft': 0.6749999999999999, 'TopRight': 0.6, 'BottomLeft': 0.525, 'BottomRight': 0.6547500715102812}","{'TopLeft': 0.028476562499999993, 'TopRight': 0.0225, 'BottomLeft': 0.0172265625, 'BottomRight': 0.026057249999999997}",curtainDown,0,nan,nan,0,nan,0,nan,nan,0,nan
8153.974,113,9,4,5,"{'TopLeft': 0.6749999999999999, 'TopRight': 0.6, 'BottomLeft': 0.525, 'BottomRight': 0.6547500715102812}","{'TopLeft': 0.028476562499999993, 'TopRight': 0.0225, 'BottomLeft': 0.0172265625, 'BottomRight': 0.026057249999999997}",curtainDown,0,nan,nan,0,nan,0,nan,nan,0,nan
8170.64,113,9,4,5,"{'TopLeft': 0.6749999999999999, 'TopRight': 0.6, 'BottomLeft': 0.525, 'BottomRight': 0.6547500715102812}","{'TopLeft': 0.028476562499999993, 'TopRight': 0.0225, 'BottomLeft': 0.0172265625, 'BottomRight': 0.026057249999999997}",curtainDown,0,nan,nan,0,nan,0,nan,nan,0,nan
8187.306,113,9,4,5,"{'TopLeft': 0.6749999999999999, 'TopRight': 0.6, 'BottomLeft': 0.525, 'BottomRight': 0.6547500715102812}","{'TopLeft': 0.028476562499999993, 'TopRight': 0.0225, 'BottomLeft': 0.0172265625, 'BottomRight': 0.026057249999999997}",curtainDown,0,nan,nan,0,nan,0,nan,nan,0,nan
8203.973,113,9,4,5,"{'TopLeft': 0.6749999999999999, 'TopRight': 0.6, 'BottomLeft': 0.525, 'BottomRight': 0.6547500715102812}","{'TopLeft': 0.028476562499999993, 'TopRight': 0.0225, 'BottomLeft': 0.0172265625, 'BottomRight': 0.026057249999999997}",curtainDown,0,nan,nan,0,nan,0,nan,nan,0,nan
8220.639,113,9,4,5,"{'TopLeft': 0.6749999999999999, 'TopRight': 0.6, 'BottomLeft': 0.525, 'BottomRight': 0.6547500715102812}","{'TopLeft': 0.028476562499999993, 'TopRight': 0.0225, 'BottomLeft': 0.0172265625, 'BottomRight': 0.026057249999999997}",curtainDown,0,nan,nan,0,nan,0,nan,nan,0,nan
