timestamp,ID,expOrder,trialNumber,event,lv,lx,ly,lpv,lps,rv,rx,ry,rpv,rps
5.047,9,1,1,stimulusMovement,1,-0.032444794972737626,-0.005159258842468262,1,3.3907470703125,1,0.28025542365180117,0.08582276105880737,1,3.3571624755859375
21.691,9,1,1,stimulusMovement,1,-0.0716409683227539,-0.004210472106933594,1,3.41461181640625,1,0.22406397925482854,-0.001107335090637207,1,3.4163360595703125
38.33,9,1,1,stimulusMovement,1,-0.06564124425252278,-0.03247880935668945,1,3.4708251953125,1,0.23219193352593315,0.04211479425430298,1,3.3850250244140625
54.982,9,1,1,stimulusMovement,1,-0.047169791327582464,-0.0513572096824646,1,3.532989501953125,1,0.2445217768351237,0.03008994460105896,1,3.3450164794921875
71.644,9,1,1,stimulusMovement,1,-0.08268515268961588,-0.028816282749176025,1,3.46356201171875,1,0.2631615532769097,0.00025340914726257324,1,3.467254638671875
88.304,9,1,1,stimulusMovement,1,-0.0658461782667372,-0.02889496088027954,1,3.4466400146484375,1,0.23095883263481987,-0.018751859664916992,1,3.5115814208984375
104.966,9,1,1,stimulusMovement,0,nan,nan,0,nan,1,0.21477317810058594,0.020755887031555176,1,3.3177947998046875
121.628,9,1,1,stimulusMovement,1,-0.0937201182047526,0.01283574104309082,1,3.40869140625,1,0.21196556091308594,0.06622928380966187,1,3.2491302490234375
138.288,9,1,1,stimulusMovement,1,-0.0573173099093967,0.00881245732307434,1,3.3939666748046875,1,0.19149557749430338,0.038394421339035034,1,3.3359527587890625
154.95,9,1,1,stimulusMovement,0,nan,nan,0,nan,1,0.20972018771701387,0.04134559631347656,1,3.3414459228515625
171.612,9,1,1,stimulusMovement,1,-0.08828088972303602,0.013071954250335693,1,3.3522186279296875,1,0.21092658572726777,0.030851006507873535,1,3.3471221923828125
188.285,9,1,1,stimulusMovement,1,-0.06936968697441949,0.014585733413696289,1,3.3731842041015625,0,nan,nan,0,nan
204.98,9,1,1,stimulusMovement,1,-0.04961914486355251,0.04894420504570007,1,3.27435302734375,1,0.2157727347479926,0.03484216332435608,1,3.3307952880859375
221.679,9,1,1,stimulusMovement,1,-0.19428412119547525,-0.0071160197257995605,1,3.3318328857421875,1,0.09569337632921006,0.04032337665557861,1,3.2922210693359375
238.365,9,1,1,stimulusMovement,1,-0.1639690399169922,0.019565731287002563,1,3.283111572265625,1,0.0704772737291124,0.031342148780822754,1,3.245269775390625
255.032,9,1,1,stimulusMovement,1,-0.15918636322021484,0.013984709978103638,1,3.291473388671875,0,nan,nan,0,nan
271.699,9,1,1,stimulusMovement,1,-0.15498230192396376,0.025771915912628174,1,3.2627105712890625,1,0.09545866648356119,0.0672006905078888,1,3.1449432373046875
288.36,9,1,1,stimulusMovement,1,-0.17019663916693792,-0.014660477638244629,1,3.4132080078125,1,0.10322274102105033,0.07101210951805115,1,3.2297210693359375
305.016,9,1,1,stimulusMovement,1,-0.08750385708279079,-0.03556394577026367,1,3.5087890625,0,nan,nan,0,nan
321.67,9,1,1,stimulusMovement,1,-0.16030189726087782,0.01777857542037964,1,3.2970733642578125,0,nan,nan,0,nan
338.327,9,1,1,stimulusMovement,1,-0.16817982991536456,0.04026079177856445,1,3.2628936767578125,1,0.10966173807779947,0.02482244372367859,1,3.281585693359375
354.992,9,1,1,stimulusMovement,1,-0.1230624516805013,0.013892412185668945,1,3.3554840087890625,1,0.25548871358235675,0.06550538539886475,1,3.217987060546875
371.657,9,1,1,stimulusMovement,1,-0.06333669026692708,-0.011950433254241943,1,3.35833740234375,1,0.2584480709499783,0.04466891288757324,1,3.24578857421875
388.329,9,1,1,stimulusMovement,1,0.06298658582899305,0.10299623012542725,1,3.3690338134765625,1,0.35386000739203555,0.22042232751846313,1,3.141693115234375
405.016,9,1,1,stimulusMovement,1,0.041941960652669266,0.14053186774253845,1,3.173919677734375,1,0.34977128770616317,0.1975933313369751,1,3.159210205078125
421.703,9,1,1,stimulusMovement,1,-0.0025081104702419704,0.16485941410064697,1,3.185760498046875,1,0.37300660875108504,0.17841851711273193,1,3.218963623046875
438.385,9,1,1,stimulusMovement,1,-0.012855953640407985,0.16547539830207825,1,3.1511993408203125,1,0.3553959528605143,0.20549869537353516,1,3.0659942626953125
455.053,9,1,1,stimulusMovement,1,-0.01429144541422526,0.13208729028701782,1,3.2780609130859375,1,0.34217198689778644,0.20235824584960938,1,3.0816802978515625
471.72,9,1,1,stimulusMovement,1,0.0019236670600043403,0.17463305592536926,1,3.1986236572265625,1,0.37158563401963973,0.1671687662601471,1,3.225830078125
488.382,9,1,1,stimulusMovement,1,0.025637202792697482,0.2107330560684204,1,3.0841064453125,1,0.39291996426052517,0.16767647862434387,1,3.201019287109375
505.036,9,1,1,stimulusMovement,1,0.03575558132595486,0.17375439405441284,1,3.221282958984375,1,0.36917294396294487,0.16836702823638916,1,3.112640380859375
521.69,9,1,1,stimulusMovement,1,0.13124444749620226,0.19162800908088684,1,3.202117919921875,1,0.3755001491970486,0.17389416694641113,1,3.172088623046875
538.348,9,1,1,stimulusMovement,1,0.16527875264485675,0.18736106157302856,1,3.151123046875,1,0.38406605190700954,0.1917504072189331,1,3.150177001953125
555.015,9,1,1,stimulusMovement,1,0.1319075690375434,0.13530945777893066,1,3.26812744140625,1,0.39002079433865017,0.15773922204971313,1,3.1712646484375
571.681,9,1,1,stimulusMovement,1,0.24237166510687932,0.22204625606536865,1,3.202850341796875,1,0.5119514465332031,0.2607978284358978,1,3.1709747314453125
588.346,9,1,1,stimulusMovement,1,0.25170421600341797,0.26737450063228607,1,3.2025146484375,1,0.5058782365587022,0.30248408019542694,1,3.198577880859375
605.013,9,1,1,stimulusMovement,1,0.26894113752577037,0.26132868230342865,1,3.263458251953125,1,0.4975406858656141,0.31763264536857605,1,3.1795806884765625
621.681,9,1,1,stimulusMovement,1,0.30332713656955296,0.25336161255836487,1,3.2518463134765625,1,0.5218906402587891,0.2969619482755661,1,3.1808013916015625
638.348,9,1,1,stimulusMovement,1,0.30796655019124347,0.2955552637577057,1,3.177886962890625,1,0.5512970818413628,0.2857478857040405,1,3.188568115234375
655.014,9,1,1,stimulusMovement,1,0.3002998563978407,0.2298496663570404,1,3.34039306640625,1,0.5180028279622395,0.3008299469947815,1,3.2193756103515625
671.681,9,1,1,stimulusMovement,1,0.3147869110107422,0.26470696926116943,1,3.252532958984375,1,0.5780306922064887,0.2798740267753601,1,3.1929473876953125
688.344,9,1,1,stimulusMovement,1,0.34013324313693577,0.27631065249443054,1,3.238189697265625,1,0.554607179429796,0.2963345795869827,1,3.176544189453125
705.007,9,1,1,stimulusMovement,1,0.353077040778266,0.28169216215610504,1,3.276702880859375,1,0.5685899522569444,0.32286663353443146,1,3.169158935546875
721.67,9,1,1,stimulusMovement,1,0.34457068973117405,0.29804134368896484,1,3.2067413330078125,1,0.5930510626898872,0.3168281763792038,1,3.1588592529296875
738.333,9,1,1,stimulusMovement,1,0.35596656799316406,0.26832902431488037,1,3.263824462890625,1,0.5902595520019531,0.2791766971349716,1,3.2616119384765625
755.0,9,1,1,stimulusMovement,1,0.37937630547417533,0.26437079906463623,1,3.310302734375,1,0.6146789126925998,0.3213682472705841,1,3.1586151123046875
771.666,9,1,1,stimulusMovement,1,0.388919194539388,0.28925472497940063,1,3.253875732421875,1,0.6401898066202799,0.30926287174224854,1,3.154083251953125
788.333,9,1,1,stimulusMovement,1,0.4168667263454861,0.3032710701227188,1,3.2802734375,1,0.6109252505832248,0.3149470239877701,1,3.1963043212890625
805.007,9,1,1,stimulusMovement,1,0.3889964421590169,0.3114549070596695,1,3.273193359375,1,0.648832533094618,0.3214006572961807,1,3.1693878173828125
821.681,9,1,1,stimulusMovement,1,0.41818300882975257,0.25459346175193787,1,3.3579254150390625,1,0.650159200032552,0.2801551967859268,1,3.2181243896484375
838.352,9,1,1,stimulusMovement,1,0.4676780700683594,0.295389860868454,1,3.258636474609375,1,0.7032847934299045,0.28316524624824524,1,3.3299407958984375
855.019,9,1,1,stimulusMovement,1,0.554963641696506,0.3726213574409485,1,3.2989044189453125,1,0.8144768608940972,0.39703284204006195,1,3.157470703125
871.686,9,1,1,stimulusMovement,1,0.5687806871202257,0.3414762616157532,1,3.3551025390625,1,0.8148158391316731,0.3669756054878235,1,3.289093017578125
888.351,9,1,1,stimulusMovement,1,0.5637387169731988,0.36207015812397003,1,3.3399200439453125,1,0.8247730467054578,0.3724474310874939,1,3.263336181640625
905.019,9,1,1,stimulusMovement,1,0.5614524417453342,0.3421201705932617,1,3.3708953857421875,1,0.8165181477864583,0.36361947655677795,1,3.314727783203125
921.688,9,1,1,stimulusMovement,1,0.5832701789008247,0.36914077401161194,1,3.3486785888671875,1,0.8104654947916666,0.417547270655632,1,3.2010498046875
938.355,9,1,1,stimulusMovement,1,0.5656847423977321,0.3353928029537201,1,3.4443359375,1,0.8151475058661566,0.3649369031190872,1,3.2635650634765625
955.024,9,1,1,stimulusMovement,1,0.5937905841403537,0.3905240148305893,1,3.3649444580078125,1,0.8221456739637586,0.35060451924800873,1,3.3199462890625
971.691,9,1,1,stimulusMovement,1,0.5890977647569444,0.3495137691497803,1,3.45355224609375,1,0.8294183943006727,0.3912685811519623,1,3.27471923828125
988.359,9,1,1,stimulusMovement,1,0.6064078013102213,0.354354128241539,1,3.456512451171875,1,0.8444706598917643,0.36557282507419586,1,3.38519287109375
1005.026,9,1,1,stimulusMovement,1,0.5945892333984375,0.36523252725601196,1,3.4461517333984375,1,0.8480836020575628,0.35250328481197357,1,3.36590576171875
1021.693,9,1,1,stimulusMovement,1,0.5928217569986979,0.34713225066661835,1,3.4677581787109375,1,0.8386484781901041,0.37548115849494934,1,3.4005584716796875
1038.359,9,1,1,stimulusMovement,1,0.6075672573513454,0.3356427550315857,1,3.474578857421875,1,0.8542139265272352,0.40524815022945404,1,3.305694580078125
1055.026,9,1,1,stimulusMovement,1,0.6115271250406901,0.38115520775318146,1,3.4755096435546875,1,0.8480734295315212,0.39345424622297287,1,3.3770751953125
1071.693,9,1,1,stimulusMovement,1,0.6199133131239148,0.34577494859695435,1,3.4613189697265625,1,0.8586073981391058,0.36899009346961975,1,3.3602752685546875
1088.357,9,1,1,stimulusMovement,1,0.6152186923556857,0.3435804843902588,1,3.5112152099609375,1,0.8624142540825738,0.3764750212430954,1,3.40576171875
1105.024,9,1,1,stimulusMovement,1,0.6314762963189019,0.36949606239795685,1,3.4445953369140625,1,0.8784835603502061,0.3971823453903198,1,3.31658935546875
1121.69,9,1,1,stimulusMovement,1,0.6141064961751301,0.3494283854961395,1,3.4462432861328125,1,0.8698254691229925,0.32110825181007385,1,3.50640869140625
1138.356,9,1,1,stimulusMovement,1,0.6318961249457465,0.37741100043058395,1,3.507415771484375,1,0.8657001919216579,0.37045200169086456,1,3.3914031982421875
1155.022,9,1,1,stimulusMovement,1,0.6306730906168619,0.34840071201324463,1,3.5348663330078125,1,0.841809696621365,0.35912710428237915,1,3.455047607421875
1171.689,9,1,1,stimulusMovement,1,0.6283719804551866,0.33358973264694214,1,3.52813720703125,1,0.8241117265489366,0.37733757495880127,1,3.3246307373046875
1188.354,9,1,1,stimulusMovement,1,0.6049034330579969,0.3562726676464081,1,3.5513763427734375,1,0.8690932591756184,0.3858674317598343,1,3.393463134765625
1205.02,9,1,1,stimulusMovement,1,0.607429716322157,0.32138940691947937,1,3.5768280029296875,1,0.8661410013834635,0.3659861534833908,1,3.3795013427734375
1221.686,9,1,1,stimulusMovement,1,0.6096373664008247,0.3661275804042816,1,3.536865234375,1,0.8646956549750433,0.406554251909256,1,3.375946044921875
1238.352,9,1,1,stimulusMovement,1,0.6082608964708116,0.35174891352653503,1,3.5055694580078125,1,0.8616831037733289,0.3755732923746109,1,3.3932342529296875
1255.018,9,1,1,stimulusMovement,1,0.6108378304375542,0.365953654050827,1,3.4990234375,1,0.8584649827745225,0.39844590425491333,1,3.4257354736328125
1271.685,9,1,1,stimulusMovement,1,0.5951266818576388,0.33155788481235504,1,3.5569000244140625,1,0.8568759494357638,0.3804309740662575,1,3.37921142578125
1288.35,9,1,1,stimulusMovement,1,0.6071879069010416,0.35112617909908295,1,3.539886474609375,1,0.8711843490600586,0.4181825816631317,1,3.4054718017578125
1305.017,9,1,1,stimulusMovement,1,0.6001529693603516,0.3859783560037613,1,3.5529632568359375,1,0.8445534176296657,0.38167285919189453,1,3.45751953125
1321.684,9,1,1,stimulusMovement,1,0.6341661877102321,0.38494542241096497,1,3.539031982421875,1,0.8757067786322699,0.3968326523900032,1,3.433349609375
1338.35,9,1,1,stimulusMovement,1,0.613374286227756,0.37155067920684814,1,3.545623779296875,1,0.8832651774088541,0.3846319615840912,1,3.445892333984375
1355.017,9,1,1,stimulusMovement,1,0.6025890774197048,0.34094318747520447,1,3.58721923828125,1,0.8656867345174153,0.38705310225486755,1,3.4224700927734375
1371.684,9,1,1,stimulusMovement,1,0.5855479770236545,0.3479021489620209,1,3.597381591796875,1,0.8689212799072266,0.38085585832595825,1,3.5045928955078125
1388.35,9,1,1,stimulusMovement,1,0.5947318606906467,0.34795548021793365,1,3.64410400390625,1,0.864137225680881,0.3841015249490738,1,3.459014892578125
1405.016,9,1,1,stimulusMovement,1,0.6126972834269205,0.3474264144897461,1,3.6059417724609375,1,0.8652623494466145,0.3767218291759491,1,3.4666290283203125
1421.683,9,1,1,stimulusMovement,1,0.622209866841634,0.37171897292137146,1,3.5853424072265625,1,0.8824344211154513,0.3588153123855591,1,3.4801483154296875
1438.349,9,1,1,stimulusMovement,1,0.6260746849907769,0.4157366007566452,1,3.530059814453125,1,0.8733926349216037,0.4009452313184738,1,3.4623565673828125
1455.016,9,1,1,stimulusMovement,1,0.6127304501003689,0.38714782893657684,1,3.5850067138671875,1,0.8697603013780382,0.40182341635227203,1,3.4651947021484375
1471.683,9,1,1,stimulusMovement,1,0.6393532223171657,0.4151910990476608,1,3.5585784912109375,1,0.8624593946668836,0.4038739576935768,1,3.4907989501953125
1488.349,9,1,1,stimulusMovement,1,0.6342888938056098,0.38572801649570465,1,3.5982818603515625,1,0.8609256744384766,0.39969636499881744,1,3.491180419921875
1505.015,9,1,1,stimulusMovement,1,0.6290669971042209,0.39242035150527954,1,3.552001953125,1,0.861641142103407,0.42548733204603195,1,3.4434356689453125
1521.682,9,1,1,stimulusMovement,0,nan,nan,0,nan,1,0.8646987279256184,0.4056929051876068,1,3.4764404296875
1538.348,9,1,1,stimulusMovement,1,0.6093901528252496,0.3928970545530319,1,3.5762939453125,1,0.8697415457831488,0.40890856087207794,1,3.510162353515625
1555.015,9,1,1,stimulusMovement,1,0.60654173956977,0.43118125200271606,1,3.5682373046875,1,0.8548177083333333,0.4057992547750473,1,3.5188140869140625
1571.683,9,1,1,stimulusMovement,1,0.6075668334960938,0.39427414536476135,1,3.645751953125,1,0.8699285719129773,0.40306617319583893,1,3.4985809326171875
1588.349,9,1,1,stimulusMovement,1,0.6139994727240669,0.3961974009871483,1,3.618255615234375,1,0.8521154191758897,0.43796441704034805,1,3.4240264892578125
1605.016,9,1,1,stimulusMovement,1,0.6105189853244357,0.39197973906993866,1,3.6104278564453125,1,0.850017335679796,0.412850059568882,1,3.493743896484375
1621.683,9,1,1,stimulusMovement,1,0.5947443644205729,0.3854273706674576,1,3.6270751953125,1,0.8479066424899631,0.4345870316028595,1,3.4831085205078125
1638.349,9,1,1,stimulusMovement,1,0.5875517527262369,0.3707031011581421,1,3.6080322265625,1,0.8521200815836588,0.4093230217695236,1,3.4710540771484375
1655.016,9,1,1,stimulusMovement,1,0.5943158467610676,0.37664565443992615,1,3.58746337890625,1,0.8573835160997179,0.3960323929786682,1,3.49560546875
1671.683,9,1,1,stimulusMovement,1,0.5988570319281684,0.3847418576478958,1,3.5875244140625,1,0.8533638848198785,0.4064549654722214,1,3.55316162109375
1688.349,9,1,1,stimulusMovement,1,0.6029417249891492,0.3825277090072632,1,3.5746002197265625,1,0.8582189348008897,0.4023764356970787,1,3.515411376953125
1705.016,9,1,1,stimulusMovement,1,0.6075233883327907,0.3752737492322922,1,3.6310882568359375,1,0.8430105845133463,0.40304210782051086,1,3.5029144287109375
1721.683,9,1,1,stimulusMovement,1,0.6206099192301432,0.37005043029785156,1,3.6168212890625,1,0.8422420289781358,0.41075053811073303,1,3.4846649169921875
1738.349,9,1,1,stimulusMovement,1,0.6096138424343532,0.368745356798172,1,3.6171417236328125,1,0.8591158125135633,0.3943154513835907,1,3.5950927734375
1755.017,9,1,1,stimulusMovement,1,0.6108966403537326,0.3703966438770294,1,3.6252593994140625,1,0.8479616377088758,0.4150305241346359,1,3.513153076171875
1771.683,9,1,1,stimulusMovement,1,0.6145822736952039,0.38507603108882904,1,3.6014556884765625,1,0.8295523325602213,0.41785307228565216,1,3.53155517578125
1788.349,9,1,1,stimulusMovement,1,0.628813001844618,0.3939692750573158,1,3.630767822265625,1,0.8565900590684679,0.3984452486038208,1,3.5410614013671875
1805.016,9,1,1,stimulusMovement,1,0.575460327996148,0.37290623784065247,1,3.707733154296875,1,0.8375176323784722,0.4119797497987747,1,3.5217742919921875
1821.684,9,1,1,stimulusMovement,1,0.5931597815619575,0.3732187747955322,1,3.6809539794921875,1,0.8469755384657117,0.39165598154067993,1,3.5474853515625
1838.35,9,1,1,stimulusMovement,1,0.6100690629747179,0.3729626536369324,1,3.62359619140625,1,0.8555271360609266,0.39060862362384796,1,3.56524658203125
1855.017,9,1,1,stimulusMovement,1,0.5963466432359483,0.3782615661621094,1,3.6635589599609375,1,0.8621146943834093,0.40943828970193863,1,3.5736541748046875
1871.683,9,1,1,stimulusMovement,1,0.6131227281358507,0.4071626216173172,1,3.6414794921875,1,0.8413509792751735,0.41204162687063217,1,3.547393798828125
1888.35,9,1,1,stimulusMovement,1,0.6111473507351345,0.3875453472137451,1,3.70989990234375,1,0.8594267103407117,0.41919347643852234,1,3.543548583984375
1905.017,9,1,1,stimulusMovement,1,0.6167775260077583,0.3907708525657654,1,3.677703857421875,1,0.8502167595757378,0.4202088862657547,1,3.5358734130859375
1921.684,9,1,1,stimulusMovement,1,0.6250313652886285,0.388814277946949,1,3.6419830322265625,1,0.8645673327975802,0.38680531084537506,1,3.6112060546875
1938.35,9,1,1,stimulusMovement,1,0.6094385782877604,0.3759940043091774,1,3.7102813720703125,1,0.8627185821533203,0.4250156879425049,1,3.5255889892578125
1955.017,9,1,1,stimulusMovement,1,0.6186020109388563,0.3924442529678345,1,3.6281280517578125,1,0.8497361077202691,0.4114260748028755,1,3.5496063232421875
1971.684,9,1,1,stimulusMovement,1,0.6019275453355577,0.38315922766923904,1,3.6597442626953125,1,0.8409314685397677,0.4141353964805603,1,3.49102783203125
1988.349,9,1,1,stimulusMovement,1,0.6022652520073785,0.3827722668647766,1,3.7019195556640625,1,0.8553409576416016,0.41998181492090225,1,3.5147247314453125
2005.016,9,1,1,stimulusMovement,1,0.6156391567654079,0.3809947520494461,1,3.641448974609375,1,0.8627537621392144,0.40820469707250595,1,3.533233642578125
2021.683,9,1,1,stimulusMovement,1,0.6179220411512586,0.39969825744628906,1,3.6520538330078125,1,0.8709527121649847,0.40920138359069824,1,3.6253662109375
2038.349,9,1,1,stimulusMovement,1,0.6207761764526367,0.3779871463775635,1,3.6590118408203125,1,0.8594373067220051,0.3866192698478699,1,3.5322113037109375
2055.016,9,1,1,stimulusMovement,1,0.6275392108493381,0.4071525037288666,1,3.6009674072265625,1,0.8556804656982422,0.36865945160388947,1,3.6084442138671875
2071.683,9,1,1,stimulusMovement,1,0.6251288519965278,0.3637164831161499,1,3.6480560302734375,1,0.8564513524373372,0.4268779754638672,1,3.536346435546875
2088.349,9,1,1,stimulusMovement,1,0.6171896192762586,0.35686956346035004,1,3.6784515380859375,1,0.8708150651719835,0.42830847203731537,1,3.5666656494140625
2105.015,9,1,1,stimulusMovement,1,0.617214626736111,0.39354316890239716,1,3.5877227783203125,1,0.867229249742296,0.4211806207895279,1,3.541961669921875
2121.682,9,1,1,stimulusMovement,1,0.6328279707166883,0.39998652040958405,1,3.53057861328125,1,0.8590604994032117,0.406438872218132,1,3.5588226318359375
2138.348,9,1,1,stimulusMovement,1,0.6124545203314887,0.37962689995765686,1,3.6017608642578125,1,0.8630765279134114,0.4043499752879143,1,3.5942840576171875
2155.015,9,1,1,stimulusMovement,1,0.6192879146999782,0.37138596177101135,1,3.6576690673828125,1,0.8564796447753906,0.4286271408200264,1,3.5345611572265625
2171.682,9,1,1,stimulusMovement,1,0.6296347512139214,0.39214328676462173,1,3.618927001953125,1,0.8580553266737195,0.4093587100505829,1,3.5615386962890625
2188.348,9,1,1,stimulusMovement,1,0.6251632902357313,0.3949407786130905,1,3.617095947265625,1,0.8841520945231119,0.42006491869688034,1,3.563232421875
2205.014,9,1,1,stimulusMovement,1,0.6084135903252496,0.3727497309446335,1,3.6562347412109375,1,0.8568638695610894,0.4284520000219345,1,3.5604095458984375
2221.681,9,1,1,stimulusMovement,1,0.6158163282606336,0.3683883845806122,1,3.66314697265625,1,0.8680135938856336,0.3727720230817795,1,3.6671905517578125
2238.347,9,1,1,stimulusMovement,1,0.6142243279351128,0.39739953726530075,1,3.6402435302734375,1,0.8456579844156901,0.39728406071662903,1,3.6045684814453125
2255.014,9,1,1,stimulusMovement,1,0.6467740800645616,0.3765425533056259,1,3.6248321533203125,1,0.8646230697631836,0.41989997029304504,1,3.5379638671875
2271.681,9,1,1,stimulusMovement,1,0.6079430050320095,0.37175095081329346,1,3.65081787109375,1,0.8613265355428059,0.39647798240184784,1,3.5982513427734375
2288.347,9,1,1,stimulusMovement,1,0.5955719417995876,0.38834503293037415,1,3.6873931884765625,1,0.8654856152004665,0.40699830651283264,1,3.571868896484375
2305.014,9,1,1,stimulusMovement,1,0.5976456536187066,0.3534692972898483,1,3.6942901611328125,1,0.8592715793185763,0.41339195519685745,1,3.5719146728515625
2321.68,9,1,1,stimulusMovement,1,0.6028502782185872,0.37215282022953033,1,3.7040557861328125,1,0.8565541373358831,0.4102878123521805,1,3.601898193359375
2338.346,9,1,1,stimulusMovement,1,0.6126026577419704,0.3775840401649475,1,3.670745849609375,1,0.8690709008110894,0.4050682485103607,1,3.6058349609375
2355.013,9,1,1,stimulusMovement,1,0.6408757103814019,0.3964911475777626,1,3.6067657470703125,1,0.8556815253363714,0.40946730971336365,1,3.6204986572265625
2371.68,9,1,1,stimulusMovement,1,0.6213867399427625,0.3895155042409897,1,3.655609130859375,1,0.8602162467108831,0.4215236008167267,1,3.618804931640625
2388.346,9,1,1,stimulusMovement,1,0.621201409233941,0.3705779165029526,1,3.665252685546875,1,0.8785574171278211,0.3924793526530266,1,3.657989501953125
2405.013,9,1,1,stimulusMovement,1,0.6330750783284504,0.37940144538879395,1,3.71490478515625,1,0.8773279190063477,0.40813422203063965,1,3.579742431640625
2421.68,9,1,1,stimulusMovement,1,0.6335829628838433,0.38244304060935974,1,3.6770782470703125,1,0.8781492445203992,0.4080711901187897,1,3.6214447021484375
2438.346,9,1,1,stimulusMovement,1,0.6389484405517578,0.39394084364175797,1,3.6671142578125,1,0.8671163982815212,0.42005571722984314,1,3.56103515625
2455.013,9,1,1,stimulusMovement,1,0.6243627336290147,0.39053069055080414,1,3.69342041015625,1,0.8616564008924695,0.4121731072664261,1,3.6316986083984375
2471.68,9,1,1,fixation,1,0.6382187737358941,0.4054068997502327,1,3.6400909423828125,1,0.8628052605523003,0.4101685807108879,1,3.5461273193359375
2488.346,9,1,1,fixation,1,0.6582842932807075,0.294134184718132,1,3.3179779052734375,1,0.8496642642550998,0.3629312664270401,1,3.3159027099609375
2505.014,9,1,1,fixation,0,nan,nan,0,nan,0,nan,nan,0,nan
2521.681,9,1,1,fixation,1,0.6051681306627061,0.3783107101917267,1,3.72119140625,1,0.861641142103407,0.4005875885486603,1,3.6296539306640625
2538.346,9,1,1,fixation,1,0.6561869515313042,0.29618605971336365,1,3.3269500732421875,1,0.8554079267713758,0.35629016160964966,1,3.3365478515625
2555.013,9,1,1,fixation,0,nan,nan,0,nan,0,nan,nan,0,nan
2571.68,9,1,1,fixation,1,0.6245706346299913,0.37665773928165436,1,3.7251434326171875,1,0.8719986809624566,0.4170849695801735,1,3.624298095703125
2588.346,9,1,1,fixation,1,0.6510336134168836,0.3377590924501419,1,3.3387451171875,1,0.8470014995998806,0.360476553440094,1,3.3332061767578125
2605.014,9,1,1,fixation,0,nan,nan,0,nan,0,nan,nan,0,nan
2621.681,9,1,1,fixation,1,0.6283347871568468,0.37530601024627686,1,3.7324066162109375,1,0.8439130783081055,0.40055838227272034,1,3.65399169921875
2638.346,9,1,1,fixation,1,0.6489302317301432,0.3368610739707947,1,3.3320770263671875,1,0.8479933208889431,0.366223469376564,1,3.3339996337890625
2655.014,9,1,1,fixation,0,nan,nan,0,nan,0,nan,nan,0,nan
2671.681,9,1,1,fixation,1,0.6265534294976128,0.38673172891139984,1,3.686004638671875,1,0.8520080778333875,0.415621779859066,1,3.56573486328125
2688.347,9,1,1,fixation,1,0.6490230560302734,0.32895970344543457,1,3.320220947265625,1,0.8404206169976128,0.3644433319568634,1,3.3289794921875
2705.014,9,1,1,fixation,0,nan,nan,0,nan,0,nan,nan,0,nan
2721.681,9,1,1,fixation,1,0.6199995676676432,0.37086401879787445,1,3.7183380126953125,1,0.8518712785508897,0.3964162766933441,1,3.57940673828125
2738.348,9,1,1,fixation,1,0.6512042151557075,0.35383492708206177,1,3.3231048583984375,1,0.8518402311537,0.3718131184577942,1,3.3202972412109375
2755.014,9,1,1,fixation,0,nan,nan,0,nan,0,nan,nan,0,nan
2771.682,9,1,1,fixation,1,0.6355602476331922,0.3863513693213463,1,3.6852569580078125,1,0.8594928317599826,0.39565302431583405,1,3.613739013671875
2788.348,9,1,1,fixation,1,0.6578302383422852,0.35959480702877045,1,3.3211669921875,1,0.852458741929796,0.3810921460390091,1,3.3066558837890625
2805.015,9,1,1,fixation,0,nan,nan,0,nan,0,nan,nan,0,nan
2821.682,9,1,1,fixation,1,0.6307135687934028,0.4035862013697624,1,3.6526336669921875,1,0.8569327460394964,0.4134804680943489,1,3.6122894287109375
2838.348,9,1,1,fixation,1,0.6497675577799479,0.34887343645095825,1,3.3168487548828125,1,0.853823767768012,0.38313843309879303,1,3.32330322265625
2855.016,9,1,1,fixation,0,nan,nan,0,nan,0,nan,nan,0,nan
2871.682,9,1,1,fixation,1,0.6183630625406901,0.4025973454117775,1,3.66278076171875,1,0.8694975111219617,0.3978877067565918,1,3.6091461181640625
2888.348,9,1,1,fixation,1,0.6505489349365234,0.37107492983341217,1,3.3185272216796875,1,0.8538467619154188,0.3743107169866562,1,3.3079986572265625
2905.015,9,1,1,fixation,0,nan,nan,0,nan,0,nan,nan,0,nan
2921.682,9,1,1,fixation,1,0.632798088921441,0.3691931962966919,1,3.653839111328125,1,0.8791448805067273,0.40980616956949234,1,3.6486663818359375
2938.349,9,1,1,fixation,1,0.6621159447564019,0.35670486092567444,1,3.3105621337890625,1,0.8477197223239474,0.3784556984901428,1,3.305145263671875
2955.016,9,1,1,fixation,0,nan,nan,0,nan,0,nan,nan,0,nan
2971.683,9,1,1,fixation,1,0.6291865242852105,0.38461966812610626,1,3.6505126953125,1,0.858274671766493,0.41678817570209503,1,3.62921142578125
2988.349,9,1,1,fixation,1,0.656833012898763,0.34718190133571625,1,3.2971038818359375,1,0.8534546958075628,0.3746058791875839,1,3.3020477294921875
3005.016,9,1,1,fixation,0,nan,nan,0,nan,0,nan,nan,0,nan
3021.684,9,1,1,fixation,1,0.6346878475613064,0.38680456578731537,1,3.63946533203125,1,0.8726238674587673,0.41281847655773163,1,3.602752685546875
3038.35,9,1,1,fixation,1,0.6561113993326823,0.3649866431951523,1,3.31024169921875,1,0.8521645863850911,0.3718492090702057,1,3.306976318359375
3055.017,9,1,1,fixation,0,nan,nan,0,nan,0,nan,nan,0,nan
3071.684,9,1,1,fixation,1,0.6287286546495225,0.3956334963440895,1,3.73431396484375,1,0.8572747972276475,0.45285070315003395,1,3.53857421875
3088.35,9,1,1,fixation,1,0.6640964084201388,0.34900963306427,1,3.31640625,1,0.8540331522623698,0.37537530809640884,1,3.3188018798828125
3105.018,9,1,1,fixation,0,nan,nan,0,nan,0,nan,nan,0,nan
3121.685,9,1,1,fixation,1,0.6518854565090603,0.4040631577372551,1,3.6818389892578125,1,0.8678086598714192,0.4117082729935646,1,3.5836639404296875
3138.351,9,1,1,fixation,1,0.6542066997951931,0.354286253452301,1,3.3355560302734375,1,0.8473419613308376,0.3682280480861664,1,3.3354644775390625
3155.018,9,1,1,fixation,0,nan,nan,0,nan,0,nan,nan,0,nan
3171.685,9,1,1,fixation,1,0.6031386057535807,0.36885055899620056,1,3.817779541015625,1,0.8584961361355251,0.4267563968896866,1,3.6131591796875
3188.35,9,1,1,fixation,1,0.6548029581705729,0.3430778980255127,1,3.355987548828125,1,0.8493872748480902,0.3662511706352234,1,3.3620758056640625
3205.017,9,1,1,fixation,0,nan,nan,0,nan,0,nan,nan,0,nan
3221.684,9,1,1,fixation,1,0.6199794345431857,0.3930726945400238,1,3.7998809814453125,1,0.863541497124566,0.4232993349432945,1,3.701141357421875
3238.35,9,1,1,fixation,1,0.6507562001546223,0.3711153566837311,1,3.3927764892578125,1,0.8506782319810655,0.38932424783706665,1,3.3954925537109375
3255.017,9,1,1,fixation,0,nan,nan,0,nan,0,nan,nan,0,nan
3271.684,9,1,1,fixation,1,0.6259808010525173,0.42227376252412796,1,3.7857818603515625,1,0.8829536437988281,0.4242953881621361,1,3.6926116943359375
3288.35,9,1,1,fixation,1,0.6545683542887369,0.34616000950336456,1,3.407989501953125,1,0.8533945083618164,0.3939431756734848,1,3.4161834716796875
3305.017,9,1,1,fixation,0,nan,nan,0,nan,0,nan,nan,0,nan
3321.684,9,1,1,fixation,1,0.634100596110026,0.41243652254343033,1,3.787567138671875,1,0.8584710227118597,0.4407125264406204,1,3.725006103515625
3338.35,9,1,1,fixation,1,0.6485676235622829,0.3637658655643463,1,3.449920654296875,1,0.8473934597439235,0.39399298280477524,1,3.436767578125
3355.017,9,1,1,fixation,0,nan,nan,0,nan,0,nan,nan,0,nan
3371.684,9,1,1,fixation,1,0.6289117601182725,0.39787524938583374,1,3.8293914794921875,1,0.8709691365559895,0.4119352176785469,1,3.779937744140625
3388.35,9,1,1,fixation,1,0.6468679640028211,0.34304079413414,1,3.4626617431640625,1,0.8478033277723523,0.37723591923713684,1,3.4555206298828125
3405.017,9,1,1,fixation,0,nan,nan,0,nan,0,nan,nan,0,nan
3421.684,9,1,1,fixation,1,0.6320264604356554,0.4080139845609665,1,3.8222503662109375,1,0.865502463446723,0.41401010006666183,1,3.776092529296875
3438.35,9,1,1,fixation,1,0.6460022396511501,0.3613715171813965,1,3.4897918701171875,1,0.8497191535101996,0.38013723492622375,1,3.4651947021484375
3455.017,9,1,1,stimulusMovement,0,nan,nan,0,nan,0,nan,nan,0,nan
3471.684,9,1,1,stimulusMovement,1,0.6227656470404731,0.39287911355495453,1,3.875335693359375,1,0.8457306755913628,0.4308488517999649,1,3.733673095703125
3488.35,9,1,1,stimulusMovement,1,0.6160739262898762,0.39577654004096985,1,3.9428253173828125,1,0.8397382100423176,0.4314754083752632,1,3.7969818115234375
3505.016,9,1,1,stimulusMovement,1,0.6123867034912109,0.38954751193523407,1,3.879058837890625,1,0.8511524200439453,0.42756812274456024,1,3.81719970703125
3521.683,9,1,1,stimulusMovement,1,0.6135394838121202,0.3796994760632515,1,3.8949432373046875,1,0.8630171881781683,0.42647361755371094,1,3.83245849609375
3538.349,9,1,1,stimulusMovement,1,0.5979020860460069,0.37424615025520325,1,3.992706298828125,1,0.8453542921278211,0.4117351397871971,1,3.7906494140625
3555.016,9,1,1,stimulusMovement,1,0.6124740176730685,0.39282112568616867,1,3.9408416748046875,1,0.8578121397230359,0.4217539429664612,1,3.8431549072265625
3571.683,9,1,1,stimulusMovement,1,0.6068341996934679,0.39568011462688446,1,3.9078826904296875,1,0.8489351272583008,0.4229377210140228,1,3.8523101806640625
3588.349,9,1,1,stimulusMovement,1,0.6143461863199869,0.3774808198213577,1,3.9652862548828125,1,0.8421235614352756,0.425445057451725,1,3.8426971435546875
3605.016,9,1,1,stimulusMovement,1,0.6061077117919922,0.38182149827480316,1,3.96240234375,1,0.8341477711995442,0.4277688190340996,1,3.8491058349609375
3621.683,9,1,1,stimulusMovement,1,0.624183866712782,0.3992737978696823,1,3.95245361328125,1,0.8368710411919488,0.42523783445358276,1,3.8522491455078125
3638.349,9,1,1,stimulusMovement,1,0.6112605200873481,0.3863869458436966,1,4.0384674072265625,1,0.8339256710476345,0.4204109385609627,1,3.8097686767578125
3655.016,9,1,1,stimulusMovement,1,0.6131977505154079,0.3822581470012665,1,4.033355712890625,1,0.8347786797417535,0.4034808427095413,1,3.8732452392578125
3671.683,9,1,1,stimulusMovement,1,0.6113658481174045,0.3821825012564659,1,4.0033111572265625,1,0.8345241546630859,0.41763242334127426,1,3.858001708984375
3688.349,9,1,1,stimulusMovement,1,0.6085080040825738,0.38802260160446167,1,3.9546661376953125,1,0.8151285383436414,0.41856391727924347,1,3.8408660888671875
3705.016,9,1,1,stimulusMovement,1,0.6173088285658094,0.38898421823978424,1,3.97332763671875,1,0.8411950005425347,0.41098497807979584,1,3.878082275390625
3721.683,9,1,1,stimulusMovement,1,0.6151223712497287,0.39988186210393906,1,3.9359893798828125,1,0.8380393981933594,0.415221631526947,1,3.83721923828125
3738.349,9,1,1,stimulusMovement,1,0.6102650960286458,0.37138499319553375,1,4.0001220703125,1,0.85482300652398,0.4246464669704437,1,3.85198974609375
3755.016,9,1,1,stimulusMovement,1,0.6314805348714192,0.3853258788585663,1,3.9548492431640625,1,0.8495201534695095,0.4111601412296295,1,3.84991455078125
3771.683,9,1,1,stimulusMovement,1,0.6327230665418836,0.3798469603061676,1,3.9795379638671875,1,0.85417726304796,0.4029838368296623,1,3.9009246826171875
3788.349,9,1,1,stimulusMovement,1,0.6398126814100477,0.3824378177523613,1,3.942535400390625,1,0.8501379224989148,0.4127938449382782,1,3.865966796875
3805.016,9,1,1,stimulusMovement,1,0.6229160096910265,0.38723520934581757,1,3.989959716796875,1,0.8500094943576388,0.4305874705314636,1,3.8518829345703125
3821.683,9,1,1,stimulusMovement,1,0.6283173031277126,0.39727720618247986,1,3.962799072265625,1,0.8664513693915472,0.4278935492038727,1,3.9214935302734375
3838.348,9,1,1,stimulusMovement,1,0.6171724531385633,0.3779061585664749,1,3.967681884765625,1,0.8557696872287326,0.4253998175263405,1,3.8875274658203125
3855.015,9,1,1,stimulusMovement,1,0.6328375074598523,0.378511980175972,1,3.92327880859375,1,0.8695855670505099,0.41324667632579803,1,3.8569793701171875
3871.682,9,1,1,stimulusMovement,1,0.6346229977077907,0.38876963406801224,1,3.950897216796875,1,0.852953275044759,0.4043194204568863,1,3.8525543212890625
3888.348,9,1,1,stimulusMovement,1,0.6361100938585069,0.37909606099128723,1,3.9905853271484375,1,0.8598166571723089,0.4180433824658394,1,3.9227752685546875
3905.015,9,1,1,stimulusMovement,1,0.6344602372911241,0.3805035576224327,1,3.9338226318359375,1,0.8530978096856011,0.41609422862529755,1,3.8922119140625
3921.682,9,1,1,stimulusMovement,1,0.6307991875542535,0.37532084435224533,1,3.958038330078125,1,0.8667405446370442,0.417918860912323,1,3.8804931640625
3938.347,9,1,1,stimulusMovement,1,0.6352140638563367,0.3787083327770233,1,3.9266204833984375,1,0.8503322601318359,0.4158698171377182,1,3.877655029296875
3955.014,9,1,1,stimulusMovement,1,0.6296633614434136,0.37658317387104034,1,3.9654083251953125,1,0.8528643714057074,0.39465637505054474,1,3.86767578125
3971.681,9,1,1,stimulusMovement,1,0.6289598676893445,0.3853131979703903,1,4.019012451171875,1,0.8483237160576714,0.4065438359975815,1,3.9178466796875
3988.347,9,1,1,stimulusMovement,1,0.6192880206637912,0.3602795898914337,1,3.9886016845703125,1,0.8567822774251301,0.3815898597240448,1,3.9028472900390625
4005.013,9,1,1,stimulusMovement,1,0.6228689617580837,0.37025827169418335,1,3.95513916015625,0,nan,nan,0,nan
4021.68,9,1,1,stimulusMovement,1,0.6333529154459635,0.3768111765384674,1,3.9716949462890625,1,0.8640683492024739,0.40593715757131577,1,3.968658447265625
4038.346,9,1,1,stimulusMovement,1,0.6370472378200954,0.3849020227789879,1,3.931365966796875,1,0.8556170993381076,0.4158424735069275,1,3.932281494140625
4055.013,9,1,1,stimulusMovement,1,0.6374574237399631,0.39549867808818817,1,3.9532318115234375,1,0.8538197411431206,0.42050398141145706,1,3.997589111328125
4071.679,9,1,1,stimulusMovement,1,0.6133505503336588,0.3565868139266968,1,3.974884033203125,1,0.8332559797498914,0.39805006980895996,1,3.9217681884765625
4088.345,9,1,1,stimulusMovement,1,0.6289288202921549,0.3799445629119873,1,3.968536376953125,1,0.8607711791992188,0.41287901997566223,1,3.902130126953125
4105.012,9,1,1,stimulusMovement,1,0.6287095811631944,0.37368737161159515,1,3.970977783203125,1,0.8437150319417317,0.4159916192293167,1,3.94110107421875
4121.679,9,1,1,stimulusMovement,1,0.6237947675916883,0.36220067739486694,1,3.9777984619140625,1,0.8604858186509874,0.40771451592445374,1,3.893402099609375
4138.344,9,1,1,stimulusMovement,1,0.6133539411756727,0.36582741141319275,1,4.00714111328125,1,0.8429571787516276,0.42143353819847107,1,3.9409637451171875
4155.01,9,1,1,stimulusMovement,1,0.61590576171875,0.3749319612979889,1,3.9449615478515625,1,0.8640549977620442,0.40851517766714096,1,3.9155426025390625
4171.677,9,1,1,stimulusMovement,1,0.6182577345106336,0.3669975697994232,1,3.9582672119140625,1,0.8512242635091145,0.41641777753829956,1,3.916168212890625
4188.343,9,1,1,stimulusMovement,1,0.6222845713297526,0.3681558668613434,1,4.0088043212890625,1,0.8376009199354383,0.4049900621175766,1,3.936309814453125
4205.009,9,1,1,stimulusMovement,1,0.6057590908474392,0.3640798479318619,1,3.981292724609375,1,0.8480626212226019,0.41059277951717377,1,3.962738037109375
4221.676,9,1,1,stimulusMovement,1,0.6133450402153863,0.36057594418525696,1,4.0004730224609375,1,0.8471844991048176,0.41089455783367157,1,3.9093017578125
4238.342,9,1,1,stimulusMovement,1,0.621732923719618,0.36677178740501404,1,3.98583984375,1,0.8539956410725911,0.39476120471954346,1,3.9509735107421875
4255.009,9,1,1,stimulusMovement,1,0.6288977728949653,0.36807557940483093,1,3.9525909423828125,1,0.8524672190348307,0.38423142582178116,1,3.899627685546875
4271.675,9,1,1,stimulusMovement,1,0.5949009789360894,0.3634142279624939,1,3.9790191650390625,1,0.8473069932725694,0.41019996255636215,1,3.9125823974609375
4288.341,9,1,1,stimulusMovement,1,0.5992968877156575,0.3711737394332886,1,3.9939727783203125,1,0.8408164978027344,0.4002617970108986,1,3.893768310546875
4305.008,9,1,1,stimulusMovement,1,0.6296627256605359,0.3798190951347351,1,3.94000244140625,1,0.8457281324598523,0.41683997958898544,1,3.9167938232421875
4321.674,9,1,1,stimulusMovement,1,0.6131621466742622,0.364615261554718,1,3.987335205078125,1,0.8299298816257052,0.4207969978451729,1,3.9439544677734375
4338.34,9,1,1,stimulusMovement,1,0.6173133850097656,0.38332991302013397,1,3.96533203125,1,0.8391816880967882,0.40965619683265686,1,3.9341278076171875
4355.007,9,1,1,stimulusMovement,1,0.6303206549750434,0.37596212327480316,1,3.9637908935546875,1,0.854376580980089,0.38968389481306076,1,3.9487762451171875
4371.673,9,1,1,stimulusMovement,1,0.6133428149753146,0.37612609565258026,1,3.9498748779296875,1,0.857200092739529,0.41878072917461395,1,3.8575592041015625
4388.339,9,1,1,stimulusMovement,1,0.6283357408311632,0.3929108530282974,1,3.9465484619140625,1,0.841032240125868,0.3968963921070099,1,3.9083099365234375
4405.006,9,1,1,stimulusMovement,1,0.6083884769015842,0.3719353973865509,1,4.02734375,1,0.8313490549723307,0.41049113869667053,1,3.8154449462890625
4421.672,9,1,1,stimulusMovement,1,0.6025128894382052,0.3684767931699753,1,3.9920501708984375,1,0.8359441757202148,0.40480540692806244,1,3.878204345703125
4438.338,9,1,1,stimulusMovement,1,0.6069050894843208,0.3751383274793625,1,3.938934326171875,1,0.8378783331976996,0.4101685881614685,1,3.848876953125
4455.005,9,1,1,stimulusMovement,1,0.6129926045735676,0.3717886656522751,1,3.8783721923828125,1,0.8300779130723741,0.40846770256757736,1,3.8976287841796875
4471.671,9,1,1,stimulusMovement,1,0.6129974789089626,0.379002183675766,1,3.9294281005859375,1,0.8348509470621744,0.4185706749558449,1,3.9035491943359375
4488.336,9,1,1,stimulusMovement,1,0.6152594884236653,0.3802161067724228,1,3.9141998291015625,1,0.838889651828342,0.4140177518129349,1,3.903533935546875
4505.003,9,1,1,stimulusMovement,1,0.61125734117296,0.36461877822875977,1,3.889129638671875,1,0.8344321780734592,0.3894364982843399,1,3.9353179931640625
4521.669,9,1,1,stimulusMovement,1,0.6088771820068359,0.3675743043422699,1,3.9026031494140625,1,0.8345965279473199,0.4029315188527107,1,3.8604736328125
4538.335,9,1,1,stimulusMovement,1,0.6035486857096354,0.3853619545698166,1,3.8437957763671875,1,0.8478315141465929,0.40449467301368713,1,3.8219451904296875
4555.002,9,1,1,stimulusMovement,1,0.6120783487955729,0.3937304764986038,1,3.8309478759765625,1,0.8271238538953992,0.40399428457021713,1,3.8665313720703125
4571.669,9,1,1,stimulusMovement,1,0.6182530721028645,0.39076943695545197,1,3.8628082275390625,1,0.8437093098958333,0.4073182940483093,1,3.839111328125
4588.334,9,1,1,stimulusMovement,1,0.6111536026000977,0.38093531131744385,1,3.8896484375,1,0.8502292633056641,0.4101927950978279,1,3.79901123046875
4605.001,9,1,1,stimulusMovement,1,0.6015146043565538,0.37160731852054596,1,3.912384033203125,1,0.8573392232259114,0.42423567920923233,1,3.8248748779296875
4621.667,9,1,1,stimulusMovement,1,0.6084147559271919,0.37948568910360336,1,3.8500213623046875,1,0.8345752292209201,0.41001762449741364,1,3.795318603515625
4638.333,9,1,1,stimulusMovement,1,0.6098982493082682,0.36830493807792664,1,3.8792266845703125,1,0.8515034781561956,0.39898110926151276,1,3.8075714111328125
4655.0,9,1,1,stimulusMovement,1,0.6234744389851887,0.3696513772010803,1,3.8426971435546875,1,0.8318574693467882,0.42415250837802887,1,3.771026611328125
4671.666,9,1,1,stimulusMovement,1,0.6063068177964952,0.40216919779777527,1,3.8101348876953125,1,0.8348205354478624,0.38794029504060745,1,3.8261871337890625
4688.332,9,1,1,stimulusMovement,1,0.616411526997884,0.40382012724876404,1,3.7987213134765625,1,0.856212404039171,0.4183438718318939,1,3.8028564453125
4704.998,9,1,1,stimulusMovement,1,0.6242279476589626,0.39176396280527115,1,3.8317108154296875,1,0.843019167582194,0.40866417437791824,1,3.806854248046875
4721.665,9,1,1,stimulusMovement,1,0.6014237933688693,0.39132487773895264,1,3.8561553955078125,0,nan,nan,0,nan
4738.331,9,1,1,stimulusMovement,1,0.61430909898546,0.4012324586510658,1,3.7793426513671875,1,0.839053365919325,0.4366957098245621,1,3.790252685546875
4754.997,9,1,1,stimulusMovement,1,0.6069803237915039,0.3720688670873642,1,3.815521240234375,1,0.8575057983398438,0.4158538952469826,1,3.766632080078125
4771.664,9,1,1,stimulusMovement,1,0.6131865183512369,0.4080289527773857,1,3.793792724609375,1,0.8355339898003472,0.4461337700486183,1,3.7378692626953125
4788.329,9,1,1,stimulusMovement,1,0.6122124989827473,0.3925996422767639,1,3.798797607421875,1,0.8433837890625,0.4178958088159561,1,3.79095458984375
4804.996,9,1,1,stimulusMovement,1,0.6267123752170138,0.39227136969566345,1,3.8098297119140625,1,0.8537449306911892,0.43645575642585754,1,3.7427520751953125
4821.662,9,1,1,stimulusMovement,1,0.6123862796359592,0.3938778042793274,1,3.8026275634765625,1,0.8511805004543728,0.43217502534389496,1,3.7815704345703125
4838.328,9,1,1,stimulusMovement,1,0.6307843526204426,0.39005016535520554,1,3.8118438720703125,1,0.8566741943359375,0.4193858578801155,1,3.7720489501953125
4854.994,9,1,1,stimulusMovement,1,0.6168006261189778,0.4049353748559952,1,3.7982177734375,1,0.8348566691080729,0.4193638563156128,1,3.7826690673828125
4871.661,9,1,1,stimulusMovement,1,0.6287884182400173,0.384904682636261,1,3.7813262939453125,1,0.8513438966539171,0.43093088269233704,1,3.7656097412109375
4888.326,9,1,1,stimulusMovement,1,0.6392566892835828,0.393844909965992,1,3.8108978271484375,1,0.8443451987372503,0.4212396740913391,1,3.813201904296875
4904.993,9,1,1,stimulusMovement,1,0.6299336751302083,0.3883559927344322,1,3.805511474609375,1,0.8420573340521917,0.43243251740932465,1,3.78265380859375
4921.66,9,1,1,stimulusMovement,1,0.6270395914713541,0.40740466862916946,1,3.72467041015625,1,0.8476901584201388,0.4257909655570984,1,3.74981689453125
4938.325,9,1,1,stimulusMovement,1,0.6100788116455078,0.38201701641082764,1,3.816925048828125,1,0.8576501210530598,0.4266780614852905,1,3.75115966796875
4954.992,9,1,1,stimulusMovement,1,0.6236421797010633,0.3840276747941971,1,3.77264404296875,1,0.8407821655273438,0.42966828495264053,1,3.78021240234375
4971.658,9,1,1,stimulusMovement,1,0.6144854227701823,0.3776255398988724,1,3.838470458984375,1,0.8511739306979709,0.416277714073658,1,3.8212890625
4988.324,9,1,1,stimulusMovement,1,0.6147291395399305,0.38781414926052094,1,3.802215576171875,1,0.8491403791639539,0.4227652922272682,1,3.770172119140625
5004.991,9,1,1,stimulusMovement,1,0.6290273666381836,0.4013603702187538,1,3.7822418212890625,1,0.8541749318440754,0.4278484284877777,1,3.7783050537109375
5021.657,9,1,1,stimulusMovement,1,0.627080069647895,0.4076213017106056,1,3.794830322265625,1,0.8361299302842882,0.4251757338643074,1,3.7583465576171875
5038.322,9,1,1,stimulusMovement,1,0.6119261847601997,0.3878885358572006,1,3.82421875,1,0.8373146057128906,0.40639203041791916,1,3.7977447509765625
5054.989,9,1,1,stimulusMovement,1,0.6166922251383463,0.38082125782966614,1,3.85614013671875,1,0.8360783259073893,0.4203486889600754,1,3.791595458984375
5071.656,9,1,1,stimulusMovement,1,0.6314910252888997,0.4048880934715271,1,3.8119354248046875,1,0.8447115156385633,0.42975908517837524,1,3.7508544921875
5088.321,9,1,1,stimulusMovement,1,0.6234425438774956,0.3800216168165207,1,3.833038330078125,1,0.8364103105333116,0.4444570057094097,1,3.741302490234375
5104.987,9,1,1,stimulusMovement,1,0.6265424092610676,0.3953131139278412,1,3.8310394287109375,1,0.8553988138834635,0.4227086156606674,1,3.7938385009765625
5121.654,9,1,1,stimulusMovement,1,0.6253121693929036,0.39636076986789703,1,3.816741943359375,1,0.8585406409369574,0.4128895699977875,1,3.7558135986328125
5138.319,9,1,1,stimulusMovement,1,0.6223161485460069,0.38667958229780197,1,3.8505401611328125,1,0.8376245498657227,0.43272964656352997,1,3.784912109375
5154.986,9,1,1,stimulusMovement,1,0.6256540086534288,0.38812386989593506,1,3.8656463623046875,1,0.8590043385823567,0.41329047083854675,1,3.834686279296875
5171.653,9,1,1,stimulusMovement,1,0.6349440680609809,0.3859826475381851,1,3.8408355712890625,1,0.8622008429633246,0.4041701704263687,1,3.7820587158203125
5188.317,9,1,1,stimulusMovement,1,0.6354488796657985,0.39127033948898315,1,3.8390350341796875,1,0.8271024492051866,0.393599197268486,1,3.8450164794921875
5204.984,9,1,1,stimulusMovement,1,0.6075240241156684,0.39517706632614136,1,3.8321990966796875,1,0.8448137707180446,0.3958473727107048,1,3.8292083740234375
5221.651,9,1,1,stimulusMovement,1,0.6107254028320312,0.3769307881593704,1,3.8522186279296875,1,0.8388900756835938,0.4267873167991638,1,3.7396392822265625
5238.316,9,1,1,stimulusMovement,1,0.5917294820149739,0.3618452697992325,1,3.8941192626953125,1,0.8369981977674695,0.4053279086947441,1,3.8110504150390625
5254.983,9,1,1,stimulusMovement,1,0.6056480407714844,0.3837379068136215,1,3.8281402587890625,1,0.835309346516927,0.4028538540005684,1,3.772430419921875
5271.649,9,1,1,stimulusMovement,1,0.5947456359863281,0.35702383518218994,1,3.8428955078125,1,0.8153955671522352,0.40723418444395065,1,3.7805938720703125
5288.315,9,1,1,stimulusMovement,1,0.5949443181355794,0.388282835483551,1,3.7895050048828125,1,0.8173924552069769,0.4072784185409546,1,3.7448883056640625
5304.981,9,1,1,stimulusMovement,1,0.5878903071085612,0.37177667021751404,1,3.8164825439453125,1,0.792817645602756,0.414667084813118,1,3.7500152587890625
5321.648,9,1,1,stimulusMovement,1,0.522060818142361,0.31821976602077484,1,3.8435821533203125,1,0.7666418287489148,0.39301684498786926,1,3.725341796875
5338.313,9,1,1,stimulusMovement,1,0.42761590745713973,0.23473098874092102,1,3.7408294677734375,1,0.63315306769477,0.2709788978099823,1,3.770263671875
5354.979,9,1,1,stimulusMovement,1,0.4037229749891493,0.24481135606765747,1,3.7408294677734375,1,0.6256828308105469,0.2668672651052475,1,3.76397705078125
5371.646,9,1,1,stimulusMovement,1,0.417714966668023,0.24241742491722107,1,3.7519378662109375,1,0.6216994391547309,0.26199479401111603,1,3.6824188232421875
5388.311,9,1,1,stimulusMovement,1,0.4017480214436849,0.2237987518310547,1,3.7845458984375,1,0.6124841901991102,0.2767329812049866,1,3.715850830078125
5404.978,9,1,1,stimulusMovement,1,0.39651605818006724,0.22304823994636536,1,3.755279541015625,1,0.6074284447564019,0.2810751795768738,1,3.685302734375
5421.645,9,1,1,stimulusMovement,1,0.3823269738091363,0.245609313249588,1,3.710723876953125,1,0.6168187459309895,0.24632227420806885,1,3.7108154296875
5438.309,9,1,1,stimulusMovement,1,0.36820856730143225,0.23576140403747559,1,3.707275390625,1,0.5996286604139539,0.2547314912080765,1,3.711578369140625
5454.976,9,1,1,stimulusMovement,1,0.3509728113810221,0.2105526626110077,1,3.79022216796875,1,0.572140163845486,0.2507181912660599,1,3.7055206298828125
5471.643,9,1,1,stimulusMovement,1,0.33919864230685765,0.21680551767349243,1,3.7577362060546875,1,0.5795468224419488,0.2358909249305725,1,3.6690521240234375
5488.308,9,1,1,stimulusMovement,1,0.34922313690185547,0.23144900798797607,1,3.7506866455078125,1,0.5806980133056641,0.2547857165336609,1,3.67132568359375
5504.975,9,1,1,stimulusMovement,1,0.3326714833577474,0.24219515919685364,1,3.71124267578125,1,0.5554610358344184,0.23362678289413452,1,3.71575927734375
5521.641,9,1,1,stimulusMovement,1,0.30266910129123265,0.2135755717754364,1,3.82916259765625,1,0.5475771162245009,0.2524010241031647,1,3.7030029296875
5538.307,9,1,1,stimulusMovement,1,0.31408924526638454,0.2233828902244568,1,3.70269775390625,1,0.5363547007242838,0.23538929224014282,1,3.69622802734375
5554.974,9,1,1,stimulusMovement,1,0.28934648301866317,0.23978248238563538,1,3.692352294921875,1,0.5290452109442817,0.25981178879737854,1,3.70513916015625
5571.641,9,1,1,stimulusMovement,1,0.21797921922471786,0.19323158264160156,1,3.7367706298828125,1,0.46448834737141925,0.22470471262931824,1,3.6584625244140625
5588.307,9,1,1,stimulusMovement,1,0.11763827006022134,0.12354201078414917,1,3.6972503662109375,1,0.40343941582573783,0.16155022382736206,1,3.6604156494140625
5604.973,9,1,1,stimulusMovement,1,0.12271340688069661,0.12846413254737854,1,3.715362548828125,1,0.38038338555230033,0.150171160697937,1,3.6655120849609375
5621.64,9,1,1,stimulusMovement,1,0.1273327933417426,0.11960327625274658,1,3.698211669921875,1,0.36643536885579425,0.13557809591293335,1,3.637115478515625
5638.306,9,1,1,stimulusMovement,1,0.10900190141465928,0.11156672239303589,1,3.707916259765625,1,0.3602965672810872,0.1414400339126587,1,3.64788818359375
5654.973,9,1,1,stimulusMovement,1,0.10038948059082031,0.11071443557739258,1,3.67266845703125,1,0.34563361273871523,0.12197566032409668,1,3.653900146484375
5671.64,9,1,1,stimulusMovement,1,0.10880894131130642,0.11290845274925232,1,3.686859130859375,1,0.34904660118950737,0.10907918214797974,1,3.625030517578125
5688.305,9,1,1,stimulusMovement,1,0.10291862487792969,0.13110065460205078,1,3.630340576171875,1,0.32705921596950954,0.10623502731323242,1,3.625701904296875
5704.972,9,1,1,stimulusMovement,1,0.09524864620632595,0.10723769664764404,1,3.6308135986328125,1,0.3250454796685113,0.13175630569458008,1,3.593170166015625
5721.639,9,1,1,stimulusMovement,1,0.09189891815185547,0.12243199348449707,1,3.65570068359375,1,0.32652642991807723,0.1492357850074768,1,3.5926971435546875
5738.305,9,1,1,stimulusMovement,1,0.07593207889133029,0.11491191387176514,1,3.6248931884765625,1,0.3364564047919379,0.12300601601600647,1,3.6050262451171875
5754.972,9,1,1,stimulusMovement,1,0.0682618882921007,0.09210526943206787,1,3.6123809814453125,1,0.31542714436848956,0.10053500533103943,1,3.6422576904296875
5771.638,9,1,1,stimulusMovement,1,0.06330850389268664,0.08799630403518677,1,3.6148223876953125,1,0.3171328438652886,0.11292910575866699,1,3.570220947265625
5788.304,9,1,1,stimulusMovement,1,0.07161712646484375,0.08520084619522095,1,3.6170196533203125,1,0.32251336839463973,0.11525681614875793,1,3.58203125
5804.971,9,1,1,stimulusMovement,1,0.06633334689670138,0.06791156530380249,1,3.689117431640625,1,0.3217967351277669,0.10422161221504211,1,3.5567779541015625
5821.638,9,1,1,stimulusMovement,1,0.04546292622884114,0.07854646444320679,1,3.6172943115234375,1,0.3069748348659939,0.11436450481414795,1,3.537384033203125
5838.304,9,1,1,stimulusMovement,1,0.03510697682698567,0.06056782603263855,1,3.6264801025390625,1,0.2883226606580946,0.10737478733062744,1,3.547271728515625
5854.97,9,1,1,stimulusMovement,1,0.031894048055013016,0.07993471622467041,1,3.5344085693359375,1,0.29360368516710067,0.09418433904647827,1,3.569427490234375
5871.637,9,1,1,stimulusMovement,1,0.03969277275933159,0.06751847267150879,1,3.51641845703125,1,0.2768660651312934,0.06575697660446167,1,3.5534515380859375
5888.303,9,1,1,stimulusMovement,1,0.00024053785536024303,0.05695819854736328,1,3.543060302734375,1,0.2708674536810981,0.0518149733543396,1,3.61468505859375
5904.97,9,1,1,stimulusMovement,1,0.012749989827473957,0.04348990321159363,1,3.5516204833984375,1,0.23174254099527994,0.05849945545196533,1,3.574981689453125
5921.637,9,1,1,stimulusMovement,1,-0.01484839121500651,0.06949955224990845,1,3.5122528076171875,1,0.23388131459554035,0.06419262290000916,1,3.48321533203125
5938.302,9,1,1,stimulusMovement,1,-0.038221518198649086,0.05017012357711792,1,3.5265960693359375,1,0.21935134463840059,0.050827205181121826,1,3.5027313232421875
5954.969,9,1,1,stimulusMovement,1,-0.050128300984700516,0.049154698848724365,1,3.495941162109375,1,0.19992997911241317,0.06491827964782715,1,3.4217376708984375
5971.636,9,1,1,stimulusMovement,1,-0.07045989566379122,0.03143391013145447,1,3.473846435546875,1,0.17404058244493273,0.05870610475540161,1,3.45599365234375
5988.302,9,1,1,stimulusMovement,1,-0.06833775838216145,0.04326218366622925,1,3.4254913330078125,1,0.15912596384684244,0.042399823665618896,1,3.438507080078125
6004.969,9,1,1,stimulusMovement,1,-0.08542611863878037,-0.0011181235313415527,1,3.5052337646484375,1,0.16479386223687065,0.044144272804260254,1,3.40423583984375
6021.635,9,1,1,stimulusMovement,1,-0.20587121115790472,-0.004444122314453125,1,3.483917236328125,1,0.029271761576334633,0.05525922775268555,1,3.3710784912109375
6038.301,9,1,1,stimulusMovement,1,-0.206513245900472,0.022294819355010986,1,3.3951873779296875,1,0.038883739047580294,0.021570831537246704,1,3.43157958984375
6054.968,9,1,1,stimulusMovement,1,-0.21376662784152559,0.014581680297851562,1,3.3820343017578125,1,0.012219005160861544,0.028680771589279175,1,3.426361083984375
6071.635,9,1,1,stimulusMovement,1,-0.23064724604288736,-0.005514025688171387,1,3.41558837890625,1,0.003700680202907986,0.017451345920562744,1,3.3955841064453125
6088.301,9,1,1,stimulusMovement,1,-0.23272837532891166,-0.008826375007629395,1,3.3954315185546875,1,0.013563368055555554,0.03875315189361572,1,3.3485260009765625
6104.967,9,1,1,stimulusMovement,1,-0.3051009707980686,-0.05178743600845337,1,3.3428802490234375,1,-0.028376738230387367,-0.04715406894683838,1,3.4292755126953125
6121.634,9,1,1,stimulusMovement,1,-0.3761488596598307,-0.158702552318573,1,3.51373291015625,1,-0.06524658203125,-0.08366763591766357,1,3.4138031005859375
6138.3,9,1,1,stimulusMovement,1,-0.3751743634541829,-0.15175861120224,1,3.4833526611328125,1,-0.11220900217692056,-0.10143411159515381,1,3.3968505859375
6154.967,9,1,1,stimulusMovement,1,-0.38023874494764537,-0.19131183624267578,1,3.5379791259765625,1,-0.1115492714775933,-0.1070718765258789,1,3.435272216796875
6171.634,9,1,1,stimulusMovement,1,-0.3857349819607205,-0.14179253578186035,1,3.420135498046875,1,-0.12827343410915798,-0.13235771656036377,1,3.4644775390625
6188.299,9,1,1,stimulusMovement,1,-0.4166586663987901,-0.14623045921325684,1,3.451507568359375,1,-0.12490675184461805,-0.10835200548171997,1,3.389434814453125
6204.966,9,1,1,stimulusMovement,1,-0.4127991994222005,-0.151891827583313,1,3.405303955078125,1,-0.18138853708902994,-0.15458768606185913,1,3.486114501953125
6221.633,9,1,1,stimulusMovement,1,-0.41816345850626624,-0.15279841423034668,1,3.41351318359375,1,-0.15198967191908094,-0.1457369327545166,1,3.4922027587890625
6238.299,9,1,1,stimulusMovement,1,-0.46056614981757266,-0.18517231941223145,1,3.510162353515625,1,-0.14990605248345268,-0.13306927680969238,1,3.4970245361328125
6254.966,9,1,1,stimulusMovement,1,-0.4445956812964545,-0.18478775024414062,1,3.4265899658203125,1,-0.17508088217841253,-0.1623099446296692,1,3.45904541015625
6271.632,9,1,1,stimulusMovement,1,-0.4709867371453179,-0.1928236484527588,1,3.455718994140625,1,-0.17693371242947048,-0.20292848348617554,1,3.598968505859375
6288.298,9,1,1,stimulusMovement,1,-0.49526604016621906,-0.21767091751098633,1,3.4893035888671875,1,-0.20503690507676864,-0.14759081602096558,1,3.44390869140625
6304.965,9,1,1,stimulusMovement,1,-0.5054816140068902,-0.20227265357971191,1,3.4961700439453125,1,-0.23083930545383027,-0.1743571162223816,1,3.474822998046875
6321.632,9,1,1,stimulusMovement,1,-0.5249370468987359,-0.22893548011779785,1,3.4932708740234375,0,nan,nan,0,nan
6338.298,9,1,1,stimulusMovement,1,-0.5161095725165473,-0.19842934608459473,1,3.43804931640625,0,nan,nan,0,nan
6354.964,9,1,1,stimulusMovement,1,-0.5418445534176296,-0.22786259651184082,1,3.474761962890625,1,-0.28820408715142143,-0.20497334003448486,1,3.4986114501953125
6371.631,9,1,1,stimulusMovement,1,-0.5559264024098713,-0.24468755722045898,1,3.4649658203125,1,-0.2783561812506781,-0.17318612337112427,1,3.4393310546875
6388.297,9,1,1,stimulusMovement,1,-0.5832721392313639,-0.23221099376678467,1,3.42901611328125,1,-0.2896504931979709,-0.20620691776275635,1,3.5056304931640625
6404.964,9,1,1,stimulusMovement,1,-0.5849658648173014,-0.2563556432723999,1,3.473663330078125,1,-0.3119396103752984,-0.2926595211029053,1,3.6956787109375
6421.631,9,1,1,stimulusMovement,1,-0.5652251243591309,-0.25985097885131836,1,3.4590606689453125,1,-0.2919180658128526,-0.2751424312591553,1,3.6052093505859375
6438.296,9,1,1,stimulusMovement,1,-0.5991713735792371,-0.23925256729125977,1,3.4246978759765625,1,-0.3067014482286241,-0.24061131477355957,1,3.489288330078125
6454.963,9,1,1,stimulusMovement,1,-0.6095454427931043,-0.267431378364563,1,3.424041748046875,1,-0.34898784425523544,-0.23855078220367432,1,3.474090576171875
6471.63,9,1,1,stimulusMovement,1,-0.6073702176411946,-0.2755085825920105,1,3.42950439453125,1,-0.36275683508978945,-0.2266121506690979,1,3.414703369140625
6488.296,9,1,1,stimulusMovement,1,-0.6134693887498643,-0.2734174132347107,1,3.4180450439453125,1,-0.35239664713541663,-0.2217857837677002,1,3.401123046875
6504.963,9,1,1,stimulusMovement,1,-0.6286858982510036,-0.29573243856430054,1,3.4484710693359375,1,-0.38760609096950954,-0.26083099842071533,1,3.448394775390625
6521.629,9,1,1,stimulusMovement,1,-0.636978891160753,-0.2931257486343384,1,3.4287109375,1,-0.3851235707600911,-0.24821269512176514,1,3.4459686279296875
6538.295,9,1,1,stimulusMovement,1,-0.6571157773335774,-0.27790284156799316,1,3.4066314697265625,1,-0.3860691388448079,-0.25332868099212646,1,3.4431610107421875
6554.962,9,1,1,stimulusMovement,1,-0.656983905368381,-0.2970280647277832,1,3.426239013671875,1,-0.3927244610256619,-0.25599294900894165,1,3.47845458984375
6571.629,9,1,1,stimulusMovement,1,-0.6789749330944485,-0.2989106774330139,1,3.407501220703125,1,-0.4273090362548828,-0.2674746513366699,1,3.439605712890625
6588.295,9,1,1,stimulusMovement,1,-0.6856999927096896,-0.31808531284332275,1,3.3799591064453125,1,-0.4218646685282389,-0.26362335681915283,1,3.461944580078125
6604.961,9,1,1,stimulusMovement,1,-0.6925032006369697,-0.3067740201950073,1,3.4045257568359375,1,-0.4346587922837999,-0.2711181044578552,1,3.4359588623046875
6621.628,9,1,1,stimulusMovement,1,-0.7079286840226915,-0.3049362897872925,1,3.373321533203125,1,-0.44442547692192924,-0.28022992610931396,1,3.4355010986328125
6638.294,9,1,1,stimulusMovement,1,-0.7245353592766656,-0.33712059259414673,1,3.4240875244140625,1,-0.45279187626308864,-0.3007833957672119,1,3.4434661865234375
6654.961,9,1,1,stimulusMovement,1,-0.7086837689081827,-0.32634592056274414,1,3.4185638427734375,1,-0.47749739223056364,-0.34132492542266846,1,3.4927978515625
6671.628,9,1,1,stimulusMovement,1,-0.7858909633424547,-0.32446372509002686,1,3.3989410400390625,1,-0.49505148993598086,-0.2996986508369446,1,3.4510955810546875
6688.293,9,1,1,stimulusMovement,1,-0.8024057613478766,-0.3369213342666626,1,3.3629913330078125,1,-0.5514876577589247,-0.3449805974960327,1,3.3994140625
6704.96,9,1,1,stimulusMovement,1,-0.8469043804539574,-0.3481154441833496,1,3.3285980224609375,1,-0.5635086430443658,-0.3236417770385742,1,3.4146881103515625
6721.627,9,1,1,stimulusMovement,1,-0.8590318328804439,-0.35414397716522217,1,3.39599609375,1,-0.5645732614729139,-0.34667879343032837,1,3.4340057373046875
6738.293,9,1,1,stimulusMovement,1,-0.8375247915585835,-0.3653881549835205,1,3.37054443359375,1,-0.552368508444892,-0.348766565322876,1,3.447174072265625
6754.96,9,1,1,stimulusMovement,1,-0.8502653539180756,-0.3698652386665344,1,3.4195404052734375,1,-0.5805784596337212,-0.3422142267227173,1,3.418731689453125
6771.626,9,1,1,stimulusMovement,1,-0.8359959589110479,-0.3617594838142395,1,3.4251708984375,1,-0.5762511094411213,-0.35689687728881836,1,3.429840087890625
6788.292,9,1,1,stimulusMovement,1,-0.840723501311408,-0.3700394630432129,1,3.442535400390625,1,-0.5844152768452961,-0.3359565734863281,1,3.4086456298828125
6804.959,9,1,1,stimulusMovement,1,-0.8465502096547021,-0.37459397315979004,1,3.4093170166015625,1,-0.6046754519144694,-0.3710067868232727,1,3.4338531494140625
6821.626,9,1,1,stimulusMovement,1,-0.874817873040835,-0.3847994804382324,1,3.465179443359375,1,-0.6118090947469075,-0.34494268894195557,1,3.4123687744140625
6838.292,9,1,1,stimulusMovement,1,-0.8826386469105879,-0.3621290326118469,1,3.3938751220703125,1,-0.6347159544626871,-0.3664470911026001,1,3.3875579833984375
6854.958,9,1,1,stimulusMovement,1,-0.8990018177363607,-0.377254843711853,1,3.4411773681640625,1,-0.6213018099466959,-0.3550983667373657,1,3.368865966796875
6871.625,9,1,1,stimulusMovement,1,-0.8600097994009653,-0.37299948930740356,1,3.362579345703125,1,-0.6400932206047906,-0.3655528426170349,1,3.41058349609375
6888.291,9,1,1,stimulusMovement,1,-0.9109777377711401,-0.38894981145858765,1,3.396484375,1,-0.6631585756937662,-0.3886755108833313,1,3.4381866455078125
6904.958,9,1,1,stimulusMovement,1,-0.8887650047739346,-0.38385963439941406,1,3.3971099853515625,1,-0.6724307139714558,-0.37513309717178345,1,3.43389892578125
6921.625,9,1,1,stimulusMovement,1,-0.8902942899407611,-0.40271294116973877,1,3.383392333984375,1,-0.6732666889826456,-0.38148558139801025,1,3.4362640380859375
6938.29,9,1,1,stimulusMovement,1,-0.907505644692315,-0.3798198103904724,1,3.4423828125,1,-0.6904682318369547,-0.38961589336395264,1,3.41558837890625
6954.957,9,1,1,stimulusMovement,1,-0.8952501507269011,-0.4041328430175781,1,3.37530517578125,1,-0.6604728963640001,-0.38089531660079956,1,3.4301605224609375
6971.624,9,1,1,stimulusMovement,1,-0.9145463771290249,-0.3982447385787964,1,3.388580322265625,1,-0.684675375620524,-0.40298086404800415,1,3.4572906494140625
6988.29,9,1,1,stimulusMovement,1,-0.9244856536388397,-0.40353381633758545,1,3.427703857421875,1,-0.6929250293307834,-0.40162283182144165,1,3.4310760498046875
7004.957,9,1,1,stimulusMovement,1,-0.9193948176172044,-0.4014248251914978,1,3.4288330078125,1,-0.6899292336569892,-0.41510486602783203,1,3.4446868896484375
7021.623,9,1,1,stimulusMovement,1,-0.9020161761177911,-0.4286115765571594,1,3.4336700439453125,1,-0.6584055688646104,-0.4007883667945862,1,3.4052886962890625
7038.289,9,1,1,stimulusMovement,1,-0.9297776321570078,-0.3983386158943176,1,3.403228759765625,1,-0.6982570754157172,-0.4138721227645874,1,3.4554901123046875
7054.956,9,1,1,stimulusMovement,1,-0.928877035776774,-0.42365628480911255,1,3.4425201416015625,1,-0.6988562875323825,-0.4037407636642456,1,3.4658660888671875
7071.623,9,1,1,stimulusMovement,1,-0.9419182538986206,-0.4039883613586426,1,3.4586181640625,1,-0.6925377580854627,-0.39283621311187744,1,3.43157958984375
7088.289,9,1,1,stimulusMovement,1,-0.9419927795728047,-0.4203488826751709,1,3.457550048828125,1,-0.6969104740354749,-0.4136546850204468,1,3.4321441650390625
7104.955,9,1,1,stimulusMovement,1,-0.9036297036541833,-0.4462154507637024,1,3.4583282470703125,1,-0.6930313640170627,-0.43102121353149414,1,3.5067901611328125
7121.622,9,1,1,stimulusMovement,1,-0.9130155609713659,-0.4128369688987732,1,3.451934814453125,1,-0.6649256282382541,-0.41069495677948,1,3.4286041259765625
7138.288,9,1,1,stimulusMovement,1,-0.924182805750105,-0.4118039608001709,1,3.4432220458984375,1,-0.6661646895938449,-0.3941916227340698,1,3.4344329833984375
7154.955,9,1,1,stimulusMovement,1,-0.9154235604736539,-0.410294771194458,1,3.45556640625,1,-0.6727835602230495,-0.4008253812789917,1,3.466827392578125
7171.622,9,1,1,stimulusMovement,1,-0.9157031873861948,-0.40699899196624756,1,3.485107421875,1,-0.6951454745398628,-0.4135763645172119,1,3.48492431640625
7188.288,9,1,1,stimulusMovement,1,-0.9048711061477661,-0.43743687868118286,1,3.4803466796875,1,-0.6759425136778089,-0.39681828022003174,1,3.456085205078125
7204.955,9,1,1,stimulusMovement,1,-0.872200306918886,-0.40074801445007324,1,3.419647216796875,1,-0.6835100120968288,-0.4128892421722412,1,3.4876251220703125
7221.623,9,1,1,stimulusMovement,1,-0.8877281031260887,-0.38116568326950073,1,3.446563720703125,1,-0.6680146588219537,-0.38137340545654297,1,3.4665374755859375
7238.289,9,1,1,stimulusMovement,1,-0.8828408742944399,-0.39643895626068115,1,3.477020263671875,1,-0.6537214385138618,-0.3667891025543213,1,3.48492431640625
7254.956,9,1,1,stimulusMovement,1,-0.8644814358817206,-0.38229602575302124,1,3.4742584228515625,1,-0.6497878498501247,-0.3609328269958496,1,3.48638916015625
7271.623,9,1,1,stimulusMovement,1,-0.8959149618943532,-0.3646801710128784,1,3.4962005615234375,1,-0.6729260285695393,-0.38630467653274536,1,3.4954071044921875
7288.289,9,1,1,stimulusMovement,1,-0.9102783335579766,-0.3829638957977295,1,3.495391845703125,1,-0.6677232848273383,-0.358964204788208,1,3.519805908203125
7304.957,9,1,1,stimulusMovement,1,-0.9083604166905085,-0.37432873249053955,1,3.47637939453125,1,-0.6661658551957872,-0.39195507764816284,1,3.4812774658203125
7321.624,9,1,1,stimulusMovement,1,-0.9030216750171449,-0.36542677879333496,1,3.5042266845703125,1,-0.6600364844004313,-0.37982308864593506,1,3.417694091796875
7338.291,9,1,1,stimulusMovement,1,-0.9109278155697716,-0.3767924904823303,1,3.496307373046875,1,-0.6536380185021294,-0.39248746633529663,1,3.51287841796875
7354.957,9,1,1,stimulusMovement,1,-0.9068650007247925,-0.3660954236984253,1,3.518341064453125,1,-0.6895085440741645,-0.38428282737731934,1,3.487457275390625
7371.625,9,1,1,stimulusMovement,1,-0.9274399975935618,-0.36885589361190796,1,3.5051727294921875,1,-0.6815259589089288,-0.38735437393188477,1,3.4630584716796875
7388.291,9,1,1,stimulusMovement,1,-0.9144864827394485,-0.38135427236557007,1,3.468292236328125,1,-0.6573381423950195,-0.38605189323425293,1,3.462799072265625
7404.959,9,1,1,stimulusMovement,1,-0.9015930559900072,-0.37530517578125,1,3.474700927734375,1,-0.6619164678785535,-0.38515710830688477,1,3.4826812744140625
7421.626,9,1,1,stimulusMovement,1,-0.8849057927727699,-0.37312793731689453,1,3.43865966796875,1,-0.6805439790089924,-0.38130128383636475,1,3.45574951171875
7438.292,9,1,1,stimulusMovement,1,-0.8966085132625368,-0.3771113157272339,1,3.4492034912109375,1,-0.6829086542129517,-0.3767545223236084,1,3.435302734375
7454.959,9,1,1,stimulusMovement,1,-0.9029185358020994,-0.3856540322303772,1,3.4506072998046875,1,-0.6724131637149386,-0.3825109004974365,1,3.4246673583984375
7471.627,9,1,1,stimulusMovement,1,-0.873419819606675,-0.37369638681411743,1,3.4213714599609375,1,-0.6825968424479166,-0.37445902824401855,1,3.3906707763671875
7488.293,9,1,1,stimulusMovement,1,-0.9066588679949442,-0.3853949308395386,1,3.48016357421875,1,-0.6805806159973145,-0.3721872568130493,1,3.398284912109375
7504.96,9,1,1,stimulusMovement,1,-0.8908660873356792,-0.38181400299072266,1,3.437347412109375,1,-0.6654656198289659,-0.3717747926712036,1,3.4175872802734375
7521.628,9,1,1,stimulusMovement,1,-0.8978799366288714,-0.3713420629501343,1,3.407745361328125,1,-0.6658154593573676,-0.3876901865005493,1,3.3977508544921875
7538.293,9,1,1,stimulusMovement,1,-0.911157156030337,-0.4025883674621582,1,3.4381866455078125,1,-0.6789546145333184,-0.3696213364601135,1,3.3701934814453125
7554.961,9,1,1,stimulusMovement,1,-0.883194123291307,-0.390802264213562,1,3.408294677734375,1,-0.6650826930999756,-0.3646349310874939,1,3.364990234375
7571.628,9,1,1,stimulusMovement,1,-0.8983218024174372,-0.3835333585739136,1,3.3592529296875,1,-0.6779436535305446,-0.37211281061172485,1,3.3505859375
7588.295,9,1,1,stimulusMovement,1,-0.8932033491631348,-0.4121595025062561,1,3.377471923828125,1,-0.6985802517996894,-0.3817324638366699,1,3.3739471435546875
7604.962,9,1,1,stimulusMovement,1,-0.9257115688588884,-0.3846886157989502,1,3.392486572265625,1,-0.6720347801844279,-0.38638895750045776,1,3.328216552734375
7621.629,9,1,1,stimulusMovement,1,-0.8939740790261163,-0.38503605127334595,1,3.3557281494140625,1,-0.66766267352634,-0.37678253650665283,1,3.3465118408203125
7638.296,9,1,1,stimulusMovement,1,-0.8764734814564387,-0.3807835578918457,1,3.3056182861328125,1,-0.6573848724365234,-0.3888833522796631,1,3.3509368896484375
7654.963,9,1,1,stimulusMovement,1,-0.863760459754202,-0.38421517610549927,1,3.3322601318359375,1,-0.6829605499903361,-0.3790431022644043,1,3.334625244140625
7671.63,9,1,1,stimulusMovement,1,-0.9110339681307474,-0.38975781202316284,1,3.350311279296875,1,-0.6880885230170356,-0.3824176788330078,1,3.3563690185546875
7688.297,9,1,1,stimulusMovement,1,-0.8800677599178419,-0.37390005588531494,1,3.3171844482421875,1,-0.6564174228244357,-0.3723111152648926,1,3.30181884765625
7704.964,9,1,1,stimulusMovement,1,-0.8758767520387967,-0.3838818073272705,1,3.321533203125,1,-0.6480675273471408,-0.39815962314605713,1,3.36224365234375
7721.631,9,1,1,stimulusMovement,1,-0.8913035028510623,-0.39957767724990845,1,3.317291259765625,1,-0.693343891037835,-0.4040294289588928,1,3.3868408203125
7738.298,9,1,1,stimulusMovement,1,-0.874837921725379,-0.3780324459075928,1,3.3165130615234375,1,-0.6776078012254503,-0.3897935152053833,1,3.3180084228515625
7754.965,9,1,1,stimulusMovement,1,-0.9014831334352493,-0.3855423927307129,1,3.3193817138671875,1,-0.6769339111116197,-0.3847076892852783,1,3.3423004150390625
7771.633,9,1,1,stimulusMovement,1,-0.8893738610463009,-0.3901795744895935,1,3.3331756591796875,1,-0.6844015783733791,-0.3846539258956909,1,3.2896881103515625
7788.298,9,1,1,stimulusMovement,1,-0.8659827477402157,-0.37604862451553345,1,3.30462646484375,1,-0.6559626261393229,-0.3803877830505371,1,3.235321044921875
7804.966,9,1,1,stimulusMovement,0,nan,nan,0,nan,1,-0.6590625974867078,-0.385367751121521,1,3.2707672119140625
7821.633,9,1,1,stimulusMovement,1,-0.8883094497852855,-0.37564826011657715,1,3.2644500732421875,1,-0.6703230407502916,-0.36971408128738403,1,3.293731689453125
7838.3,9,1,1,stimulusMovement,1,-0.878127981391218,-0.3749086260795593,1,3.294097900390625,1,-0.6472847196790906,-0.3888785243034363,1,3.2497406005859375
7854.967,9,1,1,stimulusMovement,1,-0.8829882885846826,-0.38570570945739746,1,3.2821807861328125,1,-0.6485468281639947,-0.37993454933166504,1,3.24395751953125
7871.634,9,1,1,stimulusMovement,1,-0.8718521330091688,-0.3740577697753906,1,3.2477264404296875,1,-0.619275516933865,-0.35462790727615356,1,3.2612457275390625
7888.301,9,1,1,stimulusMovement,1,-0.8619836486048168,-0.37981754541397095,1,3.2676239013671875,1,-0.6478133731418185,-0.3661707639694214,1,3.2658233642578125
7904.968,9,1,1,stimulusMovement,1,-0.8632480733924441,-0.38260185718536377,1,3.24249267578125,1,-0.6215060022142198,-0.3741690516471863,1,3.225189208984375
7921.636,9,1,1,stimulusMovement,1,-0.8597353961732652,-0.3744715452194214,1,3.254058837890625,1,-0.6622829172346326,-0.3790699243545532,1,3.222808837890625
7938.302,9,1,1,stimulusMovement,1,-0.8516034020317925,-0.38667047023773193,1,3.2288970947265625,1,-0.6495272318522135,-0.37555205821990967,1,3.206756591796875
7954.969,9,1,1,stimulusMovement,1,-0.8766731926136546,-0.3646676540374756,1,3.284698486328125,1,-0.6486198372311062,-0.3704577684402466,1,3.201385498046875
7971.636,9,1,1,stimulusMovement,1,-0.8708192292186948,-0.3939911723136902,1,3.244232177734375,1,-0.6582036018371582,-0.3891327381134033,1,3.2382354736328125
7988.303,9,1,1,stimulusMovement,1,-0.9073344816764195,-0.4047423005104065,1,3.300018310546875,1,-0.6480114989810519,-0.3901153802871704,1,3.244171142578125
8004.97,9,1,1,stimulusMovement,1,-0.8587650027539995,-0.38290929794311523,1,3.2587738037109375,1,-0.6380559603373209,-0.37915754318237305,1,3.1991729736328125
8021.638,9,1,1,stimulusMovement,1,-0.9056011554267671,-0.398082971572876,1,3.2634124755859375,1,-0.6319146421220567,-0.3660750389099121,1,3.261993408203125
8038.304,9,1,1,stimulusMovement,1,-0.8732540011405945,-0.38685864210128784,1,3.23370361328125,1,-0.645893997616238,-0.3912391662597656,1,3.216949462890625
8054.971,9,1,1,stimulusMovement,1,-0.8579886621899074,-0.3869621753692627,1,3.2691192626953125,1,-0.622012694676717,-0.3744000196456909,1,3.1688690185546875
8071.639,9,1,1,stimulusMovement,1,-0.9056562052832708,-0.37395918369293213,1,3.24945068359375,1,-0.6453269852532281,-0.38883405923843384,1,3.20806884765625
8088.305,9,1,1,stimulusMovement,1,-0.843316505352656,-0.37114518880844116,1,3.186492919921875,1,-0.6269194814893934,-0.3781619668006897,1,3.228179931640625
8104.973,9,1,1,stimulusMovement,1,-0.8731830881701574,-0.3898696303367615,1,3.2456207275390625,1,-0.6528558995988634,-0.38658809661865234,1,3.2166595458984375
8121.639,9,1,1,stimulusMovement,1,-0.8670941309796438,-0.3844311237335205,1,3.248382568359375,1,-0.6108168760935465,-0.37378841638565063,1,3.188751220703125
8138.306,9,1,1,stimulusMovement,1,-0.8558998869525061,-0.37288594245910645,1,3.2236785888671875,1,-0.647339211569892,-0.3885798454284668,1,3.164031982421875
8154.973,9,1,1,stimulusMovement,1,-0.8810632601380348,-0.3962194323539734,1,3.27392578125,1,-0.6646895673539903,-0.38597041368484497,1,3.1804046630859375
8171.641,9,1,1,stimulusMovement,1,-0.8611228283908632,-0.3810591697692871,1,3.21356201171875,1,-0.6411936812930636,-0.4077160358428955,1,3.20770263671875
8188.308,9,1,1,stimulusMovement,1,-0.8541541430685254,-0.38296276330947876,1,3.22222900390625,1,-0.6430051591661241,-0.3861348032951355,1,3.1929779052734375
8204.975,9,1,1,stimulusMovement,1,-0.854334274927775,-0.38354748487472534,1,3.1910400390625,1,-0.6521678235795763,-0.37601256370544434,1,3.195068359375
8221.642,9,1,1,stimulusMovement,1,-0.843980610370636,-0.38608217239379883,1,3.2222442626953125,1,-0.6638861497243245,-0.38863492012023926,1,3.2579345703125
8238.309,9,1,1,stimulusMovement,1,-0.8794728567202885,-0.390811026096344,1,3.2597808837890625,1,-0.6598044766320122,-0.3851746916770935,1,3.19244384765625
8254.976,9,1,1,stimulusMovement,1,-0.8495280411508348,-0.3784693479537964,1,3.221282958984375,1,-0.6324720647599962,-0.36974895000457764,1,3.201568603515625
8271.644,9,1,1,stimulusMovement,1,-0.8734180430571238,-0.38655465841293335,1,3.2426300048828125,1,-0.6566122902764214,-0.3701993227005005,1,3.1955718994140625
8288.31,9,1,1,stimulusMovement,1,-0.8806606001324123,-0.3892187476158142,1,3.23150634765625,1,-0.6609938674502902,-0.3947570323944092,1,3.2056884765625
8304.977,9,1,1,stimulusMovement,1,-0.8631067375342051,-0.3801437020301819,1,3.2363128662109375,0,nan,nan,0,nan
8321.645,9,1,1,fixation,1,-0.8633059660593668,-0.38120096921920776,1,3.2306365966796875,1,-0.6571248372395833,-0.38350391387939453,1,3.2142791748046875
8338.311,9,1,1,fixation,1,-0.8816032111644745,-0.3415837287902832,1,2.85791015625,1,-0.6579459243350558,-0.3405221700668335,1,2.7707366943359375
8354.979,9,1,1,fixation,0,nan,nan,0,nan,0,nan,nan,0,nan
8371.646,9,1,1,fixation,1,-0.8704454683595233,-0.37445342540740967,1,3.2579803466796875,1,-0.6933769385019938,-0.36598002910614014,1,3.22564697265625
8388.312,9,1,1,fixation,1,-0.8701763417985704,-0.34412431716918945,1,2.853790283203125,1,-0.649887031979031,-0.34203803539276123,1,2.7787933349609375
8404.98,9,1,1,fixation,0,nan,nan,0,nan,0,nan,nan,0,nan
8421.647,9,1,1,fixation,1,-0.8955340124666691,-0.37114107608795166,1,3.268463134765625,1,-0.6842518912421333,-0.39085352420806885,1,3.219451904296875
8438.314,9,1,1,fixation,1,-0.8740887973043653,-0.3403743505477905,1,2.8747100830078125,1,-0.6448648770650227,-0.34204423427581787,1,2.789276123046875
8454.981,9,1,1,fixation,0,nan,nan,0,nan,0,nan,nan,0,nan
8471.649,9,1,1,fixation,1,-0.8765421393844816,-0.3598197102546692,1,3.250335693359375,1,-0.6795383956697252,-0.38722437620162964,1,3.22601318359375
8488.315,9,1,1,fixation,1,-0.868436531888114,-0.34132397174835205,1,2.8892822265625,1,-0.651373545328776,-0.337543249130249,1,2.810821533203125
8504.983,9,1,1,fixation,0,nan,nan,0,nan,0,nan,nan,0,nan
8521.65,9,1,1,fixation,1,-0.8777671025858984,-0.3737112283706665,1,3.28851318359375,1,-0.665495925479465,-0.3790245056152344,1,3.276947021484375
8538.316,9,1,1,fixation,1,-0.8686962922414143,-0.34344416856765747,1,2.9074859619140625,1,-0.6335478093889024,-0.3380376100540161,1,2.820831298828125
8554.984,9,1,1,fixation,0,nan,nan,0,nan,0,nan,nan,0,nan
8571.651,9,1,1,fixation,1,-0.8658731430768967,-0.3687986731529236,1,3.3077850341796875,1,-0.6614978048536512,-0.3812967538833618,1,3.2932586669921875
8588.318,9,1,1,fixation,1,-0.8642419046825832,-0.3487358093261719,1,2.9268646240234375,1,-0.6408253245883517,-0.34252864122390747,1,2.8581085205078125
8604.985,9,1,1,fixation,0,nan,nan,0,nan,0,nan,nan,0,nan
8621.652,9,1,1,fixation,1,-0.8807701302899255,-0.3856220245361328,1,3.36578369140625,1,-0.6690968407524956,-0.39986807107925415,1,3.32012939453125
8638.319,9,1,1,fixation,1,-0.8765486172503895,-0.34624767303466797,1,2.9446258544921875,1,-0.6468042797512478,-0.339102566242218,1,2.8779296875
8654.987,9,1,1,fixation,0,nan,nan,0,nan,0,nan,nan,0,nan
8671.654,9,1,1,fixation,1,-0.8580560055043962,-0.3557692766189575,1,3.308319091796875,1,-0.666278600692749,-0.3812507390975952,1,3.3181915283203125
8688.321,9,1,1,fixation,1,-0.8809589296579361,-0.3493229150772095,1,2.9691009521484375,1,-0.636601448059082,-0.34680020809173584,1,2.8936767578125
8704.988,9,1,1,fixation,0,nan,nan,0,nan,0,nan,nan,0,nan
8721.655,9,1,1,fixation,1,-0.8445953362517886,-0.3732374310493469,1,3.30877685546875,1,-0.6774237685733371,-0.37854325771331787,1,3.31756591796875
8738.322,9,1,1,fixation,1,-0.8644850800434748,-0.3510986566543579,1,2.98675537109375,1,-0.628750827577379,-0.33857816457748413,1,2.913238525390625
8754.99,9,1,1,fixation,0,nan,nan,0,nan,0,nan,nan,0,nan
8771.657,9,1,1,fixation,1,-0.9175666769345601,-0.38009411096572876,1,3.436492919921875,1,-0.6856066915724012,-0.36258935928344727,1,3.317718505859375
8788.324,9,1,1,fixation,1,-0.8841411425835556,-0.34638625383377075,1,2.9999237060546875,1,-0.66338668929206,-0.34557998180389404,1,2.936737060546875
8804.991,9,1,1,fixation,0,nan,nan,0,nan,0,nan,nan,0,nan
8821.659,9,1,1,fixation,1,-0.9086847421195772,-0.37634122371673584,1,3.411102294921875,1,-0.6655905776553683,-0.3755144476890564,1,3.3692779541015625
8838.325,9,1,1,fixation,1,-0.8829190644125143,-0.3453871011734009,1,3.0226287841796875,1,-0.6725515392091539,-0.33524614572525024,1,2.943084716796875
8854.993,9,1,1,fixation,0,nan,nan,0,nan,0,nan,nan,0,nan
8871.66,9,1,1,fixation,1,-0.9073429223563936,-0.38972389698028564,1,3.41644287109375,1,-0.6836417780982124,-0.3787304162979126,1,3.377471923828125
8888.326,9,1,1,fixation,1,-0.879731622007158,-0.34721463918685913,1,3.0337982177734375,1,-0.6536270247565376,-0.33716803789138794,1,2.947479248046875
8904.994,9,1,1,fixation,0,nan,nan,0,nan,0,nan,nan,0,nan
8921.662,9,1,1,fixation,1,-0.8712449934747484,-0.37145471572875977,1,3.4211273193359375,1,-0.6762944327460395,-0.36766934394836426,1,3.384429931640625
8938.328,9,1,1,fixation,1,-0.8809371689955393,-0.3502870202064514,1,3.0513153076171875,1,-0.6559784677293565,-0.33708083629608154,1,2.9617156982421875
8954.995,9,1,1,fixation,0,nan,nan,0,nan,0,nan,nan,0,nan
8971.663,9,1,1,fixation,1,-0.8889712229784992,-0.3667565584182739,1,3.4087066650390625,1,-0.6684994697570801,-0.3745068311691284,1,3.359771728515625
8988.329,9,1,1,fixation,1,-0.871174082159996,-0.34976744651794434,1,3.06414794921875,1,-0.650504642062717,-0.34243470430374146,1,2.9887237548828125
9004.997,9,1,1,fixation,0,nan,nan,0,nan,0,nan,nan,0,nan
9021.665,9,1,1,fixation,1,-0.8678346160385343,-0.3740133047103882,1,3.4049224853515625,1,-0.6565301683213975,-0.37029850482940674,1,3.436798095703125
9038.331,9,1,1,fixation,1,-0.8760887955625851,-0.353434681892395,1,3.080596923828125,1,-0.6437187724643283,-0.34463536739349365,1,3.01129150390625
9054.999,9,1,1,fixation,0,nan,nan,0,nan,0,nan,nan,0,nan
9071.667,9,1,1,fixation,1,-0.8780358251598146,-0.3711904287338257,1,3.4292144775390625,1,-0.6709694994820489,-0.3768104314804077,1,3.407806396484375
9088.333,9,1,1,fixation,1,-0.8672485715813106,-0.3469587564468384,1,3.0774993896484375,1,-0.6457750002543131,-0.34533655643463135,1,3.0141143798828125
9105.001,9,1,1,fixation,0,nan,nan,0,nan,0,nan,nan,0,nan
9121.668,9,1,1,fixation,1,-0.8704426305161581,-0.36873793601989746,1,3.4515380859375,1,-0.6813085079193115,-0.3590914011001587,1,3.461029052734375
9138.335,9,1,1,fixation,1,-0.8583763970269097,-0.3474975824356079,1,3.083282470703125,1,-0.6358710394965278,-0.3470325469970703,1,3.0291595458984375
9155.002,9,1,1,fixation,0,nan,nan,0,nan,0,nan,nan,0,nan
9171.67,9,1,1,fixation,1,-0.8441820773813459,-0.37491345405578613,1,3.427490234375,1,-0.6461073292626275,-0.4049140214920044,1,3.4368438720703125
9188.336,9,1,1,fixation,1,-0.8525433937708536,-0.34365761280059814,1,3.0926971435546875,1,-0.6271461645762125,-0.34646058082580566,1,3.0379638671875
9205.004,9,1,1,fixation,0,nan,nan,0,nan,0,nan,nan,0,nan
9221.671,9,1,1,fixation,1,-0.8681094199419022,-0.36036181449890137,1,3.4740142822265625,1,-0.6650594340430366,-0.3789767026901245,1,3.4143829345703125
9238.338,9,1,1,fixation,1,-0.8560486104753282,-0.34189558029174805,1,3.1290740966796875,1,-0.6236165364583333,-0.34639084339141846,1,3.072021484375
9255.005,9,1,1,fixation,0,nan,nan,0,nan,0,nan,nan,0,nan
9271.673,9,1,1,fixation,1,-0.8540720608499315,-0.36823606491088867,1,3.4915008544921875,1,-0.6522769663068982,-0.38735753297805786,1,3.474700927734375
9288.339,9,1,1,fixation,1,-0.8453405135207706,-0.35648834705352783,1,3.1483001708984375,1,-0.6254141860538058,-0.35329145193099976,1,3.095550537109375
9305.007,9,1,1,stimulusMovement,0,nan,nan,0,nan,0,nan,nan,0,nan
9321.675,9,1,1,stimulusMovement,1,-0.8876801586399475,-0.3650447130203247,1,3.4726409912109375,1,-0.6800871822569104,-0.3745221495628357,1,3.5054779052734375
9338.342,9,1,1,stimulusMovement,1,-0.892660058206982,-0.35464411973953247,1,3.539886474609375,1,-0.6622897519005669,-0.3520458936691284,1,3.4509124755859375
9355.009,9,1,1,stimulusMovement,1,-0.8988320935103628,-0.3438066244125366,1,3.5511627197265625,1,-0.6658888128068712,-0.3746585249900818,1,3.499786376953125
9371.677,9,1,1,stimulusMovement,1,-0.8952098679211404,-0.36906754970550537,1,3.5333251953125,1,-0.6868557929992676,-0.37513428926467896,1,3.543243408203125
9388.343,9,1,1,stimulusMovement,1,-0.8840768689082728,-0.38995689153671265,1,3.547271728515625,1,-0.6718240049150255,-0.37841784954071045,1,3.455078125
9405.011,9,1,1,stimulusMovement,1,-0.9002695803840954,-0.3594777584075928,1,3.4900970458984375,1,-0.6651755174001057,-0.3677024841308594,1,3.5064239501953125
9421.678,9,1,1,stimulusMovement,1,-0.869881444507175,-0.36907249689102173,1,3.517303466796875,1,-0.6661309666103786,-0.3873023986816406,1,3.4530792236328125
9438.345,9,1,1,stimulusMovement,1,-0.8728811773988935,-0.356126070022583,1,3.5084686279296875,1,-0.6540166801876491,-0.3894585371017456,1,3.486602783203125
9455.012,9,1,1,stimulusMovement,1,-0.8942690905597475,-0.3779587149620056,1,3.538238525390625,1,-0.6677264637417263,-0.36356663703918457,1,3.4924774169921875
9471.68,9,1,1,stimulusMovement,1,-0.8833960145711899,-0.3737262487411499,1,3.540435791015625,1,-0.6355533864763048,-0.36258506774902344,1,3.4843292236328125
9488.347,9,1,1,stimulusMovement,1,-0.8731062428818808,-0.3505602478981018,1,3.4890289306640625,1,-0.6678866280449761,-0.3646707534790039,1,3.478973388671875
9505.014,9,1,1,stimulusMovement,1,-0.7744979858398438,-0.2718470096588135,1,3.509918212890625,1,-0.5100053681267632,-0.2842322587966919,1,3.4843597412109375
9521.682,9,1,1,stimulusMovement,1,-0.5228469106886122,-0.021701693534851074,1,3.5721282958984375,1,-0.1752490997314453,-0.16386234760284424,1,3.7975921630859375
9538.348,9,1,1,stimulusMovement,1,-0.34601836734347874,0.1835746169090271,1,3.44415283203125,0,nan,nan,0,nan
9555.016,9,1,1,stimulusMovement,0,nan,nan,0,nan,0,nan,nan,0,nan
9571.684,9,1,1,stimulusMovement,0,nan,nan,0,nan,0,nan,nan,0,nan
9588.35,9,1,1,stimulusMovement,1,0.09275054931640625,0.3332706242799759,1,3.333099365234375,1,0.3076810836791992,0.28078320622444153,1,3.4071807861328125
9605.018,9,1,1,stimulusMovement,1,0.08618333604600693,0.30486273765563965,1,3.502899169921875,1,0.29741488562689883,0.256271630525589,1,3.3999786376953125
9621.686,9,1,1,stimulusMovement,1,0.07519054412841797,0.2800150513648987,1,3.5317840576171875,1,0.3101913664076063,0.26711589097976685,1,3.42218017578125
9638.353,9,1,1,stimulusMovement,1,0.08886517418755426,0.3181346207857132,1,3.5149688720703125,1,0.3069284227159288,0.2720883935689926,1,3.4458465576171875
9655.02,9,1,1,stimulusMovement,1,0.10395548078748915,0.31224626302719116,1,3.49578857421875,1,0.30835723876953125,0.27991917729377747,1,3.467437744140625
9671.688,9,1,1,stimulusMovement,1,0.08952585856119791,0.3175664395093918,1,3.5128021240234375,1,0.30729908413357204,0.27917905151844025,1,3.4640960693359375
9688.354,9,1,1,stimulusMovement,1,0.10076226128472221,0.3109518587589264,1,3.536529541015625,1,0.3259592056274414,0.29396913945674896,1,3.429595947265625
9705.022,9,1,1,stimulusMovement,1,0.0962378184000651,0.32245099544525146,1,3.50701904296875,1,0.30680592854817706,0.28202366828918457,1,3.472381591796875
9721.69,9,1,1,stimulusMovement,1,0.09452713860405816,0.30353233218193054,1,3.52862548828125,1,0.3152790069580078,0.30303287506103516,1,3.436798095703125
9738.356,9,1,1,stimulusMovement,1,0.08375231424967447,0.3171406537294388,1,3.541473388671875,1,0.3191139433119032,0.28980374336242676,1,3.4598541259765625
9755.024,9,1,1,stimulusMovement,1,0.10197840796576606,0.3245268613100052,1,3.493896484375,1,0.323245366414388,0.31544607877731323,1,3.42718505859375
9771.691,9,1,1,stimulusMovement,1,0.09077623155381943,0.3404292017221451,1,3.46527099609375,1,0.3099983003404405,0.2947339564561844,1,3.4608917236328125
9788.358,9,1,1,stimulusMovement,1,0.07762251959906684,0.3147074282169342,1,3.5042877197265625,1,0.30368465847439235,0.31583522260189056,1,3.423553466796875
9805.026,9,1,1,stimulusMovement,1,0.09369150797526041,0.3384720981121063,1,3.47747802734375,1,0.3077935112847222,0.2958637475967407,1,3.4468536376953125
9821.693,9,1,1,stimulusMovement,1,0.09050909678141275,0.32710640132427216,1,3.4631195068359375,1,0.3153388765123155,0.29790669679641724,1,3.46026611328125
9838.36,9,1,1,stimulusMovement,1,0.1005557378133138,0.3294067978858948,1,3.5326385498046875,1,0.3078794479370117,0.33733266592025757,1,3.449798583984375
9855.028,9,1,1,stimulusMovement,1,0.07517857021755642,0.3046431839466095,1,3.515716552734375,1,0.30997498830159503,0.31128552556037903,1,3.470703125
9871.695,9,1,1,stimulusMovement,1,0.08481025695800781,0.3185470998287201,1,3.4979400634765625,1,0.3132090038723416,0.309108167886734,1,3.41339111328125
9888.362,9,1,1,stimulusMovement,1,0.08672597673204209,0.3022458255290985,1,3.520660400390625,1,0.3092991511027018,0.2969848960638046,1,3.47943115234375
9905.03,9,1,1,stimulusMovement,1,0.09889623853895399,0.3237941861152649,1,3.472900390625,1,0.3094555536905924,0.33166538178920746,1,3.417694091796875
9921.698,9,1,1,stimulusMovement,1,0.07650968763563368,0.31690578162670135,1,3.4441375732421875,1,0.2955809699164496,0.3282811790704727,1,3.423675537109375
9938.365,9,1,1,stimulusMovement,1,0.09816964467366536,0.31302954256534576,1,3.4817352294921875,1,0.3107079399956597,0.32765205204486847,1,3.392486572265625
9955.032,9,1,1,stimulusMovement,1,0.08374924129909939,0.3243345618247986,1,3.4721221923828125,1,0.3126289579603407,0.2997065484523773,1,3.4003753662109375
9971.7,9,1,1,stimulusMovement,1,-0.23752403259277344,0.19558382034301758,1,3.478912353515625,1,0.04618994394938151,0.22857564687728882,1,3.3610992431640625
9988.366,9,1,1,stimulusMovement,1,-0.573303567038642,-0.10571897029876709,1,3.582122802734375,1,-0.28571075863308376,-0.04673612117767334,1,3.498931884765625
10005.034,9,1,1,stimulusMovement,1,-0.8256285985310872,-0.29094231128692627,1,3.5352783203125,1,-0.6340614954630533,-0.2558480501174927,1,3.530670166015625
10021.702,9,1,1,stimulusMovement,1,-0.9604523314370049,-0.4098941683769226,1,3.50982666015625,1,-0.7662485705481635,-0.39478564262390137,1,3.499908447265625
10038.368,9,1,1,stimulusMovement,1,-0.9503145946396722,-0.39144599437713623,1,3.517822265625,1,-0.7038827604717678,-0.38704633712768555,1,3.4618988037109375
10055.036,9,1,1,stimulusMovement,1,-0.9411408768759832,-0.399519145488739,1,3.514984130859375,1,-0.7236096991433038,-0.3867318034172058,1,3.4804840087890625
10071.704,9,1,1,stimulusMovement,1,-0.93623486161232,-0.39309704303741455,1,3.5228424072265625,1,-0.7183907826741536,-0.38458436727523804,1,3.486480712890625
10088.37,9,1,1,stimulusMovement,1,-0.9502179225285847,-0.40263259410858154,1,3.5320892333984375,1,-0.6935368908776177,-0.39372074604034424,1,3.4948883056640625
10105.038,9,1,1,stimulusMovement,1,-0.943791217274136,-0.4020552635192871,1,3.5381011962890625,1,-0.7082749472724067,-0.38917356729507446,1,3.514312744140625
10121.706,9,1,1,stimulusMovement,1,-0.9251189463668399,-0.40253669023513794,1,3.5405120849609375,1,-0.7090333037906222,-0.390144944190979,1,3.5308074951171875
10138.372,9,1,1,stimulusMovement,1,-0.9401255746682484,-0.39950644969940186,1,3.5325927734375,1,-0.7072705692715114,-0.3828207850456238,1,3.49932861328125
10155.04,9,1,1,stimulusMovement,1,-0.9506612155172559,-0.40732890367507935,1,3.5687713623046875,1,-0.7180985344780816,-0.3866689205169678,1,3.5563812255859375
10171.708,9,1,1,stimulusMovement,1,-0.9267763362990484,-0.39713674783706665,1,3.5589599609375,1,-0.7236731052398682,-0.3821871876716614,1,3.55755615234375
10188.375,9,1,1,stimulusMovement,1,-0.9635829263263278,-0.38688963651657104,1,3.5695953369140625,1,-0.6987621386845906,-0.377535879611969,1,3.51470947265625
10205.043,9,1,1,stimulusMovement,1,-0.9454797108968098,-0.400812566280365,1,3.553131103515625,1,-0.724098351266649,-0.36574703454971313,1,3.5316314697265625
10221.71,9,1,1,stimulusMovement,1,-0.8720239881012174,-0.37602120637893677,1,3.53533935546875,1,-0.6821986039479573,-0.35260915756225586,1,3.5555267333984375
10238.377,9,1,1,stimulusMovement,1,-0.8786088112327787,-0.3727007508277893,1,3.55975341796875,1,-0.6407599449157715,-0.35597729682922363,1,3.54840087890625
10255.045,9,1,1,stimulusMovement,1,-0.8511342869864569,-0.3620039224624634,1,3.5299224853515625,1,-0.6267153951856824,-0.35306310653686523,1,3.508331298828125
10271.713,9,1,1,stimulusMovement,1,-0.8434461951255798,-0.37372028827667236,1,3.509185791015625,1,-0.6509883403778076,-0.3448331952095032,1,3.4976959228515625
10288.379,9,1,1,stimulusMovement,1,-0.869054098924001,-0.3734067678451538,1,3.5256195068359375,1,-0.6524398856692843,-0.34803640842437744,1,3.48614501953125
10305.047,9,1,1,stimulusMovement,1,-0.8828132616149054,-0.3796653151512146,1,3.501129150390625,1,-0.6718948152330186,-0.356751024723053,1,3.4403533935546875
10321.715,9,1,1,stimulusMovement,1,-0.8651132765743467,-0.3608347773551941,1,3.48834228515625,1,-0.6490054660373263,-0.35402822494506836,1,3.47186279296875
10338.381,9,1,1,stimulusMovement,1,-0.8784989449712964,-0.37264424562454224,1,3.440032958984375,1,-0.6790565119849311,-0.3721654415130615,1,3.409027099609375
10355.049,9,1,1,stimulusMovement,1,-0.8569745885001288,-0.37999647855758667,1,3.4501190185546875,1,-0.6790037684970431,-0.3585585355758667,1,3.457244873046875
10371.716,9,1,1,stimulusMovement,1,-0.8416566683186425,-0.37675905227661133,1,3.442596435546875,1,-0.6646095381842719,-0.3609170913696289,1,3.424774169921875
10388.382,9,1,1,stimulusMovement,1,-0.8654925492074754,-0.3470594882965088,1,3.4229583740234375,1,-0.6791982385847303,-0.35866469144821167,1,3.4262237548828125
10405.049,9,1,1,stimulusMovement,1,-0.8525268038113911,-0.3672914505004883,1,3.3977203369140625,1,-0.6677776045269436,-0.35413897037506104,1,3.4014129638671875
10421.716,9,1,1,stimulusMovement,1,-0.8704808453718821,-0.36278825998306274,1,3.4167633056640625,1,-0.6620544857449001,-0.3721909523010254,1,3.4197845458984375
10438.382,9,1,1,stimulusMovement,1,-0.8750983931952052,-0.3851736783981323,1,3.4603118896484375,1,-0.6656194263034396,-0.3712685704231262,1,3.406097412109375
10455.049,9,1,1,stimulusMovement,1,-0.8447002073129017,-0.36290687322616577,1,3.41448974609375,1,-0.6505172517564561,-0.36952275037765503,1,3.4355010986328125
10471.717,9,1,1,stimulusMovement,1,-0.8767839488055971,-0.3729751706123352,1,3.43084716796875,1,-0.663739522298177,-0.36818182468414307,1,3.391357421875
10488.383,9,1,1,stimulusMovement,1,-0.8577198882897694,-0.38900279998779297,1,3.423187255859375,1,-0.6462570031483967,-0.3719053864479065,1,3.3985137939453125
10505.05,9,1,1,stimulusMovement,1,-0.878076896071434,-0.377394437789917,1,3.4162139892578125,1,-0.6575676070319282,-0.36672401428222656,1,3.3939208984375
10521.717,9,1,1,stimulusMovement,1,-0.8565158810880449,-0.40916621685028076,1,3.4549407958984375,1,-0.6536520322163899,-0.36384522914886475,1,3.425048828125
10538.383,9,1,1,stimulusMovement,1,-0.8592425485452015,-0.3819410800933838,1,3.4244232177734375,1,-0.6533699565463595,-0.36250925064086914,1,3.4273223876953125
10555.05,9,1,1,stimulusMovement,1,-0.8494199713071187,-0.36460167169570923,1,3.4214019775390625,1,-0.681470685535007,-0.36771321296691895,1,3.419952392578125
10571.717,9,1,1,stimulusMovement,1,-0.8646852092610464,-0.3922119140625,1,3.4532928466796875,1,-0.6494992574055989,-0.36886292695999146,1,3.378326416015625
10588.383,9,1,1,stimulusMovement,1,-0.8627183569802178,-0.37174153327941895,1,3.4781341552734375,1,-0.6759750578138563,-0.37915754318237305,1,3.3918609619140625
10605.05,9,1,1,stimulusMovement,1,-0.8547324339548746,-0.3811841607093811,1,3.4503326416015625,1,-0.644047286775377,-0.37430763244628906,1,3.4459686279296875
10621.717,9,1,1,stimulusMovement,1,-0.8385577466752794,-0.3630782961845398,1,3.466552734375,1,-0.6417807473076714,-0.3546592593193054,1,3.37957763671875
10638.383,9,1,1,stimulusMovement,1,-0.8727269338236914,-0.374586284160614,1,3.42962646484375,1,-0.6673641999562581,-0.3780297040939331,1,3.467498779296875
10655.05,9,1,1,stimulusMovement,1,-0.8412086102697584,-0.37712520360946655,1,3.4658050537109375,1,-0.5234498712751601,-0.4635024070739746,1,3.7805023193359375
10671.717,9,1,1,stimulusMovement,1,-0.8484375543064541,-0.3744708299636841,1,3.4320220947265625,1,-0.6497449345058864,-0.3903806805610657,1,3.4374542236328125
10688.383,9,1,1,stimulusMovement,1,-0.8491556379530164,-0.3748953938484192,1,3.4517364501953125,1,-0.656235482957628,-0.3813045620918274,1,3.3902740478515625
10705.05,9,1,1,stimulusMovement,1,-0.8400185803572336,-0.38367199897766113,1,3.4439544677734375,1,-0.669493556022644,-0.3719210624694824,1,3.41461181640625
10721.717,9,1,1,stimulusMovement,1,-0.8263468013869391,-0.37724947929382324,1,3.4267578125,1,-0.6642449696858723,-0.38510358333587646,1,3.3897247314453125
10738.383,9,1,1,stimulusMovement,1,-0.8488256732622782,-0.3934060335159302,1,3.458160400390625,1,-0.6649731794993082,-0.38725829124450684,1,3.406524658203125
10755.05,9,1,1,stimulusMovement,1,-0.8369839092095692,-0.37114983797073364,1,3.44158935546875,1,-0.6714221371544732,-0.3942815065383911,1,3.4528045654296875
10771.718,9,1,1,stimulusMovement,1,-0.8447943660948011,-0.38079261779785156,1,3.4533538818359375,1,-0.655524836646186,-0.383337140083313,1,3.45684814453125
10788.384,9,1,1,stimulusMovement,1,-0.832276463508606,-0.3883475661277771,1,3.44427490234375,1,-0.6580453448825412,-0.3687535524368286,1,3.41986083984375
10805.051,9,1,1,stimulusMovement,1,-0.8363828692171308,-0.3762925863265991,1,3.4031982421875,1,-0.6338436868455675,-0.3708697557449341,1,3.370941162109375
10821.718,9,1,1,stimulusMovement,1,-0.8591328329510158,-0.3748123049736023,1,3.42974853515625,1,-0.6501761542426215,-0.3863111734390259,1,3.367095947265625
10838.384,9,1,1,stimulusMovement,1,-0.8352439204851786,-0.3789380192756653,1,3.4361419677734375,0,nan,nan,0,nan
10855.051,9,1,1,stimulusMovement,1,-0.8253620598051282,-0.3695414662361145,1,3.401275634765625,1,-0.6537935468885633,-0.37441009283065796,1,3.3326568603515625
10871.718,9,1,1,stimulusMovement,1,-0.8372219536039563,-0.38184666633605957,1,3.3956451416015625,1,-0.6651111178927951,-0.3885467052459717,1,3.3874359130859375
10888.384,9,1,1,stimulusMovement,1,-0.8310456077257792,-0.38161349296569824,1,3.4040069580078125,1,-0.6565482351515027,-0.382137656211853,1,3.3549346923828125
10905.051,9,1,1,stimulusMovement,1,-0.8672714663876427,-0.38088762760162354,1,3.4029388427734375,1,-0.672904994752672,-0.3843730688095093,1,3.3874359130859375
10921.718,9,1,1,stimulusMovement,1,-0.8509006367789373,-0.3918408751487732,1,3.399658203125,1,-0.667676289876302,-0.39463478326797485,1,3.3726806640625
10938.384,9,1,1,stimulusMovement,1,-0.8376423352294498,-0.3658861517906189,1,3.3565216064453125,1,-0.6677649286058214,-0.3861873149871826,1,3.3316192626953125
10955.051,9,1,1,stimulusMovement,1,-0.8445429669486151,-0.381999135017395,1,3.3261566162109375,1,-0.6653326882256402,-0.38293468952178955,1,3.3504486083984375
10971.718,9,1,1,stimulusMovement,1,-0.834863136212031,-0.37458550930023193,1,3.31646728515625,1,-0.6636146704355875,-0.3925749659538269,1,3.336639404296875
10988.384,9,1,1,stimulusMovement,1,-0.8058440950181749,-0.38504087924957275,1,3.291351318359375,1,-0.6782594521840413,-0.40124809741973877,1,3.3480072021484375
11005.051,9,1,1,stimulusMovement,1,-0.8307501806153191,-0.3667309284210205,1,3.300323486328125,1,-0.6496103869544135,-0.3953731656074524,1,3.287109375
11021.718,9,1,1,stimulusMovement,1,-0.8267621994018555,-0.3863629102706909,1,3.327362060546875,1,-0.6706043746736314,-0.39112389087677,1,3.30902099609375
11038.384,9,1,1,stimulusMovement,1,-0.8389021224445766,-0.38324111700057983,1,3.3012847900390625,1,-0.6388489935133191,-0.37341606616973877,1,3.2834625244140625
11055.052,9,1,1,stimulusMovement,1,-0.8495547142293718,-0.3839219808578491,1,3.285003662109375,1,-0.6595922840966119,-0.39926379919052124,1,3.29351806640625
11071.719,9,1,1,stimulusMovement,1,-0.8306783371501498,-0.3886412978172302,1,3.3218994140625,0,nan,nan,0,nan
11088.385,9,1,1,stimulusMovement,1,-0.8137078020307752,-0.379355251789093,1,3.291229248046875,1,-0.6369107564290364,-0.38893330097198486,1,3.288726806640625
11105.052,9,1,1,stimulusMovement,1,-0.8206234441863165,-0.37143373489379883,1,3.2899627685546875,1,-0.6256474653879801,-0.3638780117034912,1,3.2561492919921875
11121.719,9,1,1,stimulusMovement,1,-0.8275731404622395,-0.3627585768699646,1,3.2813720703125,1,-0.6129961013793945,-0.3754462003707886,1,3.2375946044921875
11138.385,9,1,1,stimulusMovement,1,-0.8188983334435357,-0.367159366607666,1,3.2835235595703125,1,-0.6254607041676838,-0.38232332468032837,1,3.2362213134765625
11155.052,9,1,1,stimulusMovement,1,-0.8128593762715657,-0.3661814332008362,1,3.2990875244140625,1,-0.6130123933156331,-0.38393455743789673,1,3.2546844482421875
11171.719,9,1,1,stimulusMovement,1,-0.7999893956714206,-0.35672080516815186,1,3.247222900390625,1,-0.6018421385023328,-0.37600481510162354,1,3.237762451171875
11188.385,9,1,1,stimulusMovement,1,-0.6993633111317952,-0.29857444763183594,1,3.2219390869140625,1,-0.45392518573337126,-0.27311933040618896,1,3.2089385986328125
11205.052,9,1,1,stimulusMovement,1,-0.6823936568366157,-0.27887415885925293,1,3.355743408203125,1,-0.4647991922166612,-0.23289835453033447,1,3.2381134033203125
11221.719,9,1,1,stimulusMovement,1,-0.6357700294918484,-0.2656523585319519,1,3.32635498046875,1,-0.4062086741129557,-0.19459044933319092,1,3.208038330078125
11238.385,9,1,1,stimulusMovement,1,-0.6307184961107042,-0.24987518787384033,1,3.3130035400390625,1,-0.3977450264824761,-0.21947145462036133,1,3.277374267578125
11255.052,9,1,1,stimulusMovement,1,-0.6285983986324734,-0.24347126483917236,1,3.3251190185546875,1,-0.40100982454087997,-0.21840107440948486,1,3.241790771484375
11271.719,9,1,1,stimulusMovement,1,-0.6003466977013482,-0.24576973915100098,1,3.2867889404296875,1,-0.36967505349053276,-0.2288990020751953,1,3.283905029296875
11288.385,9,1,1,stimulusMovement,1,-0.5814103815290662,-0.240980863571167,1,3.293548583984375,1,-0.3723138173421224,-0.2087562084197998,1,3.1871185302734375
11305.052,9,1,1,stimulusMovement,1,-0.5865504476759168,-0.2672589421272278,1,3.3534393310546875,1,-0.3459768295288086,-0.20757317543029785,1,3.206146240234375
11321.719,9,1,1,stimulusMovement,1,-0.5802359580993652,-0.2540649175643921,1,3.351348876953125,1,-0.31041087044609916,-0.2121410369873047,1,3.23370361328125
11338.386,9,1,1,stimulusMovement,1,-0.5323725806342231,-0.24588501453399658,1,3.3264312744140625,0,nan,nan,0,nan
11355.053,9,1,1,stimulusMovement,1,-0.503999842537774,-0.20391488075256348,1,3.20361328125,1,-0.29072591993543834,-0.18473243713378906,1,3.1798095703125
11371.72,9,1,1,stimulusMovement,1,-0.49540535608927405,-0.21354031562805176,1,3.246917724609375,1,-0.26729249954223633,-0.15278339385986328,1,3.148468017578125
11388.386,9,1,1,stimulusMovement,1,-0.5121345520019531,-0.228712797164917,1,3.3773345947265625,1,-0.286545541551378,-0.20279854536056519,1,3.2142181396484375
11405.053,9,1,1,stimulusMovement,1,-0.47956085205078125,-0.22517621517181396,1,3.3446502685546875,0,nan,nan,0,nan
11421.72,9,1,1,stimulusMovement,1,-0.4642013178931342,-0.21628403663635254,1,3.29736328125,1,-0.20294528537326387,-0.1295262575149536,1,3.110809326171875
11438.386,9,1,1,stimulusMovement,1,-0.4388699531555176,-0.21144694089889526,1,3.354949951171875,1,-0.2030316458808051,-0.14458167552947998,1,3.1061859130859375
11455.053,9,1,1,stimulusMovement,1,-0.4235376781887478,-0.20805227756500244,1,3.3241729736328125,1,-0.18730099995930988,-0.15541428327560425,1,3.1624603271484375
11471.72,9,1,1,stimulusMovement,1,-0.41026200188530815,-0.22814440727233887,1,3.38031005859375,1,-0.1854794290330675,-0.1745915412902832,1,3.1925506591796875
11488.386,9,1,1,stimulusMovement,1,-0.4238523377312554,-0.18996989727020264,1,3.3468170166015625,1,-0.1637227800157335,-0.14076244831085205,1,3.1028594970703125
11505.053,9,1,1,stimulusMovement,1,-0.4057556788126627,-0.19463413953781128,1,3.326080322265625,0,nan,nan,0,nan
11521.72,9,1,1,stimulusMovement,1,-0.3753773901197645,-0.30589693784713745,1,3.5799407958984375,1,-0.12947575251261392,-0.11564314365386963,1,3.1351318359375
11538.386,9,1,1,stimulusMovement,1,-0.40149572160508895,-0.2021164894104004,1,3.3817596435546875,0,nan,nan,0,nan
11555.053,9,1,1,stimulusMovement,1,-0.3670374552408854,-0.17781198024749756,1,3.341583251953125,1,-0.1209935082329644,-0.10836529731750488,1,3.1619873046875
11571.72,9,1,1,stimulusMovement,1,-0.3525580300225152,-0.15476715564727783,1,3.298187255859375,1,-0.11289363437228732,-0.10244351625442505,1,3.130126953125
11588.386,9,1,1,stimulusMovement,0,nan,nan,0,nan,0,nan,nan,0,nan
11605.053,9,1,1,stimulusMovement,1,-0.2773038546244303,-0.07802671194076538,1,3.2491607666015625,1,-0.031022230784098305,-0.01680004596710205,1,3.094940185546875
11621.72,9,1,1,stimulusMovement,1,-0.23485067155626083,-0.024006307125091553,1,3.207611083984375,1,-0.0032898585001627603,-0.03673720359802246,1,3.1682586669921875
11638.387,9,1,1,stimulusMovement,1,-0.2124774720933702,-0.004168868064880371,1,3.16448974609375,1,0.015004052056206597,0.01016700267791748,1,3.0522308349609375
11655.054,9,1,1,stimulusMovement,1,-0.20364014307657877,-0.015956103801727295,1,3.19329833984375,1,0.013462808397081163,-0.0022737979888916016,1,3.0759429931640625
11671.721,9,1,1,stimulusMovement,1,-0.19299358791775173,0.009317219257354736,1,3.1434326171875,1,0.047977447509765625,0.0076528191566467285,1,3.0330657958984375
11688.387,9,1,1,stimulusMovement,1,-0.18435944451226127,-0.1202893853187561,1,3.496978759765625,1,0.0638626946343316,0.0217553973197937,1,3.0758514404296875
11705.054,9,1,1,stimulusMovement,1,-0.1716766357421875,-0.0014368891716003418,1,3.1815185546875,1,0.05583148532443576,-0.006531238555908203,1,3.0789642333984375
11721.721,9,1,1,stimulusMovement,1,-0.158043278588189,0.006294816732406616,1,3.1563262939453125,1,0.09080611334906684,0.015164703130722046,1,3.0404815673828125
11738.387,9,1,1,stimulusMovement,1,-0.13844320509168836,-0.01577824354171753,1,3.193023681640625,1,0.10546090867784287,0.003348708152770996,1,3.08642578125
11755.054,9,1,1,stimulusMovement,1,-0.11784119076199001,0.01968926191329956,1,3.099822998046875,1,0.0986144807603624,0.02552780508995056,1,3.001007080078125
11771.721,9,1,1,stimulusMovement,1,-0.12882571750217015,-0.004068851470947266,1,3.2086334228515625,1,0.10314178466796875,0.037459611892700195,1,2.992919921875
11788.387,9,1,1,stimulusMovement,1,-0.12346331278483072,0.010740399360656738,1,3.1754913330078125,1,0.10418849521213107,0.0474623441696167,1,2.972198486328125
11805.054,9,1,1,stimulusMovement,1,-0.096681276957194,0.026899874210357666,1,3.0759124755859375,1,0.22484609815809461,0.029652833938598633,1,3.032135009765625
11821.721,9,1,1,stimulusMovement,1,0.025317721896701388,0.0003444552421569824,1,3.191619873046875,1,0.24936199188232422,0.039630383253097534,1,3.0146026611328125
11838.387,9,1,1,stimulusMovement,1,0.027501318189832896,0.009471297264099121,1,3.204437255859375,1,0.2572665744357639,0.04538619518280029,1,2.98760986328125
11855.054,9,1,1,stimulusMovement,1,0.05788421630859375,0.024401813745498657,1,3.1360321044921875,1,0.2750958336724175,0.06194654107093811,1,2.988128662109375
11871.721,9,1,1,stimulusMovement,1,0.058882077534993485,0.029223978519439697,1,3.1821441650390625,1,0.2869115405612522,0.0508306622505188,1,3.0441741943359375
11888.387,9,1,1,stimulusMovement,1,0.11134190029568142,0.03184068202972412,1,3.08416748046875,1,0.2902596791585286,0.05274313688278198,1,3.0210113525390625
11905.054,9,1,1,stimulusMovement,1,0.10756693945990668,0.06051173806190491,1,3.078094482421875,1,0.3163016637166341,0.05061042308807373,1,3.054443359375
11921.722,9,1,1,stimulusMovement,1,0.100190798441569,0.04727572202682495,1,3.1311492919921875,1,0.30237123701307506,0.06555676460266113,1,3.0064849853515625
11938.388,9,1,1,stimulusMovement,1,0.10353819529215494,0.05861639976501465,1,3.054107666015625,1,0.3134595023261176,0.07290390133857727,1,2.9952392578125
11955.055,9,1,1,stimulusMovement,1,0.10621028476291232,0.04573541879653931,1,3.1817626953125,1,0.3169017367892795,0.08222004771232605,1,3.0061187744140625
11971.722,9,1,1,stimulusMovement,1,0.11350886027018228,0.06484493613243103,1,3.095245361328125,1,0.3285910288492838,0.08045628666877747,1,2.9796600341796875
11988.388,9,1,1,stimulusMovement,1,0.124521361456977,0.06970930099487305,1,3.0701751708984375,1,0.33072831895616317,0.051701128482818604,1,3.076690673828125
12005.055,9,1,1,stimulusMovement,1,0.13211631774902344,0.0580824613571167,1,3.0565032958984375,1,0.3191445668538411,0.06084287166595459,1,3.0087127685546875
12021.722,9,1,1,stimulusMovement,1,0.11268477969699435,0.07511553168296814,1,3.0063323974609375,1,0.33319568634033203,0.06869131326675415,1,3.0252532958984375
12038.388,9,1,1,stimulusMovement,1,0.09916877746582031,0.05146953463554382,1,3.11920166015625,1,0.322845458984375,0.060719311237335205,1,3.0350799560546875
12055.055,9,1,1,stimulusMovement,1,0.11050870683458115,0.061615943908691406,1,3.0986175537109375,1,0.3294714821709527,0.06146639585494995,1,3.0361480712890625
12071.722,9,1,1,stimulusMovement,1,0.10451613532172309,0.091494619846344,1,2.997955322265625,1,0.29363716973198783,0.07225990295410156,1,2.9830169677734375
12088.388,9,1,1,stimulusMovement,1,-0.044047779507107206,0.02678900957107544,1,3.163116455078125,1,0.20278146531846786,0.08164885640144348,1,2.9880218505859375
12105.055,9,1,1,stimulusMovement,1,-0.028099324968126085,0.05008566379547119,1,3.1025848388671875,1,0.21555826399061415,0.08679229021072388,1,2.9823760986328125
12121.722,9,1,1,stimulusMovement,1,-0.03633568021986219,0.06041643023490906,1,3.12420654296875,1,0.19953621758355033,0.06958058476448059,1,3.00982666015625
12138.388,9,1,1,stimulusMovement,1,-0.029300424787733287,0.06464383006095886,1,3.0836181640625,1,0.19590070512559676,0.1036333441734314,1,2.9754486083984375
12155.055,9,1,1,stimulusMovement,1,-0.03692150115966797,0.06137275695800781,1,3.1299285888671875,1,0.19921705457899305,0.09187835454940796,1,2.9777984619140625
12171.722,9,1,1,stimulusMovement,1,-0.019765006171332464,0.04044100642204285,1,3.116943359375,1,0.198844485812717,0.0791594386100769,1,2.99627685546875
12188.388,9,1,1,stimulusMovement,1,-0.012840112050374348,0.07500824332237244,1,3.0688018798828125,1,0.2004373338487413,0.06984084844589233,1,3.0552520751953125
12205.056,9,1,1,stimulusMovement,1,-0.034211317698160805,0.08195734024047852,1,3.0216827392578125,1,0.21250428093804252,0.07149660587310791,1,3.0485992431640625
12221.723,9,1,1,stimulusMovement,1,-0.02024057176378038,0.06989315152168274,1,3.119476318359375,1,0.20253361596001518,0.08099961280822754,1,2.99432373046875
12238.389,9,1,1,stimulusMovement,1,-0.01613060633341471,0.036342084407806396,1,3.122283935546875,1,0.1864994896782769,0.08447152376174927,1,3.04254150390625
12255.056,9,1,1,stimulusMovement,1,-0.026049243079291448,0.05862501263618469,1,3.102630615234375,1,0.20796881781684026,0.05518713593482971,1,3.1549224853515625
12271.723,9,1,1,stimulusMovement,1,-0.030039045545789927,0.06008532643318176,1,3.1201019287109375,1,0.20973788367377386,0.05881088972091675,1,3.1285247802734375
12288.389,9,1,1,stimulusMovement,1,-0.03884543312920464,0.04336822032928467,1,3.2240142822265625,1,0.21146053738064235,0.0928606390953064,1,3.0538482666015625
12305.056,9,1,1,stimulusMovement,1,-0.02124871148003472,0.05717116594314575,1,3.13568115234375,1,0.20366372002495658,0.018358826637268066,1,3.2216796875
12321.723,9,1,1,stimulusMovement,1,-0.009657647874620225,0.07233452796936035,1,3.1422576904296875,1,0.19602245754665798,0.07537928223609924,1,3.0855560302734375
12338.389,9,1,1,stimulusMovement,1,-0.00808768802218967,0.07709905505180359,1,3.1280975341796875,0,nan,nan,0,nan
12355.056,9,1,1,stimulusMovement,1,-0.025260766347249348,0.05212122201919556,1,3.2106475830078125,1,0.2014860577053494,0.06444478034973145,1,3.147216796875
12371.723,9,1,1,stimulusMovement,1,-0.01681285434299045,0.05492556095123291,1,3.1454315185546875,1,0.22575547960069442,0.09142714738845825,1,3.1428375244140625
12388.389,9,1,1,stimulusMovement,1,-0.02429178025987413,0.036577463150024414,1,3.2362060546875,1,0.20788500044080946,0.047966718673706055,1,3.2038421630859375
12405.056,9,1,1,stimulusMovement,1,-0.01397615008884006,0.003331601619720459,1,3.2955322265625,1,0.20574622684054902,0.045670270919799805,1,3.22735595703125
12421.723,9,1,1,stimulusMovement,1,-0.0174205568101671,0.07931315898895264,1,3.176422119140625,1,0.2017834981282552,0.03534352779388428,1,3.2200164794921875
12438.389,9,1,1,stimulusMovement,1,-0.0029634899563259548,0.033843040466308594,1,3.2442169189453125,1,0.21192338731553817,0.09023958444595337,1,3.1417388916015625
12455.056,9,1,1,stimulusMovement,1,-0.02100213368733724,0.07169049978256226,1,3.2520751953125,1,0.18233108520507812,0.061863213777542114,1,3.21441650390625
12471.723,9,1,1,stimulusMovement,1,-0.02199215359157986,0.050863116979599,1,3.2676849365234375,1,0.19995604621039495,0.06703034043312073,1,3.17462158203125
12488.39,9,1,1,stimulusMovement,1,-0.023388067881266274,0.08693593740463257,1,3.1581268310546875,1,0.20212586720784503,0.0828816294670105,1,3.160736083984375
12505.057,9,1,1,stimulusMovement,0,nan,nan,0,nan,1,0.20535055796305338,0.06057587265968323,1,3.1569976806640625
12521.724,9,1,1,stimulusMovement,1,-0.06714767879909939,0.03781154751777649,1,3.3394317626953125,1,0.2252144283718533,0.06250333786010742,1,3.20263671875
12538.39,9,1,1,stimulusMovement,1,-0.00963984595404731,0.05274137854576111,1,3.2111053466796875,1,0.20873037974039713,0.062074750661849976,1,3.2221527099609375
12555.057,9,1,1,stimulusMovement,1,-0.04893700281778971,0.016821205615997314,1,3.39971923828125,1,0.22114732530381942,0.0218203067779541,1,3.301513671875
12571.724,9,1,1,stimulusMovement,1,-0.0273593266805013,0.07474744319915771,1,3.2230224609375,1,0.21466403537326387,0.06089359521865845,1,3.1835174560546875
12588.39,9,1,1,stimulusMovement,1,-0.011470264858669704,0.05644157528877258,1,3.260040283203125,1,0.21311028798421222,0.05394411087036133,1,3.1700439453125
12605.057,9,1,1,stimulusMovement,1,-0.006447580125596788,0.0553591251373291,1,3.182586669921875,1,0.21874703301323783,0.05827587842941284,1,3.2215423583984375
12621.724,9,1,1,stimulusMovement,1,-0.02652401394314236,0.025955498218536377,1,3.307708740234375,1,0.1963937547471788,0.05157533288002014,1,3.194000244140625
12638.39,9,1,1,stimulusMovement,1,-0.004504998524983724,0.06002151966094971,1,3.2205963134765625,1,0.1792857911851671,0.08327376842498779,1,3.137451171875
12655.057,9,1,1,stimulusMovement,1,0.006513701544867621,0.07293426990509033,1,3.1441192626953125,1,0.21108108096652559,0.06574273109436035,1,3.179656982421875
12671.724,9,1,1,stimulusMovement,1,-0.008125411139594184,0.05891978740692139,1,3.205169677734375,1,0.20197465684678817,0.06023019552230835,1,3.1710968017578125
12688.39,9,1,1,stimulusMovement,1,-0.01836713155110677,0.053328633308410645,1,3.226898193359375,1,0.2021007537841797,0.06222409009933472,1,3.1790771484375
12705.057,9,1,1,stimulusMovement,1,-0.07609473334418403,0.04812973737716675,1,3.2228546142578125,1,0.18014992607964408,0.08486753702163696,1,3.13812255859375
12721.724,9,1,1,stimulusMovement,1,-0.046874682108561196,0.059220850467681885,1,3.2371826171875,1,0.1933796140882704,0.08480268716812134,1,3.09912109375
12738.39,9,1,1,stimulusMovement,1,-0.03441312577989366,0.06052541732788086,1,3.2102813720703125,1,0.1676262749565972,0.06423944234848022,1,3.2012786865234375
12755.057,9,1,1,stimulusMovement,1,-0.05554241604275173,0.029916971921920776,1,3.26934814453125,1,0.17308870951334634,0.06040239334106445,1,3.2227783203125
12771.724,9,1,1,stimulusMovement,1,-0.03686290317111545,0.05389881134033203,1,3.205596923828125,1,0.16839970482720268,0.06561604142189026,1,3.2159881591796875
12788.391,9,1,1,stimulusMovement,1,-0.05087116029527452,0.06180661916732788,1,3.2121429443359375,1,0.15597057342529297,0.08434313535690308,1,3.1759185791015625
12805.058,9,1,1,stimulusMovement,1,-0.050372971428765186,0.048771440982818604,1,3.2355194091796875,1,0.15931044684516057,0.09682893753051758,1,3.1764068603515625
12821.725,9,1,1,stimulusMovement,1,-0.042415883806016706,0.049778103828430176,1,3.2158660888671875,1,0.1728982925415039,0.06545242667198181,1,3.1748504638671875
12838.391,9,1,1,stimulusMovement,1,-0.03649308946397569,0.06420475244522095,1,3.1453399658203125,1,0.16776932610405815,0.06301608681678772,1,3.2314910888671875
12855.058,9,1,1,stimulusMovement,1,-0.06310187445746528,0.04194861650466919,1,3.2480316162109375,1,0.17384825812445745,0.0666128396987915,1,3.1945037841796875
12871.725,9,1,1,stimulusMovement,1,-0.05262798733181423,0.041727423667907715,1,3.28216552734375,1,0.17385567559136283,0.04620322585105896,1,3.21209716796875
12888.391,9,1,1,stimulusMovement,1,-0.05621804131401909,0.04557502269744873,1,3.276763916015625,1,0.1787128448486328,0.05660337209701538,1,3.1842193603515625
12905.058,9,1,1,stimulusMovement,1,-0.05224906073676215,0.060920506715774536,1,3.22705078125,1,0.17725181579589844,0.05016770958900452,1,3.2038421630859375
12921.725,9,1,1,stimulusMovement,1,-0.05070394939846462,0.024741411209106445,1,3.2882080078125,1,0.1682888666788737,0.08721405267715454,1,3.1440887451171875
12938.391,9,1,1,stimulusMovement,1,-0.05843363867865668,0.0533105731010437,1,3.257049560546875,1,0.1711211734347873,0.0814313292503357,1,3.155029296875
12955.058,9,1,1,stimulusMovement,1,-0.058610280354817704,0.05408412218093872,1,3.2064666748046875,1,0.16518783569335938,0.05120706558227539,1,3.208099365234375
12971.725,9,1,1,stimulusMovement,1,-0.04819552103678385,0.052996307611465454,1,3.22564697265625,1,0.18819109598795572,0.07209756970405579,1,3.1853485107421875
12988.391,9,1,1,stimulusMovement,1,-0.099388493431939,0.007730841636657715,1,3.377044677734375,1,0.17637994554307726,0.03115922212600708,1,3.239227294921875
13005.058,9,1,1,stimulusMovement,1,-0.04571559694078233,0.03471207618713379,1,3.2492218017578125,1,0.1864574220445421,0.0575258731842041,1,3.2274169921875
13021.725,9,1,1,stimulusMovement,1,-0.04247734281751844,0.04498070478439331,1,3.203460693359375,1,0.16878170437282985,0.01609647274017334,1,3.3075714111328125
13038.391,9,1,1,stimulusMovement,1,-0.05105336507161458,0.058702945709228516,1,3.2187652587890625,1,0.17178630828857422,0.04472166299819946,1,3.2504119873046875
13055.058,9,1,1,stimulusMovement,1,-0.037444909413655594,0.06425094604492188,1,3.216400146484375,1,0.18647257486979166,0.03705674409866333,1,3.255157470703125
13071.726,9,1,1,stimulusMovement,1,-0.07171249389648438,0.031072884798049927,1,3.3184661865234375,1,0.18611780802408853,0.04481709003448486,1,3.22662353515625
13088.392,9,1,1,stimulusMovement,1,-0.04491837819417317,0.04009711742401123,1,3.230865478515625,1,0.17434469858805338,0.057634592056274414,1,3.2164306640625
13105.059,9,1,1,stimulusMovement,1,-0.04596079720391167,0.03175732493400574,1,3.269744873046875,1,0.1728023952907986,0.07166540622711182,1,3.185699462890625
13121.726,9,1,1,stimulusMovement,1,-0.044156180487738714,0.042185187339782715,1,3.1898956298828125,1,0.16637325286865234,0.04974395036697388,1,3.2330780029296875
13138.392,9,1,1,stimulusMovement,1,-0.0393834114074707,0.040665268898010254,1,3.254974365234375,1,0.19034798940022785,0.04658249020576477,1,3.2458343505859375
13155.059,9,1,1,stimulusMovement,1,-0.048095756106906466,0.043736279010772705,1,3.239837646484375,1,0.19728713565402559,0.059440284967422485,1,3.211212158203125
13171.726,9,1,1,stimulusMovement,1,-0.04786321851942274,0.02182227373123169,1,3.2696380615234375,1,0.18655321333143446,0.05068331956863403,1,3.2270355224609375
13188.392,9,1,1,stimulusMovement,1,-0.039882818857828774,0.041489750146865845,1,3.2446746826171875,1,0.1683016883002387,0.053518593311309814,1,3.256072998046875
13205.059,9,1,1,stimulusMovement,0,nan,nan,0,nan,1,0.18178134494357637,0.07379031181335449,1,3.19073486328125
13221.726,9,1,1,stimulusMovement,1,-0.05129771762424045,0.01366335153579712,1,3.3632049560546875,1,0.17868656582302517,0.06526535749435425,1,3.2237396240234375
13238.392,9,1,1,stimulusMovement,1,-0.0488035413953993,0.032922983169555664,1,3.29730224609375,1,0.18345525529649523,0.061584651470184326,1,3.23565673828125
13255.059,9,1,1,stimulusMovement,1,-0.019653055402967665,0.058464616537094116,1,3.27288818359375,1,0.20574961768256292,0.060969769954681396,1,3.2671356201171875
13271.726,9,1,1,fixation,1,-0.034342977735731334,0.04533571004867554,1,3.27587890625,1,0.172343995836046,0.061655253171920776,1,3.16064453125
13288.392,9,1,1,fixation,1,-0.026725292205810547,0.03468132019042969,1,3.2493743896484375,1,0.19044547610812715,0.06241270899772644,1,3.171783447265625
13305.059,9,1,1,fixation,1,-0.028575473361545138,0.024895548820495605,1,2.9272613525390625,1,0.15411429935031465,0.026702046394348145,1,2.9531097412109375
13321.726,9,1,1,fixation,0,nan,nan,0,nan,0,nan,nan,0,nan
13338.392,9,1,1,fixation,0,nan,nan,0,nan,0,nan,nan,0,nan
13355.06,9,1,1,fixation,1,-0.06930584377712673,0.018659532070159912,1,3.327392578125,1,0.18935055202907985,0.07698553800582886,1,3.1515960693359375
13371.727,9,1,1,fixation,1,-0.04351806640625,0.03243499994277954,1,2.92022705078125,1,0.15034039815266925,0.024675309658050537,1,2.9505462646484375
13388.393,9,1,1,fixation,0,nan,nan,0,nan,1,0.05924267239040798,0.03921738266944885,1,2.910491943359375
13405.06,9,1,1,fixation,0,nan,nan,0,nan,0,nan,nan,0,nan
13421.727,9,1,1,fixation,1,-0.038207160101996526,0.04508373141288757,1,3.23480224609375,1,0.1819803449842665,0.0634385347366333,1,3.2107086181640625
13438.393,9,1,1,fixation,1,-0.045948558383517794,0.02879464626312256,1,2.920623779296875,1,0.13854281107584634,0.03260505199432373,1,2.9382476806640625
13455.06,9,1,1,fixation,0,nan,nan,0,nan,1,0.06587208641899957,0.04509827494621277,1,2.9154205322265625
13471.726,9,1,1,fixation,0,nan,nan,0,nan,0,nan,nan,0,nan
13488.393,9,1,1,fixation,1,-0.03354856703016493,0.05049443244934082,1,3.264923095703125,1,0.18773831261528862,0.0859343409538269,1,3.1581268310546875
13505.06,9,1,1,fixation,1,-0.043885760837131076,0.029624521732330322,1,2.90863037109375,1,0.1656169891357422,0.016101986169815063,1,2.9500579833984375
13521.727,9,1,1,fixation,0,nan,nan,0,nan,1,0.06219482421875,0.03425279259681702,1,2.9225311279296875
13538.393,9,1,1,fixation,0,nan,nan,0,nan,0,nan,nan,0,nan
13555.06,9,1,1,fixation,1,-0.0643779436747233,-0.013745725154876709,1,3.391998291015625,1,0.16979122161865234,0.08809953927993774,1,3.1637420654296875
13571.727,9,1,1,fixation,1,-0.042221440209282764,0.028232872486114502,1,2.906524658203125,1,0.1510997348361545,0.027072757482528687,1,2.9359130859375
13588.393,9,1,1,fixation,0,nan,nan,0,nan,0,nan,nan,0,nan
13605.06,9,1,1,fixation,0,nan,nan,0,nan,0,nan,nan,0,nan
13621.727,9,1,1,fixation,1,-0.0633713404337565,0.05236747860908508,1,3.2866363525390625,1,0.1468290752834744,0.09079211950302124,1,3.19256591796875
13638.394,9,1,1,fixation,1,-0.05116324954562717,0.04160517454147339,1,2.905242919921875,1,0.1235423617892795,0.04232075810432434,1,2.9435577392578125
13655.061,9,1,1,fixation,0,nan,nan,0,nan,1,0.05160925123426649,0.04686799645423889,1,2.917022705078125
13671.727,9,1,1,fixation,0,nan,nan,0,nan,0,nan,nan,0,nan
13688.394,9,1,1,fixation,1,-0.06692738003200954,0.06162586808204651,1,3.1799468994140625,1,0.16168827480740017,0.06306973099708557,1,3.1965484619140625
13705.061,9,1,1,fixation,1,-0.05084048377143012,0.04208680987358093,1,2.9022064208984375,1,0.13682831658257377,0.03309604525566101,1,2.9412689208984375
13721.728,9,1,1,fixation,0,nan,nan,0,nan,1,0.049239158630371094,0.04066985845565796,1,2.908416748046875
13738.394,9,1,1,fixation,0,nan,nan,0,nan,0,nan,nan,0,nan
13755.061,9,1,1,fixation,1,-0.05285040537516276,0.031864702701568604,1,3.2803497314453125,1,0.16103903452555338,0.06825554370880127,1,3.18865966796875
13771.728,9,1,1,fixation,1,-0.04779413011338975,0.03560495376586914,1,2.9093170166015625,1,0.1276668972439236,0.041653186082839966,1,2.9247894287109375
13788.394,9,1,1,fixation,0,nan,nan,0,nan,0,nan,nan,0,nan
13805.061,9,1,1,fixation,0,nan,nan,0,nan,0,nan,nan,0,nan
13821.728,9,1,1,fixation,1,-0.074890931447347,0.030715763568878174,1,3.302398681640625,1,0.18147722880045572,0.04099735617637634,1,3.236114501953125
13838.394,9,1,1,fixation,1,-0.050726784600151904,0.03594470024108887,1,2.912017822265625,1,0.14544762505425346,0.02661728858947754,1,2.9304962158203125
13855.061,9,1,1,fixation,0,nan,nan,0,nan,0,nan,nan,0,nan
13871.727,9,1,1,fixation,0,nan,nan,0,nan,0,nan,nan,0,nan
13888.394,9,1,1,fixation,1,-0.06336254543728298,0.027499794960021973,1,3.304840087890625,1,0.1767195595635308,0.06481948494911194,1,3.1840972900390625
13905.061,9,1,1,fixation,1,-0.048035409715440534,0.0327799916267395,1,2.9156951904296875,1,0.14749696519639757,0.021551012992858887,1,2.9423675537109375
13921.728,9,1,1,fixation,0,nan,nan,0,nan,0,nan,nan,0,nan
13938.395,9,1,1,fixation,0,nan,nan,0,nan,0,nan,nan,0,nan
13955.062,9,1,1,fixation,1,-0.0741262435913086,0.045778512954711914,1,3.2451934814453125,1,0.1771026187472873,0.08423018455505371,1,3.197418212890625
13971.729,9,1,1,fixation,1,-0.047859244876437716,0.037259191274642944,1,2.929046630859375,1,0.13945367601182726,0.03511965274810791,1,2.9458465576171875
13988.395,9,1,1,fixation,0,nan,nan,0,nan,1,0.06553618113199869,0.04106634855270386,1,2.9365234375
14005.062,9,1,1,fixation,0,nan,nan,0,nan,0,nan,nan,0,nan
14021.729,9,1,1,fixation,1,-0.059539477030436196,0.02949202060699463,1,3.3398895263671875,1,0.17790773179796007,0.0842336118221283,1,3.1739654541015625
14038.395,9,1,1,fixation,1,-0.039842340681287974,0.038523346185684204,1,2.9363250732421875,1,0.16266822814941406,0.023791015148162842,1,2.9527130126953125
14055.062,9,1,1,fixation,0,nan,nan,0,nan,0,nan,nan,0,nan
14071.728,9,1,1,fixation,0,nan,nan,0,nan,0,nan,nan,0,nan
14088.395,9,1,1,fixation,1,-0.05365636613633897,0.01591309905052185,1,3.345977783203125,1,0.1775001949734158,0.05086392164230347,1,3.265045166015625
14105.062,9,1,1,fixation,1,-0.04521359337700737,0.03972905874252319,1,2.951141357421875,1,0.15478399064805773,0.03188788890838623,1,2.9499053955078125
14121.729,9,1,1,fixation,0,nan,nan,0,nan,0,nan,nan,0,nan
14138.395,9,1,1,fixation,0,nan,nan,0,nan,0,nan,nan,0,nan
14155.062,9,1,1,fixation,1,-0.06051964230007595,0.02780759334564209,1,3.313720703125,1,0.16616513994004992,0.027040958404541016,1,3.32037353515625
14171.729,9,1,1,fixation,1,-0.03207916683620877,0.027211874723434448,1,2.956756591796875,1,0.1547698974609375,0.034401893615722656,1,2.949920654296875
14188.395,9,1,1,fixation,0,nan,nan,0,nan,0,nan,nan,0,nan
14205.062,9,1,1,fixation,0,nan,nan,0,nan,0,nan,nan,0,nan
14221.73,9,1,1,fixation,1,-0.058582729763454855,0.015242934226989746,1,3.3961029052734375,1,0.19331349266899955,0.07525944709777832,1,3.2137298583984375
14238.396,9,1,1,fixation,1,-0.0395208994547526,0.027073174715042114,1,2.9633941650390625,1,0.16157997979058158,0.023926883935928345,1,2.961456298828125
14255.063,9,1,1,fixation,0,nan,nan,0,nan,1,0.062007162306043834,0.048216819763183594,1,2.9309539794921875
14271.729,9,1,1,fixation,0,nan,nan,0,nan,0,nan,nan,0,nan
14288.396,9,1,1,fixation,1,-0.04609870910644531,0.035348743200302124,1,3.3174591064453125,1,0.16988383399115667,0.07604464888572693,1,3.21722412109375
14305.063,9,1,1,fixation,1,-0.04158306121826172,0.02875620126724243,1,2.9750213623046875,1,0.16218026479085285,0.02588328719139099,1,2.9659423828125
14321.73,9,1,1,fixation,0,nan,nan,0,nan,1,0.06123797098795573,0.04410833120346069,1,2.9489288330078125
14338.396,9,1,1,fixation,0,nan,nan,0,nan,0,nan,nan,0,nan
14355.063,9,1,1,fixation,1,-0.043468475341796875,0.03756818175315857,1,3.2668609619140625,1,0.1975502438015408,0.0442986786365509,1,3.29461669921875
14371.73,9,1,1,fixation,1,-0.02058320575290256,0.019552886486053467,1,2.9954376220703125,1,0.15430895487467447,0.021722614765167236,1,3.0094451904296875
14388.396,9,1,1,fixation,0,nan,nan,0,nan,0,nan,nan,0,nan
14405.063,9,1,1,fixation,0,nan,nan,0,nan,0,nan,nan,0,nan
14421.73,9,1,1,fixation,1,-0.058025625016954206,0.004154235124588013,1,3.444000244140625,1,0.17963420020209417,-0.00011932849884033203,1,3.3984832763671875
14438.396,9,1,1,fixation,1,-0.047503789265950516,0.03212687373161316,1,3.01202392578125,1,0.14292430877685547,0.03701600432395935,1,3.0159759521484375
14455.063,9,1,1,fixation,0,nan,nan,0,nan,0,nan,nan,0,nan
14471.729,9,1,1,fixation,0,nan,nan,0,nan,0,nan,nan,0,nan
14488.396,9,1,1,fixation,1,-0.02907201978895399,0.03590196371078491,1,3.37860107421875,1,0.19799444410536024,0.0028772354125976562,1,3.4038848876953125
14505.064,9,1,1,fixation,1,-0.0467685063680013,0.031168967485427856,1,3.0356292724609375,1,0.14687093098958331,0.03509119153022766,1,3.043609619140625
14521.731,9,1,1,fixation,0,nan,nan,0,nan,1,0.06563409169514973,0.038298338651657104,1,3.048248291015625
14538.397,9,1,1,fixation,0,nan,nan,0,nan,0,nan,nan,0,nan
14555.064,9,1,1,fixation,1,-0.05556572808159722,0.02255237102508545,1,3.4468536376953125,1,0.19534450107150605,0.0440824031829834,1,3.3642425537109375
14571.731,9,1,1,fixation,1,-0.026895417107476127,0.023567795753479004,1,3.076629638671875,1,0.15082083808051214,0.03899508714675903,1,3.0867919921875
14588.397,9,1,1,fixation,0,nan,nan,0,nan,0,nan,nan,0,nan
14605.064,9,1,1,fixation,0,nan,nan,0,nan,0,nan,nan,0,nan
14621.731,9,1,1,fixation,1,-0.045709874894883894,0.006091177463531494,1,3.496917724609375,1,0.20567809210883245,0.029379665851593018,1,3.4135894775390625
14638.397,9,1,1,fixation,1,-0.04276360405815972,0.04524451494216919,1,3.0997772216796875,1,0.15414513481987846,0.047281742095947266,1,3.117462158203125
14655.064,9,1,1,fixation,0,nan,nan,0,nan,0,nan,nan,0,nan
14671.73,9,1,1,fixation,0,nan,nan,0,nan,0,nan,nan,0,nan
14688.397,9,1,1,fixation,1,-0.06470860375298394,0.021890610456466675,1,3.55169677734375,1,0.1814167234632704,0.06644457578659058,1,3.3932952880859375
14705.064,9,1,1,fixation,1,-0.024733649359809026,0.032570481300354004,1,3.1275482177734375,1,0.1668302747938368,0.03832882642745972,1,3.1430816650390625
14721.731,9,1,1,fixation,0,nan,nan,0,nan,0,nan,nan,0,nan
14738.397,9,1,1,fixation,0,nan,nan,0,nan,0,nan,nan,0,nan
14755.064,9,1,1,fixation,1,-0.03867795732286241,0.03518795967102051,1,3.4964141845703125,1,0.21668783823649088,0.026702821254730225,1,3.535400390625
14771.731,9,1,1,fixation,1,-0.02645428975423177,0.03243318200111389,1,3.142608642578125,1,0.16789001888699,0.029255449771881104,1,3.1627349853515625
14788.397,9,1,1,fixation,0,nan,nan,0,nan,0,nan,nan,0,nan
14805.065,9,1,1,fixation,0,nan,nan,0,nan,0,nan,nan,0,nan
14821.732,9,1,1,fixation,1,-0.03853596581353081,0.027058690786361694,1,3.527008056640625,1,0.195081180996365,0.05624300241470337,1,3.4546051025390625
14838.398,9,1,1,fixation,1,-0.036381827460394964,0.03640478849411011,1,3.1518707275390625,1,0.1661943859524197,0.03907722234725952,1,3.16168212890625
14855.065,9,1,1,fixation,0,nan,nan,0,nan,0,nan,nan,0,nan
14871.731,9,1,1,fixation,0,nan,nan,0,nan,0,nan,nan,0,nan
14888.398,9,1,1,fixation,1,-0.039439254336886935,0.02097836136817932,1,3.51416015625,1,0.19644694858127168,0.05738970637321472,1,3.4849700927734375
14905.065,9,1,1,fixation,1,-0.03357050153944227,0.038572072982788086,1,3.15240478515625,1,0.16488933563232422,0.04220634698867798,1,3.1622161865234375
14921.732,9,1,1,fixation,0,nan,nan,0,nan,0,nan,nan,0,nan
14938.398,9,1,1,fixation,0,nan,nan,0,nan,0,nan,nan,0,nan
14955.065,9,1,1,fixation,1,-0.036220020718044706,0.02990981936454773,1,3.5416259765625,1,0.20890670352511934,0.081279456615448,1,3.4654998779296875
14971.732,9,1,1,fixation,1,-0.019856346978081595,0.034191906452178955,1,3.1700439453125,1,0.1704730987548828,0.03920522332191467,1,3.1798858642578125
14988.398,9,1,1,fixation,0,nan,nan,0,nan,0,nan,nan,0,nan
15005.065,9,1,1,fixation,0,nan,nan,0,nan,0,nan,nan,0,nan
15021.732,9,1,1,fixation,1,-0.04753928714328342,0.047965943813323975,1,3.5235137939453125,1,0.18902789221869573,0.06628498435020447,1,3.4460601806640625
15038.398,9,1,1,fixation,1,-0.02569686041937934,0.03034663200378418,1,3.1939849853515625,1,0.16284942626953125,0.03521907329559326,1,3.216766357421875
15055.065,9,1,1,fixation,0,nan,nan,0,nan,1,0.09302012125651041,0.045710623264312744,1,3.187408447265625
15071.731,9,1,1,fixation,0,nan,nan,0,nan,0,nan,nan,0,nan
15088.399,9,1,1,fixation,1,-0.038938310411241316,0.0391843318939209,1,3.590057373046875,1,0.1913206312391493,0.0802934467792511,1,3.5426788330078125
15105.066,9,1,1,fixation,1,-0.020202000935872395,0.026563048362731934,1,3.22314453125,1,0.16657977634006074,0.034466326236724854,1,3.24365234375
15121.733,9,1,1,fixation,0,nan,nan,0,nan,1,0.08432981703016493,0.05095994472503662,1,3.21356201171875
15138.399,9,1,1,fixation,0,nan,nan,0,nan,0,nan,nan,0,nan
15155.066,9,1,1,fixation,1,-0.057498190138075084,-0.007740974426269531,1,3.685455322265625,1,0.1871363321940104,0.063870370388031,1,3.501708984375
15171.733,9,1,1,fixation,1,-0.03268888261583116,0.026728928089141846,1,3.2477264404296875,1,0.1704771253797743,0.03820955753326416,1,3.259613037109375
15188.399,9,1,1,fixation,0,nan,nan,0,nan,1,0.08242649502224392,0.0519559383392334,1,3.2349853515625
15205.066,9,1,1,fixation,0,nan,nan,0,nan,0,nan,nan,0,nan
15221.733,9,1,1,fixation,1,-0.011266019609239366,0.02945888042449951,1,3.5507965087890625,1,0.19992637634277344,0.04522693157196045,1,3.60723876953125
15238.399,9,1,1,fixation,1,-0.02466636233859592,0.02599036693572998,1,3.2476348876953125,1,0.163516362508138,0.03252798318862915,1,3.2867889404296875
15255.066,9,1,1,fixation,1,-0.09528064727783203,-0.02726125717163086,1,3.19134521484375,1,0.09448719024658203,0.0400775671005249,1,3.2606048583984375
15271.732,9,1,1,fixation,0,nan,nan,0,nan,0,nan,nan,0,nan
15288.399,9,1,1,fixation,0,nan,nan,0,nan,0,nan,nan,0,nan
15305.066,9,1,1,fixation,0,nan,nan,0,nan,0,nan,nan,0,nan
15321.733,9,1,1,fixation,1,0.26896222432454425,-0.10531121492385864,1,1.99066162109375,1,0.33103783925374347,0.00029927492141723633,1,2.565155029296875
15338.399,9,1,1,fixation,0,nan,nan,0,nan,0,nan,nan,0,nan
15355.066,9,1,1,fixation,0,nan,nan,0,nan,0,nan,nan,0,nan
15371.734,9,1,1,fixation,0,nan,nan,0,nan,1,0.2356194390190972,0.07346516847610474,1,3.288360595703125
15388.4,9,1,1,fixation,0,nan,nan,0,nan,0,nan,nan,0,nan
15405.067,9,1,1,fixation,0,nan,nan,0,nan,0,nan,nan,0,nan
15421.734,9,1,1,fixation,1,0.030682669745551214,0.06950533390045166,1,3.5187530517578125,1,0.2565782335069444,0.10864806175231934,1,3.57373046875
15438.4,9,1,1,fixation,0,nan,nan,0,nan,1,0.22025956047905815,0.09043511748313904,1,3.2954864501953125
15455.067,9,1,1,fixation,1,-0.05326652526855469,0.0820077657699585,1,3.287017822265625,1,0.14499335818820527,0.09223926067352295,1,3.310577392578125
15471.733,9,1,1,fixation,0,nan,nan,0,nan,0,nan,nan,0,nan
15488.4,9,1,1,fixation,1,-0.007099045647515191,0.06034058332443237,1,3.6903839111328125,1,0.238637818230523,0.11460429430007935,1,3.6352081298828125
15505.067,9,1,1,fixation,1,-0.051285372840033636,0.036442965269088745,1,3.2737884521484375,1,0.14406055874294704,0.05181330442428589,1,3.3140716552734375
15521.734,9,1,1,fixation,0,nan,nan,0,nan,1,0.0742956797281901,0.05390286445617676,1,3.3023681640625
15538.4,9,1,1,fixation,0,nan,nan,0,nan,0,nan,nan,0,nan
15555.067,9,1,1,fixation,1,-0.05166795518663194,0.01000097393989563,1,3.6811981201171875,1,0.1770459281073676,0.05305016040802002,1,3.65362548828125
15571.734,9,1,1,fixation,1,-0.05278364817301432,0.034605950117111206,1,3.276275634765625,1,0.15050082736545137,0.049307942390441895,1,3.3134307861328125
15588.4,9,1,1,fixation,0,nan,nan,0,nan,1,0.06869824727376302,0.04680132865905762,1,3.2976531982421875
15605.067,9,1,1,fixation,0,nan,nan,0,nan,0,nan,nan,0,nan
15621.734,9,1,1,fixation,1,-0.04854212866889106,0.02991509437561035,1,3.655517578125,1,0.17404132419162324,0.07131054997444153,1,3.60211181640625
15638.4,9,1,1,fixation,1,-0.04470947053697374,0.026912659406661987,1,3.2726287841796875,1,0.15199746025933158,0.037906646728515625,1,3.3071441650390625
15655.068,9,1,1,fixation,0,nan,nan,0,nan,1,0.06711620754665798,0.05279204249382019,1,3.258331298828125
15671.734,9,1,1,fixation,0,nan,nan,0,nan,0,nan,nan,0,nan
15688.401,9,1,1,fixation,1,-0.06308163536919488,0.033867985010147095,1,3.6025238037109375,1,0.17573420206705728,0.062012553215026855,1,3.57757568359375
15705.068,9,1,1,fixation,1,-0.030257331000434026,0.022476941347122192,1,3.2383575439453125,1,0.14836565653483072,0.03907930850982666,1,3.2709808349609375
15721.735,9,1,1,fixation,0,nan,nan,0,nan,1,0.06191539764404297,0.05149209499359131,1,3.233795166015625
15738.401,9,1,1,fixation,0,nan,nan,0,nan,0,nan,nan,0,nan
15755.068,9,1,1,fixation,1,-0.057068083021375865,0.012489795684814453,1,3.602752685546875,1,0.1647298600938585,0.0827210545539856,1,3.5163116455078125
15771.735,9,1,1,fixation,1,-0.03290208180745442,0.02430659532546997,1,3.210296630859375,1,0.14865377214219835,0.032404303550720215,1,3.238037109375
15788.401,9,1,1,fixation,1,-0.09517267015245225,0.03109574317932129,1,3.1917724609375,1,0.06612014770507812,0.04440024495124817,1,3.2098388671875
15805.068,9,1,1,fixation,0,nan,nan,0,nan,0,nan,nan,0,nan
15821.735,9,1,1,fixation,1,-0.04062562518649631,0.033164918422698975,1,3.5345916748046875,1,0.18326134151882595,0.04270780086517334,1,3.5180511474609375
15838.401,9,1,1,fixation,1,-0.04340537389119466,0.026443779468536377,1,3.177703857421875,1,0.14297570122612846,0.03695040941238403,1,3.1907958984375
15855.068,9,1,1,fixation,1,-0.1082113054063585,0.03431686758995056,1,3.1461181640625,1,0.06602870093451606,0.04874444007873535,1,3.1583099365234375
15871.734,9,1,1,fixation,0,nan,nan,0,nan,0,nan,nan,0,nan
15888.401,9,1,1,fixation,1,-0.05423360400729709,-0.0009542107582092285,1,3.543243408203125,1,0.18414984809027776,0.05489325523376465,1,3.4537353515625
15905.068,9,1,1,fixation,1,-0.03097332848442925,0.02974560856819153,1,3.13079833984375,1,0.13674079047309026,0.03718346357345581,1,3.149169921875
15921.735,9,1,1,fixation,0,nan,nan,0,nan,0,nan,nan,0,nan
15938.401,9,1,1,fixation,0,nan,nan,0,nan,0,nan,nan,0,nan
15955.069,9,1,1,fixation,1,-0.030459933810763888,0.03246486186981201,1,3.4174652099609375,1,0.17636807759602863,0.07950735092163086,1,3.41558837890625
15971.736,9,1,1,fixation,1,-0.02998134824964735,0.03295028209686279,1,3.081512451171875,1,0.15053770277235243,0.0308648943901062,1,3.116973876953125
15988.402,9,1,1,fixation,0,nan,nan,0,nan,0,nan,nan,0,nan
16005.069,9,1,1,fixation,0,nan,nan,0,nan,0,nan,nan,0,nan
16021.736,9,1,1,fixation,1,-0.035568184322781034,0.03725886344909668,1,3.3834381103515625,1,0.18054739634195963,0.084888756275177,1,3.3546905517578125
16038.402,9,1,1,fixation,1,-0.04052040312025282,0.041033029556274414,1,3.051544189453125,1,0.14531018998887804,0.03311386704444885,1,3.0892791748046875
16055.069,9,1,1,fixation,0,nan,nan,0,nan,0,nan,nan,0,nan
16071.735,9,1,1,fixation,0,nan,nan,0,nan,0,nan,nan,0,nan
16088.402,9,1,1,fixation,1,-0.028648588392469615,0.057226717472076416,1,3.34912109375,1,0.1824808120727539,0.054984867572784424,1,3.399566650390625
16105.069,9,1,1,fixation,1,-0.037251048617892794,0.03732830286026001,1,3.0239105224609375,1,0.14724349975585938,0.029809951782226562,1,3.069061279296875
16121.736,9,1,1,fixation,0,nan,nan,0,nan,1,0.06287044949001735,0.03376805782318115,1,3.0537872314453125
16138.402,9,1,1,fixation,0,nan,nan,0,nan,0,nan,nan,0,nan
16155.069,9,1,1,fixation,1,-0.05115720960828993,0.029241353273391724,1,3.4039154052734375,1,0.19316652086046007,0.08171921968460083,1,3.316680908203125
16171.736,9,1,1,fixation,1,-0.032785362667507596,0.0405733585357666,1,3.0136260986328125,1,0.1459026336669922,0.031441569328308105,1,3.0601959228515625
16188.402,9,1,1,fixation,0,nan,nan,0,nan,1,0.06602753533257379,0.0394778847694397,1,3.03948974609375
16205.069,9,1,1,fixation,0,nan,nan,0,nan,0,nan,nan,0,nan
16221.736,9,1,1,fixation,1,-0.017939037746853296,0.05341041088104248,1,3.3455810546875,1,0.1817941665649414,0.06065380573272705,1,3.3269805908203125
16238.403,9,1,1,fixation,1,-0.03746371799045139,0.044469356536865234,1,3.0092926025390625,1,0.1574941211276584,0.026203513145446777,1,3.06005859375
16255.07,9,1,1,fixation,1,-0.1119448873731825,0.02869391441345215,1,3.0016326904296875,0,nan,nan,0,nan
16271.736,9,1,1,fixation,0,nan,nan,0,nan,0,nan,nan,0,nan
16288.403,9,1,1,fixation,1,-0.02227581871880425,0.030725151300430298,1,3.3807830810546875,1,0.171041382683648,0.06790757179260254,1,3.3247528076171875
16305.07,9,1,1,stimulusMovement,1,-0.025354279412163627,0.03090989589691162,1,3.0073394775390625,1,0.1663174099392361,0.025807201862335205,1,3.05450439453125
16321.736,9,1,1,stimulusMovement,0,nan,nan,0,nan,0,nan,nan,0,nan
16338.403,9,1,1,stimulusMovement,1,-0.011540730794270832,0.04696211218833923,1,3.2799072265625,1,0.16948456234402126,0.08327287435531616,1,3.309326171875
16355.07,9,1,1,stimulusMovement,1,-0.02741824256049262,0.061385154724121094,1,3.348388671875,1,0.1918926239013672,0.07244062423706055,1,3.3592681884765625
16371.737,9,1,1,stimulusMovement,1,-0.02967686123318142,0.026126205921173096,1,3.406280517578125,1,0.15439309014214408,0.09340915083885193,1,3.2730712890625
16388.402,9,1,1,stimulusMovement,1,-0.04631996154785156,0.03697770833969116,1,3.3613128662109375,1,0.18536429935031465,0.08186477422714233,1,3.3110198974609375
16405.069,9,1,1,stimulusMovement,1,-0.02895959218343099,0.04392734169960022,1,3.36260986328125,1,0.1938429938422309,0.06893908977508545,1,3.38177490234375
16421.736,9,1,1,stimulusMovement,1,-0.04829327265421549,0.039353907108306885,1,3.39434814453125,1,0.16946707831488714,0.07930180430412292,1,3.3594818115234375
16438.402,9,1,1,stimulusMovement,1,-0.022716098361545138,0.03875148296356201,1,3.38214111328125,1,0.1751351886325412,0.08259177207946777,1,3.289581298828125
16455.069,9,1,1,stimulusMovement,1,-0.01618157492743598,0.04798781871795654,1,3.3327789306640625,1,0.1836223602294922,0.0819680392742157,1,3.3184356689453125
16471.736,9,1,1,stimulusMovement,1,-0.025399155086941187,0.057128697633743286,1,3.3802490234375,1,0.17319499121771917,0.06106358766555786,1,3.3818817138671875
16488.401,9,1,1,stimulusMovement,1,-0.040462493896484375,0.031295835971832275,1,3.4644622802734375,1,0.18420939975314668,0.06751805543899536,1,3.3898162841796875
16505.068,9,1,1,stimulusMovement,1,-0.031662570105658636,0.042113274335861206,1,3.3907318115234375,1,0.1935583750406901,0.06531384587287903,1,3.451629638671875
16521.736,9,1,1,stimulusMovement,1,-0.053621662987603076,0.0003675222396850586,1,3.501556396484375,1,0.18948512607150605,0.049488067626953125,1,3.4488677978515625
16538.402,9,1,1,stimulusMovement,1,-0.027267720964219835,0.03361073136329651,1,3.427886962890625,1,0.1718292236328125,0.08502322435379028,1,3.34576416015625
16555.069,9,1,1,stimulusMovement,1,-0.04485511779785156,0.030880093574523926,1,3.4055938720703125,1,0.1662284003363715,0.06470638513565063,1,3.411529541015625
16571.736,9,1,1,stimulusMovement,1,-0.031228012508816187,0.026303231716156006,1,3.4199981689453125,1,0.15781466166178384,0.07031968235969543,1,3.3948974609375
16588.401,9,1,1,stimulusMovement,0,nan,nan,0,nan,1,0.18056488037109375,0.06288677453994751,1,3.43194580078125
16605.068,9,1,1,stimulusMovement,1,-0.036972999572753906,0.02179199457168579,1,3.43353271484375,1,0.16794109344482422,0.061012983322143555,1,3.44708251953125
16621.735,9,1,1,stimulusMovement,1,-0.028606202867296007,0.038024723529815674,1,3.4333038330078125,1,0.17562972174750432,0.05531585216522217,1,3.4415130615234375
16638.401,9,1,1,stimulusMovement,0,nan,nan,0,nan,1,0.17702356974283853,0.049378424882888794,1,3.4675140380859375
16655.068,9,1,1,stimulusMovement,1,-0.03386084238688151,0.03572604060173035,1,3.4136962890625,1,0.17664443122016057,0.06129610538482666,1,3.494476318359375
16671.735,9,1,1,stimulusMovement,1,-0.03506914774576823,0.022482216358184814,1,3.443939208984375,1,0.17153676350911456,0.06668424606323242,1,3.49981689453125
16688.4,9,1,1,stimulusMovement,1,-0.03701702753702799,0.03420048952102661,1,3.4948272705078125,1,0.17573791080050996,0.01776355504989624,1,3.5451202392578125
16705.067,9,1,1,stimulusMovement,1,-0.020407464769151475,0.025675922632217407,1,3.467132568359375,1,0.18260712093777126,0.04371267557144165,1,3.5037384033203125
16721.734,9,1,1,stimulusMovement,1,-0.0070179833306206595,0.023705333471298218,1,3.4537811279296875,1,0.19655121697319877,0.05654799938201904,1,3.4533538818359375
16738.4,9,1,1,stimulusMovement,1,-0.04135751724243164,0.032913148403167725,1,3.481048583984375,1,0.1853271060519748,0.042913585901260376,1,3.512939453125
16755.067,9,1,1,stimulusMovement,1,-0.045649846394856766,0.01826465129852295,1,3.5457763671875,1,0.18684535556369355,0.043327391147613525,1,3.4876556396484375
16771.734,9,1,1,stimulusMovement,1,-0.04290718502468533,0.009589910507202148,1,3.503692626953125,1,0.19340907202826604,0.04753684997558594,1,3.4902191162109375
16788.4,9,1,1,stimulusMovement,1,-0.008955054812961154,0.035290300846099854,1,3.454986572265625,1,0.17651345994737414,0.044613003730773926,1,3.49591064453125
16805.067,9,1,1,stimulusMovement,1,-0.01687245898776584,0.0396561324596405,1,3.4832305908203125,1,0.1607657538519965,0.058671027421951294,1,3.4886932373046875
16821.734,9,1,1,stimulusMovement,1,-0.04071617126464844,0.019706368446350098,1,3.538360595703125,1,0.16903326246473524,0.035676777362823486,1,3.5309600830078125
16838.4,9,1,1,stimulusMovement,1,-0.028603871663411457,0.04165416955947876,1,3.496307373046875,1,0.1605595482720269,0.013967305421829224,1,3.5742340087890625
16855.067,9,1,1,stimulusMovement,1,-0.02944803237915039,0.017146289348602295,1,3.527130126953125,1,0.17494222852918836,0.04908114671707153,1,3.501434326171875
16871.734,9,1,1,stimulusMovement,1,-0.026079813639322914,0.022716611623764038,1,3.516998291015625,1,0.18186134762234157,0.07937252521514893,1,3.4523468017578125
16888.399,9,1,1,stimulusMovement,1,-0.03154150644938151,0.013673454523086548,1,3.5652618408203125,1,0.1780233383178711,0.01973286271095276,1,3.5259246826171875
16905.066,9,1,1,stimulusMovement,1,-0.029419898986816406,0.03490322828292847,1,3.545684814453125,0,nan,nan,0,nan
16921.733,9,1,1,stimulusMovement,1,-0.04942512512207031,0.012467175722122192,1,3.5994415283203125,1,0.18390178680419922,0.05497676134109497,1,3.546234130859375
16938.399,9,1,1,stimulusMovement,1,-0.02716943952772352,0.02282649278640747,1,3.55865478515625,0,nan,nan,0,nan
16955.066,9,1,1,stimulusMovement,0,nan,nan,0,nan,1,0.17476060655381945,0.034091562032699585,1,3.5863189697265625
16971.733,9,1,1,stimulusMovement,1,-0.038698832194010414,0.01732972264289856,1,3.55645751953125,1,0.184345457288954,0.031070232391357422,1,3.6285400390625
16988.398,9,1,1,stimulusMovement,1,-0.047977977328830294,0.02600497007369995,1,3.5986785888671875,1,0.17851045396592882,0.03923135995864868,1,3.57342529296875
17005.065,9,1,1,stimulusMovement,1,-0.029409037695990667,0.014252126216888428,1,3.55499267578125,1,0.1840098698933919,0.0026572346687316895,1,3.5947265625
17021.732,9,1,1,stimulusMovement,1,-0.050441635979546436,0.042281925678253174,1,3.5514984130859375,1,0.17155530717637804,0.04517433047294617,1,3.55474853515625
17038.398,9,1,1,stimulusMovement,1,-0.055455949571397566,0.03411436080932617,1,3.523712158203125,1,0.17881721920437282,0.050313472747802734,1,3.5803070068359375
17055.065,9,1,1,stimulusMovement,1,-0.054380734761555985,0.020751953125,1,3.5879669189453125,1,0.15798229641384548,0.0422934889793396,1,3.553131103515625
17071.732,9,1,1,stimulusMovement,1,-0.03189373016357422,0.03469839692115784,1,3.50140380859375,1,0.16522269778781465,0.04533594846725464,1,3.5690460205078125
17088.398,9,1,1,stimulusMovement,1,-0.06739595201280382,0.022400498390197754,1,3.5581207275390625,1,0.16143226623535156,0.052615344524383545,1,3.509185791015625
17105.065,9,1,1,stimulusMovement,1,-0.05876700083414713,0.027895331382751465,1,3.547332763671875,1,0.16288503011067706,0.07346588373184204,1,3.48876953125
17121.732,9,1,1,stimulusMovement,1,-0.07152949439154731,0.015913844108581543,1,3.60345458984375,1,0.1834580103556315,0.058201730251312256,1,3.514892578125
17138.398,9,1,1,stimulusMovement,1,-0.06439956029256184,0.01722279191017151,1,3.5937957763671875,1,0.17156600952148438,0.06474316120147705,1,3.5243682861328125
17155.065,9,1,1,stimulusMovement,1,-0.04881106482611762,0.009713470935821533,1,3.5924530029296875,1,0.17269982231987846,0.05304133892059326,1,3.509033203125
17171.732,9,1,1,stimulusMovement,1,-0.06831963857014973,0.024311542510986328,1,3.54534912109375,1,0.18158690134684244,0.05811363458633423,1,3.5141448974609375
17188.397,9,1,1,stimulusMovement,1,-0.07412528991699219,-0.01474452018737793,1,3.6957855224609375,1,0.1665164099799262,0.037766218185424805,1,3.5804290771484375
17205.064,9,1,1,stimulusMovement,1,-0.0538180669148763,0.03317916393280029,1,3.56915283203125,1,0.17490567101372612,0.08603066205978394,1,3.4597320556640625
17221.731,9,1,1,stimulusMovement,0,nan,nan,0,nan,1,0.15256118774414062,0.07940331101417542,1,3.4691314697265625
17238.397,9,1,1,stimulusMovement,0,nan,nan,0,nan,1,0.15796428256564668,0.050978511571884155,1,3.5063018798828125
17255.064,9,1,1,stimulusMovement,0,nan,nan,0,nan,1,0.15356063842773438,0.07939815521240234,1,3.4489898681640625
17271.731,9,1,1,stimulusMovement,1,-0.08280007044474283,0.0007882118225097656,1,3.648162841796875,1,0.17206244998508027,0.052779197692871094,1,3.520477294921875
17288.396,9,1,1,stimulusMovement,1,-0.047429296705457896,0.04003024101257324,1,3.4779205322265625,1,0.16760052575005424,0.09697085618972778,1,3.4395294189453125
17305.063,9,1,1,stimulusMovement,1,-0.08422226376003689,0.01139986515045166,1,3.5845184326171875,1,0.16994476318359375,0.05222633481025696,1,3.4468231201171875
17321.73,9,1,1,stimulusMovement,1,-0.05324104097154405,0.029987692832946777,1,3.58038330078125,1,0.1600248548719618,0.05930519104003906,1,3.4426422119140625
17338.396,9,1,1,stimulusMovement,0,nan,nan,0,nan,1,0.1760618421766493,0.06200969219207764,1,3.4899444580078125
17355.063,9,1,1,stimulusMovement,1,-0.036997477213541664,0.05061453580856323,1,3.49334716796875,1,0.16643492380777994,0.06398594379425049,1,3.4688568115234375
17371.73,9,1,1,stimulusMovement,1,-0.04339080386691623,0.02133801579475403,1,3.5617218017578125,1,0.1752842797173394,0.04254007339477539,1,3.5162200927734375
17388.396,9,1,1,stimulusMovement,1,-0.07516956329345703,-0.02886486053466797,1,3.6861572265625,1,0.15958680046929252,-0.0008208751678466797,1,3.5828704833984375
17405.063,9,1,1,stimulusMovement,1,-0.03305848439534505,0.042190879583358765,1,3.53948974609375,1,0.1767450968424479,0.06289592385292053,1,3.493408203125
17421.73,9,1,1,stimulusMovement,1,-0.07572666803995767,0.022829949855804443,1,3.61041259765625,1,0.18539449903700086,0.06103372573852539,1,3.42523193359375
17438.396,9,1,1,stimulusMovement,1,-0.06330892774793836,0.008745729923248291,1,3.603485107421875,1,0.16748809814453125,0.06928321719169617,1,3.4360504150390625
17455.062,9,1,1,stimulusMovement,1,-0.029273562961154513,0.05867213010787964,1,3.4350433349609375,1,0.1795069376627604,0.07061067223548889,1,3.4587860107421875
17471.729,9,1,1,stimulusMovement,1,-0.04450278811984592,0.034016966819763184,1,3.4947357177734375,1,0.17885695563422307,0.07095783948898315,1,3.4438629150390625
17488.395,9,1,1,stimulusMovement,1,-0.05196783277723524,0.03634071350097656,1,3.498138427734375,1,0.1840945349799262,0.06740960478782654,1,3.4528045654296875
17505.062,9,1,1,stimulusMovement,1,-0.04032733705308702,0.04578816890716553,1,3.5084075927734375,1,0.17869006262885198,0.057956039905548096,1,3.458831787109375
17521.729,9,1,1,stimulusMovement,1,-0.05843098958333333,0.040635883808135986,1,3.5213623046875,1,0.14244884914822048,0.015146732330322266,1,3.603729248046875
17538.395,9,1,1,stimulusMovement,1,-0.04493649800618489,0.04340851306915283,1,3.4698333740234375,1,0.18559032016330293,0.07183763384819031,1,3.40386962890625
17555.061,9,1,1,stimulusMovement,1,-0.03846857282850477,0.03417772054672241,1,3.48272705078125,1,0.17723623911539713,0.06792628765106201,1,3.4409637451171875
17571.728,9,1,1,stimulusMovement,1,-0.05833768844604492,0.03652167320251465,1,3.50994873046875,1,0.1920191446940104,0.0775824785232544,1,3.4264984130859375
17588.394,9,1,1,stimulusMovement,1,-0.06322987874348958,0.0344679057598114,1,3.5211029052734375,1,0.18117406633165148,0.06174057722091675,1,3.475250244140625
17605.061,9,1,1,stimulusMovement,1,-0.04897541469997829,0.03822451829910278,1,3.45733642578125,1,0.1717043982611762,0.06273865699768066,1,3.43731689453125
17621.728,9,1,1,stimulusMovement,1,-0.057826889885796436,0.03130272030830383,1,3.4716949462890625,1,0.1839443842569987,0.05491065979003906,1,3.3969879150390625
17638.394,9,1,1,stimulusMovement,1,-0.05489259295993381,0.02523595094680786,1,3.501556396484375,1,0.18599202897813585,0.06782615184783936,1,3.390106201171875
17655.06,9,1,1,stimulusMovement,1,-0.046215587192111544,0.05012643337249756,1,3.446685791015625,1,0.1856873830159505,0.07433760166168213,1,3.3879852294921875
17671.728,9,1,1,stimulusMovement,1,-0.05226749844021267,0.04797527194023132,1,3.4393768310546875,1,0.18188783857557508,0.06603670120239258,1,3.3912811279296875
17688.394,9,1,1,stimulusMovement,1,-0.05354934268527561,0.043909549713134766,1,3.4634552001953125,1,0.19082090589735243,0.07956337928771973,1,3.407684326171875
17705.061,9,1,1,stimulusMovement,1,-0.0324353641933865,0.04686474800109863,1,3.4489288330078125,1,0.17718505859375,0.06704443693161011,1,3.3641510009765625
17721.728,9,1,1,stimulusMovement,1,-0.04447915818956163,0.048580944538116455,1,3.4154510498046875,1,0.18844434950086805,0.08337992429733276,1,3.352752685546875
17738.393,9,1,1,stimulusMovement,1,-0.04581790500217014,0.027449488639831543,1,3.4096527099609375,1,0.17517619662814668,0.06969934701919556,1,3.3089141845703125
17755.06,9,1,1,stimulusMovement,1,-0.04687213897705078,0.018740534782409668,1,3.4693145751953125,1,0.18519200219048393,0.06856584548950195,1,3.3428955078125
17771.727,9,1,1,stimulusMovement,1,-0.07648181915283203,0.031424760818481445,1,3.4774169921875,1,0.1962015363905165,0.04529917240142822,1,3.3916015625
17788.393,9,1,1,stimulusMovement,1,-0.05917257732815212,0.04845285415649414,1,3.450897216796875,1,0.17188824547661674,0.048469871282577515,1,3.3589630126953125
17805.06,9,1,1,stimulusMovement,1,-0.06532896889580621,0.05329781770706177,1,3.3880157470703125,1,0.18265501658121744,0.067588210105896,1,3.32568359375
17821.726,9,1,1,stimulusMovement,1,-0.05132993062337239,0.032103896141052246,1,3.43115234375,1,0.16341516706678602,0.08359652757644653,1,3.2850799560546875
17838.392,9,1,1,stimulusMovement,1,-0.053669134775797524,0.018492400646209717,1,3.4533233642578125,1,0.18778440687391493,0.03792494535446167,1,3.374847412109375
17855.059,9,1,1,stimulusMovement,1,-0.08225939008924696,0.025374799966812134,1,3.468017578125,1,0.18334727817111543,0.05844491720199585,1,3.312469482421875
17871.726,9,1,1,stimulusMovement,1,-0.05062664879692925,0.05649226903915405,1,3.3860626220703125,1,0.21803665161132812,0.03225022554397583,1,3.402740478515625
17888.392,9,1,1,stimulusMovement,1,-0.060659567515055336,0.025391101837158203,1,3.4428558349609375,1,0.18296421898735893,0.07561412453651428,1,3.2949676513671875
17905.059,9,1,1,stimulusMovement,1,-0.047626389397515186,0.033019423484802246,1,3.4467620849609375,1,0.1909899181789822,0.0550074577331543,1,3.300994873046875
17921.725,9,1,1,stimulusMovement,1,-0.05253357357449001,0.02982538938522339,1,3.4191741943359375,1,0.16912015279134113,0.08072596788406372,1,3.2504119873046875
17938.391,9,1,1,stimulusMovement,1,-0.029403898451063365,0.06458944082260132,1,3.3189849853515625,1,0.18531375461154512,0.02289387583732605,1,3.3724517822265625
17955.059,9,1,1,stimulusMovement,1,-0.03752962748209635,0.06284862756729126,1,3.318023681640625,1,0.18161996205647785,0.07659757137298584,1,3.2666473388671875
17971.726,9,1,1,stimulusMovement,1,-0.060011598798963756,0.02549535036087036,1,3.3992462158203125,1,0.19609610239664713,0.05362969636917114,1,3.34588623046875
17988.391,9,1,1,stimulusMovement,1,-0.03879663679334852,0.042051762342453,1,3.3453826904296875,1,0.19735887315538192,0.057241082191467285,1,3.3001861572265625
18005.058,9,1,1,stimulusMovement,1,-0.04454612731933594,0.02514857053756714,1,3.3634490966796875,1,0.19356695810953775,0.06638815999031067,1,3.2701873779296875
18021.725,9,1,1,stimulusMovement,1,-0.048549811045328774,0.04636693000793457,1,3.341094970703125,1,0.19821463690863714,0.045789510011672974,1,3.284576416015625
18038.391,9,1,1,stimulusMovement,1,-0.04684268103705512,0.02934512495994568,1,3.3988494873046875,1,0.17897817823621961,0.052019596099853516,1,3.28302001953125
18055.058,9,1,1,stimulusMovement,1,-0.04418457878960503,-0.018365144729614258,1,3.4674835205078125,1,0.18790054321289062,0.061815083026885986,1,3.2253265380859375
18071.725,9,1,1,stimulusMovement,1,-0.055798901451958545,0.0230562686920166,1,3.352386474609375,1,0.19046380784776476,0.03334975242614746,1,3.2911834716796875
18088.39,9,1,1,stimulusMovement,1,-0.03976249694824219,0.03703540563583374,1,3.330780029296875,1,0.20011350843641493,0.05529603362083435,1,3.210723876953125
18105.057,9,1,1,stimulusMovement,1,-0.05260997348361545,0.011657536029815674,1,3.368499755859375,1,0.20288764105902776,0.05244484543800354,1,3.234130859375
18121.724,9,1,1,stimulusMovement,1,-0.056411955091688365,-0.0279998779296875,1,3.4856719970703125,1,0.21472464667426214,0.034078121185302734,1,3.284423828125
18138.39,9,1,1,stimulusMovement,1,-0.037071969774034284,0.031947821378707886,1,3.319793701171875,1,0.2057261996799045,0.017217159271240234,1,3.2792510986328125
18155.057,9,1,1,stimulusMovement,1,-0.018716176350911457,0.02328166365623474,1,3.2671356201171875,1,0.21466869778103298,0.030998706817626953,1,3.2549285888671875
18171.723,9,1,1,stimulusMovement,1,-0.028730392456054688,-0.019022703170776367,1,3.456512451171875,1,0.2207638422648112,0.040230125188827515,1,3.2450714111328125
18188.389,9,1,1,stimulusMovement,1,0.008816401163736979,0.020039916038513184,1,3.2108001708984375,1,0.24524307250976562,0.05132085084915161,1,3.18341064453125
18205.056,9,1,1,stimulusMovement,1,0.009431627061631944,-0.001595616340637207,1,3.256317138671875,1,0.25326834784613717,0.029378265142440796,1,3.21600341796875
18221.723,9,1,1,stimulusMovement,1,0.01580577426486545,-0.015839457511901855,1,3.3368072509765625,1,0.25494130452473956,0.041825175285339355,1,3.2113494873046875
18238.389,9,1,1,stimulusMovement,1,0.2188505596584744,-0.08070164918899536,1,3.2511749267578125,1,0.4535081651475694,-0.06143546104431152,1,3.2302398681640625
18255.056,9,1,1,stimulusMovement,1,0.1938457489013672,-0.08252185583114624,1,3.29168701171875,1,0.441852675543891,-0.05702328681945801,1,3.240570068359375
18271.723,9,1,1,stimulusMovement,1,0.2123164070977105,-0.11395853757858276,1,3.3179931640625,1,0.46185832553439665,-0.06491684913635254,1,3.2065582275390625
18288.389,9,1,1,stimulusMovement,1,0.23667314317491317,-0.10858035087585449,1,3.2472686767578125,1,0.453380372789171,-0.07963812351226807,1,3.2230224609375
18305.056,9,1,1,stimulusMovement,1,0.25507503085666233,-0.11675012111663818,1,3.260986328125,1,0.4774693383110894,-0.07001364231109619,1,3.2084197998046875
18321.722,9,1,1,stimulusMovement,1,0.2614011764526367,-0.11254072189331055,1,3.30194091796875,1,0.44366984897189665,-0.08084404468536377,1,3.174285888671875
18338.388,9,1,1,stimulusMovement,1,0.26077228122287327,-0.11250531673431396,1,3.3143310546875,1,0.4968611399332682,-0.09033310413360596,1,3.2081298828125
18355.055,9,1,1,stimulusMovement,1,0.3038705190022786,-0.158169686794281,1,3.3974609375,1,0.5000921885172526,-0.07739889621734619,1,3.2380828857421875
18371.722,9,1,1,stimulusMovement,1,0.2929513719346788,-0.11148273944854736,1,3.245849609375,1,0.5070789125230577,-0.09238618612289429,1,3.192962646484375
18388.388,9,1,1,stimulusMovement,1,0.286171383327908,-0.1428760290145874,1,3.3470001220703125,1,0.5090645684136285,-0.08517313003540039,1,3.2020721435546875
18405.055,9,1,1,stimulusMovement,1,0.32544178432888454,-0.11922812461853027,1,3.29852294921875,1,0.5434981452094184,-0.12080860137939453,1,3.2457427978515625
18421.721,9,1,1,stimulusMovement,1,0.32157039642333984,-0.13390111923217773,1,3.3039398193359375,1,0.5364329020182291,-0.12051403522491455,1,3.2714385986328125
18438.387,9,1,1,stimulusMovement,1,0.3291646109686957,-0.1337209939956665,1,3.354827880859375,1,0.5615548027886285,-0.1272186040878296,1,3.250732421875
18455.054,9,1,1,stimulusMovement,1,0.3709719975789388,-0.1700795292854309,1,3.3392181396484375,1,0.5736721886528863,-0.14306175708770752,1,3.2772064208984375
18471.721,9,1,1,stimulusMovement,1,0.45687230428059894,-0.2863026261329651,1,3.3121337890625,1,0.6628348032633463,-0.292854905128479,1,3.2843475341796875
18488.387,9,1,1,stimulusMovement,1,0.4867511325412326,-0.2696659564971924,1,3.344940185546875,1,0.7108697891235352,-0.2707291841506958,1,3.25653076171875
18505.054,9,1,1,stimulusMovement,1,0.46966913011338973,-0.28585755825042725,1,3.3712615966796875,1,0.6830736796061198,-0.28704512119293213,1,3.2786712646484375
18521.72,9,1,1,stimulusMovement,1,0.5175194210476345,-0.27941250801086426,1,3.3054962158203125,1,0.7011916902330186,-0.27281057834625244,1,3.2834625244140625
18538.387,9,1,1,stimulusMovement,1,0.5014048682318794,-0.2906801700592041,1,3.29193115234375,1,0.7118049197726779,-0.2829841375350952,1,3.298492431640625
18555.054,9,1,1,stimulusMovement,1,0.5069669087727864,-0.30338406562805176,1,3.3176116943359375,1,0.7107763290405273,-0.26141732931137085,1,3.259490966796875
18571.72,9,1,1,stimulusMovement,1,0.5187476476033528,-0.3101121783256531,1,3.2886962890625,1,0.7212779786851671,-0.27783703804016113,1,3.2807769775390625
18588.386,9,1,1,stimulusMovement,1,0.551113552517361,-0.3124600648880005,1,3.29010009765625,1,0.7405326631334093,-0.30853593349456787,1,3.2872314453125
18605.053,9,1,1,stimulusMovement,1,0.5433936648898654,-0.2992262840270996,1,3.3129730224609375,1,0.7419010798136393,-0.27774739265441895,1,3.2980804443359375
18621.72,9,1,1,stimulusMovement,1,0.5574353535970051,-0.32338130474090576,1,3.3113861083984375,1,0.7478445900811089,-0.30611735582351685,1,3.2531280517578125
18638.386,9,1,1,stimulusMovement,1,0.5573055479261609,-0.3189796805381775,1,3.3662261962890625,1,0.7509396870930989,-0.31418800354003906,1,3.271148681640625
18655.052,9,1,1,stimulusMovement,1,0.5633982552422417,-0.31613194942474365,1,3.32781982421875,1,0.7436440785725911,-0.3050018548965454,1,3.2826385498046875
18671.719,9,1,1,stimulusMovement,1,0.5733692381117078,-0.33286845684051514,1,3.3110198974609375,1,0.7811136245727539,-0.31309962272644043,1,3.2600250244140625
18688.385,9,1,1,stimulusMovement,1,0.5809190538194444,-0.34462279081344604,1,3.30035400390625,1,0.780297385321723,-0.3099868893623352,1,3.3155059814453125
18705.052,9,1,1,stimulusMovement,1,0.6067671245998806,-0.3218558430671692,1,3.2770538330078125,1,0.7992732789781358,-0.32273709774017334,1,3.3211669921875
18721.719,9,1,1,stimulusMovement,1,0.6088286505805122,-0.3306201696395874,1,3.3047637939453125,1,0.8192601733737521,-0.3345909118652344,1,3.27410888671875
18738.385,9,1,1,stimulusMovement,1,0.620059225294325,-0.3373701572418213,1,3.2492828369140625,1,0.819086922539605,-0.3448326587677002,1,3.247039794921875
18755.051,9,1,1,stimulusMovement,1,0.6248188018798828,-0.35093826055526733,1,3.272430419921875,1,0.8546301523844401,-0.34151965379714966,1,3.2772064208984375
18771.718,9,1,1,stimulusMovement,1,0.6206216812133789,-0.3574652671813965,1,3.2510986328125,1,0.8287132051255968,-0.35437577962875366,1,3.2629547119140625
18788.384,9,1,1,stimulusMovement,1,0.6478269365098741,-0.34905874729156494,1,3.225555419921875,1,0.8651876449584961,-0.35350584983825684,1,3.238311767578125
18805.051,9,1,1,stimulusMovement,1,0.6705403857760959,-0.37614619731903076,1,3.225250244140625,1,0.8903694152832031,-0.3487641215324402,1,3.2462158203125
18821.718,9,1,1,stimulusMovement,1,0.6606982549031575,-0.3686562180519104,1,3.2636566162109375,1,0.8872810999552408,-0.35822993516921997,1,3.21484375
18838.384,9,1,1,stimulusMovement,1,0.6752675374348958,-0.3860361576080322,1,3.240020751953125,1,0.8947043948703342,-0.37136614322662354,1,3.1899261474609375
18855.051,9,1,1,stimulusMovement,1,0.7030222151014539,-0.37917232513427734,1,3.2425689697265625,1,0.8992235395643445,-0.3642350435256958,1,3.2129669189453125
18871.718,9,1,1,stimulusMovement,1,0.6990217632717556,-0.39355820417404175,1,3.2549896240234375,1,0.9292871687147352,-0.3655257225036621,1,3.2215118408203125
18888.383,9,1,1,stimulusMovement,1,0.7176618576049805,-0.3916804790496826,1,3.2300567626953125,1,0.9101901584201388,-0.39391183853149414,1,3.215240478515625
18905.05,9,1,1,stimulusMovement,1,0.7348972956339518,-0.37958794832229614,1,3.2250823974609375,1,0.9222325219048394,-0.3741868734359741,1,3.1636962890625
18921.717,9,1,1,stimulusMovement,1,0.7449954350789387,-0.4010161757469177,1,3.2105865478515625,1,0.94945314195421,-0.4014093279838562,1,3.2259521484375
18938.383,9,1,1,stimulusMovement,1,0.745070563422309,-0.4135028123855591,1,3.2428131103515625,1,0.956173366970486,-0.3951205611228943,1,3.2541046142578125
18955.05,9,1,1,stimulusMovement,1,0.730389912923177,-0.40455925464630127,1,3.2587890625,1,0.9644037882486979,-0.38510894775390625,1,3.206512451171875
18971.716,9,1,1,stimulusMovement,1,0.7364797592163086,-0.4097491502761841,1,3.28411865234375,1,0.9321356879340277,-0.38322538137435913,1,3.2072296142578125
18988.382,9,1,1,stimulusMovement,1,0.750290764702691,-0.4075888395309448,1,3.2390289306640625,1,0.9472177293565538,-0.39270079135894775,1,3.227294921875
19005.049,9,1,1,stimulusMovement,1,0.7406215667724609,-0.4049307107925415,1,3.272979736328125,1,0.9558938344319661,-0.40070343017578125,1,3.2513580322265625
19021.716,9,1,1,stimulusMovement,1,0.7296828163994683,-0.40315598249435425,1,3.274139404296875,1,0.9452764723036023,-0.3972141742706299,1,3.2312469482421875
19038.382,9,1,1,stimulusMovement,1,0.737378438313802,-0.40021687746047974,1,3.25311279296875,1,0.9287109375,-0.3990474343299866,1,3.24261474609375
19055.048,9,1,1,stimulusMovement,1,0.7256320317586262,-0.4053373336791992,1,3.2425689697265625,1,0.9292386372884114,-0.38927996158599854,1,3.2526397705078125
19071.715,9,1,1,stimulusMovement,1,0.7083752950032551,-0.41395556926727295,1,3.30328369140625,1,0.9168499840630425,-0.40428411960601807,1,3.2446441650390625
19088.381,9,1,1,stimulusMovement,1,0.6403062608506944,-0.36652982234954834,1,3.2804107666015625,1,0.8684513303968641,-0.34128236770629883,1,3.2520294189453125
19105.048,9,1,1,stimulusMovement,1,0.6523785061306423,-0.38649147748947144,1,3.2603302001953125,1,0.8769355350070529,-0.3705587387084961,1,3.28955078125
19121.715,9,1,1,stimulusMovement,1,0.6341830359564887,-0.3650639057159424,1,3.289337158203125,1,0.8524418936835394,-0.3784477710723877,1,3.2345733642578125
19138.381,9,1,1,stimulusMovement,1,0.65886476304796,-0.37194395065307617,1,3.276336669921875,1,0.863803227742513,-0.36813634634017944,1,3.2361602783203125
19155.048,9,1,1,stimulusMovement,1,0.6630105972290039,-0.3830270767211914,1,3.2594757080078125,1,0.8562771479288737,-0.36418890953063965,1,3.2595977783203125
19171.715,9,1,1,stimulusMovement,1,0.664496103922526,-0.37208765745162964,1,3.2569732666015625,1,0.8729333877563477,-0.35197848081588745,1,3.204071044921875
19188.38,9,1,1,stimulusMovement,1,0.6620267232259114,-0.3739919662475586,1,3.262542724609375,1,0.8545607460869683,-0.3524099588394165,1,3.25140380859375
19205.047,9,1,1,stimulusMovement,1,0.6666480170355903,-0.3672718405723572,1,3.2765960693359375,1,0.8800408045450846,-0.34600353240966797,1,3.21844482421875
19221.714,9,1,1,stimulusMovement,1,0.6558753119574653,-0.37575793266296387,1,3.2795562744140625,1,0.8723594877454969,-0.373102605342865,1,3.264251708984375
19238.38,9,1,1,stimulusMovement,1,0.6468846003214518,-0.3595051169395447,1,3.267181396484375,1,0.8680494096544054,-0.3540441393852234,1,3.2518463134765625
19255.047,9,1,1,stimulusMovement,1,0.6494921578301324,-0.38083648681640625,1,3.2442474365234375,1,0.8715864817301432,-0.3707399368286133,1,3.2195281982421875
19271.713,9,1,1,stimulusMovement,1,0.6512108908759223,-0.38961362838745117,1,3.271270751953125,1,0.8774864408704969,-0.3725316524505615,1,3.234619140625
19288.379,9,1,1,stimulusMovement,1,0.6542159186469184,-0.38219785690307617,1,3.2713165283203125,1,0.8611727820502386,-0.36980998516082764,1,3.2867889404296875
19305.046,9,1,1,stimulusMovement,1,0.6594668494330512,-0.37854963541030884,1,3.2381439208984375,1,0.8724250793457031,-0.37964755296707153,1,3.2245635986328125
19321.713,9,1,1,stimulusMovement,1,0.6630564795600044,-0.3790825605392456,1,3.2310943603515625,1,0.8776304456922742,-0.3648316264152527,1,3.2855377197265625
19338.379,9,1,1,stimulusMovement,1,0.647247314453125,-0.37474870681762695,1,3.292999267578125,1,0.8625395033094617,-0.36535996198654175,1,3.28509521484375
19355.046,9,1,1,stimulusMovement,1,0.649695078531901,-0.3894956707954407,1,3.248809814453125,1,0.8529160817464192,-0.36084282398223877,1,3.2539520263671875
19371.712,9,1,1,stimulusMovement,1,0.65361573961046,-0.3675730228424072,1,3.2332000732421875,1,0.8589346143934461,-0.3659592866897583,1,3.2937774658203125
19388.378,9,1,1,stimulusMovement,1,0.6657555898030598,-0.3761599063873291,1,3.2464141845703125,1,0.8666443294949001,-0.3589479923248291,1,3.2423095703125
19405.045,9,1,1,stimulusMovement,1,0.6726024415757921,-0.3699966073036194,1,3.2092742919921875,1,0.8740862740410699,-0.37885159254074097,1,3.232086181640625
19421.712,9,1,1,stimulusMovement,1,0.651710722181532,-0.3801085352897644,1,3.2224884033203125,1,0.8620957268608941,-0.37199532985687256,1,3.248931884765625
19438.378,9,1,1,stimulusMovement,1,0.6508971320258247,-0.39014768600463867,1,3.2484283447265625,1,0.8914604187011719,-0.38050591945648193,1,3.2571868896484375
19455.045,9,1,1,stimulusMovement,1,0.6557877858479817,-0.3856734037399292,1,3.2486114501953125,1,0.86391724480523,-0.3774007558822632,1,3.2726593017578125
19471.712,9,1,1,stimulusMovement,1,0.6412245432535807,-0.3969506621360779,1,3.2194671630859375,1,0.888577037387424,-0.3766748309135437,1,3.2846221923828125
19488.377,9,1,1,stimulusMovement,1,0.6781622568766276,-0.37747663259506226,1,3.1903839111328125,1,0.8658294677734375,-0.3684488534927368,1,3.2449188232421875
19505.044,9,1,1,stimulusMovement,1,0.6692540910508897,-0.3913532495498657,1,3.2333984375,1,0.8664925893147786,-0.3805408477783203,1,3.2046051025390625
19521.711,9,1,1,stimulusMovement,1,0.6747266981336805,-0.3975052237510681,1,3.2388916015625,1,0.8691552480061848,-0.37275731563568115,1,3.1728363037109375
19538.377,9,1,1,stimulusMovement,1,0.6596247355143229,-0.3946468234062195,1,3.2132720947265625,1,0.8761176003350152,-0.3512035012245178,1,3.2352142333984375
19555.044,9,1,1,stimulusMovement,1,0.6607824961344401,-0.39663994312286377,1,3.2237548828125,1,0.8700041241115993,-0.36831551790237427,1,3.2116851806640625
19571.71,9,1,1,stimulusMovement,1,0.6743710835774739,-0.38348352909088135,1,3.186370849609375,1,0.8599406348334417,-0.37510597705841064,1,3.2459259033203125
19588.376,9,1,1,stimulusMovement,1,0.6594151390923394,-0.3894649147987366,1,3.203369140625,1,0.8622486326429578,-0.3888866901397705,1,3.200714111328125
19605.043,9,1,1,stimulusMovement,1,0.6677433649698893,-0.3886380195617676,1,3.18328857421875,1,0.8909117380777994,-0.39391589164733887,1,3.2486724853515625
19621.71,9,1,1,stimulusMovement,1,0.6595793830023872,-0.4020766615867615,1,3.229248046875,1,0.8817050721910265,-0.3748394250869751,1,3.22845458984375
19638.376,9,1,1,stimulusMovement,1,0.6617206997341579,-0.39001524448394775,1,3.20709228515625,1,0.868419329325358,-0.4023287296295166,1,3.2171478271484375
19655.042,9,1,1,stimulusMovement,1,0.6704709794786241,-0.3870202898979187,1,3.182952880859375,1,0.8780640496148003,-0.3856763243675232,1,3.1893463134765625
19671.709,9,1,1,stimulusMovement,1,0.6607947879367404,-0.36993294954299927,1,3.2024688720703125,1,0.8868293762207031,-0.38146841526031494,1,3.200164794921875
19688.375,9,1,1,stimulusMovement,1,0.6660624610053169,-0.386433482170105,1,3.182220458984375,1,0.8728849622938367,-0.3701969385147095,1,3.18072509765625
19705.042,9,1,1,stimulusMovement,1,0.6798373328314887,-0.3910517692565918,1,3.1740264892578125,1,0.8687997394137912,-0.391279935836792,1,3.205078125
19721.709,9,1,1,stimulusMovement,1,0.6696356667412652,-0.3887321352958679,1,3.189544677734375,1,0.8617169062296549,-0.3691365718841553,1,3.1605682373046875
19738.375,9,1,1,stimulusMovement,1,0.6558552847968208,-0.38833701610565186,1,3.1634674072265625,1,0.8695017496744791,-0.3762281537055969,1,3.150787353515625
19755.042,9,1,1,stimulusMovement,1,0.6765343348185221,-0.38575315475463867,1,3.1850738525390625,1,0.8716604444715711,-0.3992311358451843,1,3.216217041015625
19771.708,9,1,1,stimulusMovement,1,0.6710257000393337,-0.3944495916366577,1,3.190765380859375,1,0.8927665286593967,-0.36922645568847656,1,3.1635589599609375
19788.374,9,1,1,stimulusMovement,1,0.8196076287163628,-0.43520307540893555,1,3.2012786865234375,1,1.0935181511773002,-0.41043269634246826,1,3.2001190185546875
19805.041,9,1,1,stimulusMovement,1,1.10870361328125,-0.5421777963638306,1,3.232666015625,1,1.3942231072319877,-0.512826681137085,1,3.126556396484375
19821.708,9,1,1,stimulusMovement,1,1.195540322197808,-0.5660085678100586,1,3.227508544921875,1,1.4142169952392578,-0.5110336542129517,1,3.1608734130859375
19838.374,9,1,1,stimulusMovement,1,1.1940839555528429,-0.5729252099990845,1,3.270416259765625,1,1.4270816379123263,-0.5135179758071899,1,3.1696624755859375
19855.04,9,1,1,stimulusMovement,1,1.2063490549723306,-0.5705339908599854,1,3.224884033203125,1,1.4105983310275607,-0.5308817625045776,1,3.1520538330078125
19871.707,9,1,1,stimulusMovement,1,1.1606631808810763,-0.5648436546325684,1,3.2826995849609375,1,1.4603487650553384,-0.5510255098342896,1,3.134185791015625
19888.373,9,1,1,stimulusMovement,1,1.2393290201822915,-0.6013064384460449,1,3.2732696533203125,1,1.3881195916069877,-0.5229663848876953,1,3.11553955078125
19905.04,9,1,1,stimulusMovement,1,1.1715138753255208,-0.5683004856109619,1,3.2714080810546875,1,1.4283163282606337,-0.5411736965179443,1,3.07843017578125
19921.707,9,1,1,stimulusMovement,1,1.1774491204155815,-0.5715428590774536,1,3.2549896240234375,1,1.4217730628119574,-0.520022988319397,1,3.156280517578125
19938.372,9,1,1,stimulusMovement,1,1.2247045305040147,-0.5488002300262451,1,3.1567230224609375,1,1.3587542639838324,-0.4909888505935669,1,3.1383056640625
19955.039,9,1,1,stimulusMovement,1,1.2038516998291016,-0.5676181316375732,1,3.223785400390625,1,1.4057492150200737,-0.5244529247283936,1,3.073974609375
19971.706,9,1,1,stimulusMovement,1,1.2025627560085719,-0.5593829154968262,1,3.21160888671875,1,1.4092061784532335,-0.5094189643859863,1,3.0572052001953125
19988.372,9,1,1,stimulusMovement,1,1.217320124308268,-0.5555176734924316,1,3.235321044921875,1,1.3967594570583766,-0.510317325592041,1,3.106536865234375
20005.039,9,1,1,stimulusMovement,1,1.184006373087565,-0.541553258895874,1,3.1873321533203125,1,1.373518837822808,-0.5204277038574219,1,3.1399688720703125
20021.706,9,1,1,stimulusMovement,1,1.1965387132432725,-0.5614447593688965,1,3.219390869140625,1,1.4319784376356337,-0.4718930721282959,1,2.9554595947265625
20038.372,9,1,1,stimulusMovement,1,1.2037599351671007,-0.5629830360412598,1,3.18707275390625,1,1.3976554870605469,-0.5092039108276367,1,3.0918121337890625
20055.038,9,1,1,stimulusMovement,1,1.212302737765842,-0.5780529975891113,1,3.260772705078125,1,1.4337514241536458,-0.5101758241653442,1,3.0858612060546875
20071.705,9,1,1,stimulusMovement,1,1.181158701578776,-0.5640124082565308,1,3.2326812744140625,1,1.3989842732747395,-0.5341089963912964,1,3.12884521484375
20088.371,9,1,1,stimulusMovement,1,1.1948632134331596,-0.5649125576019287,1,3.2312164306640625,1,1.3991099463568792,-0.5083378553390503,1,3.098724365234375
20105.038,9,1,1,stimulusMovement,1,1.21540896097819,-0.5621956586837769,1,3.209686279296875,1,1.4020180172390406,-0.5228501558303833,1,3.118408203125
20121.705,9,1,1,stimulusMovement,1,1.2110559675428603,-0.5575031042098999,1,3.2197723388671875,1,1.3186795976426866,-0.4717242121696472,1,3.2198486328125
20138.37,9,1,1,stimulusMovement,1,1.1862682766384547,-0.577677845954895,1,3.267974853515625,1,1.4020936754014757,-0.5351150035858154,1,3.146942138671875
20155.037,9,1,1,stimulusMovement,1,1.2211835649278429,-0.576990008354187,1,3.2636871337890625,1,1.4300948248969183,-0.5146479606628418,1,3.130340576171875
20171.704,9,1,1,stimulusMovement,1,1.201091554429796,-0.569209098815918,1,3.239532470703125,1,1.4218135409884982,-0.5326117277145386,1,3.1830291748046875
20188.37,9,1,1,stimulusMovement,1,1.2319988674587672,-0.5683664083480835,1,3.24652099609375,1,1.3998760647243922,-0.5177747011184692,1,3.1707000732421875
20205.037,9,1,1,stimulusMovement,1,1.2466176350911458,-0.5788815021514893,1,3.2620849609375,1,1.3709371354844835,-0.5120731592178345,1,3.162445068359375
20221.703,9,1,1,stimulusMovement,1,1.2080258263481987,-0.5729421377182007,1,3.265045166015625,1,1.4113631778293185,-0.5262354612350464,1,3.1825408935546875
20238.369,9,1,1,stimulusMovement,1,1.237742953830295,-0.5714287757873535,1,3.29351806640625,1,1.417398452758789,-0.5185098648071289,1,3.1684417724609375
20255.036,9,1,1,stimulusMovement,1,0.9121170043945312,-0.5032992362976074,1,3.154510498046875,1,1.186752955118815,-0.4842367172241211,1,3.14990234375
20271.703,9,1,1,stimulusMovement,1,0.6411434809366862,-0.49901193380355835,1,3.1801910400390625,1,0.8701939053005642,-0.4787428379058838,1,3.1581878662109375
20288.369,9,1,1,stimulusMovement,1,0.4132117165459527,-0.5107358694076538,1,3.2132568359375,1,0.6398084428575304,-0.49396514892578125,1,3.1890411376953125
20305.036,9,1,1,fixation,1,0.42910734812418616,-0.49376702308654785,1,3.198516845703125,1,0.6198419994778103,-0.4723902940750122,1,3.168853759765625
20321.702,9,1,1,fixation,1,0.4129207399156358,-0.5020123720169067,1,3.1814117431640625,1,0.608017815483941,-0.4947999119758606,1,3.1911773681640625
20338.368,9,1,1,fixation,1,0.4183270136515299,-0.48192644119262695,1,2.7882537841796875,1,0.6086355845133463,-0.4691792130470276,1,2.826263427734375
20355.035,9,1,1,fixation,0,nan,nan,0,nan,0,nan,nan,0,nan
20371.702,9,1,1,fixation,1,0.43753041161431205,-0.4995448589324951,1,3.22100830078125,1,0.6290329827202691,-0.4855946898460388,1,3.17156982421875
20388.368,9,1,1,fixation,1,0.41691652933756507,-0.47836101055145264,1,2.801300048828125,1,0.6207564671834309,-0.4697522521018982,1,2.8495635986328125
20405.034,9,1,1,fixation,0,nan,nan,0,nan,0,nan,nan,0,nan
20421.701,9,1,1,fixation,1,0.4112533993191189,-0.5043094158172607,1,3.2564544677734375,1,0.6299593183729383,-0.4799420237541199,1,3.22552490234375
20438.367,9,1,1,fixation,1,0.4149239857991536,-0.48132753372192383,1,2.8066864013671875,1,0.6171098285251193,-0.4707438349723816,1,2.8636627197265625
20455.034,9,1,1,fixation,0,nan,nan,0,nan,0,nan,nan,0,nan
20471.701,9,1,1,fixation,1,0.41633139716254336,-0.5117853879928589,1,3.2219696044921875,1,0.623184945848253,-0.4885715842247009,1,3.247039794921875
20488.366,9,1,1,fixation,1,0.413572523328993,-0.48251867294311523,1,2.78741455078125,1,0.6230169932047526,-0.48367953300476074,1,2.8491668701171875
20505.033,9,1,1,fixation,0,nan,nan,0,nan,0,nan,nan,0,nan
20521.7,9,1,1,fixation,1,0.4519062042236328,-0.5061783790588379,1,3.13433837890625,1,0.6055517196655273,-0.49310070276260376,1,3.18707275390625
20538.366,9,1,1,fixation,1,0.4286412133110894,-0.4843825101852417,1,2.76715087890625,1,0.6285466088189019,-0.4714112877845764,1,2.83355712890625
20555.033,9,1,1,fixation,0,nan,nan,0,nan,0,nan,nan,0,nan
20571.699,9,1,1,fixation,1,0.656855477227105,-0.341952919960022,1,3.205322265625,1,0.8434019088745117,-0.3145250678062439,1,3.2264556884765625
20588.365,9,1,1,fixation,1,0.6867156558566623,-0.28600960969924927,1,2.771881103515625,1,0.8556077745225694,-0.26806485652923584,1,2.825592041015625
20605.032,9,1,1,fixation,0,nan,nan,0,nan,0,nan,nan,0,nan
20621.699,9,1,1,fixation,1,0.6533841027153863,-0.33751440048217773,1,3.179656982421875,1,0.850484636094835,-0.2943981885910034,1,3.1935272216796875
20638.365,9,1,1,fixation,1,0.6821833716498481,-0.29039740562438965,1,2.735870361328125,1,0.8459512922498914,-0.26877665519714355,1,2.8094482421875
20655.031,9,1,1,fixation,0,nan,nan,0,nan,0,nan,nan,0,nan
20671.698,9,1,1,fixation,1,0.6449591318766276,-0.321178674697876,1,3.172821044921875,1,0.8545863893296983,-0.30716437101364136,1,3.1596832275390625
20688.364,9,1,1,fixation,1,0.6846101548936632,-0.28765714168548584,1,2.713409423828125,1,0.8488805558946397,-0.2682568430900574,1,2.7777862548828125
20705.031,9,1,1,fixation,0,nan,nan,0,nan,0,nan,nan,0,nan
20721.698,9,1,1,fixation,1,0.6415671242607964,-0.3353293538093567,1,3.1474456787109375,1,0.8377416398790147,-0.2799532413482666,1,3.1264495849609375
20738.363,9,1,1,fixation,1,0.671849250793457,-0.283683180809021,1,2.706024169921875,1,0.8435129589504665,-0.2707517147064209,1,2.777587890625
20755.03,9,1,1,fixation,0,nan,nan,0,nan,0,nan,nan,0,nan
20771.697,9,1,1,fixation,1,0.6502778795030382,-0.3354344367980957,1,3.12933349609375,1,0.8389982647365993,-0.31049734354019165,1,3.178466796875
20788.363,9,1,1,fixation,1,0.7039258744981554,-0.3619478940963745,1,2.674224853515625,1,0.8799047470092773,-0.3551409840583801,1,2.799072265625
20805.03,9,1,1,fixation,0,nan,nan,0,nan,0,nan,nan,0,nan
20821.696,9,1,1,fixation,0,nan,nan,0,nan,1,0.8893735673692491,-0.37925922870635986,1,3.1799774169921875
20838.362,9,1,1,fixation,1,0.695220947265625,-0.352377712726593,1,2.680877685546875,1,0.8879684872097439,-0.34825611114501953,1,2.808502197265625
20855.029,9,1,1,fixation,0,nan,nan,0,nan,0,nan,nan,0,nan
20871.696,9,1,1,fixation,1,0.6714839935302734,-0.39428699016571045,1,3.1290435791015625,1,0.8761130438910589,-0.37377840280532837,1,3.1733856201171875
20888.362,9,1,1,fixation,1,0.6987194485134548,-0.35469257831573486,1,2.689788818359375,1,0.8853808508978949,-0.3503462076187134,1,2.8295745849609375
20905.028,9,1,1,fixation,0,nan,nan,0,nan,0,nan,nan,0,nan
20921.695,9,1,1,fixation,1,0.6758754518296983,-0.4061747193336487,1,3.152801513671875,1,0.8621976640489366,-0.377748966217041,1,3.2091217041015625
20938.361,9,1,1,fixation,1,0.693768819173177,-0.3621232509613037,1,2.7160186767578125,1,0.8858237796359592,-0.34445714950561523,1,2.8390045166015625
20955.028,9,1,1,fixation,0,nan,nan,0,nan,0,nan,nan,0,nan
20971.695,9,1,1,fixation,1,0.671007580227322,-0.3945882320404053,1,3.1393280029296875,1,0.8638816409640842,-0.368022620677948,1,3.193328857421875
20988.36,9,1,1,fixation,1,0.6922772725423176,-0.36497098207473755,1,2.7342987060546875,1,0.8815411461724175,-0.3496582508087158,1,2.8556976318359375
21005.027,9,1,1,fixation,0,nan,nan,0,nan,0,nan,nan,0,nan
21021.694,9,1,1,fixation,1,0.6716659333970811,-0.40584611892700195,1,3.192291259765625,1,0.8694218529595269,-0.36813145875930786,1,3.185943603515625
21038.36,9,1,1,fixation,1,0.6993113623725044,-0.36470234394073486,1,2.7480926513671875,1,0.8883173200819227,-0.3510732650756836,1,2.88092041015625
21055.027,9,1,1,fixation,0,nan,nan,0,nan,0,nan,nan,0,nan
21071.693,9,1,1,fixation,1,0.6697186364067925,-0.40640878677368164,1,3.169281005859375,1,0.8483100467258029,-0.37227368354797363,1,3.2353668212890625
21088.359,9,1,1,fixation,1,0.6930283440483941,-0.3637600541114807,1,2.7753143310546875,1,0.8847940233018663,-0.3496020436286926,1,2.91400146484375
21105.026,9,1,1,fixation,0,nan,nan,0,nan,0,nan,nan,0,nan
21121.693,9,1,1,fixation,1,0.6812015109592013,-0.39689403772354126,1,3.1759185791015625,1,0.8703038957383897,-0.3624544143676758,1,3.3263702392578125
21138.359,9,1,1,fixation,1,0.6910950342814127,-0.3678640127182007,1,2.8118896484375,1,0.8772685792711046,-0.34738439321517944,1,2.92926025390625
21155.025,9,1,1,fixation,0,nan,nan,0,nan,0,nan,nan,0,nan
21171.692,9,1,1,fixation,1,0.6702496210734049,-0.3999491333961487,1,3.2474822998046875,1,0.8853065702650281,-0.37994861602783203,1,3.2994232177734375
21188.358,9,1,1,fixation,1,0.6926294962565104,-0.36845147609710693,1,2.8321533203125,1,0.8939259847005208,-0.36126840114593506,1,2.944976806640625
21205.025,9,1,1,fixation,0,nan,nan,0,nan,0,nan,nan,0,nan
21221.691,9,1,1,fixation,1,0.6645675235324435,-0.3823361396789551,1,3.25543212890625,1,0.8677247365315754,-0.3794386386871338,1,3.3016204833984375
21238.357,9,1,1,fixation,1,0.7013492584228516,-0.3727642297744751,1,2.8527984619140625,1,0.8860212961832682,-0.3574732542037964,1,2.957672119140625
21255.024,9,1,1,fixation,0,nan,nan,0,nan,0,nan,nan,0,nan
21271.691,9,1,1,fixation,1,0.6405065324571397,-0.3861868381500244,1,3.2592620849609375,1,0.8557868533664279,-0.3660663366317749,1,3.3267059326171875
21288.357,9,1,1,fixation,1,0.6843176947699653,-0.3660712242126465,1,2.863983154296875,1,0.8731043073866102,-0.3462017774581909,1,2.9575042724609375
21305.023,9,1,1,fixation,0,nan,nan,0,nan,0,nan,nan,0,nan
21321.69,9,1,1,fixation,1,0.6723223792182075,-0.3754652142524719,1,3.240814208984375,1,0.8713198767768011,-0.3662176728248596,1,3.2974395751953125
21338.356,9,1,1,stimulusMovement,1,0.6843771404690212,-0.36702436208724976,1,2.8668060302734375,1,0.8742291132609049,-0.3446981906890869,1,2.95556640625
21355.023,9,1,1,stimulusMovement,0,nan,nan,0,nan,0,nan,nan,0,nan
21371.69,9,1,1,stimulusMovement,1,0.6534799999660915,-0.40028101205825806,1,3.2315673828125,1,0.8743722703721788,-0.39175349473953247,1,3.3572998046875
21388.356,9,1,1,stimulusMovement,1,0.6565082338121202,-0.39992719888687134,1,3.2710723876953125,1,0.879412015279134,-0.3655041456222534,1,3.3085174560546875
21405.023,9,1,1,stimulusMovement,1,0.6664153205023872,-0.39283430576324463,1,3.26922607421875,1,0.892637464735243,-0.36999207735061646,1,3.3216552734375
21421.69,9,1,1,stimulusMovement,1,0.6658751169840494,-0.3941144347190857,1,3.272857666015625,1,0.8636381361219617,-0.3769017457962036,1,3.310760498046875
21438.356,9,1,1,stimulusMovement,1,0.663116455078125,-0.39189934730529785,1,3.2491912841796875,1,0.8754814995659722,-0.3714334964752197,1,3.3463134765625
21455.023,9,1,1,stimulusMovement,1,0.6636017693413628,-0.3822663426399231,1,3.27105712890625,1,0.8786586125691731,-0.3656792640686035,1,3.3118133544921875
21471.69,9,1,1,stimulusMovement,1,0.6679791344536675,-0.3950924873352051,1,3.2517852783203125,1,0.8882090250651041,-0.38005757331848145,1,3.363128662109375
21488.356,9,1,1,stimulusMovement,1,0.6556404961480035,-0.4119495749473572,1,3.29364013671875,1,0.8941535949707031,-0.3688093423843384,1,3.3036346435546875
21505.023,9,1,1,stimulusMovement,1,0.669051276312934,-0.39021819829940796,1,3.2877197265625,1,0.8783940209282769,-0.3592628836631775,1,3.3199310302734375
21521.69,9,1,1,stimulusMovement,1,0.6658117506239148,-0.38793861865997314,1,3.3014984130859375,1,0.8841508229573567,-0.38062286376953125,1,3.3551025390625
21538.356,9,1,1,stimulusMovement,1,0.6706802580091688,-0.3745086193084717,1,3.275177001953125,1,0.8737926483154297,-0.36962318420410156,1,3.321990966796875
21555.023,9,1,1,stimulusMovement,1,0.6606120003594292,-0.3895830512046814,1,3.2728118896484375,1,0.8601377275254991,-0.3570871353149414,1,3.3433074951171875
21571.69,9,1,1,stimulusMovement,1,0.6487975650363498,-0.39090555906295776,1,3.3085479736328125,1,0.8706163830227321,-0.395535409450531,1,3.3173065185546875
21588.356,9,1,1,stimulusMovement,1,0.6714141633775499,-0.38709568977355957,1,3.286773681640625,1,0.8879930708143445,-0.38352495431900024,1,3.30950927734375
21605.023,9,1,1,stimulusMovement,1,0.6442284054226345,-0.38341665267944336,1,3.318206787109375,1,0.878090116712782,-0.37420767545700073,1,3.30694580078125
21621.69,9,1,1,stimulusMovement,1,0.6368637084960938,-0.40812820196151733,1,3.336212158203125,1,0.858649041917589,-0.3673396110534668,1,3.3342132568359375
21638.356,9,1,1,stimulusMovement,1,0.6729973687065972,-0.38142818212509155,1,3.2638092041015625,1,0.858440187242296,-0.37967145442962646,1,3.3433837890625
21655.023,9,1,1,stimulusMovement,1,0.6602382659912109,-0.3964373469352722,1,3.31195068359375,1,0.8698770734998914,-0.36225539445877075,1,3.2865753173828125
21671.69,9,1,1,stimulusMovement,1,0.6677849027845594,-0.38591718673706055,1,3.30096435546875,1,0.8940592871771917,-0.3697093725204468,1,3.339447021484375
21688.356,9,1,1,stimulusMovement,1,0.650703642103407,-0.3854200839996338,1,3.3291168212890625,1,0.8634105258517795,-0.3763575553894043,1,3.34686279296875
21705.023,9,1,1,stimulusMovement,1,0.6655928293863932,-0.4012940526008606,1,3.312255859375,1,0.861350589328342,-0.3663008213043213,1,3.3362884521484375
21721.69,9,1,1,stimulusMovement,1,0.6762484444512261,-0.40103578567504883,1,3.307220458984375,1,0.8735886679755316,-0.3720804452896118,1,3.3668670654296875
21738.356,9,1,1,stimulusMovement,1,0.6763777203030056,-0.3887513279914856,1,3.3233795166015625,1,0.8685809241400824,-0.37255221605300903,1,3.3863067626953125
21755.023,9,1,1,stimulusMovement,1,0.6726307339138454,-0.40434086322784424,1,3.3203125,1,0.8840185801188151,-0.38371074199676514,1,3.3774566650390625
21771.69,9,1,1,stimulusMovement,1,0.6620358361138238,-0.3875046968460083,1,3.3372955322265625,1,0.8940904405381944,-0.3940545320510864,1,3.3536834716796875
21788.356,9,1,1,stimulusMovement,1,0.6752485699123806,-0.3952254056930542,1,3.316680908203125,1,0.8965320587158203,-0.37521636486053467,1,3.35150146484375
21805.023,9,1,1,stimulusMovement,1,0.6519585715399848,-0.39484500885009766,1,3.3304290771484375,1,0.8779752519395616,-0.3656196594238281,1,3.3826751708984375
21821.69,9,1,1,stimulusMovement,1,0.6554550594753689,-0.37969517707824707,1,3.382537841796875,1,0.8693141937255859,-0.38126981258392334,1,3.381317138671875
21838.356,9,1,1,stimulusMovement,1,0.672838634914822,-0.3884572386741638,1,3.3349456787109375,1,0.9071331024169922,-0.38962286710739136,1,3.355560302734375
21855.023,9,1,1,stimulusMovement,1,0.6573185390896267,-0.40318143367767334,1,3.38037109375,1,0.8768045637342664,-0.37042152881622314,1,3.408233642578125
21871.69,9,1,1,stimulusMovement,1,0.6673984527587891,-0.3980267643928528,1,3.3733978271484375,1,0.8733594682481554,-0.3635839819908142,1,3.3499755859375
21888.356,9,1,1,stimulusMovement,1,0.6607080035739474,-0.39458829164505005,1,3.3588409423828125,1,0.8787971072726779,-0.37808704376220703,1,3.4151458740234375
21905.023,9,1,1,stimulusMovement,1,0.6576511594984266,-0.413502037525177,1,3.3510894775390625,1,0.8808410432603624,-0.3709813356399536,1,3.39569091796875
21921.69,9,1,1,stimulusMovement,1,0.6692467795477973,-0.4115966558456421,1,3.3542633056640625,1,0.8874017927381727,-0.37128037214279175,1,3.384857177734375
21938.356,9,1,1,stimulusMovement,1,0.6737679375542535,-0.4003748297691345,1,3.39605712890625,1,0.8625814649793836,-0.3638272285461426,1,3.3898162841796875
21955.023,9,1,1,stimulusMovement,1,0.6691196229722765,-0.39390814304351807,1,3.379180908203125,1,0.8693777720133463,-0.36408931016921997,1,3.4212799072265625
21971.69,9,1,1,stimulusMovement,1,0.6658703486124674,-0.3962906002998352,1,3.3718109130859375,1,0.8623860677083333,-0.34921562671661377,1,3.41400146484375
21988.356,9,1,1,stimulusMovement,1,0.6626196967230903,-0.39291608333587646,1,3.3579254150390625,1,0.8762111663818359,-0.3733147382736206,1,3.3890838623046875
22005.023,9,1,1,stimulusMovement,1,0.6757395002577039,-0.4063994884490967,1,3.3495941162109375,1,0.8753204345703125,-0.3668360710144043,1,3.37744140625
22021.69,9,1,1,stimulusMovement,1,0.6668281555175781,-0.39636391401290894,1,3.3446197509765625,1,0.9086163838704426,-0.3645622730255127,1,3.3609466552734375
22038.356,9,1,1,stimulusMovement,1,0.6527186499701606,-0.38839423656463623,1,3.377166748046875,1,0.8878881666395398,-0.3555196523666382,1,3.4119415283203125
22055.023,9,1,1,stimulusMovement,1,0.6533969243367512,-0.4020230174064636,1,3.373260498046875,1,0.8820679982503254,-0.37531155347824097,1,3.37451171875
22071.69,9,1,1,stimulusMovement,1,0.6645611657036675,-0.40559494495391846,1,3.360870361328125,1,0.8700656890869141,-0.3604021668434143,1,3.388702392578125
22088.356,9,1,1,stimulusMovement,1,0.6687961154513888,-0.3852355480194092,1,3.3335418701171875,1,0.8714120652940538,-0.3597204089164734,1,3.3893585205078125
22105.023,9,1,1,stimulusMovement,1,0.675157864888509,-0.40761810541152954,1,3.33642578125,1,0.8766633139716253,-0.3801342248916626,1,3.3918609619140625
22121.69,9,1,1,stimulusMovement,1,0.6605894300672742,-0.4195665121078491,1,3.3906402587890625,1,0.8891317579481336,-0.36734747886657715,1,3.3614501953125
22138.356,9,1,1,stimulusMovement,1,0.6751073201497395,-0.4001505374908447,1,3.3345489501953125,1,0.8913150363498263,-0.36732470989227295,1,3.40240478515625
22155.023,9,1,1,stimulusMovement,1,0.6775648328993055,-0.39555585384368896,1,3.3670196533203125,1,0.8717810312906901,-0.365230917930603,1,3.413421630859375
22171.69,9,1,1,stimulusMovement,1,0.6493189069959852,-0.4059133529663086,1,3.4080047607421875,1,0.8733971913655598,-0.36847198009490967,1,3.3824920654296875
22188.356,9,1,1,stimulusMovement,1,0.6686846415201823,-0.39356982707977295,1,3.3610687255859375,1,0.8728383382161458,-0.3801930546760559,1,3.37933349609375
22205.023,9,1,1,stimulusMovement,1,0.6842365264892578,-0.39312076568603516,1,3.3463592529296875,1,0.8865509033203125,-0.3705940842628479,1,3.3598785400390625
22221.69,9,1,1,stimulusMovement,1,0.6617136001586914,-0.3994178771972656,1,3.3697052001953125,1,0.889945560031467,-0.37590694427490234,1,3.4008331298828125
22238.356,9,1,1,stimulusMovement,1,0.6772802140977647,-0.3923536539077759,1,3.34454345703125,1,0.8622048695882161,-0.3679490089416504,1,3.4200897216796875
22255.023,9,1,1,stimulusMovement,1,0.66943359375,-0.3986355662345886,1,3.3409423828125,1,0.8742165035671657,-0.3612344264984131,1,3.36627197265625
22271.69,9,1,1,stimulusMovement,1,0.6588181389702691,-0.3968578577041626,1,3.3651123046875,1,0.8736347622341579,-0.39232444763183594,1,3.3954620361328125
22288.356,9,1,1,stimulusMovement,1,0.6595564948187934,-0.3945798873901367,1,3.36920166015625,1,0.8676473829481336,-0.3707352876663208,1,3.3961029052734375
22305.023,9,1,1,stimulusMovement,1,0.6545360353257921,-0.4017174243927002,1,3.383087158203125,1,0.8509998321533203,-0.36782699823379517,1,3.4200592041015625
22321.69,9,1,1,stimulusMovement,1,0.6333574718899196,-0.3778659701347351,1,3.3995208740234375,1,0.8659809960259331,-0.36362695693969727,1,3.3717498779296875
22338.356,9,1,1,stimulusMovement,1,0.6444403330485026,-0.3818311095237732,1,3.3744964599609375,1,0.8512397342258029,-0.3491787910461426,1,3.3843994140625
22355.023,9,1,1,stimulusMovement,1,0.6473722457885742,-0.39926308393478394,1,3.372100830078125,1,0.8938380347357855,-0.34582221508026123,1,3.3404693603515625
22371.69,9,1,1,stimulusMovement,1,0.650649176703559,-0.3784470558166504,1,3.3612060546875,1,0.855839729309082,-0.3666849136352539,1,3.39593505859375
22388.356,9,1,1,stimulusMovement,1,0.642720964219835,-0.3812519311904907,1,3.384979248046875,1,0.8680155012342664,-0.36876070499420166,1,3.375885009765625
22405.023,9,1,1,stimulusMovement,1,0.651044209798177,-0.3811671733856201,1,3.3704833984375,1,0.8515437444051106,-0.3430667519569397,1,3.386932373046875
22421.69,9,1,1,stimulusMovement,1,0.6542820400661892,-0.3794398903846741,1,3.371368408203125,1,0.8574871487087673,-0.3698726296424866,1,3.40338134765625
22438.356,9,1,1,stimulusMovement,1,0.6493998633490669,-0.38246142864227295,1,3.3620452880859375,1,0.8692654503716363,-0.3583976626396179,1,3.3653717041015625
22455.023,9,1,1,stimulusMovement,1,0.6454660627577039,-0.3934328556060791,1,3.39984130859375,1,0.8449194166395398,-0.36158764362335205,1,3.3903961181640625
22471.69,9,1,1,stimulusMovement,1,0.6534159978230794,-0.37754976749420166,1,3.3460540771484375,1,0.8556361728244357,-0.3455822467803955,1,3.372283935546875
22488.356,9,1,1,stimulusMovement,1,0.6575834486219617,-0.3721400499343872,1,3.36907958984375,1,0.84442138671875,-0.35296809673309326,1,3.386474609375
22505.023,9,1,1,stimulusMovement,1,0.6541774537828233,-0.39287257194519043,1,3.3697357177734375,1,0.8536393907335069,-0.3463653326034546,1,3.3784942626953125
22521.69,9,1,1,stimulusMovement,1,0.6622225443522135,-0.3716181516647339,1,3.3115234375,1,0.8576490614149305,-0.34703052043914795,1,3.3812408447265625
22538.356,9,1,1,stimulusMovement,1,0.6566812727186414,-0.3805525302886963,1,3.3652191162109375,1,0.8467932807074652,-0.35698288679122925,1,3.3641510009765625
22555.023,9,1,1,stimulusMovement,1,0.6590374840630425,-0.3834894299507141,1,3.3377838134765625,1,0.870566897922092,-0.3535054326057434,1,3.3795013427734375
22571.69,9,1,1,stimulusMovement,1,0.6403154797024196,-0.3897179961204529,1,3.3906707763671875,1,0.8795593049791124,-0.35876673460006714,1,3.3901519775390625
22588.356,9,1,1,stimulusMovement,1,0.6616101794772677,-0.39861440658569336,1,3.3401641845703125,1,0.8721637725830078,-0.34954166412353516,1,3.3230743408203125
22605.023,9,1,1,stimulusMovement,1,0.6515244377983941,-0.37865567207336426,1,3.3415985107421875,1,0.8726808759901258,-0.3522895574569702,1,3.348602294921875
22621.69,9,1,1,stimulusMovement,1,0.6442244847615559,-0.39001238346099854,1,3.3482818603515625,1,0.8631125556098089,-0.3561405539512634,1,3.3778228759765625
22638.356,9,1,1,stimulusMovement,1,0.6536228391859266,-0.3792329430580139,1,3.3374481201171875,1,0.8681937323676214,-0.36589252948760986,1,3.3233795166015625
22655.023,9,1,1,stimulusMovement,1,0.6626813676622179,-0.3947948217391968,1,3.337799072265625,1,0.8558933469984266,-0.36690235137939453,1,3.398406982421875
22671.69,9,1,1,stimulusMovement,1,0.6324662102593316,-0.4015495777130127,1,3.3594207763671875,1,0.8612082799275715,-0.3473414182662964,1,3.3658294677734375
22688.356,9,1,1,stimulusMovement,1,0.6436100006103516,-0.3821495771408081,1,3.344970703125,1,0.8470741907755533,-0.3759869933128357,1,3.3363800048828125
22705.023,9,1,1,stimulusMovement,1,0.6556558609008789,-0.38134366273880005,1,3.332275390625,1,0.8558921813964844,-0.3523070216178894,1,3.338409423828125
22721.69,9,1,1,stimulusMovement,1,0.6404742134941949,-0.37411296367645264,1,3.2959136962890625,1,0.834454854329427,-0.3392382860183716,1,3.3520050048828125
22738.356,9,1,1,stimulusMovement,1,0.6631001366509331,-0.36918991804122925,1,3.29266357421875,1,0.8612643347846136,-0.3487216830253601,1,3.330718994140625
22755.023,9,1,1,stimulusMovement,1,0.6463102764553493,-0.3858259916305542,1,3.3165435791015625,1,0.8641594780815972,-0.3534882068634033,1,3.3220977783203125
22771.69,9,1,1,stimulusMovement,1,0.6470447116427951,-0.37574124336242676,1,3.34222412109375,1,0.8667731814914279,-0.3635636568069458,1,3.356201171875
22788.356,9,1,1,stimulusMovement,1,0.6531895531548394,-0.38273191452026367,1,3.3431396484375,1,0.8456331888834635,-0.34006547927856445,1,3.3265380859375
22805.023,9,1,1,stimulusMovement,1,0.6566005282931857,-0.3794940114021301,1,3.3072662353515625,1,0.8423281775580511,-0.36562007665634155,1,3.33380126953125
22821.69,9,1,1,stimulusMovement,1,0.6567969852023654,-0.37883907556533813,1,3.3098602294921875,1,0.8441524505615234,-0.36774396896362305,1,3.330078125
22838.356,9,1,1,stimulusMovement,1,0.6481363508436414,-0.37814509868621826,1,3.2860870361328125,1,0.8375834359063042,-0.37239277362823486,1,3.332733154296875
22855.023,9,1,1,stimulusMovement,1,0.6585121154785156,-0.376322865486145,1,3.340301513671875,1,0.8601827621459961,-0.3662206530570984,1,3.3050537109375
22871.69,9,1,1,stimulusMovement,1,0.6501837836371528,-0.38514071702957153,1,3.318603515625,1,0.8541786405775281,-0.37261301279067993,1,3.2973785400390625
22888.356,9,1,1,stimulusMovement,1,0.6581616931491427,-0.3732473850250244,1,3.2918243408203125,1,0.8559702767266167,-0.3660440444946289,1,3.286895751953125
22905.023,9,1,1,stimulusMovement,1,0.6421112484402126,-0.38815128803253174,1,3.2828826904296875,1,0.8587186601426866,-0.35627853870391846,1,3.28521728515625
22921.69,9,1,1,stimulusMovement,1,0.642557250128852,-0.3897396922111511,1,3.2853546142578125,1,0.8664491441514757,-0.36101341247558594,1,3.2893829345703125
22938.356,9,1,1,stimulusMovement,1,0.6430912017822266,-0.4057347774505615,1,3.327850341796875,1,0.8631326887342664,-0.3641476035118103,1,3.3149871826171875
22955.023,9,1,1,stimulusMovement,1,0.6576877170138888,-0.3835678696632385,1,3.2579193115234375,1,0.8375368118286133,-0.3544832468032837,1,3.2914276123046875
22971.69,9,1,1,stimulusMovement,1,0.6465642717149522,-0.38607972860336304,1,3.28533935546875,1,0.8512003156873914,-0.36078834533691406,1,3.293731689453125
22988.356,9,1,1,stimulusMovement,1,0.6721263461642795,-0.3955111503601074,1,3.2360687255859375,1,0.8620943493313259,-0.3647940158843994,1,3.2283172607421875
23005.023,9,1,1,stimulusMovement,1,0.6601088841756184,-0.38070744276046753,1,3.2727508544921875,1,0.8666342629326714,-0.3636355400085449,1,3.286468505859375
23021.69,9,1,1,stimulusMovement,1,0.652618408203125,-0.3840341567993164,1,3.229095458984375,1,0.8561422559950086,-0.3624211549758911,1,3.2521820068359375
23038.356,9,1,1,stimulusMovement,1,0.6578965716891818,-0.3889707326889038,1,3.2753143310546875,1,0.8430469301011827,-0.35624897480010986,1,3.2552490234375
23055.023,9,1,1,stimulusMovement,1,0.6633057064480251,-0.3903071880340576,1,3.2597808837890625,1,0.8579173617892795,-0.3775408864021301,1,3.21710205078125
23071.69,9,1,1,stimulusMovement,1,0.6396757761637369,-0.38531070947647095,1,3.2569427490234375,1,0.8691766526963975,-0.36330246925354004,1,3.2304229736328125
23088.356,9,1,1,stimulusMovement,1,0.6630863613552517,-0.39408111572265625,1,3.2087860107421875,1,0.8456315994262695,-0.38227975368499756,1,3.2161102294921875
23105.023,9,1,1,stimulusMovement,1,0.6520773569742838,-0.3911178708076477,1,3.211090087890625,1,0.848340352376302,-0.374112606048584,1,3.2247314453125
23121.69,9,1,1,stimulusMovement,1,0.6533588833279079,-0.4083794355392456,1,3.186767578125,1,0.8513425191243489,-0.36209720373153687,1,3.2029876708984375
23138.356,9,1,1,stimulusMovement,1,0.6407557593451606,-0.39538276195526123,1,3.2232818603515625,1,0.8610519833034939,-0.36950182914733887,1,3.2095947265625
23155.023,9,1,1,stimulusMovement,1,0.6459187401665581,-0.38799023628234863,1,3.195556640625,1,0.8320477803548176,-0.357515811920166,1,3.1877899169921875
23171.69,9,1,1,stimulusMovement,1,0.6335094239976671,-0.379513680934906,1,3.1783599853515625,1,0.8293096754286023,-0.3627150058746338,1,3.241485595703125
23188.356,9,1,1,stimulusMovement,1,0.6155993143717448,-0.39529144763946533,1,3.2235565185546875,1,0.8243861728244357,-0.3645813465118408,1,3.204742431640625
23205.023,9,1,1,stimulusMovement,1,0.6083295610215929,-0.36996299028396606,1,3.21844482421875,1,0.8361988067626953,-0.3552435636520386,1,3.22174072265625
23221.69,9,1,1,stimulusMovement,1,0.6065678066677517,-0.3806295394897461,1,3.2090301513671875,1,0.8239948484632703,-0.37144482135772705,1,3.2204437255859375
23238.356,9,1,1,stimulusMovement,1,0.6152002546522352,-0.38350701332092285,1,3.2250823974609375,1,0.8133082919650607,-0.35254359245300293,1,3.1970367431640625
23255.023,9,1,1,stimulusMovement,1,0.49760648939344615,-0.2985907793045044,1,3.2224578857421875,1,0.7044129901462131,-0.29227423667907715,1,3.1902313232421875
23271.69,9,1,1,stimulusMovement,1,0.4657925499810113,-0.2753647565841675,1,3.2210235595703125,1,0.6653533511691623,-0.2790529727935791,1,3.2091217041015625
23288.356,9,1,1,stimulusMovement,1,0.43949084811740446,-0.24359548091888428,1,3.1959228515625,1,0.6525277031792535,-0.23915719985961914,1,3.192718505859375
23305.023,9,1,1,stimulusMovement,1,0.44079822964138454,-0.2651696801185608,1,3.239044189453125,1,0.627780278523763,-0.23517835140228271,1,3.18951416015625
23321.69,9,1,1,stimulusMovement,1,0.4394847022162543,-0.2580364942550659,1,3.1949310302734375,1,0.6229735480414497,-0.26365208625793457,1,3.2249603271484375
23338.356,9,1,1,stimulusMovement,1,0.4279439714219835,-0.2632784843444824,1,3.201934814453125,1,0.6232312520345051,-0.24835890531539917,1,3.19110107421875
23355.023,9,1,1,stimulusMovement,1,0.3891885545518663,-0.2658625841140747,1,3.2287750244140625,1,0.5950599246554904,-0.24089586734771729,1,3.2097930908203125
23371.69,9,1,1,stimulusMovement,1,0.4126192728678385,-0.2604326009750366,1,3.2468414306640625,1,0.6071154276529948,-0.2670755386352539,1,3.2432403564453125
23388.356,9,1,1,stimulusMovement,1,0.38705031077067054,-0.241058349609375,1,3.1583099365234375,1,0.5816468132866753,-0.2513081431388855,1,3.239013671875
23405.023,9,1,1,stimulusMovement,1,0.36883905198838973,-0.24170660972595215,1,3.2053375244140625,1,0.5704305436876085,-0.2160252332687378,1,3.1655426025390625
23421.69,9,1,1,stimulusMovement,0,nan,nan,0,nan,1,0.5682616763644748,-0.21997511386871338,1,3.1815643310546875
23438.356,9,1,1,stimulusMovement,1,0.3444054921468099,-0.2755392789840698,1,3.233673095703125,1,0.4643166859944661,-0.3086843490600586,1,3.4650115966796875
23455.023,9,1,1,stimulusMovement,1,0.20604091220431855,-0.19364547729492188,1,3.2279815673828125,1,0.48818895551893443,-0.14973098039627075,1,3.1684722900390625
23471.69,9,1,1,stimulusMovement,1,0.2071471744113498,-0.09675836563110352,1,3.164459228515625,1,0.43274158901638454,-0.03481525182723999,1,3.1094512939453125
23488.356,9,1,1,stimulusMovement,1,0.17627037896050346,-0.08136063814163208,1,3.1543731689453125,1,0.39323510064019096,-0.025508522987365723,1,3.11431884765625
23505.023,9,1,1,stimulusMovement,1,0.17571290334065753,-0.09633874893188477,1,3.1751556396484375,1,0.3822121090359158,-0.022213459014892578,1,3.09619140625
23521.69,9,1,1,stimulusMovement,1,0.12981700897216797,-0.09632515907287598,1,3.2632293701171875,1,0.3720575968424479,-0.012296736240386963,1,3.0848846435546875
23538.356,9,1,1,stimulusMovement,1,0.16123920016818574,-0.06132221221923828,1,3.1402740478515625,1,0.3746045430501302,-0.030661463737487793,1,3.1251678466796875
23555.023,9,1,1,stimulusMovement,1,0.13808123270670572,-0.044332027435302734,1,3.0847930908203125,1,0.3432750701904297,-0.005313873291015625,1,3.091644287109375
23571.69,9,1,1,stimulusMovement,1,0.1202545166015625,-0.05314826965332031,1,3.1537322998046875,1,0.33720291985405815,-0.009508132934570312,1,3.114013671875
23588.356,9,1,1,stimulusMovement,1,0.11464097764756943,-0.08625608682632446,1,3.250213623046875,1,0.3372275034586588,-0.01378399133682251,1,3.1291656494140625
23605.023,9,1,1,stimulusMovement,1,0.10387950473361544,-0.05544400215148926,1,3.183502197265625,1,0.3203050825330946,-0.006295740604400635,1,3.1207427978515625
23621.69,9,1,1,stimulusMovement,1,0.10373338063557942,-0.035300493240356445,1,3.0633087158203125,1,0.30780601501464844,0.0009349584579467773,1,3.1118011474609375
23638.356,9,1,1,stimulusMovement,1,0.07986556159125434,-0.04725313186645508,1,3.1685943603515625,1,0.318624390496148,-0.03924739360809326,1,3.2233123779296875
23655.023,9,1,1,stimulusMovement,1,0.057384914822048605,-0.060998618602752686,1,3.208709716796875,1,0.2881179385715061,-0.007053375244140625,1,3.148040771484375
23671.69,9,1,1,stimulusMovement,1,0.0637876722547743,-0.04619872570037842,1,3.154144287109375,1,0.28545019361707896,-0.0010843276977539062,1,3.1284637451171875
23688.356,9,1,1,stimulusMovement,0,nan,nan,0,nan,1,0.26999791463216144,0.008670985698699951,1,3.1087188720703125
23705.023,9,1,1,stimulusMovement,1,0.03099144829644097,-0.021084249019622803,1,3.1294403076171875,1,0.25100676218668616,-0.0070757269859313965,1,3.1425018310546875
23721.69,9,1,1,stimulusMovement,1,0.01581022474500868,-0.07608598470687866,1,3.28369140625,1,0.252910402086046,0.004937082529067993,1,3.1201171875
23738.356,9,1,1,stimulusMovement,1,0.013024542066786023,-0.028243839740753174,1,3.10626220703125,1,0.2507382498847114,-0.017203092575073242,1,3.1783905029296875
23755.023,9,1,1,stimulusMovement,1,0.011685477362738715,-0.013936877250671387,1,3.0662384033203125,1,0.22708363003200954,0.03751569986343384,1,3.1051788330078125
23771.69,9,1,1,stimulusMovement,1,0.006942960951063368,0.0005868971347808838,1,3.026763916015625,1,0.2261808183458116,0.010400921106338501,1,3.1288604736328125
23788.356,9,1,1,stimulusMovement,1,-0.005054103003607855,-0.0008102655410766602,1,3.099639892578125,1,0.2010629442003038,0.01571577787399292,1,3.106109619140625
23805.023,9,1,1,stimulusMovement,1,-0.04467429055107964,-0.01993495225906372,1,3.137451171875,1,0.21229595608181423,-0.004532217979431152,1,3.208648681640625
23821.69,9,1,1,stimulusMovement,1,-0.04055505328708225,0.002133786678314209,1,3.071441650390625,1,0.17381085289849174,0.01908951997756958,1,3.1561279296875
23838.356,9,1,1,stimulusMovement,1,-0.055704222785101995,0.00103074312210083,1,3.0980377197265625,1,0.1851620144314236,0.07430127263069153,1,3.0414581298828125
23855.023,9,1,1,stimulusMovement,1,-0.06080203586154514,0.011941313743591309,1,3.06982421875,1,0.15337223476833767,0.058015018701553345,1,3.0690155029296875
23871.69,9,1,1,stimulusMovement,1,-0.09088023503621419,0.007778257131576538,1,3.0900421142578125,1,0.14923381805419922,0.04806607961654663,1,3.1370086669921875
23888.356,9,1,1,stimulusMovement,1,-0.10014205508761935,-0.01620030403137207,1,3.0850067138671875,1,0.13189188639322916,0.03686240315437317,1,3.10870361328125
23905.023,9,1,1,stimulusMovement,1,-0.2174290551079644,0.0041446685791015625,1,3.038970947265625,0,nan,nan,0,nan
23921.69,9,1,1,stimulusMovement,1,-0.23601844575670028,0.06265974044799805,1,3.0092010498046875,1,-0.01020224889119466,0.06773781776428223,1,3.1276702880859375
23938.356,9,1,1,stimulusMovement,1,-0.27194643020629883,0.15718382596969604,1,3.0413665771484375,1,-0.02808729807535807,0.20639443397521973,1,2.9962310791015625
23955.023,9,1,1,stimulusMovement,1,-0.2733791139390733,0.16732248663902283,1,3.0386505126953125,1,-0.08313247892591688,0.21019405126571655,1,2.9791259765625
23971.69,9,1,1,stimulusMovement,1,-0.282796753777398,0.18078482151031494,1,3.0507965087890625,1,-0.08619266086154513,0.217835932970047,1,3.0136260986328125
23988.356,9,1,1,stimulusMovement,1,-0.30563057793511283,0.17125073075294495,1,3.0030059814453125,1,-0.10725270377265082,0.2148589789867401,1,3.0316162109375
24005.023,9,1,1,stimulusMovement,1,-0.3361209233601888,0.15374404191970825,1,3.047454833984375,1,-0.1082660886976454,0.22106897830963135,1,3.0170135498046875
24021.69,9,1,1,stimulusMovement,1,-0.32284630669487846,0.17999646067619324,1,3.0187530517578125,1,-0.1347326702541775,0.18113744258880615,1,3.0821990966796875
24038.356,9,1,1,stimulusMovement,1,-0.33811235427856445,0.16306865215301514,1,3.0294036865234375,1,-0.12814617156982422,0.20278489589691162,1,3.0614166259765625
24055.023,9,1,1,stimulusMovement,1,-0.33190960354275173,0.1891266405582428,1,3.0166778564453125,1,-0.137912114461263,0.20198997855186462,1,3.0821533203125
24071.689,9,1,1,stimulusMovement,1,-0.36272621154785156,0.14109057188034058,1,3.1248016357421875,1,-0.15134938557942706,0.22694411873817444,1,3.0447235107421875
24088.355,9,1,1,stimulusMovement,1,-0.37994162241617835,0.14515775442123413,1,3.1324310302734375,1,-0.16700956556532118,0.20238420367240906,1,3.0915374755859375
24105.022,9,1,1,stimulusMovement,1,-0.3995820151435004,0.1565690040588379,1,3.1408233642578125,1,-0.171389897664388,0.21813920140266418,1,3.0745086669921875
24121.689,9,1,1,stimulusMovement,1,-0.38563844892713756,0.13272878527641296,1,3.078094482421875,1,-0.18719074461195204,0.22271943092346191,1,3.08770751953125
24138.355,9,1,1,stimulusMovement,1,-0.4112456639607747,0.15400320291519165,1,3.1193389892578125,1,-0.1951425340440538,0.17404064536094666,1,3.1635284423828125
24155.022,9,1,1,stimulusMovement,1,-0.43057637744479704,0.17144131660461426,1,3.0503997802734375,1,-0.2349302503797743,0.2155565321445465,1,3.062744140625
24171.689,9,1,1,stimulusMovement,1,-0.42708645926581484,0.19112780690193176,1,3.01153564453125,1,-0.2135125266181098,0.21832230687141418,1,3.147216796875
24188.355,9,1,1,stimulusMovement,1,-0.4464449087778727,0.20463114976882935,1,3.046142578125,1,-0.237873289320204,0.18687814474105835,1,3.182647705078125
24205.022,9,1,1,stimulusMovement,1,-0.46754010518391925,0.1844564974308014,1,3.0682525634765625,1,-0.2655862172444661,0.18462464213371277,1,3.1700286865234375
24221.689,9,1,1,stimulusMovement,1,-0.4736781120300293,0.19378429651260376,1,3.0651397705078125,1,-0.2639677259657118,0.24319273233413696,1,3.0913238525390625
24238.355,9,1,1,stimulusMovement,1,-0.48967681990729434,0.19407260417938232,1,3.1116485595703125,1,-0.29490333133273655,0.21700766682624817,1,3.127227783203125
24255.022,9,1,1,stimulusMovement,1,-0.5070116519927979,0.22767066955566406,1,3.05609130859375,1,-0.2782183753119574,0.209300696849823,1,3.1245574951171875
24271.689,9,1,1,stimulusMovement,1,-0.5023449261983235,0.2003002166748047,1,3.0581512451171875,1,-0.28834936353895396,0.21377387642860413,1,3.1329803466796875
24288.355,9,1,1,stimulusMovement,1,-0.5148913595411513,0.22443994879722595,1,3.052520751953125,1,-0.2989250818888346,0.2194359302520752,1,3.1287841796875
24305.022,9,1,1,stimulusMovement,1,-0.5378546714782715,0.227952241897583,1,3.014923095703125,1,-0.3144875632392035,0.22443321347236633,1,3.1555633544921875
24321.689,9,1,1,stimulusMovement,1,-0.5362007353040907,0.2205953598022461,1,3.065643310546875,1,-0.32193787892659503,0.25008854269981384,1,3.110687255859375
24338.355,9,1,1,stimulusMovement,1,-0.5576570298936632,0.24521881341934204,1,3.0509185791015625,1,-0.3441031773885091,0.23250627517700195,1,3.1244964599609375
24355.022,9,1,1,stimulusMovement,1,-0.5672383573320177,0.211891770362854,1,3.1271514892578125,1,-0.3575050565931532,0.23148870468139648,1,3.1611480712890625
24371.689,9,1,1,stimulusMovement,1,-0.6368235482109917,0.3070845454931259,1,3.0697479248046875,1,-0.40064462025960285,0.3022860288619995,1,3.17523193359375
24388.355,9,1,1,stimulusMovement,1,-0.6371011734008789,0.3341479152441025,1,3.060546875,1,-0.4171149995591905,0.34976115822792053,1,3.2006072998046875
24405.022,9,1,1,stimulusMovement,1,-0.6557389100392659,0.3413294404745102,1,3.051483154296875,1,-0.44723044501410586,0.3239883482456207,1,3.166717529296875
24421.689,9,1,1,stimulusMovement,1,-0.6684980392456055,0.30545540153980255,1,3.1162872314453125,1,-0.4566997422112359,0.3414876163005829,1,3.183929443359375
24438.355,9,1,1,stimulusMovement,1,-0.6798620223999023,0.3317674845457077,1,3.0804901123046875,1,-0.4668593406677246,0.3646271228790283,1,3.10107421875
24455.022,9,1,1,stimulusMovement,1,-0.6835012171003553,0.3359875977039337,1,3.1220245361328125,1,-0.45801356103685165,0.3384009599685669,1,3.1811676025390625
24471.689,9,1,1,stimulusMovement,1,-0.7097741497887505,0.32573267817497253,1,3.147125244140625,1,-0.47144317626953125,0.34071895480155945,1,3.232330322265625
24488.355,9,1,1,stimulusMovement,1,-0.7147209644317627,0.29383979737758636,1,3.1456756591796875,1,-0.4883082177903917,0.33651088178157806,1,3.2403411865234375
24505.022,9,1,1,stimulusMovement,1,-0.712219410472446,0.33865654468536377,1,3.0471343994140625,1,-0.4914936754438612,0.30042532086372375,1,3.3123016357421875
24521.689,9,1,1,stimulusMovement,1,-0.7524602545632256,0.306064248085022,1,3.16375732421875,1,-0.5156004428863525,0.3668072074651718,1,3.1253814697265625
24538.355,9,1,1,stimulusMovement,1,-0.763702048195733,0.35860365629196167,1,3.13323974609375,1,-0.5028468237982856,0.3576212525367737,1,3.2318267822265625
24555.022,9,1,1,stimulusMovement,1,-0.731943236456977,0.3553679585456848,1,3.0696868896484375,1,-0.515792104932997,0.35888445377349854,1,3.2709503173828125
24571.689,9,1,1,stimulusMovement,1,-0.7782306671142578,0.32582153379917145,1,3.1449432373046875,1,-0.5431196954515245,0.37159037590026855,1,3.1505126953125
24588.355,9,1,1,stimulusMovement,1,-0.7776550187004937,0.3619823455810547,1,3.062774658203125,1,-0.5505460898081461,0.37420931458473206,1,3.2313232421875
24605.022,9,1,1,stimulusMovement,1,-0.8118563758002386,0.35612717270851135,1,3.1083526611328125,1,-0.5656229654947916,0.4072178676724434,1,3.173797607421875
24621.689,9,1,1,stimulusMovement,1,-0.8111832870377435,0.3619407117366791,1,3.1127471923828125,1,-0.5444004270765517,0.36958062648773193,1,3.2646026611328125
24638.355,9,1,1,stimulusMovement,1,-0.8041180107328626,0.3617718517780304,1,3.0981903076171875,1,-0.5742184850904676,0.3979947715997696,1,3.21221923828125
24655.022,9,1,1,stimulusMovement,1,-0.8436104887061648,0.3822576329112053,1,3.0938873291015625,1,-0.5841468705071343,0.4069584757089615,1,3.1653289794921875
24671.689,9,1,1,stimulusMovement,1,-0.8695090893242093,0.3686077296733856,1,3.1321868896484375,1,-0.6295513047112359,0.3842376470565796,1,3.20318603515625
24688.355,9,1,1,stimulusMovement,1,-0.8626752860016292,0.37217438220977783,1,3.1453857421875,1,-0.6139094564649793,0.4007820263504982,1,3.1947021484375
24705.022,9,1,1,stimulusMovement,1,-0.8443469173378414,0.36369845271110535,1,3.122589111328125,1,-0.6261486477322048,0.3962406516075134,1,3.1980133056640625
24721.689,9,1,1,stimulusMovement,1,-0.8663894484440485,0.38154540956020355,1,3.109405517578125,1,-0.6464701758490669,0.3734361380338669,1,3.19720458984375
24738.355,9,1,1,stimulusMovement,1,-0.8800234860844082,0.38768530637025833,1,3.162750244140625,1,-0.656144036187066,0.385252982378006,1,3.24163818359375
24755.022,9,1,1,stimulusMovement,1,-0.891333244740963,0.39154668897390366,1,3.08087158203125,1,-0.6561160617404513,0.41508275270462036,1,3.195709228515625
24771.689,9,1,1,stimulusMovement,1,-0.8951379412578211,0.36786332726478577,1,3.1403656005859375,1,-0.6609954833984375,0.39725545048713684,1,3.2542572021484375
24788.355,9,1,1,stimulusMovement,1,-0.8777315666278203,0.40342775732278824,1,3.080169677734375,1,-0.6520768271552192,0.3750152960419655,1,3.301788330078125
24805.022,9,1,1,stimulusMovement,1,-0.8867829284734196,0.41471248120069504,1,3.0959625244140625,1,-0.6802374256981744,0.4151293560862541,1,3.2435302734375
24821.689,9,1,1,stimulusMovement,1,-0.8796882604559262,0.4162944257259369,1,3.065948486328125,1,-0.7035179668002658,0.4231318011879921,1,3.2640533447265625
24838.355,9,1,1,stimulusMovement,1,-0.9140032463603549,0.38404710590839386,1,3.18975830078125,1,-0.6817808416154649,0.4056675061583519,1,3.303863525390625
24855.022,9,1,1,stimulusMovement,1,-0.9013387635350227,0.41490139067173004,1,3.0973663330078125,0,nan,nan,0,nan
24871.689,9,1,1,stimulusMovement,1,-0.9107453558180066,0.4113265424966812,1,3.1434783935546875,1,-0.6925488445493909,0.4224224388599396,1,3.24749755859375
24888.355,9,1,1,stimulusMovement,1,-0.9191588428285387,0.3993988558650017,1,3.1846771240234375,1,-0.6696009900834825,0.396815225481987,1,3.2948455810546875
24905.022,9,1,1,stimulusMovement,1,-0.9145407693253622,0.41607704758644104,1,3.172027587890625,1,-0.696981496281094,0.43915026262402534,1,3.277801513671875
24921.689,9,1,1,stimulusMovement,1,-0.9033563534418741,0.3930763304233551,1,3.2300567626953125,1,-0.7190754148695203,0.44438452273607254,1,3.256744384765625
24938.355,9,1,1,stimulusMovement,1,-0.8747927364375856,0.4384155236184597,1,3.0956268310546875,1,-0.7096375889248318,0.42786527425050735,1,3.260528564453125
24955.022,9,1,1,stimulusMovement,1,-0.9119895878765317,0.39181432873010635,1,3.2466278076171875,1,-0.6827814843919542,0.42711029946804047,1,3.3239593505859375
24971.689,9,1,1,stimulusMovement,1,-0.8818526781267589,0.39668723195791245,1,3.2393341064453125,1,-0.6595220565795898,0.39698847383260727,1,3.3900909423828125
24988.355,9,1,1,stimulusMovement,1,-0.9065786268975999,0.3971238434314728,1,3.303466796875,1,-0.6466100480821397,0.42510125786066055,1,3.299041748046875
25005.022,9,1,1,stimulusMovement,1,-0.8441849814520941,0.4440656900405884,1,3.2395172119140625,1,-0.5965403450859917,0.4703647419810295,1,3.3053436279296875
25021.689,9,1,1,stimulusMovement,1,-0.8443602787123785,0.4069277048110962,1,3.2867279052734375,1,-0.6071478525797526,0.43669186532497406,1,3.37335205078125
25038.355,9,1,1,stimulusMovement,1,-0.8535375230842166,0.43683214485645294,1,3.309051513671875,1,-0.6221997737884521,0.48557276651263237,1,3.38531494140625
25055.022,9,1,1,stimulusMovement,1,-0.8502790199385748,0.41942017525434494,1,3.3011322021484375,1,-0.6447450849745008,0.48014028184115887,1,3.370330810546875
25071.689,9,1,1,stimulusMovement,1,-0.8494666218757629,0.4441269040107727,1,3.2851715087890625,1,-0.6247728400760226,0.47425519302487373,1,3.3336639404296875
25088.355,9,1,1,stimulusMovement,1,-0.8623383144537607,0.3983815014362335,1,3.357330322265625,1,-0.615720960828993,0.4396569952368736,1,3.3645782470703125
25105.022,9,1,1,stimulusMovement,1,-0.8293620811568365,0.43802640959620476,1,3.2829742431640625,1,-0.6201698250240749,0.4443981200456619,1,3.3947296142578125
25121.689,9,1,1,stimulusMovement,1,-0.8305258750915527,0.4503723606467247,1,3.3023681640625,1,-0.6189891497294108,0.44149861112236977,1,3.3988800048828125
25138.355,9,1,1,stimulusMovement,1,-0.8519005676110585,0.44413307309150696,1,3.3260040283203125,1,-0.6150983174641926,0.4912063889205456,1,3.3501129150390625
25155.022,9,1,1,stimulusMovement,1,-0.8526777194605932,0.4290981739759445,1,3.354095458984375,1,-0.6130914158291286,0.4839383754879236,1,3.3921966552734375
25171.689,9,1,1,stimulusMovement,1,-0.8490497072537739,0.4464808702468872,1,3.3072357177734375,1,-0.6048461596171061,0.4830683432519436,1,3.420501708984375
25188.355,9,1,1,stimulusMovement,1,-0.8392320209079318,0.4296378791332245,1,3.3793182373046875,1,-0.6265921857621934,0.47934162244200706,1,3.35931396484375
25205.022,9,1,1,stimulusMovement,1,-0.8519344992107815,0.44360506162047386,1,3.3380584716796875,1,-0.6001377370622423,0.49178441148251295,1,3.2876739501953125
25221.689,9,1,1,stimulusMovement,1,-0.8446771403153737,0.4352319687604904,1,3.3103179931640625,1,-0.6171089808146158,0.45652294158935547,1,3.3978271484375
25238.355,9,1,1,stimulusMovement,1,-0.8588698969946966,0.42981699109077454,1,3.345245361328125,1,-0.619207117292616,0.46469882503151894,1,3.4329376220703125
25255.022,9,1,1,stimulusMovement,1,-0.8624456442064709,0.4263240545988083,1,3.3331146240234375,1,-0.5982137521107991,0.46657702699303627,1,3.489501953125
25271.689,9,1,1,stimulusMovement,1,-0.8562809195783403,0.4367121756076813,1,3.368499755859375,1,-0.6118422084384494,0.44338853284716606,1,3.432830810546875
25288.355,9,1,1,stimulusMovement,1,-0.8557820849948459,0.41061682999134064,1,3.379302978515625,1,-0.608073976304796,0.4704763814806938,1,3.407989501953125
25305.022,9,1,1,stimulusMovement,1,-0.8661941720379723,0.43032462149858475,1,3.30810546875,1,-0.6346778604719373,0.45780395716428757,1,3.419708251953125
25321.689,9,1,1,stimulusMovement,1,-0.8426510194937388,0.4486471191048622,1,3.3056793212890625,1,-0.6063077714708116,0.4238324984908104,1,3.4318389892578125
25338.355,9,1,1,stimulusMovement,1,-0.8456964194774628,0.42327306419610977,1,3.337493896484375,1,-0.6321632067362467,0.4138443246483803,1,3.5711822509765625
25355.022,9,1,1,stimulusMovement,1,-0.8583300411701202,0.41999220103025436,1,3.39166259765625,1,-0.6165890163845485,0.45667075365781784,1,3.434051513671875
25371.689,9,1,1,stimulusMovement,1,-0.8221055732833014,0.432078555226326,1,3.286041259765625,1,-0.6193096902635362,0.47832610830664635,1,3.4450531005859375
25388.355,9,1,1,stimulusMovement,1,-0.8923965390357705,0.42074430733919144,1,3.3145751953125,1,-0.6722100045945909,0.45411939173936844,1,3.39892578125
25405.022,9,1,1,stimulusMovement,1,-0.8785888221528795,0.42998842895030975,1,3.2770538330078125,1,-0.6312461164262559,0.4176730811595917,1,3.42584228515625
25421.689,9,1,1,stimulusMovement,1,-0.8714572058783636,0.42661692202091217,1,3.3267974853515625,1,-0.6458937062157525,0.43771985173225403,1,3.4565887451171875
25438.355,9,1,1,stimulusMovement,1,-0.8802444438139597,0.42598650604486465,1,3.2710113525390625,1,-0.6373150083753797,0.4307675436139107,1,3.4220123291015625
25455.022,9,1,1,stimulusMovement,1,-0.8623199810584385,0.42948462069034576,1,3.314117431640625,1,-0.6307047737969292,0.4445985294878483,1,3.432647705078125
25471.689,9,1,1,stimulusMovement,1,-0.8499876293871137,0.41781095415353775,1,3.2791595458984375,1,-0.6560725106133355,0.44223740696907043,1,3.4099884033203125
25488.355,9,1,1,stimulusMovement,1,-0.8641703476508458,0.4391319751739502,1,3.2694091796875,1,-0.643455982208252,0.4710208084434271,1,3.3792572021484375
25505.022,9,1,1,stimulusMovement,1,-0.8757282950811915,0.43093670904636383,1,3.2903594970703125,1,-0.6395237180921766,0.453985121101141,1,3.4268035888671875
25521.689,9,1,1,stimulusMovement,1,-0.8586032324367099,0.44931794703006744,1,3.289581298828125,1,-0.6448862817552354,0.44367971271276474,1,3.3835601806640625
25538.355,9,1,1,stimulusMovement,1,-0.8657733963595495,0.41104453802108765,1,3.3298187255859375,1,-0.6493209203084309,0.4462932161986828,1,3.410369873046875
25555.022,9,1,1,stimulusMovement,1,-0.8652412361568874,0.4388108626008034,1,3.3212432861328125,1,-0.6417856216430664,0.4405486583709717,1,3.405059814453125
25571.689,9,1,1,stimulusMovement,1,-0.859368817673789,0.4253198951482773,1,3.3277740478515625,1,-0.6451143688625759,0.4495140537619591,1,3.4255218505859375
25588.355,9,1,1,stimulusMovement,1,-0.8568072319030762,0.4170253276824951,1,3.29425048828125,1,-0.6509027481079102,0.4382762052118778,1,3.3950653076171875
25605.022,9,1,1,stimulusMovement,1,-0.8726536217663022,0.39829759299755096,1,3.353759765625,1,-0.6579354604085286,0.4865684751421213,1,3.375244140625
25621.689,9,1,1,stimulusMovement,1,-0.8811264990104569,0.42194604873657227,1,3.3277130126953125,1,-0.6558581723107232,0.47118205949664116,1,3.36273193359375
25638.355,9,1,1,stimulusMovement,1,-0.8891134953333272,0.4291168600320816,1,3.31451416015625,1,-0.6506211492750379,0.45488739758729935,1,3.4288482666015625
25655.022,9,1,1,stimulusMovement,1,-0.8771988327304522,0.4075821042060852,1,3.3240966796875,1,-0.6554696559906006,0.44571569189429283,1,3.440093994140625
25671.689,9,1,1,stimulusMovement,1,-0.8787120481332142,0.4056520164012909,1,3.36761474609375,1,-0.6308614412943522,0.45164934918284416,1,3.376129150390625
25688.355,9,1,1,stimulusMovement,1,-0.8667363607221179,0.42236173152923584,1,3.3690185546875,1,-0.6536830266316731,0.43701597303152084,1,3.4369659423828125
25705.022,9,1,1,stimulusMovement,1,-0.8802449504534403,0.42717820405960083,1,3.3382568359375,1,-0.6430499818589952,0.44751453399658203,1,3.3593292236328125
25721.689,9,1,1,stimulusMovement,1,-0.8991453283362918,0.43843382224440575,1,3.351654052734375,1,-0.6365663210550944,0.4488915391266346,1,3.3545074462890625
25738.355,9,1,1,stimulusMovement,1,-0.8753150519397523,0.4134468734264374,1,3.37890625,1,-0.639843569861518,0.4447035863995552,1,3.4062652587890625
25755.022,9,1,1,stimulusMovement,1,-0.8763135431541337,0.44380155950784683,1,3.308441162109375,0,nan,nan,0,nan
25771.689,9,1,1,stimulusMovement,1,-0.8787621110677719,0.4412514641880989,1,3.3271331787109375,0,nan,nan,0,nan
25788.355,9,1,1,stimulusMovement,1,-0.8604685134357876,0.4255753234028816,1,3.2819671630859375,1,-0.6253270043267144,0.4485737048089504,1,3.417694091796875
25805.022,9,1,1,stimulusMovement,1,-0.8996803926097021,0.43462932109832764,1,3.3759307861328125,1,-0.6396102375454372,0.44695015996694565,1,3.429443359375
25821.689,9,1,1,stimulusMovement,1,-0.8617473741372426,0.4127820134162903,1,3.350433349609375,1,-0.6427185270521375,0.4545722045004368,1,3.391357421875
25838.355,9,1,1,stimulusMovement,1,-0.8881666672726471,0.4262925535440445,1,3.3727264404296875,1,-0.6150578392876519,0.42043741047382355,1,3.414459228515625
25855.022,9,1,1,stimulusMovement,1,-0.8635441197289361,0.4311077743768692,1,3.3023681640625,1,-0.6276718775431315,0.4246898293495178,1,3.4275970458984375
25871.689,9,1,1,stimulusMovement,1,-0.8855883787489599,0.38946087658405304,1,3.4037017822265625,1,-0.6229421297709147,0.40854328870773315,1,3.44610595703125
25888.355,9,1,1,stimulusMovement,1,-0.8882501704825295,0.41030117124319077,1,3.3645172119140625,1,-0.6303656895955403,0.4041940048336983,1,3.4451141357421875
25905.022,9,1,1,stimulusMovement,1,-0.9033383876085281,0.40930046141147614,1,3.3772125244140625,1,-0.6257920265197754,0.40282709896564484,1,3.4197235107421875
25921.689,9,1,1,stimulusMovement,1,-0.8761991593572828,0.4113953188061714,1,3.3707122802734375,1,-0.6527581479814317,0.4162132292985916,1,3.44976806640625
25938.355,9,1,1,stimulusMovement,1,-0.8718393411901262,0.40936730057001114,1,3.352264404296875,1,-0.6649795373280842,0.4306439757347107,1,3.411651611328125
25955.022,9,1,1,stimulusMovement,1,-0.8622678087817297,0.4046088755130768,1,3.3419036865234375,1,-0.6374302440219455,0.41361966729164124,1,3.42694091796875
25971.689,9,1,1,stimulusMovement,1,-0.8789173935850461,0.40110065042972565,1,3.3727264404296875,1,-0.6614319483439127,0.4002869427204132,1,3.3875732421875
25988.355,9,1,1,stimulusMovement,1,-0.8619322677453358,0.35949593782424927,1,3.4473724365234375,1,-0.6375456386142306,0.4452740177512169,1,3.3541412353515625
26005.022,9,1,1,stimulusMovement,1,-0.8682632380061679,0.391084186732769,1,3.37786865234375,1,-0.6254099739922417,0.39761876314878464,1,3.3929290771484375
26021.689,9,1,1,stimulusMovement,1,-0.8705669177903069,0.40098293125629425,1,3.3902740478515625,1,-0.6304800245496961,0.38904833793640137,1,3.4897613525390625
26038.355,9,1,1,stimulusMovement,1,-0.8641910586092206,0.40180713683366776,1,3.427276611328125,1,-0.6315758228302002,0.44568581879138947,1,3.422149658203125
26055.022,9,1,1,stimulusMovement,1,-0.8752532245384321,0.3921857923269272,1,3.427398681640625,1,-0.6386935445997449,0.39803579449653625,1,3.41290283203125
26071.689,9,1,1,stimulusMovement,1,-0.8739421268304188,0.3823283836245537,1,3.4177703857421875,1,-0.6312730312347412,0.423130065202713,1,3.3883819580078125
26088.355,9,1,1,stimulusMovement,1,-0.8539484871758355,0.41263891756534576,1,3.3855743408203125,1,-0.6381543477376301,0.42484328150749207,1,3.420623779296875
26105.022,9,1,1,stimulusMovement,1,-0.8518775171703762,0.39403802156448364,1,3.4446258544921875,1,-0.6666805744171143,0.4185834378004074,1,3.547027587890625
26121.689,9,1,1,stimulusMovement,1,-0.8573399053679571,0.42482034862041473,1,3.430938720703125,1,-0.6343941158718532,0.41379062831401825,1,3.367767333984375
26138.355,9,1,1,stimulusMovement,1,-0.8700316978825463,0.42383844405412674,1,3.4000701904296875,1,-0.6157458623250325,0.41533273458480835,1,3.4290618896484375
26155.022,9,1,1,stimulusMovement,1,-0.8622353143162197,0.39751842617988586,1,3.4113006591796875,1,-0.6306925879584419,0.4096785932779312,1,3.50830078125
26171.689,9,1,1,stimulusMovement,1,-0.8690891050630145,0.3959152400493622,1,3.4365234375,0,nan,nan,0,nan
26188.355,9,1,1,stimulusMovement,1,-0.855609913667043,0.3831181973218918,1,3.42724609375,1,-0.6260519027709961,0.4128010720014572,1,3.4100799560546875
26205.022,9,1,1,fixation,1,-0.865737368663152,0.393988735973835,1,3.3761749267578125,1,-0.6241143014695909,0.4140949919819832,1,3.3930816650390625
26221.689,9,1,1,fixation,1,-0.8374992410341898,0.3630310148000717,1,3.09698486328125,0,nan,nan,0,nan
26238.355,9,1,1,fixation,0,nan,nan,0,nan,0,nan,nan,0,nan
26255.022,9,1,1,fixation,1,-0.8811736934714847,0.40149344503879547,1,3.41558837890625,1,-0.6469759411282009,0.43077452480793,1,3.4622650146484375
26271.689,9,1,1,fixation,0,nan,nan,0,nan,1,-0.6169670422871907,0.3328738659620285,1,3.0439453125
26288.355,9,1,1,fixation,0,nan,nan,0,nan,0,nan,nan,0,nan
26305.022,9,1,1,fixation,1,-0.8746672322352727,0.41155385971069336,1,3.38916015625,1,-0.6541978253258599,0.4272332563996315,1,3.453094482421875
26321.689,9,1,1,fixation,1,-0.8300656543837652,0.3659925311803818,1,3.09765625,1,-0.6271657148996989,0.36801446974277496,1,3.044677734375
26338.355,9,1,1,fixation,0,nan,nan,0,nan,0,nan,nan,0,nan
26355.022,9,1,1,fixation,1,-0.8658673084444469,0.41669808328151703,1,3.4058685302734375,1,-0.6605501174926758,0.4277917519211769,1,3.4824676513671875
26371.689,9,1,1,fixation,1,-0.8396749562687343,0.37194764614105225,1,3.0947265625,1,-0.6304755740695529,0.3683236688375473,1,3.0566864013671875
26388.355,9,1,1,fixation,0,nan,nan,0,nan,0,nan,nan,0,nan
26405.022,9,1,1,fixation,1,-0.8728313545385996,0.38446613401174545,1,3.456085205078125,1,-0.6486756536695691,0.43019966781139374,1,3.476959228515625
26421.689,9,1,1,fixation,1,-0.8356911738713582,0.3709482103586197,1,3.1126861572265625,1,-0.6354635026719835,0.3776303753256798,1,3.0536041259765625
26438.355,9,1,1,fixation,0,nan,nan,0,nan,0,nan,nan,0,nan
26455.022,9,1,1,fixation,1,-0.8619896703296237,0.3760480582714081,1,3.464874267578125,1,-0.640044821633233,0.4251582399010658,1,3.4058380126953125
26471.689,9,1,1,fixation,1,-0.8344737688700358,0.3762725591659546,1,3.079132080078125,1,-0.6344021426306831,0.3669777810573578,1,3.0236663818359375
26488.355,9,1,1,fixation,0,nan,nan,0,nan,0,nan,nan,0,nan
26505.022,9,1,1,fixation,1,-0.875029542379909,0.42210861295461655,1,3.3671417236328125,1,-0.6539124382866753,0.4721231386065483,1,3.3860626220703125
26521.689,9,1,1,fixation,1,-0.8403876357608371,0.3801566809415817,1,3.0829315185546875,1,-0.6402436892191569,0.3882316052913666,1,3.0262603759765625
26538.355,9,1,1,fixation,0,nan,nan,0,nan,0,nan,nan,0,nan
26555.022,9,1,1,fixation,1,-0.8606686294078827,0.39228682219982147,1,3.3929901123046875,1,-0.6652833355797662,0.4242052882909775,1,3.4906005859375
26571.689,9,1,1,fixation,1,-0.8344369563791486,0.3761558383703232,1,3.0853424072265625,1,-0.6372885704040527,0.3813220411539078,1,3.0238800048828125
26588.355,9,1,1,fixation,0,nan,nan,0,nan,0,nan,nan,0,nan
26605.022,9,1,1,fixation,1,-0.8812435194849968,0.4173669070005417,1,3.389923095703125,1,-0.6757352087232801,0.4783625453710556,1,3.4159088134765625
26621.689,9,1,1,fixation,1,-0.8422263264656067,0.38638319820165634,1,3.078033447265625,1,-0.651368776957194,0.3906956613063812,1,3.043212890625
26638.355,9,1,1,fixation,0,nan,nan,0,nan,0,nan,nan,0,nan
26655.022,9,1,1,fixation,1,-0.8825115205513105,0.39478953182697296,1,3.43084716796875,1,-0.658820629119873,0.4251900091767311,1,3.4817047119140625
26671.689,9,1,1,fixation,1,-0.8469791677263048,0.3840174302458763,1,3.0872802734375,1,-0.6575296719868977,0.3985082805156708,1,3.0372772216796875
26688.355,9,1,1,fixation,0,nan,nan,0,nan,0,nan,nan,0,nan
26705.022,9,1,1,fixation,1,-0.886409800292717,0.40404342859983444,1,3.3929443359375,1,-0.675391674041748,0.41860900819301605,1,3.5662841796875
26721.689,9,1,1,fixation,1,-0.8459366891119214,0.3820102885365486,1,3.0771331787109375,1,-0.6595521238115098,0.3999222218990326,1,3.0292816162109375
26738.355,9,1,1,fixation,0,nan,nan,0,nan,0,nan,nan,0,nan
26755.022,9,1,1,fixation,1,-0.8850786777006254,0.4382955804467201,1,3.345794677734375,1,-0.6421978738572862,0.44672710448503494,1,3.40130615234375
26771.689,9,1,1,fixation,1,-0.8454925119876862,0.37829627841711044,1,3.07574462890625,1,-0.6470026440090603,0.3704921305179596,1,3.0214691162109375
26788.355,9,1,1,fixation,0,nan,nan,0,nan,0,nan,nan,0,nan
26805.022,9,1,1,fixation,1,-0.881290520230929,0.4125450551509857,1,3.3724822998046875,1,-0.6501966052585177,0.45915721356868744,1,3.3551788330078125
26821.689,9,1,1,fixation,1,-0.834109495083491,0.3661097288131714,1,3.070159912109375,1,-0.6407149632771809,0.3511492609977722,1,3.02703857421875
26838.355,9,1,1,fixation,0,nan,nan,0,nan,0,nan,nan,0,nan
26855.022,9,1,1,fixation,1,-0.9029534939262601,0.41196513175964355,1,3.3777313232421875,1,-0.6651335292392306,0.43790586292743683,1,3.4040374755859375
26871.689,9,1,1,fixation,1,-0.8408536977238125,0.382751889526844,1,3.0682220458984375,1,-0.6583952638838025,0.3858700543642044,1,3.0099945068359375
26888.355,9,1,1,fixation,0,nan,nan,0,nan,0,nan,nan,0,nan
26905.022,9,1,1,fixation,1,-0.8735596454805797,0.41906438767910004,1,3.35015869140625,1,-0.6589547793070475,0.46235378831624985,1,3.392364501953125
26921.689,9,1,1,fixation,1,-0.8309076229731241,0.35988643765449524,1,3.060272216796875,1,-0.6428986655341254,0.36044010519981384,1,3.021942138671875
26938.355,9,1,1,fixation,0,nan,nan,0,nan,0,nan,nan,0,nan
26955.022,9,1,1,fixation,1,-0.8698803153302934,0.40157458186149597,1,3.39910888671875,1,-0.6645449002583821,0.44030651450157166,1,3.4853057861328125
26971.689,9,1,1,fixation,1,-0.8388537764549255,0.3832927793264389,1,3.0649566650390625,1,-0.6430607901679145,0.3713705539703369,1,3.0159912109375
26988.355,9,1,1,fixation,0,nan,nan,0,nan,0,nan,nan,0,nan
27005.022,9,1,1,fixation,1,-0.8806250302328004,0.4290778636932373,1,3.35968017578125,0,nan,nan,0,nan
27021.689,9,1,1,fixation,1,-0.8347231878174676,0.368014320731163,1,3.0812530517578125,1,-0.6370759540134006,0.3518165796995163,1,3.0456085205078125
27038.355,9,1,1,fixation,0,nan,nan,0,nan,0,nan,nan,0,nan
27055.022,9,1,1,fixation,1,-0.8781938312782182,0.4304083436727524,1,3.3855438232421875,1,-0.6556410524580213,0.4244873449206352,1,3.5126190185546875
27071.689,9,1,1,fixation,1,-0.8339531554116143,0.3737993836402893,1,3.0933990478515625,1,-0.6469654507107204,0.3857954293489456,1,3.0548858642578125
27088.355,9,1,1,fixation,0,nan,nan,0,nan,0,nan,nan,0,nan
27105.022,9,1,1,fixation,1,-0.8993904168407122,0.4081896170973778,1,3.4968414306640625,1,-0.6588752799563937,0.42032722383737564,1,3.54058837890625
27121.689,9,1,1,fixation,1,-0.8382292456097072,0.376388281583786,1,3.1203155517578125,1,-0.6464192867279053,0.38324040174484253,1,3.079010009765625
27138.355,9,1,1,fixation,0,nan,nan,0,nan,0,nan,nan,0,nan
27155.022,9,1,1,fixation,1,-0.7135496669345431,0.41419295966625214,1,3.495086669921875,1,-0.439208984375,0.39699627459049225,1,3.514984130859375
27171.689,9,1,1,fixation,1,-0.34049034118652344,0.35874953866004944,1,3.18157958984375,1,-0.08140733506944443,0.3050127178430557,1,3.097015380859375
27188.355,9,1,1,fixation,0,nan,nan,0,nan,0,nan,nan,0,nan
27205.022,9,1,1,fixation,1,0.24258942074245876,0.30210259556770325,1,3.53363037109375,1,0.45075416564941406,0.2844347655773163,1,3.4091033935546875
27221.689,9,1,1,fixation,1,0.3678790198432074,0.26595816016197205,1,3.1703643798828125,1,0.5726019541422526,0.22979086637496948,1,3.090606689453125
27238.355,9,1,1,stimulusMovement,0,nan,nan,0,nan,0,nan,nan,0,nan
27255.022,9,1,1,stimulusMovement,1,0.47815269894070095,0.18410322070121765,1,3.745391845703125,1,0.656428337097168,0.2374439537525177,1,3.4111785888671875
27271.689,9,1,1,stimulusMovement,1,0.4619070688883463,0.23490706086158752,1,3.6622467041015625,1,0.6622926923963758,0.22549426555633545,1,3.5097808837890625
27288.355,9,1,1,stimulusMovement,1,0.4858947330050998,0.2467104196548462,1,3.6257476806640625,1,0.6605790456136067,0.24265405535697937,1,3.4727935791015625
27305.022,9,1,1,stimulusMovement,1,0.47851435343424475,0.26601868867874146,1,3.5919036865234375,1,0.6626512739393445,0.24172794818878174,1,3.5391387939453125
27321.689,9,1,1,stimulusMovement,1,0.490255249871148,0.22654655575752258,1,3.7306671142578125,1,0.6506665547688801,0.2738175243139267,1,3.45721435546875
27338.355,9,1,1,stimulusMovement,1,0.4881894853379991,0.26812608540058136,1,3.645416259765625,1,0.677334255642361,0.2517392933368683,1,3.493072509765625
27355.022,9,1,1,stimulusMovement,1,0.46763727400037974,0.2772074192762375,1,3.650390625,1,0.675620502895779,0.25664830207824707,1,3.5390167236328125
27371.689,9,1,1,stimulusMovement,1,0.4801627265082465,0.2454954981803894,1,3.6724395751953125,1,0.6808857387966579,0.2862871438264847,1,3.4429931640625
27388.356,9,1,1,stimulusMovement,1,0.47496361202663845,0.17838087677955627,1,3.8814697265625,1,0.6849839952256944,0.2671044170856476,1,3.516510009765625
27405.023,9,1,1,stimulusMovement,1,0.4838155110677083,0.2928810119628906,1,3.6659393310546875,1,0.6785458458794488,0.21935510635375977,1,3.5652923583984375
27421.69,9,1,1,stimulusMovement,1,0.4878012339274088,0.2811402529478073,1,3.5865936279296875,1,0.6757304933336046,0.3027254194021225,1,3.5164031982421875
27438.356,9,1,1,stimulusMovement,1,0.490698496500651,0.27922573685646057,1,3.619598388671875,1,0.6952944861518012,0.31182485818862915,1,3.5016021728515625
27455.023,9,1,1,stimulusMovement,1,0.4759946399264865,0.26851212978363037,1,3.6714630126953125,1,0.5948419570922852,0.25439319014549255,1,3.76605224609375
27471.691,9,1,1,stimulusMovement,1,0.48124535878499347,0.27554836869239807,1,3.6290283203125,1,0.6852043999565972,0.25574013590812683,1,3.5432281494140625
27488.357,9,1,1,stimulusMovement,1,0.4836273193359375,0.2688256949186325,1,3.6235809326171875,1,0.6783470577663845,0.26186802983283997,1,3.546966552734375
27505.024,9,1,1,stimulusMovement,1,0.48204125298394096,0.28361013531684875,1,3.60113525390625,1,0.6701864666408962,0.24080586433410645,1,3.5899505615234375
27521.691,9,1,1,stimulusMovement,1,0.47758007049560547,0.264578253030777,1,3.6633453369140625,1,0.673291524251302,0.2450399398803711,1,3.5717926025390625
27538.358,9,1,1,stimulusMovement,1,0.486909442477756,0.26752515137195587,1,3.5955047607421875,1,0.6707966062757703,0.2518713176250458,1,3.488800048828125
27555.025,9,1,1,stimulusMovement,1,0.4761377970377604,0.27708637714385986,1,3.532012939453125,1,0.6806435055202907,0.2419140338897705,1,3.4544830322265625
27571.692,9,1,1,stimulusMovement,1,0.469239764743381,0.2681744247674942,1,3.5482635498046875,1,0.669319364759657,0.24047839641571045,1,3.4601593017578125
27588.358,9,1,1,stimulusMovement,0,nan,nan,0,nan,1,0.6637836032443576,0.2393684983253479,1,3.4546356201171875
27605.025,9,1,1,stimulusMovement,1,0.4555332395765516,0.2278975248336792,1,3.5796356201171875,1,0.6686274210611979,0.27430689334869385,1,3.41668701171875
27621.693,9,1,1,stimulusMovement,1,0.4758066601223416,0.27893900871276855,1,3.4954681396484375,1,0.6784903208414713,0.2646457403898239,1,3.4600982666015625
27638.359,9,1,1,stimulusMovement,1,0.4628823598225911,0.27308325469493866,1,3.45257568359375,1,0.6661318673027886,0.24031215906143188,1,3.45556640625
27655.026,9,1,1,stimulusMovement,1,0.47696537441677517,0.2523719072341919,1,3.4473876953125,1,0.6506681442260742,0.24071913957595825,1,3.4326629638671875
27671.693,9,1,1,stimulusMovement,1,0.4713651869032118,0.23100361227989197,1,3.5229339599609375,1,0.6725226508246528,0.23282724618911743,1,3.5187835693359375
27688.36,9,1,1,stimulusMovement,1,0.48365465799967444,0.23817062377929688,1,3.4631500244140625,1,0.6525344848632812,0.2705472856760025,1,3.41156005859375
27705.027,9,1,1,stimulusMovement,1,0.48371293809678817,0.24622249603271484,1,3.480743408203125,1,0.6921138763427734,0.19666552543640137,1,3.4845733642578125
27721.694,9,1,1,stimulusMovement,1,0.47754330105251735,0.22974944114685059,1,3.5142364501953125,1,0.6609485414293077,0.24450892210006714,1,3.406524658203125
27738.36,9,1,1,stimulusMovement,1,0.4902581108940972,0.24604836106300354,1,3.4316864013671875,1,0.6774041917588975,0.22687429189682007,1,3.4423980712890625
27755.027,9,1,1,stimulusMovement,1,0.48717191484239364,0.2291509509086609,1,3.476287841796875,1,0.6738113827175564,0.24878734350204468,1,3.3921966552734375
27771.695,9,1,1,stimulusMovement,1,0.48285484313964844,0.2445462942123413,1,3.4141387939453125,1,0.6724574830796983,0.23793327808380127,1,3.4492645263671875
27788.361,9,1,1,stimulusMovement,1,0.4905473921034071,0.21755826473236084,1,3.465362548828125,1,0.6752652062310113,0.24549105763435364,1,3.3912811279296875
27805.028,9,1,1,stimulusMovement,1,0.46937306722005206,0.2106042504310608,1,3.4757232666015625,1,0.6539351145426432,0.2503589242696762,1,3.412567138671875
27821.695,9,1,1,stimulusMovement,1,0.47658814324273,0.23928210139274597,1,3.464630126953125,1,0.6684515211317273,0.22538632154464722,1,3.447723388671875
27838.362,9,1,1,stimulusMovement,1,0.4950084686279297,0.23493421077728271,1,3.48907470703125,1,0.6719640096028645,0.22189933061599731,1,3.4400482177734375
27855.029,9,1,1,stimulusMovement,1,0.490492926703559,0.23385819792747498,1,3.4540863037109375,1,0.6370794508192273,0.23031678795814514,1,3.463287353515625
27871.696,9,1,1,stimulusMovement,1,0.47945001390245223,0.22391203045845032,1,3.41693115234375,1,0.6478683683607313,0.22759050130844116,1,3.4130401611328125
27888.362,9,1,1,stimulusMovement,1,0.4648704528808594,0.1566847860813141,1,3.6102752685546875,1,0.667661878797743,0.2391066551208496,1,3.459320068359375
27905.03,9,1,1,stimulusMovement,1,0.4833268059624566,0.2091779112815857,1,3.4687957763671875,1,0.664812405904134,0.2671925872564316,1,3.4007720947265625
27921.697,9,1,1,stimulusMovement,1,0.47949579026963973,0.2101787030696869,1,3.5438232421875,1,0.6824423472086588,0.25250133872032166,1,3.4251708984375
27938.363,9,1,1,stimulusMovement,1,0.4865707821316189,0.1989608108997345,1,3.50787353515625,1,0.6796334584554036,0.22632575035095215,1,3.4971771240234375
27955.03,9,1,1,stimulusMovement,1,0.47090170118543834,0.17091214656829834,1,3.6118011474609375,1,0.6742704179551866,0.19896501302719116,1,3.482421875
27971.697,9,1,1,stimulusMovement,1,0.47185516357421875,0.19184601306915283,1,3.5096893310546875,1,0.6650966008504231,0.198802649974823,1,3.5043792724609375
27988.364,9,1,1,stimulusMovement,1,0.45652516682942706,0.18946707248687744,1,3.5160675048828125,1,0.6782350540161133,0.2114616334438324,1,3.4771881103515625
28005.031,9,1,1,stimulusMovement,1,0.4254830678304036,0.17345160245895386,1,3.44610595703125,1,0.6414177152845594,0.182806134223938,1,3.4913177490234375
28021.698,9,1,1,stimulusMovement,1,0.16157616509331596,-0.05975908041000366,1,3.5070343017578125,1,0.4198033014933268,0.01732131838798523,1,3.41455078125
28038.364,9,1,1,stimulusMovement,1,0.011120054456922742,-0.1264972686767578,1,3.4438323974609375,1,0.2641717063056098,-0.03306889533996582,1,3.4189453125
28055.032,9,1,1,stimulusMovement,1,-0.020911216735839844,-0.15754127502441406,1,3.4749603271484375,1,0.22307798597547743,-0.05474931001663208,1,3.4481353759765625
28071.699,9,1,1,stimulusMovement,1,-0.04145622253417969,-0.18308144807815552,1,3.6016998291015625,1,0.2253246307373047,-0.0627211332321167,1,3.37628173828125
28088.365,9,1,1,stimulusMovement,1,0.02191776699490017,-0.16242057085037231,1,3.4246673583984375,1,0.21922938028971353,-0.10058623552322388,1,3.47589111328125
28105.032,9,1,1,stimulusMovement,1,-0.034078756968180336,-0.33073413372039795,1,3.912322998046875,0,nan,nan,0,nan
28121.7,9,1,1,stimulusMovement,1,-0.0050811767578125,-0.1643086075782776,1,3.4275970458984375,0,nan,nan,0,nan
28138.366,9,1,1,stimulusMovement,1,-0.005786524878607855,-0.16404563188552856,1,3.3976593017578125,1,0.2484935124715169,-0.0853000283241272,1,3.4401397705078125
28155.033,9,1,1,stimulusMovement,0,nan,nan,0,nan,0,nan,nan,0,nan
28171.7,9,1,1,stimulusMovement,1,-0.006867196824815538,-0.17769694328308105,1,3.446014404296875,1,0.23252550760904947,-0.07826507091522217,1,3.3673095703125
28188.366,9,1,1,stimulusMovement,1,-0.009666760762532551,-0.19276046752929688,1,3.542083740234375,1,0.253164185418023,-0.07062721252441406,1,3.3850860595703125
28205.034,9,1,1,stimulusMovement,1,-0.018866486019558374,-0.17270243167877197,1,3.4642181396484375,1,0.23046832614474824,-0.0765373706817627,1,3.3460845947265625
28221.701,9,1,1,stimulusMovement,1,-0.03232987721761067,-0.21536028385162354,1,3.5618133544921875,0,nan,nan,0,nan
28238.367,9,1,1,stimulusMovement,1,-0.02475945154825846,-0.1911020278930664,1,3.47796630859375,1,0.2395873599582248,-0.09905493259429932,1,3.3809967041015625
28255.034,9,1,1,stimulusMovement,1,-0.01950444115532769,-0.21259456872940063,1,3.5172882080078125,1,0.2521853976779514,-0.09577512741088867,1,3.370208740234375
28271.702,9,1,1,stimulusMovement,1,-0.023010995652940538,-0.1786644458770752,1,3.433746337890625,1,0.2232672373453776,-0.10682129859924316,1,3.33929443359375
28288.368,9,1,1,stimulusMovement,1,-0.018746323055691187,-0.1680963635444641,1,3.399261474609375,1,0.24758508470323348,-0.11121928691864014,1,3.3469390869140625
28305.035,9,1,1,stimulusMovement,1,0.0034236907958984375,-0.1807524561882019,1,3.3524932861328125,1,0.2182689242892795,-0.12028801441192627,1,3.427337646484375
28321.702,9,1,1,stimulusMovement,1,-0.01741642422146267,-0.19159841537475586,1,3.41326904296875,1,0.25057877434624565,-0.10579800605773926,1,3.343505859375
28338.369,9,1,1,stimulusMovement,1,-0.004574245876736111,-0.1951180100440979,1,3.3651123046875,0,nan,nan,0,nan
28355.036,9,1,1,stimulusMovement,1,-0.004324171278211805,-0.17690813541412354,1,3.3271636962890625,1,0.2355110380384657,-0.1162378191947937,1,3.329833984375
28371.703,9,1,1,stimulusMovement,1,-0.02114211188422309,-0.22468149662017822,1,3.4604339599609375,1,0.251867930094401,-0.11701607704162598,1,3.37176513671875
28388.369,9,1,1,stimulusMovement,1,-0.019229994879828557,-0.20380795001983643,1,3.368896484375,1,0.2398037380642361,-0.14788776636123657,1,3.434539794921875
28405.037,9,1,1,stimulusMovement,1,-0.011266602410210503,-0.18593990802764893,1,3.3090362548828125,1,0.23230955335828993,-0.13222646713256836,1,3.319610595703125
28421.704,9,1,1,stimulusMovement,1,-0.031384574042426214,-0.2689417004585266,1,3.518890380859375,1,0.24473677741156682,-0.1350829005241394,1,3.3283538818359375
28438.37,9,1,1,stimulusMovement,1,-0.023937967088487413,-0.1860523223876953,1,3.30548095703125,1,0.2491769790649414,-0.12339222431182861,1,3.239959716796875
28455.037,9,1,1,stimulusMovement,1,0.04915438758002387,-0.2864498496055603,1,3.4967193603515625,1,0.06650829315185547,-0.19371098279953003,1,3.2642974853515625
28471.705,9,1,1,stimulusMovement,1,0.017395973205566406,-0.21119749546051025,1,3.3000640869140625,1,0.045828713311089404,-0.20402765274047852,1,3.263946533203125
28488.371,9,1,1,stimulusMovement,1,0.04434426625569661,-0.16884785890579224,1,2.8160247802734375,1,0.05189026726616753,-0.15398287773132324,1,2.89056396484375
28505.038,9,1,1,stimulusMovement,1,0.041811095343695745,-0.16912955045700073,1,2.8140411376953125,1,0.04960346221923828,-0.15984535217285156,1,2.894927978515625
28521.705,9,1,1,stimulusMovement,1,0.043571684095594615,-0.17045968770980835,1,2.8176727294921875,1,0.054953681098090276,-0.15240710973739624,1,2.8863067626953125
