timestamp,ID,expOrder,trialNumber,event,lv,lx,ly,lpv,lps,rv,rx,ry,rpv,rps
8.635,10,1,1,stimulusMovement,1,-0.08209896087646484,0.05072909593582153,1,2.8025970458984375,1,0.16126505533854166,0.04007923603057861,1,2.583984375
25.284,10,1,1,stimulusMovement,1,-0.07764540778266059,0.050665438175201416,1,2.82025146484375,1,0.1616581810845269,0.038032203912734985,1,2.59625244140625
41.934,10,1,1,stimulusMovement,1,-0.0667422612508138,0.03420424461364746,1,2.7902374267578125,1,0.16395653618706596,0.041905999183654785,1,2.6030426025390625
58.593,10,1,1,stimulusMovement,1,-0.06022156609429253,0.04600211977958679,1,2.74652099609375,1,0.16309208340115017,0.03143709897994995,1,2.5712890625
75.256,10,1,1,stimulusMovement,1,-0.07558976279364692,0.04409661889076233,1,2.7542572021484375,1,0.15557893117268878,0.03604245185852051,1,2.5577850341796875
91.921,10,1,1,stimulusMovement,1,-0.07162804073757595,0.03504064679145813,1,2.7443084716796875,1,0.15551461113823783,0.03559982776641846,1,2.54888916015625
108.585,10,1,1,stimulusMovement,1,-0.07669602500067817,0.04736447334289551,1,2.735076904296875,1,0.15100076463487414,0.03511089086532593,1,2.549468994140625
125.248,10,1,1,stimulusMovement,1,-0.07424778408474392,0.03768986463546753,1,2.7162628173828125,1,0.16070493062337238,0.03208315372467041,1,2.5565643310546875
141.913,10,1,1,stimulusMovement,1,-0.07465055253770615,0.060468077659606934,1,2.7177886962890625,1,0.15346897972954643,0.045551598072052,1,2.511749267578125
158.577,10,1,1,stimulusMovement,1,-0.06944296095106336,0.042602717876434326,1,2.682281494140625,1,0.15417586432562932,0.04417663812637329,1,2.5119171142578125
175.24,10,1,1,stimulusMovement,1,-0.08837122387356228,0.0490991473197937,1,2.67376708984375,1,0.15747027926974824,0.038463324308395386,1,2.49700927734375
191.907,10,1,1,stimulusMovement,1,-0.06598043441772461,0.043683767318725586,1,2.644805908203125,1,0.1587390899658203,0.023347139358520508,1,2.51611328125
208.576,10,1,1,stimulusMovement,1,-0.07332192526923285,0.0516931414604187,1,2.648101806640625,1,0.16500218709309894,0.028243660926818848,1,2.4767608642578125
225.245,10,1,1,stimulusMovement,1,-0.08142677942911783,0.04653233289718628,1,2.6181793212890625,1,0.1572350396050347,0.03846246004104614,1,2.450836181640625
241.913,10,1,1,stimulusMovement,1,-0.07700528038872613,0.0351085364818573,1,2.63836669921875,1,0.15465079413519964,0.03147691488265991,1,2.4427337646484375
258.578,10,1,1,stimulusMovement,1,-0.07482231987847222,0.045826494693756104,1,2.59088134765625,1,0.1547618442111545,0.035015106201171875,1,2.4389190673828125
275.242,10,1,1,stimulusMovement,1,-0.06034474902682834,0.0475519597530365,1,2.589019775390625,1,0.15773582458496094,0.03242868185043335,1,2.459503173828125
291.913,10,1,1,stimulusMovement,1,-0.08658281962076822,0.042976588010787964,1,2.6173095703125,1,0.15035745832655165,0.0338137149810791,1,2.436981201171875
308.59,10,1,1,stimulusMovement,1,-0.07198794682820638,0.04258674383163452,1,2.5685272216796875,1,0.16140090094672307,0.03764700889587402,1,2.4211883544921875
325.266,10,1,1,stimulusMovement,1,-0.08635467953152126,0.04125940799713135,1,2.58294677734375,1,0.15571339925130206,0.03728753328323364,1,2.39593505859375
341.938,10,1,1,stimulusMovement,1,-0.08386754989624023,0.044418007135391235,1,2.6236419677734375,1,0.15441661410861543,0.035342633724212646,1,2.3986053466796875
358.605,10,1,1,stimulusMovement,1,-0.0593873659769694,0.04460674524307251,1,2.5747528076171875,1,0.15989706251356336,0.03923103213310242,1,2.411468505859375
375.27,10,1,1,stimulusMovement,1,-0.07666842142740884,0.054170459508895874,1,2.5670928955078125,1,0.16552533043755424,0.03949803113937378,1,2.3916015625
391.938,10,1,1,stimulusMovement,1,-0.07048426734076606,0.04436850547790527,1,2.5648956298828125,1,0.16551378038194445,0.035560667514801025,1,2.406768798828125
408.609,10,1,1,stimulusMovement,1,-0.08631298277113172,0.03501453995704651,1,2.5898895263671875,1,0.15181552039252386,0.041142165660858154,1,2.3685302734375
425.279,10,1,1,stimulusMovement,1,-0.07480706108940972,0.05488091707229614,1,2.494140625,1,0.14729457431369355,0.033134400844573975,1,2.3580322265625
441.948,10,1,1,stimulusMovement,1,-0.07626443439059787,0.0481543242931366,1,2.501922607421875,1,0.15708658430311415,0.0365031361579895,1,2.355712890625
458.615,10,1,1,stimulusMovement,1,-0.08234124713473849,0.042259275913238525,1,2.50396728515625,1,0.15180704328748915,0.03294667601585388,1,2.3542938232421875
475.281,10,1,1,stimulusMovement,1,-0.07152011659410264,0.03917810320854187,1,2.512359619140625,1,0.1523191663953993,0.03297996520996094,1,2.33319091796875
491.948,10,1,1,stimulusMovement,1,-0.08499473995632595,0.04133415222167969,1,2.4774932861328125,1,0.14886527591281465,0.03437739610671997,1,2.3167266845703125
508.618,10,1,1,stimulusMovement,1,-0.06908565097384982,0.05145770311355591,1,2.479949951171875,1,0.15383402506510416,0.03439009189605713,1,2.36090087890625
525.286,10,1,1,stimulusMovement,1,-0.0779478285047743,0.03336888551712036,1,2.482086181640625,1,0.15395641326904297,0.0343136191368103,1,2.325927734375
541.955,10,1,1,stimulusMovement,1,-0.07906977335611978,0.036804765462875366,1,2.4696807861328125,1,0.14298990037706164,0.043677330017089844,1,2.2999420166015625
558.621,10,1,1,stimulusMovement,1,-0.06382030910915798,0.03195574879646301,1,2.4987945556640625,1,0.13945876227484807,0.03396230936050415,1,2.352935791015625
575.288,10,1,1,stimulusMovement,1,-0.07878255844116211,0.03812393546104431,1,2.4979705810546875,1,0.1439685821533203,0.030848026275634766,1,2.325225830078125
591.956,10,1,1,stimulusMovement,1,-0.05950270758734809,0.04335218667984009,1,2.446258544921875,1,0.1442139943440755,0.032872557640075684,1,2.340362548828125
608.625,10,1,1,stimulusMovement,1,-0.05997520022922092,0.043687522411346436,1,2.4583282470703125,1,0.14449225531684026,0.03760087490081787,1,2.3043670654296875
625.294,10,1,1,stimulusMovement,1,-0.07227611541748047,0.030416131019592285,1,2.4207763671875,1,0.15027321709526908,0.03607091307640076,1,2.309661865234375
641.963,10,1,1,stimulusMovement,1,-0.07294935650295681,0.050129473209381104,1,2.4376220703125,1,0.14792198605007595,0.02961355447769165,1,2.2899932861328125
658.63,10,1,1,stimulusMovement,1,-0.06829574373033312,0.046604275703430176,1,2.4056243896484375,1,0.14018281300862628,0.041386932134628296,1,2.3126678466796875
675.296,10,1,1,stimulusMovement,1,-0.06434419420030382,0.053272098302841187,1,2.4205169677734375,1,0.14548153347439235,0.029508471488952637,1,2.28192138671875
691.958,10,1,1,stimulusMovement,1,-0.057747840881347656,0.04037031531333923,1,2.41986083984375,1,0.15182039472791883,0.034529417753219604,1,2.2799072265625
708.618,10,1,1,stimulusMovement,1,-0.07210874557495117,0.037612855434417725,1,2.453582763671875,1,0.14935228559705946,0.028784096240997314,1,2.287933349609375
725.274,10,1,1,stimulusMovement,1,-0.07002094056871201,0.03762871026992798,1,2.412994384765625,1,0.14283201429578993,0.03586071729660034,1,2.2998504638671875
741.937,10,1,1,stimulusMovement,1,-0.07091214921739365,0.03535553812980652,1,2.4168701171875,1,0.15072324540879992,0.0425419807434082,1,2.261627197265625
758.603,10,1,1,stimulusMovement,1,-0.0634507073296441,0.041033923625946045,1,2.4023284912109375,1,0.13480292426215276,0.030362248420715332,1,2.2810211181640625
775.269,10,1,1,stimulusMovement,1,-0.06070635053846571,0.0408550500869751,1,2.4427032470703125,1,0.1460285186767578,0.03240445256233215,1,2.24786376953125
791.934,10,1,1,stimulusMovement,1,-0.06692451900906032,0.043442487716674805,1,2.400146484375,1,0.1551582548353407,0.030739635229110718,1,2.2711029052734375
808.601,10,1,1,stimulusMovement,1,-0.07082674238416883,0.037764132022857666,1,2.4110260009765625,1,0.14952235751681855,0.036682337522506714,1,2.2507171630859375
825.266,10,1,1,stimulusMovement,1,-0.0571860737270779,0.03007492423057556,1,2.4589996337890625,1,0.1436166763305664,0.03052997589111328,1,2.2977294921875
841.933,10,1,1,stimulusMovement,1,-0.08459393183390299,0.041067689657211304,1,2.416259765625,1,0.14906989203559026,0.029860585927963257,1,2.25823974609375
858.599,10,1,1,stimulusMovement,1,-0.06935373942057291,0.03772932291030884,1,2.4114990234375,1,0.155225223965115,0.03506407141685486,1,2.2596893310546875
875.265,10,1,1,stimulusMovement,1,-0.07385566499498154,0.03248053789138794,1,2.4135589599609375,1,0.14309385087754992,0.02641904354095459,1,2.2747344970703125
891.931,10,1,1,stimulusMovement,1,-0.07299380832248263,0.03715592622756958,1,2.4238739013671875,1,0.15785111321343315,0.026141107082366943,1,2.272796630859375
908.599,10,1,1,stimulusMovement,1,-0.07047934002346462,0.04158845543861389,1,2.435638427734375,1,0.14683183034261066,0.04103025794029236,1,2.2574005126953125
925.266,10,1,1,stimulusMovement,1,-0.06857066684299044,0.048492252826690674,1,2.42254638671875,1,0.14665370517306855,0.032510340213775635,1,2.26141357421875
941.934,10,1,1,stimulusMovement,1,-0.0681052737765842,0.043145567178726196,1,2.402435302734375,1,0.1429316202799479,0.035585612058639526,1,2.26348876953125
958.601,10,1,1,stimulusMovement,1,-0.07443163130018446,0.03544911742210388,1,2.4334564208984375,1,0.1477916505601671,0.030587613582611084,1,2.3040313720703125
975.269,10,1,1,stimulusMovement,1,-0.06804201338026258,0.040564656257629395,1,2.4364013671875,1,0.15663750966389972,0.029977351427078247,1,2.2942657470703125
991.936,10,1,1,stimulusMovement,1,-0.08133734597100152,0.02534008026123047,1,2.477508544921875,1,0.14740774366590711,0.030685365200042725,1,2.2653961181640625
1008.603,10,1,1,stimulusMovement,1,-0.08273686303032769,0.04618710279464722,1,2.4369049072265625,1,0.1468293931749132,0.03584352135658264,1,2.269134521484375
1025.268,10,1,1,stimulusMovement,1,-0.07778427335951063,0.042669862508773804,1,2.4464263916015625,1,0.14665518866644964,0.03768497705459595,1,2.311248779296875
1041.935,10,1,1,stimulusMovement,1,-0.07674513922797309,0.04068627953529358,1,2.43548583984375,1,0.14943801032172307,0.03213578462600708,1,2.301971435546875
1058.602,10,1,1,stimulusMovement,1,-0.08267476823594834,0.03902733325958252,1,2.447052001953125,1,0.14172077178955078,0.027025341987609863,1,2.2960205078125
1075.267,10,1,1,stimulusMovement,1,-0.08034918043348524,0.04273808002471924,1,2.464324951171875,1,0.14600626627604166,0.03755819797515869,1,2.301239013671875
1091.934,10,1,1,stimulusMovement,1,-0.08872079849243164,0.041094303131103516,1,2.46978759765625,1,0.13775634765625,0.041316986083984375,1,2.3049774169921875
1108.602,10,1,1,stimulusMovement,1,-0.07849608527289496,0.02571919560432434,1,2.503173828125,1,0.14703051249186197,0.035684287548065186,1,2.33111572265625
1125.268,10,1,1,stimulusMovement,1,-0.0785681406656901,0.04337695240974426,1,2.47845458984375,1,0.15260834164089626,0.025644302368164062,1,2.3588104248046875
1141.936,10,1,1,stimulusMovement,1,-0.07196738984849717,0.038404643535614014,1,2.502593994140625,1,0.1463825437757704,0.030523747205734253,1,2.3203582763671875
1158.604,10,1,1,stimulusMovement,1,-0.07164663738674587,0.04499945044517517,1,2.493988037109375,1,0.14492479960123697,0.03132486343383789,1,2.3274078369140625
1175.271,10,1,1,stimulusMovement,1,-0.07433197233412,0.03534218668937683,1,2.4992218017578125,1,0.13824823167588976,0.02787908911705017,1,2.361846923828125
1191.939,10,1,1,stimulusMovement,1,-0.07981189092000325,0.05078992247581482,1,2.485504150390625,1,0.146617677476671,0.03331902623176575,1,2.354705810546875
1208.607,10,1,1,stimulusMovement,1,-0.07625436782836914,0.04148334264755249,1,2.51885986328125,1,0.1428508758544922,0.04290631413459778,1,2.3452606201171875
1225.274,10,1,1,stimulusMovement,1,-0.06508927875094943,0.04435622692108154,1,2.5063018798828125,1,0.1507222917344835,0.026506155729293823,1,2.3680877685546875
1241.942,10,1,1,stimulusMovement,1,-0.06564262178209093,0.045074462890625,1,2.525054931640625,1,0.15079413519965276,0.02803558111190796,1,2.39288330078125
1258.61,10,1,1,stimulusMovement,1,-0.08159134123060438,0.03415611386299133,1,2.547760009765625,1,0.14797751108805338,0.02489715814590454,1,2.3823394775390625
1275.278,10,1,1,stimulusMovement,1,-0.07449335522121853,0.03788799047470093,1,2.5607452392578125,1,0.16117413838704425,0.03248050808906555,1,2.4152069091796875
1291.946,10,1,1,stimulusMovement,1,-0.07866615719265407,0.041589319705963135,1,2.5332183837890625,1,0.15185907151963976,0.03172585368156433,1,2.397674560546875
1308.613,10,1,1,stimulusMovement,1,-0.07689454820421006,0.049030572175979614,1,2.54522705078125,1,0.1550088458591037,0.028179287910461426,1,2.4319610595703125
1325.279,10,1,1,stimulusMovement,1,-0.07432789272732204,0.041485726833343506,1,2.5353240966796875,1,0.15543990665011934,0.02842572331428528,1,2.4178619384765625
1341.946,10,1,1,stimulusMovement,1,-0.07193093829684787,0.05360260605812073,1,2.5490570068359375,1,0.14308547973632812,0.03875225782394409,1,2.4050140380859375
1358.613,10,1,1,stimulusMovement,1,-0.08145576053195529,0.04746559262275696,1,2.5552215576171875,1,0.13924132453070745,0.030818283557891846,1,2.442901611328125
1375.279,10,1,1,stimulusMovement,1,-0.07100296020507812,0.04786607623100281,1,2.5456390380859375,1,0.13399971856011283,0.03779786825180054,1,2.402252197265625
1391.946,10,1,1,stimulusMovement,1,-0.07639620039198133,0.04649105668067932,1,2.557403564453125,1,0.13395669725206164,0.03378266096115112,1,2.4246673583984375
1408.613,10,1,1,stimulusMovement,1,-0.08668316735161676,0.046383798122406006,1,2.5748443603515625,1,0.15358416239420572,0.032361745834350586,1,2.4392242431640625
1425.279,10,1,1,stimulusMovement,1,-0.08471499549018012,0.03941488265991211,1,2.58221435546875,1,0.1497980753580729,0.03445860743522644,1,2.4096527099609375
1441.946,10,1,1,stimulusMovement,1,-0.07572041617499457,0.041348814964294434,1,2.5577392578125,1,0.14462131924099392,0.03978070616722107,1,2.40142822265625
1458.613,10,1,1,stimulusMovement,1,-0.0772464010450575,0.03729608654975891,1,2.535369873046875,1,0.14802763197157118,0.02920520305633545,1,2.4212646484375
1475.279,10,1,1,stimulusMovement,1,-0.08393700917561848,0.03919503092765808,1,2.5585174560546875,1,0.1371313730875651,0.04076588153839111,1,2.390716552734375
1491.945,10,1,1,stimulusMovement,1,-0.08139461941189235,0.05073478817939758,1,2.5122222900390625,1,0.13591215345594618,0.039184510707855225,1,2.41259765625
1508.611,10,1,1,stimulusMovement,1,-0.0766718652513292,0.044973015785217285,1,2.5119476318359375,1,0.14335844251844618,0.03949308395385742,1,2.3798828125
1525.275,10,1,1,stimulusMovement,1,-0.07187578413221571,0.04707854986190796,1,2.5162811279296875,1,0.14109855228000215,0.042396605014801025,1,2.381927490234375
1541.941,10,1,1,stimulusMovement,1,-0.07954878277248806,0.05215337872505188,1,2.511016845703125,1,0.14718426598442924,0.042706191539764404,1,2.404632568359375
1558.607,10,1,1,stimulusMovement,1,-0.08442481358846028,0.038633108139038086,1,2.5222320556640625,1,0.1508652369181315,0.03903841972351074,1,2.39788818359375
1575.272,10,1,1,fixation,1,-0.09219672944810654,0.05613136291503906,1,2.5359039306640625,1,0.14850563473171657,0.03626948595046997,1,2.412078857421875
1591.938,10,1,1,fixation,1,-0.07158623801337348,0.04664072394371033,1,2.4897613525390625,1,0.1492368910047743,0.03748929500579834,1,2.4005279541015625
1608.604,10,1,1,fixation,1,-0.10242891311645508,0.02772378921508789,1,2.2606964111328125,1,0.11526277330186631,0.0313488245010376,1,2.156524658203125
1625.269,10,1,1,fixation,1,-0.12641249762641057,0.020490050315856934,1,2.2680206298828125,1,0.09811125861273871,0.036268770694732666,1,2.1475830078125
1641.935,10,1,1,fixation,0,nan,nan,0,nan,0,nan,nan,0,nan
1658.601,10,1,1,fixation,1,-0.08370452457004122,0.04350244998931885,1,2.4979095458984375,1,0.14339552985297307,0.03578421473503113,1,2.3654022216796875
1675.266,10,1,1,fixation,1,-0.10440572102864583,0.028052717447280884,1,2.2623748779296875,1,0.11845313178168403,0.033160507678985596,1,2.1514129638671875
1691.932,10,1,1,fixation,1,-0.12189695570203993,0.022328317165374756,1,2.265869140625,1,0.09936692979600693,0.037064313888549805,1,2.142669677734375
1708.596,10,1,1,fixation,0,nan,nan,0,nan,0,nan,nan,0,nan
1725.262,10,1,1,fixation,1,-0.07531780666775173,0.05072617530822754,1,2.49603271484375,1,0.14374722374810112,0.036852121353149414,1,2.368194580078125
1741.927,10,1,1,fixation,1,-0.10268688201904297,0.028194189071655273,1,2.26763916015625,1,0.11822933620876735,0.03431904315948486,1,2.159393310546875
1758.593,10,1,1,fixation,1,-0.12319707870483398,0.021715402603149414,1,2.2752685546875,1,0.09772618611653645,0.033698081970214844,1,2.15692138671875
1775.258,10,1,1,fixation,0,nan,nan,0,nan,0,nan,nan,0,nan
1791.923,10,1,1,fixation,1,-0.07882261276245117,0.03594067692756653,1,2.5428619384765625,1,0.14310465918646917,0.035591304302215576,1,2.3892669677734375
1808.589,10,1,1,fixation,1,-0.10435920291476779,0.023454636335372925,1,2.27520751953125,1,0.11563513014051649,0.031778931617736816,1,2.1628265380859375
1825.253,10,1,1,fixation,1,-0.12431388431125216,0.016605138778686523,1,2.28839111328125,1,0.09767044915093315,0.032611697912216187,1,2.1616668701171875
1841.919,10,1,1,fixation,0,nan,nan,0,nan,0,nan,nan,0,nan
1858.584,10,1,1,fixation,1,-0.0867436197068956,0.03820967674255371,1,2.533172607421875,1,0.140769534640842,0.030612826347351074,1,2.3880157470703125
1875.248,10,1,1,fixation,1,-0.10413111580742729,0.022989928722381592,1,2.276580810546875,1,0.1147825453016493,0.027406960725784302,1,2.162811279296875
1891.915,10,1,1,fixation,1,-0.12332958645290798,0.015935063362121582,1,2.2869110107421875,1,0.09630203247070312,0.03408706188201904,1,2.1568450927734375
1908.58,10,1,1,fixation,0,nan,nan,0,nan,0,nan,nan,0,nan
1925.247,10,1,1,fixation,1,-0.07919677098592122,0.04058408737182617,1,2.5347900390625,1,0.15158568488226995,0.03626072406768799,1,2.3722076416015625
1941.914,10,1,1,fixation,1,-0.10001309712727864,0.015412211418151855,1,2.277252197265625,1,0.1152181625366211,0.02979820966720581,1,2.1489715576171875
1958.58,10,1,1,fixation,1,-0.12388361824883354,0.01995021104812622,1,2.2797698974609375,1,0.09769937727186415,0.031741827726364136,1,2.1481170654296875
1975.246,10,1,1,fixation,0,nan,nan,0,nan,0,nan,nan,0,nan
1991.912,10,1,1,fixation,1,-0.07237206565009223,0.0412745475769043,1,2.521148681640625,1,0.15164078606499565,0.03500497341156006,1,2.3720550537109375
2008.579,10,1,1,fixation,1,-0.09477890862358941,0.02756953239440918,1,2.2672271728515625,1,0.12424744500054252,0.030560731887817383,1,2.1437835693359375
2025.245,10,1,1,fixation,1,-0.11345121595594618,0.01924005150794983,1,2.2777862548828125,1,0.10422007242838541,0.03237190842628479,1,2.1364898681640625
2041.911,10,1,1,fixation,0,nan,nan,0,nan,0,nan,nan,0,nan
2058.578,10,1,1,fixation,1,-0.08364174101087782,0.044271647930145264,1,2.48895263671875,1,0.15383582644992402,0.02986222505569458,1,2.3878173828125
2075.243,10,1,1,fixation,1,-0.09501404232449001,0.03068631887435913,1,2.2566070556640625,1,0.12037309010823567,0.03420892357826233,1,2.13592529296875
2091.91,10,1,1,fixation,1,-0.11575592888726127,0.02045208215713501,1,2.266937255859375,1,0.10468482971191406,0.034163832664489746,1,2.1300201416015625
2108.576,10,1,1,fixation,0,nan,nan,0,nan,0,nan,nan,0,nan
2125.242,10,1,1,fixation,1,-0.07069683074951172,0.040582627058029175,1,2.482879638671875,1,0.15267870161268446,0.03534215688705444,1,2.3548431396484375
2141.909,10,1,1,fixation,1,-0.09701347351074219,0.028863877058029175,1,2.2565460205078125,1,0.12101629045274521,0.033888161182403564,1,2.1314544677734375
2158.575,10,1,1,fixation,1,-0.11688931783040364,0.022347956895828247,1,2.2608642578125,1,0.10034497578938802,0.03476881980895996,1,2.131744384765625
2175.241,10,1,1,fixation,0,nan,nan,0,nan,0,nan,nan,0,nan
2191.908,10,1,1,fixation,1,-0.0756831169128418,0.04448351263999939,1,2.5233154296875,1,0.1510271496242947,0.03466615080833435,1,2.368499755859375
2208.574,10,1,1,fixation,1,-0.09504508972167969,0.027861356735229492,1,2.2631378173828125,1,0.1209364997016059,0.03273874521255493,1,2.14166259765625
2225.24,10,1,1,fixation,1,-0.11349455515543619,0.02117985486984253,1,2.2748565673828125,1,0.10257328881157768,0.036473095417022705,1,2.139801025390625
2241.906,10,1,1,fixation,0,nan,nan,0,nan,0,nan,nan,0,nan
2258.573,10,1,1,fixation,1,-0.06266392601860894,0.04011544585227966,1,2.490753173828125,1,0.1457233428955078,0.03548252582550049,1,2.3893280029296875
2275.239,10,1,1,fixation,1,-0.09727425045437282,0.029738157987594604,1,2.2774505615234375,1,0.11797618865966797,0.03782522678375244,1,2.1567840576171875
2291.905,10,1,1,fixation,1,-0.11401361889309353,0.020163118839263916,1,2.2907257080078125,1,0.101319948832194,0.03508937358856201,1,2.1592864990234375
2308.571,10,1,1,fixation,0,nan,nan,0,nan,0,nan,nan,0,nan
2325.237,10,1,1,fixation,1,-0.07142194112141927,0.040907084941864014,1,2.5323486328125,1,0.1498213873969184,0.033136069774627686,1,2.4068603515625
2341.904,10,1,1,fixation,1,-0.09751054975721571,0.026578128337860107,1,2.300384521484375,1,0.11624124315049912,0.03166311979293823,1,2.1799163818359375
2358.571,10,1,1,fixation,1,-0.11294195387098524,0.015844285488128662,1,2.3187255859375,1,0.10005505879720052,0.03419184684753418,1,2.182891845703125
2375.236,10,1,1,fixation,0,nan,nan,0,nan,0,nan,nan,0,nan
2391.903,10,1,1,fixation,1,-0.08132881588406032,0.04129666090011597,1,2.5742340087890625,1,0.14143223232693142,0.03714549541473389,1,2.4083709716796875
2408.569,10,1,1,fixation,1,-0.09958267211914062,0.024289816617965698,1,2.327850341796875,1,0.1163183848063151,0.02998584508895874,1,2.211181640625
2425.235,10,1,1,fixation,1,-0.1180220709906684,0.014805793762207031,1,2.3482513427734375,1,0.09885851542154947,0.032692670822143555,1,2.2149658203125
2441.902,10,1,1,fixation,0,nan,nan,0,nan,0,nan,nan,0,nan
2458.568,10,1,1,fixation,1,-0.083089722527398,0.041759371757507324,1,2.5787811279296875,1,0.1447626749674479,0.03484731912612915,1,2.456329345703125
2475.234,10,1,1,fixation,1,-0.0960184203253852,0.022156894207000732,1,2.3585662841796875,1,0.12198713090684678,0.031061410903930664,1,2.2512359619140625
2491.9,10,1,1,fixation,1,-0.11603620317247178,0.014669269323348999,1,2.3807525634765625,1,0.10233243306477864,0.03029865026473999,1,2.2540435791015625
2508.566,10,1,1,fixation,0,nan,nan,0,nan,0,nan,nan,0,nan
2525.233,10,1,1,fixation,1,-0.06964275572035047,0.046070098876953125,1,2.6155242919921875,1,0.14707597096761066,0.03806859254837036,1,2.5151214599609375
2541.899,10,1,1,fixation,1,-0.09528451495700412,0.021031469106674194,1,2.4017791748046875,1,0.12329504224989149,0.023908495903015137,1,2.30828857421875
2558.566,10,1,1,fixation,1,-0.11522377861870658,0.012880861759185791,1,2.42144775390625,1,0.10004234313964844,0.029386460781097412,1,2.300537109375
2575.231,10,1,1,fixation,0,nan,nan,0,nan,0,nan,nan,0,nan
2591.898,10,1,1,fixation,1,-0.07339911990695529,0.04527375102043152,1,2.6541748046875,1,0.1527174843682183,0.0433674156665802,1,2.5229949951171875
2608.565,10,1,1,fixation,1,-0.09955883026123047,0.020874440670013428,1,2.4302215576171875,1,0.12231847974989149,0.02575671672821045,1,2.3372039794921875
2625.23,10,1,1,fixation,1,-0.11500337388780381,0.0105629563331604,1,2.451995849609375,1,0.10322973463270399,0.02688467502593994,1,2.333831787109375
2641.897,10,1,1,fixation,0,nan,nan,0,nan,0,nan,nan,0,nan
2658.563,10,1,1,fixation,1,-0.06725729836357965,0.04927632212638855,1,2.6555328369140625,1,0.14741781022813585,0.033342182636260986,1,2.573822021484375
2675.229,10,1,1,fixation,1,-0.0974793963962131,0.018710732460021973,1,2.4512176513671875,1,0.11969396803114149,0.023997783660888672,1,2.3601531982421875
2691.896,10,1,1,fixation,1,-0.11880546145968966,0.010147035121917725,1,2.473785400390625,1,0.10437181260850693,0.02524423599243164,1,2.3489837646484375
2708.561,10,1,1,fixation,0,nan,nan,0,nan,0,nan,nan,0,nan
2725.228,10,1,1,fixation,1,-0.07911030451456705,0.03913462162017822,1,2.673248291015625,1,0.15355650583902994,0.03628885746002197,1,2.5565948486328125
2741.894,10,1,1,fixation,1,-0.09685505761040582,0.012022674083709717,1,2.471405029296875,1,0.12177297804090711,0.021964311599731445,1,2.3694610595703125
2758.561,10,1,1,fixation,1,-0.11771795484754774,0.007605850696563721,1,2.492156982421875,1,0.10332626766628689,0.02235528826713562,1,2.3558197021484375
2775.227,10,1,1,fixation,0,nan,nan,0,nan,0,nan,nan,0,nan
2791.893,10,1,1,fixation,1,-0.06521055433485243,0.04550117254257202,1,2.6951751708984375,1,0.14304351806640625,0.035439252853393555,1,2.5919342041015625
2808.56,10,1,1,fixation,1,-0.09819412231445312,0.029041528701782227,1,2.4861602783203125,1,0.12445524003770615,0.03187325596809387,1,2.372314453125
2825.225,10,1,1,fixation,1,-0.11334005991617838,0.013570696115493774,1,2.5046844482421875,1,0.1053436067369249,0.031820833683013916,1,2.3634185791015625
2841.892,10,1,1,fixation,0,nan,nan,0,nan,0,nan,nan,0,nan
2858.559,10,1,1,fixation,1,-0.07951206631130642,0.04242768883705139,1,2.748077392578125,1,0.15099027421739367,0.039941370487213135,1,2.58538818359375
2875.224,10,1,1,fixation,1,-0.0960892571343316,0.018177181482315063,1,2.508392333984375,1,0.12451850043402778,0.02457141876220703,1,2.3854522705078125
2891.891,10,1,1,fixation,1,-0.11171828375922309,0.015523254871368408,1,2.5256805419921875,1,0.1044735378689236,0.025362372398376465,1,2.37030029296875
2908.556,10,1,1,stimulusMovement,0,nan,nan,0,nan,0,nan,nan,0,nan
2925.223,10,1,1,stimulusMovement,1,-0.0694580078125,0.04553627967834473,1,2.769561767578125,1,0.14560540517171222,0.044151902198791504,1,2.5953216552734375
2941.89,10,1,1,stimulusMovement,1,-0.07200908660888672,0.0479397177696228,1,2.7562713623046875,1,0.1491469277275933,0.04740992188453674,1,2.5991668701171875
2958.556,10,1,1,stimulusMovement,1,-0.06963920593261719,0.03755843639373779,1,2.7273406982421875,1,0.15266344282362196,0.04548454284667969,1,2.58770751953125
2975.222,10,1,1,stimulusMovement,1,-0.06419552697075738,0.053630053997039795,1,2.769866943359375,1,0.15262794494628906,0.03507959842681885,1,2.633880615234375
2991.89,10,1,1,stimulusMovement,1,-0.07960780461629231,0.0396384596824646,1,2.786895751953125,1,0.13551754421657985,0.03177639842033386,1,2.62115478515625
3008.557,10,1,1,stimulusMovement,1,-0.07413901223076715,0.04794555902481079,1,2.77838134765625,1,0.1479259067111545,0.03812283277511597,1,2.606536865234375
3025.224,10,1,1,stimulusMovement,1,-0.09316444396972656,0.031363725662231445,1,2.7960205078125,1,0.1283566157023112,0.0434994101524353,1,2.62945556640625
3041.892,10,1,1,stimulusMovement,1,-0.08027352227105035,0.05076885223388672,1,2.743194580078125,1,0.14173539479573566,0.027576148509979248,1,2.6483612060546875
3058.56,10,1,1,stimulusMovement,1,-0.07970322502983941,0.04815375804901123,1,2.7642669677734375,1,0.12734540303548175,0.030981063842773438,1,2.6320953369140625
3075.228,10,1,1,stimulusMovement,1,-0.081453005472819,0.05291810631752014,1,2.7896270751953125,1,0.12957996792263454,0.033526718616485596,1,2.619873046875
3091.895,10,1,1,stimulusMovement,1,-0.08792516920301649,0.05327814817428589,1,2.7406768798828125,1,0.13193851047092015,0.03491842746734619,1,2.6192474365234375
3108.563,10,1,1,stimulusMovement,1,-0.09675762388441297,0.05574473738670349,1,2.7392425537109375,1,0.13961844974093965,0.032609403133392334,1,2.6406097412109375
3125.23,10,1,1,stimulusMovement,1,-0.07584614223904079,0.048154622316360474,1,2.758697509765625,1,0.13011190626356336,0.03309035301208496,1,2.6053619384765625
3141.899,10,1,1,stimulusMovement,1,-0.0876204702589247,0.04233616590499878,1,2.7388916015625,1,0.131880866156684,0.03341740369796753,1,2.6174774169921875
3158.567,10,1,1,stimulusMovement,1,-0.0848594241672092,0.05409038066864014,1,2.751678466796875,1,0.1342480977376302,0.03655001521110535,1,2.6181488037109375
3175.234,10,1,1,stimulusMovement,1,-0.08788013458251953,0.0532342791557312,1,2.7515106201171875,1,0.1344919204711914,0.03039538860321045,1,2.6281585693359375
3191.902,10,1,1,stimulusMovement,1,-0.08006360795762803,0.053137004375457764,1,2.7584991455078125,1,0.1387828191121419,0.03584742546081543,1,2.605224609375
3208.57,10,1,1,stimulusMovement,1,-0.08967177073160806,0.052962273359298706,1,2.75677490234375,1,0.14050536685519746,0.026181936264038086,1,2.64263916015625
3225.238,10,1,1,stimulusMovement,1,-0.0724477767944336,0.048047780990600586,1,2.7583465576171875,1,0.1383953094482422,0.03494840860366821,1,2.605865478515625
3241.906,10,1,1,stimulusMovement,1,-0.08184284634060329,0.05084654688835144,1,2.7926177978515625,1,0.14494196573893228,0.04122954607009888,1,2.6091461181640625
3258.574,10,1,1,stimulusMovement,1,-0.07408062616984049,0.04747879505157471,1,2.7555999755859375,1,0.13564321729871961,0.032798320055007935,1,2.610931396484375
3275.242,10,1,1,stimulusMovement,1,-0.08992958068847656,0.04490160942077637,1,2.80108642578125,1,0.14069641960991752,0.030557602643966675,1,2.6133270263671875
3291.91,10,1,1,stimulusMovement,1,-0.07859023412068684,0.048171281814575195,1,2.7468109130859375,1,0.14377064175075954,0.03697842359542847,1,2.6230010986328125
3308.578,10,1,1,stimulusMovement,1,-0.08354059855143228,0.05286911129951477,1,2.779510498046875,1,0.14635213216145831,0.03766995668411255,1,2.6568756103515625
3325.246,10,1,1,stimulusMovement,1,-0.0867283609178331,0.056932300329208374,1,2.7736663818359375,1,0.13280423482259113,0.033512622117996216,1,2.637908935546875
3341.914,10,1,1,stimulusMovement,1,-0.07831700642903645,0.04839688539505005,1,2.7878875732421875,1,0.13221295674641925,0.03465697169303894,1,2.6361083984375
3358.582,10,1,1,stimulusMovement,1,-0.0811312993367513,0.04709067940711975,1,2.8096466064453125,1,0.13402091132269964,0.03763440251350403,1,2.64947509765625
3375.249,10,1,1,stimulusMovement,1,-0.07572025722927517,0.04595762491226196,1,2.8172607421875,1,0.13924429151746961,0.03790271282196045,1,2.66400146484375
3391.918,10,1,1,stimulusMovement,1,-0.07106124030219184,0.04896119236946106,1,2.773529052734375,1,0.1512083477444119,0.022859811782836914,1,2.6817626953125
3408.586,10,1,1,stimulusMovement,1,-0.07960404290093316,0.040084511041641235,1,2.835205078125,1,0.1364373101128472,0.038009703159332275,1,2.666595458984375
3425.254,10,1,1,stimulusMovement,1,-0.08284070756700303,0.04241791367530823,1,2.8164825439453125,1,0.13928551144070095,0.04554790258407593,1,2.68743896484375
3441.922,10,1,1,stimulusMovement,1,-0.08945581648084852,0.050451308488845825,1,2.84844970703125,1,0.1433943642510308,0.024277210235595703,1,2.6908111572265625
3458.59,10,1,1,stimulusMovement,1,-0.08246681425306532,0.051587581634521484,1,2.836090087890625,1,0.1380335489908854,0.018943041563034058,1,2.731201171875
3475.259,10,1,1,stimulusMovement,1,-0.07586754692925347,0.047378748655319214,1,2.820709228515625,1,0.14511140187581378,0.02970096468925476,1,2.7108306884765625
3491.927,10,1,1,stimulusMovement,1,-0.08487161000569661,0.03716588020324707,1,2.8697052001953125,1,0.14914819929334852,0.027646511793136597,1,2.7188873291015625
3508.596,10,1,1,stimulusMovement,1,-0.07848230997721353,0.04331114888191223,1,2.854705810546875,1,0.13684113820393878,0.03169161081314087,1,2.7213592529296875
3525.263,10,1,1,stimulusMovement,1,-0.07222043143378364,0.046064913272857666,1,2.8445587158203125,1,0.1503507826063368,0.02401489019393921,1,2.727020263671875
3541.932,10,1,1,stimulusMovement,1,-0.07755348417494032,0.04112672805786133,1,2.8560028076171875,1,0.14550823635525173,0.024678826332092285,1,2.7111053466796875
3558.6,10,1,1,stimulusMovement,1,-0.07506063249376084,0.04175865650177002,1,2.8674468994140625,1,0.14684846666124132,0.029290318489074707,1,2.734649658203125
3575.268,10,1,1,stimulusMovement,1,-0.06235996882120768,0.04530256986618042,1,2.8630218505859375,1,0.1506795883178711,0.030067741870880127,1,2.7183074951171875
3591.936,10,1,1,stimulusMovement,1,-0.08114009433322482,0.052080750465393066,1,2.861663818359375,1,0.14221424526638454,0.0324438214302063,1,2.7401123046875
3608.605,10,1,1,stimulusMovement,1,-0.06999174753824869,0.041991978883743286,1,2.893157958984375,1,0.14326953887939453,0.029165923595428467,1,2.70391845703125
3625.273,10,1,1,stimulusMovement,1,-0.07002332475450303,0.04327094554901123,1,2.87005615234375,1,0.14574972788492838,0.017729759216308594,1,2.7509002685546875
3641.941,10,1,1,stimulusMovement,1,-0.0708724127875434,0.04395008087158203,1,2.8780670166015625,1,0.1514656278822157,0.02655664086341858,1,2.7384033203125
3658.61,10,1,1,stimulusMovement,1,-0.07640849219428168,0.04573547840118408,1,2.8853607177734375,1,0.15060732099745008,0.03233960270881653,1,2.7514801025390625
3675.278,10,1,1,stimulusMovement,1,-0.08621480729844834,0.03939226269721985,1,2.891143798828125,1,0.14390299055311415,0.02748394012451172,1,2.743621826171875
3691.946,10,1,1,stimulusMovement,1,-0.068960083855523,0.05137553811073303,1,2.8533172607421875,1,0.13845274183485243,0.024367928504943848,1,2.735595703125
3708.615,10,1,1,stimulusMovement,1,-0.07313156127929688,0.04922240972518921,1,2.8576202392578125,1,0.14631483289930555,0.02113032341003418,1,2.76348876953125
3725.283,10,1,1,stimulusMovement,1,-0.06866285536024305,0.03972560167312622,1,2.8548583984375,1,0.14395279354519314,0.015302181243896484,1,2.7503814697265625
3741.952,10,1,1,stimulusMovement,1,-0.06349441740247938,0.04484948515892029,1,2.8587646484375,1,0.1488958994547526,0.02542746067047119,1,2.7244110107421875
3758.62,10,1,1,stimulusMovement,1,-0.0758364995320638,0.04429253935813904,1,2.8336029052734375,1,0.1472426520453559,0.01923501491546631,1,2.7305908203125
3775.288,10,1,1,stimulusMovement,1,-0.0738058090209961,0.03970709443092346,1,2.8483123779296875,1,0.1444480684068468,0.02051258087158203,1,2.69622802734375
3791.956,10,1,1,stimulusMovement,1,-0.07309352027045356,0.033476948738098145,1,2.8033294677734375,1,0.16397836473253039,0.024089395999908447,1,2.7146759033203125
3808.623,10,1,1,stimulusMovement,1,-0.07597605387369791,0.03425192832946777,1,2.83758544921875,1,0.15539434221055773,0.02278214693069458,1,2.681243896484375
3825.289,10,1,1,stimulusMovement,1,-0.06865390141805013,0.03470331430435181,1,2.8155059814453125,1,0.15721702575683594,0.017901957035064697,1,2.6904296875
3841.956,10,1,1,stimulusMovement,1,-0.07805951436360677,0.040427058935165405,1,2.7946929931640625,1,0.15356275770399305,0.01822701096534729,1,2.6831207275390625
3858.623,10,1,1,stimulusMovement,1,-0.06128226386176215,0.03697305917739868,1,2.798431396484375,1,0.1549293729994032,0.026239007711410522,1,2.6695709228515625
3875.289,10,1,1,stimulusMovement,1,-0.06969181696573892,0.031078457832336426,1,2.8138275146484375,1,0.140920533074273,0.022301197052001953,1,2.6872406005859375
3891.957,10,1,1,stimulusMovement,1,-0.06867398156060113,0.04021346569061279,1,2.7850799560546875,1,0.15367168850368923,0.027792364358901978,1,2.632720947265625
3908.624,10,1,1,stimulusMovement,1,-0.06681415769788954,0.03691905736923218,1,2.7720184326171875,1,0.15468406677246094,0.021520674228668213,1,2.6775360107421875
3925.29,10,1,1,stimulusMovement,1,-0.06976265377468532,0.03667956590652466,1,2.7921295166015625,1,0.1440065171983507,0.020192384719848633,1,2.65118408203125
3941.957,10,1,1,stimulusMovement,1,-0.06482315063476562,0.04529076814651489,1,2.8029022216796875,1,0.14740562438964844,0.018766045570373535,1,2.66827392578125
3958.624,10,1,1,stimulusMovement,1,-0.07412322362263997,0.03119322657585144,1,2.813873291015625,1,0.1353834999932183,0.0134848952293396,1,2.6790924072265625
3975.29,10,1,1,stimulusMovement,1,-0.07118585374620225,0.04975205659866333,1,2.80096435546875,1,0.1484175788031684,0.017909109592437744,1,2.6686859130859375
3991.957,10,1,1,stimulusMovement,1,-0.06776094436645508,0.03614404797554016,1,2.83831787109375,1,0.14738909403483072,0.016514122486114502,1,2.691802978515625
4008.624,10,1,1,stimulusMovement,1,-0.06928782992892794,0.03420093655586243,1,2.8158111572265625,1,0.14588546752929688,0.022221684455871582,1,2.68280029296875
4025.29,10,1,1,stimulusMovement,1,-0.0795559353298611,0.034528762102127075,1,2.81243896484375,1,0.14894485473632812,0.019328296184539795,1,2.6775054931640625
4041.957,10,1,1,stimulusMovement,1,-0.08486546410454644,0.04621171951293945,1,2.8302459716796875,1,0.14184008704291448,0.008266329765319824,1,2.7136688232421875
4058.624,10,1,1,stimulusMovement,1,-0.06939628389146593,0.03661078214645386,1,2.845489501953125,1,0.15076361762152776,0.014221131801605225,1,2.6943511962890625
4075.29,10,1,1,stimulusMovement,1,-0.06292019950018989,0.03692829608917236,1,2.8215789794921875,1,0.15316857231987846,0.006508827209472656,1,2.708221435546875
4091.957,10,1,1,stimulusMovement,1,-0.07327514224582247,0.04696807265281677,1,2.780731201171875,1,0.13581689198811847,0.018156468868255615,1,2.6890869140625
4108.624,10,1,1,stimulusMovement,1,-0.07801273134019639,0.03469198942184448,1,2.8442230224609375,1,0.14290957980685762,0.01644614338874817,1,2.6963043212890625
4125.29,10,1,1,stimulusMovement,1,-0.07740725411309136,0.04447472095489502,1,2.8168487548828125,1,0.14319716559516057,0.025734692811965942,1,2.69964599609375
4141.957,10,1,1,stimulusMovement,1,-0.07038799921671549,0.07387775182723999,1,2.8150787353515625,1,0.14246781667073566,0.03504413366317749,1,2.7152099609375
4158.624,10,1,1,stimulusMovement,1,-0.08853991826375325,0.05728936195373535,1,2.864959716796875,1,0.13078286912706164,0.038435548543930054,1,2.6968841552734375
4175.29,10,1,1,stimulusMovement,1,-0.07991578843858506,0.05393904447555542,1,2.8512115478515625,1,0.12241511874728732,0.04784601926803589,1,2.739410400390625
4191.957,10,1,1,stimulusMovement,1,-0.08806159761216904,0.05643734335899353,1,2.8665008544921875,1,0.1353258556789822,0.04076409339904785,1,2.7126312255859375
4208.624,10,1,1,stimulusMovement,1,-0.09374554951985677,0.05492532253265381,1,2.854034423828125,1,0.1331849628024631,0.03955996036529541,1,2.7246551513671875
4225.29,10,1,1,stimulusMovement,1,-0.07930257585313584,0.05884978175163269,1,2.8814239501953125,1,0.13396729363335502,0.034466177225112915,1,2.7568359375
4241.957,10,1,1,stimulusMovement,1,-0.08792368570963541,0.05749973654747009,1,2.879547119140625,1,0.1320374806722005,0.04159879684448242,1,2.7172088623046875
4258.624,10,1,1,stimulusMovement,1,-0.08840783437093098,0.05233612656593323,1,2.885772705078125,1,0.12446043226453993,0.039774417877197266,1,2.7514801025390625
4275.29,10,1,1,stimulusMovement,1,-0.06845182842678493,0.06527286767959595,1,2.88824462890625,1,0.12585957845052081,0.0344012975692749,1,2.760009765625
4291.958,10,1,1,stimulusMovement,1,-0.08280584547254774,0.05817461013793945,1,2.8811492919921875,1,0.12409549289279513,0.04520678520202637,1,2.73614501953125
4308.625,10,1,1,stimulusMovement,1,-0.06471194161309136,0.0559810996055603,1,2.9295501708984375,1,0.12214247385660806,0.035568833351135254,1,2.7617645263671875
4325.291,10,1,1,stimulusMovement,1,-0.0823618041144477,0.06044700741767883,1,2.88671875,1,0.13133949703640407,0.03629797697067261,1,2.7438507080078125
4341.958,10,1,1,stimulusMovement,1,-0.07847944895426431,0.05994907021522522,1,2.8865966796875,1,0.12341181437174478,0.038768112659454346,1,2.7724456787109375
4358.625,10,1,1,stimulusMovement,1,-0.07692654927571614,0.0599481463432312,1,2.86138916015625,1,0.12989383273654515,0.030579179525375366,1,2.753326416015625
4375.291,10,1,1,stimulusMovement,1,-0.09031608369615342,0.05306899547576904,1,2.8959503173828125,1,0.13586902618408203,0.03277847170829773,1,2.7419281005859375
4391.958,10,1,1,stimulusMovement,1,-0.08664152357313368,0.05018293857574463,1,2.8656005859375,1,0.13341903686523438,0.029258817434310913,1,2.7458038330078125
4408.625,10,1,1,stimulusMovement,1,-0.08595980538262261,0.05192515254020691,1,2.8974456787109375,1,0.13244247436523438,0.03981637954711914,1,2.722900390625
4425.291,10,1,1,stimulusMovement,1,-0.08782837125990126,0.06049373745918274,1,2.86724853515625,1,0.13588248358832464,0.03621438145637512,1,2.740631103515625
4441.958,10,1,1,stimulusMovement,1,-0.08042282528347439,0.050732195377349854,1,2.8502655029296875,1,0.12192461225721571,0.03539198637008667,1,2.7465667724609375
4458.625,10,1,1,stimulusMovement,1,-0.08397833506266275,0.05807146430015564,1,2.8294525146484375,1,0.13434516059027776,0.03520849347114563,1,2.719696044921875
4475.291,10,1,1,stimulusMovement,1,-0.08881229824490017,0.04997977614402771,1,2.875701904296875,1,0.12921227349175346,0.03228810429573059,1,2.7058563232421875
4491.958,10,1,1,stimulusMovement,1,-0.07811556922064887,0.05093181133270264,1,2.8545684814453125,1,0.12353886498345268,0.03038698434829712,1,2.6970367431640625
4508.625,10,1,1,stimulusMovement,1,-0.0780385865105523,0.05233392119407654,1,2.8233642578125,1,0.13038253784179688,0.04135456681251526,1,2.7097015380859375
4525.291,10,1,1,stimulusMovement,1,-0.08637110392252603,0.04266023635864258,1,2.84857177734375,1,0.1306330362955729,0.029638350009918213,1,2.6815185546875
4541.958,10,1,1,stimulusMovement,1,-0.08380879296196832,0.05474254488945007,1,2.826812744140625,1,0.1275768280029297,0.03398504853248596,1,2.7154388427734375
4558.625,10,1,1,stimulusMovement,1,-0.08362595240275064,0.049272745847702026,1,2.8607177734375,1,0.12952529059516057,0.03725159168243408,1,2.70611572265625
4575.291,10,1,1,stimulusMovement,1,-0.07857275009155273,0.05120512843132019,1,2.846527099609375,1,0.1284752951727973,0.03283423185348511,1,2.7086944580078125
4591.958,10,1,1,stimulusMovement,1,-0.08438544803195529,0.054407328367233276,1,2.8812103271484375,1,0.14166005452473956,0.03307470679283142,1,2.720306396484375
4608.625,10,1,1,stimulusMovement,1,-0.08526537153455946,0.05043959617614746,1,2.875335693359375,1,0.11962148878309461,0.031020641326904297,1,2.6953125
4625.291,10,1,1,stimulusMovement,1,-0.08197848002115884,0.0496823787689209,1,2.8514251708984375,1,0.132460700141059,0.040221989154815674,1,2.7095489501953125
4641.959,10,1,1,stimulusMovement,1,-0.06963857014973958,0.05371040105819702,1,2.85748291015625,1,0.14006784227159289,0.03690361976623535,1,2.7189483642578125
4658.626,10,1,1,stimulusMovement,1,-0.07467587788899739,0.058730125427246094,1,2.8431243896484375,1,0.13360595703125,0.028827548027038574,1,2.732818603515625
4675.292,10,1,1,stimulusMovement,1,-0.06831052568223742,0.05368921160697937,1,2.815338134765625,1,0.1478835211859809,0.027293860912322998,1,2.704620361328125
4691.96,10,1,1,stimulusMovement,1,-0.05974849065144856,0.05508255958557129,1,2.8307952880859375,1,0.15764533148871526,0.02849757671356201,1,2.7067108154296875
4708.628,10,1,1,stimulusMovement,1,-0.053899817996554904,0.04915773868560791,1,2.849609375,1,0.15173011355929902,0.03211486339569092,1,2.674957275390625
4725.294,10,1,1,stimulusMovement,1,-0.04857778549194336,0.046777188777923584,1,2.8237762451171875,1,0.16360558403862846,0.02666175365447998,1,2.6802520751953125
4741.962,10,1,1,stimulusMovement,1,-0.043402141994900174,0.04947948455810547,1,2.806396484375,1,0.16582669152153862,0.024622321128845215,1,2.658233642578125
4758.629,10,1,1,stimulusMovement,1,-0.0403749148050944,0.04826754331588745,1,2.799530029296875,1,0.17960993448893228,0.03821718692779541,1,2.6663055419921875
4775.295,10,1,1,stimulusMovement,1,-0.024424023098415796,0.05958351492881775,1,2.8014373779296875,1,0.1841674380832248,0.03225439786911011,1,2.6567535400390625
4791.962,10,1,1,stimulusMovement,1,-0.020422511630588107,0.05448085069656372,1,2.765350341796875,1,0.2066030502319336,0.029963791370391846,1,2.645355224609375
4808.63,10,1,1,stimulusMovement,1,0.020139376322428383,0.0784972608089447,1,2.7928466796875,1,0.25457763671875,0.06035777926445007,1,2.6417388916015625
4825.296,10,1,1,stimulusMovement,1,0.1169346703423394,0.12975645065307617,1,2.810577392578125,1,0.3514659669664171,0.12589812278747559,1,2.62371826171875
4841.964,10,1,1,stimulusMovement,1,0.1544908947414822,0.1370134949684143,1,2.8247528076171875,1,0.3817613389756944,0.12492233514785767,1,2.6472015380859375
4858.631,10,1,1,stimulusMovement,1,0.16139793395996094,0.1414242386817932,1,2.818359375,1,0.40261469946967227,0.14242923259735107,1,2.595458984375
4875.297,10,1,1,stimulusMovement,1,0.1701881620619032,0.14456430077552795,1,2.801055908203125,1,0.4094899495442708,0.1351201832294464,1,2.6193084716796875
4891.965,10,1,1,stimulusMovement,1,0.18441030714246961,0.13728231191635132,1,2.7900390625,1,0.41597006056043834,0.14008307456970215,1,2.6420745849609375
4908.632,10,1,1,stimulusMovement,1,0.19266298082139757,0.14388439059257507,1,2.7925567626953125,1,0.43267165289984805,0.14175930619239807,1,2.6043243408203125
4925.298,10,1,1,stimulusMovement,1,0.19272422790527344,0.13929566740989685,1,2.8025665283203125,1,0.4328825208875868,0.1443973183631897,1,2.579925537109375
4941.966,10,1,1,stimulusMovement,1,0.20139662424723306,0.136989027261734,1,2.7989044189453125,1,0.45107555389404297,0.13707566261291504,1,2.588043212890625
4958.633,10,1,1,stimulusMovement,1,0.20402081807454425,0.14007943868637085,1,2.7902374267578125,1,0.4607967800564236,0.13838940858840942,1,2.6015777587890625
4975.299,10,1,1,stimulusMovement,1,0.2206221686469184,0.14063283801078796,1,2.80621337890625,1,0.46211645338270396,0.1420881748199463,1,2.5992279052734375
4991.967,10,1,1,stimulusMovement,1,0.239677005343967,0.1479070782661438,1,2.798858642578125,1,0.4809854295518663,0.14768391847610474,1,2.5941314697265625
5008.634,10,1,1,stimulusMovement,1,0.24655850728352863,0.14752620458602905,1,2.81597900390625,1,0.4917051527235243,0.14329689741134644,1,2.61627197265625
5025.301,10,1,1,stimulusMovement,1,0.2595174577501085,0.15047210454940796,1,2.8128509521484375,1,0.5049908955891926,0.14160379767417908,1,2.6259613037109375
5041.968,10,1,1,stimulusMovement,1,0.27206484476725257,0.1487308144569397,1,2.80462646484375,1,0.5135423872205946,0.15604984760284424,1,2.6078338623046875
5058.635,10,1,1,stimulusMovement,1,0.289802975124783,0.17548730969429016,1,2.830322265625,1,0.5589194827609592,0.16566795110702515,1,2.6277618408203125
5075.302,10,1,1,stimulusMovement,1,0.38150543636745876,0.24554035067558289,1,2.8100738525390625,1,0.6336099836561414,0.262666717171669,1,2.6058197021484375
5091.969,10,1,1,stimulusMovement,1,0.4079367319742838,0.272348552942276,1,2.84027099609375,1,0.6633773379855685,0.28584006428718567,1,2.6292572021484375
5108.637,10,1,1,stimulusMovement,1,0.4130561616685655,0.27620239555835724,1,2.8220672607421875,1,0.6830096774631076,0.29348795115947723,1,2.637725830078125
5125.304,10,1,1,stimulusMovement,1,0.4338679843478732,0.2747080475091934,1,2.831451416015625,1,0.6996698379516602,0.29324862360954285,1,2.643157958984375
5141.971,10,1,1,stimulusMovement,1,0.4420994652642144,0.28062528371810913,1,2.8431243896484375,1,0.6979630788167317,0.3069094121456146,1,2.651458740234375
5158.638,10,1,1,stimulusMovement,1,0.4551491207546658,0.2888205796480179,1,2.82244873046875,1,0.7108934190538194,0.3058211952447891,1,2.61297607421875
5175.305,10,1,1,stimulusMovement,1,0.4601245456271701,0.2940307557582855,1,2.8283843994140625,1,0.7292795181274414,0.3098803162574768,1,2.632904052734375
5191.972,10,1,1,stimulusMovement,1,0.4743367301093207,0.2928761839866638,1,2.8199615478515625,1,0.7366096708509656,0.29758600890636444,1,2.6425018310546875
5208.64,10,1,1,stimulusMovement,1,0.4833139843410916,0.2987450212240219,1,2.8198089599609375,1,0.7550510830349392,0.30741146206855774,1,2.6211395263671875
5225.306,10,1,1,stimulusMovement,1,0.4967914157443576,0.30122677981853485,1,2.8616790771484375,1,0.748233159383138,0.3091215044260025,1,2.6219024658203125
5241.974,10,1,1,stimulusMovement,1,0.5013027191162109,0.3010585308074951,1,2.858856201171875,1,0.766510009765625,0.31260454654693604,1,2.6055755615234375
5258.641,10,1,1,stimulusMovement,1,0.5210575527615017,0.30224916338920593,1,2.83526611328125,1,0.775462892320421,0.3179577589035034,1,2.65020751953125
5275.307,10,1,1,stimulusMovement,1,0.5271667904324001,0.3140026330947876,1,2.8327789306640625,1,0.7904343075222439,0.3193131983280182,1,2.6111297607421875
5291.975,10,1,1,stimulusMovement,1,0.535075929429796,0.3078440725803375,1,2.825897216796875,1,0.796163452996148,0.32228983938694,1,2.6318511962890625
5308.642,10,1,1,stimulusMovement,1,0.5401164160834419,0.32011839747428894,1,2.8172760009765625,1,0.8037859598795573,0.3249383419752121,1,2.63616943359375
5325.309,10,1,1,stimulusMovement,1,0.5487503475613064,0.3100728392601013,1,2.83001708984375,1,0.821043226453993,0.3403090238571167,1,2.606170654296875
5341.976,10,1,1,stimulusMovement,1,0.5666998757256402,0.31677909195423126,1,2.819244384765625,1,0.8335469563802083,0.33697254955768585,1,2.619903564453125
5358.644,10,1,1,stimulusMovement,1,0.5813142988416883,0.3216777741909027,1,2.805999755859375,1,0.8403761121961805,0.3341439366340637,1,2.6375274658203125
5375.31,10,1,1,stimulusMovement,1,0.5781461927625867,0.3218933641910553,1,2.852203369140625,1,0.8557527330186632,0.33889317512512207,1,2.6198272705078125
5391.978,10,1,1,stimulusMovement,1,0.6339906056722004,0.3779086619615555,1,2.8194732666015625,1,0.9015901353624132,0.36722531914711,1,2.6221466064453125
5408.645,10,1,1,stimulusMovement,1,0.7160432603624132,0.46405909955501556,1,2.833251953125,1,0.9917426639133029,0.48474177345633507,1,2.579071044921875
5425.312,10,1,1,stimulusMovement,1,0.7455200619167751,0.49303329084068537,1,2.855133056640625,1,1.033164554172092,0.5158469788730145,1,2.6177520751953125
5441.979,10,1,1,stimulusMovement,1,0.770607312520345,0.49797638645395637,1,2.8975677490234375,1,1.0327368842230902,0.5177232883870602,1,2.601165771484375
5458.646,10,1,1,stimulusMovement,1,0.7784948348999023,0.4993291685823351,1,2.9194183349609375,1,1.0406534406873915,0.5287204422056675,1,2.6078948974609375
5475.313,10,1,1,stimulusMovement,1,0.7869013680352105,0.4978575543500483,1,2.8807830810546875,1,1.0551726023356118,0.5299813114106655,1,2.6203155517578125
5491.981,10,1,1,stimulusMovement,1,0.797750261094835,0.5011360235512257,1,2.9015350341796875,1,1.078852547539605,0.528816906735301,1,2.636199951171875
5508.648,10,1,1,stimulusMovement,1,0.7871969011094835,0.5020754807628691,1,2.889434814453125,1,1.0719706217447915,0.5247014127671719,1,2.625152587890625
5525.315,10,1,1,stimulusMovement,1,0.7970769670274522,0.5051996880210936,1,2.8941650390625,1,1.0773296356201172,0.5305697731673717,1,2.6319732666015625
5541.982,10,1,1,stimulusMovement,1,0.8072526719835069,0.49962524126749486,1,2.8857574462890625,1,1.088227801852756,0.533491849899292,1,2.6191864013671875
5558.65,10,1,1,stimulusMovement,1,0.8061173756917317,0.5051027489826083,1,2.9118499755859375,1,1.08390384250217,0.5276837535202503,1,2.6477508544921875
5575.317,10,1,1,stimulusMovement,1,0.8108451631334093,0.4989711659727618,1,2.9160003662109375,1,1.0873951382107205,0.52543705701828,1,2.6477203369140625
5591.984,10,1,1,stimulusMovement,1,0.8102355533175998,0.5061159413307905,1,2.95355224609375,1,1.0950368245442708,0.5300860181450844,1,2.642822265625
5608.651,10,1,1,stimulusMovement,1,0.8045677608913845,0.5041771158576012,1,2.914703369140625,1,1.0838591257731118,0.5298001430928707,1,2.6730499267578125
5625.318,10,1,1,stimulusMovement,1,0.8034258948432074,0.5112388711422682,1,2.9348907470703125,1,1.0768483479817708,0.5328802727162838,1,2.68609619140625
5641.985,10,1,1,stimulusMovement,1,0.7797985076904297,0.5171133745461702,1,2.8624114990234375,1,1.0791172451443143,0.5293317250907421,1,2.7009735107421875
5658.652,10,1,1,stimulusMovement,1,0.7960554758707682,0.5063610123470426,1,2.9058074951171875,1,1.0656301710340712,0.5247954614460468,1,2.6868133544921875
5675.32,10,1,1,stimulusMovement,1,0.7860953013102213,0.49507480673491955,1,2.9285125732421875,1,1.0614520178900824,0.532702349126339,1,2.6920928955078125
5691.987,10,1,1,stimulusMovement,1,0.7939856847127278,0.4991090624826029,1,2.948333740234375,1,1.0641407436794705,0.5221318136900663,1,2.7246551513671875
5708.654,10,1,1,stimulusMovement,1,0.7638216018676758,0.49637038027867675,1,2.907318115234375,1,1.0498854319254556,0.5280294474214315,1,2.7039337158203125
5725.321,10,1,1,stimulusMovement,1,0.688041157192654,0.49414484202861786,1,2.937652587890625,1,0.9768257141113281,0.522846132516861,1,2.707977294921875
5741.988,10,1,1,stimulusMovement,1,0.7107057571411133,0.49097637459635735,1,2.9323577880859375,1,0.9916263156467013,0.5220001470297575,1,2.7340087890625
5758.655,10,1,1,stimulusMovement,1,0.6983094745212131,0.4883551802486181,1,2.9422607421875,1,0.9636917114257812,0.5269802566617727,1,2.7068023681640625
5775.323,10,1,1,stimulusMovement,1,0.7069825066460503,0.5007099552894942,1,2.9058837890625,1,0.9840736389160156,0.5265370681881905,1,2.7149505615234375
5791.99,10,1,1,stimulusMovement,1,0.7225379943847656,0.4965361268259585,1,2.9392242431640625,1,0.9695582919650607,0.5165366847068071,1,2.725433349609375
5808.657,10,1,1,stimulusMovement,1,0.7066944970024956,0.4991371803916991,1,2.9437408447265625,1,0.9784656100802951,0.527591098099947,1,2.72491455078125
5825.324,10,1,1,stimulusMovement,1,0.7231093512641059,0.49536915542557836,1,2.9755401611328125,1,0.9695142110188801,0.5270933918654919,1,2.720855712890625
5841.991,10,1,1,stimulusMovement,1,0.6994444529215494,0.49233049899339676,1,2.9813995361328125,1,0.9684249030219183,0.5223650559782982,1,2.73297119140625
5858.659,10,1,1,stimulusMovement,1,0.7198384602864583,0.5052533876150846,1,2.9795684814453125,1,0.975370619032118,0.5178669430315495,1,2.779632568359375
5875.326,10,1,1,stimulusMovement,1,0.7093961503770616,0.5030310975853354,1,2.9769744873046875,1,0.9714556799994574,0.5179767534136772,1,2.7817840576171875
5891.993,10,1,1,stimulusMovement,1,0.7053910361395942,0.4978706715628505,1,2.9801483154296875,1,0.97332763671875,0.5215856023132801,1,2.7635955810546875
5908.661,10,1,1,stimulusMovement,1,0.7170038223266602,0.5015903864987195,1,2.9776763916015625,1,0.9600211249457464,0.5223090127110481,1,2.7767791748046875
5925.327,10,1,1,stimulusMovement,1,0.7172944810655382,0.49777920241467655,1,2.9936065673828125,1,0.9701815711127386,0.5180185548961163,1,2.82611083984375
5941.995,10,1,1,stimulusMovement,1,0.7041792339748806,0.4957915572449565,1,3.0302734375,1,0.9604034423828125,0.5139556033536792,1,2.7970733642578125
5958.663,10,1,1,stimulusMovement,1,0.6971026526557075,0.4918964961543679,1,3.0577850341796875,1,0.9661059909396701,0.5121419001370668,1,2.8231201171875
5975.329,10,1,1,stimulusMovement,1,0.7046824561225044,0.4934770641848445,1,3.0545196533203125,1,0.9744673834906683,0.5222270712256432,1,2.8150482177734375
5991.997,10,1,1,stimulusMovement,1,0.7051862080891926,0.4954436398111284,1,3.0379486083984375,1,0.9602862464057074,0.5100235398858786,1,2.850433349609375
6008.664,10,1,1,stimulusMovement,1,0.6958852344089084,0.4907900709658861,1,3.037261962890625,1,0.9640201992458767,0.5149171911180019,1,2.8477630615234375
6025.331,10,1,1,stimulusMovement,1,0.6581384870741102,0.4919049125164747,1,2.9422149658203125,1,0.9701474507649739,0.5093152932822704,1,2.8706512451171875
6041.998,10,1,1,stimulusMovement,1,0.6946141984727647,0.48953290190547705,1,3.0744476318359375,1,0.9598617553710938,0.5123160164803267,1,2.87103271484375
6058.666,10,1,1,stimulusMovement,1,0.6942130194769965,0.4954575998708606,1,3.0803375244140625,1,0.9632663726806641,0.5156563855707645,1,2.868560791015625
6075.333,10,1,1,stimulusMovement,1,0.684745364718967,0.48757864721119404,1,3.113037109375,1,0.9576117197672526,0.5169557183980942,1,2.86419677734375
6092.0,10,1,1,stimulusMovement,1,0.7062494489881727,0.48717288859188557,1,3.10235595703125,1,0.9569104512532551,0.516163257881999,1,2.8754119873046875
6108.668,10,1,1,stimulusMovement,1,0.7007406022813585,0.43019378185272217,1,3.3101654052734375,1,0.9630353715684679,0.514598136767745,1,2.88116455078125
6125.334,10,1,1,stimulusMovement,1,0.680699348449707,0.5004989509470761,1,3.1189727783203125,1,0.9501452975802951,0.5237401239573956,1,2.8973541259765625
6142.002,10,1,1,stimulusMovement,1,0.6981822119818794,0.5066402894444764,1,3.114288330078125,1,0.9482642279730902,0.526176180690527,1,2.8836212158203125
6158.67,10,1,1,stimulusMovement,0,nan,nan,0,nan,1,0.9599598778618706,0.5266521014273167,1,2.90850830078125
6175.336,10,1,1,stimulusMovement,1,0.6908609602186414,0.5067512695677578,1,3.1663665771484375,1,0.9574008517795138,0.5290472693741322,1,2.91717529296875
6192.004,10,1,1,stimulusMovement,1,0.6920091840955945,0.5052640233188868,1,3.16607666015625,1,0.9598765903049045,0.5300567019730806,1,2.9078826904296875
6208.671,10,1,1,stimulusMovement,1,0.6921173731486002,0.5057080667465925,1,3.158203125,1,0.9555297427707248,0.523979440331459,1,2.9477996826171875
6225.337,10,1,1,stimulusMovement,1,0.6970303853352864,0.5040665715932846,1,3.1656951904296875,1,0.949364768134223,0.5287560690194368,1,2.947052001953125
6242.005,10,1,1,stimulusMovement,1,0.7000193066067165,0.5073143527843058,1,3.148529052734375,1,0.9513653649224175,0.5231201127171516,1,2.9248046875
6258.672,10,1,1,stimulusMovement,1,0.6816323598225911,0.5052021443843842,1,3.1611480712890625,1,0.9534744686550564,0.5304607581347227,1,2.928680419921875
6275.338,10,1,1,stimulusMovement,1,0.6787615882025825,0.499267146573402,1,3.143829345703125,1,0.9540602366129557,0.5235871151089668,1,2.94989013671875
6292.005,10,1,1,stimulusMovement,1,0.6796309153238932,0.5005609663203359,1,3.1968841552734375,1,0.9448538886176214,0.521309120580554,1,2.9687652587890625
6308.672,10,1,1,stimulusMovement,1,0.6779198116726345,0.4970069210976362,1,3.22564697265625,1,0.9527439541286892,0.5292059872299433,1,2.963897705078125
6325.338,10,1,1,stimulusMovement,1,0.6894849141438801,0.49718544632196426,1,3.1673736572265625,1,0.9495245615641276,0.5252078510820866,1,2.962615966796875
6342.006,10,1,1,stimulusMovement,1,0.6902550591362847,0.5045236879959702,1,3.2022552490234375,1,0.9582769605848523,0.5185083076357841,1,2.997894287109375
6358.673,10,1,1,stimulusMovement,1,0.6753953297932942,0.4978637103922665,1,3.20892333984375,1,0.951271269056532,0.5197214744985104,1,2.9944915771484375
6375.339,10,1,1,stimulusMovement,1,0.6743399302164713,0.490018212236464,1,3.2006683349609375,1,0.942419687906901,0.5251814424991608,1,2.9817657470703125
6392.006,10,1,1,stimulusMovement,1,0.6772801081339518,0.5006075312849134,1,3.194366455078125,1,0.9435963100857204,0.5173008386045694,1,2.985687255859375
6408.673,10,1,1,stimulusMovement,1,0.6776856316460503,0.4968474521301687,1,3.240814208984375,1,0.9535666571723089,0.5183260273188353,1,2.9969482421875
6425.339,10,1,1,stimulusMovement,1,0.6799790064493815,0.4974820767529309,1,3.22711181640625,1,0.9275247785780164,0.4992054272443056,1,3.0388946533203125
6442.007,10,1,1,stimulusMovement,1,0.681775516933865,0.49661218421533704,1,3.196990966796875,1,0.9455040825737847,0.5123597281053662,1,3.00921630859375
6458.674,10,1,1,stimulusMovement,1,0.6768096288045247,0.5004122776445001,1,3.2123870849609375,1,0.9418163299560547,0.5092519233003259,1,3.0154571533203125
6475.34,10,1,1,stimulusMovement,1,0.668826421101888,0.48952637147158384,1,3.1899261474609375,1,0.9473016526963975,0.5171127319335938,1,2.98858642578125
6492.007,10,1,1,stimulusMovement,1,0.6628426445855035,0.48088012635707855,1,3.210235595703125,1,0.9522194332546657,0.5081896185874939,1,2.9917449951171875
6508.674,10,1,1,stimulusMovement,1,0.6740701463487413,0.487255172803998,1,3.221527099609375,1,0.941941155327691,0.5156218633055687,1,2.98004150390625
6525.341,10,1,1,stimulusMovement,1,0.6752380794949001,0.49365825997665524,1,3.2185821533203125,1,0.9466154310438367,0.4996766656986438,1,3.0209503173828125
6542.008,10,1,1,stimulusMovement,1,0.6795799467298719,0.4970801677554846,1,3.2200927734375,1,0.9522385067409939,0.5044046142138541,1,3.005828857421875
6558.675,10,1,1,stimulusMovement,1,0.677443610297309,0.48982768319547176,1,3.2127685546875,1,0.9532364739312066,0.5055886898189783,1,3.006317138671875
6575.341,10,1,1,stimulusMovement,1,0.6734013027615017,0.4929221672937274,1,3.186981201171875,1,0.9397464328342013,0.510863016359508,1,3.003814697265625
6592.008,10,1,1,stimulusMovement,1,0.6787827809651692,0.4905242435634136,1,3.1990509033203125,1,0.9529031117757161,0.5112704364582896,1,3.0029754638671875
6608.675,10,1,1,stimulusMovement,1,0.6665634579128689,0.48438320495188236,1,3.216156005859375,1,0.9515092637803819,0.5157403126358986,1,2.9894866943359375
6625.342,10,1,1,stimulusMovement,1,0.6774472130669488,0.49199413880705833,1,3.2101593017578125,1,0.9568449656168619,0.5091374106705189,1,3.0093994140625
6642.009,10,1,1,stimulusMovement,1,0.6706886291503906,0.4824449196457863,1,3.2465057373046875,1,0.9590854644775391,0.5163905061781406,1,2.9852752685546875
6658.676,10,1,1,stimulusMovement,1,0.6720364888509114,0.4878258313983679,1,3.217010498046875,1,0.953950458102756,0.5148798637092113,1,2.9845733642578125
6675.342,10,1,1,stimulusMovement,1,0.6737081739637586,0.48455354291945696,1,3.242156982421875,1,0.94939210679796,0.5122571960091591,1,3.009246826171875
6692.009,10,1,1,stimulusMovement,1,0.6650809182061089,0.48172183334827423,1,3.172393798828125,1,0.951070573594835,0.5124727319926023,1,2.9846649169921875
6708.676,10,1,1,stimulusMovement,1,0.6724317338731554,0.48035869002342224,1,3.191925048828125,1,0.9500863817003038,0.5087990863248706,1,2.9727325439453125
6725.343,10,1,1,stimulusMovement,1,0.6723366843329536,0.47915636748075485,1,3.2003631591796875,1,0.9456867641872829,0.5117849316447973,1,2.999786376953125
6742.01,10,1,1,stimulusMovement,1,0.6713698705037434,0.47266384586691856,1,3.2099609375,1,0.9511057535807291,0.510363383218646,1,2.9993133544921875
6758.677,10,1,1,stimulusMovement,1,0.6660105387369791,0.4743647277355194,1,3.2454833984375,1,0.9410529666476779,0.5061849863268435,1,2.9840850830078125
6775.343,10,1,1,stimulusMovement,1,0.6721147961086696,0.4756232276558876,1,3.188751220703125,1,0.9492223527696397,0.5057830871082842,1,3.00408935546875
6792.01,10,1,1,stimulusMovement,1,0.6706689198811848,0.47233831137418747,1,3.2035980224609375,1,0.9531173706054688,0.5040209935978055,1,3.0298614501953125
6808.678,10,1,1,stimulusMovement,1,0.6731569502088758,0.47774970903992653,1,3.220733642578125,1,0.940493901570638,0.5028835963457823,1,3.0159759521484375
6825.344,10,1,1,stimulusMovement,1,0.6744321187337239,0.47265581227838993,1,3.230072021484375,1,0.9453752305772569,0.5041530416347086,1,3.0086212158203125
6842.011,10,1,1,stimulusMovement,1,0.6806153191460503,0.4802308324724436,1,3.201385498046875,1,0.9436126285129123,0.5057569677010179,1,2.9974212646484375
6858.678,10,1,1,stimulusMovement,1,0.6617086198594835,0.46704327687621117,1,3.224853515625,1,0.9424546559651692,0.5092897946015,1,3.0121307373046875
6875.344,10,1,1,fixation,1,0.6661438412136501,0.4776958655565977,1,3.19769287109375,1,0.9523184034559461,0.5093162301927805,1,2.9872894287109375
6892.011,10,1,1,fixation,0,nan,nan,0,nan,1,0.947909673055013,0.5155613552778959,1,2.771453857421875
6908.678,10,1,1,fixation,0,nan,nan,0,nan,0,nan,nan,0,nan
6925.345,10,1,1,fixation,1,0.6592756907145182,0.46925028413534164,1,3.2142181396484375,1,0.9488855997721354,0.5067365518771112,1,3.0000762939453125
6942.012,10,1,1,fixation,1,0.660670280456543,0.4906061012297869,1,2.9020233154296875,1,0.9529912736680772,0.5231552664190531,1,2.776763916015625
6958.678,10,1,1,fixation,0,nan,nan,0,nan,0,nan,nan,0,nan
6975.345,10,1,1,fixation,1,0.671112060546875,0.47351533360779285,1,3.200042724609375,1,0.9422370062934027,0.5050406418740749,1,2.99102783203125
6992.012,10,1,1,fixation,1,0.676830079820421,0.4840379934757948,1,2.9404144287109375,1,0.9552074008517795,0.5174218118190765,1,2.7724609375
7008.679,10,1,1,fixation,0,nan,nan,0,nan,0,nan,nan,0,nan
7025.346,10,1,1,fixation,1,0.666189087761773,0.4768589735031128,1,3.2218475341796875,1,0.9417037963867188,0.5077624386176467,1,2.9798583984375
7042.013,10,1,1,fixation,1,0.6728647020128038,0.48424267396330833,1,2.940032958984375,1,0.946377224392361,0.5162870772182941,1,2.7701568603515625
7058.679,10,1,1,fixation,0,nan,nan,0,nan,0,nan,nan,0,nan
7075.346,10,1,1,fixation,1,0.6650581359863281,0.47969383001327515,1,3.1922760009765625,1,0.935636732313368,0.5086731892079115,1,2.9853973388671875
7092.014,10,1,1,fixation,1,0.67014037238227,0.48226500675082207,1,2.9412078857421875,1,0.9470458560519748,0.5131138525903225,1,2.77252197265625
7108.68,10,1,1,fixation,0,nan,nan,0,nan,0,nan,nan,0,nan
7125.347,10,1,1,fixation,1,0.6592648824055989,0.4681987501680851,1,3.2170257568359375,1,0.9376178317599826,0.5046878717839718,1,2.98089599609375
7142.014,10,1,1,fixation,1,0.6739062203301324,0.478658314794302,1,2.9407958984375,1,0.9459139506022135,0.5193717889487743,1,2.775726318359375
7158.68,10,1,1,fixation,0,nan,nan,0,nan,0,nan,nan,0,nan
7175.347,10,1,1,fixation,1,0.6711374918619791,0.4731538239866495,1,3.221527099609375,1,0.9461669921875,0.5101430071517825,1,2.98370361328125
7192.015,10,1,1,fixation,0,nan,nan,0,nan,1,0.9463583628336588,0.5192224755883217,1,2.775604248046875
7208.681,10,1,1,fixation,0,nan,nan,0,nan,0,nan,nan,0,nan
7225.348,10,1,1,fixation,1,0.6737889183892144,0.47669787146151066,1,3.2103271484375,1,0.9428577423095703,0.5051227137446404,1,2.9905242919921875
7242.015,10,1,1,fixation,1,0.6731044981214734,0.47969840094447136,1,2.941192626953125,1,0.9467480977376301,0.514854627661407,1,2.7713775634765625
7258.681,10,1,1,fixation,0,nan,nan,0,nan,0,nan,nan,0,nan
7275.348,10,1,1,fixation,1,0.6687056223551432,0.47839139960706234,1,3.21038818359375,1,0.9408963521321614,0.5064824000000954,1,2.9948577880859375
7292.016,10,1,1,fixation,1,0.6757887734307183,0.4793371669948101,1,2.9427337646484375,1,0.9498778449164496,0.5195731315761805,1,2.772003173828125
7308.682,10,1,1,fixation,0,nan,nan,0,nan,0,nan,nan,0,nan
7325.349,10,1,1,fixation,1,0.6713357501559787,0.48582479637116194,1,3.2221527099609375,1,0.9539430406358507,0.5149891059845686,1,3.000518798828125
7342.016,10,1,1,fixation,1,0.6745215521918403,0.48475674353539944,1,2.940277099609375,1,0.9514270358615451,0.5238826498389244,1,2.776611328125
7358.682,10,1,1,fixation,0,nan,nan,0,nan,0,nan,nan,0,nan
7375.35,10,1,1,fixation,1,0.66412353515625,0.4834489356726408,1,3.2157745361328125,1,0.9443107181125217,0.5147041417658329,1,3.006927490234375
7392.017,10,1,1,fixation,1,0.6690201229519314,0.4842076934874058,1,2.94549560546875,1,0.9454883999294704,0.5237850155681372,1,2.7855682373046875
7408.683,10,1,1,fixation,0,nan,nan,0,nan,0,nan,nan,0,nan
7425.35,10,1,1,fixation,1,0.6718491448296441,0.486503342166543,1,3.23614501953125,1,0.9533971150716145,0.5076637789607048,1,3.01873779296875
7442.017,10,1,1,fixation,1,0.6649462381998698,0.4836071878671646,1,2.954864501953125,1,0.9434532589382595,0.5178140103816986,1,2.7976837158203125
7458.683,10,1,1,fixation,0,nan,nan,0,nan,0,nan,nan,0,nan
7475.351,10,1,1,fixation,1,0.6579244401719835,0.48405919410288334,1,3.240814208984375,1,0.936648686726888,0.5092664584517479,1,3.0214080810546875
7492.018,10,1,1,fixation,1,0.6681355370415581,0.4814318362623453,1,2.9646148681640625,1,0.9395874871148003,0.5201241914182901,1,2.81170654296875
7508.684,10,1,1,fixation,0,nan,nan,0,nan,0,nan,nan,0,nan
7525.351,10,1,1,fixation,1,0.6637852986653645,0.49232914997264743,1,3.279449462890625,1,0.9374622768825954,0.5142214512452483,1,3.047760009765625
7542.018,10,1,1,fixation,1,0.6653434965345594,0.48263056576251984,1,2.987335205078125,1,0.9440131717258029,0.5269283205270767,1,2.83984375
7558.684,10,1,1,fixation,0,nan,nan,0,nan,0,nan,nan,0,nan
7575.352,10,1,1,fixation,1,0.6720000372992622,0.49151557963341475,1,3.3105926513671875,1,0.9407198164198133,0.514453886076808,1,3.062530517578125
7592.019,10,1,1,fixation,1,0.6681752734714084,0.4820134397596121,1,3.0055389404296875,1,0.9465103149414062,0.5151793900877237,1,2.846343994140625
7608.685,10,1,1,fixation,0,nan,nan,0,nan,0,nan,nan,0,nan
7625.352,10,1,1,fixation,1,0.6779721577962239,0.48725638911128044,1,3.3148651123046875,1,0.9402542114257812,0.5105022201314569,1,3.0937957763671875
7642.019,10,1,1,fixation,1,0.6650784810384114,0.48309390246868134,1,3.0222320556640625,1,0.9435060289171007,0.5199650712311268,1,2.8671722412109375
7658.686,10,1,1,fixation,0,nan,nan,0,nan,0,nan,nan,0,nan
7675.353,10,1,1,fixation,1,0.6817126803927951,0.4915759451687336,1,3.3473052978515625,1,0.9617195129394531,0.5200090352445841,1,3.1357421875
7692.02,10,1,1,fixation,1,0.67328675587972,0.4890371710062027,1,3.041656494140625,1,0.9546886020236545,0.5324946828186512,1,2.884674072265625
7708.686,10,1,1,fixation,0,nan,nan,0,nan,0,nan,nan,0,nan
7725.353,10,1,1,fixation,1,0.6750460730658637,0.4954226464033127,1,3.361785888671875,1,0.9569401211208767,0.5208436772227287,1,3.1363525390625
7742.02,10,1,1,fixation,1,0.6767073737250434,0.4911158327013254,1,3.063690185546875,1,0.959875742594401,0.5277244709432125,1,2.906341552734375
7758.687,10,1,1,fixation,0,nan,nan,0,nan,0,nan,nan,0,nan
7775.354,10,1,1,fixation,1,0.686595704820421,0.4969728305004537,1,3.3921356201171875,1,0.9509402381049261,0.5199327282607555,1,3.1370697021484375
7792.021,10,1,1,fixation,1,0.6806566450330945,0.49236874049529433,1,3.082000732421875,1,0.9595205518934461,0.5288500357419252,1,2.921905517578125
7808.687,10,1,1,fixation,0,nan,nan,0,nan,0,nan,nan,0,nan
7825.354,10,1,1,fixation,1,0.6747858259412977,0.49592823069542646,1,3.404998779296875,1,0.9557304382324219,0.5137253161519766,1,3.1666259765625
7842.021,10,1,1,fixation,1,0.6767817603217231,0.4916035160422325,1,3.099456787109375,1,0.9554367065429688,0.5279192235320807,1,2.942291259765625
7858.688,10,1,1,fixation,0,nan,nan,0,nan,0,nan,nan,0,nan
7875.355,10,1,1,fixation,1,0.6779169506496853,0.4938503713347018,1,3.4055938720703125,1,0.951594246758355,0.5129176052287221,1,3.161285400390625
7892.022,10,1,1,fixation,1,0.6810595194498698,0.49069331120699644,1,3.117950439453125,1,0.9575983683268229,0.5324859134852886,1,2.95953369140625
7908.688,10,1,1,fixation,0,nan,nan,0,nan,0,nan,nan,0,nan
7925.355,10,1,1,fixation,1,0.6930956310696071,0.483643414452672,1,3.50927734375,1,0.9505844116210938,0.5193247925490141,1,3.1976165771484375
7942.023,10,1,1,fixation,1,0.6775874031914605,0.4912651274353266,1,3.13153076171875,1,0.9589305453830295,0.5288497302681208,1,2.974853515625
7958.689,10,1,1,stimulusMovement,0,nan,nan,0,nan,0,nan,nan,0,nan
7975.356,10,1,1,stimulusMovement,1,0.6605455610487195,0.5097328815609217,1,3.3712005615234375,1,0.9509362114800347,0.515848433598876,1,3.231475830078125
7992.023,10,1,1,stimulusMovement,1,0.6696146859063042,0.4912447175011039,1,3.4727630615234375,1,0.9396510654025607,0.5166032761335373,1,3.217681884765625
8008.69,10,1,1,stimulusMovement,1,0.6723700629340278,0.49636285193264484,1,3.464141845703125,1,0.9433746337890625,0.5161023009568453,1,3.2236785888671875
8025.356,10,1,1,stimulusMovement,1,0.6908382839626735,0.49976321536814794,1,3.5052490234375,1,0.9448212517632378,0.5184316225349903,1,3.20880126953125
8042.023,10,1,1,stimulusMovement,1,0.6790711085001627,0.49060308188199997,1,3.4441680908203125,1,0.940636740790473,0.5184954460710287,1,3.210906982421875
8058.69,10,1,1,stimulusMovement,1,0.6748642391628689,0.48200972750782967,1,3.4794921875,1,0.9480523003472222,0.5112630967050791,1,3.2564697265625
8075.356,10,1,1,stimulusMovement,1,0.6886157989501953,0.49790489044971764,1,3.4842987060546875,1,0.9380014207628038,0.5147065985947847,1,3.2252960205078125
8092.023,10,1,1,stimulusMovement,1,0.6968388027615017,0.4996590322989505,1,3.47991943359375,1,0.9450931549072266,0.5137265436351299,1,3.2488250732421875
8108.69,10,1,1,stimulusMovement,1,0.6859662797715929,0.49894101032987237,1,3.4843597412109375,1,0.9430789947509766,0.5094016771763563,1,3.24237060546875
8125.355,10,1,1,stimulusMovement,1,0.6794548034667969,0.4933585054241121,1,3.4840240478515625,1,0.9415435791015625,0.5163076296448708,1,3.2257232666015625
8142.023,10,1,1,stimulusMovement,1,0.6945643954806857,0.49758510082028806,1,3.49005126953125,1,0.9500168694390191,0.5104619171470404,1,3.2380218505859375
8158.69,10,1,1,stimulusMovement,1,0.6840824551052517,0.4942807829938829,1,3.48736572265625,1,0.9497330983479817,0.510246854275465,1,3.2423553466796875
8175.356,10,1,1,stimulusMovement,1,0.6776200400458442,0.49688343703746796,1,3.47943115234375,1,0.9529457092285156,0.515024472028017,1,3.2203216552734375
8192.023,10,1,1,stimulusMovement,1,0.6794284184773762,0.4951180415228009,1,3.4578094482421875,1,0.941905763414171,0.5178607478737831,1,3.24017333984375
8208.689,10,1,1,stimulusMovement,1,0.6630764007568359,0.4906954187899828,1,3.47442626953125,1,0.9427382151285807,0.5164740346372128,1,3.2248992919921875
8225.356,10,1,1,stimulusMovement,1,0.6671099132961696,0.4931013770401478,1,3.4803619384765625,1,0.9505784776475694,0.5184147097170353,1,3.2208099365234375
8242.023,10,1,1,stimulusMovement,1,0.6712746090359157,0.49538213992491364,1,3.4657745361328125,1,0.9542933570014105,0.5112154213711619,1,3.240447998046875
8258.69,10,1,1,stimulusMovement,1,0.6761752234564887,0.4917599828913808,1,3.4819183349609375,1,0.9505246480305989,0.5184840373694897,1,3.2207794189453125
8275.355,10,1,1,stimulusMovement,1,0.6632888582017686,0.4888096572831273,1,3.454193115234375,1,0.9496262868245442,0.5135456984862685,1,3.2029571533203125
8292.022,10,1,1,stimulusMovement,1,0.6751923031277126,0.4856223724782467,1,3.4605865478515625,1,0.9468826717800564,0.5165237467736006,1,3.224395751953125
8308.689,10,1,1,stimulusMovement,1,0.6640693876478406,0.4922356391325593,1,3.431182861328125,1,0.9507897694905598,0.5146591011434793,1,3.2407989501953125
8325.356,10,1,1,stimulusMovement,1,0.6711701287163628,0.49289692752063274,1,3.4223785400390625,1,0.9471533033582898,0.5128587130457163,1,3.2578125
8342.023,10,1,1,stimulusMovement,1,0.6729545593261719,0.49231775756925344,1,3.447113037109375,1,0.9468250274658203,0.5140752345323563,1,3.233734130859375
8358.689,10,1,1,stimulusMovement,1,0.6671697828504773,0.5019978904165328,1,3.466033935546875,1,0.9511441124810113,0.516021303832531,1,3.214111328125
8375.355,10,1,1,stimulusMovement,1,0.6719127231174045,0.5001307039055973,1,3.425323486328125,1,0.950588650173611,0.5143214548006654,1,3.241729736328125
8392.022,10,1,1,stimulusMovement,1,0.6760048336452907,0.4910900015383959,1,3.442413330078125,1,0.9479092491997613,0.5120541471987963,1,3.2381744384765625
8408.689,10,1,1,stimulusMovement,1,0.6729789310031467,0.48738879431039095,1,3.4073486328125,1,0.9508399963378906,0.5136688780039549,1,3.249969482421875
8425.355,10,1,1,stimulusMovement,1,0.6671772003173828,0.48505801893770695,1,3.4485015869140625,1,0.9398167928059895,0.5132289193570614,1,3.22296142578125
8442.022,10,1,1,stimulusMovement,1,0.6780287424723307,0.49069539830088615,1,3.4471282958984375,1,0.9456884596082898,0.5106818955391645,1,3.229156494140625
8458.689,10,1,1,stimulusMovement,1,0.6747240490383571,0.49013440404087305,1,3.40740966796875,1,0.9406081305609808,0.5139037081971765,1,3.2238922119140625
8475.355,10,1,1,stimulusMovement,1,0.7231473922729492,0.47333201207220554,1,3.27392578125,1,0.9393641153971354,0.5116847921162844,1,3.235931396484375
8492.022,10,1,1,stimulusMovement,1,0.660202768113878,0.4826291371136904,1,3.442596435546875,1,0.9405119154188367,0.5144437607377768,1,3.228973388671875
8508.689,10,1,1,stimulusMovement,1,0.6657672458224826,0.49520113272592425,1,3.42724609375,1,0.9394840664333767,0.5122136035934091,1,3.236968994140625
8525.355,10,1,1,stimulusMovement,1,0.6646191279093424,0.48246913589537144,1,3.4215087890625,1,0.9472982618543836,0.5118819810450077,1,3.2444610595703125
8542.022,10,1,1,stimulusMovement,1,0.6751465267605251,0.49344627978280187,1,3.4527130126953125,1,0.9440765380859375,0.5164925456047058,1,3.230316162109375
8558.689,10,1,1,stimulusMovement,1,0.6680786344740125,0.491158215329051,1,3.4568328857421875,1,0.9418746100531683,0.510601345449686,1,3.238861083984375
8575.354,10,1,1,stimulusMovement,1,0.6760728624131944,0.488996927626431,1,3.4468841552734375,1,0.9438836839463975,0.5122351832687855,1,3.2284698486328125
8592.021,10,1,1,stimulusMovement,1,0.6641067928738064,0.4882738422602415,1,3.4136199951171875,1,0.9422730339898003,0.5185654833912849,1,3.2249755859375
8608.689,10,1,1,stimulusMovement,1,0.6720496283637153,0.4851906755939126,1,3.420135498046875,1,0.9450978173149956,0.5088577438145876,1,3.2491455078125
8625.355,10,1,1,stimulusMovement,1,0.6735093858506944,0.4884574878960848,1,3.4432220458984375,1,0.950155046251085,0.5067065344192088,1,3.2655181884765625
8642.021,10,1,1,stimulusMovement,1,0.6704570982191297,0.49097918532788754,1,3.4272308349609375,1,0.9432621002197266,0.5091555276885629,1,3.2409515380859375
8658.688,10,1,1,stimulusMovement,1,0.6632299423217773,0.4842356964945793,1,3.4400482177734375,1,0.9426962534586588,0.506032433360815,1,3.2477264404296875
8675.354,10,1,1,stimulusMovement,1,0.6766780217488606,0.49475793773308396,1,3.472625732421875,1,0.9359777238633897,0.5114435711875558,1,3.2362213134765625
8692.021,10,1,1,stimulusMovement,1,0.6654368506537544,0.4858375573530793,1,3.39947509765625,1,0.9344170888264973,0.5103311352431774,1,3.2235260009765625
8708.689,10,1,1,stimulusMovement,1,0.664439943101671,0.4785090535879135,1,3.44732666015625,1,0.9383038414849175,0.5162589363753796,1,3.2051239013671875
8725.354,10,1,1,stimulusMovement,1,0.6687113444010416,0.4773048162460327,1,3.43548583984375,1,0.9468652937147352,0.5089435102418065,1,3.2325592041015625
8742.021,10,1,1,stimulusMovement,1,0.6698391172620984,0.47838911786675453,1,3.435302734375,1,0.9426517486572266,0.508676502853632,1,3.2383880615234375
8758.688,10,1,1,stimulusMovement,1,0.669348398844401,0.4900132082402706,1,3.443084716796875,1,0.9416870541042751,0.508651789277792,1,3.252105712890625
8775.354,10,1,1,stimulusMovement,1,0.6643027199639214,0.4767310693860054,1,3.4577484130859375,1,0.9358545939127604,0.5043890010565519,1,3.2585601806640625
8792.021,10,1,1,stimulusMovement,1,0.6643062167697482,0.48400888219475746,1,3.440765380859375,1,0.9373556772867838,0.5068488637916744,1,3.271697998046875
8808.688,10,1,1,stimulusMovement,1,0.6668544345431857,0.48107676208019257,1,3.4462890625,1,0.9446974860297308,0.5085955979302526,1,3.231781005859375
8825.354,10,1,1,stimulusMovement,1,0.6695800357394748,0.48663475550711155,1,3.4320220947265625,1,0.9431383344862195,0.5079143503680825,1,3.2398529052734375
8842.021,10,1,1,stimulusMovement,1,0.6642146640353732,0.479989480227232,1,3.4254913330078125,1,0.9444404178195529,0.507041054777801,1,3.24615478515625
8858.687,10,1,1,stimulusMovement,1,0.6644619835747613,0.485467754304409,1,3.408203125,1,0.9470202128092448,0.5134610356763005,1,3.245880126953125
8875.353,10,1,1,stimulusMovement,1,0.6611518859863281,0.4826005734503269,1,3.460357666015625,1,0.9424063364664713,0.508392465300858,1,3.2450714111328125
8892.021,10,1,1,stimulusMovement,1,0.6630039215087891,0.4780256450176239,1,3.4426727294921875,1,0.9411841498480902,0.5103674400597811,1,3.2520294189453125
8908.688,10,1,1,stimulusMovement,1,0.6637240515814887,0.48147162422537804,1,3.458465576171875,1,0.9463144938151041,0.5160413384437561,1,3.23773193359375
8925.353,10,1,1,stimulusMovement,1,0.6599436865912544,0.47505879774689674,1,3.4666595458984375,1,0.9444628821478949,0.5051922020502388,1,3.260345458984375
8942.02,10,1,1,stimulusMovement,1,0.6757316589355469,0.48562927544116974,1,3.4451751708984375,1,0.9376583099365234,0.5086710462346673,1,3.240386962890625
8958.687,10,1,1,stimulusMovement,1,0.6623397403293185,0.47378381714224815,1,3.467071533203125,1,0.9402300516764323,0.5038932631723583,1,3.26324462890625
8975.353,10,1,1,stimulusMovement,1,0.6676718393961588,0.48369646072387695,1,3.4583587646484375,1,0.9380484686957464,0.5050990027375519,1,3.2642974853515625
8992.02,10,1,1,stimulusMovement,1,0.6643002827962239,0.4794394914060831,1,3.4720306396484375,1,0.9384960598415798,0.5098030865192413,1,3.2633209228515625
9008.687,10,1,1,stimulusMovement,1,0.6601102617051866,0.47867828607559204,1,3.4515533447265625,1,0.9495468139648438,0.5037604419048876,1,3.2598114013671875
9025.353,10,1,1,stimulusMovement,1,0.6639649073282877,0.47238998860120773,1,3.4853057861328125,1,0.9445313347710503,0.5009311559842899,1,3.248626708984375
9042.02,10,1,1,stimulusMovement,1,0.659272723727756,0.4727664068341255,1,3.4371490478515625,1,0.9427110883924695,0.4993730870191939,1,3.240447998046875
9058.687,10,1,1,stimulusMovement,1,0.6683489481608073,0.4753774218261242,1,3.437255859375,1,0.938468509250217,0.5004902991931885,1,3.2311859130859375
9075.353,10,1,1,stimulusMovement,1,0.6735683017306857,0.4759371057152748,1,3.438720703125,1,0.9467436472574869,0.5033113872632384,1,3.2506103515625
9092.02,10,1,1,stimulusMovement,1,0.6686098310682508,0.486441096290946,1,3.4538421630859375,1,0.945869657728407,0.5002590907970443,1,3.2467193603515625
9108.687,10,1,1,stimulusMovement,1,0.6650986141628689,0.47963531501591206,1,3.434051513671875,1,0.9488855997721354,0.5060675595887005,1,3.2340545654296875
9125.352,10,1,1,stimulusMovement,1,0.6705735524495442,0.4752080887556076,1,3.442291259765625,1,0.9515529208713107,0.5049397069960833,1,3.238037109375
9142.019,10,1,1,stimulusMovement,1,0.6692944632636176,0.47794442251324654,1,3.4374847412109375,1,0.9527344173855251,0.5067434189841151,1,3.2257537841796875
9158.686,10,1,1,stimulusMovement,1,0.6761319902208116,0.4875807370990515,1,3.46893310546875,1,0.9542751312255859,0.5024020853452384,1,3.2430572509765625
9175.352,10,1,1,stimulusMovement,1,0.6793746948242188,0.4806991256773472,1,3.435028076171875,1,0.9567913479275173,0.49810989713296294,1,3.2379608154296875
9192.019,10,1,1,stimulusMovement,1,0.6726095411512586,0.47944486886262894,1,3.4356231689453125,1,0.9574644300672742,0.5011366449762136,1,3.24298095703125
9208.686,10,1,1,stimulusMovement,1,0.676642100016276,0.48681273963302374,1,3.4342803955078125,1,0.9620980156792535,0.5028824619948864,1,3.241424560546875
9225.352,10,1,1,stimulusMovement,1,0.6733688778347439,0.4825688675045967,1,3.418731689453125,1,0.96114624871148,0.506376251578331,1,3.2272491455078125
9242.019,10,1,1,stimulusMovement,1,0.6662346522013346,0.4893535152077675,1,3.433624267578125,1,0.9533356560601128,0.4998269094940042,1,3.2263946533203125
9258.686,10,1,1,stimulusMovement,1,0.6661516825358073,0.47729753889143467,1,3.411285400390625,1,0.946539560953776,0.5038750811945647,1,3.2066497802734375
9275.352,10,1,1,stimulusMovement,1,0.6658749050564235,0.48642020765691996,1,3.4481048583984375,1,0.9488463931613498,0.5137252472341061,1,3.202178955078125
9292.019,10,1,1,stimulusMovement,1,0.674415800306532,0.4792866185307503,1,3.4156951904296875,1,0.9445385403103298,0.5158436987549067,1,3.185577392578125
9308.685,10,1,1,stimulusMovement,1,0.6605718400743272,0.4783500134944916,1,3.3970794677734375,1,0.9417453342013888,0.513752855360508,1,3.1964874267578125
9325.351,10,1,1,stimulusMovement,1,0.6733881632486979,0.4862350942566991,1,3.41693115234375,1,0.940171135796441,0.5112931523472071,1,3.201416015625
9342.018,10,1,1,stimulusMovement,1,0.6747866736518012,0.49147251807153225,1,3.3846282958984375,1,0.9405252668592664,0.5145595418289304,1,3.1426544189453125
9358.685,10,1,1,stimulusMovement,1,0.6692390441894531,0.48479906283318996,1,3.3973388671875,1,0.9353578355577257,0.510800271295011,1,3.1524810791015625
9375.351,10,1,1,stimulusMovement,1,0.6641979217529297,0.48368524573743343,1,3.3848876953125,1,0.9364713033040364,0.4980419899802655,1,3.162017822265625
9392.018,10,1,1,stimulusMovement,1,0.6683701409233941,0.48622608836740255,1,3.360137939453125,1,0.9389148288302951,0.5068691270425916,1,3.151031494140625
9408.685,10,1,1,stimulusMovement,1,0.6645952860514323,0.4860491119325161,1,3.3793487548828125,1,0.9367728763156467,0.502913317643106,1,3.1306304931640625
9425.351,10,1,1,stimulusMovement,1,0.6712338129679362,0.4809967093169689,1,3.3311920166015625,1,0.9470698038736979,0.49942087032832205,1,3.143402099609375
9442.018,10,1,1,stimulusMovement,1,0.6628865136040581,0.4743139408528805,1,3.352783203125,1,0.944086922539605,0.508374884724617,1,3.134552001953125
9458.685,10,1,1,stimulusMovement,1,0.6676167382134331,0.47681357339024544,1,3.3330078125,1,0.9466226365831163,0.5048594633117318,1,3.121063232421875
9475.351,10,1,1,stimulusMovement,1,0.6687906053331163,0.4770896155387163,1,3.3310699462890625,1,0.9494825998942057,0.4997395540121943,1,3.1331634521484375
9492.017,10,1,1,stimulusMovement,1,0.6681635114881727,0.48151796869933605,1,3.318328857421875,1,0.9441727532280816,0.5016307744663209,1,3.1281890869140625
9508.684,10,1,1,stimulusMovement,1,0.6633217069837781,0.4693511500954628,1,3.30145263671875,1,0.9462780422634548,0.5074970950372517,1,3.102569580078125
9525.35,10,1,1,stimulusMovement,1,0.6678977542453342,0.46664952486753464,1,3.3005523681640625,1,0.9370420244004991,0.5002577586565167,1,3.109283447265625
9542.017,10,1,1,stimulusMovement,1,0.6707204182942708,0.46354538947343826,1,3.28521728515625,1,0.9430147806803385,0.5002917022211477,1,3.101104736328125
9558.684,10,1,1,stimulusMovement,1,0.6705793804592556,0.4676094725728035,1,3.278900146484375,1,0.949885262383355,0.5024631547275931,1,3.101287841796875
9575.35,10,1,1,stimulusMovement,1,0.673203362358941,0.4659900851547718,1,3.2479705810546875,1,0.9438018798828125,0.4989454160677269,1,3.056854248046875
9592.017,10,1,1,stimulusMovement,1,0.6717756059434679,0.4662448577582836,1,3.2622222900390625,1,0.9483598073323567,0.5017350008711219,1,3.0522613525390625
9608.684,10,1,1,stimulusMovement,1,0.6800445980495876,0.4694030750542879,1,3.2348175048828125,1,0.9445139567057291,0.5019238501554355,1,3.03363037109375
9625.35,10,1,1,stimulusMovement,1,0.6706696616278754,0.471809946000576,1,3.2261505126953125,1,0.9520564609103732,0.4964854335412383,1,3.0318756103515625
9642.017,10,1,1,stimulusMovement,1,0.679913838704427,0.46654491499066353,1,3.2244873046875,1,0.954157723320855,0.5014760460471734,1,3.0130462646484375
9658.684,10,1,1,stimulusMovement,1,0.6800140804714626,0.46792907267808914,1,3.2061004638671875,1,0.9461110432942708,0.49305875040590763,1,3.023651123046875
9675.349,10,1,1,stimulusMovement,1,0.6693579355875651,0.45878640934824944,1,3.235809326171875,1,0.9504133860270182,0.500479425129015,1,2.9918060302734375
9692.016,10,1,1,stimulusMovement,1,0.6669288211398654,0.45756977051496506,1,3.18109130859375,1,0.9460815853542751,0.49892418133094907,1,2.975677490234375
9708.683,10,1,1,stimulusMovement,1,0.6573900646633571,0.45378289744257927,1,3.205322265625,1,0.9410928090413411,0.4961053361184895,1,2.9790191650390625
9725.349,10,1,1,stimulusMovement,1,0.6688370174831814,0.4543426036834717,1,3.21356201171875,1,0.9376669989691839,0.49238310661166906,1,2.9609527587890625
9742.016,10,1,1,stimulusMovement,1,0.6523171530829536,0.45419055223464966,1,3.187286376953125,1,0.9372378455268011,0.4903295002877712,1,2.9592437744140625
9758.683,10,1,1,stimulusMovement,1,0.6449987623426648,0.4451407268643379,1,3.2060546875,1,0.9241659376356336,0.4951646029949188,1,2.9658050537109375
9775.348,10,1,1,stimulusMovement,1,0.6439976162380642,0.4509413130581379,1,3.1631011962890625,1,0.9342322879367404,0.48833341524004936,1,2.962127685546875
9792.015,10,1,1,stimulusMovement,1,0.6445210774739583,0.45299967005848885,1,3.178131103515625,1,0.9206453959147135,0.4897630447521806,1,2.94091796875
9808.682,10,1,1,stimulusMovement,1,0.6358589596218532,0.44798916578292847,1,3.139495849609375,1,0.9126853942871094,0.4803306981921196,1,2.9493408203125
9825.348,10,1,1,stimulusMovement,1,0.6318929460313585,0.4396023005247116,1,3.15606689453125,1,0.8972668117947048,0.48947032634168863,1,2.96026611328125
9842.015,10,1,1,stimulusMovement,1,0.6396493911743164,0.454500425606966,1,3.1611175537109375,1,0.8982632954915364,0.47935765609145164,1,2.9349212646484375
9858.682,10,1,1,stimulusMovement,1,0.5368514590793185,0.4511673152446747,1,3.131378173828125,1,0.830449104309082,0.48605688102543354,1,2.93804931640625
9875.348,10,1,1,stimulusMovement,1,0.39885881212022567,0.4660649709403515,1,3.1519012451171875,1,0.6775146060519748,0.4950021500699222,1,2.9383544921875
9892.015,10,1,1,stimulusMovement,1,0.36765204535590273,0.4654373787343502,1,3.1385498046875,1,0.6311154895358615,0.5054448647424579,1,2.9225006103515625
9908.681,10,1,1,stimulusMovement,0,nan,nan,0,nan,1,0.6085920333862305,0.5052324747666717,1,2.9051513671875
9925.347,10,1,1,stimulusMovement,1,0.34151988559299046,0.47680405527353287,1,3.1092376708984375,1,0.6057703230116102,0.5020336173474789,1,2.9391326904296875
9942.014,10,1,1,stimulusMovement,1,0.33364444308810765,0.47777540795505047,1,3.1246490478515625,1,0.5921851264105903,0.5074767242185771,1,2.927520751953125
9958.681,10,1,1,stimulusMovement,1,0.3280088636610243,0.4730205610394478,1,3.1248779296875,1,0.578107198079427,0.5041046040132642,1,2.909210205078125
9975.347,10,1,1,stimulusMovement,1,0.31049156188964844,0.47098344564437866,1,3.15386962890625,1,0.5725218454996744,0.5039971945807338,1,2.92266845703125
9992.014,10,1,1,stimulusMovement,1,0.30408287048339844,0.4773398283869028,1,3.1589508056640625,1,0.55518552992079,0.5024102691095322,1,2.922088623046875
10008.681,10,1,1,stimulusMovement,1,0.286383310953776,0.48112116754055023,1,3.1257171630859375,1,0.5568923950195312,0.4991235511843115,1,2.93170166015625
10025.347,10,1,1,stimulusMovement,1,0.2802881664699978,0.48227911442518234,1,3.1338653564453125,1,0.5379357867770724,0.4980776868760586,1,2.918975830078125
10042.014,10,1,1,stimulusMovement,1,0.2537773980034722,0.47781298868358135,1,3.1392669677734375,1,0.5243564181857638,0.5029835477471352,1,2.9321136474609375
10058.68,10,1,1,stimulusMovement,1,0.24130015903049043,0.47999925911426544,1,3.1284942626953125,1,0.506872812906901,0.5020673421677202,1,2.9368133544921875
10075.346,10,1,1,stimulusMovement,1,0.23050287034776473,0.4771496281027794,1,3.1452789306640625,1,0.4885201983981662,0.4943432370200753,1,2.9405517578125
10092.013,10,1,1,stimulusMovement,1,0.14185523986816406,0.4818100295960903,1,3.1374053955078125,1,0.390073988172743,0.51254309900105,1,2.950927734375
10108.68,10,1,1,stimulusMovement,1,0.10149044460720485,0.49293771712109447,1,3.1321868896484375,1,0.3385290569729275,0.5029216851107776,1,2.9503936767578125
10125.346,10,1,1,stimulusMovement,1,0.0693717532687717,0.4966098750010133,1,3.1481170654296875,1,0.3196921878390842,0.5059742596931756,1,2.9362335205078125
10142.012,10,1,1,stimulusMovement,1,0.05723020765516493,0.49793460546061397,1,3.145355224609375,1,0.300604502360026,0.5057779871858656,1,2.9590606689453125
10158.679,10,1,1,stimulusMovement,1,0.04469638400607639,0.4962650507222861,1,3.1602783203125,1,0.28647867838541663,0.512939102947712,1,2.94677734375
10175.346,10,1,1,stimulusMovement,1,0.018717341952853732,0.49774143076501787,1,3.163330078125,1,0.2649318906995985,0.5133447991684079,1,2.953582763671875
10192.012,10,1,1,stimulusMovement,1,0.009310086568196613,0.5022510054986924,1,3.1822357177734375,1,0.260353512234158,0.5103590711951256,1,2.9695892333984375
10208.679,10,1,1,stimulusMovement,1,-0.011161698235405816,0.5052626151591539,1,3.1427764892578125,1,0.2312494913736979,0.510968872345984,1,2.958648681640625
10225.345,10,1,1,stimulusMovement,1,-0.035866525438096784,0.5098615232855082,1,3.174224853515625,1,0.21717283460828993,0.5153934098780155,1,2.95513916015625
10242.012,10,1,1,stimulusMovement,1,-0.03920968373616536,0.50912681594491,1,3.165740966796875,1,0.20367887285020614,0.5174837671220303,1,2.952117919921875
10258.679,10,1,1,stimulusMovement,1,-0.0604101816813151,0.5116109102964401,1,3.1610260009765625,1,0.18848970201280382,0.5143865710124373,1,2.949920654296875
10275.344,10,1,1,stimulusMovement,1,-0.07222504085964626,0.515041564591229,1,3.1748809814453125,1,0.17356957329644096,0.5139391208067536,1,2.95050048828125
10292.011,10,1,1,stimulusMovement,1,-0.09088526831732856,0.5140539817512035,1,3.14434814453125,1,0.16303782992892793,0.5096372803673148,1,2.9681549072265625
10308.678,10,1,1,stimulusMovement,1,-0.10557376013861762,0.5118610402569175,1,3.131011962890625,1,0.14404572380913627,0.51483687851578,1,2.9256591796875
10325.344,10,1,1,stimulusMovement,1,-0.17181852128770617,0.48358260840177536,1,3.10540771484375,1,0.07921324835883246,0.5057361945509911,1,2.927734375
10342.011,10,1,1,stimulusMovement,1,-0.19442494710286456,0.49017081037163734,1,3.090667724609375,1,0.06768480936686197,0.5041900142095983,1,2.9268951416015625
10358.678,10,1,1,stimulusMovement,1,-0.20935694376627603,0.4855754245072603,1,3.07269287109375,1,0.04338116115993924,0.5099455947056413,1,2.9069976806640625
10375.344,10,1,1,stimulusMovement,1,-0.21815914577907985,0.4918240839615464,1,3.057525634765625,1,0.03855641682942708,0.5060087176971138,1,2.8992919921875
10392.011,10,1,1,stimulusMovement,1,-0.23674403296576604,0.49278656393289566,1,3.0444488525390625,1,0.019096798366970483,0.5108453389257193,1,2.88958740234375
10408.678,10,1,1,stimulusMovement,1,-0.2497733434041341,0.48720255866646767,1,3.0115966796875,1,-0.006631745232476128,0.5040153698064387,1,2.8838958740234375
10425.343,10,1,1,stimulusMovement,1,-0.2690194447835286,0.49402005644515157,1,3.0365753173828125,1,-0.02178276909722222,0.5076319384388626,1,2.8637237548828125
10442.01,10,1,1,stimulusMovement,1,-0.2880299886067708,0.4957431610673666,1,3.0069732666015625,1,-0.03312322828504774,0.5099416757002473,1,2.8693695068359375
10458.677,10,1,1,stimulusMovement,1,-0.30260107252332896,0.49238015804439783,1,2.9942626953125,1,-0.04828823937310112,0.506891306489706,1,2.865447998046875
10475.343,10,1,1,stimulusMovement,1,-0.32068973117404515,0.4942924347706139,1,2.9866485595703125,1,-0.06561364067925347,0.5061027491465211,1,2.85272216796875
10492.009,10,1,1,stimulusMovement,1,-0.33889155917697483,0.4953474001958966,1,2.9840850830078125,1,-0.0892187754313151,0.5074824630282819,1,2.8516998291015625
10508.676,10,1,1,stimulusMovement,1,-0.35976070827907985,0.4959371918812394,1,2.9840240478515625,1,-0.10478141572740342,0.5030219806358218,1,2.8352508544921875
10525.342,10,1,1,stimulusMovement,1,-0.38026195102267796,0.49522807728499174,1,2.9863739013671875,1,-0.11919509039984809,0.5088939294219017,1,2.843414306640625
10542.009,10,1,1,stimulusMovement,1,-0.3894529342651367,0.4964817597065121,1,2.985382080078125,1,-0.14668761359320745,0.504062233492732,1,2.83941650390625
10558.676,10,1,1,stimulusMovement,1,-0.41324064466688365,0.4986847076797858,1,2.990386962890625,1,-0.1628768179151747,0.5113893020898104,1,2.8319549560546875
10575.342,10,1,1,stimulusMovement,1,-0.42393032709757483,0.4984549069777131,1,3.0112152099609375,1,-0.17784595489501953,0.5067235599271953,1,2.83660888671875
10592.009,10,1,1,stimulusMovement,1,-0.43349409103393555,0.4999348327983171,1,2.990203857421875,1,-0.18339257770114473,0.5038733792025596,1,2.8453826904296875
10608.676,10,1,1,stimulusMovement,1,-0.47103722890218097,0.4992045701947063,1,3.004180908203125,1,-0.21753470102945963,0.5077542690560222,1,2.864227294921875
10625.341,10,1,1,stimulusMovement,1,-0.4748594495985243,0.5010266583412886,1,3.004608154296875,1,-0.22058820724487305,0.49975456338142976,1,2.849151611328125
10642.008,10,1,1,stimulusMovement,1,-0.49419360690646696,0.5054188757203519,1,3.006378173828125,1,-0.23065127266777885,0.5065621212124825,1,2.8478240966796875
10658.675,10,1,1,stimulusMovement,1,-0.5012930234273274,0.4953865138813853,1,3.003631591796875,1,-0.25101274914211696,0.500245432718657,1,2.8509521484375
10675.34,10,1,1,stimulusMovement,1,-0.5168524318271213,0.5039023326244205,1,3.0004730224609375,1,-0.26206980811225045,0.5030038780532777,1,2.839874267578125
10692.007,10,1,1,stimulusMovement,1,-0.538667254977756,0.5034949898254126,1,3.0210723876953125,1,-0.2772228982713487,0.5017601866275072,1,2.851776123046875
10708.674,10,1,1,stimulusMovement,1,-0.5463452868991427,0.5062623107805848,1,3.0123748779296875,1,-0.29240406884087455,0.49913827585987747,1,2.8435211181640625
10725.341,10,1,1,stimulusMovement,1,-0.5677898459964328,0.5090397354215384,1,3.02276611328125,1,-0.30956104066636825,0.4974643439054489,1,2.8549957275390625
10742.007,10,1,1,stimulusMovement,1,-0.5791262520684136,0.5061724544502795,1,3.0361785888671875,1,-0.3252062267727322,0.49781291536055505,1,2.844451904296875
10758.674,10,1,1,stimulusMovement,1,-0.5957266489664713,0.5047105457633734,1,3.0063018798828125,1,-0.3457249535454644,0.507278545293957,1,2.843505859375
10775.34,10,1,1,stimulusMovement,1,-0.621485710144043,0.5017217425629497,1,3.0050811767578125,1,-0.36558140648735893,0.49573546135798097,1,2.834747314453125
10792.007,10,1,1,stimulusMovement,1,-0.6387796401977539,0.5168842934072018,1,3.0108642578125,1,-0.3844689793056912,0.4994448777870275,1,2.83441162109375
10808.673,10,1,1,stimulusMovement,1,-0.6557975345187717,0.5144056472927332,1,3.001617431640625,1,-0.402843263414171,0.5071950093843043,1,2.8453369140625
10825.339,10,1,1,stimulusMovement,1,-0.733830279774136,0.5131108928471804,1,2.9721832275390625,1,-0.4690584076775445,0.4957455489784479,1,2.8297882080078125
10842.006,10,1,1,stimulusMovement,1,-0.7399968173768785,0.5176545828580856,1,2.945648193359375,1,-0.48877265718248153,0.5044196373783052,1,2.81072998046875
10858.673,10,1,1,stimulusMovement,1,-0.7682694329155816,0.5156297497451305,1,2.95849609375,1,-0.514820310804579,0.4952830062247813,1,2.79730224609375
10875.338,10,1,1,stimulusMovement,1,-0.7874655061297946,0.5185890048742294,1,2.93865966796875,1,-0.5298886828952365,0.4970906872767955,1,2.7599945068359375
10892.005,10,1,1,stimulusMovement,1,-0.8117345041698879,0.5143165290355682,1,2.9232177734375,1,-0.5403968228234185,0.4945980282500386,1,2.767303466796875
10908.672,10,1,1,stimulusMovement,1,-0.8307527701059977,0.5169684942811728,1,2.9123077392578125,1,-0.5543359650505914,0.5026115896180272,1,2.776702880859375
10925.339,10,1,1,stimulusMovement,1,-0.8347785539097256,0.519644383341074,1,2.926116943359375,1,-0.5699756145477295,0.5036867044400424,1,2.743133544921875
10942.005,10,1,1,stimulusMovement,1,-0.8512053853935665,0.5172521695494652,1,2.9005889892578125,1,-0.5884923934936523,0.503891593310982,1,2.7576141357421875
10958.672,10,1,1,stimulusMovement,1,-0.8726715445518494,0.5122424568980932,1,2.90374755859375,1,-0.5973504649268256,0.5014935352373868,1,2.7476654052734375
10975.338,10,1,1,stimulusMovement,1,-0.8864326510164472,0.5257189758121967,1,2.8721466064453125,1,-0.6080200142330593,0.4966739153023809,1,2.7718353271484375
10992.004,10,1,1,stimulusMovement,1,-0.8939461054073439,0.5296176727861166,1,2.900390625,1,-0.6258667574988471,0.4994671301683411,1,2.7357940673828125
11008.671,10,1,1,stimulusMovement,1,-0.9053149521350861,0.5171366222202778,1,2.8808135986328125,1,-0.6352751784854465,0.4926705020479858,1,2.71881103515625
11025.337,10,1,1,stimulusMovement,1,-0.9211844868130153,0.5167985614389181,1,2.8829803466796875,1,-0.6489063368903266,0.4996796497143805,1,2.74114990234375
11042.004,10,1,1,stimulusMovement,1,-0.9371229840649499,0.5282804183661938,1,2.8922119140625,1,-0.6576480600568982,0.4927694173529744,1,2.7433929443359375
11058.67,10,1,1,stimulusMovement,1,-0.9492852820290459,0.5220992229878902,1,2.8864593505859375,1,-0.6734431054857042,0.4947767606936395,1,2.746795654296875
11075.336,10,1,1,stimulusMovement,1,-0.9586873120731777,0.5241662077605724,1,2.8810882568359375,1,-0.6831934187147352,0.48730568680912256,1,2.739776611328125
11092.003,10,1,1,stimulusMovement,1,-0.9825191497802734,0.5183306969702244,1,2.9122467041015625,1,-0.7085302008522881,0.4904527794569731,1,2.751007080078125
11108.671,10,1,1,stimulusMovement,1,-1.0084854761759439,0.5269921682775021,1,2.9041748046875,1,-0.7291383875740899,0.4973925049416721,1,2.7520751953125
11125.336,10,1,1,stimulusMovement,1,-1.0166605048709445,0.528126297518611,1,2.907745361328125,1,-0.7340392404132419,0.49698743084445596,1,2.7510528564453125
11142.003,10,1,1,stimulusMovement,1,-1.035785781012641,0.5232679657638073,1,2.899810791015625,1,-0.7598628732893201,0.4917156845331192,1,2.7519073486328125
11158.67,10,1,1,stimulusMovement,1,-1.0500423378414578,0.5234222635626793,1,2.9024810791015625,1,-0.7714601490232679,0.4850588236004114,1,2.75537109375
11175.335,10,1,1,stimulusMovement,1,-1.065214130613539,0.5289195496588945,1,2.917449951171875,1,-0.7891620993614197,0.48995455354452133,1,2.74237060546875
11192.002,10,1,1,stimulusMovement,1,-1.0766920381122165,0.5264664888381958,1,2.9222259521484375,1,-0.801382025082906,0.4824942350387573,1,2.7717437744140625
11208.669,10,1,1,stimulusMovement,1,-1.0779197216033936,0.528176311403513,1,2.9148406982421875,1,-0.804106679227617,0.48986334539949894,1,2.74298095703125
11225.335,10,1,1,stimulusMovement,1,-1.089577767584059,0.5223039984703064,1,2.930938720703125,1,-0.7961530023150973,0.4897071607410908,1,2.754241943359375
11242.002,10,1,1,stimulusMovement,1,-1.0815244118372598,0.5302431285381317,1,2.9313201904296875,1,-0.8114567465252346,0.487055454403162,1,2.7514190673828125
11258.669,10,1,1,stimulusMovement,1,-1.0952221949895222,0.5284408275038004,1,2.9568328857421875,1,-0.8052648835712009,0.48925343062728643,1,2.7772216796875
11275.335,10,1,1,stimulusMovement,1,-1.0906643735037909,0.5294000674039125,1,2.9481964111328125,1,-0.8111242718166775,0.4854938108474016,1,2.765228271484375
11292.003,10,1,1,stimulusMovement,1,-1.0760427316029866,0.5310138575732708,1,2.9444580078125,1,-0.8076497713724772,0.4867046168074012,1,2.7718353271484375
11308.67,10,1,1,stimulusMovement,1,-1.072768661710951,0.5274237748235464,1,2.963409423828125,1,-0.7981500095791286,0.4774082563817501,1,2.7879486083984375
11325.336,10,1,1,stimulusMovement,1,-1.076301097869873,0.5258741062134504,1,2.9644317626953125,1,-0.7954842646916707,0.47934019193053246,1,2.7689971923828125
11342.003,10,1,1,stimulusMovement,1,-1.0723458660973442,0.5230490956455469,1,2.9644775390625,1,-0.7902229891883001,0.47330784797668457,1,2.7923431396484375
11358.67,10,1,1,stimulusMovement,1,-1.0632159842385185,0.5256130676716566,1,2.965484619140625,1,-0.7808768219417995,0.4777314309030771,1,2.791168212890625
11375.336,10,1,1,stimulusMovement,1,-0.9835949341456095,0.5531811527907848,1,2.9477996826171875,1,-0.7031318876478406,0.4860202642157674,1,2.786376953125
11392.003,10,1,1,stimulusMovement,1,-0.9716797603501214,0.5431843996047974,1,2.9803314208984375,1,-0.6988634533352321,0.4903082847595215,1,2.7780914306640625
11408.67,10,1,1,stimulusMovement,1,-0.9586981336275736,0.5390145555138588,1,2.9685211181640625,1,-0.6717726654476589,0.48541582468897104,1,2.7793426513671875
11425.336,10,1,1,stimulusMovement,1,-0.9496072928110758,0.5354090370237827,1,2.9590606689453125,1,-0.6832269695070055,0.46937641873955727,1,2.823028564453125
11442.003,10,1,1,stimulusMovement,1,-0.952237155702379,0.5433782264590263,1,2.9635467529296875,1,-0.6750346157285901,0.4812347162514925,1,2.7931365966796875
11458.67,10,1,1,stimulusMovement,1,-0.9473023017247517,0.5283777192234993,1,2.9637451171875,1,-0.6906958156161838,0.4800436273217201,1,2.7781829833984375
11475.337,10,1,1,stimulusMovement,1,-0.94280496901936,0.5223463363945484,1,2.9724273681640625,1,-0.6726470523410373,0.48498782608658075,1,2.7929840087890625
11492.004,10,1,1,stimulusMovement,1,-0.9508932563993665,0.5251360833644867,1,2.9813385009765625,1,-0.6752913792928059,0.48627193830907345,1,2.8086700439453125
11508.671,10,1,1,stimulusMovement,1,-0.9507489336861504,0.5182758159935474,1,2.96405029296875,1,-0.6764673391977946,0.4842588398605585,1,2.795623779296875
11525.337,10,1,1,stimulusMovement,1,-0.9537450207604302,0.5149232987314463,1,2.9902496337890625,1,-0.6773407989078097,0.4821805842220783,1,2.812042236328125
11542.004,10,1,1,stimulusMovement,1,-0.9497736626201205,0.5157380402088165,1,2.9770965576171875,1,-0.6823023425208198,0.47795242443680763,1,2.807403564453125
11558.671,10,1,1,stimulusMovement,1,-0.9592672851350572,0.5224093832075596,1,2.9778289794921875,1,-0.6821121639675564,0.4817780815064907,1,2.792144775390625
11575.337,10,1,1,stimulusMovement,1,-0.9574315150578816,0.5164815653115511,1,2.9832305908203125,1,-0.6810427506764729,0.4677894152700901,1,2.8145294189453125
11592.004,10,1,1,stimulusMovement,1,-0.9546572499805026,0.5166829600930214,1,2.983642578125,1,-0.6740013625886705,0.4776008352637291,1,2.792999267578125
11608.671,10,1,1,stimulusMovement,1,-0.9560600519180298,0.5168992877006531,1,2.988067626953125,1,-0.6834807925754123,0.46981680020689964,1,2.7947540283203125
11625.337,10,1,1,stimulusMovement,1,-0.9561465647485521,0.5138772334903479,1,2.990447998046875,1,-0.6800057490666707,0.4696945045143366,1,2.8287506103515625
11642.004,10,1,1,stimulusMovement,1,-0.9568560189670986,0.5167058762162924,1,2.996917724609375,1,-0.6779636806911892,0.46561460942029953,1,2.834136962890625
11658.672,10,1,1,stimulusMovement,1,-0.952725330988566,0.517971470952034,1,3.0157012939453125,1,-0.676559223069085,0.47020527720451355,1,2.803741455078125
11675.338,10,1,1,stimulusMovement,1,-0.9490563074747721,0.5138525795191526,1,3.01519775390625,1,-0.675730996661716,0.4625551477074623,1,2.849853515625
11692.005,10,1,1,stimulusMovement,1,-0.9502876533402337,0.513631846755743,1,3.003387451171875,1,-0.6763230032391018,0.4700644984841347,1,2.8140716552734375
11708.672,10,1,1,stimulusMovement,1,-0.9553864532046847,0.5160852782428265,1,3.0072479248046875,1,-0.6750867366790771,0.47033420391380787,1,2.80755615234375
11725.338,10,1,1,stimulusMovement,1,-0.9502735005484686,0.5088953003287315,1,3.02166748046875,1,-0.6690149837070041,0.4726554583758116,1,2.79351806640625
11742.005,10,1,1,stimulusMovement,1,-0.9476819568210177,0.5042075738310814,1,3.021697998046875,1,-0.6689476172129313,0.46463555842638016,1,2.79974365234375
11758.672,10,1,1,stimulusMovement,1,-0.9380602505471971,0.500697918003425,1,3.0261383056640625,1,-0.6672067907121446,0.46094639226794243,1,2.81304931640625
11775.338,10,1,1,stimulusMovement,1,-0.9427746401892767,0.50855219271034,1,2.98968505859375,1,-0.6725773811340332,0.4630132019519806,1,2.83697509765625
11792.005,10,1,1,stimulusMovement,1,-0.936409228377872,0.5065436931326985,1,2.973388671875,1,-0.6745335790846082,0.46505022421479225,1,2.804351806640625
11808.672,10,1,1,stimulusMovement,1,-0.9387601183520422,0.5100416224449873,1,2.9918060302734375,1,-0.6791706615024142,0.46812082454562187,1,2.7921295166015625
11825.338,10,1,1,stimulusMovement,1,-0.9502329164081149,0.510862635448575,1,2.9919281005859375,1,-0.676377256711324,0.46604739874601364,1,2.803741455078125
11842.006,10,1,1,stimulusMovement,1,-0.9508685270945231,0.5055220257490873,1,2.9767608642578125,1,-0.6733621888690524,0.46289676427841187,1,2.795318603515625
11858.673,10,1,1,stimulusMovement,1,-0.9483976893954806,0.5091878138482571,1,2.97821044921875,1,-0.6706715027491251,0.4631861671805382,1,2.787994384765625
11875.339,10,1,1,stimulusMovement,1,-0.9568007389704386,0.5124052613973618,1,2.9725189208984375,1,-0.6817883915371364,0.46765248849987984,1,2.786163330078125
11892.006,10,1,1,stimulusMovement,1,-0.9625513156255086,0.5316636972129345,1,2.96759033203125,1,-0.686477608150906,0.479366485029459,1,2.78082275390625
11908.673,10,1,1,stimulusMovement,1,-0.9646354781256781,0.5263921320438385,1,2.982177734375,1,-0.6945714950561523,0.48385943472385406,1,2.7690887451171875
11925.339,10,1,1,stimulusMovement,1,-0.9600307411617702,0.5228753462433815,1,2.9809112548828125,1,-0.6927440431382921,0.4804004728794098,1,2.780548095703125
11942.006,10,1,1,stimulusMovement,1,-0.9615966478983561,0.5263051558285952,1,2.945343017578125,1,-0.6871048476960924,0.48542154487222433,1,2.772613525390625
11958.673,10,1,1,stimulusMovement,1,-0.9536024729410807,0.5277307201176882,1,2.96820068359375,1,-0.6779161559210883,0.48589015658944845,1,2.774810791015625
11975.339,10,1,1,stimulusMovement,1,-0.9579591883553399,0.5262100379914045,1,2.939056396484375,1,-0.6822090281380547,0.48542331624776125,1,2.7492218017578125
11992.006,10,1,1,stimulusMovement,1,-0.9564684364530774,0.5297548491507769,1,2.9473724365234375,1,-0.686683972676595,0.4858699459582567,1,2.7709197998046875
12008.673,10,1,1,stimulusMovement,1,-0.960103518433041,0.5227825324982405,1,2.9567718505859375,1,-0.6715979841020372,0.482162119820714,1,2.7697906494140625
12025.339,10,1,1,stimulusMovement,1,-0.9613333145777384,0.5255188420414925,1,2.9363555908203125,1,-0.6812211672465006,0.4827051926404238,1,2.7561187744140625
12042.007,10,1,1,stimulusMovement,1,-0.9519354899724324,0.526637963950634,1,2.9589385986328125,1,-0.6830061276753743,0.48033836483955383,1,2.74859619140625
12058.674,10,1,1,stimulusMovement,1,-0.9550613297356499,0.5307516027241945,1,2.9310150146484375,1,-0.6760297351413302,0.4823781158775091,1,2.7859039306640625
12075.34,10,1,1,stimulusMovement,1,-0.9569743010732862,0.5254241358488798,1,2.943603515625,1,-0.686372783448961,0.48082269355654716,1,2.7500762939453125
12092.007,10,1,1,stimulusMovement,1,-0.9587973554929097,0.5266658812761307,1,2.952392578125,1,-0.6790424850251939,0.4872800139710307,1,2.74700927734375
12108.674,10,1,1,stimulusMovement,1,-0.9526987804306878,0.5304342024028301,1,2.933868408203125,1,-0.6809309191173977,0.4807535782456398,1,2.7657318115234375
12125.34,10,1,1,stimulusMovement,1,-0.9469582239786783,0.5256213620305061,1,2.937347412109375,1,-0.6841504044002956,0.47954580932855606,1,2.754913330078125
12142.007,10,1,1,stimulusMovement,1,-0.9603113664521111,0.5289757382124662,1,2.933868408203125,1,-0.6807879077063667,0.48556684888899326,1,2.7693939208984375
12158.674,10,1,1,stimulusMovement,1,-0.9586726559533013,0.5233156196773052,1,2.935394287109375,1,-0.6816050873862373,0.48726484552025795,1,2.7909393310546875
12175.34,10,1,1,stimulusMovement,1,-0.952114078733656,0.5266918577253819,1,2.944915771484375,1,-0.6764117081960042,0.4820176251232624,1,2.75762939453125
12192.007,10,1,1,stimulusMovement,1,-0.9530876212649875,0.522659732028842,1,2.925384521484375,1,-0.6755156649483575,0.48541027307510376,1,2.7623443603515625
12208.674,10,1,1,stimulusMovement,1,-0.9515455961227417,0.5241324789822102,1,2.926055908203125,1,-0.6776654058032565,0.4912709491327405,1,2.76470947265625
12225.341,10,1,1,stimulusMovement,1,-0.9523268143335978,0.5249558500945568,1,2.9460906982421875,1,-0.6787700653076172,0.4838937968015671,1,2.791961669921875
12242.008,10,1,1,stimulusMovement,1,-0.9542107847001817,0.5304891765117645,1,2.930206298828125,1,-0.6805730660756428,0.4864978436380625,1,2.7812347412109375
12258.675,10,1,1,stimulusMovement,1,-0.9489453103807237,0.5278176423162222,1,2.936187744140625,1,-0.677492724524604,0.4827386923134327,1,2.7955474853515625
12275.341,10,1,1,stimulusMovement,1,-0.9616667032241821,0.5292087942361832,1,2.9551849365234375,1,-0.6805286407470703,0.48388424701988697,1,2.7910919189453125
12292.008,10,1,1,stimulusMovement,1,-0.9501260187890794,0.5327145494520664,1,2.95904541015625,1,-0.6942025423049927,0.4844370149075985,1,2.79681396484375
12308.675,10,1,1,stimulusMovement,1,-0.9557266500261095,0.5262009873986244,1,2.948455810546875,1,-0.6817459795210096,0.48214615136384964,1,2.7993316650390625
12325.341,10,1,1,stimulusMovement,1,-0.9480878644519382,0.5271401964128017,1,2.950775146484375,1,-0.6833665106031629,0.49160296097397804,1,2.7959747314453125
12342.008,10,1,1,stimulusMovement,1,-0.9660412470499674,0.5275305770337582,1,2.9766082763671875,1,-0.6837752792570325,0.4825678765773773,1,2.7874603271484375
12358.675,10,1,1,stimulusMovement,1,-0.9519247611363728,0.5280004628002644,1,2.98583984375,1,-0.6737197770012749,0.4887172766029835,1,2.82672119140625
12375.341,10,1,1,stimulusMovement,1,-0.946675247616238,0.5274083837866783,1,2.959686279296875,1,-0.677766031689114,0.4937967201694846,1,2.813812255859375
12392.008,10,1,1,stimulusMovement,1,-0.9525591201252407,0.5183761306107044,1,2.9747772216796875,1,-0.6709506246778699,0.47254524007439613,1,2.83404541015625
12408.676,10,1,1,stimulusMovement,1,-0.9417573147349887,0.5300563350319862,1,2.9911956787109375,1,-0.6716518667009141,0.483571395277977,1,2.8089752197265625
12425.342,10,1,1,stimulusMovement,1,-0.9539072712262471,0.5241580959409475,1,2.9906158447265625,1,-0.6640596389770508,0.48103076964616776,1,2.806732177734375
12442.009,10,1,1,stimulusMovement,1,-0.9440093239148457,0.5283842906355858,1,2.9837493896484375,1,-0.6727183394961886,0.4837992489337921,1,2.812744140625
12458.676,10,1,1,stimulusMovement,1,-0.9547114372253418,0.5277859568595886,1,3.0064239501953125,1,-0.6629938814375135,0.4749517645686865,1,2.8762054443359375
12475.342,10,1,1,stimulusMovement,1,-0.9413551224602593,0.5255275964736938,1,2.994659423828125,1,-0.6714599927266438,0.48292354866862297,1,2.8574371337890625
12492.009,10,1,1,stimulusMovement,1,-0.9434670673476324,0.525791622698307,1,2.9845123291015625,1,-0.6740333504146999,0.4762758146971464,1,2.8634185791015625
12508.676,10,1,1,stimulusMovement,1,-0.9437637196646795,0.5222470052540302,1,2.9928436279296875,1,-0.6708024872673882,0.47579100728034973,1,2.841796875
12525.342,10,1,1,stimulusMovement,1,-0.9494605395529004,0.5247950367629528,1,2.997314453125,1,-0.6725730101267496,0.47951854951679707,1,2.8671417236328125
12542.009,10,1,1,stimulusMovement,1,-0.9405394991238911,0.5272302329540253,1,3.0042572021484375,1,-0.669619878133138,0.4796162024140358,1,2.8798370361328125
12558.676,10,1,1,stimulusMovement,1,-0.9409995675086975,0.5186101403087378,1,3.0302886962890625,1,-0.6690469185511271,0.47810610197484493,1,2.86956787109375
12575.342,10,1,1,fixation,1,-0.9409113493230608,0.5220119021832943,1,3.0321044921875,1,-0.669907463921441,0.47799535281956196,1,2.8730010986328125
12592.01,10,1,1,fixation,1,-0.947234120633867,0.5226272325962782,1,3.037322998046875,1,-0.6700333754221598,0.4798102267086506,1,2.872344970703125
12608.677,10,1,1,fixation,1,-0.95316481590271,0.5321996733546257,1,2.801116943359375,1,-0.6758259137471516,0.486332387663424,1,2.6222686767578125
12625.343,10,1,1,fixation,0,nan,nan,0,nan,0,nan,nan,0,nan
12642.01,10,1,1,fixation,1,-0.9518226848708258,0.5194913893938065,1,3.038726806640625,1,-0.6703967253367106,0.466173492372036,1,2.90338134765625
12658.677,10,1,1,fixation,1,-0.9461116128497653,0.5269828252494335,1,2.8113250732421875,1,-0.6744303703308105,0.4876884799450636,1,2.6439666748046875
12675.343,10,1,1,fixation,0,nan,nan,0,nan,0,nan,nan,0,nan
12692.01,10,1,1,fixation,1,-0.9367528425322638,0.5144330840557814,1,3.053558349609375,1,-0.6665696567959255,0.47381309047341347,1,2.91412353515625
12708.677,10,1,1,fixation,1,-0.9462856186760796,0.5264058616012335,1,2.8326873779296875,1,-0.6739908324347602,0.48691845312714577,1,2.6655426025390625
12725.343,10,1,1,fixation,0,nan,nan,0,nan,0,nan,nan,0,nan
12742.01,10,1,1,fixation,1,-0.9444066915247175,0.5256572552025318,1,3.0536346435546875,1,-0.6673582130008273,0.4801088683307171,1,2.90032958984375
12758.677,10,1,1,fixation,1,-0.9410383767551845,0.5290289297699928,1,2.847991943359375,1,-0.6711614661746554,0.4863576740026474,1,2.6895904541015625
12775.344,10,1,1,fixation,0,nan,nan,0,nan,0,nan,nan,0,nan
12792.011,10,1,1,fixation,1,-0.948033332824707,0.5162942595779896,1,3.0961761474609375,1,-0.6718824704488118,0.48084105737507343,1,2.9107208251953125
12808.678,10,1,1,fixation,1,-0.9377634790208604,0.5243482701480389,1,2.8611907958984375,1,-0.6712398529052734,0.4866789374500513,1,2.7110137939453125
12825.344,10,1,1,fixation,0,nan,nan,0,nan,0,nan,nan,0,nan
12842.011,10,1,1,fixation,1,-0.9400467011663648,0.5178459770977497,1,3.0941925048828125,1,-0.6723314391242133,0.4600761756300926,1,2.9724884033203125
12858.678,10,1,1,fixation,1,-0.962889896498786,0.5326684527099133,1,2.87396240234375,1,-0.6941672696007622,0.49124314449727535,1,2.7304229736328125
12875.344,10,1,1,fixation,0,nan,nan,0,nan,0,nan,nan,0,nan
12892.011,10,1,1,fixation,1,-0.949899050924513,0.5217061582952738,1,3.1175689697265625,1,-0.6882120238410102,0.4800818767398596,1,2.9686737060546875
12908.678,10,1,1,fixation,1,-0.9614290131462945,0.5312324706465006,1,2.895416259765625,1,-0.6871004501978556,0.48881078325212,1,2.7542877197265625
12925.344,10,1,1,fixation,0,nan,nan,0,nan,0,nan,nan,0,nan
12942.011,10,1,1,fixation,1,-0.9555029074350992,0.5215284619480371,1,3.146728515625,1,-0.6822908984290229,0.48195241019129753,1,3.00860595703125
12958.679,10,1,1,fixation,1,-0.9610434108310275,0.5320104956626892,1,2.9129180908203125,1,-0.6914631525675455,0.4914453290402889,1,2.7719268798828125
12975.345,10,1,1,fixation,0,nan,nan,0,nan,0,nan,nan,0,nan
12992.012,10,1,1,fixation,1,-0.9636637104882134,0.5302634742110968,1,3.1631622314453125,1,-0.6882563696967231,0.4784793481230736,1,3.035858154296875
13008.679,10,1,1,fixation,1,-0.9599394069777594,0.5341714955866337,1,2.9295806884765625,1,-0.6867907312181261,0.48829840682446957,1,2.79034423828125
13025.345,10,1,1,fixation,0,nan,nan,0,nan,0,nan,nan,0,nan
13042.012,10,1,1,fixation,1,-0.9520150555504693,0.5215866342186928,1,3.17578125,1,-0.682503408855862,0.4762558601796627,1,3.04730224609375
13058.679,10,1,1,fixation,1,-0.9578778478834363,0.5280404854565859,1,2.9459075927734375,1,-0.6842154661814371,0.48699540458619595,1,2.804473876953125
13075.345,10,1,1,fixation,0,nan,nan,0,nan,0,nan,nan,0,nan
13092.012,10,1,1,fixation,1,-0.9500335521168178,0.5166643988341093,1,3.2094879150390625,1,-0.6844004260169135,0.47116197273135185,1,3.0502471923828125
13108.679,10,1,1,fixation,1,-0.9579297833972507,0.5273325070738792,1,2.9601898193359375,1,-0.6880560980902778,0.4880701117217541,1,2.8195953369140625
13125.345,10,1,1,fixation,0,nan,nan,0,nan,0,nan,nan,0,nan
13142.012,10,1,1,fixation,1,-0.9576486547787983,0.5265770554542542,1,3.2289581298828125,1,-0.6881224314371744,0.4753684028983116,1,3.076507568359375
13158.68,10,1,1,fixation,1,-0.9527787499957614,0.5309248864650726,1,2.979217529296875,1,-0.6894742912716335,0.4893837682902813,1,2.8370513916015625
13175.346,10,1,1,fixation,0,nan,nan,0,nan,0,nan,nan,0,nan
13192.013,10,1,1,fixation,1,-0.9382167326079474,0.5202064719051123,1,3.2260589599609375,1,-0.6736112435658772,0.46981908939778805,1,3.111358642578125
13208.68,10,1,1,fixation,1,-0.9424031840430365,0.5335908830165863,1,3.0019683837890625,1,-0.6743909915288289,0.4877048712223768,1,2.8540802001953125
13225.346,10,1,1,fixation,0,nan,nan,0,nan,0,nan,nan,0,nan
13242.013,10,1,1,fixation,1,-0.946690215004815,0.5261010006070137,1,3.25146484375,1,-0.6756220658620198,0.4777147136628628,1,3.0811309814453125
13258.68,10,1,1,fixation,1,-0.9444348613421122,0.5339475274085999,1,3.014862060546875,1,-0.6773726410335964,0.49028560891747475,1,2.8665771484375
13275.346,10,1,1,fixation,0,nan,nan,0,nan,0,nan,nan,0,nan
13292.013,10,1,1,fixation,1,-0.9443455206023321,0.5121662002056837,1,3.2562103271484375,1,-0.6845590538448757,0.4761362634599209,1,3.1106109619140625
13308.68,10,1,1,fixation,1,-0.942876785993576,0.5315060280263424,1,3.0258941650390625,1,-0.6784875128004285,0.48963065072894096,1,2.8741302490234375
13325.346,10,1,1,fixation,0,nan,nan,0,nan,0,nan,nan,0,nan
13342.014,10,1,1,fixation,1,-0.9497179322772555,0.5165784042328596,1,3.2743377685546875,1,-0.682948456870185,0.4828498736023903,1,3.118072509765625
13358.681,10,1,1,fixation,1,-0.9399593207571241,0.5308980587869883,1,3.03350830078125,1,-0.6834865411122639,0.4890499357134104,1,2.8799591064453125
13375.347,10,1,1,fixation,0,nan,nan,0,nan,0,nan,nan,0,nan
13392.014,10,1,1,fixation,1,-0.9418048163255055,0.5176909100264311,1,3.281585693359375,1,-0.6807003683514065,0.47750634513795376,1,3.1131591796875
13408.681,10,1,1,fixation,1,-0.9494764142566257,0.5291440486907959,1,3.0324249267578125,1,-0.6774862872229682,0.4850126598030329,1,2.8755645751953125
13425.347,10,1,1,fixation,0,nan,nan,0,nan,0,nan,nan,0,nan
13442.014,10,1,1,fixation,1,-0.94682244459788,0.5173514857888222,1,3.2763671875,1,-0.675639894273546,0.46927546709775925,1,3.1298675537109375
13458.681,10,1,1,fixation,1,-0.9514695803324381,0.5238903667777777,1,3.0277099609375,1,-0.6782657570309109,0.48710682429373264,1,2.861358642578125
13475.347,10,1,1,fixation,0,nan,nan,0,nan,0,nan,nan,0,nan
13492.014,10,1,1,fixation,1,-0.9468174179395039,0.5150718269869685,1,3.2567596435546875,1,-0.678826093673706,0.4765341989696026,1,3.1037750244140625
13508.681,10,1,1,fixation,1,-0.9498470028241475,0.5293921139091253,1,3.0080718994140625,1,-0.683758987320794,0.487639213912189,1,2.8374786376953125
13525.348,10,1,1,fixation,0,nan,nan,0,nan,0,nan,nan,0,nan
13542.015,10,1,1,fixation,1,-0.9501025941636827,0.5147595107555389,1,3.2414398193359375,1,-0.6868600183063083,0.475909736007452,1,3.0632781982421875
13558.682,10,1,1,fixation,1,-0.9502512746387057,0.5296375583857298,1,2.9865875244140625,1,-0.6849672264522976,0.48876146599650383,1,2.8166961669921875
13575.348,10,1,1,stimulusMovement,0,nan,nan,0,nan,0,nan,nan,0,nan
13592.015,10,1,1,stimulusMovement,1,-0.9421745936075846,0.5226334296166897,1,3.1943817138671875,1,-0.6851509941948785,0.4762233793735504,1,3.0657196044921875
13608.682,10,1,1,stimulusMovement,1,-0.933709078364902,0.5196208283305168,1,3.1917724609375,1,-0.6882130834791395,0.4799293875694275,1,3.0669097900390625
13625.348,10,1,1,stimulusMovement,1,-0.9470544788572522,0.535109207034111,1,3.1903533935546875,1,-0.6918376816643609,0.4893168965354562,1,3.0564727783203125
13642.015,10,1,1,stimulusMovement,1,-0.956162220901913,0.5307592023164034,1,3.1940460205078125,1,-0.6836008495754665,0.4707149304449558,1,3.061676025390625
13658.682,10,1,1,stimulusMovement,1,-0.9540965623325771,0.5284657701849937,1,3.18402099609375,1,-0.6839142905341254,0.47003261744976044,1,3.056427001953125
13675.348,10,1,1,stimulusMovement,1,-0.9548359447055392,0.5193667970597744,1,3.1811676025390625,1,-0.6782327890396118,0.4692104496061802,1,3.048370361328125
13692.015,10,1,1,stimulusMovement,1,-0.9558254016770257,0.5156600214540958,1,3.221038818359375,1,-0.6925979057947794,0.4778464138507843,1,3.0125274658203125
13708.683,10,1,1,stimulusMovement,1,-0.9536422159936693,0.5179430041462183,1,3.1892242431640625,1,-0.6848550372653537,0.47271324694156647,1,3.0202178955078125
13725.349,10,1,1,stimulusMovement,1,-0.9454177154435052,0.5142961088567972,1,3.1996002197265625,1,-0.6946972873475816,0.47696737945079803,1,3.009246826171875
13742.016,10,1,1,stimulusMovement,1,-0.9552770720587835,0.5167869105935097,1,3.175384521484375,1,-0.6936113172107272,0.47504093684256077,1,3.0254974365234375
13758.683,10,1,1,stimulusMovement,1,-0.9626232120725843,0.5125455865636468,1,3.153839111328125,1,-0.695206085840861,0.4693304914981127,1,2.975860595703125
13775.349,10,1,1,stimulusMovement,1,-0.9619764884312947,0.5137910284101963,1,3.154876708984375,1,-0.6827370855543348,0.4707788862287998,1,2.9940643310546875
13792.016,10,1,1,stimulusMovement,1,-0.9567421542273626,0.5143400486558676,1,3.1463470458984375,1,-0.684230989880032,0.4737360291182995,1,3.010589599609375
13808.683,10,1,1,stimulusMovement,1,-0.9561907980177137,0.5113028567284346,1,3.150543212890625,1,-0.6865443918440076,0.4659186489880085,1,3.01971435546875
13825.349,10,1,1,stimulusMovement,1,-0.9524432818094889,0.5121626406908035,1,3.122955322265625,1,-0.6950283580356174,0.4722609296441078,1,2.9918670654296875
13842.016,10,1,1,stimulusMovement,1,-0.9623408450020684,0.5104192048311234,1,3.122833251953125,1,-0.685956703291999,0.47122458927333355,1,2.983734130859375
13858.683,10,1,1,stimulusMovement,1,-0.9536883036295573,0.51809486374259,1,3.1166229248046875,1,-0.686241865158081,0.4715900756418705,1,2.9603424072265625
13875.349,10,1,1,stimulusMovement,1,-0.9633066323068407,0.5114248134195805,1,3.1015167236328125,1,-0.6938891808191935,0.4794621355831623,1,2.967132568359375
13892.017,10,1,1,stimulusMovement,1,-0.9502650764253404,0.516802616417408,1,3.1196746826171875,1,-0.6865812672509087,0.4738244079053402,1,2.9431304931640625
13908.684,10,1,1,stimulusMovement,1,-0.9593306051360235,0.5241791810840368,1,3.117584228515625,1,-0.6815626621246338,0.4683104082942009,1,2.947967529296875
13925.35,10,1,1,stimulusMovement,1,-0.9493734240531921,0.5143369641155005,1,3.10162353515625,1,-0.6937372022204928,0.47825557738542557,1,2.91619873046875
13942.017,10,1,1,stimulusMovement,1,-0.9640568428569369,0.5194070115685463,1,3.1146087646484375,1,-0.6849773195054796,0.46351560205221176,1,2.917755126953125
13958.684,10,1,1,stimulusMovement,1,-0.9527659813563029,0.5165056958794594,1,3.0940093994140625,1,-0.6907642152574327,0.4821527600288391,1,2.91455078125
13975.35,10,1,1,stimulusMovement,1,-0.958673079808553,0.5234008207917213,1,3.12030029296875,1,-0.6925630304548475,0.48643920198082924,1,2.923919677734375
13992.017,10,1,1,stimulusMovement,1,-0.9556618134180704,0.5210969615727663,1,3.105438232421875,1,-0.6907362937927246,0.48106312192976475,1,2.936248779296875
14008.684,10,1,1,stimulusMovement,1,-0.9562175737486944,0.5251489989459515,1,3.0916900634765625,1,-0.7014584938685099,0.47450987435877323,1,2.944000244140625
14025.35,10,1,1,stimulusMovement,1,-0.9559981690512762,0.516864787787199,1,3.102813720703125,1,-0.6779411103990343,0.479617640376091,1,2.9422454833984375
14042.017,10,1,1,stimulusMovement,1,-0.9589541620678371,0.5165647473186255,1,3.098541259765625,1,-0.6925696531931559,0.4796123430132866,1,2.9078826904296875
14058.684,10,1,1,stimulusMovement,1,-0.9527912139892578,0.5201312713325024,1,3.113555908203125,1,-0.6833151181538899,0.47094809263944626,1,2.9557952880859375
14075.351,10,1,1,stimulusMovement,1,-0.9529718557993571,0.5232532657682896,1,3.09295654296875,1,-0.683771636750963,0.4749053306877613,1,2.9554595947265625
14092.018,10,1,1,stimulusMovement,1,-0.9656171666251288,0.5188243538141251,1,3.1318206787109375,1,-0.6917373471789889,0.47700345888733864,1,2.9762420654296875
14108.685,10,1,1,stimulusMovement,1,-0.9494279689258999,0.523300651460886,1,3.1201629638671875,1,-0.6811957359313965,0.47408410906791687,1,2.969635009765625
14125.351,10,1,1,stimulusMovement,1,-0.9577948451042175,0.510978882201016,1,3.145843505859375,1,-0.676923394203186,0.4734382536262274,1,2.9892120361328125
14142.018,10,1,1,stimulusMovement,1,-0.9442289537853664,0.5181746482849121,1,3.1220245361328125,1,-0.6893275578816731,0.478056063875556,1,2.971160888671875
14158.685,10,1,1,stimulusMovement,1,-0.9457662767834133,0.511840638704598,1,3.1476898193359375,1,-0.689256641599867,0.4812396578490734,1,2.9778900146484375
14175.351,10,1,1,stimulusMovement,1,-0.9498984946144952,0.5196738913655281,1,3.1456146240234375,1,-0.6942016018761529,0.4752730615437031,1,2.994873046875
14192.018,10,1,1,stimulusMovement,1,-0.9498336182700262,0.5184712577611208,1,3.1444854736328125,1,-0.6854135592778523,0.47012995555996895,1,3.0220184326171875
14208.685,10,1,1,stimulusMovement,1,-0.9538610643810695,0.5153166698291898,1,3.155364990234375,1,-0.6859343846638997,0.4774562753736973,1,3.001617431640625
14225.351,10,1,1,stimulusMovement,1,-0.9478844006856282,0.5115813482552767,1,3.165435791015625,1,-0.6909550031026204,0.47391511872410774,1,3.018524169921875
14242.018,10,1,1,stimulusMovement,1,-0.9537595642937554,0.5170406699180603,1,3.1613311767578125,1,-0.6808340549468994,0.46394064649939537,1,3.0486602783203125
14258.686,10,1,1,stimulusMovement,1,-0.9426272908846537,0.5107242111116648,1,3.161285400390625,1,-0.6796466112136841,0.4711475484073162,1,3.030364990234375
14275.352,10,1,1,stimulusMovement,1,-0.9538084268569946,0.5167647711932659,1,3.1666107177734375,1,-0.6846082210540771,0.4652622789144516,1,3.000640869140625
14292.019,10,1,1,stimulusMovement,1,-0.9465342031584845,0.5144364945590496,1,3.1575469970703125,1,-0.6742065747578938,0.4582621194422245,1,3.0342254638671875
14308.686,10,1,1,stimulusMovement,1,-0.9568227661980523,0.5063931779004633,1,3.18450927734375,1,-0.6786316235860188,0.4667351394891739,1,3.01934814453125
14325.352,10,1,1,stimulusMovement,1,-0.9476095570458306,0.5128954127430916,1,3.164459228515625,1,-0.6737605995602077,0.46648071706295013,1,3.01519775390625
14342.019,10,1,1,stimulusMovement,1,-0.9416106541951497,0.50795529037714,1,3.152862548828125,1,-0.6814320352342393,0.4709635525941849,1,3.039031982421875
14358.686,10,1,1,stimulusMovement,1,-0.938813931412167,0.5140303717926145,1,3.1547393798828125,1,-0.6794102324379815,0.4721193667501211,1,3.0370330810546875
14375.352,10,1,1,stimulusMovement,1,-0.9382129576471117,0.5147638386115432,1,3.153106689453125,1,-0.6780290868547227,0.46030350401997566,1,3.03607177734375
14392.019,10,1,1,stimulusMovement,1,-0.9419936372174157,0.5070799086242914,1,3.1522674560546875,1,-0.679957906405131,0.45809026062488556,1,3.025360107421875
14408.686,10,1,1,stimulusMovement,1,-0.9464966456095377,0.5075964233838022,1,3.1574249267578125,1,-0.6845260196261935,0.4735582862049341,1,3.003173828125
14425.352,10,1,1,stimulusMovement,1,-0.9499903519948323,0.5092332540079951,1,3.1761322021484375,1,-0.6734617683622571,0.4608437605202198,1,3.0068511962890625
14442.019,10,1,1,stimulusMovement,1,-0.9416588279936048,0.5039353487081826,1,3.1443328857421875,1,-0.6767441166771783,0.45825451612472534,1,3.0243072509765625
14458.686,10,1,1,stimulusMovement,1,-0.9478455583254496,0.5137077011168003,1,3.1487274169921875,1,-0.6744731267293294,0.4635593071579933,1,3.0322418212890625
14475.352,10,1,1,stimulusMovement,1,-0.9541603194342718,0.5118018118664622,1,3.1392059326171875,1,-0.6825099123848809,0.46179092302918434,1,3.0157928466796875
14492.019,10,1,1,stimulusMovement,1,-0.942693014939626,0.5074725728482008,1,3.138275146484375,1,-0.681134541829427,0.4584192931652069,1,3.0292205810546875
14508.686,10,1,1,stimulusMovement,1,-0.9471531907717387,0.5107947224751115,1,3.1412353515625,1,-0.6743719445334541,0.4572700522840023,1,3.0199127197265625
14525.351,10,1,1,stimulusMovement,1,-0.9448236094580755,0.5084476750344038,1,3.1396484375,1,-0.6851873132917615,0.4619928151369095,1,2.99456787109375
14542.018,10,1,1,stimulusMovement,1,-0.9508759180704752,0.5063186716288328,1,3.123382568359375,1,-0.6701847447289361,0.45907361060380936,1,3.0143890380859375
14558.685,10,1,1,stimulusMovement,1,-0.9548542896906534,0.5133841400966048,1,3.1069488525390625,1,-0.6711032125684949,0.45500028505921364,1,3.002349853515625
14575.35,10,1,1,stimulusMovement,1,-0.953142523765564,0.5072497935034335,1,3.1382598876953125,1,-0.6721384525299072,0.45859580487012863,1,2.971221923828125
14592.017,10,1,1,stimulusMovement,1,-0.949184967411889,0.5054064388386905,1,3.1356353759765625,1,-0.6781080431408352,0.45899103581905365,1,2.982635498046875
14608.684,10,1,1,stimulusMovement,1,-0.9619647926754421,0.5097220279276371,1,3.12176513671875,1,-0.6763058768378364,0.4538221098482609,1,3.0015106201171875
14625.35,10,1,1,stimulusMovement,1,-0.9573382006751165,0.5051374952308834,1,3.1197967529296875,1,-0.6701514191097683,0.44225068017840385,1,2.9985809326171875
14642.017,10,1,1,stimulusMovement,1,-0.9538716342714098,0.5093986503779888,1,3.1160430908203125,1,-0.6821623775694104,0.44630422070622444,1,2.9713592529296875
14658.684,10,1,1,stimulusMovement,1,-0.957517213291592,0.5043932860717177,1,3.119781494140625,1,-0.6780329015519884,0.4559049569070339,1,2.9929351806640625
14675.35,10,1,1,stimulusMovement,1,-0.949501249525282,0.5101198023185134,1,3.119842529296875,1,-0.6773530112372504,0.45587292313575745,1,2.93377685546875
14692.017,10,1,1,stimulusMovement,1,-0.9470488826433817,0.508784219622612,1,3.0784454345703125,1,-0.6818592283460828,0.4421444311738014,1,2.9795989990234375
14708.683,10,1,1,stimulusMovement,1,-0.9443594151073031,0.5045019411481917,1,3.07916259765625,1,-0.6877961953481038,0.4543956592679024,1,2.9462738037109375
14725.349,10,1,1,stimulusMovement,1,-0.9530846277872721,0.5048666400834918,1,3.0948486328125,1,-0.6779585679372151,0.45159829035401344,1,2.9704132080078125
14742.016,10,1,1,stimulusMovement,1,-0.9558003743489583,0.5077194995246828,1,3.082427978515625,1,-0.6835899617936876,0.4564678892493248,1,2.98077392578125
14758.683,10,1,1,stimulusMovement,1,-0.9469173153241475,0.5045339241623878,1,3.0891876220703125,1,-0.6704112158881294,0.44569677487015724,1,2.9762725830078125
14775.348,10,1,1,stimulusMovement,1,-0.955499702029758,0.5024876433890313,1,3.06927490234375,1,-0.6846521960364448,0.45395591855049133,1,2.97320556640625
14792.015,10,1,1,stimulusMovement,1,-0.9535884327358669,0.5033914945088327,1,3.0682525634765625,1,-0.6749686665005153,0.45496891066432,1,2.964935302734375
14808.682,10,1,1,stimulusMovement,1,-0.9610433048672146,0.5063027408905327,1,3.0805816650390625,1,-0.6860140694512261,0.45210010930895805,1,2.94158935546875
14825.348,10,1,1,stimulusMovement,1,-0.9519589477115207,0.4992634418886155,1,3.0791015625,1,-0.683703859647115,0.4526072070002556,1,2.9342803955078125
14842.015,10,1,1,stimulusMovement,1,-0.9524428447087605,0.5032290460076183,1,3.0781707763671875,1,-0.6766058339012994,0.4619990549981594,1,2.9431304931640625
14858.682,10,1,1,stimulusMovement,1,-0.9601318041483561,0.5008503501885571,1,3.07989501953125,1,-0.6825915839936998,0.4583217240869999,1,2.9473114013671875
14875.348,10,1,1,stimulusMovement,1,-0.9525193505816989,0.5011069582542405,1,3.0737457275390625,1,-0.6775576803419324,0.46029315888881683,1,2.9265594482421875
14892.014,10,1,1,stimulusMovement,1,-0.9519109924634297,0.49570138892158866,1,3.081939697265625,1,-0.677023344569736,0.45688268169760704,1,2.9193572998046875
14908.681,10,1,1,stimulusMovement,1,-0.9454551736513773,0.49852276546880603,1,3.0781402587890625,1,-0.6851027409235636,0.456708200275898,1,2.9452056884765625
14925.347,10,1,1,stimulusMovement,1,-0.9502665864096747,0.5088800434023142,1,3.0457763671875,1,-0.6826863421334161,0.46038927882909775,1,2.938629150390625
14942.013,10,1,1,stimulusMovement,1,-0.9730484882990519,0.5293189398944378,1,3.0497894287109375,1,-0.6893903679317898,0.4777832627296448,1,2.9298248291015625
14958.68,10,1,1,stimulusMovement,1,-0.962440186076694,0.5199403204023838,1,3.0567626953125,1,-0.7017821470896403,0.48005933314561844,1,2.906005859375
14975.346,10,1,1,stimulusMovement,1,-0.9677403767903645,0.5219824835658073,1,3.0506744384765625,1,-0.6983188125822278,0.4897911474108696,1,2.9017333984375
14992.013,10,1,1,stimulusMovement,1,-0.9672051403257581,0.5219221264123917,1,3.0667266845703125,1,-0.6929343276553683,0.4806794337928295,1,2.908966064453125
15008.68,10,1,1,stimulusMovement,1,-0.9669707152578565,0.5256962291896343,1,3.0497283935546875,1,-0.6798121134440104,0.4735424816608429,1,2.916046142578125
15025.346,10,1,1,stimulusMovement,1,-0.9633337524202135,0.5209627337753773,1,3.0537109375,1,-0.6905934545728895,0.48398798145353794,1,2.8751068115234375
15042.013,10,1,1,stimulusMovement,1,-0.966404292318556,0.5244015082716942,1,3.0514068603515625,1,-0.6890940136379665,0.4803706146776676,1,2.871307373046875
15058.679,10,1,1,stimulusMovement,1,-0.9737289746602376,0.5229656212031841,1,3.051177978515625,1,-0.6878182623121473,0.4843246228992939,1,2.879730224609375
15075.345,10,1,1,stimulusMovement,1,-0.9685310324033101,0.5300621204078197,1,3.048675537109375,1,-0.6894372569190131,0.4885335313156247,1,2.860504150390625
15092.012,10,1,1,stimulusMovement,1,-0.9577938848071628,0.5281090922653675,1,3.0370941162109375,1,-0.6874799463484021,0.4840394873172045,1,2.89642333984375
15108.679,10,1,1,stimulusMovement,1,-0.9640650616751776,0.5329816937446594,1,3.045745849609375,1,-0.6874721844991047,0.4830932952463627,1,2.8700103759765625
15125.344,10,1,1,stimulusMovement,1,-0.9510806534025403,0.5295707993209362,1,3.01580810546875,1,-0.6825965113110012,0.4822944216430187,1,2.8624114990234375
15142.011,10,1,1,stimulusMovement,1,-0.9517651001612345,0.5297729764133692,1,3.015655517578125,1,-0.681557363933987,0.47989577800035477,1,2.8533477783203125
15158.678,10,1,1,stimulusMovement,1,-0.9633326530456543,0.5314658135175705,1,3.041259765625,1,-0.689120610555013,0.4866566117852926,1,2.87060546875
15175.343,10,1,1,stimulusMovement,1,-0.9614551862080891,0.5373807027935982,1,3.0130767822265625,1,-0.6887677907943726,0.4777877349406481,1,2.877227783203125
15192.011,10,1,1,stimulusMovement,1,-0.9655499325858221,0.530723275616765,1,3.027313232421875,1,-0.6934787962171766,0.47806478291749954,1,2.8682403564453125
15208.678,10,1,1,stimulusMovement,1,-0.9584265351295471,0.5276648849248886,1,3.0317535400390625,1,-0.6798039939668443,0.477184746414423,1,2.8590545654296875
15225.343,10,1,1,stimulusMovement,1,-0.9588211377461751,0.5300675183534622,1,3.0217742919921875,1,-0.6846321158938937,0.48213514499366283,1,2.84814453125
15242.01,10,1,1,stimulusMovement,1,-0.958403468132019,0.5347887501120567,1,3.032257080078125,1,-0.6870063940684,0.4817435257136822,1,2.8773345947265625
15258.677,10,1,1,stimulusMovement,1,-0.949357251326243,0.5199188701808453,1,3.0182037353515625,1,-0.6858489116032918,0.47472752816975117,1,2.8742218017578125
15275.343,10,1,1,stimulusMovement,1,-0.9531302187177869,0.5276325158774853,1,3.0206298828125,1,-0.6831851138008965,0.4781536851078272,1,2.8897857666015625
15292.009,10,1,1,stimulusMovement,1,-0.9519319666756524,0.5181607790291309,1,3.016265869140625,1,-0.6758402585983276,0.4719030298292637,1,2.880584716796875
15308.676,10,1,1,stimulusMovement,1,-0.9614562657144334,0.5302706882357597,1,3.0386810302734375,1,-0.6741517649756538,0.4730213824659586,1,2.8699493408203125
15325.342,10,1,1,stimulusMovement,1,-0.9500207834773593,0.5184119194746017,1,3.019378662109375,1,-0.6688428984747993,0.4642999656498432,1,2.90545654296875
15342.008,10,1,1,stimulusMovement,1,-0.9496254788504706,0.5225875545293093,1,3.0190887451171875,1,-0.6750875578986274,0.45885883644223213,1,2.9093780517578125
15358.675,10,1,1,stimulusMovement,1,-0.9411354197396172,0.5145975667983294,1,3.0449676513671875,1,-0.671095954047309,0.4651745706796646,1,2.90509033203125
15375.342,10,1,1,stimulusMovement,1,-0.9468410015106201,0.5102586150169373,1,3.0549774169921875,1,-0.6768401198916965,0.46047747507691383,1,2.8919219970703125
15392.008,10,1,1,stimulusMovement,1,-0.9479757150014241,0.5118635194376111,1,3.0565338134765625,1,-0.6706342697143555,0.455067403614521,1,2.903900146484375
15408.675,10,1,1,stimulusMovement,1,-0.9419540829128689,0.5071974298916757,1,3.0430755615234375,1,-0.6684577465057373,0.4574335590004921,1,2.894378662109375
15425.341,10,1,1,stimulusMovement,1,-0.9446269936031765,0.5011718686437234,1,3.0499420166015625,1,-0.6739844481150309,0.4470209702849388,1,2.91815185546875
15442.008,10,1,1,stimulusMovement,1,-0.949888441297743,0.4938533138483763,1,3.074005126953125,1,-0.6610685454474555,0.4411890208721161,1,2.9117279052734375
15458.674,10,1,1,stimulusMovement,1,-0.9546441965632968,0.4809461459517479,1,3.069488525390625,1,-0.6603072484334309,0.42685941606760025,1,2.909210205078125
15475.34,10,1,1,stimulusMovement,1,-0.949715256690979,0.4772995300590992,1,3.0490875244140625,1,-0.6629709137810601,0.42479968816041946,1,2.909759521484375
15492.007,10,1,1,stimulusMovement,1,-0.9515965117348565,0.4753044359385967,1,3.043212890625,1,-0.665047354168362,0.41675006598234177,1,2.915374755859375
15508.673,10,1,1,stimulusMovement,1,-0.9456294510099622,0.4002593904733658,1,3.0447540283203125,1,-0.670274708006117,0.35067662596702576,1,2.9010772705078125
15525.339,10,1,1,stimulusMovement,1,-0.9611292017830743,0.1521388590335846,1,2.9923553466796875,1,-0.691281239191691,0.1295226514339447,1,2.8902587890625
15542.006,10,1,1,stimulusMovement,1,-0.9534669518470764,0.118836909532547,1,2.9969940185546875,1,-0.6841408941480848,0.07186540961265564,1,2.8890380859375
15558.673,10,1,1,stimulusMovement,1,-0.9534198708004421,0.09013712406158447,1,2.9555511474609375,1,-0.6873188018798828,0.0384296178817749,1,2.8656158447265625
15575.339,10,1,1,stimulusMovement,1,-0.9532281822628444,0.08011430501937866,1,2.9799041748046875,1,-0.68703650103675,0.05138668417930603,1,2.871490478515625
15592.006,10,1,1,stimulusMovement,1,-0.9615837070677015,0.07398924231529236,1,2.9723358154296875,1,-0.6936338610119289,0.04274463653564453,1,2.88861083984375
15608.673,10,1,1,stimulusMovement,1,-0.9527736173735724,0.07650613784790039,1,2.973175048828125,1,-0.685763849152459,0.03383225202560425,1,2.8751220703125
15625.338,10,1,1,stimulusMovement,1,-0.9530381891462537,0.06842485070228577,1,2.9389801025390625,1,-0.7002023988299899,0.03196513652801514,1,2.8231048583984375
15642.005,10,1,1,stimulusMovement,1,-0.9564398328463236,0.06723573803901672,1,2.9509124755859375,1,-0.6883683204650879,0.02969348430633545,1,2.861541748046875
15658.672,10,1,1,stimulusMovement,1,-0.9392219980557759,0.0520663857460022,1,2.9605560302734375,1,-0.6850880119535657,0.005293548107147217,1,2.8974456787109375
15675.337,10,1,1,stimulusMovement,1,-0.9409777952565087,0.04094892740249634,1,2.9691619873046875,1,-0.6923996607462565,0.02203434705734253,1,2.8474578857421875
15692.004,10,1,1,stimulusMovement,1,-0.9461019833882649,0.04362446069717407,1,3.002532958984375,1,-0.6875991556379529,0.00937587022781372,1,2.820587158203125
15708.671,10,1,1,stimulusMovement,1,-0.9402464429537455,0.034542620182037354,1,2.997589111328125,1,-0.6895564794540405,0.002387106418609619,1,2.880035400390625
15725.337,10,1,1,stimulusMovement,1,-0.9395639366573757,0.02203226089477539,1,3.0238189697265625,1,-0.6816084384918213,-0.00911402702331543,1,2.896148681640625
15742.003,10,1,1,stimulusMovement,1,-0.9415139224794176,0.014454513788223267,1,3.0110321044921875,1,-0.6817272106806437,-0.0011769533157348633,1,2.86041259765625
15758.671,10,1,1,stimulusMovement,1,-0.9395076831181843,0.012703388929367065,1,2.997772216796875,1,-0.6729159355163574,-0.0209730863571167,1,2.90399169921875
15775.336,10,1,1,stimulusMovement,1,-0.9370343122217389,0.006536900997161865,1,3.002471923828125,1,-0.6796007553736368,-0.03368735313415527,1,2.912872314453125
15792.003,10,1,1,stimulusMovement,1,-0.930003093348609,-0.00866168737411499,1,3.030059814453125,1,-0.6834618912802802,-0.03451228141784668,1,2.9051513671875
15808.67,10,1,1,stimulusMovement,1,-0.9452900356716579,-0.015374302864074707,1,3.028106689453125,1,-0.6752952469719781,-0.0450514554977417,1,2.9041290283203125
15825.336,10,1,1,stimulusMovement,1,-0.934292885992262,-0.02395045757293701,1,3.0280303955078125,1,-0.688326425022549,-0.048985838890075684,1,2.8831787109375
15842.002,10,1,1,stimulusMovement,1,-0.938116192817688,-0.03319209814071655,1,3.041656494140625,1,-0.6747279696994357,-0.05880361795425415,1,2.9328460693359375
15858.669,10,1,1,stimulusMovement,1,-0.9509659210840861,-0.1007729172706604,1,3.0250701904296875,1,-0.6837023231718274,-0.11252033710479736,1,2.9147186279296875
15875.335,10,1,1,stimulusMovement,1,-0.9402488966782887,-0.29539477825164795,1,3.036041259765625,1,-0.6904748810662164,-0.3165466785430908,1,2.8703460693359375
15892.001,10,1,1,stimulusMovement,1,-0.9582856231265597,-0.35437560081481934,1,3.040191650390625,1,-0.725284629397922,-0.36883997917175293,1,2.8728485107421875
15908.668,10,1,1,stimulusMovement,1,-0.939030819469028,-0.35026341676712036,1,3.0364990234375,1,-0.7306105958090888,-0.38600558042526245,1,2.8650360107421875
15925.334,10,1,1,stimulusMovement,1,-0.9615344140264722,-0.36096829175949097,1,2.9924774169921875,1,-0.7044992711808946,-0.3922766447067261,1,2.8420257568359375
15942.001,10,1,1,stimulusMovement,1,-0.9546954764260186,-0.376687228679657,1,3.0462646484375,1,-0.7278784513473511,-0.4004518985748291,1,2.8377532958984375
15958.668,10,1,1,stimulusMovement,1,-0.9637349777751498,-0.38110971450805664,1,3.0013885498046875,1,-0.7165838215086194,-0.4079878330230713,1,2.826019287109375
15975.334,10,1,1,stimulusMovement,1,-0.9573274850845337,-0.39022672176361084,1,3.0126800537109375,1,-0.7218442757924397,-0.4173228144645691,1,2.826080322265625
15992.0,10,1,1,stimulusMovement,1,-0.964855604701572,-0.4007132649421692,1,3.021453857421875,1,-0.7215330203374226,-0.4225464463233948,1,2.807098388671875
16008.667,10,1,1,stimulusMovement,1,-0.9647108183966742,-0.413449227809906,1,3.0424041748046875,1,-0.7337595489290025,-0.43954992294311523,1,2.8135986328125
16025.333,10,1,1,stimulusMovement,1,-0.9625087910228305,-0.41544294357299805,1,3.0225067138671875,1,-0.7236783107121785,-0.4333975911140442,1,2.8126220703125
16041.999,10,1,1,stimulusMovement,1,-0.9626144369443257,-0.43225228786468506,1,3.0063323974609375,1,-0.7315124273300171,-0.4470977783203125,1,2.7716064453125
16058.666,10,1,1,stimulusMovement,1,-0.9754166073269314,-0.43438810110092163,1,3.003082275390625,1,-0.7337332036760118,-0.45503371953964233,1,2.7628021240234375
16075.332,10,1,1,stimulusMovement,1,-0.9733636246787176,-0.4402937889099121,1,2.9976806640625,1,-0.735290633307563,-0.45811188220977783,1,2.8082122802734375
16091.999,10,1,1,stimulusMovement,1,-0.9822905328538682,-0.44296443462371826,1,2.9925384521484375,1,-0.7233221795823839,-0.47276872396469116,1,2.7765960693359375
16108.665,10,1,1,stimulusMovement,1,-0.9820551143752203,-0.4539381265640259,1,3.0066680908203125,1,-0.7236622969309489,-0.47648656368255615,1,2.75958251953125
16125.332,10,1,1,stimulusMovement,1,-0.986248426967197,-0.45652544498443604,1,2.9905548095703125,1,-0.745122234026591,-0.4834609627723694,1,2.75103759765625
16141.998,10,1,1,stimulusMovement,1,-0.9614015883869594,-0.46679818630218506,1,2.9602508544921875,1,-0.7225937048594157,-0.48205697536468506,1,2.7404327392578125
16158.665,10,1,1,stimulusMovement,1,-0.9625321427981058,-0.46572697162628174,1,2.978607177734375,1,-0.7329565286636353,-0.49514472484588623,1,2.7429046630859375
16175.331,10,1,1,stimulusMovement,1,-0.9637840920024447,-0.4768635034561157,1,2.9627227783203125,1,-0.7261062728034126,-0.48678457736968994,1,2.73345947265625
16191.997,10,1,1,stimulusMovement,1,-0.9706631898880005,-0.47564733028411865,1,2.9432373046875,1,-0.7376701434453328,-0.5024828910827637,1,2.720977783203125
16208.664,10,1,1,stimulusMovement,1,-0.9736014207204182,-0.47402238845825195,1,2.9362945556640625,1,-0.7256841659545898,-0.5033887624740601,1,2.737213134765625
16225.33,10,1,1,stimulusMovement,1,-0.9668601817554897,-0.4715602397918701,1,2.935882568359375,1,-0.7206711239284939,-0.4948432445526123,1,2.700439453125
16241.997,10,1,1,stimulusMovement,1,-0.9747770693567064,-0.48385506868362427,1,2.921844482421875,1,-0.7216968403922187,-0.5020270347595215,1,2.73052978515625
16258.663,10,1,1,stimulusMovement,1,-0.967030472225613,-0.47594988346099854,1,2.9139556884765625,1,-0.7211497359805636,-0.5017838478088379,1,2.7213897705078125
16275.329,10,1,1,stimulusMovement,1,-0.9714389377170138,-0.47663283348083496,1,2.9022369384765625,0,nan,nan,0,nan
16291.996,10,1,1,stimulusMovement,1,-0.9684112204445733,-0.477267324924469,1,2.920867919921875,1,-0.730310320854187,-0.5063071250915527,1,2.6935272216796875
16308.663,10,1,1,stimulusMovement,1,-0.9591569768057928,-0.48378705978393555,1,2.9146575927734375,1,-0.7221377293268839,-0.5025949478149414,1,2.684783935546875
16325.329,10,1,1,stimulusMovement,1,-0.9797568652364942,-0.4100012183189392,1,2.9436798095703125,1,-0.7070801787906222,-0.4319879412651062,1,2.7151641845703125
16341.995,10,1,1,stimulusMovement,1,-0.9612957172923617,-0.3671419024467468,1,2.9263153076171875,1,-0.7165718078613281,-0.4036847949028015,1,2.7200469970703125
16358.662,10,1,1,stimulusMovement,1,-0.9659117327796087,-0.36959534883499146,1,2.9605865478515625,1,-0.7056832313537598,-0.385511577129364,1,2.7059478759765625
16375.328,10,1,1,stimulusMovement,1,-0.9515949024094476,-0.36248987913131714,1,2.9253082275390625,1,-0.703739947742886,-0.3985818028450012,1,2.743194580078125
16391.995,10,1,1,stimulusMovement,1,-0.9593890971607631,-0.3534519672393799,1,2.915374755859375,1,-0.7042286396026611,-0.38396263122558594,1,2.720977783203125
16408.661,10,1,1,stimulusMovement,1,-0.9565524260203043,-0.3597729206085205,1,2.93634033203125,1,-0.7000014781951904,-0.382047176361084,1,2.72662353515625
16425.327,10,1,1,stimulusMovement,1,-0.9655420117908053,-0.3582676649093628,1,2.912841796875,1,-0.7024843295415242,-0.3831186294555664,1,2.711883544921875
16441.994,10,1,1,stimulusMovement,1,-0.9803031086921692,-0.366828978061676,1,2.9404754638671875,1,-0.7100521855884128,-0.3943255543708801,1,2.720367431640625
16458.66,10,1,1,stimulusMovement,1,-0.9614014493094549,-0.3613542914390564,1,2.914886474609375,1,-0.7077496846516926,-0.40015268325805664,1,2.7103118896484375
16475.326,10,1,1,stimulusMovement,1,-0.9576991332901849,-0.3769962191581726,1,2.89886474609375,1,-0.7166911098692151,-0.4042748808860779,1,2.7287445068359375
16491.993,10,1,1,stimulusMovement,1,-0.9783619112438625,-0.35644596815109253,1,2.900360107421875,1,-0.7075639565785725,-0.41027146577835083,1,2.698455810546875
16508.66,10,1,1,stimulusMovement,1,-0.9783515135447184,-0.37014055252075195,1,2.891845703125,1,-0.7118160592185127,-0.4062303900718689,1,2.6945953369140625
16525.325,10,1,1,stimulusMovement,1,-0.9520761171976725,-0.36870867013931274,1,2.86761474609375,1,-0.7006438573201497,-0.40320348739624023,1,2.677154541015625
16541.992,10,1,1,stimulusMovement,1,-0.9671571188502841,-0.3712390661239624,1,2.888153076171875,1,-0.7124837107128567,-0.40045154094696045,1,2.65545654296875
16558.659,10,1,1,stimulusMovement,1,-0.9349671469794378,-0.38111382722854614,1,2.8336639404296875,1,-0.7000206311543782,-0.4208778142929077,1,2.6351318359375
16575.324,10,1,1,stimulusMovement,1,-0.9316122664345635,-0.38739919662475586,1,2.844024658203125,1,-0.694440590010749,-0.4218937158584595,1,2.6358795166015625
16591.991,10,1,1,stimulusMovement,1,-0.9400160445107354,-0.39282673597335815,1,2.842193603515625,1,-0.6932297282748752,-0.4231569766998291,1,2.6132659912109375
16608.658,10,1,1,stimulusMovement,1,-0.9493351247575548,-0.392539381980896,1,2.8148193359375,1,-0.6956342061360676,-0.4246180057525635,1,2.63238525390625
16625.323,10,1,1,stimulusMovement,1,-0.9485977027151319,-0.39022696018218994,1,2.7908782958984375,1,-0.6868506537543403,-0.4110904932022095,1,2.634033203125
16641.99,10,1,1,stimulusMovement,1,-0.9593280288908216,-0.39510488510131836,1,2.7893829345703125,1,-0.6972049607170953,-0.4216391444206238,1,2.6205596923828125
16658.657,10,1,1,stimulusMovement,1,-0.9387295676602257,-0.39078426361083984,1,2.785614013671875,1,-0.6929435994890001,-0.4193170666694641,1,2.5812835693359375
16675.323,10,1,1,stimulusMovement,1,-0.9538735018836126,-0.3908084034919739,1,2.765228271484375,1,-0.7005553907818264,-0.42917072772979736,1,2.57330322265625
16691.99,10,1,1,stimulusMovement,1,-0.9372745686107211,-0.3857782483100891,1,2.78570556640625,1,-0.7151033480962117,-0.4252668023109436,1,2.5750732421875
16708.656,10,1,1,stimulusMovement,1,-0.9200558265050252,-0.41286128759384155,1,2.7940216064453125,1,-0.6993292570114136,-0.42453712224960327,1,2.554656982421875
16725.322,10,1,1,stimulusMovement,1,-0.937007897429996,-0.41122013330459595,1,2.7532806396484375,1,-0.6980914539761013,-0.4171370267868042,1,2.5420379638671875
16741.989,10,1,1,stimulusMovement,1,-0.9597478244039747,-0.3894355297088623,1,2.746246337890625,1,-0.6930883857938978,-0.42495089769363403,1,2.5605316162109375
16758.656,10,1,1,stimulusMovement,1,-0.9393277764320374,-0.3850383758544922,1,2.693267822265625,1,-0.7017241583930122,-0.4275822043418884,1,2.5425262451171875
16775.321,10,1,1,stimulusMovement,1,-0.9268896712197198,-0.4039757251739502,1,2.7453155517578125,1,-0.6960481935077243,-0.4240090250968933,1,2.5342254638671875
16791.988,10,1,1,stimulusMovement,1,-0.9236623247464497,-0.4024827480316162,1,2.7564849853515625,1,-0.7025818824768066,-0.42238032817840576,1,2.5534210205078125
16808.655,10,1,1,stimulusMovement,1,-0.9332384732034471,-0.381264328956604,1,2.714447021484375,0,nan,nan,0,nan
16825.32,10,1,1,stimulusMovement,1,-0.9035366409354739,-0.4120429754257202,1,2.779205322265625,1,-0.6861623393164741,-0.42267906665802,1,2.56048583984375
16841.987,10,1,1,stimulusMovement,1,-0.9293442103597852,-0.396712064743042,1,2.71002197265625,1,-0.694239232275221,-0.4311801791191101,1,2.5611419677734375
16858.654,10,1,1,stimulusMovement,1,-0.9267199370596143,-0.3971080780029297,1,2.7282867431640625,1,-0.6895692480934991,-0.42683589458465576,1,2.5572509765625
16875.32,10,1,1,stimulusMovement,1,-0.9591957065794202,-0.3827586770057678,1,2.686492919921875,1,-0.6943167845408121,-0.43027162551879883,1,2.5135345458984375
16891.987,10,1,1,stimulusMovement,1,-0.9274952113628387,-0.38030147552490234,1,2.6510467529296875,1,-0.6872482829623752,-0.4358987808227539,1,2.538360595703125
16908.653,10,1,1,stimulusMovement,1,-0.9511116478178235,-0.39761191606521606,1,2.672027587890625,1,-0.7025213771396213,-0.4301198124885559,1,2.5257720947265625
16925.319,10,1,1,stimulusMovement,1,-0.9366606970628102,-0.4121789336204529,1,2.67669677734375,1,-0.704191353585985,-0.42326635122299194,1,2.5106048583984375
16941.986,10,1,1,stimulusMovement,1,-0.9387407302856445,-0.3922877907752991,1,2.6356964111328125,1,-0.6931440962685479,-0.43237823247909546,1,2.531890869140625
16958.652,10,1,1,stimulusMovement,1,-0.9465012152989705,-0.3973277807235718,1,2.615234375,1,-0.7061654859118991,-0.4379744529724121,1,2.5187530517578125
16975.318,10,1,1,stimulusMovement,1,-0.9493993454509311,-0.396334707736969,1,2.6115264892578125,1,-0.7118661403656006,-0.44102805852890015,1,2.4992523193359375
16991.985,10,1,1,stimulusMovement,1,-0.9358154502179887,-0.39002740383148193,1,2.6488494873046875,1,-0.7065874735514323,-0.43826818466186523,1,2.50262451171875
17008.651,10,1,1,stimulusMovement,1,-0.9587266511387295,-0.4001097083091736,1,2.645751953125,1,-0.6956778897179497,-0.4242856502532959,1,2.4755706787109375
17025.317,10,1,1,stimulusMovement,1,-0.9430957767698499,-0.401996910572052,1,2.6170501708984375,1,-0.7079502873950534,-0.43733489513397217,1,2.4868621826171875
17041.984,10,1,1,stimulusMovement,1,-0.928944084379408,-0.4083822965621948,1,2.6666107177734375,1,-0.6912262439727783,-0.42170119285583496,1,2.4877471923828125
17058.651,10,1,1,stimulusMovement,1,-0.9174140857325659,-0.4009084105491638,1,2.6545257568359375,1,-0.6964113977220323,-0.42793333530426025,1,2.49774169921875
17075.317,10,1,1,stimulusMovement,1,-0.9301128122541639,-0.413199782371521,1,2.660675048828125,1,-0.6906932459937202,-0.43897926807403564,1,2.51202392578125
17091.983,10,1,1,stimulusMovement,1,-0.9615994029574924,-0.40202081203460693,1,2.604217529296875,1,-0.6990881363550822,-0.4364061951637268,1,2.4850616455078125
17108.65,10,1,1,stimulusMovement,1,-0.8998285912805133,-0.4255479574203491,1,2.690765380859375,1,-0.706386751598782,-0.42754673957824707,1,2.47772216796875
17125.316,10,1,1,stimulusMovement,1,-0.9345910582277509,-0.40671420097351074,1,2.6340484619140625,1,-0.6963549984825982,-0.4441956877708435,1,2.49755859375
17141.982,10,1,1,stimulusMovement,1,-0.9420006705654992,-0.39810603857040405,1,2.686553955078125,1,-0.7107440100775825,-0.44517064094543457,1,2.4824371337890625
17158.649,10,1,1,stimulusMovement,1,-0.9147255337900585,-0.4140048623085022,1,2.698394775390625,1,-0.7019773191875881,-0.43691015243530273,1,2.515960693359375
17175.315,10,1,1,stimulusMovement,1,-0.9447149038314819,-0.408230185508728,1,2.6373138427734375,1,-0.703544086880154,-0.4442845582962036,1,2.498809814453125
17191.981,10,1,1,stimulusMovement,1,-0.9262370434072282,-0.41822683811187744,1,2.6772613525390625,1,-0.704490237765842,-0.4269426465034485,1,2.4777984619140625
17208.648,10,1,1,stimulusMovement,1,-0.9268288215001423,-0.41289615631103516,1,2.6853179931640625,1,-0.7027591864267985,-0.43464839458465576,1,2.494659423828125
17225.314,10,1,1,stimulusMovement,1,-0.9271622366375393,-0.4124023914337158,1,2.7109222412109375,1,-0.6988102595011393,-0.43946558237075806,1,2.5134124755859375
17241.981,10,1,1,stimulusMovement,1,-0.9321347011460198,-0.41622281074523926,1,2.697906494140625,1,-0.7113866276211208,-0.4393906593322754,1,2.4952239990234375
17258.648,10,1,1,stimulusMovement,1,-0.9171543783611721,-0.4157230257987976,1,2.702392578125,1,-0.6897313727272881,-0.43806129693984985,1,2.5406951904296875
17275.313,10,1,1,stimulusMovement,1,-0.9307378265592786,-0.410377562046051,1,2.7100677490234375,1,-0.7084625959396362,-0.4327462315559387,1,2.518035888671875
17291.98,10,1,1,stimulusMovement,1,-0.9458301266034443,-0.39890891313552856,1,2.7095947265625,1,-0.7118810680177476,-0.4314507246017456,1,2.528533935546875
17308.647,10,1,1,stimulusMovement,1,-0.9489185412724812,-0.39215731620788574,1,2.6958465576171875,1,-0.7014344268374972,-0.43131542205810547,1,2.530731201171875
17325.312,10,1,1,stimulusMovement,1,-0.9383075336615244,-0.4084857702255249,1,2.7588348388671875,1,-0.689464873737759,-0.4297749996185303,1,2.547698974609375
17341.979,10,1,1,stimulusMovement,1,-0.9313694338003794,-0.4000086188316345,1,2.7446746826171875,1,-0.6969103680716621,-0.4341490864753723,1,2.5268707275390625
17358.646,10,1,1,stimulusMovement,1,-0.9487970537609524,-0.416193425655365,1,2.7441558837890625,1,-0.7050803502400715,-0.44277000427246094,1,2.5348663330078125
17375.311,10,1,1,stimulusMovement,1,-0.9403009282218084,-0.3993757963180542,1,2.7237091064453125,1,-0.703848229514228,-0.42758888006210327,1,2.5516357421875
17391.978,10,1,1,stimulusMovement,1,-0.9359396431181165,-0.4016118049621582,1,2.7281951904296875,1,-0.7066559659110175,-0.4341973066329956,1,2.5209503173828125
17408.645,10,1,1,stimulusMovement,1,-0.9617653290430704,-0.40039509534835815,1,2.72149658203125,1,-0.7035485903422037,-0.4495198726654053,1,2.544830322265625
17425.311,10,1,1,stimulusMovement,1,-0.9323472082614899,-0.3963778614997864,1,2.701019287109375,1,-0.6988018221325344,-0.42710334062576294,1,2.5456085205078125
17441.977,10,1,1,stimulusMovement,1,-0.9412674638960096,-0.4064182639122009,1,2.7461395263671875,1,-0.7038300699657863,-0.4361459016799927,1,2.5864410400390625
17458.644,10,1,1,stimulusMovement,1,-0.9357765052053663,-0.39792031049728394,1,2.758941650390625,1,-0.7032892041736178,-0.43047600984573364,1,2.584381103515625
17475.31,10,1,1,stimulusMovement,1,-0.9434117376804352,-0.4091044068336487,1,2.7424774169921875,1,-0.7092701991399128,-0.4342752695083618,1,2.5516815185546875
17491.976,10,1,1,stimulusMovement,1,-0.9373001390033298,-0.40150487422943115,1,2.7642059326171875,1,-0.7017534308963351,-0.4358462691307068,1,2.557708740234375
17508.643,10,1,1,stimulusMovement,1,-0.9340689447191026,-0.39730799198150635,1,2.767547607421875,1,-0.713472949133979,-0.4305340051651001,1,2.5476226806640625
17525.309,10,1,1,stimulusMovement,1,-0.938564744260576,-0.39738941192626953,1,2.7523651123046875,1,-0.7016546991136339,-0.4389364719390869,1,2.5634002685546875
17541.975,10,1,1,stimulusMovement,1,-0.951878269513448,-0.3962399363517761,1,2.7557830810546875,1,-0.7077533404032389,-0.4318297505378723,1,2.5980682373046875
17558.642,10,1,1,fixation,1,-0.9458556506368848,-0.39467161893844604,1,2.7641448974609375,1,-0.7076846228705512,-0.436529278755188,1,2.5972442626953125
17575.308,10,1,1,fixation,1,-0.9558780392011006,-0.3918761610984802,1,2.4879913330078125,1,-0.7128813399208916,-0.40205615758895874,1,2.247955322265625
17591.975,10,1,1,fixation,0,nan,nan,0,nan,0,nan,nan,0,nan
17608.642,10,1,1,fixation,1,-0.9305772218439313,-0.41292035579681396,1,2.790283203125,1,-0.7058208518558078,-0.4297923445701599,1,2.593780517578125
17625.307,10,1,1,fixation,1,-0.9533349606725904,-0.3926713466644287,1,2.506317138671875,1,-0.7107529905107286,-0.3960724472999573,1,2.232879638671875
17641.974,10,1,1,fixation,0,nan,nan,0,nan,0,nan,nan,0,nan
17658.641,10,1,1,fixation,1,-0.9438013467523786,-0.40153229236602783,1,2.800872802734375,1,-0.7007854647106594,-0.4352404475212097,1,2.593780517578125
17675.306,10,1,1,fixation,1,-0.9477282696300082,-0.3964449167251587,1,2.5275115966796875,1,-0.7086222834057277,-0.40563273429870605,1,2.26446533203125
17691.973,10,1,1,fixation,0,nan,nan,0,nan,0,nan,nan,0,nan
17708.64,10,1,1,fixation,1,-0.9333304729726579,-0.39957094192504883,1,2.8123626708984375,1,-0.7007671727074517,-0.43388015031814575,1,2.6216583251953125
17725.305,10,1,1,fixation,1,-0.9477101365725199,-0.39262688159942627,1,2.542449951171875,1,-0.7086349328358967,-0.4064512848854065,1,2.303802490234375
17741.972,10,1,1,fixation,0,nan,nan,0,nan,0,nan,nan,0,nan
17758.639,10,1,1,fixation,1,-0.9105734858247968,-0.41153794527053833,1,2.8680419921875,1,-0.704297317398919,-0.4318699240684509,1,2.6274566650390625
17775.304,10,1,1,fixation,1,-0.9513767030504015,-0.39167070388793945,1,2.56072998046875,1,-0.7081526120503743,-0.4081987142562866,1,2.31903076171875
17791.971,10,1,1,fixation,0,nan,nan,0,nan,0,nan,nan,0,nan
17808.638,10,1,1,fixation,1,-0.9337639775541093,-0.41541850566864014,1,2.84295654296875,1,-0.701561411221822,-0.4368922710418701,1,2.6422119140625
17825.304,10,1,1,fixation,1,-0.950457751750946,-0.39262622594833374,1,2.570831298828125,1,-0.7099194924036661,-0.39467835426330566,1,2.3145294189453125
17841.97,10,1,1,fixation,0,nan,nan,0,nan,0,nan,nan,0,nan
17858.637,10,1,1,fixation,1,-0.9268646637598673,-0.4051671624183655,1,2.872467041015625,1,-0.6866850720511543,-0.4295203685760498,1,2.6658172607421875
17875.303,10,1,1,fixation,1,-0.9633232752482096,-0.3925957679748535,1,2.5909576416015625,1,-0.7234883043501111,-0.4106752276420593,1,2.3382720947265625
17891.969,10,1,1,fixation,0,nan,nan,0,nan,0,nan,nan,0,nan
17908.636,10,1,1,fixation,1,-0.9343629545635647,-0.41383349895477295,1,2.8599090576171875,1,-0.7073321342468262,-0.4416350722312927,1,2.70147705078125
17925.302,10,1,1,fixation,1,-0.9591936667760212,-0.3995975852012634,1,2.6123199462890625,1,-0.7194369501537746,-0.41061967611312866,1,2.360870361328125
17941.968,10,1,1,fixation,0,nan,nan,0,nan,0,nan,nan,0,nan
17958.635,10,1,1,fixation,1,-0.9441898067792256,-0.4091198444366455,1,2.8875274658203125,1,-0.6952769756317139,-0.43854182958602905,1,2.697296142578125
17975.301,10,1,1,fixation,1,-0.9646862083011203,-0.4000072479248047,1,2.6196441650390625,1,-0.7277171214421589,-0.4059717059135437,1,2.3582000732421875
17991.968,10,1,1,fixation,0,nan,nan,0,nan,0,nan,nan,0,nan
18008.634,10,1,1,fixation,1,-0.9479336871041192,-0.4082716703414917,1,2.9033355712890625,1,-0.7116676833894517,-0.4275935888290405,1,2.7048187255859375
18025.3,10,1,1,fixation,1,-0.9566705624262491,-0.39453786611557007,1,2.6295623779296875,1,-0.724067317114936,-0.41049879789352417,1,2.3897857666015625
18041.967,10,1,1,fixation,0,nan,nan,0,nan,0,nan,nan,0,nan
18058.633,10,1,1,fixation,1,-0.9441164698865678,-0.40794575214385986,1,2.936309814453125,1,-0.7134532266192966,-0.4327288866043091,1,2.701080322265625
18075.298,10,1,1,fixation,1,-0.9617136981752183,-0.39948010444641113,1,2.639739990234375,0,nan,nan,0,nan
18091.965,10,1,1,fixation,0,nan,nan,0,nan,0,nan,nan,0,nan
18108.632,10,1,1,fixation,1,-0.954704807864295,-0.40624165534973145,1,2.911041259765625,1,-0.7154603666729397,-0.43198710680007935,1,2.71368408203125
18125.297,10,1,1,fixation,1,-0.9584472046958075,-0.3993391990661621,1,2.6422271728515625,1,-0.727796369128757,-0.4048634171485901,1,2.3932342529296875
18141.964,10,1,1,fixation,0,nan,nan,0,nan,0,nan,nan,0,nan
18158.631,10,1,1,fixation,1,-0.9504153662257724,-0.41043198108673096,1,2.9061737060546875,1,-0.7117639515135022,-0.43368470668792725,1,2.7436065673828125
18175.296,10,1,1,fixation,1,-0.9639766414960225,-0.3992566466331482,1,2.6439056396484375,1,-0.7272351317935519,-0.4050943851470947,1,2.41162109375
18191.963,10,1,1,fixation,0,nan,nan,0,nan,0,nan,nan,0,nan
18208.63,10,1,1,fixation,1,-0.9425879518191019,-0.40871965885162354,1,2.916748046875,1,-0.7161636617448595,-0.4356706142425537,1,2.726531982421875
18225.295,10,1,1,fixation,1,-0.9598981605635748,-0.398922860622406,1,2.6646728515625,1,-0.724026878674825,-0.40403038263320923,1,2.423309326171875
18241.962,10,1,1,fixation,0,nan,nan,0,nan,0,nan,nan,0,nan
18258.629,10,1,1,fixation,1,-0.9491870999336243,-0.4006115198135376,1,2.9293365478515625,1,-0.7042258580525715,-0.42553257942199707,1,2.764892578125
18275.294,10,1,1,fixation,1,-0.9511263370513916,-0.3968185782432556,1,2.6734466552734375,1,-0.7283316055933634,-0.4004586338996887,1,2.4150848388671875
18291.961,10,1,1,fixation,0,nan,nan,0,nan,0,nan,nan,0,nan
18308.628,10,1,1,fixation,1,-0.9481233027246263,-0.4033648371696472,1,2.908843994140625,1,-0.7073558701409234,-0.4341825842857361,1,2.7653045654296875
18325.293,10,1,1,fixation,1,-0.9496419363551669,-0.3947456479072571,1,2.6912994384765625,1,-0.7242451906204224,-0.4007091522216797,1,2.4396209716796875
18341.96,10,1,1,fixation,0,nan,nan,0,nan,0,nan,nan,0,nan
18358.627,10,1,1,fixation,1,-0.9349275562498304,-0.3988935947418213,1,2.959075927734375,1,-0.7215018802218967,-0.4362260103225708,1,2.7849884033203125
18375.293,10,1,1,fixation,1,-0.9543510807885064,-0.39690715074539185,1,2.7101593017578125,1,-0.7226285272174411,-0.4007608890533447,1,2.456817626953125
18391.959,10,1,1,fixation,0,nan,nan,0,nan,0,nan,nan,0,nan
18408.626,10,1,1,fixation,1,-0.9482775727907816,-0.4092234969139099,1,2.9763336181640625,1,-0.7019498215781318,-0.42361587285995483,1,2.7964630126953125
18425.292,10,1,1,fixation,1,-0.9524392353163824,-0.39681148529052734,1,2.7253265380859375,1,-0.7235170867707994,-0.4003349542617798,1,2.4914703369140625
18441.958,10,1,1,fixation,0,nan,nan,0,nan,0,nan,nan,0,nan
18458.625,10,1,1,fixation,1,-0.9538354343838161,-0.400995671749115,1,2.9768218994140625,1,-0.7048317061530219,-0.4219437837600708,1,2.8064117431640625
18475.291,10,1,1,fixation,1,-0.9546237852838304,-0.39720869064331055,1,2.7321319580078125,1,-0.7199548615349664,-0.4019867777824402,1,2.503936767578125
18491.957,10,1,1,fixation,0,nan,nan,0,nan,0,nan,nan,0,nan
18508.624,10,1,1,fixation,1,-0.9434418744511074,-0.4000326991081238,1,2.977752685546875,1,-0.7103215720918443,-0.42411917448043823,1,2.8115692138671875
18525.29,10,1,1,fixation,1,-0.9542804492844476,-0.39725637435913086,1,2.735015869140625,1,-0.7129587994681464,-0.4014929533004761,1,2.498931884765625
18541.956,10,1,1,fixation,0,nan,nan,0,nan,0,nan,nan,0,nan
18558.623,10,1,1,fixation,1,-0.9290595220194922,-0.4026554822921753,1,2.9970245361328125,1,-0.7108614577187432,-0.4310159683227539,1,2.7716827392578125
18575.289,10,1,1,fixation,1,-0.9509193764792547,-0.3988335132598877,1,2.721649169921875,1,-0.7208396328820122,-0.4025891423225403,1,2.4781951904296875
18591.955,10,1,1,stimulusMovement,0,nan,nan,0,nan,0,nan,nan,0,nan
18608.622,10,1,1,stimulusMovement,1,-0.9471123218536377,-0.4055898189544678,1,2.9582061767578125,1,-0.7090886963738335,-0.4322895407676697,1,2.7682647705078125
18625.288,10,1,1,stimulusMovement,1,-0.9426707691616482,-0.4023932218551636,1,2.9828948974609375,1,-0.708996123737759,-0.42684847116470337,1,2.7698974609375
18641.954,10,1,1,stimulusMovement,1,-0.9422785143057505,-0.39823877811431885,1,2.9606475830078125,1,-0.6942796442243787,-0.4382055997848511,1,2.7967376708984375
18658.621,10,1,1,stimulusMovement,1,-0.9509067866537305,-0.4113526940345764,1,2.9625396728515625,1,-0.7065412468380398,-0.43000996112823486,1,2.7723236083984375
18675.287,10,1,1,stimulusMovement,1,-0.9425559739271799,-0.40785449743270874,1,2.9734649658203125,1,-0.6985990471310085,-0.43573784828186035,1,2.7630462646484375
18691.953,10,1,1,stimulusMovement,1,-0.9538437790340847,-0.40716880559921265,1,2.9651641845703125,1,-0.6965576145384046,-0.4307476282119751,1,2.7766571044921875
18708.62,10,1,1,stimulusMovement,1,-0.9462599820560879,-0.4105340242385864,1,2.977813720703125,1,-0.7062176201078626,-0.43006807565689087,1,2.775970458984375
18725.286,10,1,1,stimulusMovement,1,-0.9617940253681606,-0.4031261205673218,1,2.9585723876953125,1,-0.714478611946106,-0.43867892026901245,1,2.787811279296875
18741.952,10,1,1,stimulusMovement,1,-0.9506763021151224,-0.40599578619003296,1,2.9603118896484375,1,-0.7117435137430826,-0.42365264892578125,1,2.75836181640625
18758.619,10,1,1,stimulusMovement,1,-0.9424815244144863,-0.41166359186172485,1,2.9735565185546875,1,-0.7039977576997545,-0.4375649690628052,1,2.769134521484375
18775.285,10,1,1,stimulusMovement,1,-0.9440024064646826,-0.40481024980545044,1,2.970428466796875,1,-0.7141399648454454,-0.42982739210128784,1,2.7747955322265625
18791.951,10,1,1,stimulusMovement,1,-0.9445335533883836,-0.40355175733566284,1,2.95074462890625,1,-0.7135782374276055,-0.4306349754333496,1,2.785003662109375
18808.618,10,1,1,stimulusMovement,1,-0.9494758049647013,-0.4066370725631714,1,2.974853515625,1,-0.7048965957429674,-0.4387187957763672,1,2.776763916015625
18825.284,10,1,1,stimulusMovement,1,-0.9363736775186327,-0.40615159273147583,1,2.9693603515625,1,-0.7019117143419054,-0.43489670753479004,1,2.7774658203125
18841.95,10,1,1,stimulusMovement,1,-0.9428591264618768,-0.4087168574333191,1,2.966094970703125,1,-0.6993075079388088,-0.4422404170036316,1,2.7884063720703125
18858.617,10,1,1,stimulusMovement,1,-0.9293459256490071,-0.4095207452774048,1,2.9711151123046875,1,-0.6915965874989827,-0.42620790004730225,1,2.804901123046875
18875.283,10,1,1,stimulusMovement,1,-0.9392876823743184,-0.4071422219276428,1,2.9725799560546875,1,-0.6972565915849473,-0.43575429916381836,1,2.79022216796875
18891.949,10,1,1,stimulusMovement,1,-0.9474768307473924,-0.41075360774993896,1,2.9705657958984375,1,-0.7031391726599799,-0.43450701236724854,1,2.77288818359375
18908.616,10,1,1,stimulusMovement,1,-0.9460403190718756,-0.402831494808197,1,2.96466064453125,0,nan,nan,0,nan
18925.282,10,1,1,stimulusMovement,1,-0.9435776041613684,-0.40792250633239746,1,2.993408203125,1,-0.7140005297131008,-0.4305609464645386,1,2.7798614501953125
18941.948,10,1,1,stimulusMovement,1,-0.9522156053119235,-0.39894330501556396,1,2.9856414794921875,1,-0.6947513951195611,-0.4331125020980835,1,2.771087646484375
18958.615,10,1,1,stimulusMovement,1,-0.9497132963604397,-0.405029833316803,1,2.9752197265625,1,-0.7016819583045112,-0.43252480030059814,1,2.789459228515625
18975.281,10,1,1,stimulusMovement,1,-0.9514988395902845,-0.41341739892959595,1,2.9917449951171875,1,-0.6982372469372219,-0.4317973852157593,1,2.7866973876953125
18991.947,10,1,1,stimulusMovement,1,-0.9471398062176174,-0.39779651165008545,1,2.982269287109375,1,-0.7012405395507812,-0.42361927032470703,1,2.781707763671875
19008.614,10,1,1,stimulusMovement,1,-0.9361201955212487,-0.405667245388031,1,2.9876861572265625,1,-0.6952362855275471,-0.43630290031433105,1,2.782379150390625
19025.279,10,1,1,stimulusMovement,1,-0.9398841559886932,-0.4042995572090149,1,2.984588623046875,1,-0.7096691926320393,-0.4251825213432312,1,2.7805633544921875
19041.946,10,1,1,stimulusMovement,1,-0.9421127173635694,-0.4071657657623291,1,2.9817962646484375,1,-0.7087462610668606,-0.4296957850456238,1,2.7978363037109375
19058.613,10,1,1,stimulusMovement,1,-0.9526071813371446,-0.4182262420654297,1,3.0328369140625,1,-0.7093949317932129,-0.4335576891899109,1,2.801513671875
19075.278,10,1,1,stimulusMovement,1,-0.9579257567723591,-0.4035801887512207,1,3.0031280517578125,1,-0.6973015732235378,-0.4315796494483948,1,2.8011474609375
19091.945,10,1,1,stimulusMovement,1,-0.9435464176866742,-0.40878909826278687,1,2.9930877685546875,1,-0.70026519563463,-0.4399978518486023,1,2.783050537109375
19108.612,10,1,1,stimulusMovement,1,-0.9417544802029927,-0.4012957811355591,1,2.9959564208984375,1,-0.7076366742451985,-0.4415472149848938,1,2.770263671875
19125.277,10,1,1,stimulusMovement,1,-0.9340677989853753,-0.413411021232605,1,2.9976959228515625,1,-0.7011716895633273,-0.4391888380050659,1,2.78228759765625
19141.944,10,1,1,stimulusMovement,1,-0.9430089129341973,-0.41720062494277954,1,3.0008697509765625,1,-0.7071681552463107,-0.43051469326019287,1,2.7829132080078125
19158.611,10,1,1,stimulusMovement,1,-0.943877402279112,-0.40853172540664673,1,2.999298095703125,1,-0.7045170731014675,-0.43129241466522217,1,2.80169677734375
19175.276,10,1,1,stimulusMovement,1,-0.945227841536204,-0.40904319286346436,1,2.9944915771484375,1,-0.7025522391001383,-0.42770856618881226,1,2.795684814453125
19191.943,10,1,1,stimulusMovement,1,-0.9504554867744446,-0.40647047758102417,1,3.00146484375,1,-0.7091929250293307,-0.43365418910980225,1,2.77276611328125
19208.61,10,1,1,stimulusMovement,1,-0.9360399776034884,-0.4100343585014343,1,3.0220794677734375,1,-0.7064477602640787,-0.4343838691711426,1,2.81170654296875
19225.275,10,1,1,stimulusMovement,1,-0.9310271077685885,-0.4127610921859741,1,3.004974365234375,1,-0.7116467422909206,-0.42834949493408203,1,2.788818359375
19241.942,10,1,1,stimulusMovement,1,-0.9375530216428968,-0.4063713550567627,1,3.006195068359375,1,-0.7068506214353772,-0.4400252103805542,1,2.783416748046875
19258.609,10,1,1,stimulusMovement,1,-0.9504908720652262,-0.4043615460395813,1,3.001953125,1,-0.6952651341756184,-0.4329060912132263,1,2.7938232421875
19275.274,10,1,1,stimulusMovement,1,-0.9442145526409149,-0.4011167287826538,1,3.0106964111328125,1,-0.6963633033964368,-0.429199755191803,1,2.7901763916015625
19291.941,10,1,1,stimulusMovement,1,-0.9357071287102169,-0.40519779920578003,1,2.9939727783203125,1,-0.7122210529115465,-0.44132500886917114,1,2.7937774658203125
19308.608,10,1,1,stimulusMovement,1,-0.9508524073494805,-0.40658658742904663,1,2.999786376953125,1,-0.7074530389573839,-0.43457353115081787,1,2.790435791015625
19325.273,10,1,1,stimulusMovement,1,-0.9446643326017591,-0.4170917272567749,1,3.0106201171875,1,-0.7000073459413316,-0.430279016494751,1,2.801055908203125
19341.94,10,1,1,stimulusMovement,1,-0.9404035210609436,-0.40534651279449463,1,3.001678466796875,1,-0.7104845576816134,-0.43194007873535156,1,2.823974609375
19358.606,10,1,1,stimulusMovement,1,-0.9286603795157538,-0.4046773314476013,1,2.99383544921875,1,-0.6925664875242444,-0.4340530037879944,1,2.8263702392578125
19375.272,10,1,1,stimulusMovement,1,-0.9412672321001688,-0.41399621963500977,1,3.021209716796875,1,-0.6981150044335259,-0.43965405225753784,1,2.8341064453125
19391.939,10,1,1,stimulusMovement,1,-0.9366843998432159,-0.40959274768829346,1,3.01251220703125,1,-0.6966053114997016,-0.43717992305755615,1,2.8384246826171875
19408.605,10,1,1,stimulusMovement,1,-0.9382368657324048,-0.4162803888320923,1,3.0348358154296875,1,-0.7023459143108791,-0.4263361692428589,1,2.8352203369140625
19425.271,10,1,1,stimulusMovement,1,-0.9387480351659986,-0.40804219245910645,1,3.028839111328125,0,nan,nan,0,nan
19441.938,10,1,1,stimulusMovement,1,-0.9331031044324238,-0.41504985094070435,1,3.0526123046875,1,-0.6986860831578572,-0.44150012731552124,1,2.844970703125
19458.605,10,1,1,stimulusMovement,1,-0.9348637859026591,-0.4065999388694763,1,3.0337371826171875,1,-0.6920137802759806,-0.4435996413230896,1,2.854461669921875
19475.271,10,1,1,stimulusMovement,1,-0.9339355230331421,-0.41524553298950195,1,3.0360565185546875,1,-0.7007248136732313,-0.42701756954193115,1,2.8307952880859375
19491.938,10,1,1,stimulusMovement,1,-0.9313043355941772,-0.4175245761871338,1,3.0221405029296875,1,-0.7015973726908366,-0.4288640022277832,1,2.81365966796875
19508.605,10,1,1,stimulusMovement,1,-0.9502572152349683,-0.4150029420852661,1,3.0496826171875,1,-0.7013048595852321,-0.43605244159698486,1,2.8416595458984375
19525.271,10,1,1,stimulusMovement,1,-0.9474345975451999,-0.3770509958267212,1,3.0224761962890625,1,-0.7137231032053629,-0.42061179876327515,1,2.870574951171875
19541.938,10,1,1,stimulusMovement,1,-0.9533798032336764,-0.40079522132873535,1,3.03466796875,1,-0.712482319937812,-0.4177394509315491,1,2.846282958984375
19558.605,10,1,1,stimulusMovement,1,-0.9436473647753397,-0.3875884413719177,1,3.0096588134765625,1,-0.7086033556196424,-0.423956036567688,1,2.8813629150390625
19575.271,10,1,1,stimulusMovement,1,-0.9422262642118665,-0.394437313079834,1,3.02691650390625,1,-0.7014665736092461,-0.42756742238998413,1,2.8373260498046875
19591.938,10,1,1,stimulusMovement,1,-0.9480684863196478,-0.3888259530067444,1,3.044097900390625,1,-0.7001013358434041,-0.4219013452529907,1,2.8448333740234375
19608.605,10,1,1,stimulusMovement,1,-0.937986930211385,-0.3949134349822998,1,3.041595458984375,1,-0.7064426210191515,-0.4195013642311096,1,2.822906494140625
19625.271,10,1,1,stimulusMovement,1,-0.9484967721833123,-0.39333122968673706,1,3.0567474365234375,1,-0.7085814873377482,-0.416989266872406,1,2.851776123046875
19641.938,10,1,1,stimulusMovement,1,-0.9481120175785488,-0.39001327753067017,1,3.040740966796875,1,-0.7032949129740397,-0.43129974603652954,1,2.8490753173828125
19658.604,10,1,1,stimulusMovement,1,-0.9465727673636541,-0.3975938558578491,1,3.047576904296875,1,-0.7027072509129841,-0.41995149850845337,1,2.8490447998046875
19675.27,10,1,1,stimulusMovement,1,-0.9330230123466915,-0.39393895864486694,1,3.0611724853515625,1,-0.7073085175620185,-0.41588282585144043,1,2.884796142578125
19691.937,10,1,1,stimulusMovement,1,-0.9429239597585466,-0.3936792016029358,1,3.0412139892578125,1,-0.7003414101070827,-0.4224100708961487,1,2.8414154052734375
19708.604,10,1,1,stimulusMovement,1,-0.9540049831072489,-0.38571852445602417,1,3.041046142578125,1,-0.7002589835060967,-0.42601436376571655,1,2.86358642578125
19725.27,10,1,1,stimulusMovement,1,-0.946661803457472,-0.40137428045272827,1,3.06817626953125,1,-0.6924494240019056,-0.4214252829551697,1,2.8761749267578125
19741.937,10,1,1,stimulusMovement,1,-0.9530345731311374,-0.39261776208877563,1,3.05902099609375,0,nan,nan,0,nan
19758.604,10,1,1,stimulusMovement,1,-0.9396740098794301,-0.39248335361480713,1,3.04827880859375,1,-0.7111835347281562,-0.420320987701416,1,2.8828582763671875
19775.27,10,1,1,stimulusMovement,1,-0.9452892276975843,-0.40028631687164307,1,3.068603515625,1,-0.7048303816053602,-0.4261445999145508,1,2.8975372314453125
19791.937,10,1,1,stimulusMovement,1,-0.9514829980002508,-0.40022653341293335,1,3.0475616455078125,1,-0.7103885809580485,-0.4218860864639282,1,2.8855438232421875
19808.604,10,1,1,stimulusMovement,1,-0.9534578124682108,-0.39756250381469727,1,3.053131103515625,1,-0.7083496782514783,-0.4279714822769165,1,2.8816986083984375
19825.27,10,1,1,stimulusMovement,1,-0.9554727872212727,-0.404061496257782,1,3.062225341796875,1,-0.7055498891406589,-0.4324597716331482,1,2.8799591064453125
19841.937,10,1,1,stimulusMovement,1,-0.9573721090952555,-0.39663898944854736,1,3.0645751953125,1,-0.7152512073516846,-0.42523467540740967,1,2.885955810546875
19858.604,10,1,1,stimulusMovement,1,-0.9588074220551385,-0.40611952543258667,1,3.0442352294921875,0,nan,nan,0,nan
19875.27,10,1,1,stimulusMovement,1,-0.9355523553159502,-0.4023071527481079,1,3.040557861328125,1,-0.7072175608740913,-0.43749797344207764,1,2.874969482421875
19891.937,10,1,1,stimulusMovement,1,-0.9540087117089165,-0.41430771350860596,1,3.03924560546875,1,-0.7124054431915283,-0.4308275580406189,1,2.8784637451171875
19908.604,10,1,1,stimulusMovement,1,-0.9519549873140123,-0.41141390800476074,1,3.00555419921875,1,-0.7103275987837049,-0.42644697427749634,1,2.873199462890625
19925.27,10,1,1,stimulusMovement,1,-0.9448908302519056,-0.4025241732597351,1,3.0016326904296875,1,-0.7055437962214152,-0.43853163719177246,1,2.8529205322265625
19941.937,10,1,1,stimulusMovement,1,-0.9537292917569478,-0.414853036403656,1,3.0019683837890625,1,-0.7062030633290608,-0.427262544631958,1,2.8419952392578125
19958.604,10,1,1,stimulusMovement,1,-0.9440583421124352,-0.4153972268104553,1,3.0130767822265625,1,-0.7066838079028659,-0.4304806590080261,1,2.8310699462890625
19975.27,10,1,1,stimulusMovement,1,-0.9336982667446136,-0.41138339042663574,1,3.039093017578125,1,-0.702718800968594,-0.4307379126548767,1,2.84002685546875
19991.937,10,1,1,stimulusMovement,1,-0.9415091872215271,-0.404522180557251,1,2.999359130859375,1,-0.7124277618196275,-0.4325442314147949,1,2.8170318603515625
20008.604,10,1,1,stimulusMovement,1,-0.9469682772954304,-0.40632516145706177,1,2.998016357421875,1,-0.7039737833870782,-0.44456547498703003,1,2.799652099609375
20025.27,10,1,1,stimulusMovement,1,-0.9443849159611596,-0.4088971018791199,1,2.999176025390625,1,-0.7100229528215196,-0.43802928924560547,1,2.7985992431640625
20041.937,10,1,1,stimulusMovement,1,-0.9337664014763302,-0.4215037226676941,1,2.972259521484375,1,-0.7130301660961574,-0.4412410259246826,1,2.799774169921875
20058.604,10,1,1,stimulusMovement,1,-0.9367917974789937,-0.3971494436264038,1,2.97052001953125,1,-0.7047285106447008,-0.42415493726730347,1,2.8162078857421875
20075.27,10,1,1,stimulusMovement,1,-0.9342740178108215,-0.4065207839012146,1,2.9609527587890625,1,-0.6953448454538981,-0.4333276152610779,1,2.80963134765625
20091.937,10,1,1,stimulusMovement,1,-0.935842259062661,-0.4139786958694458,1,2.946502685546875,1,-0.7014947334925333,-0.4375133514404297,1,2.7762298583984375
20108.604,10,1,1,stimulusMovement,1,-0.9416934483581119,-0.40014833211898804,1,2.93548583984375,1,-0.7022931840684679,-0.42999106645584106,1,2.788360595703125
20125.27,10,1,1,stimulusMovement,1,-0.9382563763194613,-0.3922611474990845,1,2.928070068359375,1,-0.7004760106404622,-0.4338892698287964,1,2.76544189453125
20141.937,10,1,1,stimulusMovement,1,-0.9416040115886264,-0.4136684536933899,1,2.9275360107421875,1,-0.6915205054812961,-0.43402010202407837,1,2.782440185546875
20158.604,10,1,1,stimulusMovement,1,-0.9267362621095445,-0.4086742401123047,1,2.9027557373046875,1,-0.6894370979732937,-0.4411103129386902,1,2.7838592529296875
20175.27,10,1,1,stimulusMovement,1,-0.943691117895974,-0.4097940921783447,1,2.8895111083984375,1,-0.699166006512112,-0.4431530237197876,1,2.759918212890625
20191.937,10,1,1,stimulusMovement,1,-0.937994208600786,-0.41109830141067505,1,2.8831939697265625,1,-0.6994532214270698,-0.4426730275154114,1,2.753997802734375
20208.604,10,1,1,stimulusMovement,1,-0.9334687987963358,-0.4115268588066101,1,2.8809051513671875,1,-0.6997391515307956,-0.45598822832107544,1,2.7050323486328125
20225.27,10,1,1,stimulusMovement,1,-0.9358196523454454,-0.42040830850601196,1,2.8758544921875,1,-0.6954415771696302,-0.4570397734642029,1,2.727752685546875
20241.937,10,1,1,stimulusMovement,1,-0.9373912115891774,-0.4293366074562073,1,2.893646240234375,1,-0.707622832722134,-0.45181840658187866,1,2.6834259033203125
20258.604,10,1,1,stimulusMovement,1,-0.9443256523874071,-0.42900943756103516,1,2.8659820556640625,1,-0.7076385021209717,-0.4503059387207031,1,2.696624755859375
20275.27,10,1,1,stimulusMovement,1,-0.9272088276015387,-0.42711544036865234,1,2.8824310302734375,0,nan,nan,0,nan
20291.937,10,1,1,stimulusMovement,1,-0.9373556209935082,-0.41195589303970337,1,2.8312835693359375,1,-0.7161649730470445,-0.44810396432876587,1,2.6954498291015625
20308.604,10,1,1,stimulusMovement,1,-0.9364927079942491,-0.4259377717971802,1,2.861480712890625,1,-0.6784113513098823,-0.44597434997558594,1,2.6928253173828125
20325.27,10,1,1,stimulusMovement,1,-0.9271759721967908,-0.42979133129119873,1,2.8169403076171875,1,-0.6924869219462076,-0.4436456561088562,1,2.6820526123046875
20341.937,10,1,1,stimulusMovement,1,-0.9413743449581994,-0.42201173305511475,1,2.8160552978515625,0,nan,nan,0,nan
20358.604,10,1,1,stimulusMovement,1,-0.9292363590664333,-0.42813920974731445,1,2.812469482421875,1,-0.6958751546012031,-0.455144464969635,1,2.6916046142578125
20375.27,10,1,1,stimulusMovement,1,-0.9323234922356075,-0.4330456256866455,1,2.826812744140625,1,-0.6912425623999702,-0.45452624559402466,1,2.677032470703125
20391.937,10,1,1,stimulusMovement,1,-0.9145740966002146,-0.43015551567077637,1,2.8369293212890625,1,-0.6867922412024604,-0.45350921154022217,1,2.6567535400390625
20408.604,10,1,1,stimulusMovement,1,-0.9092300285895665,-0.44033241271972656,1,2.8086090087890625,1,-0.6765593820148044,-0.46001315116882324,1,2.6926116943359375
20425.27,10,1,1,stimulusMovement,1,-0.8989688952763875,-0.4517885446548462,1,2.81854248046875,1,-0.6784724659389919,-0.45886194705963135,1,2.6637115478515625
20441.937,10,1,1,stimulusMovement,1,-0.8930443732274903,-0.43701761960983276,1,2.787384033203125,1,-0.6621050304836696,-0.46336841583251953,1,2.6416168212890625
20458.604,10,1,1,stimulusMovement,1,-0.8778355643153191,-0.43770772218704224,1,2.7924652099609375,1,-0.6542940934499104,-0.4593740701675415,1,2.6288604736328125
20475.27,10,1,1,stimulusMovement,1,-0.8689034465286466,-0.44088995456695557,1,2.7853546142578125,1,-0.6414175828297932,-0.4708592891693115,1,2.630615234375
20491.937,10,1,1,stimulusMovement,1,-0.8628705690304438,-0.4450682997703552,1,2.8065185546875,1,-0.617512755923801,-0.4629257917404175,1,2.6482086181640625
20508.604,10,1,1,stimulusMovement,1,-0.8503986299037933,-0.4374089241027832,1,2.7950592041015625,1,-0.624700731701321,-0.46889781951904297,1,2.6022796630859375
20525.27,10,1,1,stimulusMovement,1,-0.8163350886768764,-0.4449666738510132,1,2.77081298828125,1,-0.5941090053982204,-0.4680354595184326,1,2.62835693359375
20541.937,10,1,1,stimulusMovement,1,-0.7886194652981228,-0.43316030502319336,1,2.7558441162109375,1,-0.5625880559285481,-0.47039884328842163,1,2.5841217041015625
20558.604,10,1,1,stimulusMovement,1,-0.6123939090304904,-0.4115223288536072,1,2.775146484375,1,-0.4177684783935547,-0.44315171241760254,1,2.6753692626953125
20575.27,10,1,1,stimulusMovement,1,-0.538241704305013,-0.39090585708618164,1,2.7998809814453125,1,-0.36782603793674046,-0.41313672065734863,1,2.58782958984375
20591.937,10,1,1,stimulusMovement,1,-0.5175270769331191,-0.3822008967399597,1,2.7931060791015625,1,-0.32789723078409827,-0.3984410762786865,1,2.5421600341796875
20608.604,10,1,1,stimulusMovement,1,-0.5202084382375081,-0.3991645574569702,1,2.805389404296875,1,-0.322943369547526,-0.40254926681518555,1,2.6176910400390625
20625.27,10,1,1,stimulusMovement,1,-0.5092237525516086,-0.39079225063323975,1,2.8120574951171875,1,-0.33086935679117835,-0.3986368179321289,1,2.6041717529296875
20641.937,10,1,1,stimulusMovement,1,-0.4877296553717719,-0.3892856240272522,1,2.8377227783203125,1,-0.2771261003282335,-0.39599746465682983,1,2.5764312744140625
20658.604,10,1,1,stimulusMovement,1,-0.4764375156826443,-0.39103925228118896,1,2.844085693359375,1,-0.2986310323079427,-0.40192943811416626,1,2.6115570068359375
20675.27,10,1,1,stimulusMovement,1,-0.47912049293518066,-0.39492887258529663,1,2.868499755859375,1,-0.2587791019015842,-0.3904167413711548,1,2.600860595703125
20691.937,10,1,1,stimulusMovement,1,-0.4531490008036295,-0.3752654790878296,1,2.8304595947265625,1,-0.21484708786010742,-0.3914858102798462,1,2.6021881103515625
20708.604,10,1,1,stimulusMovement,1,-0.41552140977647567,-0.3619524836540222,1,2.7860870361328125,1,-0.20940362082587347,-0.38029325008392334,1,2.5705108642578125
20725.27,10,1,1,stimulusMovement,1,-0.42616563373141814,-0.3981512784957886,1,2.872772216796875,1,-0.19643142488267684,-0.38828831911087036,1,2.55413818359375
20741.937,10,1,1,stimulusMovement,1,-0.3917409578959147,-0.3823239803314209,1,2.8313446044921875,1,-0.162660280863444,-0.38266289234161377,1,2.5378570556640625
20758.604,10,1,1,stimulusMovement,1,-0.36190838283962673,-0.37432873249053955,1,2.786651611328125,1,-0.16556098726060656,-0.39241844415664673,1,2.591644287109375
20775.27,10,1,1,stimulusMovement,1,-0.3627338409423828,-0.385418176651001,1,2.8489532470703125,1,-0.14067406124538845,-0.39360570907592773,1,2.6081085205078125
20791.937,10,1,1,stimulusMovement,1,-0.32900407579210067,-0.38866978883743286,1,2.8365631103515625,1,-0.14252265294392902,-0.39776551723480225,1,2.5816802978515625
20808.604,10,1,1,stimulusMovement,1,-0.3232611550225152,-0.3843546509742737,1,2.8303985595703125,1,-0.09831820593939887,-0.390061616897583,1,2.57080078125
20825.27,10,1,1,stimulusMovement,1,-0.3139387766520182,-0.3982499837875366,1,2.8675689697265625,1,-0.07118617163764106,-0.39237773418426514,1,2.542388916015625
20841.937,10,1,1,stimulusMovement,1,-0.28669198354085285,-0.3788118362426758,1,2.8093414306640625,1,-0.05565283033582899,-0.3870941400527954,1,2.5356597900390625
20858.604,10,1,1,stimulusMovement,1,-0.27521419525146484,-0.3962836265563965,1,2.7862548828125,1,-0.04570076200697157,-0.3812088966369629,1,2.523406982421875
20875.27,10,1,1,stimulusMovement,1,-0.2552593019273546,-0.3730945587158203,1,2.78167724609375,1,-0.049042330847846136,-0.38720637559890747,1,2.509735107421875
20891.937,10,1,1,stimulusMovement,1,-0.2392126719156901,-0.3768000602722168,1,2.760498046875,1,-0.011848714616563585,-0.38007688522338867,1,2.55291748046875
20908.604,10,1,1,stimulusMovement,1,-0.2436484760708279,-0.38583987951278687,1,2.797882080078125,1,0.0004300011528862847,-0.3768453001976013,1,2.5465850830078125
20925.27,10,1,1,stimulusMovement,1,-0.20683966742621526,-0.36718660593032837,1,2.698699951171875,1,0.011101722717285156,-0.3870201110839844,1,2.488037109375
20941.937,10,1,1,stimulusMovement,1,-0.1951003074645996,-0.3568527102470398,1,2.6953125,1,0.02988518608940972,-0.3854020833969116,1,2.5196075439453125
20958.604,10,1,1,stimulusMovement,1,-0.1949475606282552,-0.3738688826560974,1,2.7022857666015625,1,0.036479738023546,-0.3918883204460144,1,2.4962158203125
20975.27,10,1,1,stimulusMovement,1,-0.16263114081488714,-0.36543530225753784,1,2.646759033203125,1,0.03888395097520616,-0.37600177526474,1,2.4798736572265625
20991.937,10,1,1,stimulusMovement,1,-0.16051483154296875,-0.37430572509765625,1,2.6591339111328125,1,0.062450408935546875,-0.37863463163375854,1,2.4719085693359375
21008.604,10,1,1,stimulusMovement,1,-0.15244600507948133,-0.36658477783203125,1,2.6720733642578125,1,0.07816251118977864,-0.3785557746887207,1,2.476593017578125
21025.27,10,1,1,stimulusMovement,1,-0.12593486573961046,-0.37476396560668945,1,2.6405487060546875,1,0.19203175438774955,-0.37896251678466797,1,2.507232666015625
21041.937,10,1,1,stimulusMovement,1,-0.0020490222507052952,-0.3523648977279663,1,2.6404571533203125,1,0.2195119857788086,-0.39455217123031616,1,2.5655975341796875
21058.604,10,1,1,stimulusMovement,1,-0.0028638839721679688,-0.3654091954231262,1,2.6401519775390625,1,0.2284010781182183,-0.38470005989074707,1,2.4846038818359375
21075.27,10,1,1,stimulusMovement,1,0.03143077426486545,-0.3717547655105591,1,2.6554718017578125,1,0.23413615756564668,-0.38178473711013794,1,2.4928436279296875
21091.937,10,1,1,stimulusMovement,1,0.06767103407118055,-0.3651885390281677,1,2.669097900390625,1,0.25791729821099174,-0.3889700174331665,1,2.483673095703125
21108.604,10,1,1,stimulusMovement,1,0.07262939876980251,-0.3754170536994934,1,2.636627197265625,1,0.2932621637980143,-0.3933205008506775,1,2.488616943359375
21125.27,10,1,1,stimulusMovement,1,0.08216073777940537,-0.3555055260658264,1,2.627288818359375,1,0.305505010816786,-0.39645951986312866,1,2.5006103515625
21141.937,10,1,1,stimulusMovement,1,0.11687946319580078,-0.38245630264282227,1,2.650482177734375,1,0.31322945488823783,-0.40526312589645386,1,2.4970855712890625
21158.604,10,1,1,stimulusMovement,1,0.12249310811360677,-0.3693615198135376,1,2.61077880859375,1,0.365165286593967,-0.41191673278808594,1,2.5342864990234375
21175.27,10,1,1,stimulusMovement,1,0.1258408228556315,-0.36765098571777344,1,2.59552001953125,1,0.38643752204047305,-0.42366325855255127,1,2.61431884765625
21191.937,10,1,1,stimulusMovement,1,0.15650886959499782,-0.3797050714492798,1,2.6426239013671875,1,0.3950865003797743,-0.4063401222229004,1,2.601959228515625
21208.604,10,1,1,stimulusMovement,1,0.16889307234022352,-0.3791922926902771,1,2.6495513916015625,1,0.39206801520453555,-0.4081547260284424,1,2.54541015625
21225.27,10,1,1,stimulusMovement,1,0.17528788248697916,-0.3677828311920166,1,2.6454925537109375,1,0.38895278506808806,-0.3816547989845276,1,2.468017578125
21241.936,10,1,1,stimulusMovement,1,0.18880123562282985,-0.36804473400115967,1,2.604522705078125,1,0.40460607740614146,-0.3840184211730957,1,2.4229736328125
21258.603,10,1,1,stimulusMovement,1,0.21133804321289062,-0.37123966217041016,1,2.610870361328125,1,0.4180433485243055,-0.40220123529434204,1,2.493865966796875
21275.269,10,1,1,stimulusMovement,1,0.2144529554578993,-0.3645123839378357,1,2.5897064208984375,1,0.4451628790961371,-0.4063565135002136,1,2.5155792236328125
21291.936,10,1,1,stimulusMovement,1,0.26998488108317054,-0.3764649033546448,1,2.63165283203125,1,0.48138109842936194,-0.4036405086517334,1,2.5110626220703125
21308.603,10,1,1,stimulusMovement,1,0.32251591152615017,-0.3882579803466797,1,2.6352081298828125,1,0.5330391989813911,-0.41021740436553955,1,2.482635498046875
21325.269,10,1,1,stimulusMovement,1,0.3291078143649631,-0.37534642219543457,1,2.60345458984375,1,0.5437919828626845,-0.4056045413017273,1,2.4834136962890625
21341.936,10,1,1,stimulusMovement,1,0.3470982445610894,-0.3766547441482544,1,2.5858001708984375,1,0.5595240063137478,-0.4139860272407532,1,2.4993438720703125
21358.603,10,1,1,stimulusMovement,1,0.36898761325412327,-0.3865811824798584,1,2.61407470703125,1,0.603775872124566,-0.4335305094718933,1,2.517974853515625
21375.269,10,1,1,stimulusMovement,1,0.4114661746554904,-0.43814969062805176,1,2.7682037353515625,1,0.6184775034586588,-0.4343422055244446,1,2.541900634765625
21391.936,10,1,1,stimulusMovement,1,0.4126625061035156,-0.39068084955215454,1,2.6034088134765625,1,0.6294541888766818,-0.42282140254974365,1,2.48004150390625
21408.603,10,1,1,stimulusMovement,1,0.4176834954155816,-0.38440364599227905,1,2.5675506591796875,1,0.6381622950236002,-0.4113597869873047,1,2.4712371826171875
21425.269,10,1,1,stimulusMovement,1,0.4631899727715386,-0.440071702003479,1,2.729095458984375,1,0.6683362325032551,-0.43874073028564453,1,2.5149688720703125
21441.936,10,1,1,stimulusMovement,1,0.44677723778618705,-0.39931899309158325,1,2.5803375244140625,1,0.683055665757921,-0.42831820249557495,1,2.46966552734375
21458.603,10,1,1,stimulusMovement,1,0.48280567593044704,-0.39335155487060547,1,2.6267242431640625,1,0.6982861624823676,-0.4320247173309326,1,2.4983367919921875
21475.269,10,1,1,stimulusMovement,1,0.5027467939588759,-0.4048783779144287,1,2.61676025390625,1,0.7042000028822156,-0.42745137214660645,1,2.5186614990234375
21491.936,10,1,1,stimulusMovement,1,0.49956809149848086,-0.4124114513397217,1,2.6309967041015625,1,0.7106782065497504,-0.4316825270652771,1,2.46893310546875
21508.603,10,1,1,stimulusMovement,0,nan,nan,0,nan,1,0.7407018873426648,-0.41020631790161133,1,2.4483489990234375
21525.269,10,1,1,stimulusMovement,1,0.5248032675849067,-0.39777177572250366,1,2.6372222900390625,1,0.74833435482449,-0.42872142791748047,1,2.4394073486328125
21541.936,10,1,1,stimulusMovement,1,0.5373914506700304,-0.41149985790252686,1,2.6161956787109375,1,0.7606224483913845,-0.43094319105148315,1,2.482269287109375
21558.603,10,1,1,stimulusMovement,1,0.5668729146321614,-0.4397006630897522,1,2.689849853515625,1,0.7779772016737195,-0.41346025466918945,1,2.4355621337890625
21575.269,10,1,1,stimulusMovement,1,0.5626366933186848,-0.4174821972846985,1,2.583343505859375,1,0.7675310770670573,-0.4256541132926941,1,2.4548187255859375
21591.936,10,1,1,stimulusMovement,1,0.580039448208279,-0.39496082067489624,1,2.5844573974609375,1,0.7928325865003797,-0.42555272579193115,1,2.4951019287109375
21608.603,10,1,1,stimulusMovement,1,0.590608278910319,-0.40853816270828247,1,2.5631256103515625,1,0.8175957997639973,-0.4219483733177185,1,2.481536865234375
21625.269,10,1,1,stimulusMovement,1,0.6281051635742188,-0.4206637740135193,1,2.5855712890625,1,0.8298777474297417,-0.419272780418396,1,2.506439208984375
21641.936,10,1,1,stimulusMovement,1,0.6362616221110026,-0.4150693416595459,1,2.584442138671875,1,0.8327305052015516,-0.42034274339675903,1,2.4894256591796875
21658.603,10,1,1,stimulusMovement,1,0.6524558597140842,-0.4197935461997986,1,2.602630615234375,1,0.8799150254991319,-0.418185830116272,1,2.4368438720703125
21675.269,10,1,1,stimulusMovement,1,0.6693144904242622,-0.427654504776001,1,2.6382293701171875,1,0.9052573310004339,-0.4115324020385742,1,2.444366455078125
21691.936,10,1,1,stimulusMovement,1,0.6804485321044922,-0.4208451509475708,1,2.649658203125,1,0.9427591959635416,-0.3952450752258301,1,2.4134368896484375
21708.603,10,1,1,stimulusMovement,1,0.6956520080566406,-0.4286602735519409,1,2.60272216796875,1,0.934634314643012,-0.41513562202453613,1,2.4398345947265625
21725.269,10,1,1,stimulusMovement,1,0.7177952660454644,-0.41380542516708374,1,2.621490478515625,1,0.9466660817464192,-0.4161043167114258,1,2.4811553955078125
21741.936,10,1,1,stimulusMovement,1,0.7452409532335069,-0.4241696000099182,1,2.626617431640625,1,0.9762280782063801,-0.4092685580253601,1,2.4842681884765625
21758.603,10,1,1,stimulusMovement,1,0.7579655117458767,-0.41945207118988037,1,2.605743408203125,1,1.0086250305175781,-0.39325034618377686,1,2.412628173828125
21775.269,10,1,1,stimulusMovement,1,0.7551482518513997,-0.4190025329589844,1,2.6819610595703125,1,1.0070501963297525,-0.4025777578353882,1,2.4309844970703125
21791.936,10,1,1,stimulusMovement,1,0.767626232571072,-0.42236024141311646,1,2.6483001708984375,1,1.0213760799831815,-0.39669060707092285,1,2.451202392578125
21808.603,10,1,1,stimulusMovement,1,0.7758973439534504,-0.41744792461395264,1,2.6291656494140625,1,1.0242938995361328,-0.3988540768623352,1,2.4628143310546875
21825.269,10,1,1,stimulusMovement,1,0.7817211151123047,-0.4176063537597656,1,2.6685638427734375,1,1.0571886698404946,-0.3894649147987366,1,2.438568115234375
21841.936,10,1,1,stimulusMovement,1,0.7845691045125325,-0.4296689033508301,1,2.7178192138671875,1,1.0380060407850478,-0.4027647376060486,1,2.4818267822265625
21858.603,10,1,1,stimulusMovement,1,0.788834465874566,-0.4158005714416504,1,2.70458984375,1,1.085440953572591,-0.4014778137207031,1,2.4420623779296875
21875.269,10,1,1,stimulusMovement,1,0.7981713612874348,-0.41756582260131836,1,2.6677093505859375,1,1.0707096523708768,-0.3990101218223572,1,2.4633331298828125
21891.936,10,1,1,stimulusMovement,1,0.8016079796685113,-0.42503637075424194,1,2.683990478515625,1,1.0574785868326821,-0.39974021911621094,1,2.4924774169921875
21908.603,10,1,1,stimulusMovement,1,0.7959911558363172,-0.4136274456977844,1,2.67230224609375,1,1.067783991495768,-0.4108002185821533,1,2.5202484130859375
21925.269,10,1,1,stimulusMovement,1,0.8036179012722439,-0.42874056100845337,1,2.70794677734375,1,1.0815696716308594,-0.4064173102378845,1,2.4887542724609375
21941.936,10,1,1,stimulusMovement,1,0.794247203403049,-0.4309198260307312,1,2.7136077880859375,1,1.0583275689019096,-0.4052559733390808,1,2.4861297607421875
21958.603,10,1,1,stimulusMovement,1,0.7881907357109917,-0.42545610666275024,1,2.6976776123046875,1,1.06842041015625,-0.406754732131958,1,2.48980712890625
21975.269,10,1,1,stimulusMovement,1,0.792742199367947,-0.42584455013275146,1,2.700958251953125,1,1.0717298719618056,-0.39985406398773193,1,2.493927001953125
21991.936,10,1,1,stimulusMovement,1,0.7911268870035807,-0.42838913202285767,1,2.699462890625,1,1.032554202609592,-0.40247148275375366,1,2.5128936767578125
22008.603,10,1,1,stimulusMovement,1,0.7825116051567925,-0.4241131544113159,1,2.6787872314453125,1,1.0545181698269315,-0.4020383358001709,1,2.4696807861328125
22025.269,10,1,1,stimulusMovement,1,0.6556785371568468,-0.42348700761795044,1,2.7216033935546875,1,0.901312510172526,-0.4080979824066162,1,2.532928466796875
22041.936,10,1,1,stimulusMovement,1,0.6651461919148762,-0.4144710302352905,1,2.6959686279296875,1,0.8958594004313151,-0.41310375928878784,1,2.55450439453125
22058.603,10,1,1,stimulusMovement,1,0.6695241928100586,-0.4150412082672119,1,2.692352294921875,1,0.9168468051486545,-0.39258986711502075,1,2.5116424560546875
22075.269,10,1,1,stimulusMovement,1,0.6749184926350911,-0.41799408197402954,1,2.6766357421875,1,0.9098754458957248,-0.40530383586883545,1,2.5268707275390625
22091.936,10,1,1,stimulusMovement,1,0.669719484117296,-0.4226062297821045,1,2.700958251953125,1,0.9025527106391058,-0.4050025939941406,1,2.5058746337890625
22108.603,10,1,1,stimulusMovement,1,0.6697335773044162,-0.4139861464500427,1,2.72650146484375,1,0.926393085055881,-0.4107050895690918,1,2.56964111328125
22125.269,10,1,1,stimulusMovement,1,0.6687719557020398,-0.4170767068862915,1,2.71881103515625,1,0.9116522471110026,-0.40154826641082764,1,2.5505218505859375
22141.936,10,1,1,stimulusMovement,1,0.6509689754909939,-0.4127652049064636,1,2.7538909912109375,1,0.9171464708116319,-0.40357905626296997,1,2.5549163818359375
22158.603,10,1,1,stimulusMovement,1,0.6707017686631944,-0.42409682273864746,1,2.7486724853515625,1,0.8991311391194661,-0.42403143644332886,1,2.6101837158203125
22175.269,10,1,1,stimulusMovement,1,0.6688876681857638,-0.4152299761772156,1,2.7450408935546875,1,0.9119940863715277,-0.40877360105514526,1,2.5972442626953125
22191.936,10,1,1,stimulusMovement,1,0.6853543387518989,-0.42147982120513916,1,2.7701568603515625,1,0.9098883734809027,-0.4149295687675476,1,2.61492919921875
22208.603,10,1,1,stimulusMovement,1,0.6786607106526692,-0.42525678873062134,1,2.7704010009765625,1,0.9033039940728081,-0.40593039989471436,1,2.63079833984375
22225.269,10,1,1,stimulusMovement,1,0.6835765838623047,-0.42173922061920166,1,2.7675933837890625,1,0.9110304514567057,-0.39920705556869507,1,2.622039794921875
22241.936,10,1,1,stimulusMovement,1,0.6910534964667426,-0.42404091358184814,1,2.7834320068359375,1,0.925260755750868,-0.4044434428215027,1,2.64642333984375
22258.603,10,1,1,stimulusMovement,1,0.6749460432264539,-0.4191872477531433,1,2.7788543701171875,1,0.906273947821723,-0.41186994314193726,1,2.6406707763671875
22275.269,10,1,1,stimulusMovement,1,0.6829468409220377,-0.42490315437316895,1,2.790435791015625,1,0.9245936075846354,-0.3986819386482239,1,2.64599609375
22291.936,10,1,1,stimulusMovement,1,0.6770248413085938,-0.4218658208847046,1,2.7993011474609375,1,0.9174741109212239,-0.4033082127571106,1,2.673248291015625
22308.603,10,1,1,stimulusMovement,1,0.6707000732421875,-0.4333963990211487,1,2.8524322509765625,1,0.9250081380208333,-0.3941064476966858,1,2.6507720947265625
22325.269,10,1,1,stimulusMovement,1,0.6666238572862413,-0.4248294234275818,1,2.8242950439453125,1,0.9038505554199219,-0.4143936038017273,1,2.6963958740234375
22341.936,10,1,1,stimulusMovement,1,0.6575971179538302,-0.43190741539001465,1,2.8235321044921875,1,0.919324239095052,-0.4202994108200073,1,2.6838836669921875
22358.603,10,1,1,stimulusMovement,1,0.6684334013197156,-0.42590028047561646,1,2.8130340576171875,1,0.9027504391140407,-0.40802139043807983,1,2.6923065185546875
22375.269,10,1,1,stimulusMovement,1,0.6733793682522243,-0.4203011393547058,1,2.8051605224609375,1,0.9026323954264323,-0.4167630076408386,1,2.670013427734375
22391.936,10,1,1,stimulusMovement,1,0.686436653137207,-0.42846035957336426,1,2.796844482421875,1,0.924372567070855,-0.40636372566223145,1,2.69488525390625
22408.603,10,1,1,stimulusMovement,1,0.6853104697333442,-0.42928123474121094,1,2.8083038330078125,1,0.9083762698703342,-0.42325127124786377,1,2.6879425048828125
22425.269,10,1,1,stimulusMovement,1,0.6814752154880099,-0.4288819432258606,1,2.809661865234375,1,0.9074274698893229,-0.4115336537361145,1,2.660491943359375
22441.936,10,1,1,stimulusMovement,0,nan,nan,0,nan,1,0.9072305891248914,-0.41645485162734985,1,2.64813232421875
22458.603,10,1,1,stimulusMovement,1,0.681907229953342,-0.4251600503921509,1,2.7764434814453125,1,0.9308920966254339,-0.4195505976676941,1,2.6287689208984375
22475.269,10,1,1,stimulusMovement,1,0.6698675155639648,-0.4263787269592285,1,2.7830352783203125,1,0.9070457882351345,-0.4157007932662964,1,2.5969696044921875
22491.936,10,1,1,stimulusMovement,1,0.6790487501356336,-0.4238056540489197,1,2.786376953125,1,0.9131876627604166,-0.42238736152648926,1,2.639068603515625
22508.603,10,1,1,stimulusMovement,1,0.6741031010945637,-0.4282282590866089,1,2.7647705078125,1,0.9000636206732855,-0.42698347568511963,1,2.639984130859375
22525.269,10,1,1,stimulusMovement,1,0.6793548795912,-0.430572509765625,1,2.7431640625,1,0.9099572499593098,-0.42477792501449585,1,2.6214141845703125
22541.936,10,1,1,stimulusMovement,1,0.6852348115709093,-0.44265836477279663,1,2.7669830322265625,1,0.8852528466118706,-0.43319952487945557,1,2.646881103515625
22558.603,10,1,1,stimulusMovement,1,0.6870205137464734,-0.4413294792175293,1,2.73101806640625,1,0.9153383043077257,-0.41873371601104736,1,2.6205596923828125
22575.269,10,1,1,stimulusMovement,1,0.6857297685411241,-0.42513537406921387,1,2.7647857666015625,1,0.9291271633572048,-0.4199841022491455,1,2.622894287109375
22591.936,10,1,1,stimulusMovement,1,0.6790698369344075,-0.4206851124763489,1,2.7455596923828125,1,0.9319934844970703,-0.41666358709335327,1,2.6237335205078125
22608.603,10,1,1,stimulusMovement,1,0.6842976676093208,-0.41734856367111206,1,2.7074127197265625,1,0.9253025054931641,-0.41561245918273926,1,2.615081787109375
22625.269,10,1,1,stimulusMovement,1,0.6801682578192817,-0.4301261305809021,1,2.7861328125,1,0.925207773844401,-0.40274131298065186,1,2.5953826904296875
22641.936,10,1,1,stimulusMovement,1,0.678131103515625,-0.44277751445770264,1,2.7700958251953125,1,0.8971458011203342,-0.42445504665374756,1,2.6480560302734375
22658.603,10,1,1,stimulusMovement,1,0.695588641696506,-0.41551804542541504,1,2.75360107421875,1,0.9232023027208116,-0.39572674036026,1,2.5680389404296875
22675.269,10,1,1,stimulusMovement,1,0.6948670281304253,-0.4266362190246582,1,2.740875244140625,1,0.936125013563368,-0.3919048309326172,1,2.5639190673828125
22691.936,10,1,1,stimulusMovement,1,0.6892356872558594,-0.4203575849533081,1,2.72509765625,1,0.9180215199788411,-0.39799463748931885,1,2.526611328125
22708.603,10,1,1,stimulusMovement,1,0.6921473609076606,-0.4227168560028076,1,2.7476654052734375,1,0.9251751369900173,-0.405478298664093,1,2.5710601806640625
22725.269,10,1,1,stimulusMovement,1,0.6885839038425021,-0.4293009042739868,1,2.7482147216796875,1,0.9207435184054904,-0.40851640701293945,1,2.59246826171875
22741.936,10,1,1,stimulusMovement,1,0.6709654066297742,-0.42190420627593994,1,2.7471771240234375,1,0.8980653550889757,-0.4256265163421631,1,2.6218719482421875
22758.603,10,1,1,stimulusMovement,1,0.6819429397583008,-0.4218135476112366,1,2.7510223388671875,1,0.8937604692247179,-0.4172416925430298,1,2.627838134765625
22775.269,10,1,1,stimulusMovement,1,0.6794489754570855,-0.4289683699607849,1,2.737762451171875,1,0.8963765038384331,-0.41815197467803955,1,2.6276702880859375
22791.936,10,1,1,stimulusMovement,1,0.6925603018866645,-0.42109447717666626,1,2.7158660888671875,1,0.8978428310818142,-0.42049992084503174,1,2.65155029296875
22808.602,10,1,1,stimulusMovement,0,nan,nan,0,nan,1,0.90926636589898,-0.40760618448257446,1,2.591552734375
22825.268,10,1,1,stimulusMovement,1,0.6838665008544922,-0.4329744577407837,1,2.750213623046875,1,0.9233760833740234,-0.39993417263031006,1,2.56781005859375
22841.935,10,1,1,stimulusMovement,1,0.6806680891248914,-0.42175132036209106,1,2.73480224609375,1,0.9058568742540147,-0.42417407035827637,1,2.6294403076171875
22858.602,10,1,1,stimulusMovement,1,0.6743956671820747,-0.42336606979370117,1,2.7347412109375,1,0.921226077609592,-0.3988450765609741,1,2.58074951171875
22875.268,10,1,1,stimulusMovement,1,0.688930935329861,-0.4305446743965149,1,2.7523193359375,1,0.9230863783094617,-0.412524938583374,1,2.5847930908203125
22891.935,10,1,1,stimulusMovement,1,0.6831874847412109,-0.44025176763534546,1,2.756591796875,1,0.9245887332492404,-0.4181026816368103,1,2.6122283935546875
22908.602,10,1,1,stimulusMovement,1,0.6715008417765299,-0.4302061200141907,1,2.7617034912109375,1,0.9031170739067925,-0.41095542907714844,1,2.6008453369140625
22925.268,10,1,1,stimulusMovement,1,0.6713973151312934,-0.43217724561691284,1,2.7509307861328125,1,0.9025997585720485,-0.41708695888519287,1,2.645660400390625
22941.935,10,1,1,stimulusMovement,1,0.6890051099989148,-0.4256826639175415,1,2.7652130126953125,1,0.9206712510850694,-0.40457022190093994,1,2.613494873046875
22958.602,10,1,1,stimulusMovement,1,0.6685482660929362,-0.41658681631088257,1,2.75567626953125,1,0.9132433997260199,-0.4043457508087158,1,2.637481689453125
22975.268,10,1,1,stimulusMovement,1,0.6856396993001301,-0.41911351680755615,1,2.7475128173828125,1,0.924664815266927,-0.39990371465682983,1,2.609893798828125
22991.935,10,1,1,stimulusMovement,1,0.6927804946899414,-0.4235919117927551,1,2.754150390625,1,0.9268722534179688,-0.41209715604782104,1,2.6189727783203125
23008.602,10,1,1,stimulusMovement,1,0.6863345040215386,-0.419816255569458,1,2.713104248046875,1,0.9304042392306857,-0.4103551506996155,1,2.631439208984375
23025.268,10,1,1,stimulusMovement,1,0.6919288635253906,-0.4225856065750122,1,2.7581939697265625,1,0.8886381785074869,-0.4245337247848511,1,2.662567138671875
23041.935,10,1,1,stimulusMovement,1,0.6844056447347004,-0.422878623008728,1,2.769561767578125,1,0.9253273010253906,-0.4098535180091858,1,2.589813232421875
23058.602,10,1,1,stimulusMovement,1,0.6930387285020616,-0.4173303246498108,1,2.7512664794921875,1,0.8919516669379339,-0.4185505509376526,1,2.66143798828125
23075.268,10,1,1,stimulusMovement,1,0.6886312696668836,-0.4241912364959717,1,2.753814697265625,1,0.9064725240071614,-0.42738014459609985,1,2.652984619140625
23091.935,10,1,1,stimulusMovement,1,0.6821639802720811,-0.4143826365470886,1,2.7685699462890625,1,0.8993278079562717,-0.41347360610961914,1,2.6681365966796875
23108.602,10,1,1,stimulusMovement,1,0.6847660276624891,-0.4196053147315979,1,2.76220703125,1,0.9019410875108507,-0.4173557162284851,1,2.6417083740234375
23125.268,10,1,1,stimulusMovement,1,0.6885702345106336,-0.42897331714630127,1,2.7917938232421875,1,0.9157647026909722,-0.3956541419029236,1,2.6217041015625
23141.935,10,1,1,stimulusMovement,1,0.7008260091145833,-0.42063969373703003,1,2.773895263671875,1,0.9050507015652126,-0.4132799506187439,1,2.6746368408203125
23158.602,10,1,1,stimulusMovement,1,0.6893753475613064,-0.41447174549102783,1,2.7790374755859375,1,0.9323463439941406,-0.4093378782272339,1,2.6578826904296875
23175.268,10,1,1,stimulusMovement,1,0.6972167756822374,-0.42604660987854004,1,2.783966064453125,1,0.9233406914605035,-0.4073754549026489,1,2.6749267578125
23191.935,10,1,1,stimulusMovement,1,0.6957875357733833,-0.40312671661376953,1,2.8098602294921875,1,0.9055345323350694,-0.4235411286354065,1,2.6962127685546875
23208.602,10,1,1,stimulusMovement,0,nan,nan,0,nan,1,0.9060827891031901,-0.41448599100112915,1,2.72442626953125
23225.268,10,1,1,stimulusMovement,1,0.6994984944661458,-0.4123697280883789,1,2.800445556640625,1,0.9270545111762152,-0.3991689682006836,1,2.626739501953125
23241.935,10,1,1,fixation,1,0.6937260097927517,-0.4096139669418335,1,2.8044586181640625,1,0.9216507805718316,-0.40934932231903076,1,2.691497802734375
23258.602,10,1,1,fixation,1,0.7157679663764106,-0.39490312337875366,1,2.5033721923828125,1,0.9550760057237413,-0.38846927881240845,1,2.400115966796875
23275.268,10,1,1,fixation,0,nan,nan,0,nan,0,nan,nan,0,nan
23291.935,10,1,1,fixation,1,0.6908111572265625,-0.42100441455841064,1,2.8271331787109375,1,0.9184282090928819,-0.421563982963562,1,2.7264251708984375
23308.602,10,1,1,fixation,1,0.7093949847751193,-0.39382314682006836,1,2.515899658203125,1,0.954771253797743,-0.3869917392730713,1,2.41473388671875
23325.268,10,1,1,fixation,0,nan,nan,0,nan,0,nan,nan,0,nan
23341.935,10,1,1,fixation,1,0.7067953745524088,-0.4187796115875244,1,2.7960205078125,1,0.9493410322401258,-0.3966524600982666,1,2.6500701904296875
23358.602,10,1,1,fixation,1,0.7129316329956055,-0.3970590829849243,1,2.519500732421875,1,0.9479529062906901,-0.3887643814086914,1,2.4198455810546875
23375.268,10,1,1,fixation,0,nan,nan,0,nan,0,nan,nan,0,nan
23391.935,10,1,1,fixation,1,0.6902174419826931,-0.41236358880996704,1,2.8287200927734375,1,0.9371234046088324,-0.40783894062042236,1,2.69921875
23408.602,10,1,1,fixation,1,0.7012420230441623,-0.3981403708457947,1,2.5231475830078125,1,0.9508113861083984,-0.39161837100982666,1,2.4245147705078125
23425.268,10,1,1,fixation,0,nan,nan,0,nan,0,nan,nan,0,nan
23441.935,10,1,1,fixation,1,0.6816849178738064,-0.420306921005249,1,2.8284912109375,1,0.9412068261040581,-0.4030740261077881,1,2.6901702880859375
23458.602,10,1,1,fixation,1,0.7018160290188259,-0.4010046720504761,1,2.5294342041015625,1,0.9454752604166666,-0.3913591504096985,1,2.42596435546875
23475.268,10,1,1,fixation,0,nan,nan,0,nan,0,nan,nan,0,nan
23491.935,10,1,1,fixation,1,0.685619036356608,-0.41921818256378174,1,2.819580078125,1,0.9392617543538411,-0.3943520784378052,1,2.659637451171875
23508.602,10,1,1,fixation,1,0.7011038462320963,-0.39844071865081787,1,2.534576416015625,1,0.9450518290201823,-0.3946676254272461,1,2.4280853271484375
23525.268,10,1,1,fixation,0,nan,nan,0,nan,0,nan,nan,0,nan
23541.935,10,1,1,fixation,1,0.6851692199707031,-0.4150705933570862,1,2.8463592529296875,1,0.9370488060845269,-0.4154607653617859,1,2.6774749755859375
23558.602,10,1,1,fixation,1,0.7029137081570095,-0.3991427421569824,1,2.541015625,1,0.9459972381591797,-0.39643192291259766,1,2.4327392578125
23575.268,10,1,1,fixation,0,nan,nan,0,nan,0,nan,nan,0,nan
23591.935,10,1,1,fixation,1,0.6801963382297092,-0.40450388193130493,1,2.83740234375,1,0.9194867875840929,-0.40832221508026123,1,2.6934814453125
23608.602,10,1,1,fixation,1,0.7009524239434136,-0.40122002363204956,1,2.5569000244140625,1,0.9436285230848523,-0.39397287368774414,1,2.44677734375
23625.268,10,1,1,fixation,0,nan,nan,0,nan,0,nan,nan,0,nan
23641.935,10,1,1,fixation,1,0.6859373516506618,-0.4172043204307556,1,2.8538055419921875,1,0.9161273108588324,-0.40846842527389526,1,2.7069091796875
23658.602,10,1,1,fixation,1,0.7055451075236002,-0.400346577167511,1,2.575103759765625,1,0.9373840755886501,-0.3937528133392334,1,2.4600372314453125
23675.268,10,1,1,fixation,0,nan,nan,0,nan,0,nan,nan,0,nan
23691.935,10,1,1,fixation,1,0.6823543972439235,-0.41003358364105225,1,2.87554931640625,1,0.9223300086127386,-0.4096755385398865,1,2.7705535888671875
23708.602,10,1,1,fixation,1,0.700322257147895,-0.3997785449028015,1,2.5853271484375,1,0.9384437137179904,-0.3968736529350281,1,2.4780426025390625
23725.268,10,1,1,fixation,0,nan,nan,0,nan,0,nan,nan,0,nan
23741.935,10,1,1,fixation,1,0.6886299981011285,-0.4157395362854004,1,2.8948974609375,1,0.9341657426622179,-0.4145936965942383,1,2.7628173828125
23758.602,10,1,1,fixation,1,0.697174072265625,-0.4024852514266968,1,2.6122894287109375,1,0.9395819769965277,-0.3942948579788208,1,2.5049896240234375
23775.268,10,1,1,fixation,0,nan,nan,0,nan,0,nan,nan,0,nan
23791.935,10,1,1,fixation,1,0.6788720024956597,-0.41521936655044556,1,2.904541015625,1,0.9292036692301432,-0.4242715835571289,1,2.81243896484375
23808.602,10,1,1,fixation,1,0.7011130650838215,-0.4039360284805298,1,2.6458282470703125,1,0.9315189785427517,-0.39567816257476807,1,2.525787353515625
23825.268,10,1,1,fixation,0,nan,nan,0,nan,0,nan,nan,0,nan
23841.935,10,1,1,fixation,1,0.6787930594550239,-0.4041089415550232,1,2.921630859375,1,0.9188652038574219,-0.41047823429107666,1,2.8025665283203125
23858.602,10,1,1,fixation,1,0.6976902219984266,-0.40663057565689087,1,2.6585693359375,1,0.9308338165283203,-0.3929523825645447,1,2.542694091796875
23875.268,10,1,1,fixation,0,nan,nan,0,nan,0,nan,nan,0,nan
23891.935,10,1,1,fixation,1,0.696581204732259,-0.42278575897216797,1,2.9655914306640625,1,0.9261116451687282,-0.4072154760360718,1,2.8094940185546875
23908.602,10,1,1,fixation,1,0.69962035285102,-0.40764057636260986,1,2.6781768798828125,1,0.9354443020290798,-0.39347201585769653,1,2.56707763671875
23925.268,10,1,1,fixation,0,nan,nan,0,nan,0,nan,nan,0,nan
23941.935,10,1,1,fixation,1,0.6912284427218967,-0.4197494387626648,1,2.9316864013671875,1,0.9134004380967882,-0.4015170931816101,1,2.8287200927734375
23958.602,10,1,1,fixation,1,0.6973155339558919,-0.4082963466644287,1,2.6919708251953125,1,0.9361618889702691,-0.39605188369750977,1,2.5828399658203125
23975.268,10,1,1,fixation,0,nan,nan,0,nan,0,nan,nan,0,nan
23991.935,10,1,1,fixation,1,0.6793479919433594,-0.42267996072769165,1,2.9827728271484375,1,0.9207823011610242,-0.40802133083343506,1,2.82574462890625
24008.602,10,1,1,fixation,1,0.7007538477579752,-0.40766018629074097,1,2.7129364013671875,1,0.9342447916666666,-0.3952598571777344,1,2.5969085693359375
24025.268,10,1,1,fixation,0,nan,nan,0,nan,0,nan,nan,0,nan
24041.935,10,1,1,fixation,1,0.6871965196397569,-0.426432728767395,1,3.0475006103515625,1,0.9248788621690538,-0.41420406103134155,1,2.8572540283203125
24058.602,10,1,1,fixation,1,0.7017633650037977,-0.40710198879241943,1,2.7205047607421875,1,0.9371089935302734,-0.3958616256713867,1,2.6020965576171875
24075.268,10,1,1,fixation,0,nan,nan,0,nan,0,nan,nan,0,nan
24091.935,10,1,1,fixation,1,0.7007737689548068,-0.41592007875442505,1,3.016143798828125,1,0.9274088541666666,-0.40305060148239136,1,2.885498046875
24108.602,10,1,1,fixation,1,0.7032303280300564,-0.4001641869544983,1,2.735076904296875,1,0.9376710255940754,-0.3931834101676941,1,2.6232757568359375
24125.268,10,1,1,fixation,0,nan,nan,0,nan,0,nan,nan,0,nan
24141.935,10,1,1,fixation,1,0.6938711802164713,-0.40650033950805664,1,2.99334716796875,1,0.9196381039089626,-0.4107326865196228,1,2.8761444091796875
24158.602,10,1,1,fixation,1,0.7068150838216145,-0.404524564743042,1,2.737579345703125,1,0.9431993696424695,-0.392612099647522,1,2.6297454833984375
24175.268,10,1,1,fixation,0,nan,nan,0,nan,0,nan,nan,0,nan
24191.935,10,1,1,fixation,1,0.6759616004096137,-0.4036296010017395,1,3.057861328125,1,0.9240283966064453,-0.41184425354003906,1,2.8956146240234375
24208.602,10,1,1,fixation,1,0.7010236316257052,-0.40624862909317017,1,2.7357330322265625,1,0.9466768900553385,-0.39000028371810913,1,2.63385009765625
24225.268,10,1,1,stimulusMovement,0,nan,nan,0,nan,0,nan,nan,0,nan
24241.935,10,1,1,stimulusMovement,1,0.679971800910102,-0.41595661640167236,1,2.9773712158203125,1,0.9157225290934244,-0.4133303165435791,1,2.9058685302734375
24258.602,10,1,1,stimulusMovement,1,0.6830234527587891,-0.4118344783782959,1,2.9942779541015625,1,0.9268099466959635,-0.41454362869262695,1,2.9057769775390625
24275.268,10,1,1,stimulusMovement,1,0.6767906612820095,-0.41573530435562134,1,3.0176239013671875,1,0.9317393832736545,-0.40826117992401123,1,2.8819732666015625
24291.935,10,1,1,stimulusMovement,1,0.6797712114122179,-0.430286169052124,1,3.0199737548828125,1,0.9329802195231119,-0.4061405658721924,1,2.9060821533203125
24308.602,10,1,1,stimulusMovement,1,0.6914348602294922,-0.41091060638427734,1,3.010101318359375,1,0.9267455206976996,-0.4063480496406555,1,2.9118499755859375
24325.268,10,1,1,stimulusMovement,1,0.6979635026719835,-0.43433135747909546,1,3.0110015869140625,1,0.926119910346137,-0.4037098288536072,1,2.927032470703125
24341.935,10,1,1,stimulusMovement,1,0.6860001881917317,-0.42291003465652466,1,3.0394744873046875,1,0.944302029079861,-0.40291547775268555,1,2.9056396484375
24358.602,10,1,1,stimulusMovement,1,0.6949822107950846,-0.42075908184051514,1,3.0155792236328125,1,0.9247943030463324,-0.4143795967102051,1,2.9109954833984375
24375.268,10,1,1,stimulusMovement,1,0.6869992150200738,-0.4268423318862915,1,3.0279998779296875,1,0.9218819936116536,-0.40664589405059814,1,2.8910064697265625
24391.934,10,1,1,stimulusMovement,1,0.6772672865125867,-0.41990959644317627,1,3.02362060546875,1,0.9246395958794488,-0.40810179710388184,1,2.899627685546875
24408.601,10,1,1,stimulusMovement,1,0.6851867039998372,-0.42354363203048706,1,3.03729248046875,1,0.9302580091688367,-0.40974217653274536,1,2.920166015625
24425.267,10,1,1,stimulusMovement,1,0.6840700573391384,-0.4214513301849365,1,3.02703857421875,1,0.9374379052056206,-0.41240382194519043,1,2.899810791015625
24441.934,10,1,1,stimulusMovement,1,0.6887297100490993,-0.4248071312904358,1,3.0318756103515625,1,0.9380755954318576,-0.40664541721343994,1,2.8917083740234375
24458.601,10,1,1,stimulusMovement,1,0.6766907374064127,-0.4230680465698242,1,3.0042266845703125,1,0.924284193250868,-0.4031161069869995,1,2.8974609375
24475.267,10,1,1,stimulusMovement,1,0.6838734944661458,-0.42634522914886475,1,3.03802490234375,1,0.923211203681098,-0.40287721157073975,1,2.8899688720703125
24491.934,10,1,1,stimulusMovement,1,0.690109994676378,-0.42001646757125854,1,3.0013580322265625,1,0.9165365431043836,-0.40906280279159546,1,2.90106201171875
24508.601,10,1,1,stimulusMovement,1,0.6972951889038086,-0.42490577697753906,1,2.987701416015625,1,0.9347731272379557,-0.41668397188186646,1,2.9131011962890625
24525.267,10,1,1,stimulusMovement,1,0.6875760820176866,-0.43044471740722656,1,3.0246124267578125,1,0.9364462958441839,-0.40085524320602417,1,2.8977813720703125
24541.934,10,1,1,stimulusMovement,1,0.6857584847344292,-0.42017388343811035,1,3.03204345703125,1,0.9286922878689235,-0.3960036039352417,1,2.9061737060546875
24558.601,10,1,1,stimulusMovement,1,0.6980213589138454,-0.43469560146331787,1,2.9972076416015625,1,0.9314060211181641,-0.41087329387664795,1,2.8899383544921875
24575.267,10,1,1,stimulusMovement,1,0.6953016916910807,-0.42361241579055786,1,3.024658203125,1,0.9412254757351345,-0.4101358652114868,1,2.8962860107421875
24591.934,10,1,1,stimulusMovement,1,0.6831159591674805,-0.4239835739135742,1,3.0419769287109375,1,0.9235841963026258,-0.4095231890678406,1,2.9185791015625
24608.601,10,1,1,stimulusMovement,1,0.6973093880547417,-0.42401576042175293,1,3.003082275390625,1,0.9297368791368272,-0.41059690713882446,1,2.879486083984375
24625.267,10,1,1,stimulusMovement,1,0.6940962473551432,-0.4213230609893799,1,3.0166778564453125,1,0.934287601047092,-0.40805137157440186,1,2.89520263671875
24641.934,10,1,1,stimulusMovement,1,0.6831808090209961,-0.4265021085739136,1,3.0262603759765625,1,0.9387910630967882,-0.40846067667007446,1,2.89520263671875
24658.601,10,1,1,stimulusMovement,1,0.6839392979939778,-0.4354463219642639,1,3.0159912109375,1,0.9305820465087891,-0.41703367233276367,1,2.879058837890625
24675.267,10,1,1,stimulusMovement,1,0.6933066050211588,-0.42614585161209106,1,3.031951904296875,1,0.9168966081407335,-0.4173048138618469,1,2.893524169921875
24691.934,10,1,1,stimulusMovement,1,0.6879487567477756,-0.43075186014175415,1,3.000274658203125,1,0.9278490278455945,-0.4198302626609802,1,2.92523193359375
24708.601,10,1,1,stimulusMovement,1,0.6947396596272786,-0.430184543132782,1,3.020111083984375,1,0.9291782379150391,-0.4142575263977051,1,2.8782958984375
24725.267,10,1,1,stimulusMovement,1,0.6905050277709961,-0.4213554263114929,1,3.0092926025390625,1,0.9323895772298176,-0.41628050804138184,1,2.9130096435546875
24741.934,10,1,1,stimulusMovement,1,0.6965022616916232,-0.4374149441719055,1,3.0122833251953125,1,0.9375599755181206,-0.4089953899383545,1,2.898956298828125
24758.601,10,1,1,stimulusMovement,1,0.6828161875406901,-0.43299317359924316,1,3.0120697021484375,1,0.9112525516086154,-0.4114494323730469,1,2.8966064453125
24775.267,10,1,1,stimulusMovement,1,0.6826338238186306,-0.4287914037704468,1,3.0259552001953125,1,0.9215333726671007,-0.42186516523361206,1,2.8859100341796875
24791.934,10,1,1,stimulusMovement,1,0.6754048665364583,-0.43106746673583984,1,3.0093231201171875,1,0.9211669498019748,-0.40823060274124146,1,2.8983306884765625
24808.601,10,1,1,stimulusMovement,1,0.6918962266710069,-0.4266940951347351,1,2.980072021484375,1,0.9244391123453776,-0.4182923436164856,1,2.885467529296875
24825.267,10,1,1,stimulusMovement,1,0.686767578125,-0.43327492475509644,1,2.9923095703125,1,0.9255892435709635,-0.41128551959991455,1,2.8809661865234375
24841.934,10,1,1,stimulusMovement,1,0.6792115105523003,-0.42887723445892334,1,2.969970703125,1,0.9296400282118055,-0.4230443835258484,1,2.8710479736328125
24858.601,10,1,1,stimulusMovement,1,0.6767800649007161,-0.4242680072784424,1,2.9791107177734375,1,0.926429960462782,-0.41606414318084717,1,2.875518798828125
24875.267,10,1,1,stimulusMovement,1,0.7011346817016602,-0.42700278759002686,1,2.919830322265625,1,0.9358317057291666,-0.40302151441574097,1,2.826324462890625
24891.934,10,1,1,stimulusMovement,1,0.689539909362793,-0.4415065050125122,1,2.93994140625,1,0.9229700300428602,-0.4259262681007385,1,2.84954833984375
24908.601,10,1,1,stimulusMovement,1,0.6975859536064996,-0.42435789108276367,1,2.9238128662109375,1,0.9232944912380642,-0.4029029607772827,1,2.826873779296875
24925.267,10,1,1,stimulusMovement,1,0.6843558417426215,-0.4261295795440674,1,2.9140167236328125,1,0.8925022549099392,-0.4113478660583496,1,2.8500213623046875
24941.934,10,1,1,stimulusMovement,1,0.6845183902316623,-0.43375998735427856,1,2.9170074462890625,1,0.9323168860541449,-0.4132115840911865,1,2.815765380859375
24958.601,10,1,1,stimulusMovement,1,0.6761171552870008,-0.4278829097747803,1,2.9110107421875,1,0.9195870293511285,-0.4154090881347656,1,2.8058624267578125
24975.267,10,1,1,stimulusMovement,1,0.6788348091973199,-0.42744630575180054,1,2.893402099609375,1,0.9127046797010633,-0.4173365831375122,1,2.8199615478515625
24991.934,10,1,1,stimulusMovement,1,0.6889826456705729,-0.4323774576187134,1,2.8601226806640625,1,0.9284195370144314,-0.41192561388015747,1,2.78875732421875
25008.601,10,1,1,stimulusMovement,1,0.68218994140625,-0.434456467628479,1,2.840057373046875,1,0.9159478081597222,-0.4103279113769531,1,2.7865447998046875
25025.267,10,1,1,stimulusMovement,1,0.693031628926595,-0.423389196395874,1,2.8491973876953125,1,0.9347616831461588,-0.40140122175216675,1,2.7878875732421875
25041.934,10,1,1,stimulusMovement,1,0.6904597812228732,-0.43714261054992676,1,2.8525848388671875,1,0.9401327768961588,-0.40484315156936646,1,2.7534027099609375
25058.602,10,1,1,stimulusMovement,0,nan,nan,0,nan,1,0.9219919840494791,-0.42161327600479126,1,2.740478515625
25075.268,10,1,1,stimulusMovement,1,0.6792758305867512,-0.43434447050094604,1,2.83648681640625,1,0.9226014879014757,-0.4110215902328491,1,2.7537384033203125
25091.935,10,1,1,stimulusMovement,1,0.6853439542982313,-0.43117445707321167,1,2.8412322998046875,1,0.9189715915256076,-0.4216017723083496,1,2.753448486328125
25108.602,10,1,1,stimulusMovement,1,0.6891608768039279,-0.4472700357437134,1,2.8499298095703125,1,0.9464009602864583,-0.41681838035583496,1,2.7891082763671875
25125.268,10,1,1,stimulusMovement,1,0.6859633127848307,-0.42524254322052,1,2.8369293212890625,1,0.9228604634602864,-0.4287135601043701,1,2.75152587890625
25141.935,10,1,1,stimulusMovement,1,0.6817626953125,-0.436623215675354,1,2.8519134521484375,1,0.9197186364067925,-0.41300028562545776,1,2.7735137939453125
25158.602,10,1,1,stimulusMovement,1,0.6881011327107747,-0.4357183575630188,1,2.8430633544921875,1,0.9243626064724392,-0.4176453948020935,1,2.741058349609375
25175.268,10,1,1,stimulusMovement,1,0.6813537809583875,-0.4372527003288269,1,2.8352813720703125,1,0.9147264692518445,-0.42808306217193604,1,2.7821502685546875
25191.935,10,1,1,stimulusMovement,1,0.6753706402248806,-0.43481290340423584,1,2.82373046875,1,0.9165229797363281,-0.4240146279335022,1,2.7544097900390625
25208.602,10,1,1,stimulusMovement,1,0.6871518029106988,-0.44043320417404175,1,2.832305908203125,1,0.9314715067545573,-0.40627437829971313,1,2.7483673095703125
25225.268,10,1,1,stimulusMovement,1,0.6950551138983833,-0.4305990934371948,1,2.8302764892578125,1,0.9318775600857204,-0.42291557788848877,1,2.73712158203125
25241.935,10,1,1,stimulusMovement,1,0.6919246249728732,-0.4342329502105713,1,2.8335418701171875,1,0.9249952104356554,-0.41646939516067505,1,2.74481201171875
25258.602,10,1,1,stimulusMovement,1,0.6896952523125542,-0.43740755319595337,1,2.824981689453125,1,0.9162021213107638,-0.4187798500061035,1,2.751190185546875
25275.268,10,1,1,stimulusMovement,1,0.689384036593967,-0.43272238969802856,1,2.81378173828125,1,0.914486355251736,-0.41625481843948364,1,2.7447052001953125
25291.935,10,1,1,stimulusMovement,1,0.683184093899197,-0.4372926950454712,1,2.8230133056640625,1,0.9132900238037109,-0.4172922372817993,1,2.761505126953125
25308.602,10,1,1,stimulusMovement,1,0.681264771355523,-0.4295485019683838,1,2.8310089111328125,1,0.9190845489501953,-0.4151133894920349,1,2.743072509765625
25325.268,10,1,1,stimulusMovement,1,0.677909321255154,-0.4306885004043579,1,2.8052215576171875,1,0.9198436737060547,-0.4132528305053711,1,2.755950927734375
25341.935,10,1,1,stimulusMovement,1,0.6872757805718316,-0.4405561685562134,1,2.822723388671875,1,0.9321036868625217,-0.4223732352256775,1,2.7364349365234375
25358.602,10,1,1,stimulusMovement,1,0.6866001553005642,-0.44875872135162354,1,2.826690673828125,1,0.923347685072157,-0.42199087142944336,1,2.7344512939453125
25375.268,10,1,1,stimulusMovement,1,0.6906638675265842,-0.4304201006889343,1,2.8223419189453125,1,0.9039991166856554,-0.4220433235168457,1,2.739898681640625
25391.935,10,1,1,stimulusMovement,1,0.664219856262207,-0.44971901178359985,1,2.8133087158203125,1,0.8996967739529079,-0.4188839793205261,1,2.7066192626953125
25408.602,10,1,1,stimulusMovement,1,0.6813120312160915,-0.4337106943130493,1,2.803497314453125,1,0.9191665649414062,-0.43373197317123413,1,2.7218475341796875
25425.268,10,1,1,stimulusMovement,1,0.6882004208034939,-0.43829935789108276,1,2.8078765869140625,1,0.9216374291314019,-0.421791136264801,1,2.7027587890625
25441.935,10,1,1,stimulusMovement,1,0.6843698289659288,-0.43970179557800293,1,2.8217315673828125,1,0.9097864362928602,-0.43716150522232056,1,2.734283447265625
25458.602,10,1,1,stimulusMovement,1,0.7077928119235568,-0.42311906814575195,1,2.8558807373046875,1,0.7052978939480251,-0.4130120277404785,1,2.742401123046875
25475.268,10,1,1,stimulusMovement,1,0.7061090469360352,-0.41788363456726074,1,2.8561553955078125,1,0.7021491792466905,-0.4204695224761963,1,2.75067138671875
25491.935,10,1,1,stimulusMovement,1,0.7101413938734266,-0.414012610912323,1,2.546295166015625,1,0.7072568469577365,-0.41247767210006714,1,2.4888153076171875
25508.602,10,1,1,stimulusMovement,1,0.709361818101671,-0.41679322719573975,1,2.5427703857421875,1,0.705078125,-0.41569608449935913,1,2.4825439453125
