timestamp,ID,expOrder,trialNumber,event,lv,lx,ly,lpv,lps,rv,rx,ry,rpv,rps
9.369,13,1,1,stimulusMovement,1,-0.0673930909898546,-0.12449771165847778,1,3.710906982421875,1,0.01589552561442057,0.08577275276184082,1,2.882415771484375
26.024,13,1,1,stimulusMovement,0,nan,nan,0,nan,1,0.041245460510253906,0.060564398765563965,1,3.0111541748046875
42.676,13,1,1,stimulusMovement,1,-0.11275238460964626,0.05947074294090271,1,3.128204345703125,1,-0.002002504136827257,0.016088783740997314,1,3.1556396484375
59.34,13,1,1,stimulusMovement,0,nan,nan,0,nan,0,nan,nan,0,nan
76.005,13,1,1,stimulusMovement,1,-0.12022950914171006,0.055352598428726196,1,3.1283111572265625,1,0.023813035753038194,0.03811311721801758,1,3.0240325927734375
92.669,13,1,1,stimulusMovement,1,-0.058645566304524735,-0.06117582321166992,1,3.6101837158203125,1,0.025819566514756944,0.0598759651184082,1,2.8992919921875
109.335,13,1,1,stimulusMovement,1,-0.11832014719645181,0.04177582263946533,1,3.198577880859375,0,nan,nan,0,nan
126.0,13,1,1,stimulusMovement,1,-0.08765231238471137,0.07397747039794922,1,3.0324249267578125,1,0.0334880616929796,0.09333136677742004,1,2.8083343505859375
142.664,13,1,1,stimulusMovement,1,-0.09042040506998697,0.02450793981552124,1,3.2430267333984375,0,nan,nan,0,nan
159.329,13,1,1,stimulusMovement,1,-0.06210973527696397,0.03240877389907837,1,3.1739654541015625,1,0.011229621039496528,0.05438339710235596,1,2.963531494140625
175.994,13,1,1,stimulusMovement,1,-0.15045510398017034,0.023358792066574097,1,3.1401519775390625,1,-0.06779358122083876,0.06450551748275757,1,3.191802978515625
192.666,13,1,1,stimulusMovement,1,-0.11251131693522134,0.09444734454154968,1,2.9538726806640625,1,0.010006480746799044,0.07255375385284424,1,2.83258056640625
209.347,13,1,1,stimulusMovement,1,-0.09335819880167642,0.049819886684417725,1,3.0236968994140625,1,0.011355612013075085,0.009593844413757324,1,2.9812164306640625
226.029,13,1,1,stimulusMovement,1,-0.08025995890299478,-0.05860316753387451,1,3.4290618896484375,1,0.010191705491807725,0.07259386777877808,1,2.8175048828125
242.701,13,1,1,stimulusMovement,0,nan,nan,0,nan,1,0.017199940151638456,0.044364094734191895,1,2.84893798828125
259.368,13,1,1,stimulusMovement,1,-0.03492779201931424,-0.06340569257736206,1,3.4749298095703125,1,0.02218426598442925,0.0558219850063324,1,2.8184814453125
276.035,13,1,1,stimulusMovement,1,-0.03967555363972981,-0.027623653411865234,1,3.295501708984375,1,0.025339974297417533,0.07431316375732422,1,2.811920166015625
292.702,13,1,1,stimulusMovement,1,-0.03368589613172743,-0.20731854438781738,1,3.8011016845703125,0,nan,nan,0,nan
309.373,13,1,1,stimulusMovement,1,0.04098743862575955,-0.12325525283813477,1,3.4375,1,0.11076683468288845,0.001158684492111206,1,2.8550872802734375
326.044,13,1,1,stimulusMovement,1,0.13620726267496744,-0.040128231048583984,1,3.186065673828125,1,0.2576201756795247,-0.05867487192153931,1,2.9183197021484375
342.712,13,1,1,stimulusMovement,1,0.164552370707194,-0.034171342849731445,1,3.0670623779296875,1,0.2686019473605686,-0.026856303215026855,1,2.805908203125
359.379,13,1,1,stimulusMovement,1,0.1498955620659722,0.001440584659576416,1,2.97662353515625,1,0.3118355009290907,-0.059815049171447754,1,2.971954345703125
376.047,13,1,1,stimulusMovement,1,0.1915366914537218,-0.03240513801574707,1,3.070220947265625,1,0.2737068600124783,-0.02863389253616333,1,2.8048858642578125
392.713,13,1,1,stimulusMovement,1,0.21278021070692274,-0.18520963191986084,1,3.587890625,1,0.306897587246365,-0.058041512966156006,1,2.84765625
409.383,13,1,1,stimulusMovement,1,0.17996141645643446,-0.24524974822998047,1,3.6884307861328125,1,0.28403133816189235,-0.06028449535369873,1,2.81329345703125
426.052,13,1,1,stimulusMovement,1,0.19682492150200737,-0.02505791187286377,1,3.0761566162109375,1,0.28652699788411456,-0.06136602163314819,1,2.801422119140625
442.72,13,1,1,stimulusMovement,0,nan,nan,0,nan,0,nan,nan,0,nan
459.387,13,1,1,stimulusMovement,1,0.22121620178222656,-0.0496634840965271,1,3.0412139892578125,0,nan,nan,0,nan
476.055,13,1,1,stimulusMovement,1,0.28816774156358504,-0.2363097071647644,1,3.808349609375,1,0.3157157897949219,-0.08325082063674927,1,2.8514556884765625
492.718,13,1,1,stimulusMovement,0,nan,nan,0,nan,1,0.3734819624159071,-0.14120936393737793,1,2.859344482421875
509.381,13,1,1,stimulusMovement,0,nan,nan,0,nan,1,0.36805767483181423,-0.16494667530059814,1,2.8296356201171875
526.043,13,1,1,stimulusMovement,0,nan,nan,0,nan,1,0.38661151462131077,-0.1893407106399536,1,2.8617401123046875
542.707,13,1,1,stimulusMovement,0,nan,nan,0,nan,1,0.41721863216824,-0.1919858455657959,1,2.8871917724609375
559.374,13,1,1,stimulusMovement,0,nan,nan,0,nan,1,0.40077972412109375,-0.19342893362045288,1,2.8787841796875
576.041,13,1,1,stimulusMovement,0,nan,nan,0,nan,1,0.39972983466254336,-0.20357847213745117,1,2.883331298828125
592.706,13,1,1,stimulusMovement,1,0.36469735039605033,-0.14507687091827393,1,3.0336151123046875,0,nan,nan,0,nan
609.371,13,1,1,stimulusMovement,1,0.3785185284084744,-0.16001886129379272,1,3.045867919921875,1,0.44537035624186194,-0.22004735469818115,1,2.89556884765625
626.036,13,1,1,stimulusMovement,1,0.3921220567491319,-0.18882977962493896,1,3.048828125,1,0.44732591840955943,-0.2288486361503601,1,2.9221649169921875
642.701,13,1,1,stimulusMovement,1,0.38620302412245006,-0.29152530431747437,1,3.3736114501953125,1,0.4794459872775607,-0.22620272636413574,1,2.8952484130859375
659.368,13,1,1,stimulusMovement,1,0.4299312167697482,-0.22753727436065674,1,3.1290130615234375,1,0.5013371573554145,-0.23658061027526855,1,2.86669921875
676.035,13,1,1,stimulusMovement,1,0.5088586807250977,-0.4186396598815918,1,3.4942779541015625,1,0.6251506805419922,-0.3512389659881592,1,3.03814697265625
692.698,13,1,1,stimulusMovement,1,0.5243901146782769,-0.31735920906066895,1,3.19140625,1,0.6380208333333333,-0.3393399119377136,1,2.881744384765625
709.36,13,1,1,stimulusMovement,1,0.5428866280449761,-0.28667670488357544,1,3.0252838134765625,1,0.6353450351291232,-0.3013637065887451,1,2.7870635986328125
726.021,13,1,1,stimulusMovement,1,0.5517397986518012,-0.3205573558807373,1,3.0862579345703125,1,0.5341932508680556,-0.4819912910461426,1,3.5204315185546875
742.684,13,1,1,stimulusMovement,1,0.5655825932820637,-0.33013468980789185,1,3.1164398193359375,1,0.6269696553548176,-0.337949275970459,1,2.8780975341796875
759.351,13,1,1,stimulusMovement,1,0.5862842135959201,-0.3133660554885864,1,3.0565032958984375,1,0.6743734147813585,-0.32184988260269165,1,2.7839202880859375
776.017,13,1,1,stimulusMovement,1,0.5900834401448567,-0.326809287071228,1,3.1793975830078125,1,0.6864658991495768,-0.3739081621170044,1,2.951385498046875
792.682,13,1,1,stimulusMovement,1,0.5463804668850368,-0.34840357303619385,1,3.1795501708984375,1,0.683768802218967,-0.37562549114227295,1,2.8643341064453125
809.348,13,1,1,stimulusMovement,1,0.5885480244954426,-0.34472715854644775,1,3.0948486328125,1,0.6657281451755099,-0.37309449911117554,1,2.897705078125
826.013,13,1,1,stimulusMovement,1,0.5833817587958442,-0.335979700088501,1,3.127532958984375,1,0.7010536193847656,-0.3581734299659729,1,2.8049468994140625
842.678,13,1,1,stimulusMovement,1,0.6242328219943576,-0.3517366647720337,1,3.090118408203125,1,0.696896023220486,-0.38643622398376465,1,2.89703369140625
859.345,13,1,1,stimulusMovement,1,0.6401711569892036,-0.3308742046356201,1,3.051025390625,1,0.7295520570543077,-0.3505170941352844,1,2.7847900390625
876.011,13,1,1,stimulusMovement,1,0.6055908203125,-0.38119304180145264,1,3.122283935546875,1,0.7214698791503906,-0.37912654876708984,1,2.880859375
892.68,13,1,1,stimulusMovement,1,0.6501422458224826,-0.35384660959243774,1,3.02178955078125,1,0.7410146925184461,-0.36867010593414307,1,2.810272216796875
909.35,13,1,1,stimulusMovement,1,0.6661160786946614,-0.36348938941955566,1,3.07470703125,1,0.7454963260226779,-0.3817777633666992,1,2.7686767578125
926.022,13,1,1,stimulusMovement,1,0.6847498151991102,-0.36852532625198364,1,3.0630950927734375,1,0.7698482937282985,-0.3875121474266052,1,2.8360137939453125
942.694,13,1,1,stimulusMovement,1,0.6545085906982422,-0.37438535690307617,1,3.1363067626953125,1,0.7348704867892795,-0.4041896462440491,1,2.8182830810546875
959.365,13,1,1,stimulusMovement,1,0.7194280624389648,-0.37132692337036133,1,3.043365478515625,1,0.7886732949150933,-0.40411174297332764,1,2.8122406005859375
976.037,13,1,1,stimulusMovement,1,0.7010235256618923,-0.3797135353088379,1,3.06158447265625,1,0.7740009095933702,-0.40515655279159546,1,2.7940216064453125
992.707,13,1,1,stimulusMovement,1,0.6408638424343532,-0.4026552438735962,1,3.1647796630859375,1,0.7925561269124348,-0.38820987939834595,1,2.7601318359375
1009.374,13,1,1,stimulusMovement,1,0.7250385284423828,-0.3703789710998535,1,3.07464599609375,1,0.8317281934950086,-0.4225729703903198,1,2.8493804931640625
1026.041,13,1,1,stimulusMovement,1,0.7228391435411241,-0.39778077602386475,1,3.0942840576171875,1,0.8201786677042643,-0.3930089473724365,1,2.7569580078125
1042.707,13,1,1,stimulusMovement,1,0.7366840574476453,-0.4060073494911194,1,3.072967529296875,1,0.824287626478407,-0.4137842655181885,1,2.731689453125
1059.374,13,1,1,stimulusMovement,1,0.7603811687893337,-0.4078671932220459,1,3.0635528564453125,1,0.8188498814900715,-0.4069116711616516,1,2.787445068359375
1076.041,13,1,1,stimulusMovement,1,0.7608014212714301,-0.40437984466552734,1,3.148651123046875,1,0.8081448872884114,-0.42253315448760986,1,2.8510284423828125
1092.706,13,1,1,stimulusMovement,1,0.7384121153089734,-0.4066532850265503,1,3.0713348388671875,1,0.8283604515923394,-0.4025214910507202,1,2.868194580078125
1109.371,13,1,1,stimulusMovement,1,0.7494547102186414,-0.4032857418060303,1,3.03656005859375,1,0.8605406019422742,-0.4008253812789917,1,2.8070831298828125
1126.036,13,1,1,stimulusMovement,1,0.7590414683024088,-0.40303534269332886,1,3.0491943359375,1,0.8308743370903863,-0.4199407696723938,1,2.7669525146484375
1142.7,13,1,1,stimulusMovement,1,0.719369994269477,-0.45121467113494873,1,3.0812225341796875,1,0.8366158803304036,-0.42961132526397705,1,2.8230133056640625
1159.365,13,1,1,stimulusMovement,1,0.7689761055840386,-0.41586625576019287,1,3.0553131103515625,1,0.8070663876003689,-0.4421790838241577,1,2.8388214111328125
1176.03,13,1,1,stimulusMovement,1,0.7504636976453992,-0.4227304458618164,1,3.05230712890625,1,0.8250482347276475,-0.41080689430236816,1,2.8036651611328125
1192.694,13,1,1,stimulusMovement,1,0.7520177629258897,-0.4028792977333069,1,3.0338897705078125,1,0.8145158555772569,-0.42178261280059814,1,2.7758026123046875
1209.358,13,1,1,stimulusMovement,1,0.7149773703681098,-0.38787639141082764,1,3.1049346923828125,1,0.8294084337022569,-0.45525920391082764,1,2.8580322265625
1226.023,13,1,1,stimulusMovement,1,0.706975089179145,-0.4139334559440613,1,3.109710693359375,1,0.8056673473782009,-0.4193931221961975,1,2.8224945068359375
1242.686,13,1,1,stimulusMovement,1,0.6846159829033746,-0.3663480281829834,1,3.146514892578125,1,0.7894437577989366,-0.37005019187927246,1,2.7710723876953125
1259.351,13,1,1,stimulusMovement,1,0.6879281997680664,-0.3690285086631775,1,3.112457275390625,1,0.7881622314453125,-0.3779546022415161,1,2.8302001953125
1276.015,13,1,1,stimulusMovement,1,0.711711671617296,-0.35613465309143066,1,3.159881591796875,1,0.7881397671169704,-0.3814636468887329,1,2.781890869140625
1292.68,13,1,1,stimulusMovement,1,0.6878805160522461,-0.35057783126831055,1,3.1372833251953125,1,0.7811821831597222,-0.3716244697570801,1,2.7545318603515625
1309.347,13,1,1,stimulusMovement,1,0.6544431050618489,-0.40126800537109375,1,3.21282958984375,1,0.7974455091688367,-0.3737698793411255,1,2.7842864990234375
1326.013,13,1,1,stimulusMovement,1,0.6788205040825738,-0.35794925689697266,1,3.2166748046875,1,0.7823950449625651,-0.34968316555023193,1,2.7723541259765625
1342.679,13,1,1,stimulusMovement,1,0.6649803585476345,-0.3705284595489502,1,3.1417388916015625,1,0.8010779486762152,-0.3737414479255676,1,2.7734222412109375
1359.346,13,1,1,stimulusMovement,0,nan,nan,0,nan,1,0.8029686609903971,-0.3765532970428467,1,2.842193603515625
1376.012,13,1,1,stimulusMovement,1,0.6830056508382161,-0.3565192222595215,1,3.1533966064453125,1,0.7864454057481554,-0.386513352394104,1,2.8547821044921875
1392.678,13,1,1,stimulusMovement,1,0.6559708913167317,-0.36453431844711304,1,3.19451904296875,1,0.8058302137586805,-0.37781262397766113,1,2.7855224609375
1409.345,13,1,1,stimulusMovement,1,0.7293860117594401,-0.35647672414779663,1,3.09490966796875,1,0.7865918477376301,-0.3665224313735962,1,2.7904205322265625
1426.011,13,1,1,stimulusMovement,1,0.6904759936862521,-0.3862355351448059,1,3.2041778564453125,1,0.7697776158650715,-0.3816417455673218,1,2.855316162109375
1442.677,13,1,1,stimulusMovement,1,0.6682873831854926,-0.3589339256286621,1,3.12823486328125,1,0.7748543421427408,-0.3646293878555298,1,2.792510986328125
1459.343,13,1,1,stimulusMovement,1,0.6941354539659288,-0.3575623035430908,1,3.1449432373046875,1,0.8050394058227539,-0.3886834383010864,1,2.793212890625
1476.01,13,1,1,stimulusMovement,1,0.7015768686930338,-0.3691176176071167,1,3.15728759765625,1,0.7975525326199001,-0.37285327911376953,1,2.821014404296875
1492.676,13,1,1,stimulusMovement,1,0.7188476986355251,-0.37056583166122437,1,3.1209564208984375,1,0.7930942111545138,-0.38858169317245483,1,2.8184661865234375
1509.345,13,1,1,stimulusMovement,1,0.688569704691569,-0.38151758909225464,1,3.099822998046875,1,0.7821646796332464,-0.3940603733062744,1,2.853302001953125
1526.014,13,1,1,stimulusMovement,1,0.6760617362128364,-0.3629656434059143,1,3.12542724609375,1,0.7369314829508463,-0.3526122570037842,1,2.9210357666015625
1542.682,13,1,1,stimulusMovement,1,0.6999288135104709,-0.3848836421966553,1,3.1259765625,1,0.7895033094618055,-0.3846014142036438,1,2.8618621826171875
1559.351,13,1,1,stimulusMovement,1,0.7040555742051866,-0.35391807556152344,1,3.1813201904296875,1,0.775329695807563,-0.38661742210388184,1,2.855072021484375
1576.021,13,1,1,stimulusMovement,1,0.6797718471950954,-0.3945844769477844,1,3.1440277099609375,1,0.8039964040120442,-0.3805248737335205,1,2.742950439453125
1592.689,13,1,1,stimulusMovement,1,0.6604393853081597,-0.393416166305542,1,3.0807952880859375,1,0.7381764517890083,-0.40724432468414307,1,2.790740966796875
1609.358,13,1,1,stimulusMovement,1,0.6425045861138238,-0.40624141693115234,1,3.121307373046875,1,0.7750832239786783,-0.4091532230377197,1,2.76226806640625
1626.028,13,1,1,stimulusMovement,1,0.6880466673109266,-0.3877040147781372,1,3.05560302734375,1,0.7571706771850586,-0.4087706208229065,1,2.799835205078125
1642.696,13,1,1,stimulusMovement,1,0.6526036792331271,-0.3831881880760193,1,3.1845245361328125,1,0.761709107293023,-0.4271974563598633,1,2.81292724609375
1659.366,13,1,1,stimulusMovement,1,0.6674228244357638,-0.38309139013290405,1,3.0699462890625,1,0.7604198455810547,-0.41456007957458496,1,2.755828857421875
1676.036,13,1,1,stimulusMovement,1,0.6853031582302517,-0.39857470989227295,1,3.073944091796875,1,0.7628476884629991,-0.42992568016052246,1,2.8033905029296875
1692.706,13,1,1,stimulusMovement,1,0.6778866449991862,-0.37265443801879883,1,3.02899169921875,1,0.7477679782443576,-0.409511923789978,1,2.8769378662109375
1709.375,13,1,1,stimulusMovement,1,0.6533444722493489,-0.4107128381729126,1,3.0702056884765625,1,0.7495961719089084,-0.42026376724243164,1,2.787078857421875
1726.044,13,1,1,stimulusMovement,1,0.6696657604641384,-0.39577120542526245,1,3.0422515869140625,1,0.7551721996731228,-0.39401620626449585,1,2.7591552734375
1742.713,13,1,1,stimulusMovement,1,0.6315023634168836,-0.3970338702201843,1,3.1104888916015625,1,0.7682839499579536,-0.40916383266448975,1,2.7653961181640625
1759.383,13,1,1,stimulusMovement,1,0.6330731709798176,-0.3924335837364197,1,3.084075927734375,1,0.7068696551852756,-0.3778342008590698,1,2.9138946533203125
1776.054,13,1,1,stimulusMovement,1,0.6713108486599392,-0.41710561513900757,1,3.114654541015625,1,0.7342589696248372,-0.42630958557128906,1,2.8763427734375
1792.723,13,1,1,stimulusMovement,1,0.679186291164822,-0.3851011395454407,1,3.134613037109375,1,0.7965164184570312,-0.4044591188430786,1,2.7596588134765625
1809.393,13,1,1,stimulusMovement,1,0.6847119861178927,-0.39199233055114746,1,3.104461669921875,1,0.7553924984402126,-0.4175955653190613,1,2.7975311279296875
1826.063,13,1,1,stimulusMovement,1,0.7108272976345485,-0.38854801654815674,1,3.0691986083984375,1,0.7772876951429578,-0.4157736301422119,1,2.8433990478515625
1842.733,13,1,1,stimulusMovement,1,0.7084246741400825,-0.4029853343963623,1,3.0015716552734375,1,0.8010347154405382,-0.3891153931617737,1,2.780792236328125
1859.403,13,1,1,stimulusMovement,1,0.6947401894463433,-0.4060054421424866,1,3.0540618896484375,1,0.7762946022881402,-0.41967660188674927,1,2.772186279296875
1876.074,13,1,1,stimulusMovement,1,0.7004729376898872,-0.4090977907180786,1,3.0307769775390625,1,0.7697584364149305,-0.4068763852119446,1,2.733245849609375
1892.743,13,1,1,stimulusMovement,1,0.726291020711263,-0.3972790241241455,1,3.0850982666015625,1,0.7781951692369249,-0.4125063419342041,1,2.821746826171875
1909.411,13,1,1,stimulusMovement,1,0.7295526928371853,-0.39640843868255615,1,3.06451416015625,1,0.7345233493381076,-0.4342421293258667,1,2.81005859375
1926.078,13,1,1,stimulusMovement,1,0.6539791954888238,-0.39196282625198364,1,3.1593475341796875,1,0.7750790913899739,-0.39985334873199463,1,2.7269439697265625
1942.745,13,1,1,stimulusMovement,1,0.6721430884467231,-0.3842931389808655,1,3.0880889892578125,1,0.798310915629069,-0.41901183128356934,1,2.738983154296875
1959.412,13,1,1,stimulusMovement,1,0.6968114640977647,-0.40554821491241455,1,3.00384521484375,1,0.7810787624782985,-0.418415367603302,1,2.7762451171875
1976.08,13,1,1,stimulusMovement,1,0.6835802925957574,-0.4109426736831665,1,3.085968017578125,1,0.7816961076524522,-0.41740095615386963,1,2.7545318603515625
1992.746,13,1,1,stimulusMovement,1,0.7024510701497395,-0.38944101333618164,1,2.98529052734375,1,0.7867345809936523,-0.4290931224822998,1,2.76141357421875
2009.414,13,1,1,stimulusMovement,1,0.6943174997965494,-0.40936946868896484,1,3.0240478515625,1,0.7837591171264648,-0.37751173973083496,1,2.7565155029296875
2026.081,13,1,1,stimulusMovement,1,0.6620285246107313,-0.42450016736984253,1,3.0512237548828125,1,0.7835982640584309,-0.4263767600059509,1,2.7430419921875
2042.748,13,1,1,stimulusMovement,1,0.7108205159505208,-0.38334035873413086,1,3.0943450927734375,1,0.7747020721435547,-0.4253427982330322,1,2.7863006591796875
2059.415,13,1,1,stimulusMovement,1,0.6459561453925239,-0.41259509325027466,1,3.097198486328125,1,0.7708729637993706,-0.40295690298080444,1,2.7324676513671875
2076.083,13,1,1,stimulusMovement,1,0.7071134779188367,-0.4089393615722656,1,2.913055419921875,1,0.7761692470974392,-0.42438143491744995,1,2.7530975341796875
2092.749,13,1,1,stimulusMovement,1,0.6958737903171115,-0.39923572540283203,1,2.948150634765625,1,0.7286116282145182,-0.43418145179748535,1,2.86724853515625
2109.417,13,1,1,stimulusMovement,1,0.6271407869127061,-0.39069652557373047,1,3.1469268798828125,1,0.7674549950493706,-0.4091634154319763,1,2.7438201904296875
2126.084,13,1,1,stimulusMovement,1,0.7094796498616536,-0.3970680832862854,1,2.9981231689453125,1,0.7860921223958333,-0.39745622873306274,1,2.7379150390625
2142.751,13,1,1,stimulusMovement,1,0.6864409976535373,-0.39335620403289795,1,3.03399658203125,1,0.7754789988199869,-0.3961416482925415,1,2.7474517822265625
2159.418,13,1,1,stimulusMovement,1,0.6994616190592448,-0.41294771432876587,1,3.015838623046875,1,0.7626707288953992,-0.40958642959594727,1,2.7437896728515625
2176.085,13,1,1,stimulusMovement,1,0.6673088073730469,-0.4234009385108948,1,3.099639892578125,1,0.7730372746785481,-0.41155582666397095,1,2.74786376953125
2192.752,13,1,1,stimulusMovement,1,0.6875892215304904,-0.4321903586387634,1,3.01312255859375,1,0.749095704820421,-0.4329710006713867,1,2.7914276123046875
2209.419,13,1,1,stimulusMovement,1,0.6956052780151367,-0.3977006673812866,1,3.0172119140625,1,0.7683791054619683,-0.3985086679458618,1,2.7176055908203125
2226.087,13,1,1,stimulusMovement,1,0.6696569654676648,-0.40384185314178467,1,3.004669189453125,1,0.7710234324137369,-0.4151076078414917,1,2.7681732177734375
2242.753,13,1,1,stimulusMovement,1,0.6516041225857204,-0.4073648452758789,1,3.14801025390625,1,0.7882321675618489,-0.4048452377319336,1,2.732452392578125
2259.421,13,1,1,stimulusMovement,1,0.6943200429280598,-0.39848875999450684,1,3.0119476318359375,1,0.8110872904459635,-0.39918601512908936,1,2.743682861328125
2276.088,13,1,1,stimulusMovement,1,0.6937574810451931,-0.4009714722633362,1,2.976287841796875,1,0.6908623377482096,-0.3725299835205078,1,3.0010986328125
2292.754,13,1,1,stimulusMovement,1,0.6444328096177843,-0.40434616804122925,1,3.03515625,1,0.7813572353786892,-0.40654730796813965,1,2.7769775390625
2309.421,13,1,1,stimulusMovement,1,0.6618213653564453,-0.42738258838653564,1,2.9902191162109375,1,0.7495772043863932,-0.4159950017929077,1,2.79376220703125
2326.088,13,1,1,stimulusMovement,1,0.7095173729790581,-0.392553448677063,1,2.97283935546875,1,0.7721129523383247,-0.4018797278404236,1,2.7838134765625
2342.755,13,1,1,stimulusMovement,1,0.698638810051812,-0.3843644857406616,1,3.0887908935546875,1,0.7254983054267036,-0.3924294114112854,1,2.914764404296875
2359.421,13,1,1,stimulusMovement,1,0.6746888690524631,-0.4125402569770813,1,3.0097808837890625,1,0.7641786999172634,-0.41437828540802,1,2.7888641357421875
2376.087,13,1,1,stimulusMovement,1,0.710887697007921,-0.3933655619621277,1,3.0733795166015625,1,0.7490656110975477,-0.4098607301712036,1,2.8861846923828125
2392.754,13,1,1,stimulusMovement,1,0.6687456766764323,-0.3977135419845581,1,3.06298828125,1,0.7832118140326605,-0.41210150718688965,1,2.801849365234375
2409.42,13,1,1,stimulusMovement,1,0.7029870351155598,-0.4034947156906128,1,2.99188232421875,1,0.7425160937839084,-0.4115411043167114,1,2.8476104736328125
2426.087,13,1,1,stimulusMovement,1,0.6919884151882595,-0.38966989517211914,1,3.11273193359375,1,0.7596245871649848,-0.4105103611946106,1,2.81787109375
2442.753,13,1,1,stimulusMovement,1,0.7205668555365669,-0.40026867389678955,1,3.036376953125,1,0.7514705657958984,-0.4251896142959595,1,2.830963134765625
2459.42,13,1,1,stimulusMovement,1,0.688362333509657,-0.39798927307128906,1,3.0128631591796875,1,0.7734652625189887,-0.4380255937576294,1,2.86871337890625
2476.087,13,1,1,fixation,1,0.7186389499240451,-0.3944384455680847,1,2.9716796875,1,0.7874584197998047,-0.41781556606292725,1,2.8637847900390625
2492.753,13,1,1,fixation,1,0.7317890591091579,-0.35269391536712646,1,2.4491119384765625,1,0.796241972181532,-0.35914409160614014,1,2.36761474609375
2509.419,13,1,1,fixation,0,nan,nan,0,nan,0,nan,nan,0,nan
2526.086,13,1,1,fixation,1,0.6858208974202473,-0.3985024690628052,1,2.9980621337890625,1,0.7790123621622721,-0.3991488218307495,1,2.7884368896484375
2542.751,13,1,1,fixation,1,0.7386982176038953,-0.35446321964263916,1,2.469573974609375,1,0.7967020670572916,-0.3613075613975525,1,2.38800048828125
2559.419,13,1,1,fixation,0,nan,nan,0,nan,0,nan,nan,0,nan
2576.085,13,1,1,fixation,1,0.6853599548339844,-0.398546040058136,1,3.0326385498046875,1,0.7316627502441406,-0.3962249755859375,1,2.898223876953125
2592.75,13,1,1,fixation,1,0.7334034177992078,-0.35650843381881714,1,2.4944000244140625,1,0.792633056640625,-0.3677482604980469,1,2.42242431640625
2609.417,13,1,1,fixation,0,nan,nan,0,nan,0,nan,nan,0,nan
2626.084,13,1,1,fixation,1,0.7160699632432725,-0.40065228939056396,1,3.102386474609375,1,0.7819827397664387,-0.39828765392303467,1,2.8641815185546875
2642.75,13,1,1,fixation,1,0.7337299982706705,-0.35686951875686646,1,2.516754150390625,1,0.7889189190334743,-0.36568135023117065,1,2.45147705078125
2659.416,13,1,1,fixation,0,nan,nan,0,nan,0,nan,nan,0,nan
2676.083,13,1,1,fixation,1,0.6965836418999566,-0.38129693269729614,1,3.0694732666015625,1,0.7341427273220485,-0.3916674852371216,1,2.9578857421875
2692.749,13,1,1,fixation,1,0.7284632788764106,-0.3579142093658447,1,2.550689697265625,1,0.7880502276950412,-0.3697906732559204,1,2.484222412109375
2709.416,13,1,1,fixation,0,nan,nan,0,nan,0,nan,nan,0,nan
2726.082,13,1,1,fixation,1,0.6362995571560329,-0.38493847846984863,1,3.1646270751953125,1,0.7331907484266492,-0.3809964656829834,1,2.9900665283203125
2742.748,13,1,1,fixation,1,0.728603786892361,-0.33521729707717896,1,2.5762786865234375,1,0.7948635949028863,-0.347625195980072,1,2.508880615234375
2759.414,13,1,1,fixation,0,nan,nan,0,nan,0,nan,nan,0,nan
2776.081,13,1,1,fixation,1,0.7094847361246744,-0.3971349000930786,1,3.18902587890625,1,0.7556687461005317,-0.40671706199645996,1,2.9432220458984375
2792.746,13,1,1,fixation,1,0.7269059287177192,-0.34504836797714233,1,2.6156005859375,1,0.7897317674424913,-0.3564900755882263,1,2.541473388671875
2809.413,13,1,1,fixation,0,nan,nan,0,nan,0,nan,nan,0,nan
2826.079,13,1,1,fixation,1,0.7100806766086154,-0.39481353759765625,1,3.1638031005859375,1,0.7672191196017795,-0.3987119197845459,1,2.9796295166015625
2842.746,13,1,1,fixation,1,0.7277434666951497,-0.35009437799453735,1,2.6342926025390625,1,0.790005260043674,-0.3567662239074707,1,2.5584259033203125
2859.412,13,1,1,fixation,0,nan,nan,0,nan,0,nan,nan,0,nan
2876.078,13,1,1,fixation,1,0.6675709618462456,-0.3836299180984497,1,3.2203826904296875,1,0.7711857689751519,-0.4046451449394226,1,2.975341796875
2892.744,13,1,1,fixation,1,0.7241487503051758,-0.3493305444717407,1,2.6538238525390625,1,0.7891777886284722,-0.35756587982177734,1,2.5736541748046875
2909.411,13,1,1,fixation,0,nan,nan,0,nan,0,nan,nan,0,nan
2926.077,13,1,1,fixation,1,0.6976453993055555,-0.3871806263923645,1,3.1990509033203125,1,0.75945070054796,-0.38857167959213257,1,2.9914093017578125
2942.743,13,1,1,fixation,1,0.7199205822414821,-0.350350022315979,1,2.6628875732421875,1,0.7886380089653863,-0.36237990856170654,1,2.585723876953125
2959.409,13,1,1,fixation,0,nan,nan,0,nan,0,nan,nan,0,nan
2976.075,13,1,1,fixation,1,0.6557079950968424,-0.4029321074485779,1,3.238800048828125,1,0.7551930745442708,-0.4084702730178833,1,3.028961181640625
2992.741,13,1,1,fixation,1,0.7221291859944661,-0.35119616985321045,1,2.668487548828125,1,0.7926398383246527,-0.3636060953140259,1,2.5894317626953125
3009.407,13,1,1,fixation,0,nan,nan,0,nan,0,nan,nan,0,nan
3026.074,13,1,1,fixation,1,0.6940671073065864,-0.40270912647247314,1,3.287628173828125,1,0.760011249118381,-0.38787806034088135,1,3.0617523193359375
3042.739,13,1,1,fixation,1,0.7244589063856336,-0.3489205241203308,1,2.669281005859375,1,0.7881728278266058,-0.3612767457962036,1,2.6031036376953125
3059.406,13,1,1,fixation,0,nan,nan,0,nan,0,nan,nan,0,nan
3076.072,13,1,1,fixation,1,0.6857253180609809,-0.3617897629737854,1,3.2899322509765625,1,0.7416594823201497,-0.38438504934310913,1,3.086578369140625
3092.738,13,1,1,fixation,1,0.7244850794474283,-0.35665422677993774,1,2.680206298828125,1,0.7890778647528753,-0.36207783222198486,1,2.61236572265625
3109.405,13,1,1,fixation,0,nan,nan,0,nan,0,nan,nan,0,nan
3126.072,13,1,1,fixation,1,0.6901338365342882,-0.4022831916809082,1,3.3146820068359375,1,0.7613506317138672,-0.39687514305114746,1,3.0136871337890625
3142.739,13,1,1,fixation,1,0.7293133205837673,-0.3503100872039795,1,2.680877685546875,1,0.7937231063842773,-0.36477047204971313,1,2.628387451171875
3159.406,13,1,1,fixation,0,nan,nan,0,nan,0,nan,nan,0,nan
3176.073,13,1,1,fixation,1,0.6787457995944552,-0.3516107201576233,1,3.363800048828125,1,0.7736286587185329,-0.4013686776161194,1,3.0375213623046875
3192.739,13,1,1,fixation,1,0.7315494749281141,-0.3538944721221924,1,2.690582275390625,1,0.7929760615030924,-0.36488497257232666,1,2.6350860595703125
3209.407,13,1,1,fixation,0,nan,nan,0,nan,0,nan,nan,0,nan
3226.074,13,1,1,fixation,1,0.6999767091539171,-0.3804655075073242,1,3.259521484375,1,0.7808174557156032,-0.4095226526260376,1,3.0533905029296875
3242.741,13,1,1,fixation,1,0.7315331565009223,-0.34977567195892334,1,2.71160888671875,1,0.7929658889770508,-0.3681049942970276,1,2.6543731689453125
3259.407,13,1,1,fixation,0,nan,nan,0,nan,0,nan,nan,0,nan
3276.075,13,1,1,fixation,1,0.730208502875434,-0.3699931502342224,1,3.191650390625,1,0.7514682345920138,-0.39200258255004883,1,3.1214141845703125
3292.741,13,1,1,fixation,1,0.7330377366807725,-0.35236358642578125,1,2.7301025390625,1,0.7958785163031683,-0.3648737668991089,1,2.676971435546875
3309.408,13,1,1,fixation,0,nan,nan,0,nan,0,nan,nan,0,nan
3326.075,13,1,1,fixation,1,0.7002446916368272,-0.3684653639793396,1,3.334716796875,1,0.7610449261135525,-0.39374613761901855,1,3.170013427734375
3342.741,13,1,1,fixation,1,0.7347471449110242,-0.3521120548248291,1,2.7481689453125,1,0.7926664352416992,-0.3666749596595764,1,2.6981658935546875
3359.409,13,1,1,fixation,0,nan,nan,0,nan,0,nan,nan,0,nan
3376.076,13,1,1,fixation,1,0.6975791719224718,-0.37149667739868164,1,3.298126220703125,1,0.7853897942437066,-0.3892924189567566,1,3.1062164306640625
3392.742,13,1,1,fixation,1,0.7318250868055555,-0.35143423080444336,1,2.7683563232421875,1,0.7977943420410156,-0.36422550678253174,1,2.7259674072265625
3409.409,13,1,1,fixation,0,nan,nan,0,nan,0,nan,nan,0,nan
3426.077,13,1,1,fixation,1,0.7151720258924695,-0.38327932357788086,1,3.2709197998046875,1,0.788500256008572,-0.3920886516571045,1,3.10223388671875
3442.743,13,1,1,fixation,1,0.7320139143202039,-0.35282742977142334,1,2.791961669921875,1,0.7956272761027018,-0.3630622625350952,1,2.752349853515625
3459.41,13,1,1,stimulusMovement,0,nan,nan,0,nan,0,nan,nan,0,nan
3476.077,13,1,1,stimulusMovement,1,0.7083199818929036,-0.38148319721221924,1,3.3515167236328125,1,0.7537754906548394,-0.3932664394378662,1,3.2049560546875
3492.743,13,1,1,stimulusMovement,1,0.66727172003852,-0.3843114972114563,1,3.328887939453125,1,0.7510698106553819,-0.41719114780426025,1,3.27203369140625
3509.411,13,1,1,stimulusMovement,1,0.7004350026448567,-0.35860174894332886,1,3.4461212158203125,1,0.7992587619357638,-0.3833349347114563,1,3.170684814453125
3526.078,13,1,1,stimulusMovement,1,0.6791014141506618,-0.35553890466690063,1,3.419036865234375,1,0.7850259145100911,-0.3889896869659424,1,3.209259033203125
3542.745,13,1,1,stimulusMovement,1,0.7019996643066406,-0.38694626092910767,1,3.3668060302734375,1,0.7831444210476345,-0.39037156105041504,1,3.15216064453125
3559.411,13,1,1,stimulusMovement,1,0.7038451300726997,-0.3852943778038025,1,3.3274383544921875,1,0.7718700832790798,-0.3802753686904907,1,3.22686767578125
3576.079,13,1,1,stimulusMovement,1,0.689062754313151,-0.37774479389190674,1,3.4493408203125,1,0.782446543375651,-0.4194124937057495,1,3.282379150390625
3592.745,13,1,1,stimulusMovement,1,0.6728689405653211,-0.39405423402786255,1,3.44091796875,1,0.7785076565212673,-0.37999385595321655,1,3.174896240234375
3609.412,13,1,1,stimulusMovement,1,0.7058512369791666,-0.3683810234069824,1,3.41192626953125,1,0.7789575788709852,-0.36508285999298096,1,3.2276611328125
3626.079,13,1,1,stimulusMovement,1,0.6878064473470051,-0.36116600036621094,1,3.4519805908203125,1,0.7845124138726128,-0.38018715381622314,1,3.2304840087890625
3642.746,13,1,1,stimulusMovement,1,0.7030941645304362,-0.3746788501739502,1,3.43359375,1,0.7913487752278645,-0.3707256317138672,1,3.2880859375
3659.413,13,1,1,stimulusMovement,1,0.6736457612779405,-0.386666476726532,1,3.4296112060546875,1,0.7595477634006076,-0.37843984365463257,1,3.32635498046875
3676.08,13,1,1,stimulusMovement,1,0.6819908354017469,-0.40457117557525635,1,3.50341796875,1,0.7712482876247829,-0.3839600682258606,1,3.298553466796875
3692.746,13,1,1,stimulusMovement,1,0.678471671210395,-0.345736026763916,1,3.6303253173828125,1,0.7485951317681206,-0.38944798707962036,1,3.325836181640625
3709.413,13,1,1,stimulusMovement,1,0.7053364647759331,-0.39847493171691895,1,3.5308837890625,1,0.7725190056694878,-0.3840808868408203,1,3.316131591796875
3726.081,13,1,1,stimulusMovement,1,0.6988933351304796,-0.38626599311828613,1,3.5149078369140625,1,0.7671455807156032,-0.38699787855148315,1,3.3554840087890625
3742.747,13,1,1,stimulusMovement,1,0.7148845460679796,-0.3443065285682678,1,3.563720703125,1,0.7499880260891384,-0.37702953815460205,1,3.4311065673828125
3759.414,13,1,1,stimulusMovement,1,0.7054690255059136,-0.35218316316604614,1,3.505584716796875,1,0.7634279463026258,-0.36066317558288574,1,3.4893798828125
3776.081,13,1,1,stimulusMovement,1,0.7040465672810872,-0.3715081214904785,1,3.5073699951171875,1,0.7581682205200195,-0.39148658514022827,1,3.4029998779296875
3792.748,13,1,1,stimulusMovement,1,0.6976996527777778,-0.35046231746673584,1,3.568359375,1,0.7956100040011935,-0.36533474922180176,1,3.4394989013671875
3809.415,13,1,1,stimulusMovement,1,0.6677063835991753,-0.28949129581451416,1,3.8641204833984375,1,0.7365204493204752,-0.34248578548431396,1,3.600250244140625
3826.082,13,1,1,stimulusMovement,1,0.6839938693576388,-0.3744432330131531,1,3.553436279296875,1,0.7151629130045573,-0.32797300815582275,1,3.560882568359375
3842.749,13,1,1,stimulusMovement,1,0.7012109756469727,-0.36410266160964966,1,3.546142578125,1,0.7691888809204102,-0.3785859942436218,1,3.4227142333984375
3859.416,13,1,1,stimulusMovement,1,0.6965068181355794,-0.3611024022102356,1,3.6254730224609375,1,0.7614152696397569,-0.3905072808265686,1,3.4403076171875
3876.083,13,1,1,stimulusMovement,1,0.7001383039686414,-0.3841930031776428,1,3.5833587646484375,1,0.759786393907335,-0.3673591613769531,1,3.394134521484375
3892.75,13,1,1,stimulusMovement,1,0.6904524697197808,-0.37950706481933594,1,3.5183258056640625,1,0.7758360968695747,-0.37636834383010864,1,3.42681884765625
3909.416,13,1,1,stimulusMovement,1,0.7085359361436632,-0.3396608829498291,1,3.6998443603515625,1,0.7283810509575738,-0.3940419554710388,1,3.442962646484375
3926.083,13,1,1,stimulusMovement,1,0.7072525024414062,-0.34803569316864014,1,3.7219696044921875,1,0.7630808088514539,-0.3571179509162903,1,3.4930267333984375
3942.749,13,1,1,stimulusMovement,1,0.6720289654201931,-0.35679852962493896,1,3.559814453125,1,0.7609909905327691,-0.35897397994995117,1,3.43328857421875
3959.416,13,1,1,stimulusMovement,1,0.7036891513400607,-0.37669169902801514,1,3.5028228759765625,1,0.7098748948838975,-0.3678863048553467,1,3.4545440673828125
3976.083,13,1,1,stimulusMovement,1,0.7078537411159939,-0.38966429233551025,1,3.5701751708984375,1,0.7344353993733723,-0.3608999252319336,1,3.42193603515625
3992.749,13,1,1,stimulusMovement,1,0.7376786337958442,-0.34342408180236816,1,3.6382904052734375,1,0.7169528537326388,-0.35760605335235596,1,3.4936981201171875
4009.417,13,1,1,stimulusMovement,1,0.7050165600246853,-0.3818955421447754,1,3.514404296875,1,0.7667037116156684,-0.37753450870513916,1,3.3877716064453125
4026.084,13,1,1,stimulusMovement,1,0.7178082995944552,-0.35413265228271484,1,3.58221435546875,1,0.7626788881089952,-0.38090670108795166,1,3.422821044921875
4042.751,13,1,1,stimulusMovement,1,0.6885965135362413,-0.40659523010253906,1,3.5311431884765625,1,0.7576499515109592,-0.3843773603439331,1,3.3678741455078125
4059.417,13,1,1,stimulusMovement,1,0.7016534805297852,-0.36173802614212036,1,3.54248046875,1,0.7062129974365234,-0.3731101155281067,1,3.453399658203125
4076.083,13,1,1,stimulusMovement,1,0.7160424126519097,-0.38146257400512695,1,3.48211669921875,1,0.7580880059136285,-0.3716675043106079,1,3.3634185791015625
4092.75,13,1,1,stimulusMovement,1,0.7117673026190864,-0.37485480308532715,1,3.460601806640625,1,0.7410257127549913,-0.3775004744529724,1,3.372711181640625
4109.417,13,1,1,stimulusMovement,1,0.6798006693522135,-0.3798491954803467,1,3.496307373046875,1,0.7138472663031684,-0.36008548736572266,1,3.4415740966796875
4126.084,13,1,1,stimulusMovement,0,nan,nan,0,nan,1,0.7513741387261285,-0.4049655795097351,1,3.3805694580078125
4142.75,13,1,1,stimulusMovement,1,0.7056793636745876,-0.3572275638580322,1,3.5596771240234375,1,0.7363273832533094,-0.37655067443847656,1,3.4436187744140625
4159.418,13,1,1,stimulusMovement,1,0.721138212415907,-0.3922330141067505,1,3.553558349609375,1,0.7841705746120876,-0.40361011028289795,1,3.32965087890625
4176.085,13,1,1,stimulusMovement,1,0.7052864498562282,-0.3774331212043762,1,3.376068115234375,1,0.7644661797417535,-0.3849681615829468,1,3.28729248046875
4192.751,13,1,1,stimulusMovement,1,0.7041285832722981,-0.3718767762184143,1,3.41705322265625,1,0.7709556155734592,-0.40704798698425293,1,3.304473876953125
4209.417,13,1,1,stimulusMovement,1,0.7362395392523872,-0.35044145584106445,1,3.5439910888671875,1,0.6504887474907769,-0.36632078886032104,1,3.5448760986328125
4226.085,13,1,1,stimulusMovement,1,0.6904386944240993,-0.3771067261695862,1,3.4449005126953125,1,0.7787903679741753,-0.39191967248916626,1,3.265625
4242.751,13,1,1,stimulusMovement,1,0.7158521016438801,-0.3843703269958496,1,3.46392822265625,1,0.7331825892130533,-0.4001624584197998,1,3.415191650390625
4259.418,13,1,1,stimulusMovement,1,0.7195485432942708,-0.3858712911605835,1,3.5259552001953125,1,0.7610768212212456,-0.37612003087997437,1,3.3169708251953125
4276.085,13,1,1,stimulusMovement,0,nan,nan,0,nan,1,0.7607757780287,-0.4039384722709656,1,3.2462005615234375
4292.751,13,1,1,stimulusMovement,1,0.706631130642361,-0.3846948742866516,1,3.3913726806640625,1,0.7312625249226887,-0.37006676197052,1,3.406402587890625
4309.418,13,1,1,stimulusMovement,1,0.7144374847412109,-0.3940378427505493,1,3.514556884765625,1,0.7818039788140191,-0.40271973609924316,1,3.3410186767578125
4326.085,13,1,1,stimulusMovement,1,0.691078397962782,-0.3846738338470459,1,3.4608612060546875,1,0.770351833767361,-0.3880842328071594,1,3.28753662109375
4342.751,13,1,1,stimulusMovement,1,0.6964341269599067,-0.392691969871521,1,3.433929443359375,1,0.7244147194756402,-0.3901774287223816,1,3.381683349609375
4359.418,13,1,1,stimulusMovement,1,0.7001586490207248,-0.3871971368789673,1,3.4907379150390625,1,0.763276629977756,-0.4130222797393799,1,3.2431640625
4376.086,13,1,1,stimulusMovement,1,0.7066279517279731,-0.38957446813583374,1,3.294769287109375,1,0.7673871782090929,-0.4086359143257141,1,3.294189453125
4392.752,13,1,1,stimulusMovement,1,0.6839776568942599,-0.40226590633392334,1,3.359375,1,0.7822315427992078,-0.4118567705154419,1,3.25933837890625
4409.419,13,1,1,stimulusMovement,1,0.6949483023749458,-0.38296258449554443,1,3.316070556640625,1,0.7591995663113064,-0.39232397079467773,1,3.242095947265625
4426.085,13,1,1,stimulusMovement,1,0.6973745557996961,-0.3851373791694641,1,3.3387451171875,1,0.7522061665852864,-0.39188122749328613,1,3.1919403076171875
4442.751,13,1,1,stimulusMovement,1,0.7093798319498698,-0.3983170986175537,1,3.348358154296875,1,0.7526490953233507,-0.3960593342781067,1,3.2227325439453125
4459.419,13,1,1,stimulusMovement,1,0.6838430828518337,-0.3886486887931824,1,3.395050048828125,1,0.7780577341715494,-0.3863782286643982,1,3.2123260498046875
4476.086,13,1,1,stimulusMovement,1,0.6754878362019856,-0.377211332321167,1,3.3582000732421875,1,0.7615133921305338,-0.39951616525650024,1,3.1305084228515625
4492.752,13,1,1,stimulusMovement,1,0.687516000535753,-0.38932305574417114,1,3.4324188232421875,1,0.7579968770345051,-0.3978036046028137,1,3.2161865234375
4509.419,13,1,1,stimulusMovement,1,0.6893636915418836,-0.39370477199554443,1,3.3687286376953125,1,0.7476801342434353,-0.3734630346298218,1,3.2227020263671875
4526.086,13,1,1,stimulusMovement,1,0.6638356314765083,-0.40291428565979004,1,3.3759613037109375,1,0.7746898863050672,-0.4005093574523926,1,3.1778564453125
4542.753,13,1,1,stimulusMovement,1,0.7021999359130859,-0.3770790696144104,1,3.342071533203125,1,0.7490294774373372,-0.37639284133911133,1,3.1262359619140625
4559.419,13,1,1,stimulusMovement,1,0.6997979482014973,-0.38070982694625854,1,3.2910308837890625,1,0.7716913223266602,-0.39171773195266724,1,3.15264892578125
4576.086,13,1,1,stimulusMovement,1,0.6830264197455512,-0.38030731678009033,1,3.2743682861328125,1,0.7700363794962565,-0.4022800326347351,1,3.1662445068359375
4592.753,13,1,1,stimulusMovement,1,0.6984255048963758,-0.37751924991607666,1,3.2685394287109375,1,0.7612177530924479,-0.40627050399780273,1,3.2024078369140625
4609.42,13,1,1,stimulusMovement,1,0.6542637083265516,-0.39938944578170776,1,3.3153076171875,1,0.7899204889933268,-0.4039292335510254,1,3.1294708251953125
4626.086,13,1,1,stimulusMovement,1,0.7048621707492404,-0.3795698881149292,1,3.3243408203125,1,0.8058922025892469,-0.3974651098251343,1,3.2126922607421875
4642.753,13,1,1,stimulusMovement,1,0.6832247840033637,-0.38945603370666504,1,3.3228759765625,1,0.7305829789903429,-0.37647944688796997,1,3.2241058349609375
4659.42,13,1,1,stimulusMovement,1,0.7105242411295573,-0.3712989091873169,1,3.326568603515625,1,0.7667280832926432,-0.3884847164154053,1,3.1926727294921875
4676.087,13,1,1,stimulusMovement,1,0.7241624196370442,-0.3713189363479614,1,3.3285980224609375,1,0.7395946714613172,-0.37961578369140625,1,3.2354583740234375
4692.753,13,1,1,stimulusMovement,1,0.6743036905924479,-0.4004794955253601,1,3.3911590576171875,1,0.7633796268039279,-0.3914608955383301,1,3.2108917236328125
4709.42,13,1,1,stimulusMovement,1,0.7453267839219835,-0.37385690212249756,1,3.36187744140625,1,0.7241024441189235,-0.3787243366241455,1,3.2844085693359375
4726.087,13,1,1,stimulusMovement,1,0.6806072658962673,-0.384096622467041,1,3.414581298828125,1,0.7765642801920573,-0.41214627027511597,1,3.154296875
4742.753,13,1,1,stimulusMovement,1,0.6807532840304904,-0.3948434591293335,1,3.34124755859375,1,0.7330154842800564,-0.37985169887542725,1,3.2686309814453125
4759.42,13,1,1,stimulusMovement,1,0.6641674041748047,-0.40307092666625977,1,3.3474273681640625,1,0.7662554846869575,-0.3900296688079834,1,3.231292724609375
4776.087,13,1,1,stimulusMovement,1,0.6922809812757703,-0.3727591037750244,1,3.4509124755859375,1,0.7551822662353516,-0.39481186866760254,1,3.17022705078125
4792.753,13,1,1,stimulusMovement,1,0.7275489171346028,-0.37043899297714233,1,3.40704345703125,1,0.7683396869235568,-0.40658313035964966,1,3.2188873291015625
4809.42,13,1,1,stimulusMovement,1,0.693492677476671,-0.40571773052215576,1,3.425750732421875,1,0.7836132049560547,-0.39802128076553345,1,3.2479095458984375
4826.088,13,1,1,stimulusMovement,1,0.7082602183024088,-0.3764011263847351,1,3.387359619140625,1,0.787748548719618,-0.40493983030319214,1,3.2689056396484375
4842.755,13,1,1,stimulusMovement,1,0.728938102722168,-0.38103705644607544,1,3.4453277587890625,1,0.7810291714138454,-0.3958953619003296,1,3.2193450927734375
4859.42,13,1,1,stimulusMovement,1,0.6979781256781684,-0.37429654598236084,1,3.3550262451171875,1,0.7760012944539387,-0.386297345161438,1,3.2188568115234375
4876.087,13,1,1,stimulusMovement,1,0.6819606357150607,-0.38406693935394287,1,3.3969573974609375,1,0.7654902140299479,-0.40065479278564453,1,3.2141571044921875
4892.754,13,1,1,stimulusMovement,1,0.6751437717013888,-0.3951963186264038,1,3.3851776123046875,1,0.7672714657253689,-0.3831109404563904,1,3.24114990234375
4909.421,13,1,1,stimulusMovement,0,nan,nan,0,nan,1,0.7564216189914279,-0.3910876512527466,1,3.30621337890625
4926.088,13,1,1,stimulusMovement,1,0.6933290693495008,-0.3825427293777466,1,3.3667144775390625,1,0.7792355219523112,-0.4035719037055969,1,3.2261962890625
4942.754,13,1,1,stimulusMovement,1,0.6770740085177951,-0.4040223956108093,1,3.4586029052734375,1,0.7696160210503472,-0.4118298292160034,1,3.25946044921875
4959.421,13,1,1,stimulusMovement,1,0.6828500959608289,-0.4052011966705322,1,3.346832275390625,1,0.7657319174872504,-0.41929519176483154,1,3.3134002685546875
4976.088,13,1,1,stimulusMovement,1,0.702175564236111,-0.3720855712890625,1,3.3582305908203125,1,0.7636203765869141,-0.38879311084747314,1,3.265411376953125
4992.754,13,1,1,stimulusMovement,0,nan,nan,0,nan,1,0.7563496695624458,-0.4086461067199707,1,3.2642822265625
5009.421,13,1,1,stimulusMovement,1,0.6740421719021267,-0.3796093463897705,1,3.4115142822265625,1,0.7498673333062066,-0.40422165393829346,1,3.2754669189453125
5026.088,13,1,1,stimulusMovement,1,0.7141219245062934,-0.3852609395980835,1,3.390106201171875,1,0.7823824352688259,-0.4055609703063965,1,3.2269287109375
5042.754,13,1,1,stimulusMovement,0,nan,nan,0,nan,1,0.7688330544365777,-0.391063928604126,1,3.2000274658203125
5059.421,13,1,1,stimulusMovement,1,0.6727361679077148,-0.38857364654541016,1,3.449310302734375,1,0.7637250688340929,-0.41256141662597656,1,3.2978515625
5076.088,13,1,1,stimulusMovement,1,0.6950303183661567,-0.38823676109313965,1,3.433380126953125,1,0.7632280985514323,-0.4209418296813965,1,3.2457275390625
5092.754,13,1,1,stimulusMovement,1,0.6872698465983073,-0.3504219055175781,1,3.5204925537109375,1,0.7477842966715494,-0.4068915843963623,1,3.3545379638671875
5109.421,13,1,1,stimulusMovement,1,0.6990640428331163,-0.37825918197631836,1,3.4242706298828125,1,0.7455702887641059,-0.38713324069976807,1,3.25262451171875
5126.088,13,1,1,stimulusMovement,1,0.684883329603407,-0.3685733675956726,1,3.5156402587890625,1,0.7719071706136067,-0.39436519145965576,1,3.2075958251953125
5142.754,13,1,1,stimulusMovement,1,0.6982234319051106,-0.37299370765686035,1,3.47320556640625,1,0.7385420269436306,-0.367587685585022,1,3.3918304443359375
5159.421,13,1,1,stimulusMovement,1,0.6718127992418077,-0.36273378133773804,1,3.4823150634765625,1,0.7505992253621419,-0.4106751084327698,1,3.257476806640625
5176.088,13,1,1,stimulusMovement,1,0.7094552781846788,-0.35188841819763184,1,3.46868896484375,1,0.7537476221720377,-0.4003242254257202,1,3.2565460205078125
5192.756,13,1,1,stimulusMovement,1,0.6818984349568684,-0.38387030363082886,1,3.41656494140625,1,0.7156944274902344,-0.3861333727836609,1,3.3860015869140625
5209.422,13,1,1,stimulusMovement,0,nan,nan,0,nan,0,nan,nan,0,nan
5226.088,13,1,1,stimulusMovement,1,0.7211994594997829,-0.2988685369491577,1,3.5854034423828125,1,0.7902145385742188,-0.34240543842315674,1,3.173187255859375
5242.754,13,1,1,stimulusMovement,1,0.7929787105984157,-0.398990273475647,1,3.874237060546875,1,0.7981387244330511,-0.3699430823326111,1,3.1936187744140625
5259.421,13,1,1,stimulusMovement,1,0.689984639485677,-0.32963770627975464,1,3.52288818359375,1,0.7789923350016276,-0.36200588941574097,1,3.2293701171875
5276.088,13,1,1,stimulusMovement,1,0.7104237874348958,-0.3142980933189392,1,3.4820556640625,1,0.765872319539388,-0.37014567852020264,1,3.2246856689453125
5292.755,13,1,1,stimulusMovement,1,0.7325074937608507,-0.35494720935821533,1,3.39263916015625,1,0.7651685078938801,-0.2617313265800476,1,3.5387725830078125
5309.422,13,1,1,stimulusMovement,1,0.7221432791815864,-0.34485316276550293,1,3.7895660400390625,1,0.778246243794759,-0.354777991771698,1,3.272674560546875
5326.089,13,1,1,stimulusMovement,1,0.7268191443549262,-0.23575359582901,1,3.5080413818359375,1,0.6587533950805664,-0.248806893825531,1,3.5738067626953125
5342.754,13,1,1,stimulusMovement,1,0.6676497989230685,-0.21282029151916504,1,3.5443572998046875,1,0.746002197265625,-0.17955076694488525,1,3.3497161865234375
5359.421,13,1,1,stimulusMovement,1,0.695590337117513,-0.25184082984924316,1,3.6543426513671875,1,0.7485468122694227,-0.2031102180480957,1,3.3529815673828125
5376.089,13,1,1,stimulusMovement,1,0.6460206773546007,-0.21287661790847778,1,3.5610198974609375,1,0.7584016587999132,-0.16026389598846436,1,3.261688232421875
5392.755,13,1,1,stimulusMovement,1,0.6748561859130859,-0.1991816759109497,1,3.506683349609375,1,0.7079974280463325,-0.21542131900787354,1,3.5692291259765625
5409.422,13,1,1,stimulusMovement,1,0.6745945612589518,-0.2023162841796875,1,3.64825439453125,1,0.7541332244873047,-0.16414803266525269,1,3.2803192138671875
5426.089,13,1,1,stimulusMovement,1,0.7026235792371961,-0.19158565998077393,1,3.540313720703125,1,0.6844913694593641,-0.17962312698364258,1,3.5366973876953125
5442.754,13,1,1,stimulusMovement,0,nan,nan,0,nan,0,nan,nan,0,nan
5459.421,13,1,1,stimulusMovement,1,0.6839776568942599,-0.2054837942123413,1,3.5585479736328125,1,0.7126864327324761,-0.16326022148132324,1,3.326171875
5476.089,13,1,1,stimulusMovement,1,0.6771402359008789,-0.16966593265533447,1,3.4825592041015625,1,0.712916374206543,-0.15925413370132446,1,3.399017333984375
5492.755,13,1,1,stimulusMovement,1,0.6677849027845594,-0.1729375123977661,1,3.7392120361328125,1,0.7314385308159722,-0.05693882703781128,1,3.2347564697265625
5509.422,13,1,1,stimulusMovement,1,0.6236118740505642,-0.14157819747924805,1,3.726715087890625,1,0.727699491712782,-0.0043506622314453125,1,3.185394287109375
5526.089,13,1,1,stimulusMovement,1,0.6341473261515299,-0.09355998039245605,1,3.6678466796875,1,0.7054888407389323,-0.04836320877075195,1,3.260772705078125
5542.755,13,1,1,stimulusMovement,1,0.6571378707885742,-0.12187367677688599,1,3.7266082763671875,1,0.7201130125257703,-0.03027135133743286,1,3.2725372314453125
5559.423,13,1,1,stimulusMovement,1,0.6867323981391059,-0.21575474739074707,1,4.07025146484375,1,0.7306033240424262,-0.0077065229415893555,1,3.1265411376953125
5576.09,13,1,1,stimulusMovement,1,0.656755871242947,-0.07214915752410889,1,3.64739990234375,1,0.7013770209418403,-0.011072516441345215,1,3.2270660400390625
5592.756,13,1,1,stimulusMovement,1,0.6525832282172309,-0.07045131921768188,1,3.6511077880859375,1,0.6816234588623047,-0.02429288625717163,1,3.2849578857421875
5609.423,13,1,1,stimulusMovement,1,0.70598390367296,-0.05872124433517456,1,3.66668701171875,1,0.6674562030368381,-0.03499102592468262,1,3.373382568359375
5626.09,13,1,1,stimulusMovement,0,nan,nan,0,nan,1,0.7463314268324109,0.061810851097106934,1,3.1961669921875
5642.756,13,1,1,stimulusMovement,1,0.6301205952962239,0.027141213417053223,1,3.6829376220703125,1,0.7760242886013454,0.1693980097770691,1,3.07373046875
5659.424,13,1,1,stimulusMovement,1,0.6393926408555772,0.05776563286781311,1,3.689483642578125,1,0.7677249908447266,0.18890589475631714,1,3.0864410400390625
5676.091,13,1,1,stimulusMovement,1,0.6426092783610026,0.11211109161376953,1,3.4672088623046875,1,0.7276507483588325,0.18449893593788147,1,3.1575469970703125
5692.757,13,1,1,stimulusMovement,1,0.6534683439466688,0.008616864681243896,1,3.96929931640625,1,0.7248592376708984,0.17874333262443542,1,3.1527557373046875
5709.424,13,1,1,stimulusMovement,1,0.6934744517008463,0.12180835008621216,1,3.601470947265625,1,0.7525463104248047,0.18431925773620605,1,3.1252288818359375
5726.091,13,1,1,stimulusMovement,1,0.6599717670016818,0.10374978184700012,1,3.651092529296875,1,0.7201798756917317,0.1935335397720337,1,3.2182769775390625
5742.758,13,1,1,stimulusMovement,1,0.6743229760064019,0.1578395962715149,1,3.5518951416015625,1,0.7472625308566623,0.209234356880188,1,3.17584228515625
5759.425,13,1,1,stimulusMovement,1,0.7662129931979709,0.07144707441329956,1,3.921722412109375,1,0.7482354905870225,0.24146130681037903,1,3.168212890625
5776.092,13,1,1,stimulusMovement,1,0.6695431603325738,0.30703479051589966,1,3.3307952880859375,1,0.7712903552585177,0.3485768735408783,1,2.9807586669921875
5792.758,13,1,1,stimulusMovement,1,0.6932237413194444,0.12164407968521118,1,4.0143585205078125,1,0.7756603029039171,0.36469319462776184,1,3.034454345703125
5809.425,13,1,1,stimulusMovement,1,0.6456376181708442,0.2599200904369354,1,3.5642547607421875,1,0.7629188961452907,0.3504973202943802,1,3.029571533203125
5826.092,13,1,1,stimulusMovement,1,0.6749400032891167,0.33766889572143555,1,3.3491668701171875,1,0.7771282196044922,0.36922505497932434,1,3.0244598388671875
5842.759,13,1,1,stimulusMovement,1,0.6714419258965386,0.33864207565784454,1,3.3832244873046875,1,0.7511474821302625,0.36654211580753326,1,3.0559234619140625
5859.426,13,1,1,stimulusMovement,1,0.6676841311984592,0.2940005213022232,1,3.5316314697265625,1,0.7415573332044813,0.34769952297210693,1,3.14910888671875
5876.093,13,1,1,stimulusMovement,1,0.679412841796875,0.329683855175972,1,3.4520263671875,1,0.757968266805013,0.3911401629447937,1,3.0635528564453125
5892.759,13,1,1,stimulusMovement,1,0.6562930213080512,0.35762476921081543,1,3.3863983154296875,1,0.7581030527750651,0.4150978997349739,1,3.0050811767578125
5909.426,13,1,1,stimulusMovement,1,0.6662392086452907,0.35264746844768524,1,3.421722412109375,1,0.749760733710395,0.39180639386177063,1,3.0839385986328125
5926.094,13,1,1,stimulusMovement,1,0.6879471672905816,0.29901012778282166,1,3.557403564453125,1,0.7704249487982856,0.4142269045114517,1,3.007568359375
5942.76,13,1,1,stimulusMovement,1,0.673198488023546,0.3176041394472122,1,3.570587158203125,1,0.7428012424045138,0.39615893363952637,1,3.153076171875
5959.427,13,1,1,stimulusMovement,1,0.7025822533501519,0.34673038125038147,1,3.5421600341796875,1,0.7544324662950304,0.41075509786605835,1,3.06304931640625
5976.094,13,1,1,stimulusMovement,1,0.6636651357014973,0.3738016039133072,1,3.4412994384765625,1,0.7644818623860676,0.4388953559100628,1,3.0474090576171875
5992.76,13,1,1,stimulusMovement,1,0.6790133582221137,0.39759504795074463,1,3.3692474365234375,1,0.7470591862996419,0.42813708633184433,1,3.10650634765625
6009.427,13,1,1,stimulusMovement,1,0.6295515696207682,0.39123600721359253,1,3.6361236572265625,1,0.76315795050727,0.5171657260507345,1,3.0894622802734375
6026.095,13,1,1,stimulusMovement,1,0.6573645273844401,0.5535982437431812,1,3.256683349609375,0,nan,nan,0,nan
6042.761,13,1,1,stimulusMovement,1,0.6340217590332031,0.4941001860424876,1,3.5211181640625,1,0.764457172817654,0.5809153467416763,1,3.070831298828125
6059.428,13,1,1,stimulusMovement,1,0.6457940207587348,0.5195432938635349,1,3.4181671142578125,0,nan,nan,0,nan
6076.095,13,1,1,stimulusMovement,1,0.6408244238959419,0.5037549324333668,1,3.4607696533203125,0,nan,nan,0,nan
6092.761,13,1,1,stimulusMovement,1,0.6556388007269965,0.5160130262374878,1,3.4441986083984375,0,nan,nan,0,nan
6109.429,13,1,1,stimulusMovement,1,0.6328781975640191,0.5054851579479873,1,3.448944091796875,1,0.7416093614366319,0.5771516337990761,1,3.140472412109375
6126.096,13,1,1,stimulusMovement,1,0.6638435787624782,0.5193371381610632,1,3.44952392578125,1,0.7550550036960177,0.5935196727514267,1,3.0359954833984375
6142.762,13,1,1,stimulusMovement,1,0.6324859195285373,0.5029603242874146,1,3.5113525390625,1,0.7445259094238281,0.5766440257430077,1,3.083465576171875
6159.429,13,1,1,stimulusMovement,1,0.6578354305691189,0.5368809476494789,1,3.420806884765625,1,0.7501761118570963,0.5758810490369797,1,3.0512542724609375
6176.096,13,1,1,stimulusMovement,1,0.6303455564710828,0.5282090753316879,1,3.4308319091796875,1,0.6845923529730903,0.5291193593293428,1,3.2504425048828125
6192.762,13,1,1,stimulusMovement,1,0.6556629604763454,0.5307559873908758,1,3.44281005859375,1,0.7093363867865669,0.5468818880617619,1,3.2024383544921875
6209.43,13,1,1,stimulusMovement,1,0.6829920874701606,0.42825596034526825,1,3.470794677734375,1,0.7776209513346354,0.43369586765766144,1,3.0492706298828125
6226.097,13,1,1,stimulusMovement,1,0.6909830305311414,0.40671902894973755,1,3.571441650390625,1,0.8213189442952473,0.45335790514945984,1,3.05078125
6242.763,13,1,1,stimulusMovement,1,0.7168708377414279,0.4126231223344803,1,3.4568939208984375,1,0.7812188466389973,0.43535709381103516,1,3.1069793701171875
6259.43,13,1,1,stimulusMovement,1,0.72542847527398,0.40227513760328293,1,3.538421630859375,1,0.7958081563313801,0.4469582997262478,1,3.14007568359375
6276.097,13,1,1,stimulusMovement,1,0.6667283376057942,0.3755534440279007,1,3.6595458984375,1,0.7544795142279731,0.42116736620664597,1,3.2211456298828125
6292.764,13,1,1,stimulusMovement,0,nan,nan,0,nan,1,0.7725853390163845,0.42415548861026764,1,3.18896484375
6309.431,13,1,1,stimulusMovement,1,0.6959832509358723,0.4007641226053238,1,3.5955657958984375,1,0.8157439761691623,0.4369122087955475,1,3.152008056640625
6326.098,13,1,1,stimulusMovement,1,0.6776002248128254,0.3920982629060745,1,3.5859527587890625,1,0.8060175577799479,0.4547213576734066,1,3.218109130859375
6342.764,13,1,1,stimulusMovement,1,0.6881121529473199,0.39842385798692703,1,3.624237060546875,1,0.795705689324273,0.44581305235624313,1,3.11480712890625
6359.431,13,1,1,stimulusMovement,1,0.6872274610731336,0.4113643020391464,1,3.6304779052734375,1,0.7888560824924045,0.4405810460448265,1,3.2173309326171875
6376.098,13,1,1,stimulusMovement,0,nan,nan,0,nan,1,0.7830388810899522,0.4195137172937393,1,3.2930145263671875
6392.765,13,1,1,stimulusMovement,1,0.7014547983805338,0.4366714134812355,1,3.5788726806640625,1,0.798392825656467,0.4527660384774208,1,3.1938629150390625
6409.432,13,1,1,stimulusMovement,1,0.6905268563164605,0.41022877395153046,1,3.6667327880859375,1,0.8094092475043402,0.4545602947473526,1,3.2171478271484375
6426.099,13,1,1,stimulusMovement,1,0.7165692647298176,0.40260130912065506,1,3.822845458984375,1,0.7727538214789497,0.5141490194946527,1,3.23968505859375
6442.765,13,1,1,stimulusMovement,1,0.6718538072374132,0.4800401069223881,1,3.517303466796875,1,0.6791158252292209,0.40227707475423813,1,3.6878662109375
6459.432,13,1,1,stimulusMovement,1,0.6905768712361653,0.4641287513077259,1,3.6151885986328125,1,0.7758159637451172,0.4923098152503371,1,3.3127288818359375
6476.1,13,1,1,stimulusMovement,1,0.7206607394748263,0.4367165118455887,1,3.784698486328125,1,0.7803929646809895,0.47905999049544334,1,3.2706451416015625
6492.766,13,1,1,stimulusMovement,1,0.6835994720458984,0.45982079207897186,1,3.6685638427734375,1,0.7656435436672634,0.5040363036096096,1,3.2759246826171875
6509.433,13,1,1,stimulusMovement,1,0.7113128238254123,0.4551704712212086,1,3.773712158203125,1,0.7488617367214626,0.45860064402222633,1,3.3513946533203125
6526.1,13,1,1,stimulusMovement,1,0.6742867363823785,0.47183556482195854,1,3.5565032958984375,1,0.757804446750217,0.4641307555139065,1,3.3163299560546875
6542.766,13,1,1,stimulusMovement,1,0.7028007507324219,0.43088726699352264,1,3.724029541015625,1,0.7004159291585286,0.44023948907852173,1,3.515716552734375
6559.433,13,1,1,stimulusMovement,1,0.6943240695529513,0.44950634241104126,1,3.7519683837890625,1,0.7750786675347222,0.46880144998431206,1,3.2949066162109375
6576.101,13,1,1,stimulusMovement,0,nan,nan,0,nan,1,0.7938718795776367,0.4631052687764168,1,3.31756591796875
6592.767,13,1,1,stimulusMovement,1,0.6016456815931531,0.5272440854460001,1,3.2191619873046875,1,0.7687680986192491,0.46370648965239525,1,3.362640380859375
6609.434,13,1,1,stimulusMovement,1,0.7077219221327039,0.4315420240163803,1,3.7952880859375,1,0.7916969723171657,0.4561057984828949,1,3.2469482421875
6626.101,13,1,1,stimulusMovement,1,0.6643587748209635,0.45039401203393936,1,3.7575836181640625,1,0.6777426401774088,0.446540180593729,1,3.618011474609375
6642.767,13,1,1,stimulusMovement,1,0.5698869493272569,0.4878488536924124,1,3.164276123046875,1,0.7456135219997829,0.42544379085302353,1,3.4417724609375
6659.434,13,1,1,stimulusMovement,0,nan,nan,0,nan,1,0.7407722473144531,0.47129620239138603,1,3.3354034423828125
6676.102,13,1,1,stimulusMovement,0,nan,nan,0,nan,1,0.8014539082845051,0.4685242027044296,1,3.16302490234375
6692.768,13,1,1,stimulusMovement,0,nan,nan,0,nan,0,nan,nan,0,nan
6709.435,13,1,1,stimulusMovement,0,nan,nan,0,nan,1,0.7833589977688259,0.44784941896796227,1,3.2866973876953125
6726.102,13,1,1,stimulusMovement,1,0.6878156661987305,0.45792514830827713,1,3.7366485595703125,1,0.7927907307942708,0.46279240027070045,1,3.1988525390625
6742.768,13,1,1,stimulusMovement,0,nan,nan,0,nan,1,0.7731488545735676,0.4452653080224991,1,3.2383575439453125
6759.436,13,1,1,stimulusMovement,0,nan,nan,0,nan,1,0.7958828608194987,0.466925784945488,1,3.1811676025390625
6776.103,13,1,1,stimulusMovement,0,nan,nan,0,nan,1,0.8039978875054253,0.4581105336546898,1,3.1604766845703125
6792.769,13,1,1,stimulusMovement,0,nan,nan,0,nan,1,0.777986102634006,0.4518977738916874,1,3.1986236572265625
6809.436,13,1,1,stimulusMovement,0,nan,nan,0,nan,1,0.775698979695638,0.4583589695394039,1,3.1605224609375
6826.103,13,1,1,stimulusMovement,1,0.7109624014960395,0.45338261127471924,1,3.71514892578125,1,0.7713546752929688,0.4899450819939375,1,3.24951171875
6842.769,13,1,1,stimulusMovement,0,nan,nan,0,nan,1,0.7938879860772027,0.49608706030994654,1,3.157684326171875
6859.437,13,1,1,stimulusMovement,0,nan,nan,0,nan,1,0.7837683359781901,0.46886400505900383,1,3.174896240234375
6876.104,13,1,1,stimulusMovement,1,0.7001997629801432,0.4736759774386883,1,3.641510009765625,1,0.7707410388522677,0.4759318307042122,1,3.153045654296875
6892.77,13,1,1,stimulusMovement,0,nan,nan,0,nan,1,0.7535023159450954,0.4874308779835701,1,3.222076416015625
6909.437,13,1,1,stimulusMovement,1,0.6665613386366102,0.5053655738011003,1,3.566619873046875,1,0.7862633599175347,0.4684578739106655,1,3.1566925048828125
6926.104,13,1,1,stimulusMovement,0,nan,nan,0,nan,1,0.7943172454833984,0.5008013072656468,1,3.1255035400390625
6942.771,13,1,1,stimulusMovement,0,nan,nan,0,nan,1,0.7734756469726562,0.4925240050069988,1,3.160797119140625
6959.438,13,1,1,stimulusMovement,1,0.6956683264838325,0.4625052437186241,1,3.559722900390625,1,0.7831974029541016,0.4730654861778021,1,3.1368255615234375
6976.105,13,1,1,stimulusMovement,0,nan,nan,0,nan,1,0.7809694078233507,0.4788120947778225,1,3.169036865234375
6992.771,13,1,1,stimulusMovement,0,nan,nan,0,nan,1,0.7778409322102864,0.4910062439739704,1,3.13800048828125
7009.438,13,1,1,stimulusMovement,1,0.5937182108561198,0.4841481186449528,1,3.2589874267578125,1,0.7725115882025825,0.46507029607892036,1,3.187042236328125
7026.105,13,1,1,stimulusMovement,0,nan,nan,0,nan,1,0.7827106051974826,0.487349989823997,1,3.1438140869140625
7042.772,13,1,1,stimulusMovement,1,0.6416347291734483,0.4768373444676399,1,3.3539276123046875,1,0.7963273790147569,0.4880747012794018,1,3.0929718017578125
7059.439,13,1,1,stimulusMovement,0,nan,nan,0,nan,1,0.7835931777954102,0.4817692320793867,1,3.15283203125
7076.106,13,1,1,stimulusMovement,1,0.6603526009453667,0.5005001907702535,1,3.4267120361328125,1,0.776410420735677,0.4727550074458122,1,3.1421661376953125
7092.772,13,1,1,stimulusMovement,1,0.741207546657986,0.41194070875644684,1,3.964202880859375,1,0.8090913560655382,0.4725714176893234,1,3.137603759765625
7109.439,13,1,1,stimulusMovement,0,nan,nan,0,nan,1,0.7791131337483723,0.4721403457224369,1,3.308746337890625
7126.107,13,1,1,stimulusMovement,1,0.6839010450575086,0.4703841805458069,1,3.5159454345703125,1,0.8163106706407335,0.4751560911536217,1,3.1498260498046875
7142.772,13,1,1,stimulusMovement,1,0.667536735534668,0.4935737936757505,1,3.552886962890625,1,0.8022708892822266,0.4747257027775049,1,3.2073211669921875
7159.439,13,1,1,stimulusMovement,1,0.7119712829589844,0.4721003398299217,1,3.7415008544921875,1,0.7890488306681315,0.4645551033318043,1,3.2182464599609375
7176.106,13,1,1,stimulusMovement,0,nan,nan,0,nan,1,0.8056992424858941,0.4711582362651825,1,3.2034454345703125
7192.772,13,1,1,stimulusMovement,1,0.735399670071072,0.46640102192759514,1,3.911895751953125,1,0.7325533760918511,0.3691050857305527,1,3.3863372802734375
7209.439,13,1,1,stimulusMovement,1,0.6994544135199653,0.45870616659522057,1,3.7378387451171875,1,0.8002673255072699,0.45761267468333244,1,3.2688446044921875
7226.106,13,1,1,stimulusMovement,1,0.6752181582980685,0.45642732828855515,1,3.4836578369140625,1,0.7822048399183484,0.45681120455265045,1,3.2630157470703125
7242.772,13,1,1,stimulusMovement,1,0.7183871799045138,0.4777154494076967,1,3.79437255859375,1,0.7778348922729492,0.4553154967725277,1,3.29608154296875
7259.439,13,1,1,stimulusMovement,0,nan,nan,0,nan,1,0.7959524790445963,0.46026500687003136,1,3.2232513427734375
7276.106,13,1,1,stimulusMovement,0,nan,nan,0,nan,1,0.7790576087103949,0.4655306860804558,1,3.2426300048828125
7292.771,13,1,1,stimulusMovement,1,0.7271215650770398,0.4761312063783407,1,3.7038116455078125,1,0.7934691111246744,0.4645855724811554,1,3.272491455078125
7309.439,13,1,1,stimulusMovement,1,0.6787804497612847,0.43979286402463913,1,3.7870635986328125,1,0.8098511166042751,0.47854157723486423,1,3.2206573486328125
7326.106,13,1,1,stimulusMovement,1,0.6953370836046007,0.4546816200017929,1,3.8920745849609375,1,0.795072661505805,0.4664672687649727,1,3.27667236328125
7342.772,13,1,1,stimulusMovement,1,0.6697881486680772,0.45414384081959724,1,3.6992950439453125,1,0.7907227410210503,0.4626564458012581,1,3.40472412109375
7359.438,13,1,1,stimulusMovement,0,nan,nan,0,nan,1,0.7817359500461154,0.4797797705978155,1,3.3300018310546875
7376.105,13,1,1,stimulusMovement,1,0.713446299235026,0.4701607823371887,1,3.76885986328125,1,0.7753988901774088,0.4733775556087494,1,3.3390960693359375
7392.771,13,1,1,stimulusMovement,1,0.7003635830349392,0.45600639283657074,1,3.781219482421875,1,0.7610065672132703,0.47993602976202965,1,3.3899383544921875
7409.439,13,1,1,stimulusMovement,1,0.7021687825520833,0.45925454795360565,1,3.947540283203125,1,0.7722154193454318,0.4718412384390831,1,3.43084716796875
7426.105,13,1,1,stimulusMovement,1,0.719247923956977,0.4666743054986,1,3.869140625,1,0.7830980088975694,0.44853702187538147,1,3.47454833984375
7442.771,13,1,1,fixation,0,nan,nan,0,nan,1,0.789308124118381,0.48901222459971905,1,3.375030517578125
7459.438,13,1,1,fixation,0,nan,nan,0,nan,1,0.8033666610717773,0.48079884238541126,1,3.0729217529296875
7476.105,13,1,1,fixation,0,nan,nan,0,nan,0,nan,nan,0,nan
7492.773,13,1,1,fixation,1,0.7251334720187717,0.4628763869404793,1,3.911407470703125,1,0.7721222771538628,0.48948445823043585,1,3.46881103515625
7509.438,13,1,1,fixation,1,0.6983793046739366,0.4339481070637703,1,3.31982421875,1,0.801163567437066,0.48325661942362785,1,3.1044158935546875
7526.105,13,1,1,fixation,0,nan,nan,0,nan,0,nan,nan,0,nan
7542.772,13,1,1,fixation,1,0.6900282965766059,0.4556325823068619,1,3.9743804931640625,1,0.7855133480495876,0.47166637517511845,1,3.4570465087890625
7559.438,13,1,1,fixation,1,0.6983124415079752,0.44658593088388443,1,3.3639373779296875,1,0.8036946190728081,0.48374634236097336,1,3.142059326171875
7576.104,13,1,1,fixation,0,nan,nan,0,nan,0,nan,nan,0,nan
7592.772,13,1,1,fixation,1,0.7220327589246961,0.46277841180562973,1,3.9740447998046875,1,0.7701071633232964,0.5057583339512348,1,3.56982421875
7609.438,13,1,1,fixation,1,0.6946788363986545,0.4244982451200485,1,3.392608642578125,1,0.8039518992106119,0.4822895899415016,1,3.1786041259765625
7626.104,13,1,1,fixation,0,nan,nan,0,nan,0,nan,nan,0,nan
7642.771,13,1,1,fixation,0,nan,nan,0,nan,1,0.799558851453993,0.4856135342270136,1,3.548309326171875
7659.437,13,1,1,fixation,1,0.7005176544189453,0.42637357115745544,1,3.43988037109375,1,0.802912606133355,0.47614844515919685,1,3.2145233154296875
7676.105,13,1,1,fixation,0,nan,nan,0,nan,0,nan,nan,0,nan
7692.772,13,1,1,fixation,1,0.721782472398546,0.4394223056733608,1,4.1749267578125,1,0.7731787363688151,0.4868749547749758,1,3.5903778076171875
7709.437,13,1,1,fixation,1,0.69584412044949,0.4065784811973572,1,3.4781646728515625,1,0.8046346240573459,0.4695557579398155,1,3.2594451904296875
7726.104,13,1,1,fixation,0,nan,nan,0,nan,0,nan,nan,0,nan
7742.771,13,1,1,fixation,1,0.6935657925075954,0.4326590672135353,1,4.0283050537109375,1,0.7696235444810655,0.46043505147099495,1,3.623626708984375
7759.437,13,1,1,fixation,1,0.69759644402398,0.40857797861099243,1,3.5209197998046875,1,0.8033358256022135,0.4644314870238304,1,3.2990875244140625
7776.104,13,1,1,fixation,0,nan,nan,0,nan,0,nan,nan,0,nan
7792.771,13,1,1,fixation,1,0.6792342927720811,0.45704584941267967,1,4.0761260986328125,1,0.7763582865397135,0.4632118344306946,1,3.695709228515625
7809.437,13,1,1,fixation,1,0.6889573203192817,0.3847821056842804,1,3.5738067626953125,1,0.8001899719238281,0.4623771496117115,1,3.343170166015625
7826.103,13,1,1,fixation,0,nan,nan,0,nan,0,nan,nan,0,nan
7842.77,13,1,1,fixation,1,0.7210602230495876,0.4737399984151125,1,4.165740966796875,1,0.7780433230929904,0.4742278531193733,1,3.7926177978515625
7859.437,13,1,1,fixation,1,0.694735844930013,0.3853246793150902,1,3.607269287109375,1,0.8005269368489583,0.4600444659590721,1,3.3778839111328125
7876.103,13,1,1,fixation,0,nan,nan,0,nan,0,nan,nan,0,nan
7892.77,13,1,1,fixation,0,nan,nan,0,nan,1,0.7847947014702691,0.4895097939297557,1,3.7673492431640625
7909.436,13,1,1,fixation,1,0.6917055977715386,0.377049021422863,1,3.646636962890625,1,0.7980409198337131,0.460409477353096,1,3.412322998046875
7926.103,13,1,1,fixation,0,nan,nan,0,nan,0,nan,nan,0,nan
7942.77,13,1,1,fixation,1,0.7199218538072374,0.45438262075185776,1,4.2992706298828125,1,0.7807092666625977,0.45948728546500206,1,3.7752532958984375
7959.436,13,1,1,fixation,1,0.6855750613742404,0.3791884109377861,1,3.6759033203125,1,0.801796171400282,0.4531978890299797,1,3.430816650390625
7976.103,13,1,1,fixation,0,nan,nan,0,nan,0,nan,nan,0,nan
7992.77,13,1,1,fixation,1,0.704442024230957,0.46745454892516136,1,4.263397216796875,1,0.7978801727294922,0.4823650121688843,1,3.8832244873046875
8009.435,13,1,1,fixation,1,0.6897546980116102,0.38588854670524597,1,3.6987762451171875,1,0.7985069486829969,0.46160202473402023,1,3.438262939453125
8026.102,13,1,1,fixation,0,nan,nan,0,nan,0,nan,nan,0,nan
8042.77,13,1,1,fixation,1,0.6844461229112413,0.4614509493112564,1,4.2464141845703125,1,0.7468361324734157,0.44589827582240105,1,3.9414520263671875
8059.435,13,1,1,fixation,1,0.6831687291463215,0.3844683766365051,1,3.715545654296875,1,0.8007837931315104,0.454493910074234,1,3.4380340576171875
8076.102,13,1,1,fixation,0,nan,nan,0,nan,0,nan,nan,0,nan
8092.769,13,1,1,fixation,1,0.6928624047173394,0.4510547146201134,1,4.2735443115234375,1,0.7720471488104926,0.4669710174202919,1,3.795318603515625
8109.435,13,1,1,fixation,1,0.6832726796468098,0.3897702768445015,1,3.716094970703125,1,0.8025345272488064,0.4483012221753597,1,3.4267425537109375
8126.101,13,1,1,fixation,0,nan,nan,0,nan,0,nan,nan,0,nan
8142.769,13,1,1,fixation,1,0.6964270273844401,0.4427536055445671,1,4.2838287353515625,1,0.769548734029134,0.48813898023217916,1,3.8127899169921875
8159.435,13,1,1,fixation,1,0.6865088144938151,0.3727416396141052,1,3.6953125,1,0.8000437418619791,0.45203764736652374,1,3.4084625244140625
8176.102,13,1,1,fixation,0,nan,nan,0,nan,0,nan,nan,0,nan
8192.768,13,1,1,fixation,1,0.7041971418592664,0.44282446801662445,1,4.306365966796875,1,0.7817786534627278,0.4543844945728779,1,3.7951507568359375
8209.434,13,1,1,fixation,1,0.6831333372328016,0.3871864974498749,1,3.670654296875,1,0.8065003289116753,0.4475395828485489,1,3.3852386474609375
8226.101,13,1,1,fixation,0,nan,nan,0,nan,0,nan,nan,0,nan
8242.768,13,1,1,fixation,0,nan,nan,0,nan,1,0.7894235187106662,0.47426823154091835,1,3.728759765625
8259.434,13,1,1,fixation,1,0.6820785734388563,0.37971267104148865,1,3.6454010009765625,1,0.8012981414794922,0.4545588046312332,1,3.354034423828125
8276.101,13,1,1,fixation,0,nan,nan,0,nan,0,nan,nan,0,nan
8292.767,13,1,1,fixation,0,nan,nan,0,nan,1,0.7701825035942925,0.5131404818966985,1,3.5995635986328125
8309.433,13,1,1,fixation,1,0.6867790222167969,0.41830456256866455,1,3.625457763671875,1,0.807104746500651,0.4741286560893059,1,3.3343505859375
8326.101,13,1,1,fixation,0,nan,nan,0,nan,0,nan,nan,0,nan
8342.767,13,1,1,fixation,1,0.7231453789605035,0.448883056640625,1,4.24749755859375,1,0.8308484819200304,0.49086957331746817,1,3.76104736328125
8359.433,13,1,1,fixation,1,0.6894160376654731,0.4013669639825821,1,3.620086669921875,1,0.8067145877414279,0.46688447520136833,1,3.3405303955078125
8376.1,13,1,1,fixation,0,nan,nan,0,nan,0,nan,nan,0,nan
8392.767,13,1,1,fixation,1,0.7137603759765625,0.4557604491710663,1,4.2263946533203125,1,0.803484386867947,0.46922141313552856,1,3.622711181640625
8409.433,13,1,1,fixation,1,0.6937036514282227,0.3895260989665985,1,3.6083984375,1,0.8098265329996744,0.4730049557983875,1,3.3346710205078125
8426.1,13,1,1,fixation,0,nan,nan,0,nan,0,nan,nan,0,nan
8442.767,13,1,1,fixation,1,0.7021892335679796,0.4497498869895935,1,4.2153167724609375,1,0.7398722966512044,0.4465477392077446,1,3.907073974609375
8459.432,13,1,1,fixation,1,0.687429322136773,0.4193544387817383,1,3.6145477294921875,1,0.8104479047987195,0.4724343530833721,1,3.34051513671875
8476.099,13,1,1,fixation,0,nan,nan,0,nan,0,nan,nan,0,nan
8492.766,13,1,1,fixation,1,0.7036156124538845,0.456624835729599,1,4.186126708984375,1,0.7925643920898438,0.4840868841856718,1,3.6984405517578125
8509.432,13,1,1,fixation,1,0.6843609280056423,0.4024546146392822,1,3.5962371826171875,1,0.8160134421454535,0.4778321459889412,1,3.344696044921875
8526.099,13,1,1,fixation,0,nan,nan,0,nan,0,nan,nan,0,nan
8542.766,13,1,1,fixation,1,0.7064962387084961,0.45367272198200226,1,4.1912841796875,1,0.7996281517876519,0.48282473161816597,1,3.664520263671875
8559.431,13,1,1,fixation,1,0.6925657060411241,0.41657649725675583,1,3.597808837890625,1,0.8132894304063585,0.47811345010995865,1,3.3549346923828125
8576.098,13,1,1,fixation,0,nan,nan,0,nan,0,nan,nan,0,nan
8592.765,13,1,1,fixation,1,0.685117933485243,0.46710245311260223,1,4.114837646484375,1,0.7925018734402126,0.48016414418816566,1,3.72503662109375
8609.431,13,1,1,fixation,1,0.6886539459228516,0.4013705775141716,1,3.5948333740234375,1,0.8154309590657551,0.47859879583120346,1,3.37139892578125
8626.098,13,1,1,fixation,0,nan,nan,0,nan,0,nan,nan,0,nan
8642.765,13,1,1,fixation,1,0.6947373284233941,0.47433707118034363,1,4.1248016357421875,1,0.7909439934624566,0.4736120067536831,1,3.73974609375
8659.431,13,1,1,stimulusMovement,1,0.6930537753634982,0.4141529053449631,1,3.6171112060546875,1,0.8149739371405706,0.4759055320173502,1,3.3917694091796875
8676.097,13,1,1,stimulusMovement,0,nan,nan,0,nan,0,nan,nan,0,nan
8692.765,13,1,1,stimulusMovement,1,0.6916460461086696,0.46941283717751503,1,4.1807861328125,1,0.7925819820827907,0.4764847829937935,1,3.8159332275390625
8709.43,13,1,1,stimulusMovement,1,0.7093035380045573,0.4648466221988201,1,4.228912353515625,1,0.7840010325113932,0.48873993661254644,1,3.83013916015625
8726.097,13,1,1,stimulusMovement,1,0.715126249525282,0.47976173646748066,1,4.2119140625,1,0.782981448703342,0.4812182243913412,1,3.82440185546875
8742.763,13,1,1,stimulusMovement,1,0.7025953928629557,0.4623495265841484,1,4.322357177734375,1,0.7908422682020398,0.4990588641958311,1,3.901824951171875
8759.43,13,1,1,stimulusMovement,1,0.7261090808444552,0.3104308396577835,1,4.8226165771484375,1,0.7927032046847873,0.507804109249264,1,3.90008544921875
8776.096,13,1,1,stimulusMovement,1,0.724533928765191,0.4704429395496845,1,4.33740234375,1,0.797880384657118,0.48115574941039085,1,3.9831085205078125
8792.763,13,1,1,stimulusMovement,0,nan,nan,0,nan,1,0.691105842590332,0.4093586206436157,1,4.324737548828125
8809.429,13,1,1,stimulusMovement,1,0.7115765677558051,0.45269500091671944,1,4.377197265625,1,0.6947835286458333,0.4435412473976612,1,4.243499755859375
8826.096,13,1,1,stimulusMovement,1,0.721082051595052,0.4654279761016369,1,4.3795318603515625,1,0.7806822458902994,0.5062575908377767,1,3.937530517578125
8842.762,13,1,1,stimulusMovement,1,0.7060750325520833,0.45370130613446236,1,4.3973388671875,1,0.7812381320529513,0.5155438482761383,1,3.9530792236328125
8859.429,13,1,1,stimulusMovement,0,nan,nan,0,nan,1,0.7836541069878472,0.5002153953537345,1,4.0370025634765625
8876.096,13,1,1,stimulusMovement,1,0.6961796018812391,0.4515170119702816,1,4.3961181640625,1,0.7740166982014973,0.48285126499831676,1,4.090240478515625
8892.762,13,1,1,stimulusMovement,1,0.6990053388807508,0.4604191519320011,1,4.472564697265625,0,nan,nan,0,nan
8909.429,13,1,1,stimulusMovement,0,nan,nan,0,nan,1,0.7744708591037326,0.5056559359654784,1,4.0481414794921875
8926.095,13,1,1,stimulusMovement,1,0.700603273179796,0.4587850496172905,1,4.4373016357421875,1,0.784075207180447,0.4650307670235634,1,4.0780487060546875
8942.761,13,1,1,stimulusMovement,0,nan,nan,0,nan,1,0.7859234280056423,0.4705936126410961,1,4.05010986328125
8959.428,13,1,1,stimulusMovement,1,0.6965550316704644,0.4524686112999916,1,4.4755706787109375,1,0.7840415106879339,0.5009081484749913,1,4.154693603515625
8976.095,13,1,1,stimulusMovement,0,nan,nan,0,nan,1,0.7425007290310329,0.4611399918794632,1,4.233306884765625
8992.761,13,1,1,stimulusMovement,0,nan,nan,0,nan,1,0.7712824079725477,0.4634026773273945,1,4.220184326171875
9009.427,13,1,1,stimulusMovement,1,0.7165393829345703,0.4617266356945038,1,4.515167236328125,1,0.7605463663736979,0.46683838590979576,1,4.2457275390625
9026.094,13,1,1,stimulusMovement,0,nan,nan,0,nan,1,0.7806305355495876,0.48414526134729385,1,4.1424102783203125
9042.761,13,1,1,stimulusMovement,1,0.7292444441053602,0.4481474980711937,1,4.561065673828125,1,0.7874455981784396,0.4692339710891247,1,4.2224578857421875
9059.427,13,1,1,stimulusMovement,0,nan,nan,0,nan,1,0.7911752065022786,0.49466735403984785,1,4.218658447265625
9076.094,13,1,1,stimulusMovement,1,0.6850596533881294,0.4451160281896591,1,4.564483642578125,1,0.7637002733018663,0.4828248471021652,1,4.282012939453125
9092.76,13,1,1,stimulusMovement,1,0.7073688507080078,0.4489780142903328,1,4.5960845947265625,1,0.7795075310601128,0.4575655460357666,1,4.287933349609375
9109.427,13,1,1,stimulusMovement,1,0.7228546142578125,0.44989053159952164,1,4.6312255859375,1,0.7625522613525391,0.49357869289815426,1,4.3315582275390625
9126.093,13,1,1,stimulusMovement,1,0.6850773493448893,0.4389975666999817,1,4.5714263916015625,1,0.7001323699951172,0.40100959688425064,1,4.650299072265625
9142.759,13,1,1,stimulusMovement,0,nan,nan,0,nan,1,0.697242948744032,0.4256378412246704,1,4.6188201904296875
9159.426,13,1,1,stimulusMovement,0,nan,nan,0,nan,1,0.7726923624674479,0.48470235615968704,1,4.32550048828125
9176.093,13,1,1,stimulusMovement,1,0.7119691636827257,0.43621617555618286,1,4.64520263671875,1,0.7335697809855143,0.4230114668607712,1,4.498199462890625
9192.759,13,1,1,stimulusMovement,1,0.715643564860026,0.4409989193081856,1,4.6956939697265625,1,0.7027479807535807,0.3636285364627838,1,4.6687774658203125
9209.425,13,1,1,stimulusMovement,1,0.7115050421820747,0.4425043314695358,1,4.671661376953125,0,nan,nan,0,nan
9226.092,13,1,1,stimulusMovement,1,0.7204016579522027,0.42579182982444763,1,4.7207183837890625,1,0.774706310696072,0.46351030096411705,1,4.4182891845703125
9242.758,13,1,1,stimulusMovement,1,0.6980597178141276,0.4518102556467056,1,4.6234283447265625,0,nan,nan,0,nan
9259.425,13,1,1,stimulusMovement,1,0.7151428858439127,0.44302792847156525,1,4.628662109375,1,0.6890112559000651,0.31931574642658234,1,4.699554443359375
9276.091,13,1,1,stimulusMovement,1,0.7094696892632378,0.415977343916893,1,4.7347564697265625,1,0.7051236894395616,0.4102584272623062,1,4.519012451171875
9292.757,13,1,1,stimulusMovement,1,0.6993707021077473,0.43155810981988907,1,4.666961669921875,0,nan,nan,0,nan
9309.424,13,1,1,stimulusMovement,1,0.6834655337863498,0.338198259472847,1,4.958709716796875,0,nan,nan,0,nan
9326.091,13,1,1,stimulusMovement,1,0.6987605624728732,0.4376342184841633,1,4.5828094482421875,1,0.7660577562120225,0.5131965596228838,1,4.0616607666015625
9342.757,13,1,1,stimulusMovement,1,0.7149783240424262,0.4391602985560894,1,4.6306304931640625,1,0.7898694144354925,0.48063991963863373,1,4.2369384765625
9359.424,13,1,1,stimulusMovement,1,0.6985380384657117,0.42454297095537186,1,4.638519287109375,1,0.801028569539388,0.47196562215685844,1,4.14599609375
9376.091,13,1,1,stimulusMovement,1,0.7154683007134331,0.4289861246943474,1,4.6181640625,1,0.7843168046739366,0.4689154624938965,1,4.169586181640625
9392.756,13,1,1,stimulusMovement,0,nan,nan,0,nan,1,0.8194408416748047,0.4413932114839554,1,4.0839080810546875
9409.423,13,1,1,stimulusMovement,1,0.7081358167860242,0.4362591654062271,1,4.5152435302734375,1,0.7844699223836262,0.4411083422601223,1,4.19915771484375
9426.09,13,1,1,stimulusMovement,1,0.6994368235270182,0.4338688477873802,1,4.538177490234375,1,0.7859227922227647,0.4553733430802822,1,4.1450347900390625
9442.756,13,1,1,stimulusMovement,1,0.7030396991305881,0.42875757813453674,1,4.49151611328125,1,0.8092026180691189,0.4503672942519188,1,4.0039520263671875
9459.422,13,1,1,stimulusMovement,0,nan,nan,0,nan,1,0.6596174240112305,0.3977850526571274,1,4.4158172607421875
9476.089,13,1,1,stimulusMovement,1,0.6807627148098415,0.4573752097785473,1,4.3604736328125,1,0.7922905815972222,0.4836690742522478,1,4.0740814208984375
9492.755,13,1,1,stimulusMovement,1,0.6911301083034939,0.46204686909914017,1,4.355010986328125,1,0.7643349965413411,0.43401680886745453,1,4.0633544921875
9509.422,13,1,1,stimulusMovement,0,nan,nan,0,nan,0,nan,nan,0,nan
9526.088,13,1,1,stimulusMovement,1,0.7221034367879231,0.44655178487300873,1,4.4089508056640625,1,0.7687973446316189,0.4471774622797966,1,3.95880126953125
9542.754,13,1,1,stimulusMovement,1,0.6988586849636501,0.46884823963046074,1,4.3627777099609375,1,0.7511346605088975,0.48978223092854023,1,3.7677459716796875
9559.422,13,1,1,stimulusMovement,0,nan,nan,0,nan,1,0.8001331753200954,0.4697622247040272,1,3.81494140625
9576.088,13,1,1,stimulusMovement,1,0.6844597922431098,0.4629974663257599,1,4.19580078125,1,0.8026559617784288,0.4620571658015251,1,3.9136962890625
9592.754,13,1,1,stimulusMovement,0,nan,nan,0,nan,1,0.7980886035495334,0.46205146983265877,1,3.834014892578125
9609.421,13,1,1,stimulusMovement,0,nan,nan,0,nan,0,nan,nan,0,nan
9626.088,13,1,1,stimulusMovement,0,nan,nan,0,nan,1,0.8076527913411458,0.43454860150814056,1,3.77197265625
9642.753,13,1,1,stimulusMovement,0,nan,nan,0,nan,1,0.8006710476345485,0.46498624607920647,1,3.7998504638671875
9659.42,13,1,1,stimulusMovement,0,nan,nan,0,nan,1,0.816889762878418,0.4427776336669922,1,3.759246826171875
9676.087,13,1,1,stimulusMovement,1,0.7108584509955512,0.48230379819869995,1,4.1104888916015625,1,0.7681416405571831,0.4647957384586334,1,3.73284912109375
9692.752,13,1,1,stimulusMovement,0,nan,nan,0,nan,1,0.7782459259033203,0.4745379239320755,1,3.6861114501953125
9709.419,13,1,1,stimulusMovement,0,nan,nan,0,nan,1,0.7783317565917969,0.43584683537483215,1,3.694671630859375
9726.086,13,1,1,stimulusMovement,0,nan,nan,0,nan,1,0.8077277077568902,0.475155608728528,1,3.6316680908203125
9742.752,13,1,1,stimulusMovement,0,nan,nan,0,nan,1,0.7914992438422308,0.48426193185150623,1,3.7290191650390625
9759.418,13,1,1,stimulusMovement,1,0.7009048461914062,0.47615034505724907,1,4.0561676025390625,1,0.8056058883666992,0.44835492968559265,1,3.655731201171875
9776.085,13,1,1,stimulusMovement,1,0.6809168921576606,0.469584122300148,1,3.9854888916015625,1,0.7625641292995876,0.4416460767388344,1,3.7567901611328125
9792.752,13,1,1,stimulusMovement,0,nan,nan,0,nan,1,0.7930340237087673,0.46635907143354416,1,3.5958709716796875
9809.418,13,1,1,stimulusMovement,0,nan,nan,0,nan,1,0.7827063666449652,0.4689803570508957,1,3.60528564453125
9826.085,13,1,1,stimulusMovement,1,0.6668227513631184,0.42226922512054443,1,4.0771484375,1,0.7879564497205945,0.46303262561559677,1,3.676483154296875
9842.751,13,1,1,stimulusMovement,0,nan,nan,0,nan,1,0.7904234992133246,0.45591310784220695,1,3.597381591796875
9859.417,13,1,1,stimulusMovement,1,0.672149658203125,0.4822805169969797,1,3.910888671875,1,0.7487344741821289,0.4105564057826996,1,3.7879638671875
9876.084,13,1,1,stimulusMovement,0,nan,nan,0,nan,1,0.7603528764512804,0.4393579810857773,1,3.7472381591796875
9892.75,13,1,1,stimulusMovement,0,nan,nan,0,nan,1,0.7679192225138346,0.45150771364569664,1,3.6526947021484375
9909.417,13,1,1,stimulusMovement,1,0.7229604721069336,0.4513663426041603,1,4.200408935546875,1,0.7811577055189344,0.4585535116493702,1,3.70263671875
9926.083,13,1,1,stimulusMovement,1,0.705328623453776,0.47028664126992226,1,3.9625701904296875,1,0.787618425157335,0.45830342173576355,1,3.6484527587890625
9942.749,13,1,1,stimulusMovement,0,nan,nan,0,nan,1,0.7585727903578016,0.45949334651231766,1,3.7706146240234375
9959.416,13,1,1,stimulusMovement,0,nan,nan,0,nan,1,0.7859441969129773,0.4586317539215088,1,3.7073211669921875
9976.082,13,1,1,stimulusMovement,0,nan,nan,0,nan,1,0.7841140958997938,0.4529702626168728,1,3.6746673583984375
9992.748,13,1,1,stimulusMovement,0,nan,nan,0,nan,1,0.7869190639919704,0.45063313096761703,1,3.7602996826171875
10009.415,13,1,1,stimulusMovement,1,0.7037817637125651,0.4375961720943451,1,4.14581298828125,1,0.7538572947184244,0.42367637157440186,1,3.915771484375
10026.082,13,1,1,stimulusMovement,0,nan,nan,0,nan,1,0.771140628390842,0.5031673090998083,1,3.81976318359375
10042.748,13,1,1,stimulusMovement,0,nan,nan,0,nan,1,0.7601083119710286,0.5163637287914753,1,3.837158203125
10059.415,13,1,1,stimulusMovement,1,0.6937878926595051,0.451428584754467,1,4.2174072265625,1,0.7815851635403103,0.4690101481974125,1,3.8250274658203125
10076.082,13,1,1,stimulusMovement,0,nan,nan,0,nan,1,0.799091445075141,0.46651167795062065,1,3.82373046875
10092.748,13,1,1,stimulusMovement,1,0.7103635999891492,0.45504869893193245,1,4.2232208251953125,1,0.7815008163452148,0.47607964649796486,1,3.896942138671875
10109.414,13,1,1,stimulusMovement,1,0.7050999535454644,0.45298905670642853,1,4.2778778076171875,1,0.851270039876302,0.48626063391566277,1,4.0803070068359375
10126.081,13,1,1,stimulusMovement,0,nan,nan,0,nan,1,0.7873803244696722,0.469991747289896,1,3.820953369140625
10142.746,13,1,1,stimulusMovement,0,nan,nan,0,nan,0,nan,nan,0,nan
10159.413,13,1,1,stimulusMovement,1,0.6973071628146701,0.45578335225582123,1,4.2769012451171875,1,0.8113030327690972,0.5289237517863512,1,3.9600372314453125
10176.08,13,1,1,stimulusMovement,1,0.7044283548990885,0.4490804821252823,1,4.212127685546875,1,0.7739902072482638,0.45569512993097305,1,4.07049560546875
10192.745,13,1,1,stimulusMovement,0,nan,nan,0,nan,1,0.7823633617824978,0.4655037075281143,1,3.898651123046875
10209.412,13,1,1,stimulusMovement,1,0.7140980826483833,0.4510364979505539,1,4.2923126220703125,1,0.770327885945638,0.4611378461122513,1,3.8714599609375
10226.079,13,1,1,stimulusMovement,1,0.6778763665093316,0.43924445658922195,1,4.254425048828125,0,nan,nan,0,nan
10242.745,13,1,1,stimulusMovement,1,0.6948457294040256,0.44721267372369766,1,4.25286865234375,1,0.7690089543660481,0.49429749324917793,1,3.9744873046875
10259.412,13,1,1,stimulusMovement,1,0.6689546373155382,0.43965740501880646,1,4.2406158447265625,1,0.757026884290907,0.49237339990213513,1,3.9855804443359375
10276.079,13,1,1,stimulusMovement,1,0.7126083374023438,0.4646008536219597,1,4.2535552978515625,1,0.7679955164591471,0.5052247932180762,1,3.9345245361328125
10292.744,13,1,1,stimulusMovement,1,0.6821269989013672,0.4237029254436493,1,4.27362060546875,1,0.7590130700005425,0.49708595708943903,1,3.91156005859375
10309.411,13,1,1,stimulusMovement,1,0.6904062694973415,0.4531870558857918,1,4.2493743896484375,1,0.7686055501302083,0.4840187169611454,1,3.925506591796875
10326.078,13,1,1,stimulusMovement,1,0.6815032958984375,0.42729003727436066,1,4.275665283203125,1,0.7702407836914062,0.4799851533025503,1,3.906036376953125
10342.745,13,1,1,stimulusMovement,1,0.706520292494032,0.4208088293671608,1,4.2691650390625,1,0.7673225402832031,0.4988201134838164,1,3.9730224609375
10359.411,13,1,1,stimulusMovement,1,0.6918131510416666,0.4246143400669098,1,4.3013153076171875,1,0.7817529042561848,0.4981864581350237,1,3.976165771484375
10376.078,13,1,1,stimulusMovement,1,0.681113772922092,0.4294445663690567,1,4.2699127197265625,1,0.7505143483479817,0.4999556770781055,1,4.0066680908203125
10392.744,13,1,1,stimulusMovement,1,0.6511870490180122,0.36016368865966797,1,4.508544921875,1,0.7606469260321723,0.46650394424796104,1,4.06829833984375
10409.411,13,1,1,stimulusMovement,1,0.6871198018391926,0.41584865748882294,1,4.2947540283203125,1,0.7267587449815538,0.47348091937601566,1,4.089935302734375
10426.078,13,1,1,stimulusMovement,1,0.6838340759277344,0.41068048775196075,1,4.2701263427734375,1,0.7966204749213324,0.4547550119459629,1,3.8817596435546875
10442.744,13,1,1,stimulusMovement,1,0.6566397349039713,0.40804825723171234,1,4.268707275390625,1,0.7278839747111002,0.4369950369000435,1,4.031982421875
10459.411,13,1,1,stimulusMovement,1,0.6644166310628254,0.4113345146179199,1,4.3296966552734375,1,0.7613506317138672,0.4725431613624096,1,3.962127685546875
10476.078,13,1,1,stimulusMovement,1,0.6537155575222439,0.4063670039176941,1,4.3106689453125,1,0.749142116970486,0.4692821204662323,1,3.9102935791015625
10492.745,13,1,1,stimulusMovement,1,0.5038678910997179,0.4029819667339325,1,4.1918182373046875,1,0.6605324215359157,0.4410052075982094,1,4.0222625732421875
10509.412,13,1,1,stimulusMovement,0,nan,nan,0,nan,1,0.5702346165974934,0.397738516330719,1,3.868133544921875
10526.079,13,1,1,stimulusMovement,0,nan,nan,0,nan,0,nan,nan,0,nan
10542.745,13,1,1,stimulusMovement,0,nan,nan,0,nan,1,0.551597171359592,0.3474445044994354,1,3.8541259765625
10559.412,13,1,1,stimulusMovement,0,nan,nan,0,nan,1,0.5162005954318576,0.35756196081638336,1,3.89208984375
10576.079,13,1,1,stimulusMovement,1,0.512889544169108,0.2913095951080322,1,4.403656005859375,1,0.5027573903401692,0.29952017962932587,1,4.0565338134765625
10592.745,13,1,1,stimulusMovement,1,0.46483908759223086,0.3142033517360687,1,4.2761077880859375,1,0.5379053751627604,0.33947525918483734,1,4.005950927734375
10609.412,13,1,1,stimulusMovement,0,nan,nan,0,nan,1,0.5600169499715169,0.2966633290052414,1,3.9635467529296875
10626.079,13,1,1,stimulusMovement,1,0.44648785061306423,0.3048820197582245,1,4.28997802734375,0,nan,nan,0,nan
10642.745,13,1,1,stimulusMovement,0,nan,nan,0,nan,1,0.49139838748508025,0.31085750460624695,1,3.8269805908203125
10659.412,13,1,1,stimulusMovement,1,0.4294761021931966,0.3181842565536499,1,4.2257537841796875,1,0.4895369211832682,0.3172801285982132,1,3.814300537109375
10676.079,13,1,1,stimulusMovement,0,nan,nan,0,nan,1,0.45493973626030815,0.3160575330257416,1,3.82586669921875
10692.745,13,1,1,stimulusMovement,1,0.430739508734809,0.27324414253234863,1,4.3071136474609375,1,0.43027867211235893,0.21986648440361023,1,4.225372314453125
10709.412,13,1,1,stimulusMovement,1,0.40961053636338973,0.24916332960128784,1,4.3623809814453125,0,nan,nan,0,nan
10726.079,13,1,1,stimulusMovement,0,nan,nan,0,nan,1,0.4052906036376953,0.28374774754047394,1,3.777587890625
10742.746,13,1,1,stimulusMovement,1,0.37972429063585067,0.25520187616348267,1,4.24237060546875,1,0.3372510274251302,0.16510963439941406,1,4.24554443359375
10759.413,13,1,1,stimulusMovement,1,0.337827894422743,0.2979000210762024,1,4.06707763671875,1,0.3963892194959852,0.260194331407547,1,3.838348388671875
10776.08,13,1,1,stimulusMovement,1,0.3072212007310655,0.15238091349601746,1,4.3728485107421875,1,0.3450254864162869,0.22375577688217163,1,3.7253265380859375
10792.746,13,1,1,stimulusMovement,0,nan,nan,0,nan,0,nan,nan,0,nan
10809.413,13,1,1,stimulusMovement,0,nan,nan,0,nan,0,nan,nan,0,nan
10826.08,13,1,1,stimulusMovement,1,0.25496313307020396,0.1328456997871399,1,4.247039794921875,1,0.31296200222439235,0.12952566146850586,1,3.7483673095703125
10842.746,13,1,1,stimulusMovement,0,nan,nan,0,nan,1,0.3012527889675564,0.12272173166275024,1,3.810516357421875
10859.413,13,1,1,stimulusMovement,1,0.2458857430352105,0.11779999732971191,1,4.29046630859375,0,nan,nan,0,nan
10876.08,13,1,1,stimulusMovement,1,0.2648082309299045,0.07215845584869385,1,4.394989013671875,1,0.26061587863498265,0.12591701745986938,1,3.8765106201171875
10892.747,13,1,1,stimulusMovement,1,0.24303605821397567,0.1201322078704834,1,4.2716827392578125,1,0.2508582009209527,0.12394195795059204,1,3.8019561767578125
10909.413,13,1,1,stimulusMovement,1,0.2176741494072808,0.0901162326335907,1,4.3482513427734375,0,nan,nan,0,nan
10926.08,13,1,1,stimulusMovement,1,0.22842873467339408,0.11332127451896667,1,4.2380218505859375,0,nan,nan,0,nan
10942.746,13,1,1,stimulusMovement,0,nan,nan,0,nan,0,nan,nan,0,nan
10959.413,13,1,1,stimulusMovement,1,0.2098168267144097,0.06639629602432251,1,4.402008056640625,1,0.18854872385660806,0.05975109338760376,1,3.9566497802734375
10976.081,13,1,1,stimulusMovement,1,0.1897978252834744,0.08195996284484863,1,4.2825164794921875,1,0.21612824334038627,0.08369296789169312,1,3.745208740234375
10992.747,13,1,1,stimulusMovement,0,nan,nan,0,nan,1,0.1871923870510525,0.12627598643302917,1,3.754852294921875
11009.414,13,1,1,stimulusMovement,1,0.15934181213378906,0.04234987497329712,1,4.2535400390625,1,0.21501668294270831,0.07863998413085938,1,3.5961456298828125
11026.081,13,1,1,stimulusMovement,1,0.13830237918429905,0.08121651411056519,1,4.135986328125,1,0.21513451470269096,0.08006763458251953,1,3.6409912109375
11042.747,13,1,1,stimulusMovement,0,nan,nan,0,nan,1,0.13722313774956596,0.09014618396759033,1,3.7241058349609375
11059.414,13,1,1,stimulusMovement,1,0.15772649976942274,0.020692944526672363,1,4.257110595703125,0,nan,nan,0,nan
11076.081,13,1,1,stimulusMovement,1,0.1531490749782986,-0.04081207513809204,1,4.4160614013671875,1,0.09092076619466145,0.07079637050628662,1,3.726348876953125
11092.747,13,1,1,stimulusMovement,0,nan,nan,0,nan,1,0.11429002549913193,0.08818340301513672,1,3.559722900390625
11109.414,13,1,1,stimulusMovement,0,nan,nan,0,nan,0,nan,nan,0,nan
11126.081,13,1,1,stimulusMovement,0,nan,nan,0,nan,1,0.0841024186876085,0.05998706817626953,1,3.4745635986328125
11142.747,13,1,1,stimulusMovement,0,nan,nan,0,nan,0,nan,nan,0,nan
11159.414,13,1,1,stimulusMovement,1,0.0028138690524631073,0.04548078775405884,1,3.8892822265625,0,nan,nan,0,nan
11176.081,13,1,1,stimulusMovement,0,nan,nan,0,nan,1,0.06714545355902778,0.01874220371246338,1,3.3085479736328125
11192.747,13,1,1,stimulusMovement,1,0.015528043111165363,0.06221449375152588,1,3.65826416015625,1,0.049351162380642355,0.03536254167556763,1,3.215667724609375
11209.415,13,1,1,stimulusMovement,0,nan,nan,0,nan,1,0.050490379333496094,0.02219998836517334,1,3.1735076904296875
11226.082,13,1,1,stimulusMovement,0,nan,nan,0,nan,1,0.03454271952311198,-0.016809821128845215,1,3.318695068359375
11242.748,13,1,1,stimulusMovement,0,nan,nan,0,nan,1,0.016704665289984807,-0.03331267833709717,1,3.3361053466796875
11259.415,13,1,1,stimulusMovement,0,nan,nan,0,nan,0,nan,nan,0,nan
11276.082,13,1,1,stimulusMovement,0,nan,nan,0,nan,0,nan,nan,0,nan
11292.748,13,1,1,stimulusMovement,0,nan,nan,0,nan,0,nan,nan,0,nan
11309.415,13,1,1,stimulusMovement,0,nan,nan,0,nan,0,nan,nan,0,nan
11326.082,13,1,1,stimulusMovement,0,nan,nan,0,nan,0,nan,nan,0,nan
11342.748,13,1,1,stimulusMovement,0,nan,nan,0,nan,1,0.03481939103868272,-0.03514820337295532,1,3.1934967041015625
11359.415,13,1,1,stimulusMovement,0,nan,nan,0,nan,0,nan,nan,0,nan
11376.082,13,1,1,stimulusMovement,0,nan,nan,0,nan,0,nan,nan,0,nan
11392.748,13,1,1,stimulusMovement,0,nan,nan,0,nan,0,nan,nan,0,nan
11409.415,13,1,1,stimulusMovement,0,nan,nan,0,nan,1,0.15221712324354383,0.07933574914932251,1,3.184906005859375
11426.082,13,1,1,stimulusMovement,0,nan,nan,0,nan,0,nan,nan,0,nan
11442.749,13,1,1,stimulusMovement,0,nan,nan,0,nan,1,0.12381278143988715,0.07545328140258789,1,3.161834716796875
11459.416,13,1,1,stimulusMovement,0,nan,nan,0,nan,1,0.14952829149034289,0.07682263851165771,1,3.1182861328125
11476.083,13,1,1,stimulusMovement,0,nan,nan,0,nan,1,0.16682667202419704,0.06527841091156006,1,3.14990234375
11492.749,13,1,1,stimulusMovement,0,nan,nan,0,nan,1,0.16097693973117402,0.06727677583694458,1,3.1098480224609375
11509.416,13,1,1,stimulusMovement,0,nan,nan,0,nan,0,nan,nan,0,nan
11526.083,13,1,1,stimulusMovement,0,nan,nan,0,nan,0,nan,nan,0,nan
11542.749,13,1,1,stimulusMovement,1,0.12874635060628253,0.11540529131889343,1,3.636016845703125,1,0.1580302980211046,0.05437731742858887,1,3.0850677490234375
11559.416,13,1,1,stimulusMovement,0,nan,nan,0,nan,1,0.15719911787245008,0.036859720945358276,1,3.1397705078125
11576.083,13,1,1,stimulusMovement,0,nan,nan,0,nan,0,nan,nan,0,nan
11592.749,13,1,1,stimulusMovement,0,nan,nan,0,nan,1,0.1366125742594401,0.05725282430648804,1,3.1503753662109375
11609.416,13,1,1,stimulusMovement,1,0.13715998331705728,0.061863839626312256,1,3.6963958740234375,0,nan,nan,0,nan
11626.083,13,1,1,stimulusMovement,0,nan,nan,0,nan,0,nan,nan,0,nan
11642.749,13,1,1,stimulusMovement,0,nan,nan,0,nan,0,nan,nan,0,nan
11659.416,13,1,1,stimulusMovement,0,nan,nan,0,nan,0,nan,nan,0,nan
11676.084,13,1,1,stimulusMovement,0,nan,nan,0,nan,0,nan,nan,0,nan
11692.75,13,1,1,stimulusMovement,0,nan,nan,0,nan,1,0.05738608042399088,0.0370335578918457,1,3.0433807373046875
11709.417,13,1,1,stimulusMovement,0,nan,nan,0,nan,1,0.07577970292833115,0.04479473829269409,1,3.0740203857421875
11726.084,13,1,1,stimulusMovement,0,nan,nan,0,nan,1,0.03767628139919705,0.04724001884460449,1,3.220123291015625
11742.75,13,1,1,stimulusMovement,0,nan,nan,0,nan,0,nan,nan,0,nan
11759.417,13,1,1,stimulusMovement,0,nan,nan,0,nan,1,0.07092475891113281,0.05562824010848999,1,3.0315093994140625
11776.084,13,1,1,stimulusMovement,0,nan,nan,0,nan,0,nan,nan,0,nan
11792.75,13,1,1,stimulusMovement,0,nan,nan,0,nan,0,nan,nan,0,nan
11809.417,13,1,1,stimulusMovement,0,nan,nan,0,nan,0,nan,nan,0,nan
11826.084,13,1,1,stimulusMovement,0,nan,nan,0,nan,0,nan,nan,0,nan
11842.75,13,1,1,stimulusMovement,0,nan,nan,0,nan,0,nan,nan,0,nan
11859.417,13,1,1,stimulusMovement,0,nan,nan,0,nan,1,0.0980025397406684,0.04756695032119751,1,2.99945068359375
11876.084,13,1,1,stimulusMovement,0,nan,nan,0,nan,0,nan,nan,0,nan
11892.75,13,1,1,stimulusMovement,0,nan,nan,0,nan,0,nan,nan,0,nan
11909.418,13,1,1,stimulusMovement,0,nan,nan,0,nan,0,nan,nan,0,nan
11926.085,13,1,1,stimulusMovement,0,nan,nan,0,nan,0,nan,nan,0,nan
11942.751,13,1,1,stimulusMovement,0,nan,nan,0,nan,0,nan,nan,0,nan
11959.418,13,1,1,stimulusMovement,0,nan,nan,0,nan,1,0.07402144538031684,0.034166038036346436,1,2.9591064453125
11976.085,13,1,1,stimulusMovement,0,nan,nan,0,nan,0,nan,nan,0,nan
11992.751,13,1,1,stimulusMovement,0,nan,nan,0,nan,1,0.0867664549085829,0.050129473209381104,1,2.9239959716796875
12009.418,13,1,1,stimulusMovement,0,nan,nan,0,nan,1,0.07348929511176215,0.03203696012496948,1,2.9350433349609375
12026.085,13,1,1,stimulusMovement,0,nan,nan,0,nan,0,nan,nan,0,nan
12042.751,13,1,1,stimulusMovement,0,nan,nan,0,nan,0,nan,nan,0,nan
12059.418,13,1,1,stimulusMovement,0,nan,nan,0,nan,1,0.09639962514241536,0.05128312110900879,1,2.887664794921875
12076.085,13,1,1,stimulusMovement,0,nan,nan,0,nan,0,nan,nan,0,nan
12092.751,13,1,1,stimulusMovement,0,nan,nan,0,nan,1,0.07371245490180121,0.05877631902694702,1,2.9105377197265625
12109.418,13,1,1,stimulusMovement,1,0.008200645446777344,0.010960757732391357,1,3.4145355224609375,1,0.09654320610894097,0.030536741018295288,1,2.9752197265625
12126.085,13,1,1,stimulusMovement,1,-0.0004573398166232639,0.063139408826828,1,3.2494049072265625,1,0.06694836086697048,0.05169963836669922,1,2.8583526611328125
12142.752,13,1,1,stimulusMovement,0,nan,nan,0,nan,1,0.09015401204427083,0.02263706922531128,1,2.973968505859375
12159.419,13,1,1,stimulusMovement,0,nan,nan,0,nan,1,0.06938531663682726,0.03414812684059143,1,2.8190155029296875
12176.086,13,1,1,stimulusMovement,0,nan,nan,0,nan,0,nan,nan,0,nan
12192.752,13,1,1,stimulusMovement,1,0.04033417171902127,0.06262484192848206,1,3.2072601318359375,1,0.09188471900092231,0.07317274808883667,1,2.81500244140625
12209.419,13,1,1,stimulusMovement,0,nan,nan,0,nan,1,0.08239248063829209,0.03795653581619263,1,2.879791259765625
12226.086,13,1,1,stimulusMovement,1,-0.013408978780110676,0.06370103359222412,1,3.0223388671875,0,nan,nan,0,nan
12242.752,13,1,1,stimulusMovement,0,nan,nan,0,nan,1,0.07961294386121961,0.04060918092727661,1,2.9174652099609375
12259.419,13,1,1,stimulusMovement,0,nan,nan,0,nan,1,0.057441923353407115,-0.07852911949157715,1,3.241851806640625
12276.086,13,1,1,stimulusMovement,0,nan,nan,0,nan,0,nan,nan,0,nan
12292.752,13,1,1,stimulusMovement,0,nan,nan,0,nan,1,0.07426092359754774,0.04489165544509888,1,2.83795166015625
12309.419,13,1,1,stimulusMovement,0,nan,nan,0,nan,1,0.07250192430284287,-0.1264994740486145,1,3.3941192626953125
12326.086,13,1,1,stimulusMovement,1,0.1157289081149631,-0.04542058706283569,1,3.6710357666015625,1,0.09164566463894314,0.0462307333946228,1,2.806671142578125
12342.752,13,1,1,stimulusMovement,1,0.08628665076361762,0.012647926807403564,1,3.521881103515625,0,nan,nan,0,nan
12359.419,13,1,1,stimulusMovement,0,nan,nan,0,nan,1,0.08649158477783203,0.047181546688079834,1,2.84344482421875
12376.087,13,1,1,stimulusMovement,0,nan,nan,0,nan,1,0.0833192401462131,0.06730449199676514,1,2.7707366943359375
12392.753,13,1,1,stimulusMovement,0,nan,nan,0,nan,0,nan,nan,0,nan
12409.42,13,1,1,stimulusMovement,0,nan,nan,0,nan,1,0.09506098429361978,0.034060895442962646,1,2.8256683349609375
12426.087,13,1,1,stimulusMovement,0,nan,nan,0,nan,1,0.09247038099500868,0.02947816252708435,1,2.83660888671875
12442.753,13,1,1,stimulusMovement,1,0.028095563252766926,-0.0032601356506347656,1,3.4519195556640625,1,0.07508182525634766,0.0361362099647522,1,2.8075714111328125
12459.42,13,1,1,stimulusMovement,0,nan,nan,0,nan,0,nan,nan,0,nan
12476.087,13,1,1,stimulusMovement,0,nan,nan,0,nan,0,nan,nan,0,nan
12492.753,13,1,1,stimulusMovement,1,0.04261790381537543,-0.1711336374282837,1,3.709869384765625,1,0.09216160244411892,0.053165316581726074,1,2.7891998291015625
12509.42,13,1,1,stimulusMovement,1,0.018285963270399306,-0.08151555061340332,1,3.54718017578125,0,nan,nan,0,nan
12526.087,13,1,1,stimulusMovement,0,nan,nan,0,nan,1,0.07732370164659287,0.0476071834564209,1,2.907318115234375
12542.753,13,1,1,stimulusMovement,0,nan,nan,0,nan,0,nan,nan,0,nan
12559.42,13,1,1,stimulusMovement,1,-0.00037415822347005207,0.04747956991195679,1,3.1721954345703125,0,nan,nan,0,nan
12576.087,13,1,1,stimulusMovement,0,nan,nan,0,nan,0,nan,nan,0,nan
12592.753,13,1,1,stimulusMovement,0,nan,nan,0,nan,1,0.088370853000217,0.07838654518127441,1,2.86468505859375
12609.421,13,1,1,stimulusMovement,0,nan,nan,0,nan,0,nan,nan,0,nan
12626.088,13,1,1,stimulusMovement,0,nan,nan,0,nan,1,0.09783660040961371,0.05251619219779968,1,2.8596343994140625
12642.754,13,1,1,fixation,1,-0.030900637308756508,0.014926344156265259,1,3.23883056640625,1,0.06925053066677517,0.05227458477020264,1,2.900390625
12659.421,13,1,1,fixation,1,-0.021968629625108507,0.044912904500961304,1,2.6440277099609375,1,0.0495860841539171,0.04513251781463623,1,2.4865875244140625
12676.088,13,1,1,fixation,1,-0.05413585238986545,0.030303895473480225,1,2.6680145263671875,1,0.02093527052137587,0.04073745012283325,1,2.4945220947265625
12692.754,13,1,1,fixation,0,nan,nan,0,nan,0,nan,nan,0,nan
12709.421,13,1,1,fixation,1,-0.0005759133232964409,0.06547427177429199,1,3.12127685546875,1,0.10391436682807074,0.037610530853271484,1,2.873260498046875
12726.088,13,1,1,fixation,1,-0.015964084201388888,0.045213133096694946,1,2.6667022705078125,1,0.048326068454318576,0.03982686996459961,1,2.5157012939453125
12742.754,13,1,1,fixation,1,-0.05483754475911458,0.029622554779052734,1,2.6874542236328125,1,0.023000081380208332,0.04620170593261719,1,2.5174102783203125
12759.421,13,1,1,fixation,0,nan,nan,0,nan,0,nan,nan,0,nan
12776.088,13,1,1,fixation,1,0.07366900973849826,0.1227540373802185,1,2.712677001953125,1,0.09416622585720485,0.07420700788497925,1,2.8938140869140625
12792.754,13,1,1,fixation,1,-0.014926486545138888,0.036975741386413574,1,2.6983795166015625,1,0.05476029713948567,0.0369393527507782,1,2.5546875
12809.421,13,1,1,fixation,1,-0.05417484707302517,0.03158998489379883,1,2.722076416015625,1,0.023503727383083765,0.04081857204437256,1,2.5493316650390625
12826.088,13,1,1,fixation,0,nan,nan,0,nan,0,nan,nan,0,nan
12842.756,13,1,1,fixation,0,nan,nan,0,nan,1,0.08117548624674478,0.0386180579662323,1,2.9957733154296875
12859.422,13,1,1,fixation,1,-0.023483912150065102,0.034073054790496826,1,2.751312255859375,1,0.05289056566026475,0.03474628925323486,1,2.5902099609375
12876.089,13,1,1,fixation,1,-0.0573079850938585,0.03562349081039429,1,2.767669677734375,1,0.022836367289225258,0.04075932502746582,1,2.5969085693359375
12892.755,13,1,1,fixation,0,nan,nan,0,nan,0,nan,nan,0,nan
12909.422,13,1,1,fixation,1,0.01175032721625434,0.07124069333076477,1,3.1143646240234375,1,0.09594429863823785,0.04143455624580383,1,2.9530181884765625
12926.089,13,1,1,fixation,1,-0.010830296410454644,0.037851035594940186,1,2.7959442138671875,1,0.059645546807183154,0.03752228617668152,1,2.64886474609375
12942.756,13,1,1,fixation,1,-0.07185204823811848,0.027125775814056396,1,2.8118896484375,1,0.014212290445963541,0.03998756408691406,1,2.661651611328125
12959.422,13,1,1,fixation,0,nan,nan,0,nan,0,nan,nan,0,nan
12976.089,13,1,1,fixation,0,nan,nan,0,nan,1,0.10739432440863715,0.03480619192123413,1,3.0694580078125
12992.756,13,1,1,fixation,1,-0.01673269271850586,0.04702812433242798,1,2.852569580078125,1,0.05853197309705946,0.03794211149215698,1,2.7094573974609375
13009.422,13,1,1,fixation,1,-0.06981685426500107,0.026381254196166992,1,2.876953125,1,0.013702180650499132,0.039735883474349976,1,2.7168426513671875
13026.089,13,1,1,fixation,0,nan,nan,0,nan,0,nan,nan,0,nan
13042.756,13,1,1,fixation,1,0.03477636973063151,0.09171858429908752,1,3.4150848388671875,1,0.07693152957492404,0.06135275959968567,1,3.136932373046875
13059.422,13,1,1,fixation,1,-0.0036451551649305555,0.043487340211868286,1,2.91436767578125,1,0.052409913804796,0.04052942991256714,1,2.7800445556640625
13076.09,13,1,1,fixation,1,-0.07185999552408853,0.029890507459640503,1,2.9418487548828125,1,0.01732105678982205,0.044090986251831055,1,2.7828826904296875
13092.756,13,1,1,fixation,0,nan,nan,0,nan,0,nan,nan,0,nan
13109.423,13,1,1,fixation,1,0.01571951972113715,0.12069541215896606,1,3.5886077880859375,0,nan,nan,0,nan
13126.09,13,1,1,fixation,1,-0.024126529693603516,0.03908127546310425,1,2.98974609375,1,0.048796547783745654,0.03784680366516113,1,2.8362884521484375
13142.756,13,1,1,fixation,1,-0.09573502010769314,0.03376585245132446,1,3.0102386474609375,1,-0.007645077175564236,0.04476964473724365,1,2.8482513427734375
13159.423,13,1,1,fixation,0,nan,nan,0,nan,0,nan,nan,0,nan
13176.09,13,1,1,fixation,0,nan,nan,0,nan,1,0.07388072543674044,0.05559492111206055,1,3.189239501953125
13192.756,13,1,1,fixation,1,-0.028307067023383245,0.044548988342285156,1,3.0494537353515625,1,0.04805755615234375,0.04413890838623047,1,2.896484375
13209.423,13,1,1,fixation,1,-0.10243998633490668,0.01859891414642334,1,3.068023681640625,1,-0.004746437072753906,0.04555585980415344,1,2.9016571044921875
13226.09,13,1,1,fixation,0,nan,nan,0,nan,0,nan,nan,0,nan
13242.757,13,1,1,fixation,0,nan,nan,0,nan,1,0.05819341871473524,0.05945831537246704,1,3.3599395751953125
13259.423,13,1,1,fixation,1,-0.028147379557291664,0.04396849870681763,1,3.10247802734375,1,0.044454892476399735,0.048213183879852295,1,2.9428863525390625
13276.09,13,1,1,fixation,1,-0.09979481167263454,0.018967390060424805,1,3.1249237060546875,1,-0.006607532501220703,0.042737483978271484,1,2.9524383544921875
13292.756,13,1,1,fixation,0,nan,nan,0,nan,0,nan,nan,0,nan
13309.424,13,1,1,fixation,0,nan,nan,0,nan,0,nan,nan,0,nan
13326.091,13,1,1,fixation,1,-0.004382769266764322,0.031789541244506836,1,3.1701812744140625,1,0.07179270850287543,0.03945118188858032,1,2.9920501708984375
13342.757,13,1,1,fixation,1,-0.06312020619710286,0.017142832279205322,1,3.1859588623046875,1,0.024691157870822482,0.042163074016571045,1,3.0041046142578125
13359.424,13,1,1,fixation,0,nan,nan,0,nan,0,nan,nan,0,nan
13376.091,13,1,1,fixation,1,-0.030379772186279297,0.035795629024505615,1,3.669097900390625,1,0.11371390024820963,0.056801557540893555,1,3.388916015625
13392.757,13,1,1,fixation,1,-0.0015748341878255208,0.026222944259643555,1,3.2272186279296875,1,0.0686353047688802,0.03873583674430847,1,3.0469207763671875
13409.424,13,1,1,fixation,1,-0.06429004669189453,0.012776315212249756,1,3.247406005859375,1,0.028195275200737845,0.041545361280441284,1,3.05609130859375
13426.091,13,1,1,fixation,0,nan,nan,0,nan,0,nan,nan,0,nan
13442.758,13,1,1,fixation,0,nan,nan,0,nan,0,nan,nan,0,nan
13459.424,13,1,1,fixation,1,0.006687270270453558,0.03036162257194519,1,3.283355712890625,1,0.07088979085286458,0.04038351774215698,1,3.1099395751953125
13476.091,13,1,1,fixation,1,-0.06171162923177083,0.009680509567260742,1,3.309539794921875,1,0.02388424343532986,0.037495970726013184,1,3.1202392578125
13492.757,13,1,1,fixation,0,nan,nan,0,nan,0,nan,nan,0,nan
13509.424,13,1,1,fixation,0,nan,nan,0,nan,0,nan,nan,0,nan
13526.091,13,1,1,fixation,1,0.004927211337619358,0.023827821016311646,1,3.3439483642578125,1,0.07457076178656684,0.03681296110153198,1,3.171417236328125
13542.758,13,1,1,fixation,1,-0.058281898498535156,0.011466115713119507,1,3.374755859375,1,0.023523330688476562,0.03871971368789673,1,3.18408203125
13559.425,13,1,1,fixation,0,nan,nan,0,nan,0,nan,nan,0,nan
13576.092,13,1,1,fixation,1,-0.00019931793212890625,0.04136434197425842,1,4.0247802734375,0,nan,nan,0,nan
13592.758,13,1,1,fixation,1,-0.01893912421332465,0.041967689990997314,1,3.386383056640625,1,0.061109330919053816,0.03785887360572815,1,3.2293243408203125
13609.425,13,1,1,fixation,1,-0.06839264763726129,0.026442348957061768,1,3.427642822265625,1,0.01302549574110243,0.043759167194366455,1,3.2453460693359375
13626.092,13,1,1,fixation,0,nan,nan,0,nan,0,nan,nan,0,nan
13642.759,13,1,1,fixation,1,-0.009299278259277344,0.058894217014312744,1,3.97430419921875,0,nan,nan,0,nan
13659.425,13,1,1,fixation,1,-0.013174692789713541,0.0413661003112793,1,3.4442138671875,1,0.05868699815538194,0.04206502437591553,1,3.2801666259765625
13676.092,13,1,1,fixation,1,-0.07018131679958767,0.026302754878997803,1,3.4674530029296875,1,0.016514884101019964,0.03979361057281494,1,3.292755126953125
13692.758,13,1,1,fixation,0,nan,nan,0,nan,0,nan,nan,0,nan
13709.425,13,1,1,fixation,0,nan,nan,0,nan,1,0.08512338002522786,0.051372408866882324,1,3.6775054931640625
13726.092,13,1,1,fixation,1,-0.017982006072998047,0.0428462028503418,1,3.4792633056640625,1,0.058569908142089844,0.040762513875961304,1,3.3134765625
13742.758,13,1,1,fixation,1,-0.06951310899522568,0.030538618564605713,1,3.48968505859375,1,0.015995131598578557,0.0395200252532959,1,3.3194427490234375
13759.425,13,1,1,fixation,0,nan,nan,0,nan,0,nan,nan,0,nan
13776.093,13,1,1,fixation,0,nan,nan,0,nan,0,nan,nan,0,nan
13792.759,13,1,1,fixation,1,-0.018242518107096352,0.04237443208694458,1,3.4848785400390625,1,0.05818981594509548,0.04128411412239075,1,3.2963409423828125
13809.426,13,1,1,fixation,1,-0.07222429911295572,0.027007997035980225,1,3.4926910400390625,1,0.01750787099202474,0.03921520709991455,1,3.2889404296875
13826.093,13,1,1,fixation,0,nan,nan,0,nan,0,nan,nan,0,nan
13842.76,13,1,1,fixation,0,nan,nan,0,nan,0,nan,nan,0,nan
13859.426,13,1,1,fixation,1,-0.02050018310546875,0.04062548279762268,1,3.4542999267578125,1,0.05904960632324219,0.045327603816986084,1,3.2358245849609375
13876.093,13,1,1,fixation,1,-0.07420953114827473,0.02921503782272339,1,3.46160888671875,1,0.020425478617350258,0.03938335180282593,1,3.21807861328125
13892.759,13,1,1,fixation,0,nan,nan,0,nan,0,nan,nan,0,nan
13909.426,13,1,1,fixation,0,nan,nan,0,nan,1,0.09709156884087457,0.06783592700958252,1,3.4810028076171875
13926.093,13,1,1,fixation,1,-0.022828843858506944,0.04501551389694214,1,3.39825439453125,1,0.06584156884087457,0.04312893748283386,1,3.1654052734375
13942.759,13,1,1,fixation,1,-0.07950189378526475,0.02657461166381836,1,3.385711669921875,1,0.0193484624226888,0.04076191782951355,1,3.145355224609375
13959.426,13,1,1,fixation,0,nan,nan,0,nan,0,nan,nan,0,nan
13976.093,13,1,1,fixation,0,nan,nan,0,nan,0,nan,nan,0,nan
13992.759,13,1,1,fixation,1,-0.02427779303656684,0.044020891189575195,1,3.30780029296875,1,0.0586859385172526,0.04181283712387085,1,3.0869293212890625
14009.426,13,1,1,fixation,1,-0.0832485622829861,0.027642786502838135,1,3.2913818359375,1,0.016718016730414495,0.04085022211074829,1,3.057220458984375
14026.094,13,1,1,fixation,0,nan,nan,0,nan,0,nan,nan,0,nan
14042.761,13,1,1,fixation,0,nan,nan,0,nan,1,0.1040160920884874,0.06246352195739746,1,3.366485595703125
14059.427,13,1,1,fixation,1,-0.014929559495713975,0.043016403913497925,1,3.2135009765625,1,0.05667983161078559,0.03889775276184082,1,3.0040435791015625
14076.094,13,1,1,fixation,1,-0.0009570121765136719,0.05147466063499451,1,3.2143707275390625,1,0.13661469353569877,0.06754407286643982,1,2.9877166748046875
14092.76,13,1,1,fixation,0,nan,nan,0,nan,0,nan,nan,0,nan
14109.427,13,1,1,fixation,0,nan,nan,0,nan,1,0.7007425096299913,0.24434983730316162,1,3.2647705078125
14126.094,13,1,1,fixation,0,nan,nan,0,nan,1,0.9968670739067925,0.4038616642355919,1,2.938720703125
14142.76,13,1,1,fixation,0,nan,nan,0,nan,0,nan,nan,0,nan
14159.427,13,1,1,fixation,0,nan,nan,0,nan,0,nan,nan,0,nan
14176.094,13,1,1,fixation,0,nan,nan,0,nan,0,nan,nan,0,nan
14192.761,13,1,1,fixation,0,nan,nan,0,nan,0,nan,nan,0,nan
14209.427,13,1,1,fixation,0,nan,nan,0,nan,0,nan,nan,0,nan
14226.094,13,1,1,fixation,0,nan,nan,0,nan,0,nan,nan,0,nan
14242.761,13,1,1,fixation,0,nan,nan,0,nan,0,nan,nan,0,nan
14259.428,13,1,1,fixation,0,nan,nan,0,nan,0,nan,nan,0,nan
14276.095,13,1,1,fixation,0,nan,nan,0,nan,0,nan,nan,0,nan
14292.761,13,1,1,fixation,0,nan,nan,0,nan,0,nan,nan,0,nan
14309.428,13,1,1,fixation,0,nan,nan,0,nan,0,nan,nan,0,nan
14326.095,13,1,1,fixation,0,nan,nan,0,nan,0,nan,nan,0,nan
14342.762,13,1,1,fixation,0,nan,nan,0,nan,0,nan,nan,0,nan
14359.428,13,1,1,fixation,0,nan,nan,0,nan,0,nan,nan,0,nan
14376.095,13,1,1,fixation,0,nan,nan,0,nan,0,nan,nan,0,nan
14392.761,13,1,1,fixation,0,nan,nan,0,nan,0,nan,nan,0,nan
14409.428,13,1,1,fixation,0,nan,nan,0,nan,0,nan,nan,0,nan
14426.095,13,1,1,fixation,0,nan,nan,0,nan,0,nan,nan,0,nan
14442.762,13,1,1,fixation,0,nan,nan,0,nan,0,nan,nan,0,nan
14459.428,13,1,1,fixation,0,nan,nan,0,nan,0,nan,nan,0,nan
14476.095,13,1,1,fixation,0,nan,nan,0,nan,0,nan,nan,0,nan
14492.762,13,1,1,fixation,0,nan,nan,0,nan,0,nan,nan,0,nan
14509.429,13,1,1,fixation,0,nan,nan,0,nan,0,nan,nan,0,nan
14526.095,13,1,1,fixation,0,nan,nan,0,nan,0,nan,nan,0,nan
14542.762,13,1,1,fixation,0,nan,nan,0,nan,0,nan,nan,0,nan
14559.429,13,1,1,fixation,0,nan,nan,0,nan,0,nan,nan,0,nan
14576.095,13,1,1,fixation,0,nan,nan,0,nan,0,nan,nan,0,nan
14592.762,13,1,1,fixation,0,nan,nan,0,nan,0,nan,nan,0,nan
14609.429,13,1,1,fixation,0,nan,nan,0,nan,0,nan,nan,0,nan
14626.103,13,1,1,fixation,0,nan,nan,0,nan,0,nan,nan,0,nan
14642.777,13,1,1,fixation,0,nan,nan,0,nan,0,nan,nan,0,nan
14659.453,13,1,1,fixation,0,nan,nan,0,nan,0,nan,nan,0,nan
14676.119,13,1,1,fixation,0,nan,nan,0,nan,0,nan,nan,0,nan
14692.785,13,1,1,fixation,0,nan,nan,0,nan,0,nan,nan,0,nan
14709.452,13,1,1,fixation,0,nan,nan,0,nan,0,nan,nan,0,nan
14726.121,13,1,1,fixation,0,nan,nan,0,nan,0,nan,nan,0,nan
14742.789,13,1,1,fixation,0,nan,nan,0,nan,0,nan,nan,0,nan
14759.453,13,1,1,fixation,0,nan,nan,0,nan,0,nan,nan,0,nan
14776.12,13,1,1,fixation,0,nan,nan,0,nan,0,nan,nan,0,nan
14792.787,13,1,1,fixation,0,nan,nan,0,nan,0,nan,nan,0,nan
14809.454,13,1,1,fixation,0,nan,nan,0,nan,0,nan,nan,0,nan
14826.122,13,1,1,fixation,0,nan,nan,0,nan,0,nan,nan,0,nan
14842.786,13,1,1,fixation,0,nan,nan,0,nan,0,nan,nan,0,nan
14859.453,13,1,1,fixation,0,nan,nan,0,nan,0,nan,nan,0,nan
14876.12,13,1,1,fixation,0,nan,nan,0,nan,0,nan,nan,0,nan
14892.788,13,1,1,fixation,0,nan,nan,0,nan,0,nan,nan,0,nan
14909.455,13,1,1,fixation,0,nan,nan,0,nan,0,nan,nan,0,nan
14926.12,13,1,1,fixation,0,nan,nan,0,nan,0,nan,nan,0,nan
14942.786,13,1,1,fixation,0,nan,nan,0,nan,0,nan,nan,0,nan
14959.454,13,1,1,fixation,0,nan,nan,0,nan,0,nan,nan,0,nan
14976.122,13,1,1,fixation,0,nan,nan,0,nan,0,nan,nan,0,nan
14992.79,13,1,1,fixation,0,nan,nan,0,nan,0,nan,nan,0,nan
15009.454,13,1,1,fixation,0,nan,nan,0,nan,0,nan,nan,0,nan
15026.121,13,1,1,fixation,0,nan,nan,0,nan,0,nan,nan,0,nan
15042.788,13,1,1,fixation,0,nan,nan,0,nan,0,nan,nan,0,nan
15059.455,13,1,1,fixation,0,nan,nan,0,nan,0,nan,nan,0,nan
15076.123,13,1,1,fixation,0,nan,nan,0,nan,0,nan,nan,0,nan
15092.787,13,1,1,fixation,0,nan,nan,0,nan,0,nan,nan,0,nan
15109.454,13,1,1,fixation,0,nan,nan,0,nan,0,nan,nan,0,nan
15126.121,13,1,1,fixation,0,nan,nan,0,nan,0,nan,nan,0,nan
15142.789,13,1,1,fixation,0,nan,nan,0,nan,0,nan,nan,0,nan
15159.456,13,1,1,fixation,0,nan,nan,0,nan,0,nan,nan,0,nan
15176.122,13,1,1,fixation,0,nan,nan,0,nan,0,nan,nan,0,nan
15192.79,13,1,1,fixation,0,nan,nan,0,nan,0,nan,nan,0,nan
15209.457,13,1,1,fixation,0,nan,nan,0,nan,0,nan,nan,0,nan
15226.123,13,1,1,fixation,0,nan,nan,0,nan,0,nan,nan,0,nan
15242.79,13,1,1,fixation,0,nan,nan,0,nan,0,nan,nan,0,nan
15259.457,13,1,1,fixation,0,nan,nan,0,nan,0,nan,nan,0,nan
15276.123,13,1,1,fixation,0,nan,nan,0,nan,0,nan,nan,0,nan
15292.789,13,1,1,fixation,0,nan,nan,0,nan,0,nan,nan,0,nan
15309.455,13,1,1,fixation,0,nan,nan,0,nan,0,nan,nan,0,nan
15326.121,13,1,1,fixation,0,nan,nan,0,nan,0,nan,nan,0,nan
15342.789,13,1,1,fixation,0,nan,nan,0,nan,0,nan,nan,0,nan
15359.455,13,1,1,fixation,0,nan,nan,0,nan,0,nan,nan,0,nan
15376.123,13,1,1,fixation,0,nan,nan,0,nan,0,nan,nan,0,nan
15392.789,13,1,1,fixation,0,nan,nan,0,nan,0,nan,nan,0,nan
15409.456,13,1,1,fixation,0,nan,nan,0,nan,0,nan,nan,0,nan
15426.124,13,1,1,fixation,0,nan,nan,0,nan,0,nan,nan,0,nan
15442.79,13,1,1,fixation,0,nan,nan,0,nan,0,nan,nan,0,nan
15459.457,13,1,1,fixation,0,nan,nan,0,nan,0,nan,nan,0,nan
15476.124,13,1,1,fixation,0,nan,nan,0,nan,0,nan,nan,0,nan
15492.79,13,1,1,fixation,0,nan,nan,0,nan,0,nan,nan,0,nan
15509.457,13,1,1,fixation,0,nan,nan,0,nan,0,nan,nan,0,nan
15526.124,13,1,1,fixation,0,nan,nan,0,nan,0,nan,nan,0,nan
15542.79,13,1,1,fixation,0,nan,nan,0,nan,0,nan,nan,0,nan
15559.456,13,1,1,fixation,0,nan,nan,0,nan,0,nan,nan,0,nan
15576.124,13,1,1,fixation,0,nan,nan,0,nan,0,nan,nan,0,nan
15592.79,13,1,1,fixation,0,nan,nan,0,nan,0,nan,nan,0,nan
15609.457,13,1,1,fixation,0,nan,nan,0,nan,0,nan,nan,0,nan
15626.124,13,1,1,fixation,0,nan,nan,0,nan,0,nan,nan,0,nan
15642.79,13,1,1,fixation,0,nan,nan,0,nan,0,nan,nan,0,nan
15659.458,13,1,1,fixation,0,nan,nan,0,nan,0,nan,nan,0,nan
15676.125,13,1,1,fixation,0,nan,nan,0,nan,0,nan,nan,0,nan
15692.791,13,1,1,fixation,0,nan,nan,0,nan,0,nan,nan,0,nan
15709.458,13,1,1,fixation,0,nan,nan,0,nan,0,nan,nan,0,nan
15726.125,13,1,1,fixation,0,nan,nan,0,nan,0,nan,nan,0,nan
15742.792,13,1,1,fixation,0,nan,nan,0,nan,0,nan,nan,0,nan
15759.459,13,1,1,fixation,0,nan,nan,0,nan,0,nan,nan,0,nan
15776.125,13,1,1,stimulusMovement,0,nan,nan,0,nan,0,nan,nan,0,nan
15792.791,13,1,1,stimulusMovement,0,nan,nan,0,nan,0,nan,nan,0,nan
15809.458,13,1,1,stimulusMovement,0,nan,nan,0,nan,0,nan,nan,0,nan
15826.125,13,1,1,stimulusMovement,0,nan,nan,0,nan,0,nan,nan,0,nan
15842.792,13,1,1,stimulusMovement,0,nan,nan,0,nan,0,nan,nan,0,nan
15859.457,13,1,1,stimulusMovement,0,nan,nan,0,nan,0,nan,nan,0,nan
15876.124,13,1,1,stimulusMovement,0,nan,nan,0,nan,0,nan,nan,0,nan
15892.791,13,1,1,stimulusMovement,0,nan,nan,0,nan,0,nan,nan,0,nan
15909.457,13,1,1,stimulusMovement,0,nan,nan,0,nan,0,nan,nan,0,nan
15926.124,13,1,1,stimulusMovement,0,nan,nan,0,nan,0,nan,nan,0,nan
15942.79,13,1,1,stimulusMovement,0,nan,nan,0,nan,0,nan,nan,0,nan
15959.456,13,1,1,stimulusMovement,0,nan,nan,0,nan,0,nan,nan,0,nan
15976.123,13,1,1,stimulusMovement,0,nan,nan,0,nan,0,nan,nan,0,nan
15992.789,13,1,1,stimulusMovement,0,nan,nan,0,nan,0,nan,nan,0,nan
16009.455,13,1,1,stimulusMovement,0,nan,nan,0,nan,0,nan,nan,0,nan
16026.122,13,1,1,stimulusMovement,0,nan,nan,0,nan,0,nan,nan,0,nan
16042.788,13,1,1,stimulusMovement,0,nan,nan,0,nan,0,nan,nan,0,nan
16059.454,13,1,1,stimulusMovement,0,nan,nan,0,nan,0,nan,nan,0,nan
16076.121,13,1,1,stimulusMovement,0,nan,nan,0,nan,0,nan,nan,0,nan
16092.789,13,1,1,stimulusMovement,0,nan,nan,0,nan,0,nan,nan,0,nan
16109.455,13,1,1,stimulusMovement,0,nan,nan,0,nan,0,nan,nan,0,nan
16126.122,13,1,1,stimulusMovement,0,nan,nan,0,nan,0,nan,nan,0,nan
16142.789,13,1,1,stimulusMovement,0,nan,nan,0,nan,0,nan,nan,0,nan
16159.455,13,1,1,stimulusMovement,0,nan,nan,0,nan,0,nan,nan,0,nan
16176.121,13,1,1,stimulusMovement,0,nan,nan,0,nan,0,nan,nan,0,nan
16192.788,13,1,1,stimulusMovement,0,nan,nan,0,nan,0,nan,nan,0,nan
16209.454,13,1,1,stimulusMovement,0,nan,nan,0,nan,0,nan,nan,0,nan
16226.119,13,1,1,stimulusMovement,0,nan,nan,0,nan,0,nan,nan,0,nan
16242.785,13,1,1,stimulusMovement,0,nan,nan,0,nan,0,nan,nan,0,nan
16259.453,13,1,1,stimulusMovement,0,nan,nan,0,nan,0,nan,nan,0,nan
16276.118,13,1,1,stimulusMovement,0,nan,nan,0,nan,0,nan,nan,0,nan
16292.785,13,1,1,stimulusMovement,1,0.07797092861599392,-0.10872215032577515,1,3.987823486328125,0,nan,nan,0,nan
16309.452,13,1,1,stimulusMovement,1,0.03718513912624783,0.00307619571685791,1,3.4010009765625,0,nan,nan,0,nan
16326.118,13,1,1,stimulusMovement,0,nan,nan,0,nan,1,0.0726988050672743,0.031141430139541626,1,3.0444793701171875
16342.785,13,1,1,stimulusMovement,1,0.02866946326361762,-0.008425235748291016,1,3.5427703857421875,1,0.10144180721706814,-0.13450312614440918,1,3.60955810546875
16359.452,13,1,1,stimulusMovement,0,nan,nan,0,nan,1,0.04872650570339626,-0.07076370716094971,1,3.3561553955078125
16376.118,13,1,1,stimulusMovement,1,0.04313765631781684,-0.13084089756011963,1,3.8448638916015625,1,0.054451200697157115,-0.10306310653686523,1,3.482513427734375
16392.784,13,1,1,stimulusMovement,1,0.01789114210340712,-0.2208538055419922,1,4.0896453857421875,1,0.01811832851833767,-0.10274636745452881,1,3.5554351806640625
16409.451,13,1,1,stimulusMovement,1,0.028485616048177082,-0.07919090986251831,1,3.665191650390625,1,0.07458220587836371,-0.3923149108886719,1,4.460052490234375
16426.117,13,1,1,stimulusMovement,0,nan,nan,0,nan,1,0.0159248775906033,-0.1355651617050171,1,3.6134490966796875
16442.783,13,1,1,stimulusMovement,0,nan,nan,0,nan,1,0.0421855714586046,-0.05236613750457764,1,3.373504638671875
16459.45,13,1,1,stimulusMovement,1,-0.03897507985432942,0.008536666631698608,1,3.4232635498046875,1,0.01858541700575087,-0.16556310653686523,1,3.6536407470703125
16476.117,13,1,1,stimulusMovement,0,nan,nan,0,nan,1,0.053351402282714844,-0.06059640645980835,1,3.32843017578125
16492.782,13,1,1,stimulusMovement,0,nan,nan,0,nan,1,0.05036163330078125,-0.06819003820419312,1,3.443450927734375
16509.449,13,1,1,stimulusMovement,0,nan,nan,0,nan,1,0.04507202572292752,0.05686599016189575,1,3.0637359619140625
16526.116,13,1,1,stimulusMovement,1,0.021544562445746526,0.053376853466033936,1,3.466949462890625,1,0.08410750495062934,0.04327291250228882,1,3.0486602783203125
16542.781,13,1,1,stimulusMovement,1,0.1550969017876519,-0.18153613805770874,1,4.353790283203125,1,0.0780935287475586,0.07780775427818298,1,2.9422607421875
16559.448,13,1,1,stimulusMovement,1,0.056436114841037326,0.03165155649185181,1,3.2921142578125,1,0.08407666948106553,0.0693996250629425,1,2.95953369140625
16576.115,13,1,1,stimulusMovement,0,nan,nan,0,nan,1,0.07576285468207465,0.061282575130462646,1,3.0629425048828125
16592.782,13,1,1,stimulusMovement,0,nan,nan,0,nan,1,0.09506151411268446,0.038609087467193604,1,3.1513519287109375
16609.448,13,1,1,stimulusMovement,1,0.05017863379584418,0.029936134815216064,1,3.4768829345703125,1,0.08639356825086805,0.09194391965866089,1,2.9743194580078125
16626.114,13,1,1,stimulusMovement,1,0.01821348402235243,0.03889167308807373,1,3.4524993896484375,1,0.05885823567708333,0.0548417866230011,1,3.0976104736328125
16642.78,13,1,1,stimulusMovement,1,-0.00966554217868381,0.07304000854492188,1,3.3074951171875,1,0.08053874969482422,0.0956982970237732,1,3.00885009765625
16659.447,13,1,1,stimulusMovement,0,nan,nan,0,nan,1,0.015319718254937066,-0.08170759677886963,1,3.5237274169921875
16676.113,13,1,1,stimulusMovement,0,nan,nan,0,nan,1,0.12490950690375434,0.053627610206604004,1,3.090423583984375
16692.78,13,1,1,stimulusMovement,0,nan,nan,0,nan,1,0.0765427483452691,0.0900111198425293,1,3.011199951171875
16709.446,13,1,1,stimulusMovement,0,nan,nan,0,nan,1,0.07174619038899739,0.06808298826217651,1,3.0484771728515625
16726.112,13,1,1,stimulusMovement,0,nan,nan,0,nan,1,0.06805822584364149,0.025995075702667236,1,3.150238037109375
16742.778,13,1,1,stimulusMovement,0,nan,nan,0,nan,1,0.06843831804063585,0.051326870918273926,1,3.108062744140625
16759.445,13,1,1,stimulusMovement,1,0.052297380235460066,-0.10533827543258667,1,3.8720855712890625,1,0.09194586012098524,0.06725236773490906,1,3.0544281005859375
16776.111,13,1,1,stimulusMovement,0,nan,nan,0,nan,1,0.09954664442274305,0.053364574909210205,1,3.016937255859375
16792.777,13,1,1,stimulusMovement,1,-0.017646895514594182,0.06126391887664795,1,3.3286895751953125,1,-0.015454504224989148,-0.025893688201904297,1,3.3892974853515625
16809.444,13,1,1,stimulusMovement,0,nan,nan,0,nan,1,0.06963433159722222,-0.08558303117752075,1,3.4373626708984375
16826.111,13,1,1,stimulusMovement,0,nan,nan,0,nan,1,0.12253676520453559,0.024081945419311523,1,3.096527099609375
16842.778,13,1,1,stimulusMovement,1,-0.02734427981906467,0.07037541270256042,1,3.338165283203125,1,0.10848214891221787,0.0761604905128479,1,2.9811859130859375
16859.444,13,1,1,stimulusMovement,1,0.03778023189968533,0.0026992857456207275,1,3.5781707763671875,1,0.08441903856065537,0.08951255679130554,1,2.946319580078125
16876.11,13,1,1,stimulusMovement,0,nan,nan,0,nan,1,0.06007067362467448,-0.07161086797714233,1,3.4247894287109375
16892.776,13,1,1,stimulusMovement,0,nan,nan,0,nan,1,0.06335417429606119,0.05571025609970093,1,3.03057861328125
16909.443,13,1,1,stimulusMovement,0,nan,nan,0,nan,1,0.07047801547580294,0.06907999515533447,1,2.9366455078125
16926.109,13,1,1,stimulusMovement,1,0.08205795288085938,-0.1081230640411377,1,3.9773406982421875,0,nan,nan,0,nan
16942.776,13,1,1,stimulusMovement,1,0.012452867296006944,-0.0009639859199523926,1,3.583099365234375,1,0.09580008188883463,0.07068169116973877,1,3.0563507080078125
16959.442,13,1,1,stimulusMovement,0,nan,nan,0,nan,1,0.08099100324842665,0.06135374307632446,1,3.0015411376953125
16976.108,13,1,1,stimulusMovement,0,nan,nan,0,nan,1,0.06739022996690539,0.05951312184333801,1,2.970672607421875
16992.774,13,1,1,stimulusMovement,1,-0.02563900417751736,0.04421180486679077,1,3.3230438232421875,0,nan,nan,0,nan
17009.441,13,1,1,stimulusMovement,1,0.012236277262369791,0.05926775932312012,1,3.4568634033203125,1,0.07383992936876084,0.07669320702552795,1,2.932952880859375
17026.107,13,1,1,stimulusMovement,0,nan,nan,0,nan,1,0.08642302619086371,0.07543042302131653,1,2.9522705078125
17042.773,13,1,1,stimulusMovement,0,nan,nan,0,nan,1,0.054272757636176214,0.06278210878372192,1,3.0180206298828125
17059.44,13,1,1,stimulusMovement,1,0.008970048692491319,0.07151025533676147,1,3.4065704345703125,1,0.11770417955186631,0.05362480878829956,1,3.0095062255859375
17076.107,13,1,1,stimulusMovement,1,-0.002445538838704427,0.03477206826210022,1,3.4380035400390625,1,0.08165126376681857,0.04896026849746704,1,2.9654998779296875
17092.773,13,1,1,stimulusMovement,1,0.016960779825846352,0.05828237533569336,1,3.458709716796875,1,0.09881920284695095,0.04736614227294922,1,2.947235107421875
17109.439,13,1,1,stimulusMovement,1,-0.010490735371907551,0.06825435161590576,1,3.313720703125,1,0.06915696461995442,0.07052004337310791,1,3.044586181640625
17126.106,13,1,1,stimulusMovement,1,0.0005817413330078125,0.01801726222038269,1,3.5034942626953125,1,0.08896234300401475,0.08381596207618713,1,2.961944580078125
17142.772,13,1,1,stimulusMovement,1,0.007264455159505208,0.05666172504425049,1,3.4144439697265625,1,0.08223226335313584,0.06823372840881348,1,3.0116424560546875
17159.438,13,1,1,stimulusMovement,1,0.054682413736979164,0.09498757123947144,1,3.5196533203125,1,0.08970493740505642,0.08291929960250854,1,3.037017822265625
17176.105,13,1,1,stimulusMovement,0,nan,nan,0,nan,1,0.10610410902235243,0.06930661201477051,1,3.029632568359375
17192.771,13,1,1,stimulusMovement,1,0.023706224229600694,0.05041539669036865,1,3.448822021484375,1,0.0851705339219835,0.0884203314781189,1,3.0159759521484375
17209.437,13,1,1,stimulusMovement,0,nan,nan,0,nan,1,0.07921536763509114,0.05495399236679077,1,3.085205078125
17226.104,13,1,1,stimulusMovement,0,nan,nan,0,nan,0,nan,nan,0,nan
17242.77,13,1,1,stimulusMovement,1,0.04303805033365885,0.07861456274986267,1,3.36553955078125,1,0.13638411627875432,-0.10289394855499268,1,3.5777130126953125
17259.436,13,1,1,stimulusMovement,0,nan,nan,0,nan,1,0.10661114586724174,0.05793386697769165,1,3.15472412109375
17276.103,13,1,1,stimulusMovement,1,-0.008900430467393663,0.061703503131866455,1,3.4876251220703125,1,0.050755712721082896,0.08475986123085022,1,3.03143310546875
17292.769,13,1,1,stimulusMovement,1,-0.0009216202629937065,0.038397371768951416,1,3.5165252685546875,1,0.08255767822265625,0.06816023588180542,1,3.005035400390625
17309.436,13,1,1,stimulusMovement,0,nan,nan,0,nan,1,0.1189803017510308,0.05458807945251465,1,3.111114501953125
17326.103,13,1,1,stimulusMovement,0,nan,nan,0,nan,1,0.0812284681532118,0.04664185643196106,1,3.1386260986328125
17342.768,13,1,1,stimulusMovement,0,nan,nan,0,nan,1,0.102977540757921,0.03377246856689453,1,3.079193115234375
17359.435,13,1,1,stimulusMovement,0,nan,nan,0,nan,1,0.0459999508327908,0.029911518096923828,1,3.173736572265625
17376.102,13,1,1,stimulusMovement,1,0.024187723795572914,0.05755487084388733,1,3.4125823974609375,1,0.10748142666286892,0.08506423234939575,1,3.0451202392578125
17392.767,13,1,1,stimulusMovement,1,-0.009695635901557075,-0.08235496282577515,1,3.8560333251953125,1,0.08180024888780381,0.057832151651382446,1,3.087005615234375
17409.434,13,1,1,stimulusMovement,1,0.03318214416503906,-0.1431317925453186,1,3.973968505859375,1,0.08916865454779731,0.08812594413757324,1,3.01922607421875
17426.101,13,1,1,stimulusMovement,1,0.03023952907986111,0.050898849964141846,1,3.4515838623046875,1,0.0658476087782118,0.03766143321990967,1,3.1580657958984375
17442.766,13,1,1,stimulusMovement,1,0.0023935106065538195,0.04794088006019592,1,3.4704437255859375,1,0.10280079311794704,0.0400121808052063,1,3.0963592529296875
17459.433,13,1,1,stimulusMovement,1,-0.009149657355414497,-0.11424839496612549,1,3.8799285888671875,1,0.07826550801595052,0.04960662126541138,1,3.1009979248046875
17476.099,13,1,1,stimulusMovement,0,nan,nan,0,nan,1,0.08530584971110025,0.04216986894607544,1,3.1085968017578125
17492.765,13,1,1,stimulusMovement,1,0.032812542385525174,-0.09451448917388916,1,3.9290313720703125,1,0.04205332862006293,0.058931708335876465,1,3.1175384521484375
17509.432,13,1,1,stimulusMovement,0,nan,nan,0,nan,1,0.09156036376953125,0.06930816173553467,1,3.015411376953125
17526.098,13,1,1,stimulusMovement,1,0.015543831719292535,-0.07849431037902832,1,3.8044586181640625,1,0.08346801333957247,-0.03238117694854736,1,3.3293609619140625
17542.766,13,1,1,stimulusMovement,1,-0.009546173943413628,-0.1384156346321106,1,3.923980712890625,1,0.06655279795328775,0.056279003620147705,1,3.000579833984375
17559.431,13,1,1,stimulusMovement,1,-0.04422007666693793,0.06298232078552246,1,3.4733734130859375,1,0.0565138922797309,0.10755228996276855,1,3.0029754638671875
17576.098,13,1,1,stimulusMovement,0,nan,nan,0,nan,1,0.02085643344455295,0.186814546585083,1,3.0019073486328125
17592.763,13,1,1,stimulusMovement,0,nan,nan,0,nan,1,-0.021462758382161457,0.20907533168792725,1,3.0187225341796875
17609.43,13,1,1,stimulusMovement,0,nan,nan,0,nan,1,-0.03787400987413194,0.20032966136932373,1,3.0130767822265625
17626.097,13,1,1,stimulusMovement,0,nan,nan,0,nan,1,-0.03480916553073459,0.20310556888580322,1,3.031494140625
17642.762,13,1,1,stimulusMovement,0,nan,nan,0,nan,1,-0.05083942413330078,0.2003539800643921,1,3.0267181396484375
17659.429,13,1,1,stimulusMovement,1,-0.23641512129041883,0.20980817079544067,1,3.3046112060546875,1,-0.13971328735351562,0.18460923433303833,1,3.0361175537109375
17676.096,13,1,1,stimulusMovement,1,-0.25132788552178276,0.17477121949195862,1,3.365142822265625,1,-0.13665294647216797,0.1904829442501068,1,3.0807647705078125
17692.761,13,1,1,stimulusMovement,0,nan,nan,0,nan,1,-0.15346707238091362,0.15658167004585266,1,3.155792236328125
17709.428,13,1,1,stimulusMovement,0,nan,nan,0,nan,1,-0.1493511199951172,0.17979124188423157,1,3.036895751953125
17726.095,13,1,1,stimulusMovement,1,-0.2091266844007704,0.010171949863433838,1,3.9569549560546875,1,-0.16924466027153862,0.18772763013839722,1,3.051544189453125
17742.76,13,1,1,stimulusMovement,1,-0.2694372600979275,0.16265451908111572,1,3.5244598388671875,1,-0.1825269063313802,0.15659409761428833,1,3.186187744140625
17759.427,13,1,1,stimulusMovement,0,nan,nan,0,nan,1,-0.2068002488878038,0.20836102962493896,1,3.0897369384765625
17776.094,13,1,1,stimulusMovement,1,-0.40243668026394314,0.15603432059288025,1,3.540130615234375,1,-0.2854316499498155,0.25596868991851807,1,3.0704803466796875
17792.761,13,1,1,stimulusMovement,1,-0.37542215983072913,0.1268148422241211,1,3.6828460693359375,1,-0.29929139879014754,0.19992423057556152,1,3.20208740234375
17809.427,13,1,1,stimulusMovement,1,-0.37735997305976016,0.05772101879119873,1,3.9091033935546875,1,-0.31643358866373694,0.23786890506744385,1,3.126129150390625
17826.093,13,1,1,stimulusMovement,1,-0.436165968577067,0.22339493036270142,1,3.404083251953125,1,-0.40593767166137695,0.14677715301513672,1,3.5349578857421875
17842.759,13,1,1,stimulusMovement,1,-0.4332977930704752,0.1927306056022644,1,3.430450439453125,1,-0.3341865539550781,0.24947303533554077,1,3.08209228515625
17859.426,13,1,1,stimulusMovement,1,-0.4138363732231988,0.1888352632522583,1,3.4758758544921875,1,-0.36904176076253253,0.23577237129211426,1,3.2654876708984375
17876.092,13,1,1,stimulusMovement,1,-0.42232566409640837,0.2023005187511444,1,3.46240234375,1,-0.3731421364678277,0.24523106217384338,1,3.1363677978515625
17892.758,13,1,1,stimulusMovement,1,-0.4401413599650065,0.16228440403938293,1,3.5418548583984375,1,-0.3538857565985785,0.23797547817230225,1,3.1651458740234375
17909.424,13,1,1,stimulusMovement,1,-0.4438667297363281,0.1930714249610901,1,3.4381561279296875,0,nan,nan,0,nan
17926.091,13,1,1,stimulusMovement,1,-0.4666284190283881,0.18792635202407837,1,3.43182373046875,1,-0.38629923926459414,0.2648657560348511,1,3.0738525390625
17942.756,13,1,1,stimulusMovement,1,-0.5211091571384006,0.29752321541309357,1,3.3561248779296875,1,-0.47243801752726233,0.32963573932647705,1,3.1443634033203125
17959.423,13,1,1,stimulusMovement,1,-0.5710796250237359,0.2834930419921875,1,3.5197296142578125,0,nan,nan,0,nan
17976.09,13,1,1,stimulusMovement,1,-0.5834373897976345,0.2900347411632538,1,3.3697509765625,1,-0.509288920296563,0.32402303814888,1,3.190032958984375
17992.756,13,1,1,stimulusMovement,1,-0.5569568210177951,0.3302178382873535,1,3.328704833984375,1,-0.5095545185936822,0.36388812959194183,1,2.9945220947265625
18009.423,13,1,1,stimulusMovement,1,-0.6364572048187256,0.3113049268722534,1,3.309906005859375,1,-0.49512341287400985,0.3629843294620514,1,2.9425201416015625
18026.089,13,1,1,stimulusMovement,1,-0.575385120179918,0.26033255457878113,1,3.5686492919921875,1,-0.5263610151078966,0.34601493179798126,1,3.084686279296875
18042.756,13,1,1,stimulusMovement,1,-0.6362779405381944,0.2988930642604828,1,3.341461181640625,0,nan,nan,0,nan
18059.422,13,1,1,stimulusMovement,1,-0.6260334120856391,0.2970385104417801,1,3.378692626953125,1,-0.6144416597154405,0.30449698865413666,1,3.3650360107421875
18076.088,13,1,1,stimulusMovement,1,-0.6583641105228,0.33693964779376984,1,3.2475128173828125,1,-0.5583242840237087,0.35662031173706055,1,2.970611572265625
18092.754,13,1,1,stimulusMovement,1,-0.6609175470140245,0.3090008795261383,1,3.293365478515625,1,-0.5584156778123643,0.37833064049482346,1,3.0264892578125
18109.42,13,1,1,stimulusMovement,1,-0.6720081302854749,0.3427697867155075,1,3.2381439208984375,1,-0.5437112914191352,0.3210771679878235,1,3.109954833984375
18126.087,13,1,1,stimulusMovement,1,-0.6368402110205756,0.32503077387809753,1,3.2472686767578125,1,-0.5717025332980685,0.35585394501686096,1,2.986358642578125
18142.754,13,1,1,stimulusMovement,1,-0.5983079539404975,0.23175567388534546,1,3.5595855712890625,1,-0.5819390614827473,0.3769428879022598,1,2.9449920654296875
18159.419,13,1,1,stimulusMovement,1,-0.7326319217681885,0.4243886023759842,1,3.2220458984375,1,-0.6602193514506022,0.47096869722008705,1,3.0308990478515625
18176.086,13,1,1,stimulusMovement,1,-0.7660631206300523,0.4563255235552788,1,3.1345977783203125,1,-0.6451752450731065,0.4904532711952925,1,2.9208831787109375
18192.753,13,1,1,stimulusMovement,1,-0.7598884503046671,0.4405202940106392,1,3.2570343017578125,1,-0.6947126388549805,0.472101291641593,1,2.9859466552734375
18209.418,13,1,1,stimulusMovement,1,-0.7694089280234443,0.4683362878859043,1,3.1389923095703125,1,-0.6641270319620768,0.4720478244125843,1,3.0158538818359375
18226.085,13,1,1,stimulusMovement,1,-0.7890488902727762,0.45087162405252457,1,3.0989227294921875,1,-0.7051009866926404,0.473291240632534,1,2.9429931640625
18242.751,13,1,1,stimulusMovement,1,-0.7980276544888814,0.43806619942188263,1,3.2027130126953125,1,-0.7248621781667073,0.4511784389615059,1,3.1093292236328125
18259.418,13,1,1,stimulusMovement,1,-0.8023317058881123,0.4753183964639902,1,3.0536956787109375,1,-0.712915817896525,0.4653519466519356,1,2.9871368408203125
18276.084,13,1,1,stimulusMovement,1,-0.8350152340200212,0.4986271830275655,1,3.0894927978515625,1,-0.7225094238917033,0.470745712518692,1,2.95672607421875
18292.75,13,1,1,stimulusMovement,1,-0.8089120123121473,0.4645726643502712,1,3.0844573974609375,1,-0.7385825978385078,0.45993975549936295,1,2.9824981689453125
18309.417,13,1,1,stimulusMovement,1,-0.8432167106204562,0.46118758246302605,1,3.1588897705078125,1,-0.7572745084762573,0.4758227225393057,1,2.9911651611328125
18326.083,13,1,1,stimulusMovement,1,-0.7756341828240289,0.42914366722106934,1,3.2733612060546875,1,-0.7569399409823947,0.47372277826070786,1,3.067047119140625
18342.749,13,1,1,stimulusMovement,1,-0.8551599151558346,0.46960118412971497,1,3.18218994140625,1,-0.7607345183690388,0.4854922853410244,1,2.9617156982421875
18359.415,13,1,1,stimulusMovement,1,-0.853890147474077,0.46172335743904114,1,3.1942596435546875,1,-0.7698206901550293,0.47596434131264687,1,2.9403533935546875
18376.082,13,1,1,stimulusMovement,1,-0.873433909482426,0.4833970218896866,1,3.1254425048828125,1,-0.7531989680396186,0.45175692811608315,1,3.0974578857421875
18392.748,13,1,1,stimulusMovement,1,-0.8865310913986629,0.4741801805794239,1,3.173553466796875,1,-0.7789440883530511,0.4996936898678541,1,3.0495758056640625
18409.414,13,1,1,stimulusMovement,1,-0.8698543575074937,0.4767788387835026,1,3.1503143310546875,1,-0.7888692749871148,0.5049447659403086,1,3.1199188232421875
18426.081,13,1,1,stimulusMovement,1,-0.8527007798353831,0.47669437155127525,1,3.1272430419921875,1,-0.7699522177378336,0.4666253291070461,1,3.028076171875
18442.746,13,1,1,stimulusMovement,1,-0.8564200732443067,0.4634300395846367,1,3.2179412841796875,1,-0.7731055418650309,0.49407631903886795,1,3.0537261962890625
18459.413,13,1,1,stimulusMovement,1,-0.8448524143960741,0.45422638952732086,1,3.215606689453125,1,-0.7528771824306911,0.4752119965851307,1,3.0207061767578125
18476.08,13,1,1,stimulusMovement,1,-0.8192195892333984,0.468845559284091,1,3.239776611328125,1,-0.7651791837480333,0.49860884342342615,1,3.01611328125
18492.746,13,1,1,stimulusMovement,1,-0.8273420929908752,0.42872174829244614,1,3.2877349853515625,1,-0.7290188206566705,0.4885907955467701,1,2.961944580078125
18509.412,13,1,1,stimulusMovement,1,-0.8297999567455715,0.45645665749907494,1,3.2193450927734375,1,-0.7409722672568427,0.4748236685991287,1,3.0231170654296875
18526.079,13,1,1,stimulusMovement,1,-0.8040406770176357,0.4652840569615364,1,3.2342987060546875,1,-0.7737425168355305,0.47148832865059376,1,3.0425567626953125
18542.745,13,1,1,stimulusMovement,1,-0.8003584742546082,0.4602573700249195,1,3.2867279052734375,1,-0.7224554750654432,0.47387307696044445,1,3.0951995849609375
18559.411,13,1,1,stimulusMovement,1,-0.7984196212556627,0.48190346732735634,1,3.1767425537109375,1,-0.7118808693355984,0.437291719019413,1,3.1922607421875
18576.078,13,1,1,stimulusMovement,1,-0.7588673962487115,0.42086661607027054,1,3.426483154296875,1,-0.7088029649522569,0.4630403332412243,1,3.0951080322265625
18592.744,13,1,1,stimulusMovement,1,-0.783086617787679,0.41540032625198364,1,3.4510498046875,1,-0.6896935436460706,0.44411803781986237,1,3.243072509765625
18609.41,13,1,1,stimulusMovement,1,-0.812716715865665,0.47783225402235985,1,3.2626190185546875,1,-0.715970582432217,0.41092799603939056,1,3.27532958984375
18626.077,13,1,1,stimulusMovement,1,-0.7864633666144476,0.32768212258815765,1,3.710540771484375,1,-0.708331028620402,0.43536562472581863,1,3.2439422607421875
18642.743,13,1,1,stimulusMovement,1,-0.8066801561249627,0.4699985571205616,1,3.3390045166015625,1,-0.7003299660152859,0.4843554049730301,1,3.20037841796875
18659.409,13,1,1,stimulusMovement,0,nan,nan,0,nan,1,-0.7227503988477918,0.4860687227919698,1,3.285430908203125
18676.076,13,1,1,stimulusMovement,1,-0.8016664584477742,0.48058304749429226,1,3.3377227783203125,1,-0.7150087753931681,0.4692819006741047,1,3.2787628173828125
18692.741,13,1,1,stimulusMovement,1,-0.8063865767584906,0.4677569568157196,1,3.3603057861328125,1,-0.6962118281258477,0.42698315531015396,1,3.2165985107421875
18709.408,13,1,1,stimulusMovement,1,-0.7535912063386705,0.40423958003520966,1,3.59002685546875,1,-0.6793640984429253,0.40819866955280304,1,3.3473358154296875
18726.075,13,1,1,stimulusMovement,1,-0.8123401800791422,0.4612014889717102,1,3.438018798828125,1,-0.7201485104031032,0.4875308647751808,1,3.3360137939453125
18742.741,13,1,1,stimulusMovement,1,-0.7868863079282972,0.4521431438624859,1,3.46551513671875,1,-0.6975044939253064,0.48271216079592705,1,3.2759552001953125
18759.407,13,1,1,stimulusMovement,1,-0.7410463492075602,0.35208162665367126,1,3.75457763671875,1,-0.6903414196438259,0.45486636832356453,1,3.2162017822265625
18776.074,13,1,1,stimulusMovement,1,-0.7993853953149583,0.44650519639253616,1,3.42266845703125,1,-0.7119422488742404,0.4708642400801182,1,3.267791748046875
18792.739,13,1,1,stimulusMovement,1,-0.833065734969245,0.4480709284543991,1,3.497100830078125,1,-0.7118679152594672,0.4573519378900528,1,3.2592315673828125
18809.406,13,1,1,stimulusMovement,1,-0.8051189051734076,0.45732636004686356,1,3.5169219970703125,1,-0.7084871133168538,0.45807837694883347,1,3.2580718994140625
18826.072,13,1,1,stimulusMovement,1,-0.7974593308236864,0.4592442102730274,1,3.443084716796875,0,nan,nan,0,nan
18842.738,13,1,1,stimulusMovement,1,-0.7779184447394476,0.465420737862587,1,3.4542388916015625,1,-0.7214032808939616,0.4499743990600109,1,3.337188720703125
18859.405,13,1,1,stimulusMovement,1,-0.7082453701231214,0.3527363985776901,1,3.8049468994140625,1,-0.7072735495037502,0.4518386647105217,1,3.32989501953125
18876.071,13,1,1,stimulusMovement,1,-0.797338326772054,0.47481266781687737,1,3.403564453125,1,-0.7163806491427951,0.45875537395477295,1,3.3673553466796875
18892.737,13,1,1,stimulusMovement,1,-0.795439256562127,0.456008605659008,1,3.4545440673828125,1,-0.7100369930267334,0.4551267474889755,1,3.2735595703125
18909.403,13,1,1,stimulusMovement,1,-0.8065364360809326,0.438075240701437,1,3.5423431396484375,1,-0.7422464158799913,0.45247845351696014,1,3.228759765625
18926.07,13,1,1,stimulusMovement,1,-0.7895489070150586,0.46517033874988556,1,3.4448089599609375,1,-0.716170244746738,0.4723037201911211,1,3.2812042236328125
18942.736,13,1,1,stimulusMovement,1,-0.7836893465783861,0.3804470971226692,1,3.6581878662109375,1,-0.6973395082685682,0.4496828466653824,1,3.3256378173828125
18959.403,13,1,1,stimulusMovement,1,-0.7787501811981201,0.44081364944577217,1,3.4699249267578125,1,-0.7351007461547852,0.4892869656905532,1,3.2617340087890625
18976.069,13,1,1,stimulusMovement,1,-0.8116536074214511,0.4842312391847372,1,3.4548797607421875,1,-0.6756423844231499,0.5086093805730343,1,3.166656494140625
18992.735,13,1,1,stimulusMovement,1,-0.7974314557181463,0.47421374171972275,1,3.4533843994140625,1,-0.7018833160400391,0.48330472968518734,1,3.2633819580078125
19009.402,13,1,1,stimulusMovement,1,-0.8207527001698811,0.46875269152224064,1,3.4787750244140625,1,-0.7359060049057007,0.48179449513554573,1,3.27667236328125
19026.068,13,1,1,stimulusMovement,1,-0.8015730778376261,0.48233298398554325,1,3.3461456298828125,1,-0.6851235893037584,0.4940607585012913,1,3.1893463134765625
19042.734,13,1,1,stimulusMovement,1,-0.7847420109642876,0.4670810215175152,1,3.4365081787109375,1,-0.6808657381269666,0.45273009687662125,1,3.28448486328125
19059.401,13,1,1,stimulusMovement,1,-0.7751407888200548,0.5013061350909993,1,3.3997955322265625,1,-0.6910280651516384,0.47055158391594887,1,3.2594757080078125
19076.067,13,1,1,stimulusMovement,1,-0.7903398142920599,0.4691181406378746,1,3.4260711669921875,1,-0.7069223589367336,0.4596959203481674,1,3.27337646484375
19092.734,13,1,1,stimulusMovement,1,-0.8129750291506449,0.47450835071504116,1,3.428802490234375,1,-0.691024276945326,0.4619640149176121,1,3.2932281494140625
19109.399,13,1,1,stimulusMovement,1,-0.7907528943485683,0.47096720337867737,1,3.3861236572265625,1,-0.6800647444195217,0.4443727806210518,1,3.28643798828125
19126.066,13,1,1,stimulusMovement,1,-0.7894578244951036,0.4432006925344467,1,3.518890380859375,1,-0.7099999851650661,0.45884571596980095,1,3.31182861328125
19142.732,13,1,1,stimulusMovement,1,-0.7940233416027492,0.4732362851500511,1,3.367767333984375,1,-0.682281149758233,0.45362523943185806,1,3.326873779296875
19159.398,13,1,1,stimulusMovement,1,-0.7556479242112901,0.4718883093446493,1,3.4377899169921875,1,-0.6892364819844563,0.48586180340498686,1,3.175262451171875
19176.065,13,1,1,stimulusMovement,1,-0.8179809914694891,0.47791194170713425,1,3.4330291748046875,1,-0.7076575358708699,0.4680577591061592,1,3.2291259765625
19192.732,13,1,1,stimulusMovement,1,-0.7792758809195623,0.46232206746935844,1,3.350189208984375,1,-0.6973371505737305,0.4432402104139328,1,3.23565673828125
19209.397,13,1,1,stimulusMovement,1,-0.7667428652445475,0.46342815458774567,1,3.4420623779296875,0,nan,nan,0,nan
19226.063,13,1,1,stimulusMovement,1,-0.780195050769382,0.47484240680933,1,3.4107818603515625,1,-0.6940458350711398,0.4791977237910032,1,3.206146240234375
19242.729,13,1,1,stimulusMovement,1,-0.7752865552902222,0.46758224815130234,1,3.5114898681640625,1,-0.6923864417605929,0.46463102102279663,1,3.26593017578125
19259.396,13,1,1,stimulusMovement,1,-0.7958978944354587,0.47508086636662483,1,3.436248779296875,1,-0.6789940198262532,0.47228680923581123,1,3.1812744140625
19276.062,13,1,1,stimulusMovement,1,-0.7910781701405842,0.47995902597904205,1,3.4400482177734375,1,-0.693919817606608,0.4760960079729557,1,3.23712158203125
19292.728,13,1,1,stimulusMovement,1,-0.7795247501797146,0.48426790721714497,1,3.3896942138671875,1,-0.6994698842366536,0.49034253787249327,1,3.28857421875
19309.395,13,1,1,stimulusMovement,1,-0.7606693108876545,0.45766061544418335,1,3.514984130859375,1,-0.6799450582928127,0.44326480105519295,1,3.3411865234375
19326.061,13,1,1,stimulusMovement,1,-0.7913362383842468,0.4639391861855984,1,3.4498443603515625,1,-0.692604382832845,0.4648752212524414,1,3.2314453125
19342.727,13,1,1,stimulusMovement,1,-0.7718162933985392,0.44223660603165627,1,3.5674591064453125,1,-0.7034075260162354,0.4663064330816269,1,3.2824859619140625
19359.393,13,1,1,stimulusMovement,1,-0.7933506435818142,0.452060516923666,1,3.47528076171875,1,-0.6916640334659152,0.46115150675177574,1,3.33892822265625
19376.06,13,1,1,stimulusMovement,1,-0.7612487342622545,0.46324654668569565,1,3.5518341064453125,0,nan,nan,0,nan
19392.727,13,1,1,stimulusMovement,1,-0.7270341051949395,0.3391764611005783,1,3.8442840576171875,1,-0.6776929166581895,0.4517928957939148,1,3.2858428955078125
19409.393,13,1,1,stimulusMovement,1,-0.7788492441177368,0.47545600682497025,1,3.4965667724609375,1,-0.7331293556425306,0.450332447886467,1,3.3932647705078125
19426.059,13,1,1,stimulusMovement,1,-0.7872567110591464,0.48949711956083775,1,3.490081787109375,1,-0.6875968509250217,0.4284827336668968,1,3.3049468994140625
19442.725,13,1,1,stimulusMovement,1,-0.7949519157409668,0.4488058388233185,1,3.539337158203125,1,-0.6936152511172824,0.4639829359948635,1,3.3137664794921875
19459.391,13,1,1,stimulusMovement,1,-0.787561019261678,0.46319691091775894,1,3.57177734375,1,-0.7144056426154243,0.4689385648816824,1,3.44549560546875
19476.058,13,1,1,stimulusMovement,1,-0.7747001118130153,0.48701968416571617,1,3.5604400634765625,1,-0.6896544032626681,0.40126994997262955,1,3.4482269287109375
19492.724,13,1,1,stimulusMovement,1,-0.8099484973483615,0.4360937029123306,1,3.661163330078125,1,-0.6916533576117622,0.4613501876592636,1,3.33221435546875
19509.39,13,1,1,stimulusMovement,1,-0.7992746697531805,0.4454133212566376,1,3.6462554931640625,0,nan,nan,0,nan
19526.057,13,1,1,stimulusMovement,1,-0.7828977108001709,0.4826411660760641,1,3.57769775390625,1,-0.6945546997918023,0.44617658108472824,1,3.485748291015625
19542.722,13,1,1,stimulusMovement,1,-0.7749019066492716,0.4676600769162178,1,3.6775360107421875,1,-0.6757834752400715,0.4460686147212982,1,3.38311767578125
19559.389,13,1,1,stimulusMovement,1,-0.8031141493055555,0.48983084969222546,1,3.531005859375,1,-0.7147854434119331,0.5134165640920401,1,3.49114990234375
19576.056,13,1,1,stimulusMovement,1,-0.7954087124930487,0.48697588220238686,1,3.5965118408203125,1,-0.6977791521284314,0.45938946306705475,1,3.4811859130859375
19592.721,13,1,1,stimulusMovement,1,-0.7567331526014539,0.416415736079216,1,3.7484588623046875,1,-0.6882937616772121,0.45448037981987,1,3.49908447265625
19609.388,13,1,1,stimulusMovement,1,-0.8202178147104051,0.4643543139100075,1,3.6639251708984375,1,-0.707003222571479,0.4707011841237545,1,3.467864990234375
19626.055,13,1,1,stimulusMovement,1,-0.7051684061686198,0.4005952775478363,1,3.805908203125,0,nan,nan,0,nan
19642.72,13,1,1,stimulusMovement,0,nan,nan,0,nan,1,-0.7303305996788872,0.4625874310731888,1,3.6273956298828125
19659.386,13,1,1,stimulusMovement,1,-0.7909855180316501,0.4810231775045395,1,3.6612548828125,1,-0.7250741455290052,0.4766642637550831,1,3.5042877197265625
19676.053,13,1,1,stimulusMovement,1,-0.7992995844946966,0.465185534209013,1,3.6844024658203125,1,-0.6643953058454725,0.4555302523076534,1,3.5792694091796875
19692.718,13,1,1,stimulusMovement,1,-0.7996784051259358,0.44368911907076836,1,3.7406768798828125,1,-0.6476078033447266,0.5136985052376986,1,3.1985931396484375
19709.385,13,1,1,stimulusMovement,1,-0.7993281152513292,0.4806390833109617,1,3.621826171875,1,-0.6895439094967312,0.4703465923666954,1,3.5138397216796875
19726.052,13,1,1,stimulusMovement,1,-0.7911054624451531,0.46715371310710907,1,3.78302001953125,1,-0.6994066635767618,0.4521652013063431,1,3.4648284912109375
19742.717,13,1,1,stimulusMovement,1,-0.7032124069001939,0.3880692198872566,1,3.9993743896484375,1,-0.7196442286173502,0.4872059728950262,1,3.53192138671875
19759.384,13,1,1,stimulusMovement,1,-0.7526689105563693,0.47732506506145,1,3.7138671875,1,-0.651051574283176,0.45773184299468994,1,3.379547119140625
19776.051,13,1,1,fixation,1,-0.763236575656467,0.47718253545463085,1,3.672088623046875,1,-0.6905453999837239,0.4742948152124882,1,3.4592437744140625
19792.716,13,1,1,fixation,1,-0.8025527861383226,0.45895974338054657,1,3.723724365234375,0,nan,nan,0,nan
19809.383,13,1,1,fixation,1,-0.7782370779249402,0.44011712819337845,1,3.2393646240234375,1,-0.70104890399509,0.4639366567134857,1,3.0351715087890625
19826.049,13,1,1,fixation,0,nan,nan,0,nan,0,nan,nan,0,nan
19842.716,13,1,1,fixation,1,-0.7870646317799885,0.45282597839832306,1,3.6468353271484375,1,-0.7040485805935329,0.47536013647913933,1,3.3490447998046875
19859.382,13,1,1,fixation,1,-0.7836104300287035,0.4475608244538307,1,3.2425537109375,1,-0.6940721140967475,0.4581788294017315,1,3.0281982421875
19876.048,13,1,1,fixation,0,nan,nan,0,nan,0,nan,nan,0,nan
19892.715,13,1,1,fixation,1,-0.7222653494940864,0.4955098070204258,1,3.473785400390625,1,-0.6282158427768283,0.47443622536957264,1,3.260009765625
19909.381,13,1,1,fixation,1,-0.7763230005900065,0.44878948479890823,1,3.24603271484375,1,-0.704295900132921,0.47099995985627174,1,3.040374755859375
19926.047,13,1,1,fixation,0,nan,nan,0,nan,0,nan,nan,0,nan
19942.714,13,1,1,fixation,1,-0.7846738497416178,0.47834005020558834,1,3.651824951171875,1,-0.6932630274030896,0.4730940442532301,1,3.37738037109375
19959.379,13,1,1,fixation,1,-0.7844310402870178,0.45500878244638443,1,3.252655029296875,1,-0.6951669984393649,0.4518989101052284,1,3.043975830078125
19976.046,13,1,1,fixation,0,nan,nan,0,nan,0,nan,nan,0,nan
19992.713,13,1,1,fixation,1,-0.7983118560579088,0.46607276052236557,1,3.730194091796875,1,-0.6652856402926974,0.47687056101858616,1,3.55462646484375
20009.378,13,1,1,fixation,1,-0.8150242898199292,0.480120163410902,1,3.284149169921875,1,-0.7117528385586208,0.4690266605466604,1,3.0783843994140625
20026.045,13,1,1,fixation,0,nan,nan,0,nan,0,nan,nan,0,nan
20042.711,13,1,1,fixation,1,-0.8114589121606615,0.49279082333669066,1,3.713592529296875,1,-0.7543276018566555,0.4884601719677448,1,3.54241943359375
20059.377,13,1,1,fixation,1,-0.8136523101064893,0.47785601392388344,1,3.3101806640625,1,-0.7146054771211412,0.462219662964344,1,3.1161346435546875
20076.044,13,1,1,fixation,0,nan,nan,0,nan,0,nan,nan,0,nan
20092.709,13,1,1,fixation,1,-0.7951370477676392,0.4937518360093236,1,3.6463775634765625,1,-0.7126676506466335,0.4968157971743494,1,3.5282440185546875
20109.375,13,1,1,fixation,1,-0.7961723473336961,0.44436556845903397,1,3.33404541015625,1,-0.7107604609595405,0.46144144982099533,1,3.1546173095703125
20126.042,13,1,1,fixation,0,nan,nan,0,nan,0,nan,nan,0,nan
20142.708,13,1,1,fixation,1,-0.7826594246758355,0.4966196767054498,1,3.779876708984375,0,nan,nan,0,nan
20159.374,13,1,1,fixation,1,-0.7881709337234497,0.447199072688818,1,3.3697967529296875,1,-0.703581240442064,0.44951990246772766,1,3.195220947265625
20176.041,13,1,1,fixation,0,nan,nan,0,nan,0,nan,nan,0,nan
20192.707,13,1,1,fixation,1,-0.7389200131098429,0.43743903934955597,1,3.987091064453125,1,-0.7124586370256212,0.4890766926109791,1,3.593231201171875
20209.373,13,1,1,fixation,1,-0.7940546671549479,0.4534342885017395,1,3.4155120849609375,1,-0.6999529467688667,0.4413490705192089,1,3.237274169921875
20226.039,13,1,1,fixation,0,nan,nan,0,nan,0,nan,nan,0,nan
20242.706,13,1,1,fixation,1,-0.7784440451198154,0.4795311912894249,1,3.8970794677734375,1,-0.6831564505894978,0.4908212963491678,1,3.5956268310546875
20259.372,13,1,1,fixation,1,-0.7878455585903591,0.4403174966573715,1,3.4650115966796875,1,-0.699420346154107,0.4284342974424362,1,3.285675048828125
20276.038,13,1,1,fixation,0,nan,nan,0,nan,0,nan,nan,0,nan
20292.705,13,1,1,fixation,1,-0.7889733380741543,0.49617703165858984,1,3.968658447265625,0,nan,nan,0,nan
20309.37,13,1,1,fixation,1,-0.7845252222485012,0.43476932495832443,1,3.5008697509765625,1,-0.6964205106099446,0.4245188981294632,1,3.321685791015625
20326.037,13,1,1,fixation,0,nan,nan,0,nan,0,nan,nan,0,nan
20342.704,13,1,1,fixation,1,-0.7840442458788554,0.49819984985515475,1,3.86090087890625,1,-0.7142111592822604,0.47762587293982506,1,3.8761444091796875
20359.369,13,1,1,fixation,1,-0.7902071608437432,0.4473382532596588,1,3.5394287109375,1,-0.6928941408793131,0.42651214450597763,1,3.375762939453125
20376.036,13,1,1,fixation,0,nan,nan,0,nan,0,nan,nan,0,nan
20392.702,13,1,1,fixation,1,-0.8067310651143391,0.45245370641350746,1,4.1009979248046875,1,-0.701234049267239,0.5070768496952951,1,3.87322998046875
20409.368,13,1,1,fixation,1,-0.7836091253492566,0.43189261108636856,1,3.5723724365234375,1,-0.6912913587358263,0.40583599358797073,1,3.4025421142578125
20426.035,13,1,1,fixation,0,nan,nan,0,nan,0,nan,nan,0,nan
20442.701,13,1,1,fixation,1,-0.7724396520190768,0.5002637769794092,1,4.047393798828125,1,-0.6578461858961316,0.5131244109943509,1,3.659576416015625
20459.367,13,1,1,fixation,1,-0.7843767205874125,0.4376003220677376,1,3.608184814453125,1,-0.6924848159154255,0.414400152862072,1,3.448822021484375
20476.033,13,1,1,fixation,0,nan,nan,0,nan,0,nan,nan,0,nan
20492.7,13,1,1,fixation,1,-0.7072186602486504,0.3934548422694206,1,4.308990478515625,1,-0.6259342564476861,0.4718962851911783,1,4.0309600830078125
20509.366,13,1,1,fixation,1,-0.7773833407296075,0.4207725524902344,1,3.6439056396484375,1,-0.6882170836130778,0.3967439979314804,1,3.4858245849609375
20526.032,13,1,1,fixation,0,nan,nan,0,nan,0,nan,nan,0,nan
20542.698,13,1,1,fixation,1,-0.8157439298099941,0.4839063175022602,1,4.2686767578125,1,-0.6345284250047472,0.5451503917574883,1,3.64923095703125
20559.363,13,1,1,fixation,1,-0.7841027710172864,0.4225369244813919,1,3.6823577880859375,1,-0.6941314935684204,0.40429243445396423,1,3.531494140625
20576.03,13,1,1,fixation,0,nan,nan,0,nan,0,nan,nan,0,nan
20592.697,13,1,1,fixation,1,-0.8028619289398193,0.46306734904646873,1,4.1869354248046875,0,nan,nan,0,nan
20609.362,13,1,1,fixation,1,-0.7887996567620171,0.42235493659973145,1,3.7201995849609375,1,-0.6872536606258816,0.401811808347702,1,3.5636749267578125
20626.029,13,1,1,fixation,0,nan,nan,0,nan,0,nan,nan,0,nan
20642.695,13,1,1,fixation,1,-0.5313691563076443,0.3953617736697197,1,4.3468017578125,1,-0.40877946217854816,0.4732776302844286,1,4.0439910888671875
20659.361,13,1,1,fixation,1,-0.34267626868353945,0.3711092174053192,1,3.74951171875,1,-0.19743357764350042,0.36154940724372864,1,3.5788116455078125
20676.028,13,1,1,fixation,0,nan,nan,0,nan,0,nan,nan,0,nan
20692.694,13,1,1,fixation,1,0.14886305067274305,0.3424815684556961,1,4.2522735595703125,1,0.23419761657714844,0.3415905684232712,1,3.9322052001953125
20709.36,13,1,1,fixation,1,0.24367470211452907,0.27541953325271606,1,3.7899017333984375,1,0.37275303734673393,0.3009304851293564,1,3.5805511474609375
20726.026,13,1,1,fixation,0,nan,nan,0,nan,0,nan,nan,0,nan
20742.693,13,1,1,fixation,1,0.39789708455403644,0.22093084454536438,1,4.4911956787109375,1,0.4363592995537652,0.30400919914245605,1,4.0607147216796875
20759.359,13,1,1,fixation,1,0.3127034505208333,0.2860628515481949,1,3.8130340576171875,1,0.41174093882242835,0.2936888486146927,1,3.595062255859375
20776.025,13,1,1,fixation,0,nan,nan,0,nan,0,nan,nan,0,nan
20792.692,13,1,1,fixation,1,0.42378351423475474,0.2554638981819153,1,4.523193359375,1,0.44477770063612193,0.3281780183315277,1,4.0446624755859375
20809.357,13,1,1,fixation,1,0.31201595730251735,0.2745704799890518,1,3.82781982421875,1,0.4180307388305664,0.303846538066864,1,3.6077728271484375
20826.024,13,1,1,fixation,0,nan,nan,0,nan,0,nan,nan,0,nan
20842.691,13,1,1,fixation,0,nan,nan,0,nan,1,0.42309125264485675,0.28837327659130096,1,4.0932159423828125
20859.357,13,1,1,fixation,1,0.3120009104410807,0.272981733083725,1,3.813690185546875,1,0.4172787136501736,0.29798299074172974,1,3.601043701171875
20876.024,13,1,1,fixation,0,nan,nan,0,nan,0,nan,nan,0,nan
20892.691,13,1,1,fixation,1,0.4146639506022135,0.33255448937416077,1,4.2876129150390625,0,nan,nan,0,nan
20909.357,13,1,1,fixation,1,0.32509962717692054,0.28521545231342316,1,3.76715087890625,1,0.42789660559760195,0.30710089206695557,1,3.5650634765625
20926.024,13,1,1,fixation,0,nan,nan,0,nan,0,nan,nan,0,nan
20942.691,13,1,1,fixation,1,0.5363182491726345,0.2718527913093567,1,4.31976318359375,0,nan,nan,0,nan
20959.357,13,1,1,fixation,1,0.5808741251627604,0.1805049479007721,1,3.7190093994140625,1,0.7612771987915039,0.2506400942802429,1,3.4999542236328125
20976.023,13,1,1,fixation,0,nan,nan,0,nan,0,nan,nan,0,nan
20992.69,13,1,1,fixation,1,0.7926202350192599,0.16691488027572632,1,4.3429718017578125,1,0.8300129572550455,0.22197940945625305,1,3.9198455810546875
21009.356,13,1,1,fixation,1,0.7207272847493489,0.18185493350028992,1,3.665252685546875,1,0.8386124504937066,0.23292064666748047,1,3.4471588134765625
21026.023,13,1,1,fixation,0,nan,nan,0,nan,0,nan,nan,0,nan
21042.69,13,1,1,fixation,1,0.7807706197102864,0.13453185558319092,1,4.501495361328125,1,0.845701429578993,0.2918638736009598,1,3.702850341796875
21059.356,13,1,1,stimulusMovement,1,0.7274598015679253,0.18444615602493286,1,3.612030029296875,1,0.840510262383355,0.2323630154132843,1,3.39495849609375
21076.023,13,1,1,stimulusMovement,0,nan,nan,0,nan,0,nan,nan,0,nan
21092.69,13,1,1,stimulusMovement,0,nan,nan,0,nan,1,0.8697296778361002,0.19963642954826355,1,3.807769775390625
21109.356,13,1,1,stimulusMovement,1,0.8326749801635742,0.11108064651489258,1,4.517822265625,1,0.8228882683648003,0.21574783325195312,1,3.848480224609375
21126.023,13,1,1,stimulusMovement,1,0.8269418080647786,0.1279824674129486,1,4.47650146484375,1,0.8560352325439453,0.2216147780418396,1,3.7561798095703125
21142.689,13,1,1,stimulusMovement,1,0.8268926408555772,0.10362228751182556,1,4.57086181640625,1,0.7906531227959527,0.19670051336288452,1,4.033050537109375
21159.356,13,1,1,stimulusMovement,1,0.8805421193440754,0.09001654386520386,1,4.4607696533203125,1,0.9737432267930772,0.18348821997642517,1,3.680419921875
21176.023,13,1,1,stimulusMovement,1,1.0532716115315754,0.04209432005882263,1,4.191925048828125,1,1.1969596015082464,0.16039198637008667,1,3.6902313232421875
21192.689,13,1,1,stimulusMovement,1,1.121890385945638,0.031832218170166016,1,4.12359619140625,1,1.20649168226454,0.12620145082473755,1,3.6480255126953125
21209.356,13,1,1,stimulusMovement,1,1.1366776360405815,0.023593366146087646,1,4.149749755859375,1,1.203588909573025,0.07410699129104614,1,3.69659423828125
21226.023,13,1,1,stimulusMovement,1,1.1763178507486978,0.02979874610900879,1,4.1291656494140625,1,1.2141541375054252,0.062434613704681396,1,3.70147705078125
21242.689,13,1,1,stimulusMovement,1,1.132255130343967,0.1326935887336731,1,3.855926513671875,1,1.1821589999728732,0.05794167518615723,1,3.7613525390625
21259.356,13,1,1,stimulusMovement,1,1.1445643107096353,0.06543409824371338,1,3.7132415771484375,1,1.1724109649658203,0.08938822150230408,1,3.768310546875
21276.023,13,1,1,stimulusMovement,0,nan,nan,0,nan,1,1.2219738430447047,0.09318023920059204,1,3.681793212890625
21292.689,13,1,1,stimulusMovement,1,1.15967411465115,0.13711777329444885,1,3.8391876220703125,1,1.1396105024549696,0.06673222780227661,1,3.7978515625
21309.356,13,1,1,stimulusMovement,1,1.1535629696316188,0.04901641607284546,1,4.0386505126953125,1,1.1995872921413844,0.07727128267288208,1,3.7460784912109375
21326.023,13,1,1,stimulusMovement,1,1.2052726745605469,0.07451915740966797,1,4.0899505615234375,1,1.21451907687717,0.06899094581604004,1,3.7139434814453125
21342.69,13,1,1,stimulusMovement,1,1.1040191650390625,0.09822484850883484,1,3.773193359375,1,1.220328648885091,0.06533080339431763,1,3.633453369140625
21359.356,13,1,1,stimulusMovement,0,nan,nan,0,nan,1,1.1703016493055556,0.05967062711715698,1,3.7417755126953125
21376.023,13,1,1,stimulusMovement,1,1.1595011817084417,0.0269889235496521,1,4.18157958984375,1,1.233949449327257,0.08183282613754272,1,3.637481689453125
21392.689,13,1,1,stimulusMovement,1,1.1233624352349174,0.094847172498703,1,3.80267333984375,1,1.2318316565619574,0.1343812346458435,1,3.4683685302734375
21409.355,13,1,1,stimulusMovement,0,nan,nan,0,nan,0,nan,nan,0,nan
21426.022,13,1,1,stimulusMovement,1,1.2370495266384547,0.052048325538635254,1,4.194061279296875,1,1.1070664723714192,0.05307960510253906,1,3.9055938720703125
21442.688,13,1,1,stimulusMovement,0,nan,nan,0,nan,1,1.188073052300347,0.04701274633407593,1,3.641754150390625
21459.355,13,1,1,stimulusMovement,1,1.1470680236816406,0.011699467897415161,1,4.0028076171875,0,nan,nan,0,nan
21476.022,13,1,1,stimulusMovement,0,nan,nan,0,nan,1,1.2518302069769964,0.045989036560058594,1,3.721435546875
21492.688,13,1,1,stimulusMovement,0,nan,nan,0,nan,1,1.233663558959961,0.07382586598396301,1,3.7147979736328125
21509.355,13,1,1,stimulusMovement,1,1.116064707438151,0.03535810112953186,1,3.895660400390625,1,1.202937020195855,0.08866649866104126,1,3.75030517578125
21526.022,13,1,1,stimulusMovement,1,1.1323808034261067,0.06725877523422241,1,3.9853363037109375,1,1.2196979522705078,0.04251602292060852,1,3.765350341796875
21542.688,13,1,1,stimulusMovement,1,1.1424452463785806,0.025352060794830322,1,3.9747314453125,1,1.1784453921847873,0.042378008365631104,1,3.8634490966796875
21559.355,13,1,1,stimulusMovement,1,1.1290711296929252,0.037001848220825195,1,3.9964447021484375,1,1.195081075032552,0.050274819135665894,1,3.7982940673828125
21576.022,13,1,1,stimulusMovement,1,1.1397772894965277,0.04749995470046997,1,3.997467041015625,1,1.2243033515082464,0.03636738657951355,1,3.730926513671875
21592.689,13,1,1,stimulusMovement,1,1.1088506910536025,0.03650924563407898,1,4.0080718994140625,1,1.2211280398898654,0.029108494520187378,1,3.741119384765625
21609.355,13,1,1,stimulusMovement,1,1.149683634440104,0.029549062252044678,1,4.044036865234375,1,1.215153588189019,0.06363838911056519,1,3.8322296142578125
21626.022,13,1,1,stimulusMovement,1,1.0996498531765408,0.04382273554801941,1,3.9871978759765625,1,1.2666668362087672,0.0635579526424408,1,3.8259429931640625
21642.688,13,1,1,stimulusMovement,1,1.1391944885253906,0.040531009435653687,1,4.06829833984375,1,1.2360102335611978,0.06575694680213928,1,3.7637786865234375
21659.355,13,1,1,stimulusMovement,1,1.1312378777398002,0.058160364627838135,1,4.0385894775390625,1,1.2514627244737413,0.08035328984260559,1,3.7594757080078125
21676.022,13,1,1,stimulusMovement,1,1.131472693549262,0.023289412260055542,1,4.0620880126953125,1,1.2562834421793618,0.054002583026885986,1,3.7596282958984375
21692.689,13,1,1,stimulusMovement,1,1.1290514204237196,0.012711882591247559,1,4.0964202880859375,1,1.252293268839518,0.06338024139404297,1,3.80377197265625
21709.355,13,1,1,stimulusMovement,1,1.095203611585829,0.03177666664123535,1,4.063873291015625,1,1.2496011522081163,0.0883793830871582,1,3.7654266357421875
21726.022,13,1,1,stimulusMovement,1,1.129765404595269,-0.0031518936157226562,1,4.02606201171875,1,1.2095894283718531,0.06299689412117004,1,3.85382080078125
21742.689,13,1,1,stimulusMovement,0,nan,nan,0,nan,1,1.2495786878797743,0.072745680809021,1,3.9305267333984375
21759.355,13,1,1,stimulusMovement,1,1.1508782704671223,0.049541741609573364,1,4.1252288818359375,1,1.1776606241861978,0.06408315896987915,1,4.0187225341796875
21776.022,13,1,1,stimulusMovement,1,1.102182388305664,0.07565543055534363,1,3.988433837890625,1,1.2399730682373047,0.09482783079147339,1,3.8786468505859375
21792.688,13,1,1,stimulusMovement,0,nan,nan,0,nan,1,1.2041185167100694,0.05891215801239014,1,3.9893951416015625
21809.355,13,1,1,stimulusMovement,1,1.1137040456136067,0.03861093521118164,1,4.34552001953125,1,1.2719906700981987,0.09858405590057373,1,3.8642425537109375
21826.022,13,1,1,stimulusMovement,0,nan,nan,0,nan,1,1.2037467956542969,0.04800528287887573,1,4.0328521728515625
21842.687,13,1,1,stimulusMovement,1,1.1496401892768011,0.06222569942474365,1,4.23687744140625,1,1.1724929809570312,0.039970457553863525,1,4.152557373046875
21859.354,13,1,1,stimulusMovement,1,1.1219963497585719,0.03209349513053894,1,4.322540283203125,1,1.260489781697591,0.07363519072532654,1,3.9654083251953125
21876.021,13,1,1,stimulusMovement,1,1.0912738376193576,0.09651884436607361,1,4.2972564697265625,1,1.2600871192084417,0.07357653975486755,1,4.0034942626953125
21892.687,13,1,1,stimulusMovement,0,nan,nan,0,nan,1,1.4627545674641926,0.12215355038642883,1,4.070831298828125
21909.354,13,1,1,stimulusMovement,1,1.5811898973253038,0.16485100984573364,1,4.2256927490234375,1,1.9395612080891926,0.05075478553771973,1,3.4775848388671875
21926.021,13,1,1,stimulusMovement,0,nan,nan,0,nan,0,nan,nan,0,nan
21942.687,13,1,1,stimulusMovement,1,-1.0847731431325276,-0.3893965482711792,1,3.39111328125,0,nan,nan,0,nan
21959.354,13,1,1,stimulusMovement,0,nan,nan,0,nan,0,nan,nan,0,nan
21976.021,13,1,1,stimulusMovement,0,nan,nan,0,nan,0,nan,nan,0,nan
21992.687,13,1,1,stimulusMovement,0,nan,nan,0,nan,0,nan,nan,0,nan
22009.354,13,1,1,stimulusMovement,0,nan,nan,0,nan,0,nan,nan,0,nan
22026.021,13,1,1,stimulusMovement,0,nan,nan,0,nan,0,nan,nan,0,nan
22042.687,13,1,1,stimulusMovement,0,nan,nan,0,nan,0,nan,nan,0,nan
22059.354,13,1,1,stimulusMovement,0,nan,nan,0,nan,0,nan,nan,0,nan
22076.021,13,1,1,stimulusMovement,0,nan,nan,0,nan,0,nan,nan,0,nan
22092.687,13,1,1,stimulusMovement,0,nan,nan,0,nan,0,nan,nan,0,nan
22109.354,13,1,1,stimulusMovement,0,nan,nan,0,nan,0,nan,nan,0,nan
22126.021,13,1,1,stimulusMovement,0,nan,nan,0,nan,0,nan,nan,0,nan
22142.688,13,1,1,stimulusMovement,0,nan,nan,0,nan,0,nan,nan,0,nan
22159.354,13,1,1,stimulusMovement,0,nan,nan,0,nan,0,nan,nan,0,nan
22176.021,13,1,1,stimulusMovement,0,nan,nan,0,nan,0,nan,nan,0,nan
22192.687,13,1,1,stimulusMovement,0,nan,nan,0,nan,0,nan,nan,0,nan
22209.354,13,1,1,stimulusMovement,0,nan,nan,0,nan,0,nan,nan,0,nan
22226.02,13,1,1,stimulusMovement,0,nan,nan,0,nan,0,nan,nan,0,nan
22242.687,13,1,1,stimulusMovement,0,nan,nan,0,nan,0,nan,nan,0,nan
22259.354,13,1,1,stimulusMovement,0,nan,nan,0,nan,0,nan,nan,0,nan
22276.02,13,1,1,stimulusMovement,0,nan,nan,0,nan,0,nan,nan,0,nan
22292.686,13,1,1,stimulusMovement,0,nan,nan,0,nan,0,nan,nan,0,nan
22309.353,13,1,1,stimulusMovement,0,nan,nan,0,nan,0,nan,nan,0,nan
22326.021,13,1,1,stimulusMovement,0,nan,nan,0,nan,0,nan,nan,0,nan
22342.689,13,1,1,stimulusMovement,0,nan,nan,0,nan,0,nan,nan,0,nan
22359.357,13,1,1,stimulusMovement,0,nan,nan,0,nan,0,nan,nan,0,nan
22376.024,13,1,1,stimulusMovement,0,nan,nan,0,nan,0,nan,nan,0,nan
22392.693,13,1,1,stimulusMovement,0,nan,nan,0,nan,0,nan,nan,0,nan
22409.361,13,1,1,stimulusMovement,0,nan,nan,0,nan,0,nan,nan,0,nan
22426.028,13,1,1,stimulusMovement,0,nan,nan,0,nan,0,nan,nan,0,nan
22442.696,13,1,1,stimulusMovement,0,nan,nan,0,nan,0,nan,nan,0,nan
22459.364,13,1,1,stimulusMovement,0,nan,nan,0,nan,0,nan,nan,0,nan
22476.032,13,1,1,stimulusMovement,0,nan,nan,0,nan,0,nan,nan,0,nan
22492.692,13,1,1,stimulusMovement,0,nan,nan,0,nan,0,nan,nan,0,nan
22509.359,13,1,1,stimulusMovement,0,nan,nan,0,nan,0,nan,nan,0,nan
22526.027,13,1,1,stimulusMovement,0,nan,nan,0,nan,0,nan,nan,0,nan
22542.695,13,1,1,stimulusMovement,0,nan,nan,0,nan,0,nan,nan,0,nan
22559.363,13,1,1,stimulusMovement,0,nan,nan,0,nan,0,nan,nan,0,nan
22576.03,13,1,1,stimulusMovement,0,nan,nan,0,nan,0,nan,nan,0,nan
22592.698,13,1,1,stimulusMovement,0,nan,nan,0,nan,0,nan,nan,0,nan
22609.358,13,1,1,stimulusMovement,0,nan,nan,0,nan,0,nan,nan,0,nan
22626.026,13,1,1,stimulusMovement,0,nan,nan,0,nan,0,nan,nan,0,nan
22642.693,13,1,1,stimulusMovement,0,nan,nan,0,nan,0,nan,nan,0,nan
22659.361,13,1,1,stimulusMovement,0,nan,nan,0,nan,0,nan,nan,0,nan
22676.029,13,1,1,stimulusMovement,0,nan,nan,0,nan,0,nan,nan,0,nan
22692.697,13,1,1,stimulusMovement,0,nan,nan,0,nan,0,nan,nan,0,nan
22709.364,13,1,1,stimulusMovement,0,nan,nan,0,nan,0,nan,nan,0,nan
22726.023,13,1,1,stimulusMovement,0,nan,nan,0,nan,0,nan,nan,0,nan
22742.691,13,1,1,stimulusMovement,0,nan,nan,0,nan,0,nan,nan,0,nan
22759.359,13,1,1,stimulusMovement,0,nan,nan,0,nan,0,nan,nan,0,nan
22776.027,13,1,1,stimulusMovement,0,nan,nan,0,nan,0,nan,nan,0,nan
22792.694,13,1,1,stimulusMovement,0,nan,nan,0,nan,0,nan,nan,0,nan
22809.362,13,1,1,stimulusMovement,0,nan,nan,0,nan,0,nan,nan,0,nan
22826.03,13,1,1,stimulusMovement,0,nan,nan,0,nan,0,nan,nan,0,nan
22842.69,13,1,1,stimulusMovement,0,nan,nan,0,nan,0,nan,nan,0,nan
22859.358,13,1,1,stimulusMovement,0,nan,nan,0,nan,0,nan,nan,0,nan
22876.025,13,1,1,stimulusMovement,0,nan,nan,0,nan,0,nan,nan,0,nan
22892.693,13,1,1,stimulusMovement,0,nan,nan,0,nan,0,nan,nan,0,nan
22909.361,13,1,1,stimulusMovement,0,nan,nan,0,nan,0,nan,nan,0,nan
22926.029,13,1,1,stimulusMovement,0,nan,nan,0,nan,0,nan,nan,0,nan
22942.696,13,1,1,stimulusMovement,0,nan,nan,0,nan,0,nan,nan,0,nan
22959.356,13,1,1,stimulusMovement,0,nan,nan,0,nan,0,nan,nan,0,nan
22976.022,13,1,1,stimulusMovement,0,nan,nan,0,nan,0,nan,nan,0,nan
22992.689,13,1,1,stimulusMovement,0,nan,nan,0,nan,0,nan,nan,0,nan
23009.356,13,1,1,stimulusMovement,0,nan,nan,0,nan,0,nan,nan,0,nan
23026.022,13,1,1,stimulusMovement,0,nan,nan,0,nan,0,nan,nan,0,nan
23042.689,13,1,1,stimulusMovement,0,nan,nan,0,nan,0,nan,nan,0,nan
23059.356,13,1,1,stimulusMovement,0,nan,nan,0,nan,0,nan,nan,0,nan
23076.022,13,1,1,stimulusMovement,0,nan,nan,0,nan,0,nan,nan,0,nan
23092.689,13,1,1,stimulusMovement,0,nan,nan,0,nan,0,nan,nan,0,nan
23109.356,13,1,1,stimulusMovement,0,nan,nan,0,nan,0,nan,nan,0,nan
23126.023,13,1,1,stimulusMovement,0,nan,nan,0,nan,0,nan,nan,0,nan
23142.69,13,1,1,stimulusMovement,0,nan,nan,0,nan,0,nan,nan,0,nan
23159.355,13,1,1,stimulusMovement,0,nan,nan,0,nan,0,nan,nan,0,nan
23176.022,13,1,1,stimulusMovement,0,nan,nan,0,nan,0,nan,nan,0,nan
23192.688,13,1,1,stimulusMovement,0,nan,nan,0,nan,0,nan,nan,0,nan
23209.355,13,1,1,stimulusMovement,0,nan,nan,0,nan,0,nan,nan,0,nan
23226.022,13,1,1,stimulusMovement,0,nan,nan,0,nan,0,nan,nan,0,nan
23242.688,13,1,1,stimulusMovement,0,nan,nan,0,nan,0,nan,nan,0,nan
23259.355,13,1,1,stimulusMovement,0,nan,nan,0,nan,0,nan,nan,0,nan
23276.022,13,1,1,stimulusMovement,0,nan,nan,0,nan,0,nan,nan,0,nan
23292.688,13,1,1,stimulusMovement,0,nan,nan,0,nan,0,nan,nan,0,nan
23309.355,13,1,1,stimulusMovement,0,nan,nan,0,nan,0,nan,nan,0,nan
23326.022,13,1,1,stimulusMovement,0,nan,nan,0,nan,0,nan,nan,0,nan
23342.688,13,1,1,stimulusMovement,0,nan,nan,0,nan,0,nan,nan,0,nan
23359.355,13,1,1,stimulusMovement,0,nan,nan,0,nan,0,nan,nan,0,nan
23376.022,13,1,1,stimulusMovement,0,nan,nan,0,nan,0,nan,nan,0,nan
23392.688,13,1,1,stimulusMovement,0,nan,nan,0,nan,0,nan,nan,0,nan
23409.354,13,1,1,stimulusMovement,0,nan,nan,0,nan,0,nan,nan,0,nan
23426.021,13,1,1,stimulusMovement,0,nan,nan,0,nan,0,nan,nan,0,nan
23442.688,13,1,1,stimulusMovement,0,nan,nan,0,nan,0,nan,nan,0,nan
23459.354,13,1,1,stimulusMovement,0,nan,nan,0,nan,0,nan,nan,0,nan
23476.021,13,1,1,stimulusMovement,0,nan,nan,0,nan,0,nan,nan,0,nan
23492.688,13,1,1,stimulusMovement,0,nan,nan,0,nan,0,nan,nan,0,nan
23509.355,13,1,1,stimulusMovement,0,nan,nan,0,nan,0,nan,nan,0,nan
23526.022,13,1,1,stimulusMovement,0,nan,nan,0,nan,0,nan,nan,0,nan
23542.69,13,1,1,stimulusMovement,0,nan,nan,0,nan,0,nan,nan,0,nan
23559.356,13,1,1,stimulusMovement,0,nan,nan,0,nan,0,nan,nan,0,nan
23576.023,13,1,1,stimulusMovement,0,nan,nan,0,nan,0,nan,nan,0,nan
23592.689,13,1,1,stimulusMovement,0,nan,nan,0,nan,0,nan,nan,0,nan
23609.355,13,1,1,stimulusMovement,0,nan,nan,0,nan,0,nan,nan,0,nan
23626.022,13,1,1,stimulusMovement,0,nan,nan,0,nan,0,nan,nan,0,nan
23642.689,13,1,1,stimulusMovement,0,nan,nan,0,nan,0,nan,nan,0,nan
23659.355,13,1,1,stimulusMovement,0,nan,nan,0,nan,0,nan,nan,0,nan
23676.021,13,1,1,stimulusMovement,0,nan,nan,0,nan,0,nan,nan,0,nan
23692.687,13,1,1,stimulusMovement,0,nan,nan,0,nan,0,nan,nan,0,nan
23709.353,13,1,1,stimulusMovement,0,nan,nan,0,nan,0,nan,nan,0,nan
23726.022,13,1,1,stimulusMovement,1,-0.7786480453279283,-0.4803835153579712,1,3.9344940185546875,1,-0.7003890143500434,-0.5613000392913818,1,4.02349853515625
23742.688,13,1,1,stimulusMovement,1,-0.7881132231818304,-0.4798816442489624,1,3.9208526611328125,0,nan,nan,0,nan
23759.354,13,1,1,stimulusMovement,1,-0.7776674297120836,-0.45114219188690186,1,3.974456787109375,1,-0.6653499868181016,-0.533500075340271,1,3.9113006591796875
23776.021,13,1,1,stimulusMovement,1,-0.7711685763465034,-0.4726589322090149,1,3.9088897705078125,0,nan,nan,0,nan
23792.687,13,1,1,stimulusMovement,1,-0.7671173810958862,-0.3603031635284424,1,3.983612060546875,1,-0.6310984293619791,-0.4019947052001953,1,3.87213134765625
23809.354,13,1,1,stimulusMovement,1,-0.8254614141252306,-0.2960311770439148,1,3.8833160400390625,0,nan,nan,0,nan
23826.021,13,1,1,stimulusMovement,1,-0.7998552322387695,-0.31097692251205444,1,3.85406494140625,1,-0.7100086212158203,-0.3562653660774231,1,3.7960968017578125
23842.687,13,1,1,stimulusMovement,1,-0.8309156497319539,-0.318408727645874,1,3.832733154296875,0,nan,nan,0,nan
23859.354,13,1,1,stimulusMovement,1,-0.8387747936778598,-0.3341001272201538,1,3.8359222412109375,0,nan,nan,0,nan
23876.021,13,1,1,stimulusMovement,1,-0.8027852906121148,-0.319710910320282,1,3.8683929443359375,1,-0.7653992705874972,-0.4421103000640869,1,4.1514892578125
23892.687,13,1,1,stimulusMovement,1,-0.8571132487720913,-0.33719414472579956,1,3.8200225830078125,0,nan,nan,0,nan
23909.354,13,1,1,stimulusMovement,1,-0.8226524657673305,-0.3038908839225769,1,3.7568817138671875,1,-0.6994140280617608,-0.3780858516693115,1,3.7379150390625
23926.021,13,1,1,stimulusMovement,0,nan,nan,0,nan,0,nan,nan,0,nan
23942.687,13,1,1,stimulusMovement,1,-0.8090648319986131,-0.308893620967865,1,3.8480377197265625,1,-0.7270572582880656,-0.3470049500465393,1,3.7383880615234375
23959.354,13,1,1,stimulusMovement,1,-0.8151656786600748,-0.3147547245025635,1,3.7633514404296875,0,nan,nan,0,nan
23976.021,13,1,1,stimulusMovement,1,-0.8051442503929138,-0.3345227837562561,1,3.760101318359375,0,nan,nan,0,nan
23992.688,13,1,1,stimulusMovement,1,-0.8214576376809014,-0.3458508849143982,1,3.7519989013671875,1,-0.6666118303934733,-0.3492307662963867,1,3.7403106689453125
24009.354,13,1,1,stimulusMovement,1,-0.8035257789823743,-0.32372385263442993,1,3.7497406005859375,1,-0.7427845398585001,-0.34902477264404297,1,3.7589569091796875
24026.02,13,1,1,stimulusMovement,1,-0.8314546942710876,-0.31423670053482056,1,3.754364013671875,0,nan,nan,0,nan
24042.686,13,1,1,stimulusMovement,1,-0.8308166331715053,-0.33661091327667236,1,3.680206298828125,0,nan,nan,0,nan
24059.353,13,1,1,stimulusMovement,1,-0.851461370786031,-0.3373910188674927,1,3.77154541015625,1,-0.6949088441001045,-0.3563900589942932,1,3.578033447265625
24076.02,13,1,1,stimulusMovement,1,-0.8160671790440877,-0.32283467054367065,1,3.6476898193359375,1,-0.7067168553670247,-0.34967339038848877,1,3.6068572998046875
24092.686,13,1,1,stimulusMovement,1,-0.8377336925930446,-0.34228479862213135,1,3.6622467041015625,1,-0.7133419778611925,-0.3540748953819275,1,3.58673095703125
24109.353,13,1,1,stimulusMovement,1,-0.807042830520206,-0.4063847064971924,1,3.642852783203125,1,-0.6660102208455403,-0.43276262283325195,1,3.6277923583984375
24126.02,13,1,1,stimulusMovement,1,-0.7827865481376648,-0.3970787525177002,1,3.6664886474609375,1,-0.6718398067686292,-0.41422462463378906,1,3.6046905517578125
24142.687,13,1,1,stimulusMovement,1,-0.7672801282670763,-0.3767756223678589,1,3.6360626220703125,0,nan,nan,0,nan
24159.353,13,1,1,stimulusMovement,1,-0.7912234995100232,-0.40479403734207153,1,3.6018524169921875,0,nan,nan,0,nan
24176.02,13,1,1,stimulusMovement,0,nan,nan,0,nan,1,-0.725805573993259,-0.4167053699493408,1,3.551788330078125
24192.686,13,1,1,stimulusMovement,1,-0.7780573964118958,-0.4045414924621582,1,3.59722900390625,1,-0.7140314843919542,-0.4383696913719177,1,3.48321533203125
24209.353,13,1,1,stimulusMovement,0,nan,nan,0,nan,0,nan,nan,0,nan
24226.02,13,1,1,stimulusMovement,1,-0.7726141611735026,-0.39527440071105957,1,3.5855255126953125,1,-0.6978078683217366,-0.43626052141189575,1,3.46307373046875
24242.686,13,1,1,stimulusMovement,1,-0.8121939765082464,-0.41766631603240967,1,3.660003662109375,1,-0.7111603948805066,-0.4399832487106323,1,3.556915283203125
24259.353,13,1,1,stimulusMovement,1,-0.7888600428899128,-0.4085441827774048,1,3.5579071044921875,1,-0.5813837051391602,-0.38692790269851685,1,3.7213592529296875
24276.02,13,1,1,stimulusMovement,1,-0.7848935259713067,-0.41676050424575806,1,3.674713134765625,1,-0.6559178564283582,-0.424038290977478,1,3.4317626953125
24292.687,13,1,1,stimulusMovement,1,-0.7948911918534173,-0.42493879795074463,1,3.5352020263671875,1,-0.718050585852729,-0.3515908718109131,1,3.589019775390625
24309.353,13,1,1,stimulusMovement,1,-0.8063868549134996,-0.3714190721511841,1,3.62005615234375,1,-0.7121444410747951,-0.39541053771972656,1,3.4539337158203125
24326.02,13,1,1,stimulusMovement,1,-0.823979099591573,-0.390369713306427,1,3.5827484130859375,0,nan,nan,0,nan
24342.687,13,1,1,stimulusMovement,1,-0.8072517845365735,-0.38332200050354004,1,3.570220947265625,1,-0.7177006800969441,-0.3697218894958496,1,3.486358642578125
24359.353,13,1,1,stimulusMovement,0,nan,nan,0,nan,1,-0.6888052754931979,-0.3866124153137207,1,3.4432220458984375
24376.02,13,1,1,stimulusMovement,1,-0.8090119494332207,-0.40709424018859863,1,3.6695709228515625,1,-0.7245011329650879,-0.4238404631614685,1,3.41143798828125
24392.686,13,1,1,stimulusMovement,1,-0.7829153272840711,-0.3509255647659302,1,3.61083984375,1,-0.7100425561269124,-0.38979899883270264,1,3.3768768310546875
24409.353,13,1,1,stimulusMovement,1,-0.8174625701374477,-0.37174832820892334,1,3.5559234619140625,1,-0.7053558561537,-0.4062623977661133,1,3.3919830322265625
24426.02,13,1,1,stimulusMovement,1,-0.8046044905980427,-0.3569561243057251,1,3.597076416015625,1,-0.7264891730414497,-0.4209336042404175,1,3.480987548828125
24442.686,13,1,1,stimulusMovement,1,-0.8289265897538927,-0.3826654553413391,1,3.5021820068359375,1,-0.6894452174504597,-0.43042469024658203,1,3.5664215087890625
24459.353,13,1,1,stimulusMovement,1,-0.8029821382628546,-0.40481704473495483,1,3.648345947265625,1,-0.6865239938100178,-0.3954843282699585,1,3.402374267578125
24476.019,13,1,1,stimulusMovement,1,-0.7852403389083014,-0.37124574184417725,1,3.58563232421875,1,-0.6572194364335802,-0.3837730884552002,1,3.47674560546875
24492.685,13,1,1,stimulusMovement,1,-0.802166740099589,-0.3686314821243286,1,3.5421295166015625,1,-0.7228207985560099,-0.3759428858757019,1,3.4968719482421875
24509.352,13,1,1,stimulusMovement,1,-0.8177471690707736,-0.3774193525314331,1,3.5803070068359375,1,-0.7015435695648193,-0.43345075845718384,1,3.368682861328125
24526.019,13,1,1,stimulusMovement,1,-0.8021432293785943,-0.3959064483642578,1,3.532501220703125,1,-0.7215193377600776,-0.41040629148483276,1,3.4029388427734375
24542.685,13,1,1,stimulusMovement,1,-0.7992606825298733,-0.3754727840423584,1,3.60919189453125,1,-0.7444365289476182,-0.4094240665435791,1,3.4140625
24559.352,13,1,1,stimulusMovement,1,-0.7765723201963636,-0.395460307598114,1,3.6227569580078125,1,-0.7271564536624484,-0.4122583866119385,1,3.4738311767578125
24576.019,13,1,1,stimulusMovement,1,-0.8095725774765015,-0.38884222507476807,1,3.5592193603515625,1,-0.6172633435991075,-0.46627044677734375,1,3.8479156494140625
24592.685,13,1,1,stimulusMovement,1,-0.8003106117248535,-0.3795938491821289,1,3.5789947509765625,1,-0.7254252433776855,-0.37937939167022705,1,3.422607421875
24609.352,13,1,1,stimulusMovement,1,-0.7984311448203192,-0.39645916223526,1,3.686370849609375,1,-0.6863275633917915,-0.4209445118904114,1,3.3719635009765625
24626.019,13,1,1,stimulusMovement,1,-0.8323149548636541,-0.4001203775405884,1,3.58843994140625,1,-0.7311565743552314,-0.3834856152534485,1,3.371795654296875
24642.685,13,1,1,stimulusMovement,1,-0.8063512974315219,-0.41392982006073,1,3.585968017578125,1,-0.6715099546644422,-0.388901948928833,1,3.4827117919921875
24659.352,13,1,1,stimulusMovement,1,-0.8074717654122247,-0.3911161422729492,1,3.6012420654296875,1,-0.692191547817654,-0.40714722871780396,1,3.38720703125
24676.019,13,1,1,stimulusMovement,1,-0.7750079896714952,-0.4050416946411133,1,3.4924468994140625,1,-0.6909100214640299,-0.41522514820098877,1,3.5012969970703125
24692.685,13,1,1,stimulusMovement,1,-0.7730233404371473,-0.37872618436813354,1,3.6702423095703125,1,-0.6932898627387153,-0.44601958990097046,1,3.4354248046875
24709.352,13,1,1,stimulusMovement,1,-0.7841383881039089,-0.39291226863861084,1,3.6378936767578125,1,-0.6678046650356716,-0.423447847366333,1,3.466278076171875
24726.019,13,1,1,stimulusMovement,1,-0.7890539831585354,-0.37459468841552734,1,3.6374359130859375,1,-0.6985359059439765,-0.41209328174591064,1,3.4405364990234375
24742.685,13,1,1,stimulusMovement,1,-0.8107472525702581,-0.3870841860771179,1,3.64471435546875,1,-0.7136350605222913,-0.41757965087890625,1,3.422027587890625
24759.352,13,1,1,stimulusMovement,1,-0.8223739796214633,-0.3818631172180176,1,3.697357177734375,1,-0.7301210694842868,-0.40695273876190186,1,3.4904632568359375
24776.019,13,1,1,stimulusMovement,1,-0.7904089490572611,-0.35626494884490967,1,3.6973419189453125,1,-0.7016018496619331,-0.36233198642730713,1,3.5660400390625
24792.685,13,1,1,stimulusMovement,1,-0.791936887635125,-0.3425559997558594,1,3.7981109619140625,1,-0.7191127803590562,-0.3919147253036499,1,3.5130157470703125
24809.352,13,1,1,stimulusMovement,1,-0.80477151605818,-0.36126089096069336,1,3.7766571044921875,1,-0.690763341055976,-0.382321834564209,1,3.503143310546875
24826.019,13,1,1,stimulusMovement,1,-0.7905484305487738,-0.37460076808929443,1,3.7373809814453125,0,nan,nan,0,nan
24842.685,13,1,1,stimulusMovement,0,nan,nan,0,nan,1,-0.5741582181718614,-0.3676167130470276,1,3.8428192138671875
24859.352,13,1,1,stimulusMovement,1,-0.7998255093892415,-0.3405494689941406,1,3.77545166015625,1,-0.6778918504714966,-0.36546945571899414,1,3.628692626953125
24876.019,13,1,1,stimulusMovement,1,-0.7978711856736077,-0.36797773838043213,1,3.8060302734375,1,-0.6679096751742892,-0.34004467725753784,1,3.63446044921875
24892.685,13,1,1,stimulusMovement,1,-0.8090351223945618,-0.36237454414367676,1,3.8397979736328125,1,-0.6837675174077351,-0.38283294439315796,1,3.61785888671875
24909.351,13,1,1,stimulusMovement,1,-0.8139585256576538,-0.3695019483566284,1,3.8326263427734375,1,-0.7203749948077731,-0.3601818084716797,1,3.4732208251953125
24926.018,13,1,1,stimulusMovement,1,-0.810326702064938,-0.3440295457839966,1,3.807647705078125,1,-0.6614140669504801,-0.3885970711708069,1,3.731903076171875
24942.684,13,1,1,stimulusMovement,1,-0.7880993750360277,-0.3655990958213806,1,3.80865478515625,0,nan,nan,0,nan
24959.351,13,1,1,stimulusMovement,1,-0.8044780691464741,-0.3698080778121948,1,3.8225860595703125,0,nan,nan,0,nan
24976.018,13,1,1,stimulusMovement,1,-0.812621255715688,-0.38127052783966064,1,3.8662109375,1,-0.7182644340727063,-0.34216582775115967,1,3.6555633544921875
24992.684,13,1,1,stimulusMovement,1,-0.7920322418212891,-0.36485081911087036,1,3.86981201171875,1,-0.6929659710990058,-0.3775087594985962,1,3.7746734619140625
25009.351,13,1,1,stimulusMovement,1,-0.8292519913779364,-0.377960205078125,1,3.8583984375,1,-0.6702980332904391,-0.3990402817726135,1,3.7100830078125
25026.018,13,1,1,fixation,1,-0.8330988619062635,-0.3749922513961792,1,3.9739990234375,1,-0.7225975592931111,-0.3779587745666504,1,3.6343231201171875
25042.684,13,1,1,fixation,1,-0.8031809661123487,-0.3595389723777771,1,3.382476806640625,1,-0.7247049543592664,-0.36700868606567383,1,3.1396026611328125
25059.351,13,1,1,fixation,0,nan,nan,0,nan,0,nan,nan,0,nan
25076.018,13,1,1,fixation,1,-0.8180851141611735,-0.3641793131828308,1,3.8938140869140625,1,-0.7084516419304742,-0.3791079521179199,1,3.6303558349609375
25092.685,13,1,1,fixation,1,-0.7939033442073398,-0.36076492071151733,1,3.417938232421875,1,-0.7248606019549899,-0.3693424463272095,1,3.1551513671875
25109.351,13,1,1,fixation,0,nan,nan,0,nan,0,nan,nan,0,nan
25126.018,13,1,1,fixation,1,-0.7978370785713196,-0.37223440408706665,1,3.91339111328125,0,nan,nan,0,nan
25142.684,13,1,1,fixation,1,-0.8001646200815836,-0.36166322231292725,1,3.445037841796875,1,-0.7222127384609646,-0.36875587701797485,1,3.176483154296875
25159.351,13,1,1,fixation,0,nan,nan,0,nan,0,nan,nan,0,nan
25176.018,13,1,1,fixation,1,-0.8106762568155924,-0.37524449825286865,1,3.9548492431640625,1,-0.7020694414774576,-0.3881629705429077,1,3.666473388671875
25192.685,13,1,1,fixation,1,-0.7996104558308919,-0.36620408296585083,1,3.477020263671875,1,-0.7184629705217149,-0.37123775482177734,1,3.2023162841796875
25209.351,13,1,1,fixation,0,nan,nan,0,nan,0,nan,nan,0,nan
25226.018,13,1,1,fixation,1,-0.7868465582529703,-0.36263251304626465,1,3.9163818359375,1,-0.6933098634084065,-0.3908092975616455,1,3.7805938720703125
25242.684,13,1,1,fixation,1,-0.7991434269481235,-0.37001752853393555,1,3.5146484375,1,-0.7161417007446289,-0.37178516387939453,1,3.2208404541015625
25259.351,13,1,1,fixation,0,nan,nan,0,nan,0,nan,nan,0,nan
25276.018,13,1,1,fixation,1,-0.7857226795620388,-0.38047194480895996,1,3.9876861572265625,1,-0.659465021557278,-0.35649383068084717,1,3.8580780029296875
25292.685,13,1,1,fixation,1,-0.7865085800488789,-0.3660616874694824,1,3.5612335205078125,1,-0.7160614596472846,-0.37249088287353516,1,3.249176025390625
25309.351,13,1,1,fixation,0,nan,nan,0,nan,0,nan,nan,0,nan
25326.018,13,1,1,fixation,1,-0.7986158265007867,-0.37645936012268066,1,4.02691650390625,0,nan,nan,0,nan
25342.684,13,1,1,fixation,1,-0.8002840280532837,-0.3696385622024536,1,3.5745086669921875,1,-0.7139380640453762,-0.37520045042037964,1,3.278350830078125
25359.35,13,1,1,fixation,0,nan,nan,0,nan,0,nan,nan,0,nan
25376.017,13,1,1,fixation,1,-0.8134013480610317,-0.3916059136390686,1,4.04937744140625,1,-0.6975849469502766,-0.37224000692367554,1,3.7291259765625
25392.683,13,1,1,fixation,1,-0.7888976865344577,-0.3672667145729065,1,3.6182861328125,1,-0.7194768852657741,-0.3753431439399719,1,3.3060455322265625
25409.35,13,1,1,fixation,0,nan,nan,0,nan,0,nan,nan,0,nan
25426.017,13,1,1,fixation,1,-0.7838308877415127,-0.36079591512680054,1,4.0802154541015625,1,-0.7128415637546115,-0.43985962867736816,1,4.0092926025390625
25442.683,13,1,1,fixation,1,-0.8052883876694573,-0.3742804527282715,1,3.6245880126953125,1,-0.7178521951039631,-0.3738408088684082,1,3.3366546630859375
25459.35,13,1,1,fixation,0,nan,nan,0,nan,0,nan,nan,0,nan
25476.017,13,1,1,fixation,1,-0.8168342245949639,-0.3647395372390747,1,4.1291961669921875,1,-0.6921530564626057,-0.37979763746261597,1,3.7889556884765625
25492.684,13,1,1,fixation,1,-0.8088499175177679,-0.36854952573776245,1,3.6396331787109375,1,-0.7137375937567817,-0.37411409616470337,1,3.3605499267578125
25509.35,13,1,1,fixation,0,nan,nan,0,nan,0,nan,nan,0,nan
25526.017,13,1,1,fixation,1,-0.8002047538757324,-0.36135268211364746,1,4.0631256103515625,1,-0.7099653349982368,-0.3783530592918396,1,3.8399505615234375
25542.683,13,1,1,fixation,1,-0.8075198531150818,-0.369040846824646,1,3.66015625,1,-0.7158796919716729,-0.3712007403373718,1,3.3871612548828125
25559.35,13,1,1,fixation,0,nan,nan,0,nan,0,nan,nan,0,nan
25576.017,13,1,1,fixation,1,-0.8057995504803127,-0.3696861267089844,1,4.1022796630859375,1,-0.7314684391021729,-0.362793505191803,1,3.83880615234375
25592.683,13,1,1,fixation,1,-0.8040171066919962,-0.366798996925354,1,3.6672515869140625,1,-0.7203042507171631,-0.37531304359436035,1,3.3996124267578125
25609.35,13,1,1,fixation,0,nan,nan,0,nan,0,nan,nan,0,nan
25626.017,13,1,1,fixation,1,-0.8251130845811632,-0.3564220666885376,1,4.1445465087890625,1,-0.7436263693703545,-0.41224539279937744,1,3.9952545166015625
25642.684,13,1,1,fixation,1,-0.808518197801378,-0.36560654640197754,1,3.676055908203125,1,-0.7187453111012776,-0.3724127411842346,1,3.413299560546875
25659.35,13,1,1,fixation,0,nan,nan,0,nan,0,nan,nan,0,nan
25676.017,13,1,1,fixation,1,-0.8197481234868367,-0.37256181240081787,1,4.1608428955078125,1,-0.7307892243067423,-0.37416696548461914,1,3.8919677734375
25692.683,13,1,1,fixation,1,-0.8080222474204168,-0.362920880317688,1,3.6842193603515625,1,-0.7223331530888875,-0.37230628728866577,1,3.426849365234375
25709.35,13,1,1,fixation,0,nan,nan,0,nan,0,nan,nan,0,nan
25726.017,13,1,1,fixation,1,-0.7893792589505513,-0.34740471839904785,1,4.1397247314453125,0,nan,nan,0,nan
25742.683,13,1,1,fixation,1,-0.8090742296642727,-0.36385154724121094,1,3.6938934326171875,1,-0.7201277282502916,-0.3747638463973999,1,3.441375732421875
25759.35,13,1,1,fixation,0,nan,nan,0,nan,0,nan,nan,0,nan
25776.016,13,1,1,fixation,1,-0.7938899861441717,-0.3574320673942566,1,4.15655517578125,1,-0.7172159088982476,-0.37426018714904785,1,3.995086669921875
25792.682,13,1,1,fixation,1,-0.8051549130015903,-0.36006057262420654,1,3.69921875,1,-0.7176480293273926,-0.37628114223480225,1,3.46136474609375
25809.349,13,1,1,fixation,0,nan,nan,0,nan,0,nan,nan,0,nan
25826.016,13,1,1,fixation,1,-0.7828588551945156,-0.42993879318237305,1,3.9654083251953125,1,-0.7380917867024739,-0.40337520837783813,1,4.0171356201171875
25842.682,13,1,1,fixation,1,-0.7994534571965535,-0.3632470965385437,1,3.698974609375,1,-0.7175940805011325,-0.37977343797683716,1,3.463836669921875
25859.349,13,1,1,fixation,0,nan,nan,0,nan,0,nan,nan,0,nan
25876.016,13,1,1,fixation,1,-0.7801829112900628,-0.37501537799835205,1,4.17071533203125,0,nan,nan,0,nan
25892.682,13,1,1,fixation,1,-0.7900206512875027,-0.36632901430130005,1,3.7135467529296875,1,-0.7101182142893473,-0.3865065574645996,1,3.476715087890625
25909.349,13,1,1,fixation,0,nan,nan,0,nan,0,nan,nan,0,nan
25926.016,13,1,1,fixation,1,-0.7858134243223401,-0.3547985553741455,1,4.1553802490234375,1,-0.7198799981011285,-0.3909253478050232,1,3.964996337890625
25942.682,13,1,1,fixation,1,-0.7990277740690442,-0.36394739151000977,1,3.706146240234375,1,-0.7108123302459717,-0.38812607526779175,1,3.48486328125
25959.349,13,1,1,fixation,0,nan,nan,0,nan,0,nan,nan,0,nan
25976.016,13,1,1,fixation,1,-0.7561807102627224,-0.3700689673423767,1,4.17877197265625,0,nan,nan,0,nan
25992.682,13,1,1,fixation,1,-0.7856621742248535,-0.3624582886695862,1,3.7188720703125,1,-0.7085182269414265,-0.3883030414581299,1,3.488861083984375
26009.349,13,1,1,fixation,0,nan,nan,0,nan,0,nan,nan,0,nan
26026.016,13,1,1,fixation,1,-0.7963120672437879,-0.36359137296676636,1,4.21282958984375,1,-0.7348307106229993,-0.39751875400543213,1,3.8922271728515625
26042.683,13,1,1,fixation,1,-0.7968221240573459,-0.3634442687034607,1,3.711578369140625,1,-0.7116519345177544,-0.3918921947479248,1,3.4814910888671875
26059.349,13,1,1,fixation,0,nan,nan,0,nan,0,nan,nan,0,nan
26076.016,13,1,1,fixation,1,-0.8034114705191717,-0.3780477046966553,1,4.17156982421875,1,-0.71538331773546,-0.3948230743408203,1,3.983001708984375
26092.682,13,1,1,fixation,1,-0.7921455502510071,-0.36347901821136475,1,3.7241973876953125,1,-0.7044457594553629,-0.39488744735717773,1,3.4810333251953125
26109.349,13,1,1,fixation,0,nan,nan,0,nan,0,nan,nan,0,nan
26126.016,13,1,1,fixation,1,-0.7802776959207323,-0.36427897214889526,1,4.177703857421875,0,nan,nan,0,nan
26142.682,13,1,1,fixation,1,-0.7890092664294772,-0.3657500147819519,1,3.7288818359375,1,-0.7066536744435628,-0.3953291177749634,1,3.4764556884765625
26159.349,13,1,1,fixation,0,nan,nan,0,nan,0,nan,nan,0,nan
26176.016,13,1,1,fixation,1,-0.7679112884733411,-0.37014472484588623,1,4.144927978515625,1,-0.7100967831081814,-0.40416252613067627,1,4.0211944580078125
26192.682,13,1,1,fixation,1,-0.7984007928106519,-0.3667386770248413,1,3.7549285888671875,1,-0.7144389417436388,-0.3879818916320801,1,3.4767913818359375
26209.349,13,1,1,fixation,0,nan,nan,0,nan,0,nan,nan,0,nan
26226.015,13,1,1,fixation,1,-0.8014078670077853,-0.3868788480758667,1,4.245880126953125,1,-0.7025912072923448,-0.44199228286743164,1,4.0358734130859375
26242.681,13,1,1,fixation,1,-0.806828690899743,-0.373138964176178,1,3.7486114501953125,1,-0.7236729462941487,-0.39375239610671997,1,3.483978271484375
26259.348,13,1,1,fixation,0,nan,nan,0,nan,0,nan,nan,0,nan
26276.015,13,1,1,fixation,1,-0.7779759632216559,-0.3441457748413086,1,4.233306884765625,0,nan,nan,0,nan
26292.682,13,1,1,fixation,1,-0.8055215146806505,-0.3680001497268677,1,3.7665557861328125,1,-0.7153563499450684,-0.3885866403579712,1,3.5079498291015625
26309.348,13,1,1,fixation,0,nan,nan,0,nan,0,nan,nan,0,nan
26326.015,13,1,1,fixation,1,-0.8173921638064914,-0.3714698553085327,1,4.2276763916015625,0,nan,nan,0,nan
26342.681,13,1,1,fixation,1,-0.8065812256601121,-0.37121784687042236,1,3.790435791015625,1,-0.7238773637347751,-0.389296293258667,1,3.5152740478515625
26359.348,13,1,1,fixation,0,nan,nan,0,nan,0,nan,nan,0,nan
26376.015,13,1,1,fixation,1,-0.7948410908381144,-0.36305177211761475,1,4.2803497314453125,0,nan,nan,0,nan
26392.682,13,1,1,fixation,1,-0.8069822788238525,-0.37154674530029297,1,3.8063201904296875,1,-0.7158986859851413,-0.3866006135940552,1,3.5349884033203125
26409.348,13,1,1,fixation,0,nan,nan,0,nan,0,nan,nan,0,nan
26426.015,13,1,1,fixation,1,-0.7892206046316358,-0.39190566539764404,1,4.2624664306640625,0,nan,nan,0,nan
26442.681,13,1,1,fixation,1,-0.8094869388474358,-0.3764665126800537,1,3.818145751953125,1,-0.7261932558483547,-0.3885089159011841,1,3.5255279541015625
26459.348,13,1,1,fixation,0,nan,nan,0,nan,0,nan,nan,0,nan
26476.015,13,1,1,fixation,1,-0.7692937321133083,-0.3620765209197998,1,4.3128662109375,1,-0.7290477090411716,-0.40454649925231934,1,4.0187225341796875
26492.681,13,1,1,stimulusMovement,1,-0.8095005022154913,-0.3759896159172058,1,3.825927734375,1,-0.7133975823720295,-0.38547712564468384,1,3.5351409912109375
26509.348,13,1,1,stimulusMovement,0,nan,nan,0,nan,0,nan,nan,0,nan
26526.015,13,1,1,stimulusMovement,0,nan,nan,0,nan,1,-0.7309874958462185,-0.4196547865867615,1,4.064239501953125
26542.681,13,1,1,stimulusMovement,1,-0.7995969388220044,-0.3785794973373413,1,4.296600341796875,0,nan,nan,0,nan
26559.348,13,1,1,stimulusMovement,1,-0.781526764233907,-0.38407522439956665,1,4.3068084716796875,1,-0.7566730048921373,-0.3983842134475708,1,4.1304779052734375
26576.015,13,1,1,stimulusMovement,1,-0.7903409600257874,-0.3893953561782837,1,4.3123016357421875,0,nan,nan,0,nan
26592.682,13,1,1,stimulusMovement,1,-0.7658060789108276,-0.38009172677993774,1,4.315155029296875,0,nan,nan,0,nan
26609.348,13,1,1,stimulusMovement,1,-0.7816800806257459,-0.38840407133102417,1,4.28546142578125,0,nan,nan,0,nan
26626.015,13,1,1,stimulusMovement,1,-0.79998603132036,-0.3827023506164551,1,4.3149871826171875,1,-0.7748339970906575,-0.4169544577598572,1,4.0510101318359375
26642.681,13,1,1,stimulusMovement,1,-0.7968728674782647,-0.4041857123374939,1,4.3401031494140625,0,nan,nan,0,nan
26659.347,13,1,1,stimulusMovement,1,-0.7874398893780178,-0.3937121629714966,1,4.3186798095703125,0,nan,nan,0,nan
26676.014,13,1,1,stimulusMovement,1,-0.7924991581175062,-0.3954660892486572,1,4.252044677734375,0,nan,nan,0,nan
26692.68,13,1,1,stimulusMovement,1,-0.7816338075531853,-0.39338982105255127,1,4.2389373779296875,1,-0.7335691981845431,-0.4260851740837097,1,4.0401611328125
26709.347,13,1,1,stimulusMovement,1,-0.7801967130766974,-0.3885858654975891,1,4.332244873046875,1,-0.7565393447875977,-0.416284441947937,1,4.0108489990234375
26726.014,13,1,1,stimulusMovement,1,-0.8160843054453532,-0.40127670764923096,1,4.2088470458984375,0,nan,nan,0,nan
26742.681,13,1,1,stimulusMovement,1,-0.7656772004233466,-0.38001549243927,1,4.14801025390625,0,nan,nan,0,nan
26759.347,13,1,1,stimulusMovement,1,-0.8208492067125108,-0.40025943517684937,1,4.1318206787109375,1,-0.755283408694797,-0.41556334495544434,1,3.9215087890625
26776.014,13,1,1,stimulusMovement,1,-0.8166760537359449,-0.41964197158813477,1,4.121856689453125,1,-0.7071561680899726,-0.3867579698562622,1,3.8347930908203125
26792.681,13,1,1,stimulusMovement,1,-0.8178836835755242,-0.40155208110809326,1,4.0814056396484375,0,nan,nan,0,nan
26809.348,13,1,1,stimulusMovement,1,-0.83763055006663,-0.41705310344696045,1,4.0363616943359375,1,-0.6882269117567273,-0.39918237924575806,1,3.8061981201171875
26826.015,13,1,1,stimulusMovement,1,-0.7972273296780056,-0.3895130157470703,1,3.9720001220703125,0,nan,nan,0,nan
26842.681,13,1,1,stimulusMovement,1,-0.8235799736446804,-0.4076571464538574,1,3.9208831787109375,1,-0.714247809516059,-0.40208983421325684,1,3.67816162109375
26859.348,13,1,1,stimulusMovement,1,-0.8165576590432061,-0.3864480257034302,1,3.9730987548828125,0,nan,nan,0,nan
26876.015,13,1,1,stimulusMovement,1,-0.7916214863459269,-0.38064223527908325,1,3.905242919921875,1,-0.6874999470180935,-0.3847402334213257,1,3.5950775146484375
26892.681,13,1,1,stimulusMovement,1,-0.8065074549780951,-0.3869987726211548,1,3.86187744140625,1,-0.7067001130845811,-0.4015951156616211,1,3.62371826171875
26909.348,13,1,1,stimulusMovement,1,-0.8011738459269205,-0.4019426107406616,1,3.842498779296875,1,-0.6987458070119221,-0.4039173722267151,1,3.574066162109375
26926.015,13,1,1,stimulusMovement,1,-0.8127506772677103,-0.39077091217041016,1,3.8440704345703125,0,nan,nan,0,nan
26942.681,13,1,1,stimulusMovement,1,-0.8242180347442627,-0.40563154220581055,1,3.766082763671875,1,-0.7262936035792033,-0.38840925693511963,1,3.4712982177734375
26959.348,13,1,1,stimulusMovement,1,-0.8169203731748792,-0.40905654430389404,1,3.7239837646484375,1,-0.7443685531616211,-0.40244990587234497,1,3.4754180908203125
26976.015,13,1,1,stimulusMovement,1,-0.8251712653372022,-0.3943939208984375,1,3.775543212890625,1,-0.6837001244227091,-0.39432913064956665,1,3.50323486328125
26992.681,13,1,1,stimulusMovement,1,-0.8011199235916138,-0.4037676453590393,1,3.65435791015625,1,-0.6838973628150092,-0.3933179974555969,1,3.4227142333984375
27009.349,13,1,1,stimulusMovement,1,-0.8279582063357035,-0.4130789041519165,1,3.637359619140625,1,-0.7075515853034126,-0.3872697353363037,1,3.4018096923828125
27026.016,13,1,1,stimulusMovement,1,-0.8099764320585462,-0.39271342754364014,1,3.621063232421875,1,-0.6047582626342773,-0.4840881824493408,1,3.784942626953125
27042.682,13,1,1,stimulusMovement,1,-0.8203680316607157,-0.3484157919883728,1,3.4951324462890625,1,-0.7230411105685763,-0.4120824337005615,1,3.362091064453125
27059.349,13,1,1,stimulusMovement,1,-0.807899362511105,-0.3947588801383972,1,3.5696563720703125,1,-0.7104593382941352,-0.3861316442489624,1,3.3895721435546875
27076.016,13,1,1,stimulusMovement,1,-0.8175404734081692,-0.38698291778564453,1,3.6256866455078125,1,-0.6910311513476901,-0.3935673236846924,1,3.394256591796875
27092.681,13,1,1,stimulusMovement,1,-0.8225541512171427,-0.40035557746887207,1,3.6133575439453125,1,-0.7057501607471042,-0.41809868812561035,1,3.4004974365234375
27109.348,13,1,1,stimulusMovement,1,-0.832574983437856,-0.39385759830474854,1,3.6699371337890625,1,-0.6900396876864963,-0.38099533319473267,1,3.3158416748046875
27126.015,13,1,1,stimulusMovement,1,-0.7906472153133816,-0.39215904474258423,1,3.5551910400390625,1,-0.6580059793260362,-0.4005693197250366,1,3.4399566650390625
27142.681,13,1,1,stimulusMovement,1,-0.8121323850419786,-0.38715457916259766,1,3.5333251953125,1,-0.6125400861104329,-0.3806399703025818,1,3.569427490234375
27159.348,13,1,1,stimulusMovement,1,-0.7774581776724921,-0.4070178270339966,1,3.5778045654296875,1,-0.6924353175693088,-0.395446240901947,1,3.377227783203125
27176.015,13,1,1,stimulusMovement,0,nan,nan,0,nan,1,-0.6872102949354383,-0.4150346517562866,1,3.32489013671875
27192.681,13,1,1,stimulusMovement,1,-0.843861957391103,-0.39296579360961914,1,3.5327606201171875,1,-0.700572239028083,-0.40988320112228394,1,3.3373260498046875
27209.348,13,1,1,stimulusMovement,1,-0.833407633834415,-0.38975173234939575,1,3.522308349609375,1,-0.6957540776994493,-0.39263904094696045,1,3.28253173828125
27226.016,13,1,1,stimulusMovement,1,-0.8169968393113878,-0.3836183547973633,1,3.563934326171875,1,-0.723065972328186,-0.3968319296836853,1,3.281463623046875
27242.682,13,1,1,stimulusMovement,1,-0.8028571208318074,-0.405040979385376,1,3.382049560546875,1,-0.6939107047186958,-0.4105391502380371,1,3.2461700439453125
27259.349,13,1,1,stimulusMovement,1,-0.8381817208396063,-0.38418394327163696,1,3.44110107421875,1,-0.7256336212158203,-0.4328655004501343,1,3.3366851806640625
27276.016,13,1,1,stimulusMovement,1,-0.8139608502388,-0.38026899099349976,1,3.4532623291015625,1,-0.7050302293565538,-0.40610724687576294,1,3.265777587890625
27292.682,13,1,1,stimulusMovement,1,-0.7846062514517042,-0.3982169032096863,1,3.402923583984375,1,-0.7250443432066175,-0.43062126636505127,1,3.2700653076171875
27309.349,13,1,1,stimulusMovement,1,-0.8274742232428656,-0.4092181921005249,1,3.421142578125,1,-0.7101597521040174,-0.4165076017379761,1,3.2406005859375
27326.016,13,1,1,stimulusMovement,1,-0.7860570616192287,-0.3632088899612427,1,3.417694091796875,1,-0.697137435277303,-0.3928574323654175,1,3.351165771484375
27342.682,13,1,1,stimulusMovement,1,-0.8146153224839104,-0.40691232681274414,1,3.3947601318359375,1,-0.6880118449529011,-0.4077224135398865,1,3.1991424560546875
27359.349,13,1,1,stimulusMovement,1,-0.798413872718811,-0.38744282722473145,1,3.3525238037109375,1,-0.7085973156823052,-0.4070966839790344,1,3.1829833984375
27376.016,13,1,1,stimulusMovement,1,-0.8458298477861615,-0.40604162216186523,1,3.37060546875,1,-0.7455550299750434,-0.41853177547454834,1,3.1915740966796875
27392.682,13,1,1,stimulusMovement,1,-0.8461466001139746,-0.41654539108276367,1,3.38433837890625,0,nan,nan,0,nan
27409.349,13,1,1,stimulusMovement,1,-0.8164097335603502,-0.40827280282974243,1,3.402496337890625,1,-0.7331335544586182,-0.4072573184967041,1,3.233642578125
27426.016,13,1,1,stimulusMovement,1,-0.8193691306644015,-0.390994668006897,1,3.31085205078125,0,nan,nan,0,nan
27442.683,13,1,1,stimulusMovement,1,-0.7809237904018825,-0.38162505626678467,1,3.3955230712890625,1,-0.7089047167036268,-0.4260913133621216,1,3.2959442138671875
27459.35,13,1,1,stimulusMovement,1,-0.8190135293536716,-0.4030633568763733,1,3.3829803466796875,0,nan,nan,0,nan
27476.017,13,1,1,stimulusMovement,1,-0.7946235206392076,-0.4073185324668884,1,3.314544677734375,1,-0.7003596358829074,-0.38605332374572754,1,3.2518463134765625
27492.683,13,1,1,stimulusMovement,1,-0.8439574506547716,-0.3887282609939575,1,3.36181640625,1,-0.7181891202926636,-0.42377734184265137,1,3.126007080078125
27509.35,13,1,1,stimulusMovement,1,-0.8023290634155273,-0.3884340524673462,1,3.2677764892578125,1,-0.71024575498369,-0.40955090522766113,1,3.1841278076171875
27526.016,13,1,1,stimulusMovement,1,-0.8175692425833807,-0.40294957160949707,1,3.3081817626953125,1,-0.7244001626968384,-0.4190292954444885,1,3.167633056640625
27542.682,13,1,1,stimulusMovement,1,-0.8073120580779181,-0.39877235889434814,1,3.2863006591796875,1,-0.7100459072324964,-0.43810606002807617,1,3.221527099609375
27559.349,13,1,1,stimulusMovement,1,-0.7984975245263841,-0.40295660495758057,1,3.2593841552734375,1,-0.7689663701587253,-0.42143046855926514,1,3.290313720703125
27576.016,13,1,1,stimulusMovement,1,-0.7959526578585306,-0.42328357696533203,1,3.3226318359375,1,-0.7094595299826728,-0.4158194065093994,1,3.1602630615234375
27592.683,13,1,1,stimulusMovement,1,-0.8129698236783345,-0.41108763217926025,1,3.3575897216796875,1,-0.6882260375552707,-0.3975633978843689,1,3.2060546875
27609.35,13,1,1,stimulusMovement,1,-0.7900032467312282,-0.4113818407058716,1,3.329620361328125,1,-0.6946151256561279,-0.42988455295562744,1,3.188751220703125
27626.017,13,1,1,stimulusMovement,1,-0.7959091464678446,-0.39631855487823486,1,3.297210693359375,1,-0.7119700113932291,-0.3922118544578552,1,3.3206329345703125
27642.683,13,1,1,stimulusMovement,1,-0.8001903295516968,-0.39860999584198,1,3.335357666015625,1,-0.7161774105495876,-0.41376960277557373,1,3.22705078125
27659.35,13,1,1,stimulusMovement,1,-0.787573476632436,-0.39814627170562744,1,3.31719970703125,1,-0.7081201076507568,-0.4205259084701538,1,3.2043304443359375
27676.017,13,1,1,stimulusMovement,1,-0.8528245654371049,-0.4346291422843933,1,3.32977294921875,1,-0.7236748403973049,-0.4230610132217407,1,3.2581024169921875
27692.683,13,1,1,stimulusMovement,1,-0.7945547236336602,-0.39884811639785767,1,3.353485107421875,1,-0.7106028927697076,-0.430300235748291,1,3.18701171875
27709.35,13,1,1,stimulusMovement,1,-0.8123298486073811,-0.4155759811401367,1,3.4078216552734375,1,-0.7033423052893745,-0.3412943482398987,1,3.449951171875
27726.017,13,1,1,stimulusMovement,1,-0.7285119427575005,-0.42337465286254883,1,3.3089599609375,1,-0.6626305315229627,-0.4439321756362915,1,3.1725311279296875
27742.683,13,1,1,stimulusMovement,1,-0.7353152169121636,-0.44869083166122437,1,3.3907928466796875,1,-0.7118259403440687,-0.42665576934814453,1,3.2793731689453125
27759.35,13,1,1,stimulusMovement,1,-0.7173899014790852,-0.41905707120895386,1,2.843475341796875,1,-0.7113742298550075,-0.40801286697387695,1,2.679168701171875
27776.017,13,1,1,stimulusMovement,1,-0.7124250729878743,-0.4209054708480835,1,2.8465423583984375,1,-0.7115231884850396,-0.40982377529144287,1,2.6851043701171875
