timestamp,ID,expOrder,trialNumber,event,lv,lx,ly,lpv,lps,rv,rx,ry,rpv,rps
4.429,10,1,1,stimulusMovement,1,-0.08048295974731445,-0.0029579997062683105,1,3.7353973388671875,1,0.13827959696451822,-0.049123525619506836,1,3.640411376953125
21.09,10,1,1,stimulusMovement,1,-0.0600242084927029,-0.11972242593765259,1,3.9691009521484375,1,0.13606272803412542,-0.0719534158706665,1,3.698272705078125
37.75,10,1,1,stimulusMovement,1,-0.07381958431667751,-0.03122633695602417,1,3.7140045166015625,1,0.14128589630126953,0.0032287538051605225,1,3.6299896240234375
54.411,10,1,1,stimulusMovement,1,-0.04536400900946723,-0.0724952220916748,1,3.81793212890625,0,nan,nan,0,nan
71.077,10,1,1,stimulusMovement,1,-0.06800715128580728,-0.03162962198257446,1,3.701873779296875,1,0.0885729259914822,-0.13994759321212769,1,3.87054443359375
87.742,10,1,1,stimulusMovement,1,-0.059446281856960714,-0.04754990339279175,1,3.8135528564453125,1,0.13857587178548175,-0.042781710624694824,1,3.5662994384765625
104.407,10,1,1,stimulusMovement,1,-0.06911585066053602,-0.041531264781951904,1,3.69183349609375,1,0.1124034457736545,-0.04665040969848633,1,3.54876708984375
121.073,10,1,1,stimulusMovement,1,-0.08982732560899521,-0.009512007236480713,1,3.624908447265625,1,0.11345163981119791,-0.05687081813812256,1,3.60357666015625
137.738,10,1,1,stimulusMovement,1,-0.0878099865383572,-0.013053655624389648,1,3.57745361328125,1,0.13466983371310765,-0.05196201801300049,1,3.57855224609375
154.403,10,1,1,stimulusMovement,1,-0.032183700137668185,-0.20048010349273682,1,4.12115478515625,1,0.10213851928710938,-0.15214067697525024,1,3.774871826171875
171.068,10,1,1,stimulusMovement,1,-0.06588527891370985,-0.009023666381835938,1,3.555206298828125,1,0.11931207444932725,-0.047969818115234375,1,3.5324859619140625
187.735,10,1,1,stimulusMovement,1,-0.07092433505588107,-0.00586390495300293,1,3.538543701171875,0,nan,nan,0,nan
204.404,10,1,1,stimulusMovement,1,-0.08483441670735677,-0.02897059917449951,1,3.59088134765625,1,0.103812747531467,-0.061971306800842285,1,3.531829833984375
221.074,10,1,1,stimulusMovement,1,-0.051480399237738714,-0.03813689947128296,1,3.6866455078125,1,0.1325768364800347,-0.021895766258239746,1,3.5249786376953125
237.744,10,1,1,stimulusMovement,1,-0.07645342085096571,-0.0038580894470214844,1,3.5220947265625,1,0.1239182154337565,-0.03111058473587036,1,3.496551513671875
254.41,10,1,1,stimulusMovement,1,-0.06119553248087565,-0.014382541179656982,1,3.542205810546875,1,0.13844140370686847,-0.10757219791412354,1,3.7119598388671875
271.076,10,1,1,stimulusMovement,1,-0.07756816016303168,-0.0038763880729675293,1,3.515655517578125,1,0.13665718502468532,-0.02520805597305298,1,3.4586944580078125
287.741,10,1,1,stimulusMovement,0,nan,nan,0,nan,1,0.13026979234483507,-0.050418078899383545,1,3.5074615478515625
304.403,10,1,1,stimulusMovement,1,-0.055298063490125865,-0.12471425533294678,1,3.8912506103515625,1,0.11650371551513672,-0.04166942834854126,1,3.4887847900390625
321.067,10,1,1,stimulusMovement,1,-0.06055720647176106,-0.024947643280029297,1,3.578369140625,1,0.12553342183430988,-0.02357351779937744,1,3.480010986328125
337.731,10,1,1,stimulusMovement,1,-0.07001267539130317,-0.0005173683166503906,1,3.5518951416015625,1,0.12545140584309894,-0.02935159206390381,1,3.4817047119140625
354.395,10,1,1,stimulusMovement,1,-0.0610868665907118,-0.01292884349822998,1,3.691741943359375,1,0.15615696377224392,-0.042478203773498535,1,3.5431976318359375
371.061,10,1,1,stimulusMovement,1,-0.06828551822238497,-0.02424490451812744,1,3.56744384765625,1,0.11844274732801649,-0.056114137172698975,1,3.59906005859375
387.727,10,1,1,stimulusMovement,1,-0.037739806705051,-0.048887789249420166,1,3.65826416015625,1,0.10850355360243055,-0.06383520364761353,1,3.601959228515625
404.392,10,1,1,stimulusMovement,0,nan,nan,0,nan,0,nan,nan,0,nan
421.059,10,1,1,stimulusMovement,1,-0.07584391699896918,0.010429203510284424,1,3.5135040283203125,0,nan,nan,0,nan
437.726,10,1,1,stimulusMovement,0,nan,nan,0,nan,1,0.1133120854695638,-0.04966259002685547,1,3.49322509765625
454.391,10,1,1,stimulusMovement,1,-0.051031271616617836,-0.06968021392822266,1,3.6811981201171875,1,0.10920768313937716,-0.03809762001037598,1,3.5149078369140625
471.057,10,1,1,stimulusMovement,1,-0.06771230697631836,-0.040978193283081055,1,3.6438446044921875,1,0.11748504638671875,-0.015089631080627441,1,3.478057861328125
487.725,10,1,1,stimulusMovement,1,-0.09056345621744791,-0.08091163635253906,1,3.72265625,1,0.12809965345594618,-0.03874611854553223,1,3.5820159912109375
504.401,10,1,1,stimulusMovement,1,-0.04588063557942708,-0.012524425983428955,1,3.55401611328125,1,0.1443267398410373,-0.0399286150932312,1,3.49346923828125
521.078,10,1,1,stimulusMovement,1,-0.04491615295410156,-0.007316231727600098,1,3.61077880859375,0,nan,nan,0,nan
537.755,10,1,1,stimulusMovement,1,-0.062306616041395396,-0.06250613927841187,1,3.5944976806640625,1,0.16049522823757595,-0.023907482624053955,1,3.4737548828125
554.421,10,1,1,stimulusMovement,1,-0.07184669706556532,-0.05203622579574585,1,3.6473236083984375,1,0.12928072611490884,-0.07945036888122559,1,3.6258697509765625
571.088,10,1,1,stimulusMovement,1,-0.07601006825764973,-0.04455757141113281,1,3.5817413330078125,1,0.12168820699055989,-0.026449203491210938,1,3.428070068359375
587.756,10,1,1,stimulusMovement,1,-0.0596368047926161,-0.04739910364151001,1,3.6183929443359375,1,0.13447464836968315,-0.06327509880065918,1,3.5074462890625
604.431,10,1,1,stimulusMovement,1,-0.07345337337917751,-0.039937615394592285,1,3.542694091796875,1,0.11460865868462455,-0.024460673332214355,1,3.3920135498046875
621.107,10,1,1,stimulusMovement,1,-0.0930026372273763,0.004895061254501343,1,3.453277587890625,1,0.1291111840142144,-0.051939427852630615,1,3.53814697265625
637.784,10,1,1,stimulusMovement,1,-0.0600383546617296,-0.023430466651916504,1,3.5481414794921875,1,0.12161795298258463,-0.0282173752784729,1,3.4160003662109375
654.451,10,1,1,stimulusMovement,1,-0.03500578138563368,-0.06116300821304321,1,3.660491943359375,0,nan,nan,0,nan
671.118,10,1,1,stimulusMovement,1,-0.06215657128228081,-0.014091968536376953,1,3.5047149658203125,1,0.13874848683675128,-0.07822877168655396,1,3.580169677734375
687.785,10,1,1,stimulusMovement,1,-0.06424946255154079,-0.006652474403381348,1,3.4679718017578125,1,0.12540721893310547,-0.05070900917053223,1,3.4867706298828125
704.449,10,1,1,stimulusMovement,1,-0.07483646604749891,0.005582094192504883,1,3.472198486328125,1,0.11275503370496961,-0.06369990110397339,1,3.453643798828125
721.113,10,1,1,stimulusMovement,1,-0.07521322038438584,-0.022160708904266357,1,3.4939422607421875,1,0.1297918955485026,-0.03298717737197876,1,3.43634033203125
737.778,10,1,1,stimulusMovement,1,-0.05933729807535807,-0.022206366062164307,1,3.485321044921875,1,0.11426056755913627,-0.08277356624603271,1,3.5850830078125
754.445,10,1,1,stimulusMovement,0,nan,nan,0,nan,1,0.12362723880343966,-0.0857575535774231,1,3.54888916015625
771.112,10,1,1,stimulusMovement,1,-0.06899007161458333,-0.027377307415008545,1,3.475738525390625,1,0.11516390906439887,-0.08891934156417847,1,3.47979736328125
787.78,10,1,1,stimulusMovement,0,nan,nan,0,nan,1,0.10712941487630208,-0.021828770637512207,1,3.4452056884765625
804.449,10,1,1,stimulusMovement,1,-0.0680593384636773,-0.02351289987564087,1,3.50262451171875,1,0.12670633527967665,-0.07673561573028564,1,3.5085296630859375
821.118,10,1,1,stimulusMovement,1,-0.08302243550618489,-0.014497876167297363,1,3.4261932373046875,1,0.12011485629611544,-0.07016736268997192,1,3.494598388671875
837.788,10,1,1,stimulusMovement,1,-0.07003275553385416,-0.016045868396759033,1,3.4132843017578125,1,0.13357872433132595,-0.038529932498931885,1,3.4535064697265625
854.455,10,1,1,stimulusMovement,1,-0.05345206790500217,-0.010233283042907715,1,3.4438018798828125,1,0.13745095994737414,-0.06636470556259155,1,3.5223541259765625
871.123,10,1,1,stimulusMovement,1,-0.08274078369140625,-0.024232864379882812,1,3.4801177978515625,1,0.11383099026150173,-0.05186045169830322,1,3.4511566162109375
887.789,10,1,1,stimulusMovement,1,-0.030954254998101127,-0.030304789543151855,1,3.5738983154296875,1,0.12462721930609809,-0.056880950927734375,1,3.4608917236328125
904.455,10,1,1,stimulusMovement,1,-0.07577949100070529,-0.04667019844055176,1,3.53314208984375,0,nan,nan,0,nan
921.121,10,1,1,stimulusMovement,0,nan,nan,0,nan,1,0.1073409186469184,0.0006574094295501709,1,3.370208740234375
937.787,10,1,1,stimulusMovement,1,-0.09025976392957899,-0.03328198194503784,1,3.511077880859375,1,0.11134656270345052,-0.024231255054473877,1,3.4317474365234375
954.452,10,1,1,stimulusMovement,1,-0.0773978763156467,-0.03554427623748779,1,3.574462890625,1,0.1040266884697808,-0.10742270946502686,1,3.6450347900390625
971.117,10,1,1,stimulusMovement,1,-0.06533792283799914,0.0010594427585601807,1,3.4495849609375,1,0.11138365003797743,-0.0533146858215332,1,3.439117431640625
987.784,10,1,1,stimulusMovement,1,-0.07079956266615126,0.0034341812133789062,1,3.4585418701171875,1,0.08828279707166883,-0.12461286783218384,1,3.6787567138671875
1004.45,10,1,1,stimulusMovement,1,-0.08088970184326172,-0.04387843608856201,1,3.577117919921875,1,0.10498915778266059,-0.029414892196655273,1,3.4144744873046875
1021.118,10,1,1,stimulusMovement,1,-0.062454594506157764,-0.010922670364379883,1,3.4816131591796875,1,0.10718981424967447,-0.05404973030090332,1,3.4906463623046875
1037.785,10,1,1,stimulusMovement,1,-0.06336763170030382,-0.023052215576171875,1,3.4965972900390625,1,0.11043781704372829,-0.01979386806488037,1,3.429168701171875
1054.452,10,1,1,stimulusMovement,1,-0.07968372768825954,-0.02440863847732544,1,3.5661163330078125,1,0.1053267584906684,-0.032031893730163574,1,3.4506378173828125
1071.119,10,1,1,stimulusMovement,1,-0.07448885175916883,-0.05805307626724243,1,3.6100921630859375,0,nan,nan,0,nan
1087.785,10,1,1,stimulusMovement,1,-0.08355734083387586,-0.021142899990081787,1,3.499114990234375,1,0.1185355716281467,-0.033881545066833496,1,3.4389495849609375
1104.451,10,1,1,stimulusMovement,1,-0.07855457729763454,-0.04373592138290405,1,3.522430419921875,1,0.1136935551961263,-0.011506199836730957,1,3.4217987060546875
1121.117,10,1,1,stimulusMovement,1,-0.05706495708889431,-0.04951047897338867,1,3.602325439453125,0,nan,nan,0,nan
1137.784,10,1,1,stimulusMovement,1,-0.09056827757093641,-0.008104205131530762,1,3.5162811279296875,1,0.1275572246975369,-0.024379432201385498,1,3.4742431640625
1154.449,10,1,1,stimulusMovement,1,-0.07934400770399305,-0.00042551755905151367,1,3.47332763671875,1,0.11239178975423177,-0.028183341026306152,1,3.478485107421875
1171.116,10,1,1,stimulusMovement,1,-0.09898169835408528,-0.00932610034942627,1,3.4827117919921875,1,0.10919507344563802,-0.03941535949707031,1,3.5211639404296875
1187.782,10,1,1,stimulusMovement,1,-0.08521715799967447,-0.05170243978500366,1,3.56671142578125,1,0.13607618543836805,-0.08508610725402832,1,3.58349609375
1204.448,10,1,1,stimulusMovement,1,-0.0722970962524414,-0.0013859868049621582,1,3.4506988525390625,1,0.1206057866414388,-0.05712580680847168,1,3.5185699462890625
1221.114,10,1,1,stimulusMovement,1,-0.09463230768839517,0.010063648223876953,1,3.5213470458984375,0,nan,nan,0,nan
1237.78,10,1,1,stimulusMovement,1,-0.08667156431410047,-0.02715843915939331,1,3.522186279296875,1,0.1175795661078559,-0.018184304237365723,1,3.38592529296875
1254.446,10,1,1,stimulusMovement,1,-0.08917034996880426,-0.009426653385162354,1,3.470855712890625,1,0.11188528272840711,-0.027812063694000244,1,3.3828125
1271.111,10,1,1,stimulusMovement,1,-0.07506095038519965,-0.0015097856521606445,1,3.4910125732421875,1,0.10519250233968098,-0.0266227126121521,1,3.443389892578125
1287.778,10,1,1,stimulusMovement,1,-0.06507470872667101,-0.02582496404647827,1,3.564605712890625,1,0.11772134568956162,-0.06279456615447998,1,3.51824951171875
1304.444,10,1,1,stimulusMovement,1,-0.07201300726996528,-0.017118096351623535,1,3.49627685546875,1,0.13102838728162977,-0.040213942527770996,1,3.503143310546875
1321.112,10,1,1,stimulusMovement,1,-0.09645864698621961,-0.020074427127838135,1,3.536773681640625,1,0.11124547322591145,-0.016991615295410156,1,3.5131988525390625
1337.779,10,1,1,stimulusMovement,1,-0.0859492090013292,-0.008428573608398438,1,3.59954833984375,0,nan,nan,0,nan
1354.445,10,1,1,stimulusMovement,1,-0.09829166200425889,-0.03857231140136719,1,3.5647430419921875,1,0.13926400078667533,-0.08341819047927856,1,3.62261962890625
1371.113,10,1,1,stimulusMovement,1,-0.07152827580769856,-0.015192925930023193,1,3.5537567138671875,1,0.09342331356472439,-0.12773603200912476,1,3.7400054931640625
1387.78,10,1,1,stimulusMovement,1,-0.10216055976019965,-0.011653423309326172,1,3.5203094482421875,1,0.10851171281602646,-0.05173933506011963,1,3.6185760498046875
1404.446,10,1,1,stimulusMovement,1,-0.08589326010810004,0.009003400802612305,1,3.4848480224609375,0,nan,nan,0,nan
1421.113,10,1,1,stimulusMovement,1,-0.07314321729871961,-0.009448111057281494,1,3.6079254150390625,1,0.11622598436143662,-0.06366002559661865,1,3.5906219482421875
1437.781,10,1,1,stimulusMovement,1,-0.0879068374633789,-0.017623186111450195,1,3.5630645751953125,1,0.10633828904893662,-0.06431984901428223,1,3.5675201416015625
1454.447,10,1,1,stimulusMovement,1,-0.06143421596950954,-0.006906032562255859,1,3.5623016357421875,1,0.11827108595106336,-0.0560225248336792,1,3.6222991943359375
1471.114,10,1,1,stimulusMovement,1,-0.06262312995062934,-0.062087178230285645,1,3.682861328125,1,0.11037169562445746,-0.06583905220031738,1,3.6296539306640625
1487.782,10,1,1,stimulusMovement,1,-0.09359015358818902,0.0069495439529418945,1,3.5577545166015625,1,0.11152479383680555,-0.028712987899780273,1,3.5813751220703125
1504.448,10,1,1,stimulusMovement,1,-0.07926792568630642,-0.03405725955963135,1,3.62176513671875,1,0.0919295416937934,-0.061448097229003906,1,3.69378662109375
1521.115,10,1,1,stimulusMovement,1,-0.0823520024617513,-0.016967952251434326,1,3.62152099609375,1,0.09884251488579643,-0.03902626037597656,1,3.5908355712890625
1537.783,10,1,1,stimulusMovement,1,-0.08885388904147677,-0.022702276706695557,1,3.605712890625,1,0.14594014485677081,-0.08827388286590576,1,3.752044677734375
1554.449,10,1,1,stimulusMovement,0,nan,nan,0,nan,1,0.07293097178141275,-0.04577690362930298,1,3.636138916015625
1571.116,10,1,1,stimulusMovement,1,-0.07353825039333767,-0.009149014949798584,1,3.6993255615234375,0,nan,nan,0,nan
1587.783,10,1,1,fixation,1,-0.08094750510321723,-0.01626056432723999,1,3.6551055908203125,1,0.11644172668457031,-0.0775294303894043,1,3.6952362060546875
1604.45,10,1,1,fixation,1,-0.08142916361490884,-0.003296375274658203,1,3.4049835205078125,1,0.09652137756347656,-0.011308789253234863,1,3.339111328125
1621.118,10,1,1,fixation,1,-0.12290080388387044,0.004400104284286499,1,3.4036102294921875,1,0.05204762352837456,-0.027884244918823242,1,3.3455810546875
1637.785,10,1,1,fixation,0,nan,nan,0,nan,0,nan,nan,0,nan
1654.453,10,1,1,fixation,1,-0.06119950612386067,-0.045174479484558105,1,3.8043975830078125,1,0.11388058132595485,-0.03203761577606201,1,3.596649169921875
1671.119,10,1,1,fixation,1,-0.08771790398491754,0.0018630921840667725,1,3.44110107421875,1,0.09754562377929688,-0.008439779281616211,1,3.3634490966796875
1687.786,10,1,1,fixation,1,-0.1172591315375434,0.008429795503616333,1,3.431854248046875,1,0.05812613169352213,-0.029968976974487305,1,3.371795654296875
1704.453,10,1,1,fixation,0,nan,nan,0,nan,0,nan,nan,0,nan
1721.12,10,1,1,fixation,1,-0.06738270653618707,-0.0131150484085083,1,3.7084808349609375,1,0.11881001790364583,-0.0535358190536499,1,3.7030029296875
1737.787,10,1,1,fixation,1,-0.09161387549506293,0.0030019283294677734,1,3.464691162109375,1,0.10712114969889322,-0.016330242156982422,1,3.377777099609375
1754.454,10,1,1,fixation,1,-0.1183288362291124,0.007530272006988525,1,3.4647369384765625,1,0.06307623121473524,-0.025559186935424805,1,3.3792572021484375
1771.122,10,1,1,fixation,0,nan,nan,0,nan,0,nan,nan,0,nan
1787.789,10,1,1,fixation,1,-0.0505019293891059,-0.031155109405517578,1,3.8142852783203125,1,0.128951178656684,-0.03039640188217163,1,3.6706390380859375
1804.456,10,1,1,fixation,1,-0.09696165720621744,0.004462927579879761,1,3.485809326171875,1,0.09353595309787326,-0.011806368827819824,1,3.39776611328125
1821.123,10,1,1,fixation,1,-0.12152830759684244,0.005510240793228149,1,3.479736328125,1,0.0660145017835829,-0.022060275077819824,1,3.4008026123046875
1837.79,10,1,1,fixation,0,nan,nan,0,nan,0,nan,nan,0,nan
1854.458,10,1,1,fixation,1,-0.08185773425632052,-0.047911226749420166,1,3.8946685791015625,1,0.11488384670681423,-0.06217461824417114,1,3.766143798828125
1871.124,10,1,1,fixation,1,-0.09976440005832247,-0.0010744333267211914,1,3.517242431640625,1,0.09513431125217013,-0.007631897926330566,1,3.4264068603515625
1887.792,10,1,1,fixation,1,-0.11939398447672525,0.009848177433013916,1,3.5057525634765625,1,0.06365606519911024,-0.023578286170959473,1,3.434173583984375
1904.459,10,1,1,fixation,0,nan,nan,0,nan,0,nan,nan,0,nan
1921.126,10,1,1,fixation,1,-0.08574358622233072,-0.0248793363571167,1,3.8055267333984375,1,0.11482969919840494,-0.03306746482849121,1,3.8055572509765625
1937.793,10,1,1,fixation,1,-0.09602546691894531,0.01446068286895752,1,3.557403564453125,1,0.0963044696384006,0.00699615478515625,1,3.472900390625
1954.46,10,1,1,fixation,1,-0.11299816767374674,0.016500890254974365,1,3.539642333984375,1,0.06884744432237414,-0.018307924270629883,1,3.4830322265625
1971.127,10,1,1,fixation,0,nan,nan,0,nan,0,nan,nan,0,nan
1987.794,10,1,1,fixation,1,-0.07590081956651475,-0.01794564723968506,1,3.912506103515625,1,0.126814948187934,-0.04089862108230591,1,3.8046875
2004.461,10,1,1,fixation,1,-0.09668450885348849,0.009960591793060303,1,3.5805816650390625,1,0.097331788804796,0.0012916028499603271,1,3.518402099609375
2021.128,10,1,1,fixation,1,-0.11850404739379883,0.01466059684753418,1,3.5749359130859375,1,0.06670422024197048,-0.017450571060180664,1,3.529083251953125
2037.795,10,1,1,fixation,0,nan,nan,0,nan,0,nan,nan,0,nan
2054.463,10,1,1,fixation,1,-0.07123978932698567,0.00538945198059082,1,3.96710205078125,1,0.10964743296305338,0.00013303756713867188,1,3.7430419921875
2071.129,10,1,1,fixation,1,-0.09827232360839844,0.009803056716918945,1,3.6146697998046875,1,0.09529601203070746,-0.0032732486724853516,1,3.550872802734375
2087.796,10,1,1,fixation,1,-0.11389896604749891,0.01752912998199463,1,3.60400390625,1,0.0670673582288954,-0.015118122100830078,1,3.561126708984375
2104.463,10,1,1,fixation,0,nan,nan,0,nan,0,nan,nan,0,nan
2121.13,10,1,1,fixation,1,-0.06658188501993814,0.005593538284301758,1,3.963897705078125,1,0.121451907687717,-0.049463093280792236,1,3.916534423828125
2137.797,10,1,1,fixation,1,-0.0978101094563802,0.011811792850494385,1,3.65167236328125,1,0.09544457329644097,-0.006702899932861328,1,3.5844573974609375
2154.464,10,1,1,fixation,1,-0.12156105041503906,0.01663750410079956,1,3.6438446044921875,1,0.06953419579399957,-0.01626819372177124,1,3.5910491943359375
2171.131,10,1,1,fixation,0,nan,nan,0,nan,0,nan,nan,0,nan
2187.798,10,1,1,fixation,1,-0.07074509726630317,-0.003522634506225586,1,4.0098419189453125,1,0.10622056325276692,-0.0634198784828186,1,4.02130126953125
2204.465,10,1,1,fixation,1,-0.1009996732076009,0.00950208306312561,1,3.683990478515625,1,0.0954344007703993,-0.006753683090209961,1,3.6147918701171875
2221.132,10,1,1,fixation,1,-0.11744700537787543,0.018075525760650635,1,3.677703857421875,1,0.06941466861300997,-0.01578521728515625,1,3.6272125244140625
2237.799,10,1,1,fixation,0,nan,nan,0,nan,0,nan,nan,0,nan
2254.467,10,1,1,fixation,1,-0.02914979722764757,-0.021830439567565918,1,4.20751953125,1,0.11571968926323783,-0.08812141418457031,1,4.1090240478515625
2271.133,10,1,1,fixation,1,-0.1000629531012641,0.010200440883636475,1,3.7145538330078125,1,0.0951401392618815,-0.0049574971199035645,1,3.6469879150390625
2287.8,10,1,1,fixation,1,-0.1214162508646647,0.014234781265258789,1,3.703582763671875,1,0.0663007100423177,-0.022464513778686523,1,3.6610260009765625
2304.467,10,1,1,fixation,0,nan,nan,0,nan,0,nan,nan,0,nan
2321.134,10,1,1,fixation,1,-0.041347397698296436,-0.009760558605194092,1,4.1095428466796875,0,nan,nan,0,nan
2337.801,10,1,1,fixation,1,-0.10085953606499565,0.010325193405151367,1,3.7350311279296875,1,0.096274905734592,-0.004281163215637207,1,3.6719970703125
2354.468,10,1,1,fixation,1,-0.11897071202596028,0.017476260662078857,1,3.71490478515625,1,0.07096205817328559,-0.02045583724975586,1,3.6804351806640625
2371.135,10,1,1,fixation,0,nan,nan,0,nan,0,nan,nan,0,nan
2387.802,10,1,1,fixation,1,-0.055254247453477644,-0.029442965984344482,1,4.1203460693359375,1,0.107004271613227,-0.07351207733154297,1,4.0176849365234375
2404.469,10,1,1,fixation,1,-0.0981261995103624,0.005946099758148193,1,3.7444915771484375,1,0.09625848134358723,-0.009744524955749512,1,3.681640625
2421.136,10,1,1,fixation,1,-0.11689694722493489,0.015038490295410156,1,3.720550537109375,1,0.06827078925238715,-0.022679686546325684,1,3.6858978271484375
2437.803,10,1,1,fixation,0,nan,nan,0,nan,0,nan,nan,0,nan
2454.471,10,1,1,fixation,1,-0.06657579210069445,-0.040169477462768555,1,4.006927490234375,1,0.13633494906955296,-0.06147557497024536,1,4.0390777587890625
2471.137,10,1,1,fixation,1,-0.09622981813218857,0.005884349346160889,1,3.7433929443359375,1,0.09688748253716363,-0.006599605083465576,1,3.678619384765625
2487.804,10,1,1,fixation,1,-0.11425320307413736,0.0111924409866333,1,3.721893310546875,1,0.07160207960340711,-0.02609384059906006,1,3.681121826171875
2504.471,10,1,1,fixation,0,nan,nan,0,nan,0,nan,nan,0,nan
2521.138,10,1,1,fixation,1,-0.050768799251980246,-0.04810553789138794,1,4.1544342041015625,1,0.11967298719618055,-0.042564332485198975,1,4.057586669921875
2537.805,10,1,1,fixation,1,-0.09418328603108723,0.001913607120513916,1,3.729095458984375,1,0.0980788336859809,-0.006668210029602051,1,3.6618499755859375
2554.472,10,1,1,fixation,1,-0.11617909537421332,0.008521795272827148,1,3.7020416259765625,1,0.07062710656060113,-0.024705350399017334,1,3.6607666015625
2571.139,10,1,1,fixation,0,nan,nan,0,nan,0,nan,nan,0,nan
2587.806,10,1,1,fixation,1,-0.04341395696004231,-0.02693396806716919,1,4.191558837890625,1,0.11397806803385416,-0.027962446212768555,1,3.9421539306640625
2604.473,10,1,1,fixation,1,-0.09443208906385633,0.0042465925216674805,1,3.6896209716796875,1,0.10229259067111544,-0.012164175510406494,1,3.6339111328125
2621.14,10,1,1,fixation,1,-0.11370982064141166,0.010974526405334473,1,3.66107177734375,1,0.07332600487603082,-0.024034440517425537,1,3.62701416015625
2637.807,10,1,1,fixation,0,nan,nan,0,nan,0,nan,nan,0,nan
2654.475,10,1,1,fixation,1,-0.06088108486599392,-0.03084319829940796,1,3.9862823486328125,1,0.1364407009548611,-0.07376766204833984,1,4.0304718017578125
2671.141,10,1,1,fixation,1,-0.10128890143500434,0.0074787139892578125,1,3.6527252197265625,1,0.09400855170355903,-0.009670794010162354,1,3.601776123046875
2687.808,10,1,1,fixation,1,-0.12010261747572157,0.026633769273757935,1,3.6209564208984375,1,0.05582438574896918,-0.007861495018005371,1,3.5913848876953125
2704.475,10,1,1,fixation,0,nan,nan,0,nan,0,nan,nan,0,nan
2721.142,10,1,1,fixation,1,-0.06216780344645182,0.004956841468811035,1,3.9603118896484375,1,0.10378795199924044,-0.004507184028625488,1,3.8125152587890625
2737.809,10,1,1,fixation,1,-0.09858322143554688,0.006722092628479004,1,3.641510009765625,1,0.08609125349256727,-0.0010449886322021484,1,3.583251953125
2754.476,10,1,1,fixation,1,-0.1217569245232476,0.020860612392425537,1,3.6150360107421875,1,0.05959002176920573,-0.0120619535446167,1,3.58416748046875
2771.143,10,1,1,fixation,0,nan,nan,0,nan,0,nan,nan,0,nan
2787.81,10,1,1,fixation,1,-0.07889101240370008,-0.004221498966217041,1,4.0055999755859375,1,0.10592407650417751,-0.048003196716308594,1,3.9182281494140625
2804.477,10,1,1,fixation,1,-0.10287655724419487,0.01598179340362549,1,3.6242828369140625,1,0.09912586212158203,0.0017635822296142578,1,3.574951171875
2821.144,10,1,1,fixation,1,-0.12389755249023438,0.024728894233703613,1,3.605194091796875,1,0.06265608469645181,-0.014303624629974365,1,3.5776824951171875
2837.811,10,1,1,fixation,0,nan,nan,0,nan,0,nan,nan,0,nan
2854.479,10,1,1,fixation,0,nan,nan,0,nan,1,0.1039584477742513,-0.11428868770599365,1,4.090423583984375
2871.145,10,1,1,fixation,1,-0.10330020056830512,0.014830917119979858,1,3.6372833251953125,1,0.08469200134277344,0.0014143884181976318,1,3.5802459716796875
2887.812,10,1,1,fixation,1,-0.1240454249911838,0.020538032054901123,1,3.6130828857421875,1,0.05668067932128906,-0.0158083438873291,1,3.587799072265625
2904.479,10,1,1,fixation,0,nan,nan,0,nan,0,nan,nan,0,nan
2921.146,10,1,1,fixation,1,-0.06673304239908853,3.6269426345825195e-05,1,3.9797515869140625,1,0.09773084852430555,-0.03784972429275513,1,3.9224395751953125
2937.813,10,1,1,stimulusMovement,1,-0.10685613420274521,0.011828333139419556,1,3.6462249755859375,1,0.09539530012342665,-0.008487224578857422,1,3.5933685302734375
2954.48,10,1,1,stimulusMovement,0,nan,nan,0,nan,0,nan,nan,0,nan
2971.147,10,1,1,stimulusMovement,1,-0.041406737433539495,0.0008260607719421387,1,4.0247039794921875,1,0.10808266533745658,-0.005895078182220459,1,3.833740234375
2987.814,10,1,1,stimulusMovement,1,-0.02900690502590603,-0.018913686275482178,1,4.1208343505859375,1,0.0872908698187934,-0.013561427593231201,1,3.791290283203125
3004.481,10,1,1,stimulusMovement,1,-0.031791369120279946,-0.036407291889190674,1,4.11077880859375,1,0.10850365956624348,-0.07835710048675537,1,4.0128021240234375
3021.147,10,1,1,stimulusMovement,0,nan,nan,0,nan,1,0.11282698313395181,-0.025079727172851562,1,3.8924713134765625
3037.814,10,1,1,stimulusMovement,1,-0.06643221113416883,-0.029064416885375977,1,4.024993896484375,1,0.11266263326009114,-0.06675684452056885,1,3.996612548828125
3054.48,10,1,1,stimulusMovement,1,-0.0003880924648708767,-0.05018097162246704,1,4.268829345703125,1,0.10859764946831596,-0.05104506015777588,1,4.0200347900390625
3071.146,10,1,1,stimulusMovement,1,-0.059248818291558154,-0.0062215328216552734,1,4.047943115234375,1,0.07356643676757812,-0.006671607494354248,1,3.84283447265625
3087.813,10,1,1,stimulusMovement,1,-0.05417988035413954,-0.02572000026702881,1,4.104034423828125,1,0.12454530927870008,-0.03412598371505737,1,3.915069580078125
3104.479,10,1,1,stimulusMovement,1,-0.06884182824028863,-0.016369402408599854,1,4.13836669921875,1,0.1171373791164822,-0.03331881761550903,1,3.9361572265625
3121.146,10,1,1,stimulusMovement,1,-0.08643775516086154,0.016821354627609253,1,3.948883056640625,1,0.11552153693305121,-0.06720477342605591,1,3.997406005859375
3137.812,10,1,1,stimulusMovement,1,-0.08943096796671549,0.014784514904022217,1,3.9282989501953125,1,0.10943963792588975,-0.0632217526435852,1,3.9618682861328125
3154.479,10,1,1,stimulusMovement,1,-0.07776482899983723,0.0015689730644226074,1,3.9886016845703125,1,0.08683575524224176,-0.060098230838775635,1,3.9930877685546875
3171.145,10,1,1,stimulusMovement,1,-0.07885980606079102,-0.004922449588775635,1,3.9954681396484375,1,0.11932712131076388,-0.02649003267288208,1,3.930206298828125
3187.812,10,1,1,stimulusMovement,1,-0.06674718856811523,0.011478900909423828,1,4.027679443359375,1,0.10833888583713107,-0.052438199520111084,1,3.9345703125
3204.478,10,1,1,stimulusMovement,1,-0.05966271294487847,-0.008898615837097168,1,3.959564208984375,1,0.11334482828776041,-0.03654080629348755,1,3.9290618896484375
3221.145,10,1,1,stimulusMovement,1,-0.04096264309353299,0.003026634454727173,1,4.0764007568359375,0,nan,nan,0,nan
3237.811,10,1,1,stimulusMovement,1,-0.05571349461873372,0.009786248207092285,1,4.0416259765625,0,nan,nan,0,nan
3254.477,10,1,1,stimulusMovement,1,-0.030848768022325303,-0.0013918876647949219,1,4.0569610595703125,1,0.10852718353271484,-0.024577319622039795,1,3.82476806640625
3271.144,10,1,1,stimulusMovement,0,nan,nan,0,nan,1,0.07890404595269097,-0.13080072402954102,1,4.134368896484375
3287.81,10,1,1,stimulusMovement,1,-0.023775418599446613,0.007314026355743408,1,4.1295318603515625,1,0.102518187628852,-0.021972179412841797,1,3.7891693115234375
3304.476,10,1,1,stimulusMovement,0,nan,nan,0,nan,1,0.09029981825086805,-0.02749764919281006,1,3.8868255615234375
3321.143,10,1,1,stimulusMovement,1,-0.05803590350680881,-0.008447527885437012,1,3.9051666259765625,0,nan,nan,0,nan
3337.809,10,1,1,stimulusMovement,1,-0.04485501183403862,0.014558494091033936,1,3.93768310546875,1,0.12140772077772352,-0.02736222743988037,1,3.8913726806640625
3354.475,10,1,1,stimulusMovement,1,-0.025305006239149302,-0.06163895130157471,1,4.0597076416015625,1,0.10056093004014756,-0.054383277893066406,1,3.9753570556640625
3371.142,10,1,1,stimulusMovement,1,-0.0505171881781684,-0.01531076431274414,1,3.9789886474609375,1,0.1032048331366645,-0.03340667486190796,1,3.8318939208984375
3387.808,10,1,1,stimulusMovement,1,-0.004837301042344835,-0.06289148330688477,1,4.1607513427734375,1,0.10082054138183594,-0.03755462169647217,1,3.8256988525390625
3404.475,10,1,1,stimulusMovement,1,-0.04760683907402886,-0.010143160820007324,1,3.9953460693359375,1,0.10553444756401908,-0.05489063262939453,1,3.891510009765625
3421.141,10,1,1,stimulusMovement,1,-0.04514174991183811,-0.00598752498626709,1,3.9828643798828125,1,0.11602507697211371,-0.056231141090393066,1,3.927947998046875
3437.807,10,1,1,stimulusMovement,1,-0.06475252575344509,0.007628351449966431,1,3.876373291015625,1,0.10965167151557074,-0.10781484842300415,1,3.9933929443359375
3454.473,10,1,1,stimulusMovement,1,-0.02585718366834852,0.0214996337890625,1,4.0365753173828125,0,nan,nan,0,nan
3471.14,10,1,1,stimulusMovement,1,0.1195784674750434,-0.1829577088356018,1,4.69146728515625,1,0.10352865854899088,-0.037568867206573486,1,3.836029052734375
3487.806,10,1,1,stimulusMovement,1,-0.06305938296847872,0.0186099112033844,1,3.979766845703125,1,0.11526362101236978,-0.06977313756942749,1,4.0215606689453125
3504.472,10,1,1,stimulusMovement,1,-0.05272833506266276,0.04408085346221924,1,3.9073638916015625,1,0.0917430453830295,-0.08768194913864136,1,4.0479278564453125
3521.139,10,1,1,stimulusMovement,1,-0.0668085945977105,0.030257999897003174,1,3.9318695068359375,0,nan,nan,0,nan
3537.805,10,1,1,stimulusMovement,1,-0.03159734937879774,-0.024092495441436768,1,4.1343231201171875,1,0.08777904510498047,-0.059472739696502686,1,3.9850616455078125
3554.471,10,1,1,stimulusMovement,1,-0.022913085089789495,-0.04634910821914673,1,4.096588134765625,0,nan,nan,0,nan
3571.137,10,1,1,stimulusMovement,1,-0.028823693593343098,0.02619093656539917,1,4.1150360107421875,1,0.10933918423122829,-0.004161477088928223,1,3.8170318603515625
3587.804,10,1,1,stimulusMovement,1,-0.06111770206027561,0.007587611675262451,1,3.995758056640625,0,nan,nan,0,nan
3604.47,10,1,1,stimulusMovement,1,-0.0707387924194336,-0.01355743408203125,1,4.0206298828125,1,0.1046871609157986,-0.10276877880096436,1,4.114349365234375
3621.136,10,1,1,stimulusMovement,1,-0.06458059946695963,-0.015447556972503662,1,4.0251007080078125,1,0.12208535936143662,-0.018092811107635498,1,3.90576171875
3637.803,10,1,1,stimulusMovement,1,-0.03472603691948784,0.010046958923339844,1,4.0702056884765625,0,nan,nan,0,nan
3654.468,10,1,1,stimulusMovement,1,-0.025766266716851127,-0.01036745309829712,1,4.119720458984375,0,nan,nan,0,nan
3671.135,10,1,1,stimulusMovement,0,nan,nan,0,nan,0,nan,nan,0,nan
3687.801,10,1,1,stimulusMovement,1,-0.06305980682373047,-0.02254009246826172,1,4.14373779296875,1,0.11403783162434895,-0.07141542434692383,1,4.038604736328125
3704.467,10,1,1,stimulusMovement,1,-0.026388698154025607,-0.07168781757354736,1,4.2983856201171875,1,0.10460631052652994,-0.04458707571029663,1,3.984771728515625
3721.134,10,1,1,stimulusMovement,0,nan,nan,0,nan,1,0.10365687476264106,-0.031245946884155273,1,3.991668701171875
3737.8,10,1,1,stimulusMovement,0,nan,nan,0,nan,1,0.10062800513373481,-0.10860258340835571,1,4.1904449462890625
3754.466,10,1,1,stimulusMovement,0,nan,nan,0,nan,1,0.08793830871582031,-0.051938652992248535,1,4.0594329833984375
3771.132,10,1,1,stimulusMovement,1,-0.048296981387668185,-0.08524137735366821,1,4.3431854248046875,1,0.11589495340983072,-0.12223124504089355,1,4.2023468017578125
3787.798,10,1,1,stimulusMovement,1,-0.018633365631103516,-0.1385785937309265,1,4.506866455078125,1,0.07677608066134982,-0.0966881513595581,1,4.2536468505859375
3804.464,10,1,1,stimulusMovement,0,nan,nan,0,nan,1,0.11119121975368923,-0.09447187185287476,1,4.2264404296875
3821.132,10,1,1,stimulusMovement,1,-0.05346319410536024,-0.009700536727905273,1,4.092529296875,1,0.08669228023952907,-0.08664101362228394,1,4.159698486328125
3837.799,10,1,1,stimulusMovement,1,-0.0799724260965983,0.0056018829345703125,1,4.0635986328125,0,nan,nan,0,nan
3854.465,10,1,1,stimulusMovement,0,nan,nan,0,nan,0,nan,nan,0,nan
3871.132,10,1,1,stimulusMovement,0,nan,nan,0,nan,1,0.08803971608479817,-0.07761752605438232,1,4.264495849609375
3887.799,10,1,1,stimulusMovement,1,-0.046183798048231334,0.011931151151657104,1,4.1769866943359375,0,nan,nan,0,nan
3904.465,10,1,1,stimulusMovement,0,nan,nan,0,nan,0,nan,nan,0,nan
3921.133,10,1,1,stimulusMovement,1,-0.04535102844238281,0.011754065752029419,1,4.1992645263671875,1,0.09935357835557725,-0.07599812746047974,1,4.14837646484375
3937.8,10,1,1,stimulusMovement,1,0.004636552598741319,-0.02990323305130005,1,4.2880096435546875,1,0.020684983995225694,-0.15645647048950195,1,4.35687255859375
3954.466,10,1,1,stimulusMovement,1,-0.02911663055419922,-0.05684536695480347,1,4.3095703125,0,nan,nan,0,nan
3971.133,10,1,1,stimulusMovement,1,-0.06829584969414605,-0.010493874549865723,1,4.1349945068359375,0,nan,nan,0,nan
3987.8,10,1,1,stimulusMovement,1,-0.05743397606743706,-0.0028357505798339844,1,4.1455841064453125,1,0.08466847737630208,-0.037863075733184814,1,4.00140380859375
4004.466,10,1,1,stimulusMovement,0,nan,nan,0,nan,1,0.10232268439398871,-0.031301796436309814,1,4.0388641357421875
4021.134,10,1,1,stimulusMovement,1,-0.04237143198649088,-0.008369922637939453,1,4.1956787109375,0,nan,nan,0,nan
4037.801,10,1,1,stimulusMovement,1,-0.045279767778184675,0.031682759523391724,1,4.14202880859375,1,0.11774232652452256,-0.03888356685638428,1,4.0599212646484375
4054.467,10,1,1,stimulusMovement,1,-0.03618235058254666,-0.03273743391036987,1,4.3253936767578125,1,0.09655062357584634,-0.04519778490066528,1,4.0173797607421875
4071.134,10,1,1,stimulusMovement,1,-0.04534159766303168,-0.042631685733795166,1,4.253387451171875,1,0.07501167721218532,-0.03770601749420166,1,4.0787200927734375
4087.801,10,1,1,stimulusMovement,1,-0.02741803063286675,-0.05131888389587402,1,4.3036041259765625,0,nan,nan,0,nan
4104.467,10,1,1,stimulusMovement,1,-0.06304539574517144,-0.028399229049682617,1,4.2170257568359375,0,nan,nan,0,nan
4121.135,10,1,1,stimulusMovement,1,-0.031153943803575303,0.004770219326019287,1,4.2108612060546875,1,0.10530450608995225,-0.018532872200012207,1,4.184478759765625
4137.802,10,1,1,stimulusMovement,1,-0.03767797682020399,0.020727813243865967,1,4.112579345703125,1,0.12563980950249565,-0.05623042583465576,1,4.1359710693359375
4154.468,10,1,1,stimulusMovement,1,-0.026248772939046223,0.01864302158355713,1,4.1332855224609375,0,nan,nan,0,nan
4171.135,10,1,1,stimulusMovement,1,-0.04769277572631836,0.00353887677192688,1,4.2007598876953125,1,0.10983297559950086,-0.018591761589050293,1,3.9993743896484375
4187.802,10,1,1,stimulusMovement,1,-0.05658117930094401,0.011363804340362549,1,4.1523590087890625,0,nan,nan,0,nan
4204.468,10,1,1,stimulusMovement,1,-0.06913174523247613,-0.005945444107055664,1,4.186798095703125,0,nan,nan,0,nan
4221.135,10,1,1,stimulusMovement,1,-0.05156029595269097,0.009128391742706299,1,4.2122344970703125,0,nan,nan,0,nan
4237.803,10,1,1,stimulusMovement,1,-0.01910098393758138,-0.05504870414733887,1,4.331634521484375,0,nan,nan,0,nan
4254.469,10,1,1,stimulusMovement,0,nan,nan,0,nan,0,nan,nan,0,nan
4271.136,10,1,1,stimulusMovement,1,-0.057944933573404946,-0.004933536052703857,1,4.1898040771484375,0,nan,nan,0,nan
4287.803,10,1,1,stimulusMovement,1,-0.05318302578396267,0.017686426639556885,1,4.074859619140625,0,nan,nan,0,nan
4304.469,10,1,1,stimulusMovement,1,-0.036598417494032115,-0.033964335918426514,1,4.2342987060546875,1,0.10603883531358506,-0.0026772022247314453,1,4.0203857421875
4321.136,10,1,1,stimulusMovement,1,-0.05890231662326389,-0.012653827667236328,1,4.1686553955078125,1,0.06084685855441623,-0.08122968673706055,1,4.262237548828125
4337.804,10,1,1,stimulusMovement,1,-0.03566826714409722,0.00814005732536316,1,4.084075927734375,0,nan,nan,0,nan
4354.47,10,1,1,stimulusMovement,1,-0.06198273764716254,0.02934277057647705,1,4.07952880859375,0,nan,nan,0,nan
4371.137,10,1,1,stimulusMovement,1,-0.05084588792588975,-0.003300309181213379,1,4.1112518310546875,1,0.08851231469048394,-0.10828197002410889,1,4.242095947265625
4387.804,10,1,1,stimulusMovement,1,-0.0844633314344618,0.01655036211013794,1,4.0109710693359375,1,0.11524327596028645,-0.07231682538986206,1,4.0618743896484375
4404.47,10,1,1,stimulusMovement,1,-0.04862732357449001,0.004197418689727783,1,4.1033935546875,0,nan,nan,0,nan
4421.137,10,1,1,stimulusMovement,1,-0.01184770796034071,-0.04010510444641113,1,4.1794586181640625,1,0.1226414574517144,-0.033159077167510986,1,4.021209716796875
4437.805,10,1,1,stimulusMovement,0,nan,nan,0,nan,1,0.09815830654568142,0.012992024421691895,1,3.9471435546875
4454.471,10,1,1,stimulusMovement,0,nan,nan,0,nan,1,0.1220357682969835,0.0019344687461853027,1,3.9003143310546875
4471.138,10,1,1,stimulusMovement,1,0.046743181016710066,-0.11428964138031006,1,4.5435638427734375,1,0.07283835940890841,-0.07509106397628784,1,4.14892578125
4487.805,10,1,1,stimulusMovement,0,nan,nan,0,nan,0,nan,nan,0,nan
4504.471,10,1,1,stimulusMovement,1,-0.06202798419528537,0.013686954975128174,1,4.0454864501953125,0,nan,nan,0,nan
4521.138,10,1,1,stimulusMovement,1,-0.050789992014567055,-0.0006653070449829102,1,4.066375732421875,1,0.11619896358913845,-0.03140312433242798,1,4.0034942626953125
4537.806,10,1,1,stimulusMovement,1,-0.04509215884738498,0.017556488513946533,1,4.08538818359375,1,0.11744499206542969,-0.009493112564086914,1,3.9655914306640625
4554.472,10,1,1,stimulusMovement,0,nan,nan,0,nan,1,0.09422959221733941,-0.003880798816680908,1,3.88177490234375
4571.139,10,1,1,stimulusMovement,1,-0.056547482808430985,0.03162190318107605,1,4.0323028564453125,0,nan,nan,0,nan
4587.806,10,1,1,stimulusMovement,1,-0.038605107201470264,0.016925930976867676,1,4.150299072265625,1,0.140048344930013,-0.017024457454681396,1,3.9948577880859375
4604.472,10,1,1,stimulusMovement,1,-0.05200375450981987,0.03985607624053955,1,4.0419921875,0,nan,nan,0,nan
4621.139,10,1,1,stimulusMovement,0,nan,nan,0,nan,1,0.09414863586425781,-0.03782212734222412,1,4.014892578125
4637.806,10,1,1,stimulusMovement,1,-0.035975880093044706,-0.03675210475921631,1,4.2462615966796875,1,0.11384985182020399,-0.029646456241607666,1,3.993865966796875
4654.473,10,1,1,stimulusMovement,0,nan,nan,0,nan,1,0.11951594882541232,0.02393275499343872,1,3.9857330322265625
4671.141,10,1,1,stimulusMovement,1,-0.03992901908026801,0.003754734992980957,1,4.154449462890625,1,0.05922508239746094,-0.05513739585876465,1,4.33624267578125
4687.808,10,1,1,stimulusMovement,1,-0.05110465155707465,0.037720710039138794,1,4.07080078125,0,nan,nan,0,nan
4704.474,10,1,1,stimulusMovement,1,0.007692866855197482,-0.03447294235229492,1,4.3515472412109375,1,0.08803155687120225,-0.06287795305252075,1,4.159912109375
4721.142,10,1,1,stimulusMovement,1,-0.01985221438937717,0.03541794419288635,1,4.1527252197265625,0,nan,nan,0,nan
4737.809,10,1,1,stimulusMovement,1,-0.00218963623046875,0.00531691312789917,1,4.221160888671875,0,nan,nan,0,nan
4754.476,10,1,1,stimulusMovement,1,-0.025957955254448783,0.010182887315750122,1,4.2321014404296875,0,nan,nan,0,nan
4771.144,10,1,1,stimulusMovement,1,0.02697605556911892,-0.02614271640777588,1,4.3654327392578125,0,nan,nan,0,nan
4787.811,10,1,1,stimulusMovement,1,0.05555703904893663,-0.00496673583984375,1,4.3553466796875,1,0.1517375310262044,0.03152891993522644,1,3.972869873046875
4804.477,10,1,1,stimulusMovement,0,nan,nan,0,nan,0,nan,nan,0,nan
4821.145,10,1,1,stimulusMovement,1,0.025598102145724826,0.004132091999053955,1,4.2691192626953125,0,nan,nan,0,nan
4837.812,10,1,1,stimulusMovement,0,nan,nan,0,nan,0,nan,nan,0,nan
4854.479,10,1,1,stimulusMovement,1,0.03012137942843967,0.06107360124588013,1,4.168914794921875,1,0.17601564195421007,0.039202362298965454,1,4.1753692626953125
4871.147,10,1,1,stimulusMovement,1,0.1634696324666341,0.0357014536857605,1,4.4709625244140625,1,0.31792979770236546,0.1173543930053711,1,4.1980133056640625
4887.814,10,1,1,stimulusMovement,1,0.17513052622477213,0.07430872321128845,1,4.3458709716796875,1,0.1961549123128255,0.04400715231895447,1,4.5233612060546875
4904.481,10,1,1,stimulusMovement,1,0.17397340138753253,0.13372540473937988,1,4.28424072265625,0,nan,nan,0,nan
4921.148,10,1,1,stimulusMovement,1,0.1649895773993598,0.1612536609172821,1,4.1631622314453125,1,0.3365037706163194,0.13979673385620117,1,4.112091064453125
4937.815,10,1,1,stimulusMovement,1,0.23569160037570527,0.1072433590888977,1,4.3557281494140625,1,0.31231000688340926,0.13468700647354126,1,4.2899169921875
4954.483,10,1,1,stimulusMovement,0,nan,nan,0,nan,1,0.2510289086235894,0.048067688941955566,1,4.5344696044921875
4971.15,10,1,1,stimulusMovement,1,0.23570357428656682,0.14156028628349304,1,4.35272216796875,1,0.3364681667751736,0.05253589153289795,1,4.431121826171875
4987.817,10,1,1,stimulusMovement,1,0.22089915805392793,0.12903636693954468,1,4.404693603515625,1,0.34476227230495876,0.10282397270202637,1,4.3668060302734375
5004.484,10,1,1,stimulusMovement,1,0.23316542307535806,0.16421374678611755,1,4.34539794921875,1,0.35862074957953555,0.13958147168159485,1,4.3217926025390625
5021.151,10,1,1,stimulusMovement,1,0.30946074591742617,0.1292189359664917,1,4.5823974609375,1,0.3995882670084635,0.1493355631828308,1,4.144775390625
5037.819,10,1,1,stimulusMovement,1,0.24762301974826387,0.1975780725479126,1,4.30157470703125,1,0.3932396570841471,0.17168915271759033,1,4.277069091796875
5054.486,10,1,1,stimulusMovement,1,0.34816932678222656,0.22726458311080933,1,4.279266357421875,1,0.507312986585829,0.19377201795578003,1,4.350067138671875
5071.153,10,1,1,stimulusMovement,1,0.34600406222873265,0.1318741738796234,1,4.5423431396484375,1,0.5543655819363064,0.21354031562805176,1,4.2826385498046875
5087.821,10,1,1,stimulusMovement,1,0.38642417060004336,0.17525166273117065,1,4.45318603515625,1,0.5149381425645616,0.23816677927970886,1,4.32574462890625
5104.487,10,1,1,stimulusMovement,1,0.39409118228488493,0.19563710689544678,1,4.4701995849609375,1,0.5484258863661025,0.20069730281829834,1,4.273956298828125
5121.155,10,1,1,stimulusMovement,1,0.3785556157430013,0.1572360098361969,1,4.5267486572265625,1,0.5244984096950954,0.16915446519851685,1,4.3930511474609375
5137.822,10,1,1,stimulusMovement,1,0.3976612091064453,0.22326084971427917,1,4.4017333984375,1,0.5723983976576063,0.2598848342895508,1,4.2467193603515625
5154.488,10,1,1,stimulusMovement,1,0.4230015012953016,0.20306336879730225,1,4.4600677490234375,1,0.5731858147515191,0.198525071144104,1,4.3130950927734375
5171.156,10,1,1,stimulusMovement,0,nan,nan,0,nan,0,nan,nan,0,nan
5187.824,10,1,1,stimulusMovement,1,0.4280751546223958,0.2774130702018738,1,4.2722930908203125,1,0.6438181135389539,0.2791723608970642,1,4.2381591796875
5204.49,10,1,1,stimulusMovement,1,0.44840749104817706,0.2607426941394806,1,4.30322265625,1,0.5821154912312825,0.2324015498161316,1,4.42523193359375
5221.158,10,1,1,stimulusMovement,1,0.47662152184380424,0.2556266486644745,1,4.35418701171875,1,0.6469122568766276,0.2747947722673416,1,4.2124481201171875
5237.826,10,1,1,stimulusMovement,1,0.4703161451551649,0.18531441688537598,1,4.5493621826171875,1,0.6586811277601453,0.325370118021965,1,4.1705322265625
5254.492,10,1,1,stimulusMovement,1,0.47724808586968315,0.2653569281101227,1,4.358917236328125,1,0.6124415927463107,0.23779809474945068,1,4.3748321533203125
5271.16,10,1,1,stimulusMovement,0,nan,nan,0,nan,1,0.7112486097547742,0.3601456582546234,1,4.14788818359375
5287.827,10,1,1,stimulusMovement,1,0.5131549835205078,0.2588474154472351,1,4.362091064453125,1,0.6789644029405382,0.28897684812545776,1,4.3206634521484375
5304.494,10,1,1,stimulusMovement,1,0.47222550710042316,0.22280627489089966,1,4.547149658203125,1,0.6805164549085828,0.32430247962474823,1,4.2310028076171875
5321.161,10,1,1,stimulusMovement,1,0.5430705812242296,0.27950483560562134,1,4.361602783203125,1,0.7262172698974609,0.34440910816192627,1,4.174957275390625
5337.829,10,1,1,stimulusMovement,1,0.534072028266059,0.23330071568489075,1,4.4872589111328125,1,0.6794519424438477,0.259360671043396,1,4.3000335693359375
5354.496,10,1,1,stimulusMovement,1,0.5416010750664605,0.32050085067749023,1,4.233978271484375,1,0.7421542273627387,0.3480520099401474,1,4.20892333984375
5371.164,10,1,1,stimulusMovement,1,0.5618303087022569,0.3505367636680603,1,4.1774444580078125,1,0.78097841474745,0.39616065472364426,1,4.1612548828125
5387.831,10,1,1,stimulusMovement,1,0.5105826059977213,0.11985671520233154,1,5.010772705078125,1,0.787644280327691,0.3870910480618477,1,4.1995697021484375
5404.497,10,1,1,stimulusMovement,1,0.5978621376885308,0.33761604130268097,1,4.34515380859375,1,0.7968079249064127,0.3866356462240219,1,4.1033172607421875
5421.165,10,1,1,stimulusMovement,1,0.6093292236328125,0.36067554354667664,1,4.279022216796875,1,0.8467013041178385,0.4231218993663788,1,4.16253662109375
5437.833,10,1,1,stimulusMovement,1,0.600929472181532,0.3581854850053787,1,4.26678466796875,1,0.8330148061116536,0.41154417395591736,1,4.1037445068359375
5454.499,10,1,1,stimulusMovement,1,0.6395433213975694,0.3494454622268677,1,4.267852783203125,1,0.8399981392754449,0.4276800751686096,1,4.1275634765625
5471.167,10,1,1,stimulusMovement,1,0.6202706231011285,0.3555734157562256,1,4.2708892822265625,1,0.8651665581597222,0.43243156373500824,1,4.075347900390625
5487.835,10,1,1,stimulusMovement,1,0.6601743698120117,0.3117639571428299,1,4.409454345703125,0,nan,nan,0,nan
5504.501,10,1,1,stimulusMovement,1,0.6728208329942491,0.39381277561187744,1,4.2444305419921875,0,nan,nan,0,nan
5521.169,10,1,1,stimulusMovement,1,0.622749540540907,0.351726695895195,1,4.33233642578125,0,nan,nan,0,nan
5537.836,10,1,1,stimulusMovement,1,0.6374353832668728,0.27301594614982605,1,4.578125,1,0.8670747545030382,0.4324386492371559,1,4.1536407470703125
5554.503,10,1,1,stimulusMovement,1,0.6559912363688151,0.3796973079442978,1,4.2574920654296875,1,0.8719480302598741,0.4064049571752548,1,4.1472320556640625
5571.17,10,1,1,stimulusMovement,1,0.6550007926093208,0.36400139331817627,1,4.27825927734375,1,0.8646739323933919,0.4273945391178131,1,4.186492919921875
5587.838,10,1,1,stimulusMovement,1,0.6363832685682508,0.3439246267080307,1,4.30096435546875,1,0.8745104471842448,0.4016869366168976,1,4.1698760986328125
5604.505,10,1,1,stimulusMovement,1,0.6304294798109266,0.35951773822307587,1,4.3110504150390625,0,nan,nan,0,nan
5621.172,10,1,1,stimulusMovement,1,0.6222654978434244,0.27536211907863617,1,4.449737548828125,0,nan,nan,0,nan
5637.84,10,1,1,stimulusMovement,1,0.644020292494032,0.3881896138191223,1,4.2626190185546875,0,nan,nan,0,nan
5654.507,10,1,1,stimulusMovement,1,0.6109124289618598,0.3664872348308563,1,4.2907562255859375,1,0.8238709767659504,0.41110923141241074,1,4.2277984619140625
5671.174,10,1,1,stimulusMovement,1,0.628909428914388,0.39547865092754364,1,4.2181854248046875,1,0.8406771553887261,0.40886303782463074,1,4.147125244140625
5687.842,10,1,1,stimulusMovement,1,0.6037197113037109,0.3801483064889908,1,4.206298828125,1,0.8320550918579102,0.42182663083076477,1,4.108001708984375
5704.508,10,1,1,stimulusMovement,1,0.6096553802490234,0.2990845590829849,1,4.4549713134765625,1,0.7856939103868272,0.3790728226304054,1,4.2303009033203125
5721.177,10,1,1,stimulusMovement,1,0.59994994269477,0.2857724279165268,1,4.5272216796875,1,0.7915893130832248,0.3947643041610718,1,4.217926025390625
5737.844,10,1,1,stimulusMovement,1,0.6026233037312825,0.28641951084136963,1,4.470947265625,1,0.8249105877346462,0.375951886177063,1,4.182647705078125
5754.51,10,1,1,stimulusMovement,1,0.6016917758517795,0.368595615029335,1,4.249755859375,1,0.8292149437798394,0.38860876113176346,1,4.1633453369140625
5771.178,10,1,1,stimulusMovement,0,nan,nan,0,nan,1,0.8296625349256727,0.38882453739643097,1,4.198272705078125
5787.846,10,1,1,stimulusMovement,1,0.6009078555636935,0.33883579075336456,1,4.4200439453125,1,0.8354208204481336,0.4147939085960388,1,4.176849365234375
5804.513,10,1,1,stimulusMovement,1,0.612166510687934,0.35284167528152466,1,4.309967041015625,1,0.8254177305433484,0.4077398553490639,1,4.1784515380859375
5821.18,10,1,1,stimulusMovement,1,0.5994307200113932,0.3469402343034744,1,4.3626251220703125,1,0.7000094519721137,0.2951880395412445,1,4.5829620361328125
5837.848,10,1,1,stimulusMovement,1,0.6074719958835177,0.3452483117580414,1,4.3467254638671875,1,0.7705722384982638,0.3310164362192154,1,4.4278564453125
5854.515,10,1,1,stimulusMovement,1,0.6253086725870768,0.3067065477371216,1,4.4612884521484375,1,0.7482173707750108,0.34333401918411255,1,4.49078369140625
5871.182,10,1,1,stimulusMovement,1,0.6101294623480903,0.3685009032487869,1,4.323699951171875,1,0.8179431491427951,0.35735929012298584,1,4.331268310546875
5887.85,10,1,1,stimulusMovement,1,0.595054202609592,0.3205345869064331,1,4.4444580078125,1,0.7993075052897135,0.34084074199199677,1,4.275909423828125
5904.517,10,1,1,stimulusMovement,1,0.5730985005696614,0.32750304043293,1,4.47265625,1,0.7248060438368055,0.33140358328819275,1,4.47027587890625
5921.184,10,1,1,stimulusMovement,1,0.6021411683824327,0.30641870200634,1,4.5451812744140625,1,0.7601320478651258,0.339484840631485,1,4.427032470703125
5937.852,10,1,1,stimulusMovement,0,nan,nan,0,nan,1,0.7067106035020616,0.3356938660144806,1,4.483154296875
5954.519,10,1,1,stimulusMovement,1,0.504005750020345,0.1904025375843048,1,4.9329833984375,1,0.7854126824273003,0.3396970182657242,1,4.3377227783203125
5971.186,10,1,1,stimulusMovement,1,0.5986611048380533,0.3162612020969391,1,4.561492919921875,1,0.7826711866590711,0.35746413469314575,1,4.4131622314453125
5987.854,10,1,1,stimulusMovement,1,0.5686056349012586,0.3648611456155777,1,4.4889373779296875,0,nan,nan,0,nan
6004.52,10,1,1,stimulusMovement,0,nan,nan,0,nan,1,0.7462641398111979,0.30071981251239777,1,4.50250244140625
6021.189,10,1,1,stimulusMovement,1,0.5618773566351997,0.3326437175273895,1,4.575225830078125,1,0.7369720670912,0.34737521409988403,1,4.4842987060546875
6037.856,10,1,1,stimulusMovement,1,0.5733428531222873,0.35925188660621643,1,4.5145263671875,1,0.7462693320380317,0.35577383637428284,1,4.4338531494140625
6054.522,10,1,1,stimulusMovement,1,0.5933407677544488,0.2850180119276047,1,4.697021484375,1,0.7893636491563585,0.38147544860839844,1,4.395416259765625
6071.19,10,1,1,stimulusMovement,1,0.5140851338704426,0.16317790746688843,1,5.079986572265625,1,0.7611545986599392,0.41544967144727707,1,4.3310089111328125
6087.858,10,1,1,stimulusMovement,0,nan,nan,0,nan,1,0.7489618725246853,0.3362780660390854,1,4.565032958984375
6104.525,10,1,1,stimulusMovement,0,nan,nan,0,nan,1,0.7775915993584527,0.3903655335307121,1,4.526519775390625
6121.192,10,1,1,stimulusMovement,1,0.5660241444905598,0.33058083057403564,1,4.6211090087890625,1,0.7737711800469292,0.3649057298898697,1,4.499908447265625
6137.861,10,1,1,stimulusMovement,1,0.5903372234768337,0.353996217250824,1,4.5995025634765625,1,0.7143645816379123,0.34143882989883423,1,4.6744232177734375
6154.527,10,1,1,stimulusMovement,1,0.5750441021389431,0.2951425760984421,1,4.6966705322265625,1,0.7683349185519748,0.3935246169567108,1,4.49615478515625
6171.194,10,1,1,stimulusMovement,1,0.5658463372124566,0.3020946979522705,1,4.674560546875,1,0.665300793117947,0.2510349601507187,1,4.8244171142578125
6187.862,10,1,1,stimulusMovement,1,0.5603328280978732,0.27092351019382477,1,4.83416748046875,1,0.7399064169989692,0.34152132272720337,1,4.5969390869140625
6204.529,10,1,1,stimulusMovement,1,0.5548617045084635,0.24933889508247375,1,4.814422607421875,0,nan,nan,0,nan
6221.197,10,1,1,stimulusMovement,1,0.583218044704861,0.358270987868309,1,4.6085662841796875,1,0.7699193954467773,0.3461655229330063,1,4.512725830078125
6237.864,10,1,1,stimulusMovement,1,0.5623535580105251,0.30060672760009766,1,4.7485504150390625,1,0.7045342127482096,0.27926936745643616,1,4.66845703125
6254.531,10,1,1,stimulusMovement,1,0.5664908091227213,0.3096681237220764,1,4.6852264404296875,1,0.6771541171603732,0.2943171262741089,1,4.7536163330078125
6271.198,10,1,1,stimulusMovement,1,0.5795245700412326,0.3095618933439255,1,4.7229461669921875,1,0.7360288831922742,0.33527661859989166,1,4.6654510498046875
6287.865,10,1,1,stimulusMovement,1,0.5777634514702691,0.2866470217704773,1,4.7534637451171875,1,0.7314771016438801,0.31277523934841156,1,4.6595306396484375
6304.531,10,1,1,stimulusMovement,1,0.5533642239040798,0.17012324929237366,1,5.013580322265625,1,0.7469374338785807,0.35095562040805817,1,4.6017303466796875
6321.199,10,1,1,stimulusMovement,1,0.5777197943793403,0.2653440088033676,1,4.7479095458984375,1,0.6559051937527126,0.2673852890729904,1,4.7458648681640625
6337.866,10,1,1,stimulusMovement,1,0.5738504197862413,0.24272555112838745,1,4.8652801513671875,1,0.7482176886664497,0.30961959064006805,1,4.6058502197265625
6354.532,10,1,1,stimulusMovement,1,0.5641046100192599,0.28814008831977844,1,4.729736328125,1,0.657925075954861,0.26935090124607086,1,4.8187255859375
6371.199,10,1,1,stimulusMovement,1,0.5607985390557183,0.26948679983615875,1,4.8344879150390625,1,0.7158419291178385,0.33016104996204376,1,4.6462860107421875
6387.867,10,1,1,stimulusMovement,1,0.5509961446126301,0.2343866229057312,1,4.872467041015625,1,0.7204763624403211,0.2960618585348129,1,4.6536102294921875
6404.533,10,1,1,stimulusMovement,0,nan,nan,0,nan,1,0.7322056028578016,0.3352346867322922,1,4.591949462890625
6421.2,10,1,1,stimulusMovement,1,0.5420288509792751,0.279349684715271,1,4.77362060546875,1,0.733456187778049,0.3285653442144394,1,4.6894378662109375
6437.868,10,1,1,stimulusMovement,1,0.5462362501356337,0.23154988884925842,1,4.8665008544921875,1,0.7535137600368923,0.28868669271469116,1,4.66436767578125
6454.534,10,1,1,stimulusMovement,1,0.5567046271430122,0.27928145229816437,1,4.7867279052734375,0,nan,nan,0,nan
6471.201,10,1,1,stimulusMovement,1,0.5571775436401367,0.2628401219844818,1,4.83685302734375,1,0.7690450880262586,0.3508644551038742,1,4.5436553955078125
6487.868,10,1,1,stimulusMovement,1,0.5885023540920681,0.25619906187057495,1,4.858612060546875,1,0.6344816419813367,0.2502584755420685,1,4.971160888671875
6504.535,10,1,1,stimulusMovement,1,0.5646578470865885,0.28142988681793213,1,4.8225250244140625,1,0.7379156748453776,0.3217969834804535,1,4.69287109375
6521.202,10,1,1,stimulusMovement,1,0.5728282928466797,0.2892354428768158,1,4.7194976806640625,1,0.7038520177205403,0.27421949803829193,1,4.7737274169921875
6537.869,10,1,1,stimulusMovement,1,0.5599661933051215,0.2877155840396881,1,4.8292388916015625,1,0.7284023496839734,0.3059372752904892,1,4.700897216796875
6554.536,10,1,1,stimulusMovement,1,0.5504769219292535,0.26331689953804016,1,4.8131256103515625,1,0.6883515252007378,0.318860188126564,1,4.7153167724609375
6571.203,10,1,1,stimulusMovement,1,0.5881129370795356,0.27667036652565,1,4.784210205078125,1,0.7784692976209852,0.32117943465709686,1,4.602508544921875
6587.87,10,1,1,stimulusMovement,1,0.5737016465928819,0.2779741734266281,1,4.781494140625,1,0.7330798043145074,0.3368038535118103,1,4.6718902587890625
6604.536,10,1,1,stimulusMovement,1,0.5226844151814778,0.24310725927352905,1,4.874359130859375,1,0.7732490963406032,0.35671794414520264,1,4.52886962890625
6621.204,10,1,1,stimulusMovement,1,0.5718144310845269,0.288716658949852,1,4.752105712890625,1,0.7167597876654731,0.3022420406341553,1,4.63031005859375
6637.871,10,1,1,stimulusMovement,0,nan,nan,0,nan,1,0.7598724365234375,0.3234526365995407,1,4.543365478515625
6654.537,10,1,1,stimulusMovement,1,0.5682203504774305,0.327229380607605,1,4.7515411376953125,1,0.7190791236029731,0.3064742535352707,1,4.6684112548828125
6671.204,10,1,1,stimulusMovement,1,0.5769873725043403,0.3246925622224808,1,4.7451629638671875,1,0.7560495800442165,0.3241356313228607,1,4.6226348876953125
6687.872,10,1,1,stimulusMovement,1,0.5157869127061632,0.35583898425102234,1,4.5585479736328125,1,0.7124683592054578,0.3298930674791336,1,4.662384033203125
6704.538,10,1,1,stimulusMovement,1,0.5308464898003472,0.20229852199554443,1,4.978759765625,1,0.7443033854166666,0.32481086254119873,1,4.6315460205078125
6721.205,10,1,1,stimulusMovement,1,0.5440451304117838,0.19371381402015686,1,4.999786376953125,1,0.6971681382921007,0.27613894641399384,1,4.818328857421875
6737.873,10,1,1,stimulusMovement,1,0.5329816606309679,0.20229443907737732,1,5.0548248291015625,1,0.775951173570421,0.34978148341178894,1,4.6449737548828125
6754.539,10,1,1,stimulusMovement,1,0.5520617167154948,0.3167831301689148,1,4.7567901611328125,1,0.724482430352105,0.32366926968097687,1,4.7173919677734375
6771.206,10,1,1,stimulusMovement,1,0.562980228000217,0.28985437750816345,1,4.81317138671875,1,0.715969615512424,0.32802248001098633,1,4.7054290771484375
6787.873,10,1,1,stimulusMovement,1,0.5415876176622179,0.28761032223701477,1,4.8396759033203125,0,nan,nan,0,nan
6804.54,10,1,1,stimulusMovement,1,0.5859236187405056,0.2939453423023224,1,4.8412933349609375,1,0.7494479285346137,0.3199717551469803,1,4.7815399169921875
6821.207,10,1,1,stimulusMovement,1,0.5738057030571831,0.29962165653705597,1,4.7471771240234375,1,0.7151607937282985,0.3189269006252289,1,4.74591064453125
6837.874,10,1,1,stimulusMovement,1,0.5699372821384006,0.2649356424808502,1,4.8537750244140625,1,0.7156395382351345,0.2846691906452179,1,4.70904541015625
6854.541,10,1,1,stimulusMovement,1,0.5642558203803169,0.2730215936899185,1,4.89154052734375,1,0.7344757715861002,0.31857702136039734,1,4.6579132080078125
6871.208,10,1,1,stimulusMovement,1,0.5625423855251735,0.2857055068016052,1,4.821136474609375,1,0.7322752210828992,0.32315829396247864,1,4.642547607421875
6887.875,10,1,1,stimulusMovement,1,0.5196536382039387,0.20366016030311584,1,5.0930633544921875,1,0.7373313903808594,0.3204843997955322,1,4.6974639892578125
6904.541,10,1,1,stimulusMovement,1,0.5767756568060981,0.305762454867363,1,4.76483154296875,1,0.7674458821614583,0.3772221803665161,1,4.463714599609375
6921.209,10,1,1,fixation,1,0.5958442687988281,0.316215842962265,1,4.7417144775390625,1,0.7315827475653754,0.2866631746292114,1,4.7251129150390625
6937.876,10,1,1,fixation,1,0.5465179019504123,0.3328438550233841,1,4.3604278564453125,1,0.7715937296549479,0.32764673233032227,1,4.2406158447265625
6954.542,10,1,1,fixation,0,nan,nan,0,nan,0,nan,nan,0,nan
6971.209,10,1,1,fixation,1,0.5829686058892144,0.3302876949310303,1,4.7323150634765625,0,nan,nan,0,nan
6987.877,10,1,1,fixation,1,0.5536654790242512,0.34474796056747437,1,4.3404388427734375,1,0.767589357164171,0.32392527163028717,1,4.2069244384765625
7004.543,10,1,1,fixation,0,nan,nan,0,nan,0,nan,nan,0,nan
7021.21,10,1,1,fixation,0,nan,nan,0,nan,1,0.7391802469889323,0.342605859041214,1,4.52532958984375
7037.878,10,1,1,fixation,1,0.5478422376844618,0.3337278962135315,1,4.3325958251953125,1,0.7770091162787544,0.3261644244194031,1,4.1856842041015625
7054.544,10,1,1,fixation,0,nan,nan,0,nan,0,nan,nan,0,nan
7071.211,10,1,1,fixation,1,0.5701189041137695,0.319465309381485,1,4.6767578125,1,0.7399368286132812,0.3243409991264343,1,4.5549163818359375
7087.878,10,1,1,fixation,1,0.5534479353162978,0.3481583595275879,1,4.3028106689453125,1,0.77608765496148,0.330423504114151,1,4.1688079833984375
7104.545,10,1,1,fixation,0,nan,nan,0,nan,0,nan,nan,0,nan
7121.212,10,1,1,fixation,1,0.5491272608439127,0.30359070003032684,1,4.7131195068359375,1,0.7298882802327473,0.3368966728448868,1,4.5392303466796875
7137.879,10,1,1,fixation,1,0.5502759085761176,0.3490697145462036,1,4.2874755859375,1,0.7825714747111002,0.3341813236474991,1,4.164581298828125
7154.546,10,1,1,fixation,0,nan,nan,0,nan,0,nan,nan,0,nan
7171.213,10,1,1,fixation,1,0.5866213904486762,0.30615411698818207,1,4.6847381591796875,1,0.739325205485026,0.33322496712207794,1,4.5294189453125
7187.88,10,1,1,fixation,1,0.549881829155816,0.3355710506439209,1,4.3141937255859375,1,0.7757197486029731,0.3308451771736145,1,4.1893310546875
7204.546,10,1,1,fixation,0,nan,nan,0,nan,0,nan,nan,0,nan
7221.214,10,1,1,fixation,1,0.5933924780951606,0.3183514028787613,1,4.70697021484375,1,0.7883543438381618,0.3491421043872833,1,4.51861572265625
7237.881,10,1,1,fixation,1,0.5609798431396484,0.3447430431842804,1,4.3183135986328125,1,0.7807723151312933,0.3307139277458191,1,4.214508056640625
7254.547,10,1,1,fixation,0,nan,nan,0,nan,0,nan,nan,0,nan
7271.214,10,1,1,fixation,1,0.6037413279215494,0.31227365136146545,1,4.7058868408203125,1,0.731885274251302,0.3146608769893646,1,4.5893707275390625
7287.882,10,1,1,fixation,1,0.5562924279106988,0.3378356844186783,1,4.3415985107421875,1,0.7783300611707898,0.33068113029003143,1,4.241058349609375
7304.548,10,1,1,fixation,0,nan,nan,0,nan,0,nan,nan,0,nan
7321.215,10,1,1,fixation,1,0.5758211347791883,0.3053658902645111,1,4.725433349609375,1,0.7573946846856011,0.2992986738681793,1,4.652130126953125
7337.883,10,1,1,fixation,1,0.5634278191460503,0.34880462288856506,1,4.3635101318359375,1,0.7825919257269964,0.3382079005241394,1,4.2508697509765625
7354.549,10,1,1,fixation,0,nan,nan,0,nan,0,nan,nan,0,nan
7371.216,10,1,1,fixation,1,0.5663747787475586,0.24026861786842346,1,4.8728485107421875,1,0.7190960778130425,0.3330234885215759,1,4.6367645263671875
7387.883,10,1,1,fixation,1,0.5478490193684895,0.33057573437690735,1,4.3880462646484375,1,0.7701808081732856,0.32927021384239197,1,4.2736968994140625
7404.55,10,1,1,fixation,0,nan,nan,0,nan,0,nan,nan,0,nan
7421.217,10,1,1,fixation,1,0.5270282957288954,0.21389299631118774,1,5.0325469970703125,1,0.7177843517727321,0.2757965326309204,1,4.7434539794921875
7437.884,10,1,1,fixation,1,0.5526456832885742,0.34154626727104187,1,4.41107177734375,1,0.7703608406914605,0.33168965578079224,1,4.2800445556640625
7454.551,10,1,1,fixation,0,nan,nan,0,nan,0,nan,nan,0,nan
7471.218,10,1,1,fixation,1,0.5677384270562066,0.2753007113933563,1,4.81884765625,1,0.7107162475585938,0.30893683433532715,1,4.71173095703125
7487.885,10,1,1,fixation,1,0.5594131681654188,0.35434387624263763,1,4.42242431640625,1,0.77880859375,0.3395807445049286,1,4.2706451416015625
7504.551,10,1,1,fixation,0,nan,nan,0,nan,0,nan,nan,0,nan
7521.219,10,1,1,fixation,1,0.5775407155354817,0.29310011863708496,1,4.8292694091796875,1,0.7024218241373698,0.2747691571712494,1,4.7618560791015625
7537.886,10,1,1,fixation,1,0.5507149166531032,0.3466680645942688,1,4.446685791015625,1,0.7642640007866753,0.3281107544898987,1,4.2989959716796875
7554.552,10,1,1,fixation,0,nan,nan,0,nan,0,nan,nan,0,nan
7571.219,10,1,1,fixation,1,0.5374974144829644,0.2645648121833801,1,4.9297637939453125,1,0.7457448111640083,0.3125949203968048,1,4.676025390625
7587.887,10,1,1,fixation,1,0.5613817638821071,0.3557029515504837,1,4.462890625,1,0.7766084671020508,0.3386833667755127,1,4.2857666015625
7604.553,10,1,1,fixation,0,nan,nan,0,nan,0,nan,nan,0,nan
7621.22,10,1,1,fixation,1,0.5680781470404731,0.3278273642063141,1,4.857330322265625,1,0.6989574432373047,0.27853134274482727,1,4.823272705078125
7637.888,10,1,1,fixation,1,0.5516107347276475,0.33890239894390106,1,4.4930267333984375,1,0.7738669713338215,0.3332306295633316,1,4.3045501708984375
7654.554,10,1,1,fixation,0,nan,nan,0,nan,0,nan,nan,0,nan
7671.221,10,1,1,fixation,1,0.5874161190456814,0.2797725349664688,1,4.9677276611328125,1,0.7680606842041016,0.32818104326725006,1,4.7073822021484375
7687.888,10,1,1,fixation,1,0.5605040656195747,0.3567976802587509,1,4.50042724609375,1,0.770041995578342,0.3324592411518097,1,4.319580078125
7704.555,10,1,1,fixation,0,nan,nan,0,nan,0,nan,nan,0,nan
7721.222,10,1,1,fixation,1,0.5788665347629123,0.306812584400177,1,4.9176025390625,1,0.7695147196451823,0.35631218552589417,1,4.6511383056640625
7737.889,10,1,1,fixation,1,0.5479405721028645,0.3383156806230545,1,4.5274200439453125,1,0.7669319576687282,0.3256501257419586,1,4.362762451171875
7754.556,10,1,1,fixation,0,nan,nan,0,nan,0,nan,nan,0,nan
7771.223,10,1,1,fixation,1,0.5594603220621744,0.3132377862930298,1,4.910491943359375,1,0.768095228407118,0.37572377175092697,1,4.751190185546875
7787.89,10,1,1,fixation,1,0.5572270287407769,0.3545111119747162,1,4.5277557373046875,1,0.7757613923814561,0.3417422026395798,1,4.3585968017578125
7804.556,10,1,1,fixation,0,nan,nan,0,nan,0,nan,nan,0,nan
7821.224,10,1,1,fixation,1,0.5931514104207356,0.312082439661026,1,4.93951416015625,1,0.7233570946587456,0.3124768137931824,1,4.7825164794921875
7837.891,10,1,1,fixation,1,0.5502182642618815,0.3318819999694824,1,4.5541839599609375,1,0.7700521681043836,0.3320082128047943,1,4.39105224609375
7854.557,10,1,1,fixation,0,nan,nan,0,nan,0,nan,nan,0,nan
7871.224,10,1,1,fixation,1,0.5871361626519097,0.3017616420984268,1,4.961669921875,1,0.7514280743069118,0.35251908004283905,1,4.8414306640625
7887.892,10,1,1,fixation,1,0.5570655398898654,0.34802940487861633,1,4.5464019775390625,1,0.7711178461710612,0.3345690071582794,1,4.395965576171875
7904.558,10,1,1,fixation,0,nan,nan,0,nan,0,nan,nan,0,nan
7921.225,10,1,1,fixation,1,0.595441182454427,0.29205411672592163,1,4.993804931640625,1,0.670482423570421,0.22201943397521973,1,5.1137542724609375
7937.893,10,1,1,stimulusMovement,0,nan,nan,0,nan,1,0.769422001308865,0.3262217938899994,1,4.42242431640625
7954.559,10,1,1,stimulusMovement,0,nan,nan,0,nan,0,nan,nan,0,nan
7971.226,10,1,1,stimulusMovement,1,0.5852184295654297,0.309740275144577,1,4.9963531494140625,1,0.6938339869181315,0.2744566649198532,1,4.9762725830078125
7987.893,10,1,1,stimulusMovement,1,0.5765557818942599,0.2946755290031433,1,4.958251953125,1,0.7005414962768555,0.29110087454319,1,4.8903656005859375
8004.56,10,1,1,stimulusMovement,1,0.5558047824435763,0.18040841817855835,1,5.2660064697265625,1,0.7296981811523438,0.28669559955596924,1,4.8116607666015625
8021.226,10,1,1,stimulusMovement,1,0.6265071233113606,0.2852936238050461,1,4.9845123291015625,1,0.7377007802327473,0.29129256308078766,1,4.86712646484375
8037.893,10,1,1,stimulusMovement,0,nan,nan,0,nan,1,0.7625216378106011,0.3313225656747818,1,4.9308013916015625
8054.559,10,1,1,stimulusMovement,1,0.5773196750217013,0.2540495693683624,1,5.0603179931640625,0,nan,nan,0,nan
8071.226,10,1,1,stimulusMovement,1,0.5419845581054688,0.18048247694969177,1,5.24298095703125,1,0.6907478968302408,0.2947491258382797,1,4.9310302734375
8087.893,10,1,1,stimulusMovement,1,0.5487594604492188,0.2659890800714493,1,5.0645904541015625,1,0.723510636223687,0.39276349544525146,1,4.72174072265625
8104.559,10,1,1,stimulusMovement,1,0.5360916985405816,0.21940886974334717,1,5.19683837890625,1,0.7285324732462565,0.308316707611084,1,4.85296630859375
8121.226,10,1,1,stimulusMovement,1,0.53006468878852,0.09370371699333191,1,5.5228271484375,0,nan,nan,0,nan
8137.893,10,1,1,stimulusMovement,1,0.5722482469346788,0.28414663672447205,1,4.983245849609375,1,0.6936802334255642,0.2906028628349304,1,5.0210418701171875
8154.559,10,1,1,stimulusMovement,1,0.5769714779324001,0.28498442471027374,1,5.003936767578125,1,0.7316076490614148,0.31452421844005585,1,4.9285430908203125
8171.226,10,1,1,stimulusMovement,0,nan,nan,0,nan,1,0.7243720160590278,0.30288685858249664,1,4.9450225830078125
8187.893,10,1,1,stimulusMovement,1,0.5885594685872395,0.2692694365978241,1,5.0361785888671875,1,0.7334093517727321,0.3226897120475769,1,4.8983306884765625
8204.559,10,1,1,stimulusMovement,1,0.5847538842095269,0.2715934216976166,1,5.019012451171875,1,0.7053201463487413,0.2956874668598175,1,5.0349578857421875
8221.226,10,1,1,stimulusMovement,1,0.5792789459228516,0.23870891332626343,1,5.1195831298828125,1,0.7409670088026258,0.2973173260688782,1,4.954193115234375
8237.893,10,1,1,stimulusMovement,1,0.5476582845052083,0.22855141758918762,1,5.1717681884765625,0,nan,nan,0,nan
8254.559,10,1,1,stimulusMovement,1,0.57686890496148,0.2576543092727661,1,5.1053466796875,1,0.6894472969902886,0.28826913237571716,1,5.0189208984375
8271.226,10,1,1,stimulusMovement,1,0.5109905666775173,0.1161699891090393,1,5.520904541015625,1,0.7099959055582682,0.2968335747718811,1,5.0774688720703125
8287.892,10,1,1,stimulusMovement,1,0.5650681389702691,0.2924775779247284,1,4.997802734375,1,0.6772723727756076,0.2609580010175705,1,5.0807037353515625
8304.559,10,1,1,stimulusMovement,1,0.5646751191880968,0.25006797909736633,1,5.0609130859375,1,0.7293201022677951,0.32072021067142487,1,4.9711456298828125
8321.226,10,1,1,stimulusMovement,1,0.5527904298570421,0.15682661533355713,1,5.27154541015625,1,0.7372648451063367,0.32539311051368713,1,4.975250244140625
8337.892,10,1,1,stimulusMovement,1,0.5387254291110568,0.19360792636871338,1,5.2886505126953125,1,0.7022582160101997,0.2818932980298996,1,5.0112457275390625
8354.558,10,1,1,stimulusMovement,1,0.5964876810709635,0.2748906761407852,1,5.042327880859375,1,0.7496437496609157,0.31287945806980133,1,5.030059814453125
8371.226,10,1,1,stimulusMovement,1,0.5726555718315972,0.24229541420936584,1,5.140380859375,1,0.6968678368462456,0.25693683326244354,1,5.069366455078125
8387.892,10,1,1,stimulusMovement,1,0.5830538007948133,0.24804604053497314,1,5.149658203125,1,0.7423723008897569,0.29428160190582275,1,4.96185302734375
8404.558,10,1,1,stimulusMovement,1,0.5561332702636719,0.23493343591690063,1,5.1259002685546875,1,0.6944079928927951,0.2630864977836609,1,5.0929107666015625
8421.226,10,1,1,stimulusMovement,1,0.5536764992607964,0.23975154757499695,1,5.1023406982421875,0,nan,nan,0,nan
8437.892,10,1,1,stimulusMovement,0,nan,nan,0,nan,1,0.7215781741672092,0.2475200891494751,1,5.072265625
8454.558,10,1,1,stimulusMovement,1,0.5716648101806641,0.24916836619377136,1,5.1179351806640625,1,0.6719453599717882,0.24068564176559448,1,5.2561798095703125
8471.225,10,1,1,stimulusMovement,1,0.5653317769368489,0.27113765478134155,1,5.11871337890625,1,0.7201923794216579,0.3443455547094345,1,4.8513641357421875
8487.892,10,1,1,stimulusMovement,1,0.5631995730929904,0.2527375668287277,1,5.1117706298828125,1,0.7011612786187066,0.2450658082962036,1,5.1841278076171875
8504.558,10,1,1,stimulusMovement,1,0.5166421466403537,0.20602703094482422,1,5.248443603515625,0,nan,nan,0,nan
8521.225,10,1,1,stimulusMovement,1,0.5594126383463541,0.23992812633514404,1,5.17047119140625,1,0.746186786227756,0.2966146022081375,1,5.0325469970703125
8537.892,10,1,1,stimulusMovement,1,0.5276304880777994,0.20764929056167603,1,5.2656707763671875,0,nan,nan,0,nan
8554.558,10,1,1,stimulusMovement,1,0.548209720187717,0.23838379979133606,1,5.1895904541015625,1,0.7795273462931315,0.2232518196105957,1,4.8477325439453125
8571.225,10,1,1,stimulusMovement,1,0.5877477857801648,0.25253844261169434,1,5.175750732421875,0,nan,nan,0,nan
8587.891,10,1,1,stimulusMovement,1,0.5475371678670247,0.11736807227134705,1,5.5228271484375,1,0.6489507887098523,0.26024067401885986,1,5.167999267578125
8604.558,10,1,1,stimulusMovement,1,0.5223642985026041,0.22289544343948364,1,5.21295166015625,1,0.7178893619113498,0.28694434463977814,1,4.99725341796875
8621.225,10,1,1,stimulusMovement,1,0.5458131366305881,0.21089082956314087,1,5.2253875732421875,1,0.6996408038669162,0.2515963464975357,1,5.1809844970703125
8637.891,10,1,1,stimulusMovement,0,nan,nan,0,nan,1,0.6742820739746094,0.25909027457237244,1,5.1966705322265625
8654.557,10,1,1,stimulusMovement,1,0.5645675659179688,0.2850738763809204,1,5.082305908203125,1,0.7305493884616427,0.29633158445358276,1,4.9792633056640625
8671.224,10,1,1,stimulusMovement,1,0.5491661495632595,0.24065285921096802,1,5.1348419189453125,0,nan,nan,0,nan
8687.891,10,1,1,stimulusMovement,1,0.5577623579237195,0.26814326643943787,1,5.08685302734375,1,0.7125559912787544,0.2681894749403,1,5.076873779296875
8704.557,10,1,1,stimulusMovement,1,0.5407462649875217,0.25134243071079254,1,5.0940704345703125,0,nan,nan,0,nan
8721.224,10,1,1,stimulusMovement,1,0.5482133229573567,0.24325188994407654,1,5.1127471923828125,1,0.7360960642496744,0.2949876934289932,1,4.9886016845703125
8737.891,10,1,1,stimulusMovement,1,0.518455081515842,0.25872400403022766,1,5.03668212890625,1,0.7362106111314561,0.25166788697242737,1,4.892852783203125
8754.557,10,1,1,stimulusMovement,1,0.5840771993001301,0.26088961958885193,1,5.026702880859375,1,0.7401474846733941,0.2866393029689789,1,4.9658966064453125
8771.223,10,1,1,stimulusMovement,1,0.49065219031439883,0.154890775680542,1,5.332489013671875,1,0.7052629258897569,0.30567237734794617,1,4.988006591796875
8787.891,10,1,1,stimulusMovement,0,nan,nan,0,nan,1,0.7487152947319878,0.3081509470939636,1,4.801605224609375
8804.557,10,1,1,stimulusMovement,1,0.5594687991672092,0.2717714160680771,1,4.952362060546875,1,0.7199541727701823,0.30794450640678406,1,4.826324462890625
8821.223,10,1,1,stimulusMovement,1,0.5542562272813585,0.2555653303861618,1,4.998321533203125,1,0.6777576870388454,0.24693453311920166,1,4.91644287109375
8837.891,10,1,1,stimulusMovement,1,0.5226445727878146,0.1766241192817688,1,5.15887451171875,0,nan,nan,0,nan
8854.556,10,1,1,stimulusMovement,1,0.5879707336425781,0.2918851375579834,1,4.935089111328125,1,0.6505272123548719,0.28844699263572693,1,4.9147796630859375
8871.223,10,1,1,stimulusMovement,1,0.5818887286716037,0.2827501893043518,1,4.8798675537109375,1,0.7234863705105251,0.3312174677848816,1,4.6673583984375
8887.89,10,1,1,stimulusMovement,1,0.564552625020345,0.28432077169418335,1,4.87933349609375,1,0.7012047237820095,0.34316951036453247,1,4.78271484375
8904.556,10,1,1,stimulusMovement,1,0.5800052218967013,0.27399080991744995,1,4.8996429443359375,1,0.6826981438530816,0.3373335599899292,1,4.8216400146484375
8921.223,10,1,1,stimulusMovement,0,nan,nan,0,nan,1,0.7506426705254449,0.31356094777584076,1,4.66986083984375
8937.89,10,1,1,stimulusMovement,1,0.5707280900743272,0.30562102794647217,1,4.799102783203125,1,0.7503712972005208,0.29764364659786224,1,4.69671630859375
8954.555,10,1,1,stimulusMovement,1,0.5905652576022677,0.2722335159778595,1,4.8862457275390625,1,0.7410329182942708,0.31846046447753906,1,4.7461700439453125
8971.223,10,1,1,stimulusMovement,1,0.5649630228678385,0.30532199144363403,1,4.7698516845703125,1,0.6190525690714518,0.24871745705604553,1,5.0550689697265625
8987.89,10,1,1,stimulusMovement,1,0.5631936391194661,0.29689058661460876,1,4.8027191162109375,0,nan,nan,0,nan
9004.555,10,1,1,stimulusMovement,1,0.5812836752997504,0.29968275129795074,1,4.78411865234375,1,0.7119831509060329,0.28409214317798615,1,4.6963653564453125
9021.223,10,1,1,stimulusMovement,1,0.5932876798841688,0.2924305200576782,1,4.7918243408203125,1,0.7185963524712456,0.2766796201467514,1,4.7318267822265625
9037.889,10,1,1,stimulusMovement,1,0.5635797712537977,0.2870974838733673,1,4.7524566650390625,1,0.7613383399115669,0.36252228915691376,1,4.5982513427734375
9054.555,10,1,1,stimulusMovement,0,nan,nan,0,nan,1,0.7107899983723958,0.33073705434799194,1,4.5815887451171875
9071.222,10,1,1,stimulusMovement,1,0.5708716710408528,0.31589803099632263,1,4.701080322265625,0,nan,nan,0,nan
9087.889,10,1,1,stimulusMovement,0,nan,nan,0,nan,1,0.7332528432210286,0.3335410952568054,1,4.5598297119140625
9104.555,10,1,1,stimulusMovement,1,0.5799788369072808,0.29537415504455566,1,4.7679595947265625,1,0.6701313654581705,0.2701956033706665,1,4.7154541015625
9121.222,10,1,1,stimulusMovement,1,0.5902828640407985,0.2934556305408478,1,4.805389404296875,1,0.730229483710395,0.32781732082366943,1,4.5938262939453125
9137.889,10,1,1,stimulusMovement,0,nan,nan,0,nan,1,0.7321949005126953,0.2591635286808014,1,4.7482147216796875
9154.554,10,1,1,stimulusMovement,1,0.5681395000881618,0.23974889516830444,1,4.9234161376953125,1,0.7511743969387478,0.32071128487586975,1,4.5984344482421875
9171.221,10,1,1,stimulusMovement,1,0.5630298190646701,0.14004376530647278,1,5.19000244140625,1,0.7191410064697266,0.2819586396217346,1,4.726043701171875
9187.888,10,1,1,stimulusMovement,1,0.5775142245822482,0.31628596782684326,1,4.689300537109375,1,0.6760746637980143,0.2947843372821808,1,4.7136688232421875
9204.554,10,1,1,stimulusMovement,1,0.5897260242038302,0.29153917729854584,1,4.7385711669921875,1,0.7645593219333224,0.29095014929771423,1,4.5066986083984375
9221.221,10,1,1,stimulusMovement,1,0.575513203938802,0.2980569303035736,1,4.6982574462890625,1,0.7045440673828125,0.27378126978874207,1,4.6879425048828125
9237.887,10,1,1,stimulusMovement,1,0.5397631327311198,0.26696810126304626,1,4.893951416015625,1,0.7658319473266602,0.39906812459230423,1,4.5659637451171875
9254.553,10,1,1,stimulusMovement,1,0.5684416029188367,0.2813259959220886,1,4.7606201171875,1,0.7365828620062934,0.3134298324584961,1,4.6181793212890625
9271.221,10,1,1,stimulusMovement,1,0.5706334643893771,0.28455403447151184,1,4.7440948486328125,1,0.7459031211005317,0.31955868005752563,1,4.667266845703125
9287.887,10,1,1,stimulusMovement,1,0.5814875496758355,0.3073717951774597,1,4.7161865234375,1,0.7588535944620768,0.3526117354631424,1,4.5606536865234375
9304.553,10,1,1,stimulusMovement,1,0.5517927805582682,0.31365732848644257,1,4.660186767578125,1,0.7515148586697048,0.36329858005046844,1,4.51007080078125
9321.22,10,1,1,stimulusMovement,1,0.5789120992024739,0.25965575873851776,1,4.8074493408203125,1,0.7352970971001519,0.28875236213207245,1,4.652801513671875
9337.887,10,1,1,stimulusMovement,1,0.574755138821072,0.3016573637723923,1,4.703643798828125,1,0.7662451002332898,0.3274998962879181,1,4.5588836669921875
9354.552,10,1,1,stimulusMovement,1,0.5878429412841797,0.2760116457939148,1,4.7923583984375,1,0.7698815663655598,0.32113631069660187,1,4.5088958740234375
9371.219,10,1,1,stimulusMovement,1,0.5594133800930446,0.11159199476242065,1,5.2098541259765625,0,nan,nan,0,nan
9387.887,10,1,1,stimulusMovement,1,0.5663168165418836,0.29667192697525024,1,4.690155029296875,1,0.7271650102403429,0.3072001785039902,1,4.5873565673828125
9404.552,10,1,1,stimulusMovement,1,0.570224126180013,0.27625226974487305,1,4.71282958984375,1,0.7511511908637153,0.3195047080516815,1,4.4985198974609375
9421.219,10,1,1,stimulusMovement,1,0.5616799460517036,0.2601698487997055,1,4.7225189208984375,1,0.6953647401597765,0.26850539445877075,1,4.65155029296875
9437.886,10,1,1,stimulusMovement,0,nan,nan,0,nan,1,0.7725319332546657,0.334194079041481,1,4.51513671875
9454.552,10,1,1,stimulusMovement,1,0.5738077163696289,0.23416686058044434,1,4.8262939453125,1,0.6497258080376519,0.25435392558574677,1,4.770538330078125
9471.218,10,1,1,stimulusMovement,1,0.6046670277913411,0.2362571358680725,1,4.8590850830078125,1,0.709233389960395,0.32038213312625885,1,4.6881256103515625
9487.885,10,1,1,stimulusMovement,0,nan,nan,0,nan,1,0.7578215069240993,0.312298446893692,1,4.5235137939453125
9504.552,10,1,1,stimulusMovement,1,0.5700943205091688,0.2501881718635559,1,4.7696075439453125,1,0.6957747141520182,0.2496204674243927,1,4.6590576171875
9521.218,10,1,1,stimulusMovement,1,0.5586281882392036,0.31836891174316406,1,4.580413818359375,1,0.7566589779324001,0.3206472396850586,1,4.4391326904296875
9537.885,10,1,1,stimulusMovement,1,0.5433943006727431,0.3061233162879944,1,4.596343994140625,1,0.7697534561157227,0.3509136587381363,1,4.4764862060546875
9554.551,10,1,1,stimulusMovement,1,0.5428376727634006,0.30057215690612793,1,4.684051513671875,1,0.682954364352756,0.2872330844402313,1,4.6461639404296875
9571.218,10,1,1,stimulusMovement,1,0.5516885121663411,0.2341090738773346,1,4.80499267578125,1,0.722066667344835,0.3109191209077835,1,4.5567474365234375
9587.884,10,1,1,stimulusMovement,1,0.5308695899115669,0.23996472358703613,1,4.8052978515625,1,0.7609103520711262,0.3388865292072296,1,4.4290771484375
9604.55,10,1,1,stimulusMovement,1,0.568588998582628,0.28350451588630676,1,4.7333221435546875,1,0.7781340281168619,0.3228242099285126,1,4.391845703125
9621.217,10,1,1,stimulusMovement,1,0.5415465037027994,0.21577519178390503,1,4.79644775390625,1,0.756474600897895,0.3804357200860977,1,4.4261016845703125
9637.884,10,1,1,stimulusMovement,1,0.5358594258626301,0.2520864009857178,1,4.6837005615234375,1,0.7534798516167535,0.30730749666690826,1,4.526611328125
9654.55,10,1,1,stimulusMovement,1,0.5848239262898762,0.26215769350528717,1,4.74310302734375,1,0.7467932171291775,0.3143746852874756,1,4.52166748046875
9671.217,10,1,1,stimulusMovement,0,nan,nan,0,nan,0,nan,nan,0,nan
9687.884,10,1,1,stimulusMovement,1,0.5264848073323567,0.3022077977657318,1,4.5971221923828125,1,0.7436055077446831,0.39607958495616913,1,4.336456298828125
9704.549,10,1,1,stimulusMovement,1,0.5478729671902126,0.21916943788528442,1,4.8511199951171875,1,0.7534747653537326,0.37282657623291016,1,4.3878936767578125
9721.216,10,1,1,stimulusMovement,1,0.5496407614813911,0.2474963665008545,1,4.7424163818359375,1,0.7221456103854709,0.2931507080793381,1,4.5231170654296875
9737.883,10,1,1,stimulusMovement,1,0.5410170025295681,0.262700691819191,1,4.6575775146484375,1,0.7020104726155598,0.2595917582511902,1,4.6144866943359375
9754.549,10,1,1,stimulusMovement,1,0.5087975396050347,0.15816903114318848,1,4.90643310546875,1,0.7185567220052083,0.3008935898542404,1,4.492034912109375
9771.216,10,1,1,stimulusMovement,1,0.5256729125976562,0.22830086946487427,1,4.8081817626953125,1,0.6591650644938151,0.3064609467983246,1,4.5591278076171875
9787.882,10,1,1,stimulusMovement,1,0.4876205656263563,0.15362989902496338,1,4.8873443603515625,1,0.6086603800455729,0.2209359109401703,1,4.6844635009765625
9804.549,10,1,1,stimulusMovement,1,0.49666161007351345,0.22132331132888794,1,4.762359619140625,1,0.6988148159450954,0.3451157361268997,1,4.4143524169921875
9821.215,10,1,1,stimulusMovement,1,0.508059819539388,0.28497590124607086,1,4.6473541259765625,1,0.6444437238905164,0.29877884685993195,1,4.5680694580078125
9837.882,10,1,1,stimulusMovement,1,0.4942525227864583,0.28092601895332336,1,4.6514129638671875,1,0.6662245856391059,0.31596681475639343,1,4.514190673828125
9854.547,10,1,1,stimulusMovement,1,0.4569436179267035,0.2593088448047638,1,4.733001708984375,1,0.6398469077216254,0.33318302035331726,1,4.4351959228515625
9871.214,10,1,1,stimulusMovement,1,0.32293351491292316,0.26985493302345276,1,4.7954559326171875,1,0.5054308573404948,0.3945743516087532,1,4.375640869140625
9887.881,10,1,1,stimulusMovement,1,0.29226239522298175,0.26832424104213715,1,4.8184967041015625,1,0.4764433966742621,0.32897964119911194,1,4.530670166015625
9904.547,10,1,1,stimulusMovement,1,0.2870512008666992,0.316857248544693,1,4.721038818359375,1,0.45521036783854163,0.3533886671066284,1,4.5245208740234375
9921.214,10,1,1,stimulusMovement,1,0.29003238677978516,0.3522179424762726,1,4.677734375,1,0.4497241973876953,0.34206975996494293,1,4.540924072265625
9937.881,10,1,1,stimulusMovement,1,0.2818957434760199,0.35326653718948364,1,4.6865386962890625,1,0.435138808356391,0.3695606589317322,1,4.4528045654296875
9954.546,10,1,1,stimulusMovement,1,0.2890804078843858,0.34686514735221863,1,4.6663055419921875,1,0.4107208251953125,0.3668641746044159,1,4.537017822265625
9971.213,10,1,1,stimulusMovement,1,0.24457613627115884,0.2451002299785614,1,4.9854583740234375,1,0.42474068535698783,0.36190493404865265,1,4.52197265625
9987.88,10,1,1,stimulusMovement,1,0.24614842732747394,0.3485536277294159,1,4.663909912109375,1,0.4005345238579644,0.3416910916566849,1,4.5301513671875
10004.546,10,1,1,stimulusMovement,1,0.24120404985215926,0.3260471224784851,1,4.802032470703125,1,0.4115807215372721,0.3694118559360504,1,4.457000732421875
10021.213,10,1,1,stimulusMovement,1,0.2102119657728407,0.3492167294025421,1,4.7347869873046875,1,0.3554007212320963,0.28819718956947327,1,4.6943359375
10037.88,10,1,1,stimulusMovement,1,0.21510166592068142,0.3383411467075348,1,4.7857666015625,1,0.36720699734157985,0.3603484332561493,1,4.5897369384765625
10054.546,10,1,1,stimulusMovement,1,0.18377918667263454,0.3158387988805771,1,4.7890167236328125,1,0.3615940941704644,0.4010024145245552,1,4.4962158203125
10071.212,10,1,1,stimulusMovement,1,0.058800697326660156,0.3245045095682144,1,4.6766204833984375,1,0.242415534125434,0.37468743324279785,1,4.5071868896484375
10087.879,10,1,1,stimulusMovement,1,0.005051400926378038,0.3479054123163223,1,4.66241455078125,1,0.1714409722222222,0.3008270859718323,1,4.637298583984375
10104.545,10,1,1,stimulusMovement,1,-0.021472242143419053,0.33799082040786743,1,4.6452789306640625,1,0.17883809407552081,0.35361894965171814,1,4.5626068115234375
10121.211,10,1,1,stimulusMovement,1,-0.0151725345187717,0.33433443307876587,1,4.6928253173828125,1,0.1440887451171875,0.3048820197582245,1,4.6013641357421875
10137.878,10,1,1,stimulusMovement,1,-2.5537278917100692e-05,0.3485696315765381,1,4.6712646484375,1,0.1103581322564019,0.31542178988456726,1,4.6733245849609375
10154.544,10,1,1,stimulusMovement,1,-0.010592884487575954,0.35602694749832153,1,4.6697845458984375,1,0.12222735087076822,0.338231161236763,1,4.556304931640625
10171.211,10,1,1,stimulusMovement,1,-0.030371295081244573,0.3482496738433838,1,4.6670989990234375,1,0.13472366333007812,0.342329204082489,1,4.6014556884765625
10187.878,10,1,1,stimulusMovement,1,-0.017424742380777992,0.34163396060466766,1,4.732879638671875,1,0.10033416748046875,0.34530387818813324,1,4.576904296875
10204.543,10,1,1,stimulusMovement,1,-0.04531076219346788,0.3387243300676346,1,4.7119293212890625,1,0.11747211880154079,0.3451579660177231,1,4.59185791015625
10221.21,10,1,1,stimulusMovement,1,-0.035897572835286454,0.33373361825942993,1,4.7415618896484375,1,0.1183736589219835,0.3588489145040512,1,4.49755859375
10237.877,10,1,1,stimulusMovement,1,-0.05780341890123155,0.315062552690506,1,4.7342071533203125,0,nan,nan,0,nan
10254.542,10,1,1,stimulusMovement,1,-0.06352085537380642,0.346968412399292,1,4.70947265625,1,0.07733821868896484,0.34373554587364197,1,4.644134521484375
10271.209,10,1,1,stimulusMovement,1,-0.07549370659722222,0.3525608628988266,1,4.7388763427734375,1,0.08171028561062282,0.3338521122932434,1,4.627593994140625
10287.877,10,1,1,stimulusMovement,1,-0.0731101565890842,0.19678553938865662,1,5.144561767578125,1,0.07295534345838758,0.31610555946826935,1,4.7144012451171875
10304.542,10,1,1,stimulusMovement,1,-0.07255898581610785,0.34921321272850037,1,4.7219085693359375,0,nan,nan,0,nan
10321.209,10,1,1,stimulusMovement,1,-0.10470623440212673,0.30178481340408325,1,4.77520751953125,1,0.03716415829128689,0.3019167482852936,1,4.7086181640625
10337.876,10,1,1,stimulusMovement,1,-0.20600854025946722,0.34400083124637604,1,4.6774139404296875,1,-0.028552638159857854,0.31332018971443176,1,4.6546783447265625
10354.541,10,1,1,stimulusMovement,1,-0.2045356962415907,0.30111584067344666,1,4.78619384765625,1,-0.05600187513563368,0.3529106676578522,1,4.634765625
10371.208,10,1,1,stimulusMovement,1,-0.21386305491129556,0.346942663192749,1,4.7061309814453125,0,nan,nan,0,nan
10387.874,10,1,1,stimulusMovement,1,-0.2250406477186415,0.29727739095687866,1,4.7828216552734375,0,nan,nan,0,nan
10404.54,10,1,1,stimulusMovement,1,-0.24627081553141275,0.36855465173721313,1,4.67236328125,1,-0.08636612362331814,0.3513281047344208,1,4.5805206298828125
10421.208,10,1,1,stimulusMovement,1,-0.2715721130371094,0.3276364505290985,1,4.7130889892578125,1,-0.0858064227634006,0.29830752313137054,1,4.668426513671875
10437.874,10,1,1,stimulusMovement,1,-0.27597596910264754,0.34103986620903015,1,4.6348876953125,1,-0.1284039815266927,0.24237501621246338,1,4.8911590576171875
10454.54,10,1,1,stimulusMovement,1,-0.2701007525126139,0.32481272518634796,1,4.7590179443359375,1,-0.14908303154839408,0.2889419496059418,1,4.6968536376953125
10471.207,10,1,1,stimulusMovement,1,-0.3019018703036838,0.3386642634868622,1,4.691131591796875,0,nan,nan,0,nan
10487.873,10,1,1,stimulusMovement,0,nan,nan,0,nan,1,-0.13252062267727321,0.3227650672197342,1,4.5875396728515625
10504.539,10,1,1,stimulusMovement,1,-0.33031442430284286,0.32693247497081757,1,4.656707763671875,1,-0.17675018310546875,0.33181871473789215,1,4.6309814453125
10521.206,10,1,1,stimulusMovement,1,-0.31782552931043834,0.312401607632637,1,4.737701416015625,0,nan,nan,0,nan
10537.873,10,1,1,stimulusMovement,1,-0.3296473291185167,0.2942439913749695,1,4.7597503662109375,1,-0.23204172982109916,0.27404581010341644,1,4.789764404296875
10554.539,10,1,1,stimulusMovement,1,-0.36233170827229816,0.32624734938144684,1,4.705657958984375,1,-0.19512107637193465,0.301090344786644,1,4.5710601806640625
10571.205,10,1,1,stimulusMovement,1,-0.36672692828708225,0.3556796908378601,1,4.66754150390625,0,nan,nan,0,nan
10587.872,10,1,1,stimulusMovement,1,-0.35539743635389537,0.3374284356832504,1,4.6770782470703125,1,-0.24066856172349715,0.29085586965084076,1,4.70867919921875
10604.538,10,1,1,stimulusMovement,1,-0.3839981291029188,0.31504519283771515,1,4.6551361083984375,1,-0.23935222625732422,0.2857661545276642,1,4.659820556640625
10621.204,10,1,1,stimulusMovement,1,-0.3913254208034939,0.3554634004831314,1,4.625030517578125,0,nan,nan,0,nan
10637.871,10,1,1,stimulusMovement,1,-0.4049486584133572,0.3244195282459259,1,4.670989990234375,1,-0.2484912872314453,0.327222615480423,1,4.5552215576171875
10654.537,10,1,1,stimulusMovement,1,-0.4186155531141493,0.3420639634132385,1,4.649078369140625,0,nan,nan,0,nan
10671.204,10,1,1,stimulusMovement,1,-0.37452305687798393,0.24101710319519043,1,4.9398040771484375,1,-0.2653518252902561,0.29238350689411163,1,4.6000823974609375
10687.871,10,1,1,stimulusMovement,1,-0.43191983964708114,0.3374605178833008,1,4.719329833984375,0,nan,nan,0,nan
10704.536,10,1,1,stimulusMovement,1,-0.4600318007998996,0.34372255206108093,1,4.7300567626953125,1,-0.2991372214423285,0.33658984303474426,1,4.5272674560546875
10721.203,10,1,1,stimulusMovement,1,-0.47462659411960173,0.30952340364456177,1,4.74224853515625,1,-0.32333681318495006,0.33324676752090454,1,4.5207672119140625
10737.869,10,1,1,stimulusMovement,1,-0.4470086097717285,0.28970450162887573,1,4.8267669677734375,1,-0.2509092754787869,0.07188394665718079,1,5.40771484375
10754.535,10,1,1,stimulusMovement,1,-0.4832597573598226,0.2701965868473053,1,4.7836761474609375,1,-0.3370555771721734,0.2612844705581665,1,4.7423095703125
10771.202,10,1,1,stimulusMovement,1,-0.5061513582865397,0.30544313788414,1,4.6851654052734375,1,-0.32646263970269096,0.16896465420722961,1,5.0378570556640625
10787.868,10,1,1,stimulusMovement,1,-0.517668883005778,0.31485356390476227,1,4.665679931640625,0,nan,nan,0,nan
10804.535,10,1,1,stimulusMovement,1,-0.5529908074273003,0.31419017910957336,1,4.6785125732421875,1,-0.38494094212849933,0.33445170521736145,1,4.464569091796875
10821.201,10,1,1,stimulusMovement,1,-0.5265961752997504,0.3050341457128525,1,4.67230224609375,1,-0.3999173906114366,0.19617238640785217,1,4.8791046142578125
10837.868,10,1,1,stimulusMovement,1,-0.5522607167561848,0.32202205061912537,1,4.5904998779296875,1,-0.40653578440348304,0.31063228845596313,1,4.581207275390625
10854.534,10,1,1,stimulusMovement,1,-0.5445481671227349,0.2969440072774887,1,4.6325225830078125,1,-0.43535709381103516,0.24088230729103088,1,4.7392425537109375
10871.2,10,1,1,stimulusMovement,1,-0.5441755188835992,0.3158208131790161,1,4.5676422119140625,1,-0.447598033481174,0.33585554361343384,1,4.418975830078125
10887.867,10,1,1,stimulusMovement,1,-0.5157251358032227,0.2921030521392822,1,4.707000732421875,1,-0.44533692465888125,0.358875036239624,1,4.3258514404296875
10904.532,10,1,1,stimulusMovement,1,-0.5703106456332736,0.3004382252693176,1,4.588104248046875,0,nan,nan,0,nan
10921.199,10,1,1,stimulusMovement,1,-0.608819564183553,0.31054872274398804,1,4.55230712890625,0,nan,nan,0,nan
10937.866,10,1,1,stimulusMovement,1,-0.5851956473456489,0.3056735396385193,1,4.54986572265625,1,-0.4690306981404622,0.3335205614566803,1,4.456512451171875
10954.532,10,1,1,stimulusMovement,1,-0.6208018196953667,0.3340509235858917,1,4.455108642578125,0,nan,nan,0,nan
10971.199,10,1,1,stimulusMovement,1,-0.6545917722913953,0.3401131182909012,1,4.4434051513671875,1,-0.5250390370686848,0.3570741266012192,1,4.28985595703125
10987.865,10,1,1,stimulusMovement,1,-0.6903306245803833,0.36014363169670105,1,4.3353424072265625,0,nan,nan,0,nan
11004.531,10,1,1,stimulusMovement,1,-0.6881846454408433,0.3617188036441803,1,4.34228515625,1,-0.5568892161051432,0.34777170419692993,1,4.3150787353515625
11021.197,10,1,1,stimulusMovement,1,-0.6956429878870646,0.35268038511276245,1,4.399444580078125,0,nan,nan,0,nan
11037.864,10,1,1,stimulusMovement,1,-0.7019411192999946,0.3413020372390747,1,4.4444580078125,1,-0.5483322143554688,0.325704962015152,1,4.308990478515625
11054.53,10,1,1,stimulusMovement,1,-0.650921106338501,0.2951172739267349,1,4.6029052734375,0,nan,nan,0,nan
11071.197,10,1,1,stimulusMovement,1,-0.684858587053087,0.3065713047981262,1,4.5152130126953125,0,nan,nan,0,nan
11087.864,10,1,1,stimulusMovement,1,-0.72079951233334,0.32695235311985016,1,4.457550048828125,1,-0.600946479373508,0.337491974234581,1,4.270721435546875
11104.529,10,1,1,stimulusMovement,1,-0.7650495767593384,0.36962440609931946,1,4.339385986328125,1,-0.6147050592634412,0.3470239192247391,1,4.249176025390625
11121.196,10,1,1,stimulusMovement,1,-0.823161052332984,0.31831349432468414,1,4.4989013671875,0,nan,nan,0,nan
11137.862,10,1,1,stimulusMovement,1,-0.9076577011081907,0.43008100986480713,1,4.21624755859375,0,nan,nan,0,nan
11154.528,10,1,1,stimulusMovement,1,-0.9006573375728395,0.3780818358063698,1,4.335723876953125,1,-0.6331633461846246,0.24008417129516602,1,4.673248291015625
11171.194,10,1,1,stimulusMovement,1,-0.8647154602739545,0.3556792736053467,1,4.4668731689453125,0,nan,nan,0,nan
11187.862,10,1,1,stimulusMovement,1,-0.8838661246829562,0.3628273159265518,1,4.451873779296875,0,nan,nan,0,nan
11204.528,10,1,1,stimulusMovement,1,-0.859722461965349,0.34904810786247253,1,4.4640960693359375,0,nan,nan,0,nan
11221.195,10,1,1,stimulusMovement,1,-0.8599684370888604,0.3459485173225403,1,4.44293212890625,0,nan,nan,0,nan
11237.862,10,1,1,stimulusMovement,1,-0.8929583123988575,0.3773132264614105,1,4.3858642578125,0,nan,nan,0,nan
11254.528,10,1,1,stimulusMovement,0,nan,nan,0,nan,0,nan,nan,0,nan
11271.195,10,1,1,stimulusMovement,1,-0.8712392366594738,0.36579735577106476,1,4.4404449462890625,1,-0.7013557751973469,0.33627861738204956,1,4.343780517578125
11287.862,10,1,1,stimulusMovement,0,nan,nan,0,nan,1,-0.7262265814675225,0.3584517687559128,1,4.2706756591796875
11304.528,10,1,1,stimulusMovement,1,-0.8451679713196224,0.311270534992218,1,4.55523681640625,1,-0.6959487067328559,0.37547220289707184,1,4.2415771484375
11321.196,10,1,1,stimulusMovement,1,-0.8261720935503641,0.34131187200546265,1,4.48748779296875,0,nan,nan,0,nan
11337.863,10,1,1,stimulusMovement,1,-0.7719528277715046,0.3462730199098587,1,4.534881591796875,1,-0.6391818258497449,0.356160044670105,1,4.2521514892578125
11354.529,10,1,1,stimulusMovement,0,nan,nan,0,nan,1,-0.6021330091688367,0.3094998151063919,1,4.439300537109375
11371.196,10,1,1,stimulusMovement,0,nan,nan,0,nan,1,-0.6173402998182508,0.3277933597564697,1,4.4108734130859375
11387.863,10,1,1,stimulusMovement,0,nan,nan,0,nan,0,nan,nan,0,nan
11404.529,10,1,1,stimulusMovement,0,nan,nan,0,nan,1,-0.621693107816908,0.35120706260204315,1,4.3707427978515625
11421.196,10,1,1,stimulusMovement,1,-0.7385133107503254,0.3117992579936981,1,4.6481475830078125,1,-0.6369402673509386,0.32821041345596313,1,4.4796142578125
11437.863,10,1,1,stimulusMovement,0,nan,nan,0,nan,0,nan,nan,0,nan
11454.53,10,1,1,stimulusMovement,1,-0.7642623583475748,0.33819109201431274,1,4.58636474609375,0,nan,nan,0,nan
11471.197,10,1,1,stimulusMovement,1,-0.7421638303332858,0.29553651809692383,1,4.671539306640625,1,-0.6476100815667046,0.33574533462524414,1,4.4705047607421875
11487.864,10,1,1,stimulusMovement,0,nan,nan,0,nan,1,-0.5917410055796305,0.18702521920204163,1,4.8430328369140625
11504.53,10,1,1,stimulusMovement,0,nan,nan,0,nan,1,-0.5748156176673042,0.157749205827713,1,4.9368743896484375
11521.197,10,1,1,stimulusMovement,0,nan,nan,0,nan,0,nan,nan,0,nan
11537.864,10,1,1,stimulusMovement,0,nan,nan,0,nan,1,-0.6172303623623318,0.1388145089149475,1,5.1069183349609375
11554.53,10,1,1,stimulusMovement,0,nan,nan,0,nan,0,nan,nan,0,nan
11571.198,10,1,1,stimulusMovement,0,nan,nan,0,nan,1,-0.6038349469502766,0.26306895911693573,1,4.667877197265625
11587.865,10,1,1,stimulusMovement,0,nan,nan,0,nan,1,-0.6372691260443794,0.315749391913414,1,4.590087890625
11604.531,10,1,1,stimulusMovement,0,nan,nan,0,nan,0,nan,nan,0,nan
11621.198,10,1,1,stimulusMovement,0,nan,nan,0,nan,1,-0.568872955110338,0.20596006512641907,1,5.000701904296875
11637.865,10,1,1,stimulusMovement,0,nan,nan,0,nan,1,-0.5999830298953586,0.21832522749900818,1,4.9048004150390625
11654.531,10,1,1,stimulusMovement,0,nan,nan,0,nan,0,nan,nan,0,nan
11671.198,10,1,1,stimulusMovement,0,nan,nan,0,nan,1,-0.5669387446509467,0.08883979916572571,1,5.3319244384765625
11687.865,10,1,1,stimulusMovement,0,nan,nan,0,nan,1,-0.5899943775600857,0.21068572998046875,1,4.96099853515625
11704.532,10,1,1,stimulusMovement,0,nan,nan,0,nan,1,-0.6051156255933973,0.2730526030063629,1,4.711669921875
11721.199,10,1,1,stimulusMovement,0,nan,nan,0,nan,1,-0.6131635506947835,0.20077458024024963,1,4.9465179443359375
11737.866,10,1,1,stimulusMovement,0,nan,nan,0,nan,1,-0.5638490253024631,0.2388596534729004,1,4.8208770751953125
11754.532,10,1,1,stimulusMovement,0,nan,nan,0,nan,1,-0.5609881612989637,0.12571898102760315,1,5.2034149169921875
11771.199,10,1,1,stimulusMovement,0,nan,nan,0,nan,1,-0.5671969784630669,0.12238624691963196,1,5.16412353515625
11787.866,10,1,1,stimulusMovement,0,nan,nan,0,nan,1,-0.5990357398986816,0.14396771788597107,1,5.10400390625
11804.532,10,1,1,stimulusMovement,1,-0.7806638214323255,0.35067757964134216,1,4.667236328125,1,-0.6052488750881618,0.1865953803062439,1,4.9770660400390625
11821.199,10,1,1,stimulusMovement,0,nan,nan,0,nan,1,-0.5948779318067762,0.31636588275432587,1,4.6126708984375
11837.867,10,1,1,stimulusMovement,1,-0.7233153449164497,0.30638954043388367,1,4.7638702392578125,1,-0.6138479974534776,0.2780536413192749,1,4.6605377197265625
11854.533,10,1,1,stimulusMovement,0,nan,nan,0,nan,0,nan,nan,0,nan
11871.2,10,1,1,stimulusMovement,0,nan,nan,0,nan,1,-0.6019002596537272,0.23888295888900757,1,4.825958251953125
11887.867,10,1,1,stimulusMovement,0,nan,nan,0,nan,0,nan,nan,0,nan
11904.533,10,1,1,stimulusMovement,1,-0.7007159127129449,0.28465041518211365,1,4.796295166015625,1,-0.5841338899400499,0.29044309258461,1,4.6400909423828125
11921.2,10,1,1,stimulusMovement,0,nan,nan,0,nan,1,-0.6155429946051704,0.29138490557670593,1,4.5947418212890625
11937.867,10,1,1,stimulusMovement,1,-0.7280886040793525,0.3107648491859436,1,4.772308349609375,1,-0.598732206556532,0.25043031573295593,1,4.7598419189453125
11954.533,10,1,1,stimulusMovement,0,nan,nan,0,nan,1,-0.6130986743503146,0.27764226496219635,1,4.6298980712890625
11971.201,10,1,1,stimulusMovement,0,nan,nan,0,nan,1,-0.6215600702497693,0.33990931510925293,1,4.4377899169921875
11987.868,10,1,1,stimulusMovement,0,nan,nan,0,nan,1,-0.5952257845136854,0.31121596693992615,1,4.508636474609375
12004.534,10,1,1,stimulusMovement,0,nan,nan,0,nan,1,-0.6005663077036539,0.31233738362789154,1,4.553070068359375
12021.201,10,1,1,stimulusMovement,0,nan,nan,0,nan,1,-0.6223485734727647,0.3062518835067749,1,4.5398101806640625
12037.868,10,1,1,stimulusMovement,0,nan,nan,0,nan,1,-0.6175502141316731,0.3120974898338318,1,4.4398040771484375
12054.534,10,1,1,stimulusMovement,0,nan,nan,0,nan,1,-0.6182461049821641,0.33845503628253937,1,4.4091949462890625
12071.201,10,1,1,stimulusMovement,0,nan,nan,0,nan,1,-0.5523575941721598,0.12677395343780518,1,4.98614501953125
12087.869,10,1,1,stimulusMovement,0,nan,nan,0,nan,1,-0.6080008612738715,0.33954836428165436,1,4.4507293701171875
12104.535,10,1,1,stimulusMovement,0,nan,nan,0,nan,1,-0.623802105585734,0.14398148655891418,1,5.006011962890625
12121.202,10,1,1,stimulusMovement,1,-0.7344786061180962,0.3241135776042938,1,4.629425048828125,0,nan,nan,0,nan
12137.869,10,1,1,stimulusMovement,1,-0.7448046604792277,0.33190158009529114,1,4.5887603759765625,1,-0.613906701405843,0.3271370828151703,1,4.40228271484375
12154.535,10,1,1,stimulusMovement,0,nan,nan,0,nan,1,-0.6213301287757026,0.3024967461824417,1,4.552459716796875
12171.202,10,1,1,stimulusMovement,1,-0.758728371726142,0.35006654262542725,1,4.570068359375,1,-0.6012868086496989,0.3037012368440628,1,4.5205841064453125
12187.869,10,1,1,stimulusMovement,0,nan,nan,0,nan,1,-0.630230188369751,0.32145753502845764,1,4.422637939453125
12204.535,10,1,1,stimulusMovement,1,-0.7446297539605035,0.3282788544893265,1,4.5856781005859375,1,-0.5941729545593262,0.3247097432613373,1,4.446929931640625
12221.203,10,1,1,stimulusMovement,0,nan,nan,0,nan,1,-0.6186328993903266,0.32975688576698303,1,4.41650390625
12237.87,10,1,1,stimulusMovement,0,nan,nan,0,nan,1,-0.6103705300225152,0.345412477850914,1,4.4113922119140625
12254.536,10,1,1,stimulusMovement,0,nan,nan,0,nan,0,nan,nan,0,nan
12271.203,10,1,1,stimulusMovement,0,nan,nan,0,nan,1,-0.6072697109646267,0.27275125682353973,1,4.5623931884765625
12287.87,10,1,1,stimulusMovement,1,-0.6873162587483723,0.2947503328323364,1,4.7742919921875,1,-0.6143001450432671,0.3560138940811157,1,4.3990631103515625
12304.536,10,1,1,stimulusMovement,0,nan,nan,0,nan,1,-0.5964151488410102,0.31815454363822937,1,4.46148681640625
12321.203,10,1,1,stimulusMovement,0,nan,nan,0,nan,1,-0.6051189634535047,0.3416452556848526,1,4.3955841064453125
12337.87,10,1,1,stimulusMovement,0,nan,nan,0,nan,1,-0.6174619462754991,0.35054054856300354,1,4.3632965087890625
12354.537,10,1,1,stimulusMovement,0,nan,nan,0,nan,0,nan,nan,0,nan
12371.204,10,1,1,stimulusMovement,0,nan,nan,0,nan,0,nan,nan,0,nan
12387.871,10,1,1,stimulusMovement,0,nan,nan,0,nan,0,nan,nan,0,nan
12404.537,10,1,1,stimulusMovement,1,-0.7297564347585042,0.31786295771598816,1,4.6245880126953125,1,-0.6236893865797254,0.3392943888902664,1,4.4581756591796875
12421.204,10,1,1,stimulusMovement,0,nan,nan,0,nan,1,-0.6137955188751221,0.32559968531131744,1,4.4090728759765625
12437.871,10,1,1,stimulusMovement,0,nan,nan,0,nan,1,-0.5992373360527886,0.2395036220550537,1,4.7466583251953125
12454.537,10,1,1,stimulusMovement,0,nan,nan,0,nan,0,nan,nan,0,nan
12471.204,10,1,1,stimulusMovement,0,nan,nan,0,nan,1,-0.6043907801310221,0.3326507955789566,1,4.397705078125
12487.872,10,1,1,stimulusMovement,0,nan,nan,0,nan,1,-0.6076758702596028,0.32842525839805603,1,4.3807220458984375
12504.538,10,1,1,stimulusMovement,0,nan,nan,0,nan,1,-0.6159680949317085,0.34574349224567413,1,4.3660125732421875
12521.205,10,1,1,stimulusMovement,0,nan,nan,0,nan,1,-0.5987758901384141,0.31069284677505493,1,4.41021728515625
12537.872,10,1,1,stimulusMovement,0,nan,nan,0,nan,0,nan,nan,0,nan
12554.538,10,1,1,stimulusMovement,1,-0.6754483646816677,0.28973373770713806,1,4.8224639892578125,1,-0.6178409788343641,0.3341137617826462,1,4.3690948486328125
12571.205,10,1,1,fixation,1,-0.7417482137680054,0.3096039891242981,1,4.620574951171875,1,-0.5957136419084337,0.3012397140264511,1,4.4613037109375
12587.872,10,1,1,fixation,1,-0.7916838592953152,0.3467329740524292,1,4.2596282958984375,1,-0.6102503405676948,0.3137585073709488,1,4.03411865234375
12604.539,10,1,1,fixation,0,nan,nan,0,nan,0,nan,nan,0,nan
12621.206,10,1,1,fixation,1,-0.742955207824707,0.34413644671440125,1,4.63824462890625,1,-0.6074528164333767,0.3216758668422699,1,4.3765411376953125
12637.873,10,1,1,fixation,1,-0.7858605119917127,0.36122429370880127,1,4.25775146484375,1,-0.6060503323872883,0.3138631582260132,1,4.0302581787109375
12654.539,10,1,1,fixation,0,nan,nan,0,nan,0,nan,nan,0,nan
12671.206,10,1,1,fixation,0,nan,nan,0,nan,1,-0.5514172183142768,0.2880861163139343,1,4.5782318115234375
12687.873,10,1,1,fixation,1,-0.787125097380744,0.34887291491031647,1,4.240142822265625,1,-0.5921231375800239,0.30139265954494476,1,4.0135650634765625
12704.539,10,1,1,fixation,0,nan,nan,0,nan,0,nan,nan,0,nan
12721.206,10,1,1,fixation,0,nan,nan,0,nan,1,-0.6242085562811958,0.3271780461072922,1,4.4126739501953125
12737.874,10,1,1,fixation,1,-0.7896471619606018,0.3593652993440628,1,4.214752197265625,1,-0.5947204695807563,0.301714152097702,1,4.0081634521484375
12754.54,10,1,1,fixation,0,nan,nan,0,nan,0,nan,nan,0,nan
12771.207,10,1,1,fixation,0,nan,nan,0,nan,1,-0.5950793160332574,0.3428082764148712,1,4.362518310546875
12787.874,10,1,1,fixation,1,-0.7866104510095384,0.34343069791793823,1,4.210845947265625,1,-0.590175363752577,0.30434976518154144,1,3.9941253662109375
12804.54,10,1,1,fixation,0,nan,nan,0,nan,0,nan,nan,0,nan
12821.207,10,1,1,fixation,0,nan,nan,0,nan,1,-0.5920322736104329,0.3148280084133148,1,4.40032958984375
12837.874,10,1,1,fixation,1,-0.7906193468305799,0.3577643483877182,1,4.1990814208984375,1,-0.5921622382269965,0.30481481552124023,1,3.998382568359375
12854.54,10,1,1,fixation,0,nan,nan,0,nan,0,nan,nan,0,nan
12871.208,10,1,1,fixation,0,nan,nan,0,nan,1,-0.5927680863274468,0.33564823865890503,1,4.349517822265625
12887.875,10,1,1,fixation,1,-0.7830902867847018,0.35924385488033295,1,4.209747314453125,1,-0.5864880879720051,0.2999429702758789,1,4.0099945068359375
12904.541,10,1,1,fixation,0,nan,nan,0,nan,0,nan,nan,0,nan
12921.208,10,1,1,fixation,0,nan,nan,0,nan,1,-0.5816566414303249,0.34753046929836273,1,4.31878662109375
12937.875,10,1,1,fixation,1,-0.7843662566608852,0.35771721601486206,1,4.2195587158203125,1,-0.5870763195885552,0.3144819438457489,1,4.009765625
12954.541,10,1,1,fixation,0,nan,nan,0,nan,0,nan,nan,0,nan
12971.208,10,1,1,fixation,0,nan,nan,0,nan,1,-0.6070158216688367,0.33444464206695557,1,4.347900390625
12987.875,10,1,1,fixation,1,-0.7828422586123148,0.351716086268425,1,4.22381591796875,1,-0.5911706288655598,0.30295123159885406,1,4.02374267578125
13004.542,10,1,1,fixation,0,nan,nan,0,nan,0,nan,nan,0,nan
13021.209,10,1,1,fixation,0,nan,nan,0,nan,1,-0.5933250321282281,0.3199314475059509,1,4.3840484619140625
13037.876,10,1,1,fixation,1,-0.7853926950030856,0.36153891682624817,1,4.2293243408203125,1,-0.5902829700046115,0.30487027764320374,1,4.0321197509765625
13054.542,10,1,1,fixation,0,nan,nan,0,nan,0,nan,nan,0,nan
13071.209,10,1,1,fixation,0,nan,nan,0,nan,1,-0.6104759110344781,0.3178968131542206,1,4.3873443603515625
13087.876,10,1,1,fixation,1,-0.7804776827494303,0.3453529626131058,1,4.2446441650390625,1,-0.5937537352244059,0.3024871200323105,1,4.0472259521484375
13104.542,10,1,1,fixation,0,nan,nan,0,nan,0,nan,nan,0,nan
13121.21,10,1,1,fixation,0,nan,nan,0,nan,1,-0.5644471645355225,0.28024688363075256,1,4.5655517578125
13137.877,10,1,1,fixation,1,-0.7778269714779323,0.35714446008205414,1,4.24432373046875,1,-0.5920021269056531,0.3064784109592438,1,4.0597991943359375
13154.543,10,1,1,fixation,0,nan,nan,0,nan,0,nan,nan,0,nan
13171.21,10,1,1,fixation,0,nan,nan,0,nan,1,-0.6341977649264865,0.23742759227752686,1,4.68109130859375
13187.877,10,1,1,fixation,1,-0.7765399879879421,0.35066840052604675,1,4.2707672119140625,1,-0.5909268591139051,0.30155935883522034,1,4.085235595703125
13204.543,10,1,1,fixation,0,nan,nan,0,nan,0,nan,nan,0,nan
13221.21,10,1,1,fixation,0,nan,nan,0,nan,1,-0.5838770336574978,0.28912511467933655,1,4.51324462890625
13237.877,10,1,1,fixation,1,-0.785111301475101,0.3611143082380295,1,4.2893829345703125,1,-0.5957255363464355,0.30327239632606506,1,4.112091064453125
13254.544,10,1,1,fixation,0,nan,nan,0,nan,0,nan,nan,0,nan
13271.211,10,1,1,fixation,0,nan,nan,0,nan,1,-0.5901953909132215,0.30607685446739197,1,4.5030975341796875
13287.878,10,1,1,fixation,1,-0.7809513608614603,0.36215218901634216,1,4.3165130615234375,1,-0.6007906595865885,0.3174416869878769,1,4.1379852294921875
13304.544,10,1,1,fixation,0,nan,nan,0,nan,0,nan,nan,0,nan
13321.211,10,1,1,fixation,1,-0.7547840277353922,0.34191980957984924,1,4.5991363525390625,1,-0.5868114895290798,0.2529195100069046,1,4.694427490234375
13337.878,10,1,1,fixation,1,-0.7831031348970201,0.3609250783920288,1,4.3450469970703125,1,-0.5915683375464545,0.30544278025627136,1,4.163604736328125
13354.544,10,1,1,fixation,0,nan,nan,0,nan,0,nan,nan,0,nan
13371.211,10,1,1,fixation,1,-0.7608040836122301,0.3399703800678253,1,4.6243133544921875,1,-0.5788793828752306,0.2628888338804245,1,4.6800079345703125
13387.879,10,1,1,fixation,1,-0.7701936827765571,0.3569834232330322,1,4.3751373291015625,1,-0.5926918453640407,0.312525138258934,1,4.1838531494140625
13404.545,10,1,1,fixation,0,nan,nan,0,nan,0,nan,nan,0,nan
13421.212,10,1,1,fixation,0,nan,nan,0,nan,1,-0.6013978322347004,0.2962794601917267,1,4.557525634765625
13437.879,10,1,1,fixation,1,-0.7787697381443447,0.3559407889842987,1,4.4048919677734375,1,-0.5907992257012261,0.30478958785533905,1,4.21661376953125
13454.545,10,1,1,fixation,0,nan,nan,0,nan,0,nan,nan,0,nan
13471.212,10,1,1,fixation,1,-0.7317646874321831,0.31190139055252075,1,4.778289794921875,1,-0.6067283683353,0.2945508658885956,1,4.6326751708984375
13487.879,10,1,1,fixation,1,-0.7693922519683838,0.35119418799877167,1,4.4389801025390625,1,-0.5950993431939019,0.3075891584157944,1,4.23931884765625
13504.545,10,1,1,fixation,0,nan,nan,0,nan,0,nan,nan,0,nan
13521.213,10,1,1,fixation,1,-0.728446880976359,0.32923464477062225,1,4.7850189208984375,1,-0.5911214351654053,0.19514426589012146,1,4.966064453125
13537.88,10,1,1,fixation,1,-0.7627592086791992,0.3442513346672058,1,4.4766845703125,1,-0.5880278481377496,0.3054063022136688,1,4.2669525146484375
13554.546,10,1,1,stimulusMovement,0,nan,nan,0,nan,0,nan,nan,0,nan
13571.213,10,1,1,stimulusMovement,1,-0.7320359018113878,0.314017117023468,1,4.79266357421875,1,-0.6045914226108127,0.2755378484725952,1,4.7332611083984375
13587.88,10,1,1,stimulusMovement,0,nan,nan,0,nan,1,-0.5875822703043619,0.17661702632904053,1,5.082061767578125
13604.546,10,1,1,stimulusMovement,0,nan,nan,0,nan,1,-0.6114856402079264,0.14356714487075806,1,5.1109619140625
13621.213,10,1,1,stimulusMovement,0,nan,nan,0,nan,1,-0.5920607248942057,0.22903963923454285,1,4.979766845703125
13637.881,10,1,1,stimulusMovement,0,nan,nan,0,nan,1,-0.6009147961934407,0.29099610447883606,1,4.73504638671875
13654.547,10,1,1,stimulusMovement,0,nan,nan,0,nan,1,-0.5849322213066949,0.1444416642189026,1,5.1266326904296875
13671.214,10,1,1,stimulusMovement,0,nan,nan,0,nan,0,nan,nan,0,nan
13687.881,10,1,1,stimulusMovement,1,-0.73019896613227,0.3135954737663269,1,4.9246368408203125,1,-0.58115463786655,0.13883936405181885,1,5.210052490234375
13704.547,10,1,1,stimulusMovement,1,-0.7037219338946872,0.28962358832359314,1,4.977752685546875,1,-0.5975902875264485,0.16638797521591187,1,5.119781494140625
13721.214,10,1,1,stimulusMovement,1,-0.7339294619030422,0.29441848397254944,1,4.9629669189453125,1,-0.6202857229444715,0.30275121331214905,1,4.7398681640625
13737.881,10,1,1,stimulusMovement,1,-0.7442333698272705,0.31006674468517303,1,4.9273681640625,1,-0.5937065018547906,0.2615513205528259,1,4.8812408447265625
13754.547,10,1,1,stimulusMovement,1,-0.7555811935000949,0.32904013991355896,1,4.9459381103515625,1,-0.5810849931504991,0.16959339380264282,1,5.0415191650390625
13771.215,10,1,1,stimulusMovement,1,-0.6871367428037854,0.24433928728103638,1,5.152557373046875,1,-0.5981307559543185,0.10745671391487122,1,5.33892822265625
13787.882,10,1,1,stimulusMovement,1,-0.7474019527435303,0.30097949504852295,1,4.9593505859375,0,nan,nan,0,nan
13804.548,10,1,1,stimulusMovement,1,-0.7322573131985134,0.3119281977415085,1,4.9394683837890625,1,-0.5724885993533664,0.1143946647644043,1,5.2733154296875
13821.215,10,1,1,stimulusMovement,1,-0.7200947602589924,0.28854119777679443,1,4.9869842529296875,0,nan,nan,0,nan
13837.882,10,1,1,stimulusMovement,1,-0.7158333460489908,0.2910575419664383,1,4.9439544677734375,1,-0.6084246900346544,0.273160845041275,1,4.831085205078125
13854.548,10,1,1,stimulusMovement,1,-0.7297086980607774,0.27814680337905884,1,4.986907958984375,1,-0.6003937986161973,0.10685652494430542,1,5.3615264892578125
13871.215,10,1,1,stimulusMovement,1,-0.7424798938963147,0.2887742966413498,1,4.9593658447265625,1,-0.625507222281562,0.27413758635520935,1,4.83197021484375
13887.882,10,1,1,stimulusMovement,1,-0.7495156659020318,0.30369502305984497,1,4.9390869140625,1,-0.5854513910081651,0.01365610957145691,1,5.59881591796875
13904.549,10,1,1,stimulusMovement,1,-0.7377491792043049,0.30274274945259094,1,4.962646484375,1,-0.6085472371843126,0.1853466033935547,1,5.061737060546875
13921.216,10,1,1,stimulusMovement,1,-0.7381501860088772,0.30229659378528595,1,4.92779541015625,1,-0.579675277074178,-0.027656257152557373,1,5.7986602783203125
13937.883,10,1,1,stimulusMovement,1,-0.7534955342610676,0.30872443318367004,1,4.9366455078125,1,-0.6490426063537598,0.07942137122154236,1,5.3889617919921875
13954.549,10,1,1,stimulusMovement,1,-0.7284486823611789,0.2992539405822754,1,4.9541778564453125,1,-0.6165064440833198,0.23858538269996643,1,4.9046478271484375
13971.216,10,1,1,stimulusMovement,1,-0.7423733075459797,0.31869713962078094,1,4.941864013671875,1,-0.6223052872551812,0.22390156984329224,1,4.9597015380859375
13987.883,10,1,1,stimulusMovement,1,-0.7292556762695312,0.295531302690506,1,4.986328125,1,-0.600311279296875,-0.048033833503723145,1,5.743377685546875
14004.549,10,1,1,stimulusMovement,1,-0.7480983204311794,0.30451126396656036,1,4.9461517333984375,1,-0.5966700977749294,0.043736398220062256,1,5.4115753173828125
14021.216,10,1,1,stimulusMovement,1,-0.7526119682523938,0.31351087987422943,1,4.8936920166015625,1,-0.6244095696343316,0.04608553647994995,1,5.422760009765625
14037.884,10,1,1,stimulusMovement,1,-0.717923641204834,0.2874603420495987,1,4.9263153076171875,1,-0.6361294322543674,0.11828911304473877,1,5.222015380859375
14054.55,10,1,1,stimulusMovement,1,-0.7397016419304742,0.30260196328163147,1,4.9037017822265625,1,-0.6088945335812038,0.02334657311439514,1,5.509674072265625
14071.217,10,1,1,stimulusMovement,1,-0.7270055611928303,0.29870501160621643,1,4.92926025390625,1,-0.5629148483276367,0.17919865250587463,1,4.957275390625
14087.884,10,1,1,stimulusMovement,1,-0.7365000777774386,0.3296268582344055,1,4.8367156982421875,1,-0.6053024927775065,0.24356123805046082,1,4.74755859375
14104.55,10,1,1,stimulusMovement,1,-0.7452270984649658,0.29033608734607697,1,4.8623046875,1,-0.6460288630591499,0.10436725616455078,1,5.1399078369140625
14121.217,10,1,1,stimulusMovement,1,-0.7519457605150011,0.3159727305173874,1,4.825347900390625,1,-0.5968569649590386,0.2172483205795288,1,4.780120849609375
14137.884,10,1,1,stimulusMovement,1,-0.7369612322913276,0.3171103596687317,1,4.7920074462890625,1,-0.5850750870174831,0.10375598073005676,1,5.1732330322265625
14154.551,10,1,1,stimulusMovement,1,-0.7287949456108941,0.3083537220954895,1,4.8152923583984375,1,-0.5694564978281657,0.07911455631256104,1,5.2903289794921875
14171.218,10,1,1,stimulusMovement,1,-0.7467820776833428,0.31044745445251465,1,4.8330078125,1,-0.602374447716607,0.2251831591129303,1,4.805633544921875
14187.885,10,1,1,stimulusMovement,1,-0.748222827911377,0.31017158925533295,1,4.7881927490234375,1,-0.5941634443071153,0.2088533639907837,1,4.8032684326171875
14204.551,10,1,1,stimulusMovement,1,-0.7399470806121826,0.3234803080558777,1,4.78564453125,1,-0.5857449637518989,0.14912205934524536,1,4.94354248046875
14221.218,10,1,1,stimulusMovement,1,-0.7602456543180677,0.3271161764860153,1,4.7939300537109375,1,-0.6025112469991047,0.2152024507522583,1,4.7557525634765625
14237.885,10,1,1,stimulusMovement,1,-0.7091183397505018,0.297029972076416,1,4.8331451416015625,1,-0.6062497033013238,0.23820406198501587,1,4.7275848388671875
14254.551,10,1,1,stimulusMovement,1,-0.7505293157365587,0.33302614092826843,1,4.7213592529296875,1,-0.6112529701656765,0.212606281042099,1,4.7558135986328125
14271.218,10,1,1,stimulusMovement,1,-0.7479772832658556,0.30257363617420197,1,4.794097900390625,1,-0.6236511866251627,0.21249806880950928,1,4.804168701171875
14287.886,10,1,1,stimulusMovement,1,-0.7464970482720269,0.31646086275577545,1,4.70379638671875,1,-0.6335121525658501,0.10803061723709106,1,5.115325927734375
14304.552,10,1,1,stimulusMovement,1,-0.7449342144860162,0.30755478143692017,1,4.751861572265625,1,-0.6157862345377604,0.1665266454219818,1,4.8585662841796875
14321.219,10,1,1,stimulusMovement,1,-0.7548811965518527,0.3204665333032608,1,4.7504425048828125,1,-0.6045713689592149,0.26633086800575256,1,4.631622314453125
14337.886,10,1,1,stimulusMovement,1,-0.7567335367202759,0.3089134097099304,1,4.7603912353515625,1,-0.5989697774251301,0.1799478530883789,1,4.83538818359375
14354.552,10,1,1,stimulusMovement,1,-0.7727973593605889,0.34662553668022156,1,4.741455078125,1,-0.6154967678917779,0.23777294158935547,1,4.6937713623046875
14371.219,10,1,1,stimulusMovement,1,-0.7221771346198188,0.29667994379997253,1,4.8148651123046875,1,-0.6033976078033447,0.2590625286102295,1,4.6252899169921875
14387.886,10,1,1,stimulusMovement,1,-0.7551154163148668,0.33215075731277466,1,4.6969451904296875,1,-0.6349910895029703,0.2922445684671402,1,4.6086578369140625
14404.552,10,1,1,stimulusMovement,1,-0.752317640516493,0.32480810582637787,1,4.680511474609375,1,-0.6015513208177354,0.14737355709075928,1,4.996673583984375
14421.22,10,1,1,stimulusMovement,1,-0.7555551528930664,0.31205058097839355,1,4.7448272705078125,1,-0.613715304268731,0.239874929189682,1,4.7514190673828125
14437.886,10,1,1,stimulusMovement,1,-0.7494660483466254,0.3020564913749695,1,4.7474212646484375,1,-0.6150143676333957,0.25822724401950836,1,4.6486968994140625
14454.552,10,1,1,stimulusMovement,1,-0.7541950676176282,0.3149998188018799,1,4.792510986328125,1,-0.5933560795254177,0.2768663316965103,1,4.61376953125
14471.219,10,1,1,stimulusMovement,1,-0.7540412611431545,0.3281180113554001,1,4.73797607421875,1,-0.603139321009318,0.2809498459100723,1,4.605621337890625
14487.885,10,1,1,stimulusMovement,1,-0.7284545368618435,0.3161347806453705,1,4.7562713623046875,1,-0.615294615427653,0.24411627650260925,1,4.713165283203125
14504.551,10,1,1,stimulusMovement,1,-0.7480776309967041,0.312813863158226,1,4.728515625,1,-0.6194161044226753,0.28032180666923523,1,4.6296844482421875
14521.218,10,1,1,stimulusMovement,1,-0.7514538235134548,0.3067326843738556,1,4.7601776123046875,1,-0.6249873373243543,0.27498142421245575,1,4.60479736328125
14537.884,10,1,1,stimulusMovement,1,-0.7485165066189235,0.33096395432949066,1,4.7559051513671875,1,-0.6073259247673882,0.2859674394130707,1,4.600616455078125
14554.551,10,1,1,stimulusMovement,1,-0.7321041292614406,0.303606316447258,1,4.8119659423828125,1,-0.6292770968543159,0.17939943075180054,1,4.8578338623046875
14571.218,10,1,1,stimulusMovement,1,-0.7249681154886881,0.30598536133766174,1,4.8236083984375,1,-0.7039321528540717,0.16474691033363342,1,4.97052001953125
14587.884,10,1,1,stimulusMovement,1,-0.7496319346957736,0.3224494457244873,1,4.79345703125,1,-0.6222530470954047,0.20460492372512817,1,4.8473968505859375
14604.55,10,1,1,stimulusMovement,1,-0.7293431626425849,0.31686678528785706,1,4.7998046875,1,-0.6122058497534858,0.19694644212722778,1,4.8231353759765625
14621.217,10,1,1,stimulusMovement,1,-0.7263787587483723,0.3101775646209717,1,4.8194122314453125,1,-0.6247148778703477,0.21870079636573792,1,4.7542724609375
14637.883,10,1,1,stimulusMovement,1,-0.7302022642559475,0.31356118619441986,1,4.784332275390625,1,-0.6068720817565918,0.20515644550323486,1,4.7657012939453125
14654.549,10,1,1,stimulusMovement,1,-0.7447232272889879,0.33469121158123016,1,4.7441864013671875,1,-0.5826358795166016,0.1838693618774414,1,4.9217681884765625
14671.217,10,1,1,stimulusMovement,1,-0.7475687662760416,0.309571236371994,1,4.760772705078125,1,-0.5970625347561306,0.14656999707221985,1,4.9764556884765625
14687.883,10,1,1,stimulusMovement,1,-0.7481144269307454,0.3243362754583359,1,4.783050537109375,0,nan,nan,0,nan
14704.549,10,1,1,stimulusMovement,1,-0.7538188695907593,0.32480137050151825,1,4.740234375,1,-0.520815478430854,0.16542232036590576,1,4.9814605712890625
14721.216,10,1,1,stimulusMovement,1,-0.7174233595530192,0.30049028992652893,1,4.7885589599609375,1,-0.5714091989729139,0.08817431330680847,1,5.189361572265625
14737.882,10,1,1,stimulusMovement,1,-0.7294963068432277,0.3131977915763855,1,4.76422119140625,1,-0.6137694782680935,0.22175583243370056,1,4.8169708251953125
14754.548,10,1,1,stimulusMovement,1,-0.7423598633872138,0.32434841990470886,1,4.7888031005859375,1,-0.5989399486117892,0.08227935433387756,1,5.1899871826171875
14771.215,10,1,1,stimulusMovement,1,-0.7508152590857612,0.3352230042219162,1,4.714935302734375,1,-0.6206633779737684,0.2809189260005951,1,4.6013031005859375
14787.881,10,1,1,stimulusMovement,1,-0.737372424867418,0.3156810700893402,1,4.73638916015625,1,-0.6049767600165473,0.2229735553264618,1,4.71051025390625
14804.548,10,1,1,stimulusMovement,1,-0.7448436419169108,0.31461428105831146,1,4.720947265625,1,-0.6133087476094563,0.2607247829437256,1,4.6725311279296875
14821.215,10,1,1,stimulusMovement,1,-0.7571762800216675,0.31419737637043,1,4.7588653564453125,1,-0.5940345393286811,0.12889933586120605,1,5.07537841796875
14837.881,10,1,1,stimulusMovement,1,-0.7399880753623115,0.330437496304512,1,4.725189208984375,1,-0.587263372209337,0.1920599639415741,1,4.7885894775390625
14854.547,10,1,1,stimulusMovement,1,-0.7418928808636135,0.307517409324646,1,4.7979278564453125,1,-0.5688169532352023,0.1577455997467041,1,4.97344970703125
14871.214,10,1,1,stimulusMovement,1,-0.737297084596422,0.29399271309375763,1,4.7995758056640625,1,-0.6052127149369981,0.24775958061218262,1,4.6270904541015625
14887.88,10,1,1,stimulusMovement,1,-0.7215190596050686,0.27805912494659424,1,4.8067626953125,1,-0.5970219771067301,0.2610386610031128,1,4.56915283203125
14904.546,10,1,1,stimulusMovement,1,-0.7375429471333821,0.3035043179988861,1,4.77264404296875,1,-0.6515127287970649,0.12266504764556885,1,5.0520782470703125
14921.213,10,1,1,stimulusMovement,1,-0.7223598692152234,0.2958777993917465,1,4.776397705078125,1,-0.6003812948862711,0.2623111307621002,1,4.61053466796875
14937.88,10,1,1,stimulusMovement,1,-0.7233236498302883,0.2891510874032974,1,4.8578948974609375,1,-0.591993490854899,0.21274203062057495,1,4.7276458740234375
14954.546,10,1,1,stimulusMovement,1,-0.7293565803103976,0.29045091569423676,1,4.777374267578125,1,-0.5798753632439507,0.23700249195098877,1,4.6751251220703125
14971.213,10,1,1,stimulusMovement,1,-0.7347995042800903,0.3078635632991791,1,4.79583740234375,1,-0.5945901075998942,0.1834431290626526,1,4.892578125
14987.879,10,1,1,stimulusMovement,1,-0.749416086408827,0.3249625265598297,1,4.701568603515625,1,-0.6356857087877061,0.1970432698726654,1,4.786224365234375
15004.545,10,1,1,stimulusMovement,1,-0.7497937679290771,0.32374711334705353,1,4.6975860595703125,1,-0.5650371975368923,0.2217811644077301,1,4.7087860107421875
15021.212,10,1,1,stimulusMovement,1,-0.7266728480656941,0.29707109928131104,1,4.723480224609375,1,-0.5877635214063855,0.23667412996292114,1,4.6779022216796875
15037.878,10,1,1,stimulusMovement,1,-0.73669962088267,0.2985936105251312,1,4.69378662109375,0,nan,nan,0,nan
15054.544,10,1,1,stimulusMovement,1,-0.7483396397696601,0.3010096549987793,1,4.6448516845703125,1,-0.5712153646681043,0.20391300320625305,1,4.7224884033203125
15071.212,10,1,1,stimulusMovement,1,-0.7172272735171847,0.262875497341156,1,4.769317626953125,1,-0.6059593624538845,0.24588024616241455,1,4.665069580078125
15087.878,10,1,1,stimulusMovement,1,-0.7297425005171033,0.2946549654006958,1,4.7015838623046875,1,-0.5657980177137586,0.05349522829055786,1,5.313262939453125
15104.544,10,1,1,stimulusMovement,1,-0.738243579864502,0.2911010682582855,1,4.717010498046875,1,-0.6041535271538628,0.2606654465198517,1,4.5789947509765625
15121.211,10,1,1,stimulusMovement,1,-0.7399966186947292,0.30097678303718567,1,4.6644744873046875,1,-0.5513399706946479,0.12541860342025757,1,4.893341064453125
15137.877,10,1,1,stimulusMovement,1,-0.7370277378294202,0.30336354672908783,1,4.681793212890625,1,-0.5868692927890353,0.2397059202194214,1,4.5863189697265625
15154.543,10,1,1,stimulusMovement,1,-0.7342023054758707,0.2928991913795471,1,4.7213592529296875,1,-0.6057802041371663,0.08514842391014099,1,5.1074676513671875
15171.21,10,1,1,stimulusMovement,1,-0.7303380171457926,0.26954904198646545,1,4.732025146484375,1,-0.5931954383850098,0.16752713918685913,1,4.7865447998046875
15187.877,10,1,1,stimulusMovement,1,-0.7437633408440484,0.31862741708755493,1,4.6326904296875,1,-0.5787020524342854,0.2665550410747528,1,4.4881134033203125
15204.543,10,1,1,stimulusMovement,1,-0.7306165960099962,0.30706915259361267,1,4.6044921875,1,-0.6371342606014675,0.0172823965549469,1,5.2758026123046875
15221.209,10,1,1,stimulusMovement,1,-0.7301452159881592,0.29490841925144196,1,4.652862548828125,1,-0.6039169099595811,0.151161789894104,1,4.8158721923828125
15237.876,10,1,1,stimulusMovement,1,-0.7537393040127224,0.3046605587005615,1,4.5586395263671875,1,-0.5917952590518527,0.14558780193328857,1,4.870513916015625
15254.542,10,1,1,stimulusMovement,1,-0.7432056003146701,0.29944390058517456,1,4.5711822509765625,1,-0.597983784145779,0.16639411449432373,1,4.745635986328125
15271.208,10,1,1,stimulusMovement,1,-0.7255334456761677,0.308717280626297,1,4.5678253173828125,1,-0.5785448816087511,0.09079685807228088,1,4.93304443359375
15287.875,10,1,1,stimulusMovement,1,-0.7337147262361314,0.3171928972005844,1,4.5384368896484375,1,-0.5763661331600612,0.25697067379951477,1,4.4724578857421875
15304.541,10,1,1,stimulusMovement,1,-0.7421309153238932,0.3103272020816803,1,4.579071044921875,1,-0.5446590582529703,0.1128866970539093,1,4.9161224365234375
15321.208,10,1,1,stimulusMovement,1,-0.7020125389099121,0.26836057007312775,1,4.6429443359375,0,nan,nan,0,nan
15337.875,10,1,1,stimulusMovement,1,-0.7442248132493761,0.2829156219959259,1,4.523162841796875,1,-0.5766726599799262,0.20172756910324097,1,4.567657470703125
15354.541,10,1,1,stimulusMovement,1,-0.7351623111300998,0.2803034335374832,1,4.6118621826171875,1,-0.6183517773946126,0.1435730755329132,1,4.808135986328125
15371.207,10,1,1,stimulusMovement,1,-0.7523723973168267,0.25507694482803345,1,4.6258087158203125,0,nan,nan,0,nan
15387.874,10,1,1,stimulusMovement,1,-0.7251710891723633,0.2742297947406769,1,4.606536865234375,1,-0.6081054740481906,0.10641562938690186,1,4.82537841796875
15404.54,10,1,1,stimulusMovement,1,-0.7378588252597384,0.2657985985279083,1,4.537078857421875,1,-0.5868115425109863,0.24756330251693726,1,4.378143310546875
15421.206,10,1,1,stimulusMovement,1,-0.7193985250261095,0.24746978282928467,1,4.6792144775390625,0,nan,nan,0,nan
15437.873,10,1,1,stimulusMovement,1,-0.7320549620522393,0.2184542417526245,1,4.6545257568359375,0,nan,nan,0,nan
15454.539,10,1,1,stimulusMovement,0,nan,nan,0,nan,1,-0.5878567695617676,0.1982094645500183,1,4.481475830078125
15471.206,10,1,1,stimulusMovement,1,-0.7105402681562635,0.22440102696418762,1,4.5733184814453125,1,-0.5778816541035969,0.0965050756931305,1,4.7860565185546875
15487.873,10,1,1,stimulusMovement,1,-0.7432472705841064,0.18533039093017578,1,4.54766845703125,1,-0.5881249109903971,0.14173126220703125,1,4.4947509765625
15504.538,10,1,1,stimulusMovement,1,-0.7348155313067966,0.04765826463699341,1,4.628082275390625,1,-0.614650117026435,0.0487746000289917,1,4.528717041015625
15521.205,10,1,1,stimulusMovement,1,-0.7399470806121826,0.07488107681274414,1,4.59832763671875,0,nan,nan,0,nan
15537.872,10,1,1,stimulusMovement,1,-0.7392549249860975,0.06759455800056458,1,4.6145477294921875,1,-0.6272294786241319,0.05160641670227051,1,4.50213623046875
15554.537,10,1,1,stimulusMovement,1,-0.7360162734985352,0.058867692947387695,1,4.660614013671875,1,-0.6119030316670735,0.05252814292907715,1,4.5136871337890625
15571.204,10,1,1,stimulusMovement,1,-0.7510892285241021,0.04416900873184204,1,4.590484619140625,1,-0.5892069074842664,0.05183476209640503,1,4.5655059814453125
15587.871,10,1,1,stimulusMovement,1,-0.7596783505545722,0.04934573173522949,1,4.57391357421875,0,nan,nan,0,nan
15604.537,10,1,1,stimulusMovement,1,-0.7475095192591349,0.020257622003555298,1,4.6252593994140625,0,nan,nan,0,nan
15621.204,10,1,1,stimulusMovement,1,-0.7584768533706665,0.04941186308860779,1,4.633941650390625,1,-0.6064364115397135,0.0326559841632843,1,4.45562744140625
15637.87,10,1,1,stimulusMovement,1,-0.7236660056644015,0.03108075261116028,1,4.6912384033203125,1,-0.6125032107035319,-0.00739210844039917,1,4.516632080078125
15654.536,10,1,1,stimulusMovement,1,-0.7366314993964301,0.016705632209777832,1,4.6056365966796875,1,-0.5899073547787136,-0.03261369466781616,1,4.392242431640625
15671.203,10,1,1,stimulusMovement,1,-0.7279001341925727,0.0162142813205719,1,4.692352294921875,1,-0.5925471252865261,0.0004455447196960449,1,4.5077972412109375
15687.869,10,1,1,stimulusMovement,1,-0.7299034065670437,-0.0171433687210083,1,4.6533050537109375,1,-0.5992704497443305,-0.03432464599609375,1,4.486480712890625
15704.536,10,1,1,stimulusMovement,1,-0.6971160570780436,-0.006619870662689209,1,4.795074462890625,1,-0.6058258480495876,-0.059815406799316406,1,4.417724609375
15721.202,10,1,1,stimulusMovement,1,-0.7250248458650377,-0.03666841983795166,1,4.74200439453125,1,-0.5947760740915934,-0.07527625560760498,1,4.462738037109375
15737.869,10,1,1,stimulusMovement,1,-0.730647603670756,-0.02151244878768921,1,4.7270050048828125,1,-0.567724068959554,-0.07457590103149414,1,4.6102447509765625
15754.535,10,1,1,stimulusMovement,1,-0.7550540500217013,-0.052736520767211914,1,4.697723388671875,1,-0.5493379433949788,-0.11278074979782104,1,4.6521148681640625
15771.201,10,1,1,stimulusMovement,1,-0.7494145764244927,-0.07267045974731445,1,4.7345733642578125,1,-0.5882538159688313,-0.09587240219116211,1,4.535919189453125
15787.868,10,1,1,stimulusMovement,1,-0.745093584060669,-0.06397467851638794,1,4.7320709228515625,1,-0.5614091290367974,-0.1326967477798462,1,4.58197021484375
15804.534,10,1,1,stimulusMovement,1,-0.7548363473680284,-0.09426403045654297,1,4.701568603515625,1,-0.5660204092661539,-0.1452420949935913,1,4.5865325927734375
15821.2,10,1,1,stimulusMovement,1,-0.8049179779158697,-0.2244606614112854,1,4.740966796875,1,-0.6523766782548692,-0.23385906219482422,1,4.4544677734375
15837.868,10,1,1,stimulusMovement,1,-0.8005468050638834,-0.25122004747390747,1,4.7102813720703125,1,-0.6590326892005073,-0.30040478706359863,1,4.5083160400390625
15854.533,10,1,1,stimulusMovement,1,-0.8114394346872965,-0.28692275285720825,1,4.6691131591796875,1,-0.6523509820302327,-0.2993335723876953,1,4.4635467529296875
15871.2,10,1,1,stimulusMovement,1,-0.8000385959943135,-0.2930516004562378,1,4.7005615234375,1,-0.6493182447221544,-0.31968986988067627,1,4.4677886962890625
15887.866,10,1,1,stimulusMovement,1,-0.7947504586643642,-0.2914292812347412,1,4.6793365478515625,1,-0.6430539025200738,-0.3320479393005371,1,4.417449951171875
15904.532,10,1,1,stimulusMovement,1,-0.8164554437001545,-0.30163151025772095,1,4.641357421875,1,-0.6312007109324137,-0.33364707231521606,1,4.4127960205078125
15921.199,10,1,1,stimulusMovement,1,-0.8014456894662645,-0.3200506567955017,1,4.7146453857421875,1,-0.6326648394266764,-0.3692011833190918,1,4.4752655029296875
15937.865,10,1,1,stimulusMovement,1,-0.7973639302783542,-0.3028373718261719,1,4.724029541015625,1,-0.6282228628794352,-0.3601037263870239,1,4.417633056640625
15954.531,10,1,1,stimulusMovement,1,-0.8164574702580769,-0.32184720039367676,1,4.630645751953125,1,-0.6251229180230035,-0.3460310697555542,1,4.4561004638671875
15971.198,10,1,1,stimulusMovement,1,-0.8073306348588731,-0.32513725757598877,1,4.6514129638671875,1,-0.6299387613932291,-0.37414419651031494,1,4.4607696533203125
15987.865,10,1,1,stimulusMovement,1,-0.7893344693713717,-0.32745063304901123,1,4.6450958251953125,1,-0.6324839062160915,-0.3615649938583374,1,4.439666748046875
16004.531,10,1,1,stimulusMovement,1,-0.781884577539232,-0.32501858472824097,1,4.7050018310546875,1,-0.6219338046179878,-0.3767396807670593,1,4.4160614013671875
16021.197,10,1,1,stimulusMovement,1,-0.7529365486568874,-0.3422554135322571,1,4.7545013427734375,1,-0.5965783331129285,-0.3818422555923462,1,4.4849090576171875
16037.864,10,1,1,stimulusMovement,1,-0.7840131123860676,-0.34553372859954834,1,4.662689208984375,1,-0.6190728346506754,-0.38212084770202637,1,4.4202728271484375
16054.53,10,1,1,stimulusMovement,1,-0.771599186791314,-0.3270016312599182,1,4.7508544921875,1,-0.6169239150153266,-0.3914726972579956,1,4.4165802001953125
16071.196,10,1,1,stimulusMovement,1,-0.780791958173116,-0.3463556170463562,1,4.655181884765625,1,-0.6192806031968858,-0.41774415969848633,1,4.43585205078125
16087.863,10,1,1,stimulusMovement,0,nan,nan,0,nan,1,-0.6045999526977539,-0.41620612144470215,1,4.4375762939453125
16104.529,10,1,1,stimulusMovement,1,-0.7912144131130642,-0.37625718116760254,1,4.67950439453125,1,-0.6041336854298909,-0.4228750467300415,1,4.445587158203125
16121.196,10,1,1,stimulusMovement,1,-0.7706148624420166,-0.36886781454086304,1,4.7026519775390625,1,-0.585476001103719,-0.4425673484802246,1,4.477020263671875
16137.862,10,1,1,stimulusMovement,1,-0.7739735047022501,-0.3605087399482727,1,4.7198486328125,1,-0.6285658942328559,-0.4250394105911255,1,4.4554443359375
16154.528,10,1,1,stimulusMovement,1,-0.7773517900043063,-0.409406840801239,1,4.6774139404296875,1,-0.6041126781039767,-0.4310868978500366,1,4.444183349609375
16171.195,10,1,1,stimulusMovement,1,-0.7954634692933824,-0.38906943798065186,1,4.5968170166015625,1,-0.6051194137997097,-0.4555196166038513,1,4.443267822265625
16187.861,10,1,1,stimulusMovement,1,-0.7888468371497259,-0.38551580905914307,1,4.68536376953125,1,-0.6120284928215874,-0.4564434289932251,1,4.44921875
16204.527,10,1,1,stimulusMovement,1,-0.7697296407487657,-0.3944573998451233,1,4.6820220947265625,1,-0.611618333392673,-0.454917311668396,1,4.409820556640625
16221.194,10,1,1,stimulusMovement,1,-0.7831301954057481,-0.3979122042655945,1,4.662384033203125,1,-0.6068074703216553,-0.4763141870498657,1,4.461700439453125
16237.861,10,1,1,stimulusMovement,1,-0.8027227719624836,-0.3936913013458252,1,4.61663818359375,1,-0.6026422712537977,-0.4521803855895996,1,4.4442596435546875
16254.527,10,1,1,stimulusMovement,1,-0.7765782144334581,-0.3986879587173462,1,4.6793365478515625,1,-0.6018316215938991,-0.46485066413879395,1,4.452484130859375
16271.193,10,1,1,stimulusMovement,1,-0.7812429865201314,-0.3918426036834717,1,4.67706298828125,1,-0.6203587320115831,-0.4471094608306885,1,4.4255218505859375
16287.86,10,1,1,stimulusMovement,1,-0.783729698922899,-0.39609187841415405,1,4.634857177734375,1,-0.6072864532470703,-0.4551849365234375,1,4.4686737060546875
16304.526,10,1,1,stimulusMovement,1,-0.7717574702368842,-0.3866685628890991,1,4.7161407470703125,1,-0.6258826785617404,-0.45233529806137085,1,4.4954681396484375
16321.192,10,1,1,stimulusMovement,1,-0.7863653235965304,-0.3977513909339905,1,4.6782684326171875,1,-0.6050558090209961,-0.46382832527160645,1,4.483245849609375
16337.859,10,1,1,stimulusMovement,1,-0.7770151032341851,-0.38529670238494873,1,4.716461181640625,1,-0.6068841086493598,-0.4547581672668457,1,4.4535369873046875
16354.525,10,1,1,stimulusMovement,1,-0.789361039797465,-0.3984135389328003,1,4.745758056640625,1,-0.6194376945495605,-0.4539530277252197,1,4.4985504150390625
16371.192,10,1,1,stimulusMovement,1,-0.7764133744769626,-0.37895989418029785,1,4.8373260498046875,1,-0.627529117796156,-0.4405611753463745,1,4.4948577880859375
16387.858,10,1,1,stimulusMovement,1,-0.7820816768540276,-0.3792453408241272,1,4.7517547607421875,1,-0.633644421895345,-0.4235790967941284,1,4.4670867919921875
16404.524,10,1,1,stimulusMovement,1,-0.8010657760832044,-0.34605294466018677,1,4.7466888427734375,1,-0.6130939854515923,-0.4058319330215454,1,4.542694091796875
16421.191,10,1,1,stimulusMovement,1,-0.7813551227251688,-0.34249162673950195,1,4.758819580078125,1,-0.6457236078050401,-0.4216707944869995,1,4.6011810302734375
16437.857,10,1,1,stimulusMovement,1,-0.7713599469926622,-0.3531005382537842,1,4.8166351318359375,1,-0.609856128692627,-0.4051017761230469,1,4.5482177734375
16454.523,10,1,1,stimulusMovement,1,-0.8015801509221394,-0.3615396022796631,1,4.7686004638671875,1,-0.6151217354668511,-0.4175247550010681,1,4.5693359375
16471.189,10,1,1,stimulusMovement,1,-0.7862828572591145,-0.33925020694732666,1,4.7327728271484375,1,-0.6129468282063801,-0.4220912456512451,1,4.511932373046875
16487.857,10,1,1,stimulusMovement,1,-0.7817375792397393,-0.3665974736213684,1,4.7697601318359375,1,-0.6246844927469889,-0.430173397064209,1,4.5647430419921875
16504.522,10,1,1,stimulusMovement,1,-0.7864697641796535,-0.37071263790130615,1,4.7096710205078125,1,-0.6110459168752034,-0.4258754253387451,1,4.5399169921875
16521.189,10,1,1,stimulusMovement,1,-0.7932664950688679,-0.36203157901763916,1,4.684295654296875,1,-0.6063238779703776,-0.439089834690094,1,4.524078369140625
16537.856,10,1,1,stimulusMovement,1,-0.8071165217293633,-0.36198556423187256,1,4.670440673828125,1,-0.6034488942888048,-0.418293833732605,1,4.506683349609375
16554.521,10,1,1,stimulusMovement,1,-0.7974788480334811,-0.366549015045166,1,4.66412353515625,1,-0.6069996092054578,-0.42087042331695557,1,4.4511871337890625
16571.188,10,1,1,stimulusMovement,1,-0.7862777312596638,-0.3663710355758667,1,4.6533203125,1,-0.607147905561659,-0.41745930910110474,1,4.518157958984375
16587.854,10,1,1,stimulusMovement,1,-0.794344425201416,-0.38284850120544434,1,4.64752197265625,1,-0.6297578281826443,-0.42649930715560913,1,4.4689483642578125
16604.52,10,1,1,stimulusMovement,1,-0.7904186381234063,-0.3620685935020447,1,4.643768310546875,1,-0.6056274573008219,-0.4131319522857666,1,4.482940673828125
16621.187,10,1,1,stimulusMovement,1,-0.7940080430772569,-0.37100404500961304,1,4.614349365234375,1,-0.6342759132385254,-0.4227410554885864,1,4.440704345703125
16637.854,10,1,1,stimulusMovement,1,-0.7928415603107876,-0.35650068521499634,1,4.619476318359375,1,-0.6245870590209961,-0.4400089979171753,1,4.483795166015625
16654.52,10,1,1,stimulusMovement,1,-0.7724611891640557,-0.3709433674812317,1,4.642608642578125,1,-0.6031279828813341,-0.4060707092285156,1,4.403228759765625
16671.186,10,1,1,stimulusMovement,1,-0.787062923113505,-0.372639536857605,1,4.61395263671875,1,-0.6226407157050239,-0.4266852140426636,1,4.4312744140625
16687.853,10,1,1,stimulusMovement,1,-0.7691249847412109,-0.37699568271636963,1,4.671142578125,1,-0.6263253158993191,-0.42223334312438965,1,4.3972015380859375
16704.518,10,1,1,stimulusMovement,1,-0.7857254876030816,-0.3566891551017761,1,4.617828369140625,1,-0.6063966221279568,-0.4255267381668091,1,4.4147186279296875
16721.185,10,1,1,stimulusMovement,1,-0.7801090478897095,-0.36747199296951294,1,4.58135986328125,1,-0.6013059086269802,-0.4345358610153198,1,4.4332275390625
16737.852,10,1,1,stimulusMovement,1,-0.787079460091061,-0.36839449405670166,1,4.5534515380859375,1,-0.6129137674967448,-0.43672531843185425,1,4.46673583984375
16754.518,10,1,1,stimulusMovement,1,-0.7828411526150173,-0.3666090965270996,1,4.5740814208984375,1,-0.6096058951483833,-0.44292712211608887,1,4.4026641845703125
16771.184,10,1,1,stimulusMovement,1,-0.7941189077165391,-0.3588181734085083,1,4.602752685546875,1,-0.6124624941084119,-0.4327791929244995,1,4.40203857421875
16787.851,10,1,1,stimulusMovement,1,-0.8115187221103244,-0.36039042472839355,1,4.5841522216796875,1,-0.6077608267466227,-0.42466503381729126,1,4.3857269287109375
16804.517,10,1,1,stimulusMovement,1,-0.8053380714522467,-0.35072267055511475,1,4.566253662109375,1,-0.6135141849517822,-0.4141063690185547,1,4.3743133544921875
16821.183,10,1,1,stimulusMovement,1,-0.805666446685791,-0.3639862537384033,1,4.583099365234375,1,-0.6156942049662272,-0.42811596393585205,1,4.387054443359375
16837.85,10,1,1,stimulusMovement,1,-0.7951242393917507,-0.3623313307762146,1,4.572021484375,1,-0.6318755944569905,-0.4396005868911743,1,4.400970458984375
16854.516,10,1,1,stimulusMovement,1,-0.7852563460667927,-0.3748512864112854,1,4.6291961669921875,1,-0.6345624128977457,-0.42385268211364746,1,4.3603973388671875
16871.183,10,1,1,stimulusMovement,1,-0.8006812466515435,-0.38360607624053955,1,4.5672149658203125,1,-0.6221878793504503,-0.4415760636329651,1,4.410308837890625
16887.849,10,1,1,stimulusMovement,1,-0.7930334011713663,-0.38178586959838867,1,4.5599822998046875,1,-0.6156327194637722,-0.432836651802063,1,4.38922119140625
16904.515,10,1,1,stimulusMovement,1,-0.7902156644397311,-0.3766831159591675,1,4.574188232421875,1,-0.6152478324042426,-0.4322265386581421,1,4.4571990966796875
16921.182,10,1,1,stimulusMovement,1,-0.8003374338150024,-0.34728604555130005,1,4.6309051513671875,1,-0.617102649476793,-0.4205548167228699,1,4.4029693603515625
16937.849,10,1,1,stimulusMovement,1,-0.7835929261313543,-0.3521568775177002,1,4.5817413330078125,1,-0.5928685665130615,-0.436362087726593,1,4.449432373046875
16954.514,10,1,1,stimulusMovement,1,-0.7622520658704969,-0.3692835569381714,1,4.645843505859375,1,-0.6027779579162598,-0.4115821123123169,1,4.427276611328125
16971.181,10,1,1,stimulusMovement,1,-0.7925077080726624,-0.36868220567703247,1,4.563995361328125,1,-0.6199527051713731,-0.43326956033706665,1,4.3827667236328125
16987.848,10,1,1,stimulusMovement,1,-0.7856815523571438,-0.37210404872894287,1,4.6374969482421875,1,-0.6127805709838867,-0.42998939752578735,1,4.3792724609375
17004.514,10,1,1,stimulusMovement,1,-0.7778594228956434,-0.34709739685058594,1,4.6273651123046875,1,-0.6198523044586182,-0.4259384870529175,1,4.36309814453125
17021.18,10,1,1,stimulusMovement,1,-0.7977745334307352,-0.3655831217765808,1,4.537139892578125,1,-0.613902833726671,-0.42828255891799927,1,4.3929443359375
17037.847,10,1,1,stimulusMovement,1,-0.7819229364395142,-0.35940074920654297,1,4.528717041015625,1,-0.612215624915229,-0.4280136823654175,1,4.389984130859375
17054.513,10,1,1,stimulusMovement,1,-0.7830382453070746,-0.3543696403503418,1,4.538543701171875,1,-0.6139430469936794,-0.4286026954650879,1,4.3556976318359375
17071.179,10,1,1,stimulusMovement,1,-0.7878571483823987,-0.35546398162841797,1,4.5262298583984375,1,-0.6075421174367268,-0.42018163204193115,1,4.3102264404296875
17087.846,10,1,1,stimulusMovement,1,-0.8032345705562167,-0.3625648021697998,1,4.498443603515625,1,-0.5972558127509223,-0.43248850107192993,1,4.3718719482421875
17104.511,10,1,1,stimulusMovement,1,-0.8013407588005066,-0.3610416650772095,1,4.4891510009765625,1,-0.6284868717193604,-0.449921190738678,1,4.34075927734375
17121.178,10,1,1,stimulusMovement,1,-0.7871274285846286,-0.35308635234832764,1,4.4579010009765625,1,-0.6144430637359619,-0.40980660915374756,1,4.2850494384765625
17137.845,10,1,1,stimulusMovement,1,-0.794266144434611,-0.3685571551322937,1,4.5005645751953125,1,-0.6118121676974826,-0.43080878257751465,1,4.2928466796875
17154.511,10,1,1,stimulusMovement,1,-0.7890788316726685,-0.3785073757171631,1,4.5146942138671875,1,-0.6088156435224744,-0.45289021730422974,1,4.3031463623046875
17171.177,10,1,1,stimulusMovement,1,-0.8034039338429768,-0.3793565034866333,1,4.4624786376953125,1,-0.6139970090654161,-0.4211863875389099,1,4.2515411376953125
17187.844,10,1,1,stimulusMovement,1,-0.7927770482169256,-0.3497285842895508,1,4.473052978515625,1,-0.6119465033213297,-0.4302026033401489,1,4.247802734375
17204.51,10,1,1,stimulusMovement,1,-0.7708588043848673,-0.3507266640663147,1,4.4616546630859375,1,-0.6071224212646484,-0.4356729984283447,1,4.2542724609375
17221.176,10,1,1,stimulusMovement,1,-0.7824916773372226,-0.3701993227005005,1,4.45037841796875,1,-0.6142382886674669,-0.42916131019592285,1,4.2392578125
17237.843,10,1,1,stimulusMovement,1,-0.7960862119992573,-0.3761371374130249,1,4.41412353515625,1,-0.6024003293779161,-0.4344533681869507,1,4.262908935546875
17254.509,10,1,1,stimulusMovement,1,-0.7872530751758151,-0.38563406467437744,1,4.4105987548828125,1,-0.6258698304494221,-0.43581902980804443,1,4.2343292236328125
17271.175,10,1,1,stimulusMovement,1,-0.7902732557720608,-0.368537962436676,1,4.421142578125,1,-0.602719333436754,-0.43073058128356934,1,4.2073516845703125
17287.842,10,1,1,stimulusMovement,1,-0.7874685525894165,-0.36895525455474854,1,4.3938446044921875,1,-0.6157013045416938,-0.43090206384658813,1,4.211883544921875
17304.508,10,1,1,stimulusMovement,1,-0.7937612930933634,-0.35884058475494385,1,4.395721435546875,1,-0.611903190612793,-0.45499348640441895,1,4.2135009765625
17321.174,10,1,1,stimulusMovement,1,-0.7911829153696696,-0.3680647611618042,1,4.3647918701171875,1,-0.6156597932179768,-0.4303509593009949,1,4.210174560546875
17337.841,10,1,1,stimulusMovement,1,-0.7806773848003811,-0.3634043335914612,1,4.393707275390625,1,-0.6245010164048936,-0.44020402431488037,1,4.2081451416015625
17354.507,10,1,1,stimulusMovement,1,-0.7893988688786824,-0.3535858988761902,1,4.3970184326171875,1,-0.6067844761742486,-0.445254921913147,1,4.2103118896484375
17371.173,10,1,1,stimulusMovement,1,-0.7949322594536675,-0.3669939637184143,1,4.3176116943359375,1,-0.6173053317599826,-0.45149242877960205,1,4.1852569580078125
17387.84,10,1,1,stimulusMovement,1,-0.8015702830420599,-0.37235718965530396,1,4.327117919921875,1,-0.6184492376115587,-0.4454982280731201,1,4.2016448974609375
17404.506,10,1,1,stimulusMovement,1,-0.8011812501483493,-0.3695322275161743,1,4.3115386962890625,1,-0.6048888630337185,-0.429931104183197,1,4.22235107421875
17421.172,10,1,1,stimulusMovement,1,-0.7883368730545044,-0.3604937791824341,1,4.35406494140625,1,-0.6000500255160861,-0.4492532014846802,1,4.1837615966796875
17437.839,10,1,1,stimulusMovement,1,-0.7866743604342142,-0.37418031692504883,1,4.3410797119140625,1,-0.6064991156260172,-0.4315913915634155,1,4.2115478515625
17454.505,10,1,1,stimulusMovement,1,-0.772600942187839,-0.37505996227264404,1,4.34124755859375,1,-0.6134812037150065,-0.430453896522522,1,4.1736602783203125
17471.171,10,1,1,stimulusMovement,1,-0.7885419593916998,-0.3647054433822632,1,4.349639892578125,1,-0.6041979259914821,-0.4197583794593811,1,4.186859130859375
17487.838,10,1,1,stimulusMovement,1,-0.7772513230641682,-0.3827275037765503,1,4.3137664794921875,1,-0.5927228662702771,-0.4601784348487854,1,4.1887054443359375
17504.503,10,1,1,stimulusMovement,1,-0.766404390335083,-0.36819082498550415,1,4.312103271484375,0,nan,nan,0,nan
17521.17,10,1,1,fixation,1,-0.7957955996195475,-0.37784290313720703,1,4.3182830810546875,1,-0.6174906094868977,-0.41706383228302,1,4.1917724609375
17537.837,10,1,1,fixation,1,-0.7945111857520208,-0.38854074478149414,1,4.36102294921875,0,nan,nan,0,nan
17554.503,10,1,1,fixation,1,-0.810549689663781,-0.3660721778869629,1,4.1042327880859375,1,-0.6197650697496202,-0.4111167788505554,1,3.91131591796875
17571.169,10,1,1,fixation,0,nan,nan,0,nan,0,nan,nan,0,nan
17587.836,10,1,1,fixation,1,-0.7929309209187825,-0.3548879623413086,1,4.3310546875,1,-0.6160336865319146,-0.4269595742225647,1,4.1282196044921875
17604.501,10,1,1,fixation,1,-0.8139105041821797,-0.36250239610671997,1,4.1096954345703125,1,-0.6279028256734211,-0.417449951171875,1,3.9091339111328125
17621.168,10,1,1,fixation,0,nan,nan,0,nan,0,nan,nan,0,nan
17637.835,10,1,1,fixation,1,-0.789447718196445,-0.37804388999938965,1,4.329833984375,1,-0.6185265911950005,-0.4130157232284546,1,4.12139892578125
17654.501,10,1,1,fixation,1,-0.8112792836295233,-0.3593443036079407,1,4.1199951171875,1,-0.6242972215016682,-0.41698575019836426,1,3.9086456298828125
17671.167,10,1,1,fixation,0,nan,nan,0,nan,0,nan,nan,0,nan
17687.834,10,1,1,fixation,1,-0.7723076608445909,-0.3644193410873413,1,4.3627166748046875,1,-0.6064272986518012,-0.4302924871444702,1,4.1571807861328125
17704.499,10,1,1,fixation,1,-0.8071572780609131,-0.362785279750824,1,4.141143798828125,1,-0.6230342123243543,-0.4197779893875122,1,3.92645263671875
17721.166,10,1,1,fixation,0,nan,nan,0,nan,0,nan,nan,0,nan
17737.833,10,1,1,fixation,1,-0.7915239267879062,-0.3655160069465637,1,4.371917724609375,1,-0.6197485658857557,-0.4273979663848877,1,4.1623687744140625
17754.498,10,1,1,fixation,1,-0.8051976362864176,-0.3627537488937378,1,4.1640777587890625,1,-0.625189569261339,-0.41805601119995117,1,3.94744873046875
17771.165,10,1,1,fixation,0,nan,nan,0,nan,0,nan,nan,0,nan
17787.832,10,1,1,fixation,1,-0.7877737681070963,-0.36083984375,1,4.4072113037109375,1,-0.5975120067596436,-0.42702019214630127,1,4.2155303955078125
17804.497,10,1,1,fixation,1,-0.8035552899042765,-0.36191290616989136,1,4.2017364501953125,1,-0.6234841611650255,-0.4200785160064697,1,3.9709014892578125
17821.164,10,1,1,fixation,0,nan,nan,0,nan,0,nan,nan,0,nan
17837.831,10,1,1,fixation,1,-0.7881605757607354,-0.3713582158088684,1,4.4887542724609375,1,-0.6195247173309326,-0.41716134548187256,1,4.1729888916015625
17854.496,10,1,1,fixation,1,-0.8089451458719041,-0.36907243728637695,1,4.2336273193359375,1,-0.6269468731350368,-0.4205738306045532,1,3.9974212646484375
17871.163,10,1,1,fixation,0,nan,nan,0,nan,0,nan,nan,0,nan
17887.829,10,1,1,fixation,1,-0.7724574406941731,-0.3694514036178589,1,4.470001220703125,1,-0.6269610193040636,-0.43219608068466187,1,4.262603759765625
17904.495,10,1,1,fixation,1,-0.801932950814565,-0.3715706467628479,1,4.2705841064453125,1,-0.625053882598877,-0.42223769426345825,1,4.0374603271484375
17921.162,10,1,1,fixation,0,nan,nan,0,nan,0,nan,nan,0,nan
17937.828,10,1,1,fixation,1,-0.7555661466386583,-0.36630094051361084,1,4.5699920654296875,1,-0.6025242540571424,-0.42026281356811523,1,4.2762908935546875
17954.494,10,1,1,fixation,1,-0.8033111492792765,-0.3703305721282959,1,4.31005859375,1,-0.6283771197001139,-0.42163193225860596,1,4.07708740234375
17971.161,10,1,1,fixation,0,nan,nan,0,nan,0,nan,nan,0,nan
17987.827,10,1,1,fixation,1,-0.782968282699585,-0.3711540699005127,1,4.547393798828125,1,-0.6222956975301106,-0.4100327491760254,1,4.3205718994140625
18004.493,10,1,1,fixation,1,-0.8005259103245205,-0.37388134002685547,1,4.3499908447265625,1,-0.6270630889468722,-0.41767263412475586,1,4.118072509765625
18021.159,10,1,1,fixation,0,nan,nan,0,nan,0,nan,nan,0,nan
18037.826,10,1,1,fixation,1,-0.7832809554206,-0.3760037422180176,1,4.59912109375,1,-0.6168578730689155,-0.4176703691482544,1,4.3499908447265625
18054.492,10,1,1,fixation,1,-0.8002351654900445,-0.3727991580963135,1,4.382843017578125,1,-0.6247018178304036,-0.4142325520515442,1,4.152618408203125
18071.159,10,1,1,fixation,0,nan,nan,0,nan,0,nan,nan,0,nan
18087.825,10,1,1,fixation,1,-0.7768070962693956,-0.37683433294296265,1,4.672943115234375,1,-0.6342216597663032,-0.417812705039978,1,4.399688720703125
18104.491,10,1,1,fixation,1,-0.8049253688918219,-0.368977427482605,1,4.403900146484375,1,-0.6246845192379421,-0.41471898555755615,1,4.1767730712890625
18121.157,10,1,1,fixation,0,nan,nan,0,nan,0,nan,nan,0,nan
18137.824,10,1,1,fixation,1,-0.7850697702831692,-0.3661155700683594,1,4.63226318359375,1,-0.6010792255401611,-0.41705405712127686,1,4.4173126220703125
18154.489,10,1,1,fixation,1,-0.7996597422493829,-0.3694082498550415,1,4.423858642578125,1,-0.6224584049648708,-0.4135570526123047,1,4.1985626220703125
18171.156,10,1,1,fixation,0,nan,nan,0,nan,0,nan,nan,0,nan
18187.823,10,1,1,fixation,1,-0.7695811854468452,-0.3465031385421753,1,4.66790771484375,1,-0.6305375629001193,-0.4292161464691162,1,4.4290008544921875
18204.489,10,1,1,fixation,1,-0.7996502055062188,-0.36716389656066895,1,4.435516357421875,1,-0.6216190656026204,-0.41388553380966187,1,4.2147216796875
18221.155,10,1,1,fixation,0,nan,nan,0,nan,0,nan,nan,0,nan
18237.822,10,1,1,fixation,1,-0.7437622547149658,-0.3664897084236145,1,4.7263641357421875,1,-0.5905821588304307,-0.42721545696258545,1,4.4882354736328125
18254.487,10,1,1,fixation,1,-0.7954975499047173,-0.3654259443283081,1,4.4496612548828125,1,-0.6230857107374402,-0.41385388374328613,1,4.2268524169921875
18271.154,10,1,1,fixation,0,nan,nan,0,nan,0,nan,nan,0,nan
18287.821,10,1,1,fixation,1,-0.7654907041125827,-0.37848180532455444,1,4.6916046142578125,1,-0.6161852412753634,-0.42201805114746094,1,4.4321746826171875
18304.486,10,1,1,fixation,1,-0.8019809457990857,-0.36685711145401,1,4.456268310546875,1,-0.6201101409064399,-0.4154585599899292,1,4.2413482666015625
18321.153,10,1,1,fixation,0,nan,nan,0,nan,0,nan,nan,0,nan
18337.819,10,1,1,fixation,1,-0.7774238851335313,-0.35927367210388184,1,4.706817626953125,1,-0.6196663909488254,-0.43249160051345825,1,4.454864501953125
18354.485,10,1,1,fixation,1,-0.7959957122802734,-0.3648058772087097,1,4.465545654296875,1,-0.6165916124979655,-0.41830873489379883,1,4.251556396484375
18371.152,10,1,1,fixation,0,nan,nan,0,nan,0,nan,nan,0,nan
18387.818,10,1,1,fixation,1,-0.7640977833006116,-0.37305593490600586,1,4.704254150390625,1,-0.6057604153951008,-0.43106675148010254,1,4.4505462646484375
18404.484,10,1,1,fixation,1,-0.8007498913341098,-0.3708838224411011,1,4.4697418212890625,1,-0.621772050857544,-0.4231388568878174,1,4.253265380859375
18421.151,10,1,1,fixation,0,nan,nan,0,nan,0,nan,nan,0,nan
18437.817,10,1,1,fixation,1,-0.7651747465133667,-0.3464779853820801,1,4.7123260498046875,1,-0.6170312563578287,-0.41900408267974854,1,4.43878173828125
18454.483,10,1,1,fixation,1,-0.7621986865997314,-0.36249423027038574,1,4.46990966796875,1,-0.5654324425591363,-0.43237578868865967,1,4.2557220458984375
18471.149,10,1,1,fixation,0,nan,nan,0,nan,0,nan,nan,0,nan
18487.816,10,1,1,fixation,1,-0.31878603829277885,-0.36145496368408203,1,4.70751953125,1,-0.11603318320380317,-0.4122766852378845,1,4.5443267822265625
18504.481,10,1,1,fixation,1,-0.16739421420627168,-0.42075490951538086,1,4.3543701171875,1,0.06301159328884548,-0.5407208204269409,1,4.0380096435546875
18521.148,10,1,1,fixation,0,nan,nan,0,nan,0,nan,nan,0,nan
18537.815,10,1,1,fixation,0,nan,nan,0,nan,0,nan,nan,0,nan
18554.48,10,1,1,fixation,1,0.29363007015652126,-0.45578813552856445,1,4.2460784912109375,1,0.5290257136027018,-0.5350240468978882,1,4.113372802734375
18571.147,10,1,1,fixation,0,nan,nan,0,nan,0,nan,nan,0,nan
18587.814,10,1,1,fixation,0,nan,nan,0,nan,0,nan,nan,0,nan
18604.479,10,1,1,fixation,1,0.36564095815022785,-0.3752060532569885,1,4.5348358154296875,1,0.5661703745524088,-0.46523797512054443,1,4.281036376953125
18621.146,10,1,1,fixation,0,nan,nan,0,nan,0,nan,nan,0,nan
18637.812,10,1,1,fixation,1,0.2046169704861111,-0.45872193574905396,1,4.4651336669921875,1,0.6170288721720377,-0.46976274251937866,1,4.5377960205078125
18654.478,10,1,1,stimulusMovement,1,0.369734870062934,-0.3731798529624939,1,4.5454559326171875,1,0.5753353966606988,-0.4665030837059021,1,4.29052734375
18671.144,10,1,1,stimulusMovement,0,nan,nan,0,nan,0,nan,nan,0,nan
18687.811,10,1,1,stimulusMovement,1,0.2826529608832465,-0.4381389617919922,1,4.548980712890625,0,nan,nan,0,nan
18704.477,10,1,1,stimulusMovement,1,0.291532728407118,-0.44036710262298584,1,4.5914459228515625,0,nan,nan,0,nan
18721.143,10,1,1,stimulusMovement,1,0.31344625684950084,-0.4385412335395813,1,4.6057891845703125,1,0.620591057671441,-0.4489222764968872,1,4.5276641845703125
18737.81,10,1,1,stimulusMovement,1,0.3362240261501736,-0.4320427179336548,1,4.5844573974609375,1,0.6124677658081055,-0.4516490697860718,1,4.4975738525390625
18754.476,10,1,1,stimulusMovement,1,0.34942181905110675,-0.422568678855896,1,4.6136932373046875,1,0.6346897549099392,-0.45851564407348633,1,4.544647216796875
18771.142,10,1,1,stimulusMovement,1,0.3624156316121419,-0.42282962799072266,1,4.6446380615234375,1,0.6080689960055881,-0.4554687738418579,1,4.519866943359375
18787.809,10,1,1,stimulusMovement,1,0.40377532111273867,-0.445676326751709,1,4.550567626953125,1,0.6216107474433051,-0.47267550230026245,1,4.4711456298828125
18804.474,10,1,1,stimulusMovement,1,0.3942065768771701,-0.4026012420654297,1,4.584136962890625,1,0.6247314876980251,-0.46894216537475586,1,4.460052490234375
18821.141,10,1,1,stimulusMovement,1,0.39930131700303817,-0.40809303522109985,1,4.5906219482421875,1,0.6159534454345703,-0.46872806549072266,1,4.470001220703125
18837.808,10,1,1,stimulusMovement,1,0.4165155622694227,-0.4204486608505249,1,4.5947113037109375,1,0.6243207719590929,-0.4590967297554016,1,4.4356689453125
18854.473,10,1,1,stimulusMovement,1,0.4328100416395399,-0.4216654300689697,1,4.5971832275390625,1,0.6255127588907877,-0.4555066227912903,1,4.4015960693359375
18871.14,10,1,1,stimulusMovement,1,0.447524176703559,-0.42649686336517334,1,4.5777587890625,1,0.6196602715386285,-0.4749927520751953,1,4.4097747802734375
18887.806,10,1,1,stimulusMovement,1,0.43964989980061847,-0.41386711597442627,1,4.5869140625,1,0.609069718254937,-0.4719446301460266,1,4.3641510009765625
18904.472,10,1,1,stimulusMovement,1,0.585099114312066,-0.48369067907333374,1,4.4416656494140625,1,0.827074474758572,-0.5407143831253052,1,4.3068389892578125
18921.138,10,1,1,stimulusMovement,1,0.6936480204264323,-0.5535056591033936,1,4.2966766357421875,0,nan,nan,0,nan
18937.805,10,1,1,stimulusMovement,1,0.7154710557725694,-0.5538082122802734,1,4.3252105712890625,1,1.0667427910698783,-0.6948996782302856,1,4.154510498046875
18954.471,10,1,1,stimulusMovement,1,0.7409084108140733,-0.5548218488693237,1,4.3115234375,1,1.0657405853271484,-0.645494818687439,1,4.2772064208984375
18971.137,10,1,1,stimulusMovement,1,0.7592573165893555,-0.5570590496063232,1,4.332000732421875,1,1.054885016547309,-0.6466512680053711,1,4.318389892578125
18987.804,10,1,1,stimulusMovement,1,0.7701829274495442,-0.5609258413314819,1,4.3698883056640625,1,1.0757353040907118,-0.6450176239013672,1,4.291290283203125
19004.469,10,1,1,stimulusMovement,1,0.7927366892496744,-0.5624622106552124,1,4.367218017578125,1,1.063099119398329,-0.6425988674163818,1,4.2663726806640625
19021.136,10,1,1,stimulusMovement,1,0.7921333312988281,-0.5638015270233154,1,4.4079437255859375,1,1.0342703925238714,-0.6518388986587524,1,4.2889862060546875
19037.802,10,1,1,stimulusMovement,1,0.8302425808376735,-0.5659089088439941,1,4.4079437255859375,1,1.0355758666992188,-0.6459943056106567,1,4.2535400390625
19054.468,10,1,1,stimulusMovement,1,0.8268073399861653,-0.5772804021835327,1,4.420013427734375,1,1.0583229064941406,-0.6400055885314941,1,4.2907562255859375
19071.135,10,1,1,stimulusMovement,1,0.820919460720486,-0.5484111309051514,1,4.46575927734375,1,1.0677443610297308,-0.6435040235519409,1,4.2505645751953125
19087.801,10,1,1,stimulusMovement,1,0.8357533348931206,-0.563740611076355,1,4.4219512939453125,1,1.0609397888183594,-0.6435033082962036,1,4.275238037109375
19104.467,10,1,1,stimulusMovement,1,0.8470019234551324,-0.5488917827606201,1,4.4417877197265625,0,nan,nan,0,nan
19121.133,10,1,1,stimulusMovement,1,0.8601756625705295,-0.5685244798660278,1,4.5224456787109375,1,1.0579516092936196,-0.6497681140899658,1,4.2834014892578125
19137.8,10,1,1,stimulusMovement,1,0.8543143802218967,-0.5472398996353149,1,4.5015411376953125,1,1.0546701219346788,-0.6504936218261719,1,4.29144287109375
19154.466,10,1,1,stimulusMovement,1,0.8743489583333333,-0.5513608455657959,1,4.502166748046875,1,1.043247858683268,-0.651090145111084,1,4.3218841552734375
19171.132,10,1,1,stimulusMovement,1,0.8716569476657443,-0.5618668794631958,1,4.5218963623046875,1,1.0301746792263455,-0.6411832571029663,1,4.289581298828125
19187.799,10,1,1,stimulusMovement,1,0.8724524180094401,-0.5478984117507935,1,4.4839630126953125,0,nan,nan,0,nan
19204.464,10,1,1,stimulusMovement,1,0.884995354546441,-0.557296872138977,1,4.5180816650390625,1,1.0276107788085938,-0.6520791053771973,1,4.3357696533203125
19221.131,10,1,1,stimulusMovement,1,0.8872494167751735,-0.5789278745651245,1,4.587646484375,1,1.071862114800347,-0.7302144765853882,1,4.1774444580078125
19237.797,10,1,1,stimulusMovement,1,0.9014373355441623,-0.5658559799194336,1,4.526031494140625,1,1.0428407457139757,-0.631763219833374,1,4.3971710205078125
19254.463,10,1,1,stimulusMovement,1,0.9377587636311848,-0.5668787956237793,1,4.6162109375,1,0.9996592203776041,-0.6680303812026978,1,4.40032958984375
19271.13,10,1,1,stimulusMovement,0,nan,nan,0,nan,1,1.0683076646592882,-0.5882823467254639,1,4.4112396240234375
19287.796,10,1,1,stimulusMovement,1,0.9110162523057725,-0.5211282968521118,1,4.66217041015625,1,1.0759173499213324,-0.5981779098510742,1,4.440032958984375
19304.462,10,1,1,stimulusMovement,0,nan,nan,0,nan,1,1.089960945977105,-0.566415548324585,1,4.4167022705078125
19321.128,10,1,1,stimulusMovement,1,0.9523752000596788,-0.5155999660491943,1,4.6542510986328125,1,1.079331080118815,-0.5732822418212891,1,4.4850616455078125
19337.795,10,1,1,stimulusMovement,1,0.9030587938096788,-0.47348570823669434,1,4.6151123046875,1,1.0750952826605902,-0.5829838514328003,1,4.482696533203125
19354.46,10,1,1,stimulusMovement,0,nan,nan,0,nan,1,1.071433597140842,-0.5526307821273804,1,4.5227203369140625
19371.127,10,1,1,stimulusMovement,1,0.9473995632595485,-0.4895527958869934,1,4.6873016357421875,1,1.0837258232964408,-0.5829460620880127,1,4.4978179931640625
19387.793,10,1,1,stimulusMovement,1,0.8961902194552951,-0.4956805109977722,1,4.671295166015625,1,1.0841861300998263,-0.5856215953826904,1,4.4987335205078125
19404.459,10,1,1,stimulusMovement,1,0.9672181871202257,-0.5023114681243896,1,4.7418060302734375,1,1.1158845689561632,-0.582085132598877,1,4.4841156005859375
19421.126,10,1,1,stimulusMovement,1,0.9234415690104166,-0.508858323097229,1,4.67779541015625,1,1.0732296837700737,-0.6019008159637451,1,4.5062255859375
19437.793,10,1,1,stimulusMovement,1,0.596361584133572,-0.4722682237625122,1,4.6795501708984375,1,0.8227526346842448,-0.5486841201782227,1,4.51531982421875
19454.459,10,1,1,stimulusMovement,1,0.30675262875027126,-0.4622575044631958,1,4.5906524658203125,1,0.5437824461195204,-0.5287468433380127,1,4.5133056640625
19471.126,10,1,1,stimulusMovement,1,0.06469154357910156,-0.47636330127716064,1,4.63006591796875,1,0.26489226023356116,-0.4624178409576416,1,4.655181884765625
19487.793,10,1,1,stimulusMovement,1,-0.21115297741360134,-0.4730207920074463,1,4.6208038330078125,1,-0.030230363210042317,-0.49575626850128174,1,4.7325439453125
19504.459,10,1,1,stimulusMovement,1,-0.3821808497111002,-0.45837825536727905,1,4.6007843017578125,1,-0.260255495707194,-0.4784056544303894,1,4.7852020263671875
19521.126,10,1,1,stimulusMovement,1,-0.43968963623046875,-0.44590020179748535,1,4.6046142578125,1,-0.331167115105523,-0.48513054847717285,1,4.7258758544921875
19537.793,10,1,1,stimulusMovement,1,-0.4292824003431532,-0.43790650367736816,1,4.673187255859375,1,-0.34323962529500324,-0.5081992149353027,1,4.80853271484375
19554.459,10,1,1,stimulusMovement,1,-0.4090010325113932,-0.465193510055542,1,4.6974029541015625,1,-0.3525262938605414,-0.4919489026069641,1,4.7570343017578125
19571.126,10,1,1,stimulusMovement,1,-0.4454820421006944,-0.4545785188674927,1,4.6439056396484375,1,-0.37565453847249347,-0.4919607639312744,1,4.8667144775390625
19587.793,10,1,1,stimulusMovement,1,-0.43315511279635954,-0.4519801139831543,1,4.67266845703125,1,-0.38947147793240017,-0.48910635709762573,1,4.878387451171875
19604.459,10,1,1,stimulusMovement,1,-0.4536511103312174,-0.45540153980255127,1,4.655914306640625,1,-0.4070677227444119,-0.491129994392395,1,4.916168212890625
19621.126,10,1,1,stimulusMovement,1,-0.4350806872049967,-0.47739332914352417,1,4.7387237548828125,1,-0.3534719149271647,-0.5040979385375977,1,4.8006591796875
19637.793,10,1,1,stimulusMovement,1,-0.44321340984768337,-0.46069061756134033,1,4.7424163818359375,0,nan,nan,0,nan
19654.459,10,1,1,stimulusMovement,1,-0.4551215171813965,-0.43718600273132324,1,4.7620086669921875,1,-0.3355710771348741,-0.5038988590240479,1,4.8034210205078125
19671.126,10,1,1,stimulusMovement,1,-0.4677858352661133,-0.4573674201965332,1,4.6848602294921875,1,-0.3804808722601996,-0.46657299995422363,1,4.9593505859375
19687.793,10,1,1,stimulusMovement,1,-0.4410820007324219,-0.44627058506011963,1,4.7252197265625,1,-0.3103119532267252,-0.4694223999977112,1,4.7986297607421875
19704.459,10,1,1,stimulusMovement,1,-0.4476389620039198,-0.4480098485946655,1,4.7245025634765625,1,-0.37551503711276585,-0.47267210483551025,1,4.8724365234375
19721.126,10,1,1,stimulusMovement,1,-0.45281298955281574,-0.45206308364868164,1,4.691864013671875,1,-0.37272829479641384,-0.5038163661956787,1,4.912872314453125
19737.793,10,1,1,stimulusMovement,1,-0.4576368861728244,-0.44288402795791626,1,4.715179443359375,0,nan,nan,0,nan
19754.459,10,1,1,stimulusMovement,1,-0.6280824873182508,-0.37015724182128906,1,4.7526397705078125,1,-0.5459113915761311,-0.4310447573661804,1,4.7765350341796875
19771.126,10,1,1,stimulusMovement,1,-0.7555555370118883,-0.3314359188079834,1,4.7452545166015625,1,-0.60147582160102,-0.4189502000808716,1,4.719268798828125
19787.793,10,1,1,stimulusMovement,1,-0.7574750317467583,-0.3273835778236389,1,4.7022247314453125,1,-0.6334878868526882,-0.4301823377609253,1,4.6748199462890625
19804.459,10,1,1,stimulusMovement,1,-0.7624571058485242,-0.3368568420410156,1,4.6733551025390625,1,-0.6476524670918782,-0.40203773975372314,1,4.655120849609375
19821.126,10,1,1,stimulusMovement,1,-0.7228494617674085,-0.3346794843673706,1,4.760986328125,1,-0.6248033046722412,-0.4277389645576477,1,4.7820281982421875
19837.793,10,1,1,stimulusMovement,1,-0.7480729156070285,-0.3284739851951599,1,4.65570068359375,1,-0.6420584519704182,-0.4462284445762634,1,4.7420806884765625
19854.459,10,1,1,stimulusMovement,1,-0.7545178996192085,-0.35779136419296265,1,4.6606597900390625,1,-0.6227751837836372,-0.4643794298171997,1,4.8673553466796875
19871.126,10,1,1,stimulusMovement,1,-0.7430235809750027,-0.31760668754577637,1,4.6533966064453125,1,-0.6827967166900635,-0.39856797456741333,1,4.6953277587890625
19887.793,10,1,1,stimulusMovement,1,-0.7656667762332492,-0.3351346254348755,1,4.5880279541015625,1,-0.6765740844938489,-0.4135773181915283,1,4.7267608642578125
19904.459,10,1,1,stimulusMovement,1,-0.7395292388068305,-0.3257458806037903,1,4.644317626953125,0,nan,nan,0,nan
19921.126,10,1,1,stimulusMovement,1,-0.7684201134575738,-0.33909738063812256,1,4.5926971435546875,1,-0.6904464032914903,-0.39996224641799927,1,4.64447021484375
19937.793,10,1,1,stimulusMovement,1,-0.7565409739812214,-0.3243750333786011,1,4.616485595703125,0,nan,nan,0,nan
19954.459,10,1,1,stimulusMovement,1,-0.7677516672346326,-0.3345513343811035,1,4.601898193359375,0,nan,nan,0,nan
19971.126,10,1,1,stimulusMovement,1,-0.7492867178387111,-0.33505332469940186,1,4.6687164306640625,1,-0.6704816818237305,-0.40667271614074707,1,4.4611968994140625
19987.793,10,1,1,stimulusMovement,1,-0.7541826036241319,-0.3441275954246521,1,4.6527862548828125,0,nan,nan,0,nan
20004.459,10,1,1,stimulusMovement,1,-0.7557568815019395,-0.32775986194610596,1,4.706085205078125,0,nan,nan,0,nan
20021.126,10,1,1,stimulusMovement,1,-0.7630964782502916,-0.33873796463012695,1,4.6226959228515625,0,nan,nan,0,nan
20037.793,10,1,1,stimulusMovement,1,-0.7601692808998955,-0.3377119302749634,1,4.60308837890625,0,nan,nan,0,nan
20054.459,10,1,1,stimulusMovement,1,-0.7647061612870958,-0.3320791721343994,1,4.6459197998046875,0,nan,nan,0,nan
20071.126,10,1,1,stimulusMovement,1,-0.7815764480166965,-0.3542802929878235,1,4.5744476318359375,0,nan,nan,0,nan
20087.793,10,1,1,stimulusMovement,1,-0.7633946869108411,-0.35677874088287354,1,4.5872039794921875,1,-0.6443699465857612,-0.41095441579818726,1,4.440521240234375
20104.459,10,1,1,stimulusMovement,1,-0.760641058286031,-0.3468681573867798,1,4.602203369140625,1,-0.6636697716183132,-0.39825010299682617,1,4.4485321044921875
20121.126,10,1,1,stimulusMovement,1,-0.770733528667026,-0.3548555374145508,1,4.553985595703125,0,nan,nan,0,nan
20137.793,10,1,1,stimulusMovement,1,-0.7650927040312024,-0.3592987060546875,1,4.543609619140625,0,nan,nan,0,nan
20154.459,10,1,1,stimulusMovement,1,-0.7608151038487752,-0.34287911653518677,1,4.5988616943359375,1,-0.6663193172878689,-0.38926631212234497,1,4.521484375
20171.126,10,1,1,stimulusMovement,1,-0.7578179041544596,-0.3303110599517822,1,4.6389007568359375,1,-0.6446506712171766,-0.39333927631378174,1,4.391082763671875
20187.793,10,1,1,stimulusMovement,1,-0.7637792693244086,-0.35278773307800293,1,4.6203765869140625,1,-0.6385214593675401,-0.33982425928115845,1,4.47442626953125
20204.459,10,1,1,stimulusMovement,1,-0.764926618999905,-0.3549860715866089,1,4.56689453125,1,-0.6310480965508355,-0.3922027349472046,1,4.36956787109375
20221.126,10,1,1,stimulusMovement,1,-0.7670814990997314,-0.35111433267593384,1,4.542938232421875,1,-0.6339769098493787,-0.344568133354187,1,4.5724029541015625
20237.793,10,1,1,stimulusMovement,1,-0.7831517590416802,-0.3779589533805847,1,4.5182037353515625,1,-0.663464175330268,-0.3571513891220093,1,4.44927978515625
20254.459,10,1,1,stimulusMovement,1,-0.763555818133884,-0.3578805923461914,1,4.572906494140625,1,-0.6505645645989312,-0.3612089157104492,1,4.4639892578125
20271.126,10,1,1,stimulusMovement,1,-0.7611662016974555,-0.35374128818511963,1,4.5914306640625,1,-0.6410117944081624,-0.3655177354812622,1,4.4957427978515625
20287.793,10,1,1,stimulusMovement,1,-0.7701592180464002,-0.34691381454467773,1,4.67822265625,1,-0.6379247241550021,-0.3648872971534729,1,4.475799560546875
20304.459,10,1,1,stimulusMovement,1,-0.7543185684416028,-0.3386179208755493,1,4.6241302490234375,1,-0.6435409386952717,-0.3724496364593506,1,4.4129486083984375
20321.126,10,1,1,stimulusMovement,1,-0.7658744917975532,-0.3534507155418396,1,4.6380462646484375,1,-0.6499971548716227,-0.3408961892127991,1,4.4903411865234375
20337.793,10,1,1,stimulusMovement,1,-0.7766551309161716,-0.35605454444885254,1,4.5702972412109375,1,-0.5795700550079346,-0.3489987850189209,1,4.4928741455078125
20354.459,10,1,1,stimulusMovement,1,-0.7503083944320679,-0.3465569019317627,1,4.6651458740234375,1,-0.6366620593600802,-0.36128830909729004,1,4.489959716796875
20371.126,10,1,1,stimulusMovement,1,-0.7195531262291802,-0.35772180557250977,1,4.7385101318359375,1,-0.6313810613420274,-0.3934212923049927,1,4.38116455078125
20387.793,10,1,1,stimulusMovement,1,-0.7464343971676296,-0.3449416160583496,1,4.6232452392578125,1,-0.6413241492377387,-0.3613277077674866,1,4.44873046875
20404.459,10,1,1,stimulusMovement,1,-0.7706132729848225,-0.3680776357650757,1,4.583770751953125,1,-0.6136364142100016,-0.4102556109428406,1,4.3664093017578125
20421.127,10,1,1,stimulusMovement,1,-0.7640044821633233,-0.35966646671295166,1,4.5884246826171875,1,-0.640561474694146,-0.37154197692871094,1,4.4335479736328125
20437.794,10,1,1,stimulusMovement,1,-0.7580383353763156,-0.35265278816223145,1,4.5767822265625,1,-0.6292813354068332,-0.3662186861038208,1,4.4947357177734375
20454.46,10,1,1,stimulusMovement,1,-0.7451390690273708,-0.3719991445541382,1,4.5849151611328125,1,-0.6164811187320285,-0.36659228801727295,1,4.3570404052734375
20471.127,10,1,1,stimulusMovement,1,-0.7473856608072916,-0.35855257511138916,1,4.5151824951171875,1,-0.6159438822004529,-0.38646870851516724,1,4.35186767578125
20487.794,10,1,1,stimulusMovement,1,-0.7319036324818928,-0.3387724757194519,1,4.5796051025390625,1,-0.5904854138692219,-0.3881397247314453,1,4.4108734130859375
20504.46,10,1,1,stimulusMovement,1,-0.7230295737584431,-0.3513835668563843,1,4.5470123291015625,1,-0.5932161808013916,-0.40929996967315674,1,4.2550506591796875
20521.127,10,1,1,stimulusMovement,1,-0.7077666388617622,-0.35022658109664917,1,4.577850341796875,1,-0.5795431401994493,-0.39066219329833984,1,4.2676239013671875
20537.794,10,1,1,stimulusMovement,1,-0.7070080704159206,-0.3383174538612366,1,4.5466766357421875,1,-0.5610419909159342,-0.42747020721435547,1,4.30279541015625
20554.46,10,1,1,stimulusMovement,1,-0.694668796327379,-0.3448936939239502,1,4.5475921630859375,1,-0.5641665458679199,-0.3619776964187622,1,4.318817138671875
20571.127,10,1,1,stimulusMovement,1,-0.6838641431596544,-0.36114680767059326,1,4.51531982421875,1,-0.5447811020745171,-0.3783137798309326,1,4.326507568359375
20587.794,10,1,1,stimulusMovement,1,-0.6702875826093885,-0.337329626083374,1,4.5133209228515625,1,-0.5288220511542426,-0.409634530544281,1,4.2660369873046875
20604.46,10,1,1,stimulusMovement,1,-0.5402620633443196,-0.3061007261276245,1,4.5406341552734375,1,-0.4043353928460015,-0.38641053438186646,1,4.24151611328125
20621.127,10,1,1,stimulusMovement,1,-0.4751387967003716,-0.3264768719673157,1,4.54779052734375,1,-0.3400283389621311,-0.3617591857910156,1,4.272674560546875
20637.794,10,1,1,stimulusMovement,1,-0.47461774614122176,-0.3235830068588257,1,4.537841796875,1,-0.31889157825046116,-0.36702466011047363,1,4.32373046875
20654.46,10,1,1,stimulusMovement,1,-0.43753798802693683,-0.3094855546951294,1,4.561767578125,1,-0.3089931276109483,-0.35837268829345703,1,4.3055267333984375
20671.127,10,1,1,stimulusMovement,1,-0.42716609107123477,-0.3093322515487671,1,4.550933837890625,1,-0.30565399593777126,-0.3294832706451416,1,4.395233154296875
20687.794,10,1,1,stimulusMovement,1,-0.4269632233513726,-0.3181278705596924,1,4.574127197265625,1,-0.31788190205891925,-0.3748612403869629,1,4.3245391845703125
20704.46,10,1,1,stimulusMovement,1,-0.4187141524420844,-0.2968958616256714,1,4.5838470458984375,1,-0.2869935565524631,-0.37457185983657837,1,4.2482757568359375
20721.127,10,1,1,stimulusMovement,1,-0.40293391545613605,-0.30821287631988525,1,4.562408447265625,1,-0.2826267878214518,-0.3802163004875183,1,4.2407379150390625
20737.794,10,1,1,stimulusMovement,1,-0.39226977030436194,-0.3164418339729309,1,4.58087158203125,1,-0.272860844930013,-0.34446632862091064,1,4.2957763671875
20754.46,10,1,1,stimulusMovement,1,-0.38128487269083655,-0.31567323207855225,1,4.574462890625,1,-0.2669550577799479,-0.3554058074951172,1,4.31402587890625
20771.127,10,1,1,stimulusMovement,1,-0.38592471016777885,-0.321933388710022,1,4.56817626953125,1,-0.2312022844950358,-0.3503429889678955,1,4.3119659423828125
20787.794,10,1,1,stimulusMovement,1,-0.35970110363430446,-0.3271976709365845,1,4.5814971923828125,1,-0.22506093978881836,-0.3648090362548828,1,4.351593017578125
20804.46,10,1,1,stimulusMovement,1,-0.3575384881761339,-0.3276609182357788,1,4.5615997314453125,1,-0.21725209554036456,-0.345156192779541,1,4.361328125
20821.127,10,1,1,stimulusMovement,1,-0.30850717756483287,-0.33590877056121826,1,4.6213226318359375,0,nan,nan,0,nan
20837.794,10,1,1,stimulusMovement,1,-0.31240420871310765,-0.331693172454834,1,4.5851287841796875,1,-0.18083185619778103,-0.39482665061950684,1,4.2334747314453125
20854.46,10,1,1,stimulusMovement,1,-0.21528514226277667,-0.3498215079307556,1,4.55316162109375,1,-0.06192975574069553,-0.39643770456314087,1,4.3122406005859375
20871.127,10,1,1,stimulusMovement,1,-0.19507953855726454,-0.3410753607749939,1,4.6100311279296875,1,-0.06979242960611978,-0.3983612060546875,1,4.2777557373046875
20887.794,10,1,1,stimulusMovement,1,-0.20347171359592012,-0.34632253646850586,1,4.5353851318359375,1,-0.07483450571695963,-0.4018387198448181,1,4.2902984619140625
20904.46,10,1,1,stimulusMovement,1,-0.17829079098171657,-0.344307541847229,1,4.642120361328125,1,-0.03885587056477864,-0.39269423484802246,1,4.2306976318359375
20921.127,10,1,1,stimulusMovement,1,-0.18609333038330078,-0.34998655319213867,1,4.528656005859375,1,-0.025314595964219835,-0.41200268268585205,1,4.2213287353515625
20937.794,10,1,1,stimulusMovement,1,-0.15557548734876844,-0.3447123169898987,1,4.5938720703125,1,-0.0103965335422092,-0.4059397578239441,1,4.247406005859375
20954.46,10,1,1,stimulusMovement,1,-0.11605199178059895,-0.34699779748916626,1,4.576690673828125,1,0.005707634819878472,-0.396762490272522,1,4.2653656005859375
20971.127,10,1,1,stimulusMovement,1,-0.15010457568698457,-0.3342543840408325,1,4.511077880859375,1,0.0007991790771484375,-0.4095900058746338,1,4.18463134765625
20987.794,10,1,1,stimulusMovement,1,-0.1363226572672526,-0.3543921709060669,1,4.5316162109375,1,0.01995870802137587,-0.4008442163467407,1,4.2588653564453125
21004.46,10,1,1,stimulusMovement,1,-0.12867842780219182,-0.3361748456954956,1,4.5353851318359375,1,0.007718510097927517,-0.3830077052116394,1,4.3109283447265625
21021.127,10,1,1,stimulusMovement,1,-0.11898793114556205,-0.3393430709838867,1,4.5384674072265625,1,0.035866737365722656,-0.38495445251464844,1,4.2046661376953125
21037.794,10,1,1,stimulusMovement,1,-0.11836857265896267,-0.34091466665267944,1,4.4510040283203125,1,0.050724559360080294,-0.36276501417160034,1,4.239288330078125
21054.46,10,1,1,stimulusMovement,1,-0.09168741438123915,-0.34745264053344727,1,4.535675048828125,1,0.07197528415256076,-0.37748509645462036,1,4.211578369140625
21071.127,10,1,1,stimulusMovement,1,-0.08132341172960068,-0.3434007167816162,1,4.4761962890625,1,0.07477633158365884,-0.38285374641418457,1,4.18914794921875
21087.794,10,1,1,stimulusMovement,1,-0.07158830430772568,-0.33191823959350586,1,4.416259765625,1,0.07161500718858506,-0.38930314779281616,1,4.1708221435546875
21104.46,10,1,1,stimulusMovement,1,-0.061430295308430985,-0.34139519929885864,1,4.4272308349609375,1,0.10553741455078125,-0.40474623441696167,1,4.115997314453125
21121.127,10,1,1,stimulusMovement,1,-0.05191802978515625,-0.3272281885147095,1,4.417236328125,1,0.11506621042887369,-0.3980782628059387,1,4.1320343017578125
21137.794,10,1,1,stimulusMovement,1,0.0022490819295247393,-0.33023571968078613,1,4.372161865234375,1,0.19103346930609807,-0.3847600817680359,1,4.097137451171875
21154.46,10,1,1,stimulusMovement,1,0.021828969319661457,-0.31537091732025146,1,4.400421142578125,1,0.18401654561360675,-0.3960961699485779,1,4.124725341796875
21171.127,10,1,1,stimulusMovement,1,0.05337005191379123,-0.3335248827934265,1,4.371368408203125,1,0.23032845391167533,-0.3966381549835205,1,4.056976318359375
21187.794,10,1,1,stimulusMovement,1,0.0561582777235243,-0.33873194456100464,1,4.3205413818359375,1,0.23626380496554902,-0.3965409994125366,1,4.0415802001953125
21204.46,10,1,1,stimulusMovement,1,0.10073163774278428,-0.34694159030914307,1,4.2854461669921875,1,0.2500732209947374,-0.3883613348007202,1,4.028564453125
21221.127,10,1,1,stimulusMovement,1,0.0899767345852322,-0.3202406167984009,1,4.199981689453125,1,0.28215164608425564,-0.3953040838241577,1,4.031463623046875
21237.794,10,1,1,stimulusMovement,1,0.11626158820258246,-0.3212417960166931,1,4.21527099609375,1,0.2838490804036458,-0.39811551570892334,1,3.9891510009765625
21254.46,10,1,1,stimulusMovement,1,0.14742808871799043,-0.3200422525405884,1,4.2156829833984375,1,0.2943433125813802,-0.38791215419769287,1,3.991729736328125
21271.127,10,1,1,stimulusMovement,1,0.1590847439236111,-0.3225361108779907,1,4.25213623046875,1,0.3120744493272569,-0.3986293077468872,1,3.976287841796875
21287.794,10,1,1,stimulusMovement,0,nan,nan,0,nan,1,0.31190575493706596,-0.3857751488685608,1,3.95172119140625
21304.46,10,1,1,stimulusMovement,1,0.15335973103841144,-0.337357759475708,1,4.1372833251953125,1,0.3380666308932834,-0.40381771326065063,1,3.9601287841796875
21321.127,10,1,1,stimulusMovement,1,0.1731804741753472,-0.33219003677368164,1,4.1492767333984375,1,0.34380563100179035,-0.3909316658973694,1,3.978759765625
21337.794,10,1,1,stimulusMovement,1,0.17932637532552081,-0.326552152633667,1,4.120697021484375,1,0.35679647657606334,-0.38304245471954346,1,3.937286376953125
21354.46,10,1,1,stimulusMovement,1,0.1849695841471354,-0.3196384906768799,1,4.1128387451171875,1,0.3662168714735243,-0.3895493149757385,1,3.9470672607421875
21371.127,10,1,1,stimulusMovement,1,0.21232456631130642,-0.31022506952285767,1,4.11724853515625,1,0.37484518686930335,-0.3869163990020752,1,3.933502197265625
21387.794,10,1,1,stimulusMovement,1,0.21405198838975692,-0.3143301010131836,1,4.05712890625,1,0.3962569766574435,-0.3839963674545288,1,3.9226531982421875
21404.46,10,1,1,stimulusMovement,1,0.23612467447916666,-0.32015907764434814,1,4.127685546875,1,0.39619488186306423,-0.3929637670516968,1,3.93829345703125
21421.127,10,1,1,stimulusMovement,1,0.2276405758327908,-0.329525351524353,1,4.067413330078125,1,0.4132390552096896,-0.3959301710128784,1,3.8870086669921875
21437.794,10,1,1,stimulusMovement,1,0.24618456098768446,-0.3241841793060303,1,4.0899658203125,1,0.43130048116048175,-0.41136133670806885,1,3.910888671875
21454.46,10,1,1,stimulusMovement,1,0.27120187547471786,-0.31724417209625244,1,4.072479248046875,1,0.4400001102023654,-0.37736135721206665,1,3.907562255859375
21471.127,10,1,1,stimulusMovement,1,0.2674377229478624,-0.3362710475921631,1,4.0169525146484375,1,0.462942017449273,-0.39695703983306885,1,3.8914642333984375
21487.794,10,1,1,stimulusMovement,1,0.347664303249783,-0.3031722903251648,1,4.0398712158203125,1,0.5554927190144856,-0.39412426948547363,1,3.8671722412109375
21504.46,10,1,1,stimulusMovement,1,0.385369512769911,-0.3480355143547058,1,3.924072265625,1,0.5811420016818576,-0.40526485443115234,1,3.844024658203125
21521.127,10,1,1,stimulusMovement,1,0.4028996361626519,-0.32744336128234863,1,3.9935760498046875,1,0.5949535369873047,-0.40812206268310547,1,3.8826141357421875
21537.794,10,1,1,stimulusMovement,1,0.40050464206271696,-0.3119208812713623,1,3.9783935546875,1,0.6118481953938801,-0.3954499363899231,1,3.8506622314453125
21554.46,10,1,1,stimulusMovement,1,0.4228004879421658,-0.32900553941726685,1,3.9807281494140625,1,0.6284400092230903,-0.3975902795791626,1,3.8262939453125
21571.127,10,1,1,stimulusMovement,1,0.43516752454969615,-0.33616000413894653,1,3.9716644287109375,1,0.6318491829766167,-0.3794034719467163,1,3.8384246826171875
21587.794,10,1,1,stimulusMovement,1,0.45053990681966144,-0.3261842727661133,1,3.977203369140625,1,0.6428011788262261,-0.3966028690338135,1,3.8110504150390625
21604.46,10,1,1,stimulusMovement,1,0.4652252197265625,-0.34551799297332764,1,3.9461669921875,1,0.6501358879937066,-0.41217339038848877,1,3.893096923828125
21621.127,10,1,1,stimulusMovement,1,0.453706317477756,-0.33673566579818726,1,3.986297607421875,1,0.6486097971598307,-0.4006619453430176,1,3.815093994140625
21637.794,10,1,1,stimulusMovement,1,0.46044603983561194,-0.33939629793167114,1,3.9626922607421875,1,0.6705934736463758,-0.4151133894920349,1,3.8341522216796875
21654.46,10,1,1,stimulusMovement,1,0.48612403869628906,-0.3273841142654419,1,3.959136962890625,1,0.6707286834716797,-0.4018140435218811,1,3.8072052001953125
21671.127,10,1,1,stimulusMovement,1,0.5011166466606988,-0.324800968170166,1,3.976531982421875,1,0.7042838202582465,-0.39785581827163696,1,3.8305511474609375
21687.794,10,1,1,stimulusMovement,1,0.5032833947075738,-0.3267199397087097,1,3.9952545166015625,1,0.7168917126125759,-0.41908979415893555,1,3.80120849609375
21704.46,10,1,1,stimulusMovement,1,0.5088894102308485,-0.3221170902252197,1,3.9447784423828125,1,0.7267256842719184,-0.41064536571502686,1,3.835357666015625
21721.127,10,1,1,stimulusMovement,1,0.5312328338623047,-0.343697190284729,1,3.9905548095703125,1,0.7590102089775933,-0.41394495964050293,1,3.8459625244140625
21737.794,10,1,1,stimulusMovement,1,0.5388043721516926,-0.3278356194496155,1,3.9984893798828125,1,0.7563327153523762,-0.3857550024986267,1,3.8255615234375
21754.46,10,1,1,stimulusMovement,1,0.5641465716891818,-0.34257006645202637,1,3.939605712890625,1,0.775061289469401,-0.38396531343460083,1,3.845550537109375
21771.127,10,1,1,stimulusMovement,1,0.562731213039822,-0.3285806179046631,1,4.002227783203125,1,0.790702290005154,-0.3955625891685486,1,3.8546142578125
21787.794,10,1,1,stimulusMovement,1,0.5886315239800347,-0.32524871826171875,1,3.9499359130859375,1,0.7986469268798828,-0.3960638642311096,1,3.8497772216796875
21804.46,10,1,1,stimulusMovement,1,0.5822960535685221,-0.33888137340545654,1,3.89404296875,1,0.8107359144422742,-0.393912672996521,1,3.8314971923828125
21821.127,10,1,1,stimulusMovement,1,0.5998847749498155,-0.34609127044677734,1,3.9197540283203125,1,0.8275313907199435,-0.39183658361434937,1,3.8890838623046875
21837.794,10,1,1,stimulusMovement,1,0.6181850433349609,-0.33897459506988525,1,3.946014404296875,1,0.8668963114420573,-0.3893739581108093,1,3.9170684814453125
21854.46,10,1,1,stimulusMovement,1,0.6223129696316189,-0.32164961099624634,1,4.049652099609375,1,0.855973137749566,-0.3925105333328247,1,3.8877105712890625
21871.127,10,1,1,stimulusMovement,1,0.6474397447374132,-0.3346659541130066,1,4.0369873046875,1,0.8790869183010525,-0.38470298051834106,1,3.883514404296875
21887.794,10,1,1,stimulusMovement,1,0.6509612401326497,-0.3592185378074646,1,4.0470428466796875,1,0.8936006757948133,-0.40345990657806396,1,3.9129791259765625
21904.46,10,1,1,stimulusMovement,1,0.6619502173529731,-0.3479756712913513,1,4.041839599609375,1,0.8977601793077257,-0.39945197105407715,1,3.9245147705078125
21921.127,10,1,1,stimulusMovement,1,0.6831338670518663,-0.3362250328063965,1,4.0823974609375,1,0.9235257042778863,-0.4070013761520386,1,3.9337310791015625
21937.794,10,1,1,stimulusMovement,1,0.6867478688557942,-0.3531809449195862,1,4.050079345703125,1,0.9319019317626953,-0.4124544858932495,1,4.00286865234375
21954.46,10,1,1,stimulusMovement,1,0.6942660013834635,-0.3549620509147644,1,4.0765380859375,1,0.9443257649739583,-0.4099857807159424,1,3.9757232666015625
21971.127,10,1,1,stimulusMovement,1,0.6928459803263346,-0.34259557723999023,1,4.0862884521484375,1,0.9414594438340929,-0.40746259689331055,1,3.9669036865234375
21987.794,10,1,1,stimulusMovement,1,0.687720086839464,-0.3424915075302124,1,4.14581298828125,1,0.9330505794949001,-0.4166644811630249,1,4.0478973388671875
22004.46,10,1,1,stimulusMovement,1,0.6943293677435981,-0.3520129323005676,1,4.17962646484375,1,0.9473807017008463,-0.40692615509033203,1,4.005828857421875
22021.127,10,1,1,stimulusMovement,1,0.680114640129937,-0.35425108671188354,1,4.1422576904296875,1,0.911858664618598,-0.4149743318557739,1,4.0998382568359375
22037.794,10,1,1,stimulusMovement,1,0.6997987959120008,-0.34941279888153076,1,4.1589508056640625,1,0.9368746015760633,-0.4172825813293457,1,4.0399322509765625
22054.46,10,1,1,stimulusMovement,0,nan,nan,0,nan,1,0.9284322526719835,-0.4207650423049927,1,4.0209808349609375
22071.127,10,1,1,stimulusMovement,1,0.6757934358384874,-0.3588019013404846,1,4.1690216064453125,1,0.9199485778808594,-0.42191827297210693,1,4.0833587646484375
22087.794,10,1,1,stimulusMovement,1,0.6391380098130968,-0.3564212918281555,1,4.219024658203125,1,0.8705391354031032,-0.4235297441482544,1,4.053436279296875
22104.46,10,1,1,stimulusMovement,1,0.5602327982584635,-0.34333252906799316,1,4.1543426513671875,1,0.7813635932074652,-0.39329230785369873,1,4.1401824951171875
22121.127,10,1,1,stimulusMovement,1,0.5721907085842556,-0.34089797735214233,1,4.162567138671875,1,0.7934883965386285,-0.4121922254562378,1,4.166351318359375
22137.794,10,1,1,stimulusMovement,1,0.5615826712714301,-0.3364924192428589,1,4.1785125732421875,1,0.7733687294854058,-0.40690672397613525,1,4.16717529296875
22154.46,10,1,1,stimulusMovement,1,0.5473640229966905,-0.3455713987350464,1,4.168853759765625,1,0.7779692543877496,-0.4210260510444641,1,4.1634674072265625
22171.127,10,1,1,stimulusMovement,1,0.553821775648329,-0.34531253576278687,1,4.1806640625,1,0.7668244043986002,-0.40855133533477783,1,4.2247772216796875
22187.794,10,1,1,stimulusMovement,1,0.5646910137600368,-0.347446084022522,1,4.2449188232421875,1,0.7740637461344401,-0.40978896617889404,1,4.2150726318359375
22204.46,10,1,1,stimulusMovement,1,0.5593593385484483,-0.3514696955680847,1,4.2434539794921875,1,0.7714574601915147,-0.3972640037536621,1,4.2253875732421875
22221.127,10,1,1,stimulusMovement,1,0.5600608189900715,-0.34955406188964844,1,4.253082275390625,1,0.7751838896009656,-0.40048396587371826,1,4.2327880859375
22237.794,10,1,1,stimulusMovement,1,0.573584238688151,-0.34489572048187256,1,4.2603912353515625,1,0.7649996015760633,-0.4033942222595215,1,4.2836456298828125
22254.46,10,1,1,stimulusMovement,1,0.5650224685668945,-0.3446395993232727,1,4.2788238525390625,1,0.779719352722168,-0.4010087847709656,1,4.294769287109375
22271.127,10,1,1,stimulusMovement,1,0.5681298573811848,-0.3527730703353882,1,4.2561187744140625,1,0.7820923063490125,-0.40546953678131104,1,4.269622802734375
22287.794,10,1,1,stimulusMovement,1,0.5748057895236545,-0.34612327814102173,1,4.294158935546875,1,0.7910605536566839,-0.41300272941589355,1,4.268280029296875
22304.46,10,1,1,stimulusMovement,1,0.5643290413750542,-0.34674763679504395,1,4.268768310546875,1,0.7879619598388672,-0.4188748598098755,1,4.2666473388671875
22321.127,10,1,1,stimulusMovement,1,0.566846211751302,-0.3483346104621887,1,4.274566650390625,1,0.7650174034966363,-0.42151832580566406,1,4.2554168701171875
22337.794,10,1,1,stimulusMovement,1,0.5645587709214952,-0.3511650562286377,1,4.25616455078125,1,0.7898627387152777,-0.4191185235977173,1,4.250762939453125
22354.46,10,1,1,stimulusMovement,1,0.5651399824354383,-0.34586822986602783,1,4.251129150390625,1,0.7963248358832464,-0.4060367941856384,1,4.248077392578125
22371.127,10,1,1,stimulusMovement,1,0.5678771336873372,-0.35272300243377686,1,4.249237060546875,1,0.7794921663072374,-0.4155541658401489,1,4.2776947021484375
22387.794,10,1,1,stimulusMovement,1,0.5663619571261935,-0.3530026078224182,1,4.2566986083984375,1,0.7711136076185438,-0.40749067068099976,1,4.3044586181640625
22404.46,10,1,1,stimulusMovement,1,0.5600176917182075,-0.35458648204803467,1,4.2332305908203125,1,0.8023275799221462,-0.4170795679092407,1,4.2664794921875
22421.127,10,1,1,stimulusMovement,1,0.5609137217203776,-0.35916757583618164,1,4.228729248046875,1,0.7845223744710286,-0.4246746897697449,1,4.25286865234375
22437.794,10,1,1,stimulusMovement,1,0.5594389173719617,-0.3621100187301636,1,4.238037109375,1,0.7850286695692273,-0.40836024284362793,1,4.2632904052734375
22454.46,10,1,1,stimulusMovement,1,0.556642108493381,-0.35498690605163574,1,4.23876953125,1,0.7858045366075304,-0.42677533626556396,1,4.256439208984375
22471.127,10,1,1,stimulusMovement,1,0.5662193298339844,-0.3630753755569458,1,4.2349853515625,1,0.8054216172960069,-0.4267609119415283,1,4.2517852783203125
22487.794,10,1,1,stimulusMovement,1,0.5624965031941731,-0.36478930711746216,1,4.2384490966796875,1,0.7974083158704969,-0.4223896265029907,1,4.213531494140625
22504.46,10,1,1,stimulusMovement,1,0.5626248253716363,-0.3579738140106201,1,4.228973388671875,1,0.785252571105957,-0.40835726261138916,1,4.27032470703125
22521.127,10,1,1,stimulusMovement,1,0.5634199778238932,-0.359374463558197,1,4.2193603515625,1,0.7899497350056965,-0.42584413290023804,1,4.279632568359375
22537.794,10,1,1,stimulusMovement,1,0.5729916890462239,-0.35602205991744995,1,4.2501373291015625,1,0.7823844485812717,-0.42261773347854614,1,4.2340087890625
22554.46,10,1,1,stimulusMovement,1,0.5695724487304688,-0.36139005422592163,1,4.244842529296875,1,0.7894193861219617,-0.4190369248390198,1,4.241607666015625
22571.127,10,1,1,stimulusMovement,1,0.5736418830023872,-0.366371750831604,1,4.2334747314453125,1,0.7912165323893229,-0.42108529806137085,1,4.2309417724609375
22587.794,10,1,1,stimulusMovement,1,0.5699044333563911,-0.3595097064971924,1,4.2428741455078125,1,0.7927947574191623,-0.41902148723602295,1,4.2331085205078125
22604.46,10,1,1,stimulusMovement,1,0.5854384104410807,-0.37181854248046875,1,4.2066650390625,1,0.7897078196207682,-0.4227961301803589,1,4.1764678955078125
22621.127,10,1,1,stimulusMovement,1,0.5686443116929796,-0.3537943959236145,1,4.2254486083984375,1,0.7926847669813367,-0.42204636335372925,1,4.2166290283203125
22637.794,10,1,1,stimulusMovement,1,0.5790189107259114,-0.3553817868232727,1,4.2196502685546875,1,0.7829596201578776,-0.408882737159729,1,4.21295166015625
22654.46,10,1,1,stimulusMovement,1,0.564785427517361,-0.36734187602996826,1,4.2403411865234375,1,0.7689303292168511,-0.4308856725692749,1,4.20263671875
22671.127,10,1,1,stimulusMovement,1,0.5621829562717013,-0.35719799995422363,1,4.2086181640625,1,0.7957095040215386,-0.4130263328552246,1,4.2148895263671875
22687.794,10,1,1,stimulusMovement,1,0.5894764794243706,-0.36475902795791626,1,4.2046356201171875,1,0.8279965718587239,-0.4193161129951477,1,4.1822509765625
22704.46,10,1,1,stimulusMovement,1,0.5934826532999674,-0.353374719619751,1,4.227874755859375,1,0.8135204315185547,-0.40565723180770874,1,4.21624755859375
22721.127,10,1,1,stimulusMovement,1,0.5827077229817708,-0.35718822479248047,1,4.2122955322265625,1,0.8047030766805012,-0.3966398239135742,1,4.1847991943359375
22737.794,10,1,1,stimulusMovement,1,0.5819709565904405,-0.37678658962249756,1,4.1819610595703125,1,0.8222698635525173,-0.4073781967163086,1,4.1667633056640625
22754.46,10,1,1,stimulusMovement,1,0.5845154656304253,-0.3593391180038452,1,4.1856536865234375,1,0.8172961341010199,-0.4109271764755249,1,4.131317138671875
22771.127,10,1,1,stimulusMovement,1,0.5872023900349934,-0.36231231689453125,1,4.1760406494140625,1,0.8126466539171007,-0.4059683680534363,1,4.1007843017578125
22787.794,10,1,1,stimulusMovement,1,0.578920046488444,-0.36174142360687256,1,4.164703369140625,1,0.7987841500176324,-0.4029845595359802,1,4.1162872314453125
22804.46,10,1,1,stimulusMovement,1,0.5746000077989366,-0.36119210720062256,1,4.16949462890625,1,0.8005773756239148,-0.4030284881591797,1,4.117767333984375
22821.127,10,1,1,stimulusMovement,1,0.5799056159125434,-0.3702671527862549,1,4.1387939453125,1,0.8180906507703992,-0.40793442726135254,1,4.1240234375
22837.794,10,1,1,stimulusMovement,1,0.5750812954372829,-0.3717350363731384,1,4.1456451416015625,1,0.7907816569010416,-0.41997671127319336,1,4.1616058349609375
22854.46,10,1,1,stimulusMovement,1,0.5785755581325954,-0.3669469356536865,1,4.1403656005859375,1,0.7879213756985134,-0.40557581186294556,1,4.1093902587890625
22871.127,10,1,1,stimulusMovement,1,0.5766958660549587,-0.36315786838531494,1,4.1415252685546875,1,0.809444851345486,-0.41542184352874756,1,4.103668212890625
22887.794,10,1,1,stimulusMovement,1,0.5939824846055772,-0.36440157890319824,1,4.14886474609375,1,0.8103467093573675,-0.42749589681625366,1,4.084930419921875
22904.46,10,1,1,stimulusMovement,1,0.5895864698621961,-0.36329638957977295,1,4.1561431884765625,1,0.825652970208062,-0.41515982151031494,1,4.1305694580078125
22921.127,10,1,1,stimulusMovement,1,0.5799982282850477,-0.3665314316749573,1,4.1375885009765625,1,0.8073070314195421,-0.39811933040618896,1,4.1148529052734375
22937.794,10,1,1,stimulusMovement,1,0.5818587409125434,-0.3689042925834656,1,4.126556396484375,1,0.8027534484863281,-0.40966880321502686,1,4.0971527099609375
22954.46,10,1,1,stimulusMovement,1,0.5894937515258789,-0.36397331953048706,1,4.148712158203125,1,0.814692391289605,-0.4219409227371216,1,4.1324005126953125
22971.127,10,1,1,stimulusMovement,1,0.5814768473307291,-0.364063024520874,1,4.1208648681640625,1,0.8065627415974934,-0.3953193426132202,1,4.12078857421875
22987.794,10,1,1,stimulusMovement,1,0.5819462670220269,-0.36916136741638184,1,4.1260528564453125,1,0.8022674984402126,-0.41625845432281494,1,4.148681640625
23004.46,10,1,1,stimulusMovement,1,0.590253194173177,-0.3553447127342224,1,4.1675262451171875,1,0.8020120196872287,-0.4279741048812866,1,4.1598358154296875
23021.127,10,1,1,stimulusMovement,1,0.5772433810763888,-0.3558574318885803,1,4.1542510986328125,1,0.7962433497111002,-0.42186760902404785,1,4.1138153076171875
23037.794,10,1,1,stimulusMovement,1,0.5783531400892469,-0.3652494549751282,1,4.143463134765625,1,0.8169515397813585,-0.41805320978164673,1,4.12994384765625
23054.46,10,1,1,stimulusMovement,1,0.578385247124566,-0.3671138286590576,1,4.180633544921875,1,0.8096471362643771,-0.4206197261810303,1,4.136199951171875
23071.127,10,1,1,stimulusMovement,1,0.5761381785074869,-0.363979697227478,1,4.1811981201171875,1,0.8057349522908528,-0.4175174832344055,1,4.1456451416015625
23087.794,10,1,1,stimulusMovement,1,0.5736311806572808,-0.3655220866203308,1,4.194610595703125,1,0.8037472830878363,-0.42727649211883545,1,4.13726806640625
23104.46,10,1,1,stimulusMovement,1,0.5775103039211696,-0.3639066815376282,1,4.1816253662109375,1,0.7922714021470811,-0.42145222425460815,1,4.15093994140625
23121.127,10,1,1,stimulusMovement,1,0.5724370744493272,-0.3631642460823059,1,4.2084503173828125,1,0.7939101325141058,-0.3926771283149719,1,4.1745147705078125
23137.794,10,1,1,stimulusMovement,1,0.578854136996799,-0.36523765325546265,1,4.2270660400390625,1,0.7968808280097113,-0.415142297744751,1,4.19580078125
23154.46,10,1,1,stimulusMovement,1,0.5843936072455512,-0.36431241035461426,1,4.2278289794921875,1,0.7971621619330511,-0.42005932331085205,1,4.182281494140625
23171.127,10,1,1,stimulusMovement,1,0.5829091601901584,-0.3677899241447449,1,4.2423858642578125,1,0.7911798689100477,-0.4196450710296631,1,4.185455322265625
23187.794,10,1,1,stimulusMovement,1,0.5678226682874891,-0.3650932312011719,1,4.2442626953125,1,0.8037072287665472,-0.4172569513320923,1,4.2019805908203125
23204.46,10,1,1,stimulusMovement,1,0.569334242078993,-0.3643187880516052,1,4.2751617431640625,1,0.786670790778266,-0.4156750440597534,1,4.19561767578125
23221.127,10,1,1,stimulusMovement,1,0.5748197767469617,-0.3735086917877197,1,4.2463226318359375,1,0.7942717870076497,-0.4232099652290344,1,4.2400054931640625
23237.794,10,1,1,stimulusMovement,1,0.5826257069905598,-0.3738821744918823,1,4.2450408935546875,1,0.7949049207899305,-0.41851580142974854,1,4.2375335693359375
23254.46,10,1,1,stimulusMovement,1,0.5779747433132595,-0.3788906931877136,1,4.26171875,1,0.7914335462782117,-0.4113274812698364,1,4.2535400390625
23271.127,10,1,1,stimulusMovement,1,0.5710075166490343,-0.3704536557197571,1,4.28314208984375,1,0.7805476718478732,-0.41422295570373535,1,4.259002685546875
23287.794,10,1,1,stimulusMovement,1,0.5742169486151801,-0.36481887102127075,1,4.2817230224609375,1,0.7811512417263454,-0.43244898319244385,1,4.257659912109375
23304.46,10,1,1,stimulusMovement,1,0.5770620769924587,-0.36393386125564575,1,4.280609130859375,1,0.7993120617336696,-0.45623236894607544,1,4.2746734619140625
23321.127,10,1,1,fixation,1,0.5795785056220161,-0.37067562341690063,1,4.2961578369140625,1,0.7864873674180772,-0.4289659261703491,1,4.2766876220703125
23337.794,10,1,1,fixation,1,0.5672584109836154,-0.37932002544403076,1,4.0886688232421875,1,0.8024806976318359,-0.4190239906311035,1,4.055206298828125
23354.46,10,1,1,fixation,0,nan,nan,0,nan,0,nan,nan,0,nan
23371.127,10,1,1,fixation,1,0.5759300655788845,-0.3726080656051636,1,4.28863525390625,1,0.7982957628038194,-0.4089171290397644,1,4.2919921875
23387.794,10,1,1,fixation,1,0.5674717161390516,-0.38673412799835205,1,4.0926971435546875,1,0.8042831420898438,-0.4196310043334961,1,4.0537872314453125
23404.46,10,1,1,fixation,0,nan,nan,0,nan,0,nan,nan,0,nan
23421.127,10,1,1,fixation,1,0.5810956954956055,-0.3718531131744385,1,4.2813568115234375,1,0.7934917873806423,-0.42872321605682373,1,4.2545928955078125
23437.794,10,1,1,fixation,1,0.5649154451158311,-0.3877079486846924,1,4.084991455078125,1,0.8014622794257269,-0.4195689558982849,1,4.0516204833984375
23454.46,10,1,1,fixation,0,nan,nan,0,nan,0,nan,nan,0,nan
23471.127,10,1,1,fixation,1,0.5853357315063477,-0.37660861015319824,1,4.311553955078125,1,0.8046482933892144,-0.4325261116027832,1,4.2489013671875
23487.794,10,1,1,fixation,1,0.5679253472222222,-0.39080381393432617,1,4.0867767333984375,1,0.8047117657131618,-0.42491233348846436,1,4.056488037109375
23504.46,10,1,1,fixation,0,nan,nan,0,nan,0,nan,nan,0,nan
23521.127,10,1,1,fixation,1,0.5930722554524739,-0.3761100172996521,1,4.3121490478515625,1,0.7942676544189453,-0.4247205853462219,1,4.237823486328125
23537.794,10,1,1,fixation,1,0.5732513003879123,-0.39020317792892456,1,4.082733154296875,1,0.807109620836046,-0.42507994174957275,1,4.05255126953125
23554.46,10,1,1,fixation,0,nan,nan,0,nan,0,nan,nan,0,nan
23571.127,10,1,1,fixation,1,0.5868035422431098,-0.3780643343925476,1,4.3410491943359375,1,0.8027465608384874,-0.4263969659805298,1,4.2736663818359375
23587.794,10,1,1,fixation,1,0.5851549572414821,-0.3802180886268616,1,4.094757080078125,1,0.8184921476576063,-0.41672080755233765,1,4.0506134033203125
23604.46,10,1,1,fixation,0,nan,nan,0,nan,0,nan,nan,0,nan
23621.127,10,1,1,fixation,1,0.5979750951131184,-0.3733854293823242,1,4.29327392578125,1,0.8185500038994683,-0.41618382930755615,1,4.240142822265625
23637.794,10,1,1,fixation,1,0.5836552513970269,-0.3773289918899536,1,4.0969696044921875,1,0.8099634382459852,-0.4114300608634949,1,4.0310821533203125
23654.46,10,1,1,fixation,0,nan,nan,0,nan,0,nan,nan,0,nan
23671.127,10,1,1,fixation,1,0.5974247190687391,-0.36492204666137695,1,4.2920379638671875,1,0.8084323671129015,-0.42265594005584717,1,4.216796875
23687.794,10,1,1,fixation,1,0.5808654361300998,-0.37646692991256714,1,4.0818023681640625,1,0.8073683844672308,-0.40383821725845337,1,4.010955810546875
23704.46,10,1,1,fixation,0,nan,nan,0,nan,0,nan,nan,0,nan
23721.127,10,1,1,fixation,1,0.6115820142957898,-0.3715536594390869,1,4.27532958984375,1,0.7993686464097765,-0.402058482170105,1,4.1865386962890625
23737.794,10,1,1,fixation,1,0.5831726921929253,-0.37680351734161377,1,4.0751190185546875,1,0.8114312489827473,-0.40485548973083496,1,3.9807281494140625
23754.46,10,1,1,fixation,0,nan,nan,0,nan,0,nan,nan,0,nan
23771.127,10,1,1,fixation,1,0.5879512363009982,-0.373881995677948,1,4.2625579833984375,1,0.7943167156643337,-0.42363035678863525,1,4.196380615234375
23787.794,10,1,1,fixation,1,0.5864525900946723,-0.37810367345809937,1,4.056365966796875,1,0.8106658723619249,-0.41107606887817383,1,3.958648681640625
23804.46,10,1,1,fixation,0,nan,nan,0,nan,0,nan,nan,0,nan
23821.127,10,1,1,fixation,1,0.5797870424058702,-0.36561501026153564,1,4.258453369140625,1,0.8201923370361328,-0.4033297300338745,1,4.1486358642578125
23837.794,10,1,1,fixation,1,0.5838893254597981,-0.3804057240486145,1,4.042327880859375,1,0.8035801781548394,-0.40514469146728516,1,3.952972412109375
23854.46,10,1,1,fixation,0,nan,nan,0,nan,0,nan,nan,0,nan
23871.127,10,1,1,fixation,1,0.5807638168334961,-0.3792001008987427,1,4.2470855712890625,1,0.8158442179361979,-0.41420698165893555,1,4.16485595703125
23887.794,10,1,1,fixation,1,0.5874229007297092,-0.38013577461242676,1,4.026702880859375,1,0.8060728708902994,-0.4104635715484619,1,3.9375
23904.46,10,1,1,fixation,0,nan,nan,0,nan,0,nan,nan,0,nan
23921.127,10,1,1,fixation,1,0.5904295179578992,-0.3813413381576538,1,4.23284912109375,1,0.7942193349202473,-0.4062129855155945,1,4.1251220703125
23937.794,10,1,1,fixation,1,0.5797723134358723,-0.38001954555511475,1,4.021453857421875,1,0.8116596009996202,-0.41447746753692627,1,3.9262542724609375
23954.461,10,1,1,fixation,0,nan,nan,0,nan,0,nan,nan,0,nan
23971.128,10,1,1,fixation,1,0.5830003950330945,-0.36819106340408325,1,4.235565185546875,1,0.8031704160902234,-0.4123119115829468,1,4.1373748779296875
23987.795,10,1,1,fixation,1,0.5883293151855469,-0.3837141990661621,1,4.009490966796875,1,0.8116977479722765,-0.4061182737350464,1,3.91680908203125
24004.461,10,1,1,fixation,0,nan,nan,0,nan,0,nan,nan,0,nan
24021.128,10,1,1,fixation,1,0.5920751359727647,-0.3803308606147766,1,4.2351837158203125,1,0.7916063732571071,-0.43311381340026855,1,4.1135711669921875
24037.795,10,1,1,fixation,1,0.5615027745564778,-0.3937327265739441,1,4.0245361328125,1,0.7901390923394097,-0.4085744619369507,1,3.914337158203125
24054.461,10,1,1,fixation,0,nan,nan,0,nan,0,nan,nan,0,nan
24071.128,10,1,1,fixation,1,0.13816420237223306,-0.41996175050735474,1,4.2786865234375,1,0.3652141359117296,-0.4171566963195801,1,4.1419677734375
24087.795,10,1,1,fixation,1,0.06998316446940103,-0.4784400463104248,1,3.9819488525390625,1,0.2778220706515842,-0.450522780418396,1,3.962005615234375
24104.461,10,1,1,fixation,0,nan,nan,0,nan,0,nan,nan,0,nan
24121.128,10,1,1,fixation,0,nan,nan,0,nan,0,nan,nan,0,nan
24137.795,10,1,1,fixation,0,nan,nan,0,nan,1,0.2136669158935547,-0.521955132484436,1,3.8047332763671875
24154.461,10,1,1,fixation,0,nan,nan,0,nan,0,nan,nan,0,nan
24171.128,10,1,1,fixation,0,nan,nan,0,nan,1,0.147811041937934,-0.4507148265838623,1,4.2145538330078125
24187.795,10,1,1,fixation,1,-0.052092552185058594,-0.4440513849258423,1,4.0650177001953125,1,0.12006039089626735,-0.46087074279785156,1,4.000274658203125
24204.461,10,1,1,fixation,0,nan,nan,0,nan,0,nan,nan,0,nan
24221.128,10,1,1,fixation,1,-0.00907044940524631,-0.43541568517684937,1,4.3704986572265625,1,0.13756582472059461,-0.4383382797241211,1,4.2592315673828125
24237.795,10,1,1,fixation,1,-0.05954768922593858,-0.4316544532775879,1,4.1199188232421875,1,0.11560747358534071,-0.4551306962966919,1,4.03375244140625
24254.461,10,1,1,fixation,0,nan,nan,0,nan,0,nan,nan,0,nan
24271.128,10,1,1,fixation,1,-0.02193180720011393,-0.43427836894989014,1,4.3734893798828125,1,0.13388082716200086,-0.42779338359832764,1,4.3213653564453125
24287.795,10,1,1,fixation,1,-0.0625873671637641,-0.4311218857765198,1,4.13690185546875,1,0.11895508236355251,-0.4623229503631592,1,4.058837890625
24304.461,10,1,1,fixation,0,nan,nan,0,nan,0,nan,nan,0,nan
24321.128,10,1,1,fixation,1,-0.02408123016357422,-0.4215521216392517,1,4.45709228515625,1,0.13111156887478298,-0.4199371337890625,1,4.3480987548828125
24337.795,10,1,1,fixation,1,-0.0646828015645345,-0.4292038679122925,1,4.1502838134765625,1,0.11202187008327907,-0.4619602560997009,1,4.0628509521484375
24354.461,10,1,1,fixation,0,nan,nan,0,nan,0,nan,nan,0,nan
24371.128,10,1,1,fixation,1,-0.03616513146294487,-0.4194760322570801,1,4.422698974609375,1,0.12045849694146049,-0.42574018239974976,1,4.358428955078125
24387.795,10,1,1,stimulusMovement,1,-0.06917895211113824,-0.4284900426864624,1,4.1467132568359375,1,0.11623170640733506,-0.4607940912246704,1,4.0402374267578125
24404.461,10,1,1,stimulusMovement,0,nan,nan,0,nan,0,nan,nan,0,nan
24421.128,10,1,1,stimulusMovement,1,-0.05367824766370985,-0.4677325487136841,1,4.4132537841796875,1,0.10288461049397786,-0.4349671006202698,1,4.2974700927734375
24437.795,10,1,1,stimulusMovement,1,-0.21560245090060762,-0.5896313190460205,1,4.35791015625,1,-0.033517201741536454,-0.6113312244415283,1,4.2384490966796875
24454.461,10,1,1,stimulusMovement,1,-0.2157149314880371,-0.5676765441894531,1,4.384185791015625,1,-0.06223890516493055,-0.5983824729919434,1,4.2723236083984375
24471.127,10,1,1,stimulusMovement,1,-0.22673214806450737,-0.582482099533081,1,4.336395263671875,1,-0.025751961602105033,-0.6182384490966797,1,4.26507568359375
24487.794,10,1,1,stimulusMovement,1,-0.21265188852945963,-0.5693567991256714,1,4.3736572265625,1,-0.019595040215386283,-0.6257731914520264,1,4.2971343994140625
24504.46,10,1,1,stimulusMovement,1,-0.2223851415846083,-0.5664036273956299,1,4.3646087646484375,1,-0.04278225368923611,-0.6189684867858887,1,4.2440185546875
24521.127,10,1,1,stimulusMovement,1,-0.23882786432902017,-0.5837699174880981,1,4.303314208984375,0,nan,nan,0,nan
24537.793,10,1,1,stimulusMovement,1,-0.23259782791137695,-0.5813430547714233,1,4.306427001953125,1,-0.028919855753580727,-0.6232888698577881,1,4.219207763671875
24554.459,10,1,1,stimulusMovement,1,-0.21802330017089844,-0.5731260776519775,1,4.33087158203125,1,-0.05667930179172092,-0.6244088411331177,1,4.1800537109375
24571.126,10,1,1,stimulusMovement,1,-0.2040785683525933,-0.579363226890564,1,4.3710479736328125,1,-0.016595098707411025,-0.6132469177246094,1,4.1750335693359375
24587.793,10,1,1,stimulusMovement,1,-0.2241382598876953,-0.5776853561401367,1,4.3202362060546875,1,-0.040546046362982854,-0.6231218576431274,1,4.12933349609375
24604.458,10,1,1,stimulusMovement,1,-0.23683224784003362,-0.5892727375030518,1,4.31549072265625,1,-0.06692197587754992,-0.6323385238647461,1,4.130828857421875
24621.125,10,1,1,stimulusMovement,1,-0.23855553732977972,-0.5771710872650146,1,4.3177337646484375,1,-0.05365710788302951,-0.632846474647522,1,4.177276611328125
24637.792,10,1,1,stimulusMovement,1,-0.19360876083374023,-0.5763797760009766,1,4.409881591796875,1,-0.054898103078206376,-0.6143625974655151,1,4.2156982421875
24654.458,10,1,1,stimulusMovement,1,-0.23932366900973848,-0.5770258903503418,1,4.3003692626953125,1,-0.0401964717441135,-0.6336145401000977,1,4.2188720703125
24671.124,10,1,1,stimulusMovement,1,-0.22490289476182723,-0.5558834075927734,1,4.3881072998046875,1,-0.05913199318779839,-0.621017336845398,1,4.2243499755859375
24687.791,10,1,1,stimulusMovement,1,-0.22780916425916883,-0.5770468711853027,1,4.4312591552734375,1,-0.028625541263156466,-0.627427339553833,1,4.2652435302734375
24704.457,10,1,1,stimulusMovement,1,-0.22400071885850692,-0.5638844966888428,1,4.4199981689453125,1,-0.04212522506713867,-0.633739709854126,1,4.2447357177734375
24721.123,10,1,1,stimulusMovement,1,-0.24753586451212564,-0.586743950843811,1,4.3510284423828125,1,-0.05281003316243489,-0.6210329532623291,1,4.223114013671875
24737.79,10,1,1,stimulusMovement,1,-0.2476433648003472,-0.5746361017227173,1,4.3778228759765625,1,-0.015633900960286457,-0.6221075057983398,1,4.300140380859375
24754.456,10,1,1,stimulusMovement,1,-0.23176240921020508,-0.5987873077392578,1,4.3870391845703125,1,-0.04285250769721137,-0.6204936504364014,1,4.257110595703125
24771.123,10,1,1,stimulusMovement,1,-0.20106771257188583,-0.5788856744766235,1,4.4863433837890625,1,-0.056647406684027776,-0.6087661981582642,1,4.2720184326171875
24787.789,10,1,1,stimulusMovement,1,-0.21993981467352972,-0.5730926990509033,1,4.428375244140625,1,-0.050354056888156466,-0.6276445388793945,1,4.314208984375
24804.455,10,1,1,stimulusMovement,1,-0.212982177734375,-0.5999188423156738,1,4.4410858154296875,1,-0.03500768873426649,-0.5931785106658936,1,4.3671417236328125
24821.122,10,1,1,stimulusMovement,1,-0.20688565572102863,-0.5750522613525391,1,4.5597991943359375,1,-0.04539940092298719,-0.6062555313110352,1,4.341644287109375
24837.789,10,1,1,stimulusMovement,1,-0.20472288131713867,-0.5627412796020508,1,4.568328857421875,1,-0.07424545288085938,-0.6143155097961426,1,4.41363525390625
24854.454,10,1,1,stimulusMovement,1,-0.2376000616285536,-0.5812621116638184,1,4.46044921875,1,-0.048881000942654074,-0.5905932188034058,1,4.4219818115234375
24871.121,10,1,1,stimulusMovement,1,-0.22549083497789169,-0.5634654760360718,1,4.5355377197265625,1,-0.06229209899902344,-0.6212440729141235,1,4.45050048828125
24887.788,10,1,1,stimulusMovement,1,-0.2056614557902018,-0.5714988708496094,1,4.555145263671875,1,-0.051645384894476995,-0.607269287109375,1,4.493927001953125
24904.454,10,1,1,stimulusMovement,1,-0.2532314724392361,-0.5718104839324951,1,4.4969940185546875,1,-0.05881971783108181,-0.5968830585479736,1,4.405517578125
24921.12,10,1,1,stimulusMovement,1,-0.21820524003770614,-0.5631694793701172,1,4.6200103759765625,1,-0.048209826151529946,-0.6313477754592896,1,4.3721160888671875
24937.787,10,1,1,stimulusMovement,1,-0.2118597560458713,-0.5565402507781982,1,4.6454620361328125,1,-0.05320919884575737,-0.5986859798431396,1,4.412109375
24954.453,10,1,1,stimulusMovement,1,-0.23543230692545572,-0.5684496164321899,1,4.5474395751953125,1,-0.09355174170600043,-0.552937388420105,1,4.5722808837890625
24971.12,10,1,1,stimulusMovement,1,-0.21250968509250215,-0.5404491424560547,1,4.654449462890625,1,-0.060305542416042746,-0.6211707592010498,1,4.4244537353515625
24987.786,10,1,1,stimulusMovement,1,-0.2285399966769748,-0.5685254335403442,1,4.5334625244140625,1,-0.06167655520968967,-0.6270402669906616,1,4.45941162109375
25004.452,10,1,1,stimulusMovement,1,-0.21139642927381727,-0.548174262046814,1,4.6024322509765625,1,-0.04424847496880425,-0.6292867660522461,1,4.419525146484375
25021.119,10,1,1,stimulusMovement,1,-0.18222003512912324,-0.4248635768890381,1,4.6805419921875,1,-0.030974547068277992,-0.44883716106414795,1,4.5138092041015625
25037.786,10,1,1,stimulusMovement,1,-0.19653182559543184,-0.298373818397522,1,4.587127685546875,1,0.013731002807617188,-0.32438862323760986,1,4.4965057373046875
25054.451,10,1,1,stimulusMovement,1,-0.17727926042344835,-0.2173537015914917,1,4.599853515625,1,0.015517552693684895,-0.23133236169815063,1,4.500091552734375
25071.118,10,1,1,stimulusMovement,1,-0.1615242428249783,-0.1837385892868042,1,4.5792236328125,1,-0.008912775251600476,-0.24507403373718262,1,4.5445098876953125
25087.785,10,1,1,stimulusMovement,1,-0.15794319576687282,-0.17381995916366577,1,4.597137451171875,1,-0.010680834452311197,-0.18461132049560547,1,4.4085540771484375
25104.451,10,1,1,stimulusMovement,1,-0.1533729765150282,-0.19446724653244019,1,4.618194580078125,1,-0.012954182094997829,-0.18455064296722412,1,4.3966217041015625
25121.117,10,1,1,stimulusMovement,1,-0.1440988116794162,-0.1818508505821228,1,4.62042236328125,1,-0.031170527140299477,-0.19037765264511108,1,4.3983917236328125
25137.784,10,1,1,stimulusMovement,1,-0.16462580362955728,-0.18561124801635742,1,4.5897979736328125,0,nan,nan,0,nan
25154.45,10,1,1,stimulusMovement,1,-0.14911890029907227,-0.1897575855255127,1,4.55303955078125,1,-0.08675109015570746,-0.23733949661254883,1,4.6162109375
25171.116,10,1,1,stimulusMovement,1,-0.18626870049370658,-0.16959774494171143,1,4.48291015625,1,-0.059429592556423605,-0.2662953734397888,1,4.6906585693359375
25187.783,10,1,1,stimulusMovement,1,-0.12029234568277994,-0.1776624321937561,1,4.583770751953125,1,-0.016832245720757377,-0.20479679107666016,1,4.3315887451171875
25204.449,10,1,1,stimulusMovement,1,-0.16837257809109157,-0.17548763751983643,1,4.411529541015625,1,-0.0029102431403266057,-0.34814971685409546,1,4.9834747314453125
25221.116,10,1,1,stimulusMovement,1,-0.13899559444851345,-0.18472254276275635,1,4.4761505126953125,0,nan,nan,0,nan
25237.782,10,1,1,stimulusMovement,1,-0.1544274224175347,-0.19025027751922607,1,4.4009857177734375,1,-0.042062865363226995,-0.18412333726882935,1,4.3535308837890625
25254.448,10,1,1,stimulusMovement,1,-0.09585094451904297,-0.18343406915664673,1,4.5764312744140625,0,nan,nan,0,nan
25271.115,10,1,1,stimulusMovement,0,nan,nan,0,nan,0,nan,nan,0,nan
25287.782,10,1,1,stimulusMovement,0,nan,nan,0,nan,0,nan,nan,0,nan
25304.447,10,1,1,stimulusMovement,1,-0.14698505401611328,-0.19531786441802979,1,4.3715362548828125,0,nan,nan,0,nan
25321.114,10,1,1,stimulusMovement,1,-0.1122897466023763,-0.21970707178115845,1,4.511749267578125,1,0.003601498074001736,-0.21959102153778076,1,4.183807373046875
25337.781,10,1,1,stimulusMovement,1,-0.1515170203314887,-0.19848603010177612,1,4.325714111328125,1,-0.018416404724121094,-0.23695528507232666,1,4.1601104736328125
25354.447,10,1,1,stimulusMovement,1,-0.1715738508436415,-0.2058330774307251,1,4.2670745849609375,1,0.006240950690375433,-0.3160884380340576,1,4.350433349609375
25371.113,10,1,1,stimulusMovement,1,-0.1877121925354004,-0.21260225772857666,1,4.23675537109375,0,nan,nan,0,nan
25387.78,10,1,1,stimulusMovement,1,-0.17030037773980033,-0.1976926326751709,1,4.2821502685546875,1,-0.01763523949517144,-0.25169336795806885,1,4.0984954833984375
25404.446,10,1,1,stimulusMovement,1,-0.1619352764553494,-0.2083081603050232,1,4.305633544921875,1,-0.003934171464708116,-0.26685500144958496,1,4.1757965087890625
25421.112,10,1,1,stimulusMovement,1,-0.15671571095784503,-0.21057963371276855,1,4.31103515625,1,0.0013155407375759548,-0.24969065189361572,1,4.073883056640625
25437.779,10,1,1,stimulusMovement,1,-0.14607885148790148,-0.23005801439285278,1,4.40374755859375,0,nan,nan,0,nan
25454.445,10,1,1,stimulusMovement,1,-0.16926627688937715,-0.21559882164001465,1,4.2548065185546875,1,-0.002605915069580078,-0.2567446827888489,1,4.0836181640625
25471.111,10,1,1,stimulusMovement,1,-0.16092618306477863,-0.24644935131072998,1,4.2729034423828125,1,-0.01861095428466797,-0.27255892753601074,1,4.148956298828125
25487.778,10,1,1,stimulusMovement,1,-0.12419695324367946,-0.24304401874542236,1,4.349090576171875,0,nan,nan,0,nan
25504.444,10,1,1,stimulusMovement,1,-0.1701637374030219,-0.2429834008216858,1,4.278076171875,1,-0.023660447862413194,-0.2849165201187134,1,4.1976165771484375
25521.111,10,1,1,stimulusMovement,1,-0.13857216305202907,-0.25194990634918213,1,4.3260040283203125,1,0.0024964014689127603,-0.2957434058189392,1,4.14031982421875
25537.777,10,1,1,stimulusMovement,1,-0.16707367367214626,-0.2689509987831116,1,4.2626800537109375,0,nan,nan,0,nan
25554.443,10,1,1,stimulusMovement,1,-0.18039009306165907,-0.24070227146148682,1,4.1954193115234375,1,-0.009970770941840278,-0.3016487956047058,1,4.1711578369140625
25571.11,10,1,1,stimulusMovement,1,-0.17399697833591035,-0.2617415189743042,1,4.2676544189453125,1,0.003293779161241319,-0.3006598949432373,1,4.126251220703125
25587.777,10,1,1,stimulusMovement,1,-0.17198477851019964,-0.26265668869018555,1,4.2444305419921875,1,0.028096304999457464,-0.32364195585250854,1,4.2181854248046875
25604.442,10,1,1,stimulusMovement,1,-0.07936912112765841,-0.26895254850387573,1,4.1150360107421875,1,-0.02435297436184353,-0.26552319526672363,1,4.120574951171875
25621.109,10,1,1,stimulusMovement,1,-0.07127883699205186,-0.26931333541870117,1,4.1785125732421875,1,-0.043649408552381724,-0.24486029148101807,1,4.0098876953125
25637.776,10,1,1,stimulusMovement,1,-0.05813720491197374,-0.2536012530326843,1,3.830413818359375,1,-0.061261653900146484,-0.26189368963241577,1,3.740692138671875
25654.442,10,1,1,stimulusMovement,1,-0.05799192852444118,-0.26174426078796387,1,3.8164825439453125,1,-0.05556811226738823,-0.2653539180755615,1,3.7257232666015625
