timestamp,ID,expOrder,trialNumber,event,lv,lx,ly,lpv,lps,rv,rx,ry,rpv,rps
-4.59,18,1,1,stimulusMovement,1,-0.10161315070258246,0.012474864721298218,1,3.543914794921875,1,0.07393021053738064,0.05688774585723877,1,3.4525909423828125
12.082,18,1,1,stimulusMovement,1,-0.11029434204101562,-0.004786849021911621,1,3.57647705078125,1,0.05759599473741319,0.057164162397384644,1,3.4069976806640625
28.755,18,1,1,stimulusMovement,1,-0.09198517269558376,0.010852396488189697,1,3.5939483642578125,1,0.04262065887451172,0.03162789344787598,1,3.510650634765625
45.429,18,1,1,stimulusMovement,1,-0.09950372907850477,0.0009365081787109375,1,3.6095428466796875,1,0.06361018286810981,0.02773648500442505,1,3.5088653564453125
62.099,18,1,1,stimulusMovement,1,-0.11822933620876735,-0.010550260543823242,1,3.5898590087890625,1,0.07253350151909722,0.0436326265335083,1,3.487823486328125
78.766,18,1,1,stimulusMovement,1,-0.09411557515462239,-0.008189082145690918,1,3.604095458984375,1,0.06711652543809679,0.05677470564842224,1,3.440826416015625
95.434,18,1,1,stimulusMovement,0,nan,nan,0,nan,1,0.06620619032118055,0.061303555965423584,1,3.43914794921875
112.103,18,1,1,stimulusMovement,1,-0.08871391084459092,0.012764453887939453,1,3.611785888671875,1,0.08335293663872613,0.06257379055023193,1,3.482269287109375
128.77,18,1,1,stimulusMovement,1,-0.10120450125800239,-0.0009015798568725586,1,3.66802978515625,1,0.09704070621066622,0.0705743134021759,1,3.4415130615234375
145.438,18,1,1,stimulusMovement,1,-0.08678224351671006,0.006534367799758911,1,3.660125732421875,1,0.0882316165500217,0.0766649842262268,1,3.5023651123046875
162.106,18,1,1,stimulusMovement,1,-0.09077103932698567,0.03358888626098633,1,3.6324005126953125,1,0.07508521609836154,0.08281368017196655,1,3.4716644287109375
178.774,18,1,1,stimulusMovement,1,-0.0830293231540256,0.008706927299499512,1,3.6939697265625,1,0.08647388882107204,0.060342609882354736,1,3.488189697265625
195.456,18,1,1,stimulusMovement,1,-0.08203135596381293,-0.023545682430267334,1,3.721099853515625,1,0.08238177829318576,0.06371995806694031,1,3.49078369140625
212.144,18,1,1,stimulusMovement,1,-0.08657937579684787,0.016437172889709473,1,3.6299896240234375,1,0.09652985466851129,0.05415022373199463,1,3.500885009765625
228.833,18,1,1,stimulusMovement,1,-0.07201788160536024,0.01977527141571045,1,3.584625244140625,0,nan,nan,0,nan
245.509,18,1,1,stimulusMovement,1,-0.08533875147501627,0.028134047985076904,1,3.616119384765625,1,0.09263451894124348,0.06352385878562927,1,3.472381591796875
262.18,18,1,1,stimulusMovement,1,-0.10853958129882812,-0.010555565357208252,1,3.7409515380859375,1,0.07336680094401041,0.06933820247650146,1,3.455322265625
278.85,18,1,1,stimulusMovement,1,-0.09522861904568142,0.021073460578918457,1,3.6335296630859375,1,0.06036482916937934,0.058895379304885864,1,3.476531982421875
295.517,18,1,1,stimulusMovement,1,-0.06474961174858941,0.04005855321884155,1,3.5855865478515625,1,0.0726327896118164,0.07197195291519165,1,3.535888671875
312.183,18,1,1,stimulusMovement,1,-0.10707834031846787,0.026538938283920288,1,3.618499755859375,1,0.07016351487901475,0.08195456862449646,1,3.5092010498046875
328.849,18,1,1,stimulusMovement,1,-0.0873167249891493,0.038096874952316284,1,3.653167724609375,1,0.07023641798231336,0.06159937381744385,1,3.527679443359375
345.518,18,1,1,stimulusMovement,1,-0.08059994379679361,0.009313851594924927,1,3.693328857421875,1,0.0652727550930447,0.07287460565567017,1,3.496856689453125
362.188,18,1,1,stimulusMovement,1,-0.08924590216742621,0.023508012294769287,1,3.64678955078125,1,0.06887033250596789,0.08031871914863586,1,3.551849365234375
378.858,18,1,1,stimulusMovement,1,-0.0892757839626736,0.022172152996063232,1,3.6410675048828125,1,0.07802051968044704,0.08553534746170044,1,3.516876220703125
395.514,18,1,1,stimulusMovement,1,-0.11617390314737955,0.024928271770477295,1,3.6561431884765625,1,0.07288901011149088,0.09724602103233337,1,3.527496337890625
412.165,18,1,1,stimulusMovement,1,-0.08708402845594618,0.009108543395996094,1,3.7142333984375,1,0.07856559753417969,0.06650656461715698,1,3.5137176513671875
428.813,18,1,1,stimulusMovement,1,-0.08444076114230685,-0.0029047131538391113,1,3.7054595947265625,1,0.07854440477159287,0.0557609498500824,1,3.6174774169921875
445.477,18,1,1,stimulusMovement,1,-0.09580294291178384,0.01853024959564209,1,3.68414306640625,1,0.06500233544243707,0.06876575946807861,1,3.575836181640625
462.145,18,1,1,stimulusMovement,1,-0.0999415185716417,-0.004579484462738037,1,3.72412109375,1,0.08507453070746528,0.04851284623146057,1,3.55804443359375
478.812,18,1,1,stimulusMovement,1,-0.10396273930867513,-0.010688722133636475,1,3.77276611328125,1,0.05585299597846137,0.08626070618629456,1,3.5012054443359375
495.481,18,1,1,stimulusMovement,0,nan,nan,0,nan,1,0.0854956309000651,0.08900487422943115,1,3.530517578125
512.15,18,1,1,stimulusMovement,1,-0.1069661776224772,0.004846394062042236,1,3.654937744140625,1,0.06627188788519965,0.07638517022132874,1,3.4952392578125
528.818,18,1,1,stimulusMovement,1,-0.09722699059380424,0.008018553256988525,1,3.6824188232421875,1,0.07730674743652344,0.04984867572784424,1,3.5684661865234375
545.488,18,1,1,stimulusMovement,1,-0.08488840527004665,0.0043464601039886475,1,3.6939697265625,1,0.09118843078613281,0.04739934206008911,1,3.5742034912109375
562.156,18,1,1,stimulusMovement,1,-0.07879034678141275,0.021215498447418213,1,3.638916015625,1,0.0676362779405382,0.07341304421424866,1,3.51177978515625
578.824,18,1,1,stimulusMovement,1,-0.08044650819566514,0.02165663242340088,1,3.6751556396484375,1,0.08530775705973306,0.08377757668495178,1,3.5056304931640625
595.487,18,1,1,stimulusMovement,1,-0.08181550767686631,0.01343238353729248,1,3.6250152587890625,1,0.09230242835150824,0.0809309184551239,1,3.4905853271484375
612.15,18,1,1,stimulusMovement,1,-0.07727119657728407,0.0021569132804870605,1,3.6405181884765625,1,0.08800390031602646,0.07050073146820068,1,3.485260009765625
628.81,18,1,1,stimulusMovement,1,-0.06376377741495767,-0.008755087852478027,1,3.6737823486328125,1,0.06875409020317926,0.021456241607666016,1,3.6339111328125
645.477,18,1,1,stimulusMovement,0,nan,nan,0,nan,1,0.09823163350423177,0.06793588399887085,1,3.5160064697265625
662.145,18,1,1,stimulusMovement,1,-0.08413441975911458,0.010340243577957153,1,3.6022491455078125,1,0.0867365731133355,0.04417729377746582,1,3.5712432861328125
678.812,18,1,1,stimulusMovement,1,-0.08500459459092881,0.012486875057220459,1,3.604888916015625,1,0.08300791846381293,0.08598190546035767,1,3.42608642578125
695.476,18,1,1,stimulusMovement,1,-0.07837020026312934,0.016468316316604614,1,3.5866241455078125,1,0.07135804494222005,0.07109498977661133,1,3.4714508056640625
712.14,18,1,1,stimulusMovement,1,-0.08036613464355469,0.020017534494400024,1,3.5187835693359375,1,0.08248350355360243,0.06503459811210632,1,3.4955291748046875
728.801,18,1,1,stimulusMovement,0,nan,nan,0,nan,1,0.0888724856906467,0.07234641909599304,1,3.49139404296875
745.468,18,1,1,stimulusMovement,1,-0.06962521870930989,0.009093105792999268,1,3.5664215087890625,1,0.07511721716986762,0.0833921730518341,1,3.48114013671875
762.135,18,1,1,stimulusMovement,1,-0.06963809331258138,0.018145859241485596,1,3.533172607421875,1,0.07789887322319879,0.06827312707901001,1,3.4911956787109375
778.802,18,1,1,stimulusMovement,1,-0.06912941402859157,0.011347770690917969,1,3.5870361328125,1,0.08397907680935329,0.06898590922355652,1,3.4705810546875
795.465,18,1,1,stimulusMovement,1,-0.09141042497422959,0.012291878461837769,1,3.5541229248046875,1,0.09179178873697916,0.08354610204696655,1,3.409027099609375
812.127,18,1,1,stimulusMovement,1,-0.08936776055230035,0.023717761039733887,1,3.5334320068359375,0,nan,nan,0,nan
828.787,18,1,1,stimulusMovement,1,-0.07252830929226345,-0.0034273862838745117,1,3.5558013916015625,1,0.08363776736789279,0.08172500133514404,1,3.388458251953125
845.453,18,1,1,stimulusMovement,1,-0.09379206763373481,0.023934543132781982,1,3.4640045166015625,1,0.08345805274115668,0.05508878827095032,1,3.4488067626953125
862.12,18,1,1,stimulusMovement,1,-0.08334096272786458,0.0002561211585998535,1,3.5322418212890625,1,0.09033934275309244,0.09103906154632568,1,3.3464508056640625
878.786,18,1,1,stimulusMovement,1,-0.07889652252197266,0.014139175415039062,1,3.4875640869140625,1,0.08095211452907985,0.09300470352172852,1,3.344268798828125
895.453,18,1,1,stimulusMovement,1,-0.06988938649495442,0.013729572296142578,1,3.497650146484375,1,0.07979149288601345,0.07946348190307617,1,3.37371826171875
912.119,18,1,1,stimulusMovement,1,-0.06132327185736762,0.017940670251846313,1,3.49249267578125,1,0.0767679214477539,0.08716526627540588,1,3.3311767578125
928.784,18,1,1,stimulusMovement,1,-0.05296558803982204,-0.012405991554260254,1,3.579315185546875,1,0.06698354085286458,0.08539140224456787,1,3.3303985595703125
945.45,18,1,1,stimulusMovement,1,-0.07848135630289713,0.00019502639770507812,1,3.5105438232421875,1,0.11108387841118705,0.024049818515777588,1,3.4974212646484375
962.116,18,1,1,stimulusMovement,1,-0.0815114974975586,0.005839437246322632,1,3.521484375,1,0.10551537407769096,0.0815308690071106,1,3.40447998046875
978.781,18,1,1,stimulusMovement,1,-0.050413979424370654,0.03325280547142029,1,3.4835205078125,1,0.11569001939561631,0.06177118420600891,1,3.402008056640625
995.449,18,1,1,stimulusMovement,1,-0.05367734697129991,0.032509803771972656,1,3.4828643798828125,1,0.08170308007134332,0.08387947082519531,1,3.4282989501953125
1012.116,18,1,1,stimulusMovement,1,-0.05317136976453993,0.013776987791061401,1,3.53887939453125,1,0.07066737280951606,0.06226050853729248,1,3.4274139404296875
1028.782,18,1,1,stimulusMovement,1,-0.08667400148179795,-0.026324808597564697,1,3.6091156005859375,1,0.09923352135552299,0.07176172733306885,1,3.347808837890625
1045.449,18,1,1,stimulusMovement,1,-0.0698542594909668,0.025406748056411743,1,3.5182952880859375,1,0.10415999094645181,0.07605969905853271,1,3.3933563232421875
1062.116,18,1,1,stimulusMovement,1,-0.08236238691541883,0.024687588214874268,1,3.512115478515625,1,0.09088473849826388,0.07235351204872131,1,3.3780517578125
1078.782,18,1,1,stimulusMovement,1,-0.03435998492770725,-0.16848307847976685,1,4.0406494140625,1,0.083243899875217,0.09577822685241699,1,3.3282012939453125
1095.449,18,1,1,stimulusMovement,1,-0.06762642330593532,0.010548830032348633,1,3.5609130859375,1,0.09934510125054252,0.07812464237213135,1,3.359161376953125
1112.116,18,1,1,stimulusMovement,1,-0.059737099541558154,0.01853048801422119,1,3.5213470458984375,1,0.06035296122233073,0.09576654434204102,1,3.3741912841796875
1128.783,18,1,1,stimulusMovement,1,-0.0818294949001736,-0.005959510803222656,1,3.5753173828125,1,0.08889950646294488,0.07203185558319092,1,3.365814208984375
1145.451,18,1,1,stimulusMovement,1,-0.07141764958699544,0.01517874002456665,1,3.553680419921875,1,0.09139982859293619,0.10694533586502075,1,3.2709503173828125
1162.118,18,1,1,stimulusMovement,1,-0.05224381552802192,0.031214237213134766,1,3.5484771728515625,1,0.07031398349338107,0.038863420486450195,1,3.4136199951171875
1178.785,18,1,1,stimulusMovement,1,-0.10941584904988606,0.03878301382064819,1,3.5040740966796875,1,0.04991022745768229,0.08397787809371948,1,3.380950927734375
1195.452,18,1,1,stimulusMovement,1,-0.08227274152967665,0.017651855945587158,1,3.5556488037109375,1,0.06832875145806207,0.06783914566040039,1,3.435089111328125
1212.12,18,1,1,stimulusMovement,1,-0.1018340852525499,0.03537249565124512,1,3.54144287109375,1,0.07621161142985025,0.09912282228469849,1,3.3261566162109375
1228.787,18,1,1,stimulusMovement,1,-0.08472050560845269,0.024848610162734985,1,3.51519775390625,1,0.06944243113199869,0.08329734206199646,1,3.38055419921875
1245.454,18,1,1,stimulusMovement,1,-0.098420778910319,0.03924846649169922,1,3.5452728271484375,0,nan,nan,0,nan
1262.122,18,1,1,stimulusMovement,1,-0.08087476094563802,0.016691982746124268,1,3.5446929931640625,0,nan,nan,0,nan
1278.788,18,1,1,stimulusMovement,1,-0.06895436180962457,0.019952833652496338,1,3.5555572509765625,1,0.07884947458902994,0.08923321962356567,1,3.380767822265625
1295.457,18,1,1,stimulusMovement,1,-0.08833800421820746,0.03586426377296448,1,3.5498046875,1,0.06785519917805989,0.08728772401809692,1,3.3818817138671875
1312.124,18,1,1,stimulusMovement,1,-0.11049927605523002,-0.00022494792938232422,1,3.5796966552734375,1,0.07635709974500868,0.07805103063583374,1,3.390167236328125
1328.79,18,1,1,stimulusMovement,1,-0.10439830356174044,0.02432429790496826,1,3.60888671875,1,0.05050775739881727,0.08157980442047119,1,3.397979736328125
1345.457,18,1,1,stimulusMovement,1,-0.09508053461710611,0.020832836627960205,1,3.5919647216796875,1,0.08668963114420572,0.06921553611755371,1,3.4876251220703125
1362.124,18,1,1,stimulusMovement,1,-0.10449451870388454,0.004802346229553223,1,3.666839599609375,1,0.06600507100423177,0.07736232876777649,1,3.440673828125
1378.79,18,1,1,stimulusMovement,1,-0.10528341929117838,0.015165776014328003,1,3.670745849609375,1,0.07605489095052083,0.0777578353881836,1,3.45806884765625
1395.457,18,1,1,stimulusMovement,1,-0.08916091918945312,-0.004390239715576172,1,3.7093505859375,1,0.08512369791666666,0.0727357268333435,1,3.505157470703125
1412.124,18,1,1,stimulusMovement,1,-0.07395871480305989,0.026548445224761963,1,3.6893310546875,1,0.10153208838568793,0.08018243312835693,1,3.4870758056640625
1428.79,18,1,1,stimulusMovement,0,nan,nan,0,nan,1,0.0874590343899197,0.0902983546257019,1,3.4389801025390625
1445.457,18,1,1,stimulusMovement,1,-0.06933874554104275,0.0322626531124115,1,3.6954193115234375,1,0.09256797366672091,0.1160045862197876,1,3.3831024169921875
1462.124,18,1,1,stimulusMovement,1,-0.06969854566786024,0.023595213890075684,1,3.634002685546875,1,0.07617579566107856,0.08095109462738037,1,3.4577484130859375
1478.79,18,1,1,stimulusMovement,1,-0.057582749260796436,0.03855258226394653,1,3.6361846923828125,1,0.1015942891438802,0.07936304807662964,1,3.49932861328125
1495.456,18,1,1,stimulusMovement,0,nan,nan,0,nan,1,0.06449402703179254,0.07999500632286072,1,3.4214630126953125
1512.123,18,1,1,stimulusMovement,0,nan,nan,0,nan,1,0.09498331281873915,0.06499373912811279,1,3.4970245361328125
1528.788,18,1,1,stimulusMovement,1,-0.07765192455715603,0.010090351104736328,1,3.6437530517578125,1,0.08551247914632161,0.085450679063797,1,3.466705322265625
1545.454,18,1,1,stimulusMovement,1,-0.07166926066080728,0.013869225978851318,1,3.66357421875,1,0.10026952955457899,0.07802408933639526,1,3.4375457763671875
1562.121,18,1,1,stimulusMovement,1,-0.08215485678778754,0.033323198556900024,1,3.5939788818359375,1,0.11562432183159721,0.08437815308570862,1,3.4767608642578125
1578.786,18,1,1,stimulusMovement,1,-0.06297026740180121,0.004815399646759033,1,3.69146728515625,1,0.1007142596774631,0.08347803354263306,1,3.4368438720703125
1595.452,18,1,1,stimulusMovement,1,-0.07102044423421223,0.03150379657745361,1,3.627655029296875,1,0.09790706634521484,0.0860477089881897,1,3.4688873291015625
1612.118,18,1,1,fixation,1,-0.07317315207587348,0.026319563388824463,1,3.641998291015625,1,0.07847881317138672,0.08716607093811035,1,3.4338226318359375
1628.784,18,1,1,fixation,1,-0.042420228322347,0.02910059690475464,1,3.4171142578125,1,0.11838118235270181,0.06745493412017822,1,3.2182464599609375
1645.451,18,1,1,fixation,1,-0.05548090404934353,0.017521053552627563,1,3.4325103759765625,1,0.08254019419352213,0.05499693751335144,1,3.240936279296875
1662.117,18,1,1,fixation,0,nan,nan,0,nan,0,nan,nan,0,nan
1678.783,18,1,1,fixation,1,-0.07793235778808594,0.04254314303398132,1,3.5914306640625,1,0.07684940761990017,0.07105311751365662,1,3.484466552734375
1695.448,18,1,1,fixation,1,-0.03969319661458333,0.03205984830856323,1,3.4323883056640625,1,0.11465263366699219,0.06990176439285278,1,3.2190704345703125
1712.114,18,1,1,fixation,1,-0.052332295311821826,0.019265055656433105,1,3.4421234130859375,1,0.09517923990885416,0.06575733423233032,1,3.23797607421875
1728.78,18,1,1,fixation,0,nan,nan,0,nan,0,nan,nan,0,nan
1745.445,18,1,1,fixation,1,-0.04866303337944878,-0.006706297397613525,1,3.7733154296875,1,0.09239652421739365,0.07628685235977173,1,3.4745025634765625
1762.111,18,1,1,fixation,1,-0.04875649346245659,0.03439784049987793,1,3.4344635009765625,1,0.11817285749647352,0.07771733403205872,1,3.2125701904296875
1778.777,18,1,1,fixation,1,-0.057284673055013016,0.020663797855377197,1,3.4383392333984375,1,0.08153788248697916,0.05980485677719116,1,3.2246856689453125
1795.442,18,1,1,fixation,0,nan,nan,0,nan,0,nan,nan,0,nan
1812.108,18,1,1,fixation,1,-0.07282177607218424,-0.0019687414169311523,1,3.70477294921875,1,0.09651290045844184,0.07575958967208862,1,3.483612060546875
1828.773,18,1,1,fixation,1,-0.04545370737711588,0.03350529074668884,1,3.4037628173828125,1,0.11710294087727864,0.07582598924636841,1,3.1948699951171875
1845.44,18,1,1,fixation,1,-0.06075737211439344,0.020391523838043213,1,3.4145965576171875,1,0.08278338114420572,0.059398144483566284,1,3.2126617431640625
1862.105,18,1,1,fixation,0,nan,nan,0,nan,0,nan,nan,0,nan
1878.771,18,1,1,fixation,1,-0.06685108608669704,-0.01642066240310669,1,3.71197509765625,1,0.09580538007948133,0.06939315795898438,1,3.4601898193359375
1895.437,18,1,1,fixation,1,-0.0405329598320855,0.03173723816871643,1,3.38446044921875,1,0.12109396192762586,0.07492902874946594,1,3.1707763671875
1912.104,18,1,1,fixation,1,-0.05950556861029731,0.0357288122177124,1,3.3656158447265625,1,0.086192872789171,0.06913495063781738,1,3.1776580810546875
1928.769,18,1,1,fixation,0,nan,nan,0,nan,0,nan,nan,0,nan
1945.436,18,1,1,fixation,1,-0.04079776340060764,-0.03352093696594238,1,3.7376708984375,1,0.08845912085639106,0.08638787269592285,1,3.3807525634765625
1962.103,18,1,1,fixation,1,-0.04357560475667317,0.04037821292877197,1,3.3447265625,1,0.11762089199490017,0.07582002878189087,1,3.1420440673828125
1978.769,18,1,1,fixation,1,-0.06040891011555989,0.02283647656440735,1,3.347991943359375,1,0.08867232004801431,0.07233566045761108,1,3.1465606689453125
1995.435,18,1,1,fixation,0,nan,nan,0,nan,0,nan,nan,0,nan
2012.102,18,1,1,fixation,1,-0.06813377804226345,0.010022759437561035,1,3.5812225341796875,1,0.07036505805121528,0.08817362785339355,1,3.4238128662109375
2028.768,18,1,1,fixation,1,-0.03922049204508463,0.04210478067398071,1,3.28955078125,1,0.11715740627712673,0.07482582330703735,1,3.0985870361328125
2045.434,18,1,1,fixation,1,-0.05993101331922743,0.030948936939239502,1,3.2838287353515625,1,0.08678584628634982,0.07180815935134888,1,3.105621337890625
2062.101,18,1,1,fixation,0,nan,nan,0,nan,0,nan,nan,0,nan
2078.768,18,1,1,fixation,1,-0.058804617987738714,0.048458635807037354,1,3.5230255126953125,1,0.09814993540445963,0.09165272116661072,1,3.3353729248046875
2095.434,18,1,1,fixation,1,-0.038480016920301646,0.03673207759857178,1,3.2496185302734375,1,0.12008836534288193,0.06701275706291199,1,3.071136474609375
2112.1,18,1,1,fixation,1,-0.05658139122856987,0.030617505311965942,1,3.248077392578125,1,0.09378698137071396,0.0769137442111969,1,3.061187744140625
2128.766,18,1,1,fixation,0,nan,nan,0,nan,0,nan,nan,0,nan
2145.433,18,1,1,fixation,1,-0.07404422760009766,0.01386144757270813,1,3.5346832275390625,1,0.09745608435736762,0.0835951566696167,1,3.3377838134765625
2162.1,18,1,1,fixation,1,-0.040207862854003906,0.046332746744155884,1,3.2012481689453125,1,0.11765999264187282,0.06854110956192017,1,3.0408935546875
2178.765,18,1,1,fixation,1,-0.05738920635647243,0.03155428171157837,1,3.2146759033203125,1,0.08566453721788193,0.06147056818008423,1,3.059417724609375
2195.432,18,1,1,fixation,0,nan,nan,0,nan,0,nan,nan,0,nan
2212.099,18,1,1,fixation,1,-0.06804720560709634,0.035003721714019775,1,3.42144775390625,1,0.07541380988226996,0.06847894191741943,1,3.2668304443359375
2228.765,18,1,1,fixation,1,-0.043911245134141706,0.03728222846984863,1,3.1856689453125,1,0.1055606206258138,0.06882059574127197,1,3.0171356201171875
2245.431,18,1,1,fixation,1,-0.06570625305175781,0.03300890326499939,1,3.1929473876953125,1,0.07969347635904947,0.0638212263584137,1,3.0381622314453125
2262.098,18,1,1,fixation,0,nan,nan,0,nan,0,nan,nan,0,nan
2278.765,18,1,1,fixation,1,-0.07910892698499891,0.02934497594833374,1,3.4509735107421875,1,0.07634109920925564,0.07122871279716492,1,3.3246307373046875
2295.431,18,1,1,fixation,1,-0.04553821351793077,0.0376763641834259,1,3.1956329345703125,1,0.10663541158040364,0.07528382539749146,1,3.0131378173828125
2312.097,18,1,1,fixation,1,-0.06297620137532552,0.030579090118408203,1,3.210357666015625,1,0.07826243506537543,0.07114452123641968,1,3.0309600830078125
2328.763,18,1,1,fixation,0,nan,nan,0,nan,0,nan,nan,0,nan
2345.43,18,1,1,fixation,1,-0.06323729621039496,0.017396152019500732,1,3.4746246337890625,1,0.09166505601671006,0.09412530064582825,1,3.25177001953125
2362.096,18,1,1,fixation,1,-0.04558425479465061,0.040778398513793945,1,3.2075347900390625,1,0.10693634880913627,0.06729665398597717,1,3.0302276611328125
2378.762,18,1,1,fixation,1,-0.06290075514051649,0.03596535325050354,1,3.2211761474609375,1,0.07718637254503037,0.07225143909454346,1,3.044281005859375
2395.429,18,1,1,fixation,0,nan,nan,0,nan,0,nan,nan,0,nan
2412.096,18,1,1,fixation,1,-0.07508553398980035,0.03166234493255615,1,3.45745849609375,1,0.08577007717556423,0.04302406311035156,1,3.402587890625
2428.761,18,1,1,fixation,1,-0.052840232849121094,0.03905358910560608,1,3.240325927734375,1,0.10478602515326606,0.07451450824737549,1,3.0381011962890625
2445.428,18,1,1,fixation,1,-0.07339964972601996,0.031028777360916138,1,3.246124267578125,1,0.07467545403374566,0.06706392765045166,1,3.06878662109375
2462.095,18,1,1,fixation,0,nan,nan,0,nan,0,nan,nan,0,nan
2478.762,18,1,1,fixation,1,-0.06312539842393664,0.01462697982788086,1,3.524139404296875,1,0.09288830227322048,0.08438792824745178,1,3.3529052734375
2495.427,18,1,1,fixation,1,-0.03991148206922743,0.03962963819503784,1,3.2586669921875,1,0.1141170925564236,0.06806105375289917,1,3.0630035400390625
2512.094,18,1,1,fixation,1,-0.063680542839898,0.02921193838119507,1,3.273101806640625,1,0.08326488071017794,0.07631224393844604,1,3.068511962890625
2528.76,18,1,1,fixation,0,nan,nan,0,nan,0,nan,nan,0,nan
2545.427,18,1,1,fixation,1,-0.09074147542317708,0.040381431579589844,1,3.5112457275390625,1,0.07815032535129122,0.07342317700386047,1,3.3592376708984375
2562.093,18,1,1,fixation,1,-0.041775915357801646,0.04767999053001404,1,3.2656707763671875,1,0.11243904961480033,0.07219970226287842,1,3.0623626708984375
2578.759,18,1,1,fixation,1,-0.06132782830132378,0.02950495481491089,1,3.2753143310546875,1,0.08472548590766059,0.06496691703796387,1,3.0870361328125
2595.426,18,1,1,fixation,0,nan,nan,0,nan,0,nan,nan,0,nan
2612.093,18,1,1,fixation,1,-0.08501593271891275,0.02026018500328064,1,3.57635498046875,1,0.08245658874511719,0.08494868874549866,1,3.329620361328125
2628.758,18,1,1,fixation,1,-0.04397243923611111,0.03766113519668579,1,3.2737579345703125,1,0.11434523264567056,0.07095324993133545,1,3.0762786865234375
2645.425,18,1,1,fixation,1,-0.0641227298312717,0.03390389680862427,1,3.2783050537109375,1,0.08420753479003906,0.07246571779251099,1,3.0865020751953125
2662.092,18,1,1,fixation,0,nan,nan,0,nan,0,nan,nan,0,nan
2678.758,18,1,1,fixation,1,-0.08650922775268555,0.03270837664604187,1,3.520843505859375,1,0.08518303765190972,0.07341629266738892,1,3.4150238037109375
2695.424,18,1,1,fixation,1,-0.04321299658881293,0.0420573353767395,1,3.275909423828125,1,0.11489147610134548,0.07663553953170776,1,3.0825958251953125
2712.091,18,1,1,fixation,1,-0.06334177652994791,0.02290332317352295,1,3.2977294921875,1,0.08098125457763672,0.06226041913032532,1,3.1176605224609375
2728.757,18,1,1,fixation,0,nan,nan,0,nan,0,nan,nan,0,nan
2745.423,18,1,1,fixation,1,-0.06893820232815212,0.04566207528114319,1,3.4851531982421875,1,0.055978880988226995,0.021139919757843018,1,3.5667724609375
2762.09,18,1,1,fixation,1,-0.047080145941840276,0.03647935390472412,1,3.2960662841796875,1,0.11228667365180121,0.06645441055297852,1,3.1100311279296875
2778.756,18,1,1,fixation,1,-0.06406540340847439,0.02245756983757019,1,3.3117218017578125,1,0.081595950656467,0.06578242778778076,1,3.131011962890625
2795.423,18,1,1,fixation,0,nan,nan,0,nan,0,nan,nan,0,nan
2812.089,18,1,1,fixation,1,-0.07150724199083115,0.02322906255722046,1,3.532318115234375,1,0.08922926584879556,0.08401277661323547,1,3.4001312255859375
2828.755,18,1,1,fixation,1,-0.04357126024034288,0.03381931781768799,1,3.313201904296875,1,0.10858440399169922,0.07129281759262085,1,3.1193695068359375
2845.422,18,1,1,fixation,1,-0.06455961863199869,0.023180902004241943,1,3.326416015625,1,0.08340231577555338,0.07140374183654785,1,3.1282196044921875
2862.089,18,1,1,fixation,0,nan,nan,0,nan,0,nan,nan,0,nan
2878.755,18,1,1,fixation,1,-0.06862735748291016,0.003698378801345825,1,3.665771484375,1,0.09624671936035156,0.06813850998878479,1,3.454803466796875
2895.421,18,1,1,fixation,1,-0.042372809516059026,0.036208927631378174,1,3.3254241943359375,1,0.11224757300482856,0.06648465991020203,1,3.139434814453125
2912.088,18,1,1,fixation,1,-0.06273227267795138,0.024539649486541748,1,3.3394622802734375,1,0.07870886060926649,0.06657636165618896,1,3.1593170166015625
2928.753,18,1,1,stimulusMovement,0,nan,nan,0,nan,0,nan,nan,0,nan
2945.42,18,1,1,stimulusMovement,1,-0.05965465969509548,0.034063905477523804,1,3.6166534423828125,0,nan,nan,0,nan
2962.087,18,1,1,stimulusMovement,1,-0.05333571963840061,0.018974393606185913,1,3.6559906005859375,1,0.07453674740261501,0.07764524221420288,1,3.3987884521484375
2978.753,18,1,1,stimulusMovement,1,-0.08024056752522786,0.05067548155784607,1,3.5529022216796875,1,0.09770668877495658,0.08260869979858398,1,3.437713623046875
2995.419,18,1,1,stimulusMovement,1,-0.09863715701633029,0.022947996854782104,1,3.6456451416015625,1,0.06818898518880208,0.08998554944992065,1,3.4270782470703125
3012.086,18,1,1,stimulusMovement,1,-0.0655066172281901,0.030602633953094482,1,3.5912322998046875,1,0.0759286880493164,0.08469903469085693,1,3.4621124267578125
3028.753,18,1,1,stimulusMovement,1,-0.08814668655395508,0.023138701915740967,1,3.6085968017578125,1,0.08950678507486978,-0.0024303793907165527,1,3.6821441650390625
3045.421,18,1,1,stimulusMovement,1,-0.05364969041612413,0.029031336307525635,1,3.584503173828125,1,0.09119468265109591,0.06811738014221191,1,3.4410858154296875
3062.088,18,1,1,stimulusMovement,1,-0.06587092081705728,0.010289520025253296,1,3.65716552734375,1,0.09260283576117621,0.07188433408737183,1,3.4118194580078125
3078.755,18,1,1,stimulusMovement,1,-0.05099137624104817,0.03598719835281372,1,3.557891845703125,1,0.08711645338270399,0.07916009426116943,1,3.34881591796875
3095.424,18,1,1,stimulusMovement,1,-0.049840079413519964,0.03742074966430664,1,3.56842041015625,1,0.08316495683458115,0.0914333164691925,1,3.3956146240234375
3112.092,18,1,1,stimulusMovement,1,-0.10977543724907768,-0.025847792625427246,1,3.7179412841796875,1,0.09121047125922309,0.08570632338523865,1,3.422943115234375
3128.758,18,1,1,stimulusMovement,1,-0.060744921366373696,-0.012440145015716553,1,3.6663818359375,1,0.06701893276638454,0.1063033938407898,1,3.3677825927734375
3145.426,18,1,1,stimulusMovement,1,-0.06505176756117079,0.04914933443069458,1,3.5296173095703125,1,0.07537841796875,0.09952181577682495,1,3.373748779296875
3162.094,18,1,1,stimulusMovement,1,-0.0685169431898329,0.002388596534729004,1,3.5746917724609375,1,0.0893710454305013,0.0711108148097992,1,3.46575927734375
3178.761,18,1,1,stimulusMovement,1,-0.0709991455078125,0.07023346424102783,1,3.48468017578125,1,0.08027034335666232,0.08101671934127808,1,3.335174560546875
3195.428,18,1,1,stimulusMovement,0,nan,nan,0,nan,1,0.10334067874484591,0.07881024479866028,1,3.39337158203125
3212.096,18,1,1,stimulusMovement,1,-0.0663505130343967,0.025210142135620117,1,3.5860748291015625,1,0.07565667894151475,0.07710137963294983,1,3.304840087890625
3228.764,18,1,1,stimulusMovement,1,-0.052189297146267355,0.015160471200942993,1,3.6435546875,1,0.08826849195692274,0.08923971652984619,1,3.3985595703125
3245.431,18,1,1,stimulusMovement,1,-0.07580524020724826,0.021184951066970825,1,3.5753021240234375,1,0.0762133068508572,0.07477617263793945,1,3.413970947265625
3262.099,18,1,1,stimulusMovement,1,-0.05391905042860243,0.01876935362815857,1,3.594390869140625,1,0.11042033301459418,0.07919237017631531,1,3.4160003662109375
3278.766,18,1,1,stimulusMovement,1,-0.0786386595831977,0.018696844577789307,1,3.585174560546875,1,0.09861405690511067,0.029699087142944336,1,3.536102294921875
3295.434,18,1,1,stimulusMovement,1,-0.06762319140964083,0.03048419952392578,1,3.5883026123046875,1,0.09744008382161458,0.06926262378692627,1,3.43902587890625
3312.102,18,1,1,stimulusMovement,1,-0.07099633746676974,0.015995055437088013,1,3.5683746337890625,1,0.09609561496310763,0.08432632684707642,1,3.4221649169921875
3328.769,18,1,1,stimulusMovement,1,-0.039349502987331815,0.026241660118103027,1,3.5626678466796875,1,0.159423828125,0.0014269351959228516,1,3.7429351806640625
3345.437,18,1,1,stimulusMovement,1,-0.04636372460259331,0.06367892026901245,1,3.5252532958984375,1,0.10924869113498263,0.09072035551071167,1,3.426544189453125
3362.106,18,1,1,stimulusMovement,1,-0.06725798712836371,-0.02467060089111328,1,3.816131591796875,1,0.10653601752387153,0.0926932692527771,1,3.4102783203125
3378.772,18,1,1,stimulusMovement,1,-0.0517992443508572,0.07466500997543335,1,3.505462646484375,1,0.11124059889051649,0.08468031883239746,1,3.405242919921875
3395.44,18,1,1,stimulusMovement,1,-0.04491493437025282,0.027160614728927612,1,3.5917510986328125,1,0.11546081966824001,0.0716409683227539,1,3.42132568359375
3412.109,18,1,1,stimulusMovement,1,-0.05568875206841362,0.026039600372314453,1,3.5761260986328125,1,0.10080125596788193,0.10648083686828613,1,3.3432464599609375
3428.776,18,1,1,stimulusMovement,1,-0.054669592115614146,0.03857314586639404,1,3.540496826171875,1,0.109527587890625,0.07470658421516418,1,3.4571075439453125
3445.443,18,1,1,stimulusMovement,1,-0.05495961507161458,0.028297066688537598,1,3.62713623046875,1,0.1103811264038086,0.08452916145324707,1,3.404022216796875
3462.112,18,1,1,stimulusMovement,1,-0.051326751708984375,0.02418065071105957,1,3.638885498046875,1,0.11394755045572916,0.08672946691513062,1,3.407684326171875
3478.779,18,1,1,stimulusMovement,1,-0.036377906799316406,0.0474621057510376,1,3.6065216064453125,1,0.12395964728461371,0.08261221647262573,1,3.464630126953125
3495.448,18,1,1,stimulusMovement,0,nan,nan,0,nan,1,0.12032794952392578,0.08554664254188538,1,3.398651123046875
3512.115,18,1,1,stimulusMovement,1,-0.05734501944647895,0.014981985092163086,1,3.657958984375,1,0.09799151950412326,0.0949021577835083,1,3.37225341796875
3528.783,18,1,1,stimulusMovement,0,nan,nan,0,nan,1,0.12547355228000218,0.0526965856552124,1,3.521759033203125
3545.451,18,1,1,stimulusMovement,1,-0.040081818898518876,0.04120278358459473,1,3.63507080078125,1,0.13300927480061847,0.04729360342025757,1,3.4834442138671875
3562.119,18,1,1,stimulusMovement,1,-0.04683823055691189,0.04513514041900635,1,3.608062744140625,1,0.10035514831542969,0.05093646049499512,1,3.5539398193359375
3578.786,18,1,1,stimulusMovement,1,-0.04642528957790799,0.025352030992507935,1,3.668914794921875,1,0.1271991729736328,0.069835364818573,1,3.4466705322265625
3595.454,18,1,1,stimulusMovement,1,-0.056424511803521045,0.02447432279586792,1,3.6859893798828125,1,0.10425048404269747,0.09743097424507141,1,3.3718109130859375
3612.123,18,1,1,stimulusMovement,1,-0.04982614517211914,0.05622988939285278,1,3.5960693359375,1,0.10941992865668403,0.09800609946250916,1,3.428070068359375
3628.79,18,1,1,stimulusMovement,1,-0.053396013047960066,-0.0002639889717102051,1,3.7373809814453125,1,0.10428418053521049,0.07457894086837769,1,3.44146728515625
3645.459,18,1,1,stimulusMovement,1,-0.032870610555013016,0.05642065405845642,1,3.6122894287109375,1,0.11718951331244574,0.07148125767707825,1,3.4087677001953125
3662.127,18,1,1,stimulusMovement,1,-0.02364057964748806,-0.010187745094299316,1,3.7870330810546875,1,0.13533846537272134,0.07234004139900208,1,3.4862518310546875
3678.794,18,1,1,stimulusMovement,1,-0.049676259358723954,0.005764275789260864,1,3.72821044921875,1,0.11879221598307291,0.09990507364273071,1,3.4079437255859375
3695.462,18,1,1,stimulusMovement,1,-0.044757101270887584,0.04079306125640869,1,3.67474365234375,1,0.1156669192843967,0.08743894100189209,1,3.4294586181640625
3712.131,18,1,1,stimulusMovement,1,-0.0604512956407335,0.01670128107070923,1,3.7118682861328125,1,0.11211585998535156,0.06513091921806335,1,3.4340667724609375
3728.798,18,1,1,stimulusMovement,1,-0.03630871242947049,0.05502009391784668,1,3.6251068115234375,1,0.13381301032172307,0.08715003728866577,1,3.46630859375
3745.466,18,1,1,stimulusMovement,1,-0.02986198001437717,0.024020373821258545,1,3.7107086181640625,1,0.09926107194688584,0.02629995346069336,1,3.5774078369140625
3762.135,18,1,1,stimulusMovement,1,-0.03965081108940972,0.022621244192123413,1,3.742401123046875,1,0.1215026643541124,0.07909983396530151,1,3.46380615234375
3778.802,18,1,1,stimulusMovement,1,-0.051712089114718966,0.038304269313812256,1,3.6902313232421875,1,0.13811249203152126,0.08479434251785278,1,3.4792327880859375
3795.471,18,1,1,stimulusMovement,1,-0.04701868693033854,0.00407177209854126,1,3.7042236328125,0,nan,nan,0,nan
3812.139,18,1,1,stimulusMovement,1,-0.033192687564426,0.011378735303878784,1,3.652496337890625,1,0.13347880045572916,0.059674203395843506,1,3.5323028564453125
3828.805,18,1,1,stimulusMovement,1,-0.06028546227349175,0.021610379219055176,1,3.667694091796875,1,0.14142269558376735,0.07208186388015747,1,3.4753265380859375
3845.472,18,1,1,stimulusMovement,1,-0.04971308178371853,0.03362375497817993,1,3.67535400390625,1,0.13915019565158418,0.06003481149673462,1,3.5258026123046875
3862.139,18,1,1,stimulusMovement,1,-0.04662243525187174,0.02421492338180542,1,3.677734375,1,0.09743838840060763,0.0907697081565857,1,3.429595947265625
3878.805,18,1,1,stimulusMovement,0,nan,nan,0,nan,1,0.12367259131537543,0.08672142028808594,1,3.48333740234375
3895.472,18,1,1,stimulusMovement,1,-0.05253489812215169,-0.01025623083114624,1,3.7344970703125,1,0.12190617455376518,0.06346943974494934,1,3.5455322265625
3912.139,18,1,1,stimulusMovement,1,-0.04868200090196397,0.054311126470565796,1,3.604705810546875,1,0.12706544664171007,0.09377056360244751,1,3.4437255859375
3928.805,18,1,1,stimulusMovement,1,-0.04903761545817057,0.0371706485748291,1,3.6364288330078125,1,0.12790203094482422,0.07272499799728394,1,3.422027587890625
3945.473,18,1,1,stimulusMovement,1,-0.034444332122802734,0.01615196466445923,1,3.7069549560546875,1,0.10877736409505208,0.07336145639419556,1,3.48828125
3962.14,18,1,1,stimulusMovement,1,-0.03961933983696831,0.05734360218048096,1,3.6253509521484375,1,0.11026774512396918,0.10135269165039062,1,3.43701171875
3978.806,18,1,1,stimulusMovement,1,-0.012829780578613281,0.030418366193771362,1,3.68121337890625,1,0.11358504825168185,0.11314523220062256,1,3.3795623779296875
3995.473,18,1,1,stimulusMovement,1,-0.0599116219414605,0.04538032412528992,1,3.6903533935546875,1,0.12084854973687065,0.07986009120941162,1,3.430084228515625
4012.14,18,1,1,stimulusMovement,0,nan,nan,0,nan,0,nan,nan,0,nan
4028.806,18,1,1,stimulusMovement,1,-0.0640707015991211,0.06924992799758911,1,3.5948638916015625,1,0.1274710761176215,0.08366936445236206,1,3.497344970703125
4045.473,18,1,1,stimulusMovement,1,-0.04212718539767795,0.030255436897277832,1,3.722259521484375,1,0.11597749922010633,0.0760543942451477,1,3.5207061767578125
4062.14,18,1,1,stimulusMovement,1,-0.0188190672132704,0.04125294089317322,1,3.7193756103515625,1,0.15442466735839844,0.07164198160171509,1,3.462188720703125
4078.806,18,1,1,stimulusMovement,1,-0.03962543275621202,0.01098334789276123,1,3.7990570068359375,1,0.11367840237087673,0.07234776020050049,1,3.5233001708984375
4095.473,18,1,1,stimulusMovement,1,-0.05086676279703776,0.04254451394081116,1,3.651580810546875,1,0.11238151126437716,0.08018925786018372,1,3.502777099609375
4112.141,18,1,1,stimulusMovement,1,-0.05687342749701606,0.015614151954650879,1,3.767608642578125,1,0.12041664123535156,0.07123163342475891,1,3.499725341796875
4128.807,18,1,1,stimulusMovement,1,-0.052875942654079855,0.02202659845352173,1,3.7125244140625,1,0.10601425170898438,0.08069771528244019,1,3.509765625
4145.474,18,1,1,stimulusMovement,1,-0.04578320185343424,0.048999279737472534,1,3.6943817138671875,1,0.11615435282389322,0.07611852884292603,1,3.5516357421875
4162.141,18,1,1,stimulusMovement,1,-0.04733112123277452,0.02909541130065918,1,3.76361083984375,1,0.10791948106553818,0.06974345445632935,1,3.51104736328125
4178.807,18,1,1,stimulusMovement,1,-0.022166411081949867,0.0182914137840271,1,3.7812957763671875,1,0.1212668948703342,0.09417474269866943,1,3.4854583740234375
4195.474,18,1,1,stimulusMovement,1,-0.05808321634928385,-0.00417017936706543,1,3.845123291015625,0,nan,nan,0,nan
4212.141,18,1,1,stimulusMovement,1,-0.056923495398627386,0.04133006930351257,1,3.7503814697265625,1,0.1318961249457465,0.08059823513031006,1,3.566497802734375
4228.807,18,1,1,stimulusMovement,1,-0.07421318689982095,0.034829020500183105,1,3.7700958251953125,1,0.08258406321207681,0.10171663761138916,1,3.5010986328125
4245.474,18,1,1,stimulusMovement,1,-0.06415303548177083,0.016992032527923584,1,3.817840576171875,1,0.10726430681016709,0.07360184192657471,1,3.563812255859375
4262.142,18,1,1,stimulusMovement,1,-0.057242287529839404,0.050575315952301025,1,3.717803955078125,1,0.10442415873209634,0.06331920623779297,1,3.5795135498046875
4278.808,18,1,1,stimulusMovement,1,-0.028819772932264537,0.0194968581199646,1,3.8193206787109375,1,0.11711904737684461,0.08634147047996521,1,3.578765869140625
4295.475,18,1,1,stimulusMovement,1,-0.05666764577229817,0.037083983421325684,1,3.721435546875,1,0.10886255900065103,0.0844259262084961,1,3.5608978271484375
4312.142,18,1,1,stimulusMovement,1,-0.06888802846272786,0.036397457122802734,1,3.782470703125,1,0.10835753546820746,0.0761173665523529,1,3.556610107421875
4328.808,18,1,1,stimulusMovement,1,-0.05862691667344835,0.04498913884162903,1,3.7688140869140625,1,0.11069361368815103,0.08530083298683167,1,3.5558013916015625
4345.475,18,1,1,stimulusMovement,0,nan,nan,0,nan,1,0.08212237887912326,0.09128350019454956,1,3.535919189453125
4362.142,18,1,1,stimulusMovement,1,-0.061554167005750865,0.004814863204956055,1,3.849212646484375,1,0.10343572828504774,0.06483471393585205,1,3.5590362548828125
4378.808,18,1,1,stimulusMovement,1,-0.08283466762966579,0.014414966106414795,1,3.865997314453125,1,0.1159743203057183,0.0008563101291656494,1,3.77783203125
4395.475,18,1,1,stimulusMovement,1,-0.07692543665568033,0.0030042827129364014,1,3.8773040771484375,1,0.08988655938042535,0.10359925031661987,1,3.497955322265625
4412.142,18,1,1,stimulusMovement,1,-0.08664131164550781,0.04109382629394531,1,3.7569580078125,1,0.10453033447265625,0.08302772045135498,1,3.5303192138671875
4428.809,18,1,1,stimulusMovement,1,-0.06559636857774523,0.03411346673965454,1,3.769744873046875,1,0.09761322869194877,0.09064048528671265,1,3.54669189453125
4445.476,18,1,1,stimulusMovement,1,-0.08000384436713324,0.050605058670043945,1,3.707000732421875,1,0.10406049092610677,0.09131377935409546,1,3.5463409423828125
4462.143,18,1,1,stimulusMovement,1,-0.08231894175211588,-0.008036911487579346,1,3.842559814453125,1,0.1195383071899414,0.06106853485107422,1,3.5545654296875
4478.809,18,1,1,stimulusMovement,1,-0.07636811998155381,0.05445051193237305,1,3.6980438232421875,1,0.0700425042046441,0.07777440547943115,1,3.592071533203125
4495.476,18,1,1,stimulusMovement,0,nan,nan,0,nan,1,0.08902422587076822,0.08804395794868469,1,3.5117340087890625
4512.143,18,1,1,stimulusMovement,1,-0.10130956437852646,0.05033484101295471,1,3.725616455078125,1,0.08300516340467665,0.08384257555007935,1,3.53179931640625
4528.809,18,1,1,stimulusMovement,1,-0.09488095177544488,0.014012366533279419,1,3.7535552978515625,1,0.09575462341308594,0.09411013126373291,1,3.5176239013671875
4545.476,18,1,1,stimulusMovement,1,-0.08575089772542317,0.05039966106414795,1,3.6775360107421875,1,0.09145726097954644,0.07451790571212769,1,3.5497283935546875
4562.143,18,1,1,stimulusMovement,1,-0.07062096065945095,0.047883808612823486,1,3.693206787109375,1,0.08660411834716797,0.09658569097518921,1,3.5048828125
4578.81,18,1,1,stimulusMovement,1,-0.05823389689127604,0.024079084396362305,1,3.7313995361328125,1,0.09130340152316622,0.0905483067035675,1,3.465057373046875
4595.477,18,1,1,stimulusMovement,1,-0.06458738115098742,0.03598141670227051,1,3.6599273681640625,1,0.07786962721082899,0.08259820938110352,1,3.5158233642578125
4612.143,18,1,1,stimulusMovement,1,-0.09274440341525607,0.001561194658279419,1,3.7860870361328125,0,nan,nan,0,nan
4628.809,18,1,1,stimulusMovement,1,-0.0802654160393609,0.021519839763641357,1,3.7166900634765625,1,0.08877510494656032,0.11190265417098999,1,3.4406280517578125
4645.476,18,1,1,stimulusMovement,1,-0.08223279317220052,0.0522039532661438,1,3.6319732666015625,1,0.0801992416381836,0.09964296221733093,1,3.4636077880859375
4662.143,18,1,1,stimulusMovement,1,-0.09468629625108506,0.03186434507369995,1,3.6934356689453125,1,0.09907764858669704,0.07972902059555054,1,3.540435791015625
4678.808,18,1,1,stimulusMovement,1,-0.0833246972825792,0.047408849000930786,1,3.6908721923828125,1,0.08907879723442926,0.09593752026557922,1,3.49365234375
4695.475,18,1,1,stimulusMovement,1,-0.0972856945461697,0.04786238074302673,1,3.696044921875,1,0.08750163184271918,0.08846485614776611,1,3.447479248046875
4712.142,18,1,1,stimulusMovement,1,-0.0968827141655816,0.027003437280654907,1,3.706573486328125,1,0.0786908467610677,0.08594372868537903,1,3.488372802734375
4728.807,18,1,1,stimulusMovement,0,nan,nan,0,nan,1,0.08571285671657985,0.06118506193161011,1,3.5537567138671875
4745.475,18,1,1,stimulusMovement,1,-0.06915034188164605,0.012189209461212158,1,3.742431640625,1,0.08582984076605903,0.07597798109054565,1,3.4768218994140625
4762.142,18,1,1,stimulusMovement,1,-0.09916432698567708,0.0250014066696167,1,3.641998291015625,1,0.09518750508626302,0.09209579229354858,1,3.442230224609375
4778.807,18,1,1,stimulusMovement,1,-0.07995785607231988,0.032236963510513306,1,3.6944732666015625,1,0.0936027103000217,0.08221670985221863,1,3.473388671875
4795.474,18,1,1,stimulusMovement,1,-0.09025801552666558,0.0372462272644043,1,3.63848876953125,1,0.10437160068088107,0.08432978391647339,1,3.521270751953125
4812.141,18,1,1,stimulusMovement,1,-0.0850635634528266,0.039997398853302,1,3.6484222412109375,1,0.09197277492947048,0.08599400520324707,1,3.4731903076171875
4828.807,18,1,1,stimulusMovement,1,-0.0930998060438368,0.03874349594116211,1,3.64739990234375,1,0.11063893636067708,0.08288413286209106,1,3.4911041259765625
4845.473,18,1,1,stimulusMovement,1,-0.07556173536512586,-0.013445079326629639,1,3.8223724365234375,1,0.07690387301974826,0.10021978616714478,1,3.410552978515625
4862.14,18,1,1,stimulusMovement,1,-0.07755321926540798,0.034691572189331055,1,3.65478515625,1,0.07991875542534722,0.09542620182037354,1,3.4354095458984375
4878.806,18,1,1,stimulusMovement,1,-0.0610966682434082,0.01579955220222473,1,3.5618133544921875,1,0.1208439932929145,0.06652599573135376,1,3.4234619140625
4895.473,18,1,1,stimulusMovement,1,0.1024902131822374,-0.12399351596832275,1,3.570159912109375,1,0.29293166266547305,-0.09905374050140381,1,3.46337890625
4912.14,18,1,1,stimulusMovement,1,0.1172186533610026,-0.175509512424469,1,3.720489501953125,1,0.3154319127400716,-0.1398230791091919,1,3.514434814453125
4928.806,18,1,1,stimulusMovement,1,0.13045130835639104,-0.16476130485534668,1,3.6301422119140625,1,0.2959774865044488,-0.08540821075439453,1,3.345001220703125
4945.472,18,1,1,stimulusMovement,0,nan,nan,0,nan,1,0.31237496270073783,-0.12273180484771729,1,3.468994140625
4962.139,18,1,1,stimulusMovement,1,0.13375102149115667,-0.1419416069984436,1,3.5627593994140625,1,0.30472638871934676,-0.10320490598678589,1,3.400665283203125
4978.805,18,1,1,stimulusMovement,1,0.14482159084743923,-0.14480561017990112,1,3.6319122314453125,1,0.30466492970784503,-0.1268109679222107,1,3.4310760498046875
4995.471,18,1,1,stimulusMovement,0,nan,nan,0,nan,1,0.28481292724609375,-0.09521156549453735,1,3.36669921875
5012.138,18,1,1,stimulusMovement,1,0.10845523410373263,-0.19660353660583496,1,3.700225830078125,1,0.30375629001193577,-0.0940479040145874,1,3.37420654296875
5028.804,18,1,1,stimulusMovement,0,nan,nan,0,nan,1,0.3100872039794922,-0.08973431587219238,1,3.422149658203125
5045.47,18,1,1,stimulusMovement,0,nan,nan,0,nan,1,0.3326009114583333,-0.114510178565979,1,3.4562530517578125
5062.138,18,1,1,stimulusMovement,0,nan,nan,0,nan,1,0.3435407214694553,-0.13477987051010132,1,3.490936279296875
5078.804,18,1,1,stimulusMovement,0,nan,nan,0,nan,1,0.3224864535861545,-0.09146809577941895,1,3.331390380859375
5095.47,18,1,1,stimulusMovement,1,0.1286079618665907,-0.14900273084640503,1,3.6507415771484375,1,0.34217919243706596,-0.13123655319213867,1,3.435516357421875
5112.137,18,1,1,stimulusMovement,1,0.15095880296495226,-0.14376616477966309,1,3.6028289794921875,1,0.3355766932169596,-0.09796559810638428,1,3.386199951171875
5128.803,18,1,1,stimulusMovement,1,0.14037916395399305,-0.1581120491027832,1,3.67816162109375,1,0.3367070092095269,-0.1327551007270813,1,3.469818115234375
5145.469,18,1,1,stimulusMovement,1,0.15608681572808158,-0.3456178903579712,1,4.1601409912109375,1,0.3215230305989583,-0.10157215595245361,1,3.403533935546875
5162.136,18,1,1,stimulusMovement,1,0.09695053100585938,-0.2287691831588745,1,3.839813232421875,1,0.3495132658216688,-0.1363576054573059,1,3.5017852783203125
5178.802,18,1,1,stimulusMovement,1,0.14952670203314886,-0.13756316900253296,1,3.6175384521484375,1,0.3407547208997938,-0.1263049840927124,1,3.4832763671875
5195.468,18,1,1,stimulusMovement,1,0.15719996558295354,-0.14725548028945923,1,3.63946533203125,1,0.34014574686686194,-0.10858750343322754,1,3.44537353515625
5212.136,18,1,1,stimulusMovement,1,0.16091908348931205,-0.18116044998168945,1,3.6835479736328125,1,0.3415534761216905,-0.13909107446670532,1,3.4679412841796875
5228.801,18,1,1,stimulusMovement,1,0.14634471469455293,-0.17149770259857178,1,3.7013702392578125,1,0.34130626254611546,-0.12138694524765015,1,3.4339141845703125
5245.468,18,1,1,stimulusMovement,0,nan,nan,0,nan,1,0.35572157965766055,-0.12329447269439697,1,3.4235076904296875
5262.135,18,1,1,stimulusMovement,1,0.15550846523708767,-0.20260894298553467,1,3.7584075927734375,1,0.34890958997938365,-0.09929525852203369,1,3.383148193359375
5278.8,18,1,1,stimulusMovement,1,0.2552994622124566,-0.21625202894210815,1,3.6658935546875,1,0.4452711741129557,-0.19608110189437866,1,3.45166015625
5295.467,18,1,1,stimulusMovement,1,0.42540189954969615,-0.3322635293006897,1,3.7566986083984375,1,0.6156200832790798,-0.23879510164260864,1,3.4224700927734375
5312.134,18,1,1,stimulusMovement,1,0.4766864776611328,-0.3274729251861572,1,3.6905975341796875,1,0.6584127214219835,-0.25543034076690674,1,3.36859130859375
5328.799,18,1,1,stimulusMovement,1,0.5127003987630208,-0.3235098123550415,1,3.576934814453125,1,0.6554304758707682,-0.2726280689239502,1,3.4061126708984375
5345.466,18,1,1,stimulusMovement,1,0.4890577528211805,-0.36474472284317017,1,3.670166015625,1,0.6548195944892036,-0.25010251998901367,1,3.36761474609375
5362.134,18,1,1,stimulusMovement,1,0.47905741797553164,-0.3901457190513611,1,3.7391815185546875,1,0.656815422905816,-0.27544164657592773,1,3.4340667724609375
5378.799,18,1,1,stimulusMovement,1,0.39784134758843315,-0.47656309604644775,1,3.9517669677734375,1,0.6650796466403537,-0.267534077167511,1,3.3840789794921875
5395.466,18,1,1,stimulusMovement,1,0.40874078538682723,-0.4319794178009033,1,3.894317626953125,1,0.6591103871663411,-0.2719438672065735,1,3.411773681640625
5412.133,18,1,1,stimulusMovement,1,0.5008583068847656,-0.32543736696243286,1,3.63836669921875,1,0.6710709465874566,-0.263278603553772,1,3.3635406494140625
5428.799,18,1,1,stimulusMovement,1,0.333141114976671,-0.4926544427871704,1,4.136383056640625,1,0.6589264339870876,-0.27335357666015625,1,3.390167236328125
5445.465,18,1,1,stimulusMovement,1,0.5094089508056641,-0.3409050703048706,1,3.6673583984375,0,nan,nan,0,nan
5462.132,18,1,1,stimulusMovement,1,0.5252694023980035,-0.35473698377609253,1,3.621917724609375,1,0.6653788884480794,-0.2928628921508789,1,3.414215087890625
5478.798,18,1,1,stimulusMovement,0,nan,nan,0,nan,1,0.6707644992404513,-0.2616078853607178,1,3.4198455810546875
5495.464,18,1,1,stimulusMovement,1,0.5754042731391059,-0.3784411549568176,1,3.5852508544921875,1,0.7426189846462673,-0.3027345538139343,1,3.399169921875
5512.131,18,1,1,stimulusMovement,1,0.6808135774400499,-0.3901726007461548,1,3.5449676513671875,1,0.88017029232449,-0.3468590974807739,1,3.374114990234375
5528.797,18,1,1,stimulusMovement,1,0.6893938912285699,-0.39294421672821045,1,3.5190277099609375,1,0.8696783913506402,-0.3512725830078125,1,3.4259490966796875
5545.464,18,1,1,stimulusMovement,1,0.612707773844401,-0.4643864631652832,1,3.7563323974609375,1,0.8853102789984808,-0.34974348545074463,1,3.36968994140625
5562.13,18,1,1,stimulusMovement,1,0.7216551038953992,-0.42492395639419556,1,3.531951904296875,1,0.8873671425713433,-0.35579609870910645,1,3.386871337890625
5578.796,18,1,1,stimulusMovement,1,0.709127214219835,-0.3880183696746826,1,3.5072784423828125,1,0.8836731380886501,-0.3486229181289673,1,3.3997650146484375
5595.463,18,1,1,stimulusMovement,1,0.7016061147054036,-0.4148574471473694,1,3.5275726318359375,1,0.8592419094509548,-0.33952653408050537,1,3.4642486572265625
5612.129,18,1,1,stimulusMovement,1,0.6920581393771701,-0.39302319288253784,1,3.5189666748046875,1,0.8599191241794162,-0.3451911211013794,1,3.37554931640625
5628.795,18,1,1,stimulusMovement,1,0.6979081895616319,-0.3969825506210327,1,3.5052947998046875,1,0.8854213290744357,-0.3579096794128418,1,3.3770599365234375
5645.462,18,1,1,stimulusMovement,1,0.6927829318576388,-0.4083186388015747,1,3.523223876953125,1,0.8849525451660156,-0.33246880769729614,1,3.339385986328125
5662.128,18,1,1,stimulusMovement,1,0.6846708721584743,-0.39421409368515015,1,3.5313873291015625,1,0.87063111199273,-0.35545670986175537,1,3.3805999755859375
5678.794,18,1,1,stimulusMovement,0,nan,nan,0,nan,1,0.8894365098741319,-0.352016806602478,1,3.38201904296875
5695.461,18,1,1,stimulusMovement,1,0.6867938571506076,-0.39974862337112427,1,3.546478271484375,1,0.8783232371012369,-0.3589789867401123,1,3.3696746826171875
5712.128,18,1,1,stimulusMovement,1,0.6936033036973741,-0.3942834138870239,1,3.5348968505859375,1,0.8652100033230251,-0.3619270324707031,1,3.4072265625
5728.793,18,1,1,stimulusMovement,1,0.6891634199354383,-0.42036473751068115,1,3.5521087646484375,1,0.8646081288655598,-0.367428183555603,1,3.3676910400390625
5745.46,18,1,1,stimulusMovement,0,nan,nan,0,nan,1,0.8643931282891167,-0.34236472845077515,1,3.3952178955078125
5762.127,18,1,1,stimulusMovement,1,0.6783775753445095,-0.41553306579589844,1,3.50848388671875,1,0.8815023634168836,-0.35612165927886963,1,3.322052001953125
5778.792,18,1,1,stimulusMovement,1,0.676177978515625,-0.39271730184555054,1,3.4805450439453125,1,0.8504624896579318,-0.34502583742141724,1,3.4120635986328125
5795.459,18,1,1,stimulusMovement,1,0.7002158694797092,-0.4017948508262634,1,3.4599609375,1,0.8759598202175564,-0.36755967140197754,1,3.39532470703125
5812.126,18,1,1,stimulusMovement,1,0.7042790518866645,-0.39897942543029785,1,3.450653076171875,1,0.8541158040364583,-0.3516198396682739,1,3.39056396484375
5828.791,18,1,1,stimulusMovement,0,nan,nan,0,nan,1,0.8435726165771484,-0.33985400199890137,1,3.4307861328125
5845.458,18,1,1,stimulusMovement,1,0.6930779351128472,-0.43872326612472534,1,3.5102996826171875,1,0.8650071885850694,-0.3496777415275574,1,3.4103546142578125
5862.125,18,1,1,stimulusMovement,1,0.6823940277099609,-0.39504706859588623,1,3.472076416015625,1,0.8754676183064778,-0.3612767457962036,1,3.4812164306640625
5878.79,18,1,1,stimulusMovement,1,0.6735799577501085,-0.3922603726387024,1,3.5048065185546875,1,0.9192415873209635,-0.37723541259765625,1,3.4621124267578125
5895.457,18,1,1,stimulusMovement,1,0.6963847478230794,-0.3892166018486023,1,3.4657440185546875,1,0.8757385677761501,-0.3543216586112976,1,3.426788330078125
5912.124,18,1,1,stimulusMovement,1,0.6844411426120334,-0.40025949478149414,1,3.4697265625,1,0.8718687693277994,-0.36116713285446167,1,3.39862060546875
5928.789,18,1,1,stimulusMovement,0,nan,nan,0,nan,1,0.8760884602864583,-0.36666303873062134,1,3.4592132568359375
5945.456,18,1,1,stimulusMovement,1,0.7033284505208333,-0.3838616609573364,1,3.4896087646484375,1,0.8750971688164605,-0.36375004053115845,1,3.453582763671875
5962.123,18,1,1,stimulusMovement,0,nan,nan,0,nan,1,0.8769303427802191,-0.3635760545730591,1,3.4656829833984375
5978.788,18,1,1,stimulusMovement,1,0.6835373772515191,-0.397777795791626,1,3.554290771484375,1,0.8690063688490125,-0.3642504811286926,1,3.469390869140625
5995.455,18,1,1,stimulusMovement,0,nan,nan,0,nan,1,0.9368455674913194,-0.39791905879974365,1,3.434295654296875
6012.122,18,1,1,stimulusMovement,1,0.699021127488878,-0.4098277688026428,1,3.5392303466796875,1,0.8776930703057183,-0.3699120283126831,1,3.4897308349609375
6028.787,18,1,1,stimulusMovement,1,0.7040202882554796,-0.4266132116317749,1,3.599334716796875,1,0.9167340596516926,-0.3696115016937256,1,3.497222900390625
6045.454,18,1,1,stimulusMovement,1,0.7068854437934028,-0.3916561007499695,1,3.530975341796875,1,0.9057523939344617,-0.36435866355895996,1,3.458526611328125
6062.121,18,1,1,stimulusMovement,1,0.7053300009833442,-0.4147021174430847,1,3.6186981201171875,1,0.9095923105875651,-0.3757162094116211,1,3.588226318359375
6078.786,18,1,1,stimulusMovement,1,0.7295561896430122,-0.4093403220176697,1,3.597320556640625,1,0.8983652326795789,-0.38816583156585693,1,3.58221435546875
6095.453,18,1,1,stimulusMovement,1,0.710246827867296,-0.38640064001083374,1,3.5872039794921875,1,0.9206261105007595,-0.37530553340911865,1,3.5482635498046875
6112.119,18,1,1,stimulusMovement,1,0.7173382441202799,-0.378989577293396,1,3.598114013671875,1,0.9164121415879991,-0.36818093061447144,1,3.552825927734375
6128.785,18,1,1,stimulusMovement,1,0.69511169857449,-0.3920150399208069,1,3.6194305419921875,1,0.882293595208062,-0.33879387378692627,1,3.6064910888671875
6145.452,18,1,1,stimulusMovement,1,0.6863270865546333,-0.39273756742477417,1,3.630889892578125,1,0.8884174558851453,-0.35085391998291016,1,3.559356689453125
6162.118,18,1,1,stimulusMovement,1,0.7138143115573459,-0.3944218158721924,1,3.65521240234375,1,0.8929256863064235,-0.36123597621917725,1,3.5540771484375
6178.784,18,1,1,stimulusMovement,1,0.7061572604709201,-0.4130275845527649,1,3.70709228515625,1,0.879844135708279,-0.356268048286438,1,3.568817138671875
6195.451,18,1,1,stimulusMovement,1,0.6912852393256294,-0.4137216806411743,1,3.735931396484375,1,0.8886742062038845,-0.35471928119659424,1,3.5787506103515625
6212.118,18,1,1,stimulusMovement,1,0.7037426630655924,-0.40317636728286743,1,3.734039306640625,1,0.870751486884223,-0.37273603677749634,1,3.6564483642578125
6228.784,18,1,1,stimulusMovement,1,0.7030063205295138,-0.4121707081794739,1,3.708526611328125,1,0.8915155198838975,-0.3531082272529602,1,3.6385650634765625
6245.451,18,1,1,stimulusMovement,1,0.6910050710042317,-0.43493926525115967,1,3.742645263671875,1,0.856512705485026,-0.3460695147514343,1,3.64666748046875
6262.118,18,1,1,stimulusMovement,1,0.690338134765625,-0.3915213942527771,1,3.6648101806640625,1,0.8877142800225152,-0.36213845014572144,1,3.6379852294921875
6278.784,18,1,1,stimulusMovement,1,0.6912917031182183,-0.40169018507003784,1,3.680267333984375,1,0.878424432542589,-0.3779298663139343,1,3.6351165771484375
6295.451,18,1,1,stimulusMovement,1,0.6750063366360134,-0.4307347536087036,1,3.748443603515625,1,0.8955234951443142,-0.351747989654541,1,3.6553802490234375
6312.118,18,1,1,stimulusMovement,1,0.6915889316134982,-0.40488797426223755,1,3.7185211181640625,1,0.9071095784505208,-0.3589351177215576,1,3.6790771484375
6328.784,18,1,1,stimulusMovement,1,0.6748900943332248,-0.41009050607681274,1,3.6927947998046875,1,0.8864244884914821,-0.3536660671234131,1,3.609832763671875
6345.451,18,1,1,stimulusMovement,1,0.7185672124226887,-0.39227771759033203,1,3.602325439453125,1,0.8887140485975477,-0.36365264654159546,1,3.668426513671875
6362.118,18,1,1,stimulusMovement,1,0.6799420250786675,-0.4447683095932007,1,3.754974365234375,1,0.8960376315646701,-0.34661197662353516,1,3.6669158935546875
6378.784,18,1,1,stimulusMovement,1,0.6774059931437174,-0.41886937618255615,1,3.7174530029296875,1,0.8803562588161892,-0.3813350200653076,1,3.7190093994140625
6395.451,18,1,1,stimulusMovement,1,0.6989876429239908,-0.38673174381256104,1,3.63067626953125,1,0.888032595316569,-0.37330251932144165,1,3.723846435546875
6412.118,18,1,1,stimulusMovement,1,0.6999876234266492,-0.4033010005950928,1,3.667816162109375,1,0.9017073313395182,-0.35240423679351807,1,3.6634979248046875
6428.784,18,1,1,stimulusMovement,0,nan,nan,0,nan,1,0.8932643466525607,-0.3600003123283386,1,3.65423583984375
6445.452,18,1,1,stimulusMovement,1,0.6759616004096137,-0.41686689853668213,1,3.6337890625,1,0.8908945719401041,-0.3459179401397705,1,3.619476318359375
6462.119,18,1,1,stimulusMovement,0,nan,nan,0,nan,1,0.8723061879475911,-0.3480874300003052,1,3.6373138427734375
6478.785,18,1,1,stimulusMovement,1,0.6991445753309461,-0.42896997928619385,1,3.67755126953125,1,0.9130795796712239,-0.3587789535522461,1,3.6041259765625
6495.452,18,1,1,stimulusMovement,1,0.6791447533501519,-0.4081614017486572,1,3.6503753662109375,1,0.8767664167616102,-0.3449207544326782,1,3.617156982421875
6512.119,18,1,1,stimulusMovement,0,nan,nan,0,nan,1,0.925472683376736,-0.3550072908401489,1,3.599273681640625
6528.785,18,1,1,stimulusMovement,1,0.6759389241536458,-0.446586549282074,1,3.7027587890625,1,0.8724995719061956,-0.35914015769958496,1,3.6579132080078125
6545.452,18,1,1,stimulusMovement,1,0.6807123819986979,-0.4182279109954834,1,3.6880645751953125,1,0.9296919504801432,-0.41628092527389526,1,3.4829559326171875
6562.119,18,1,1,stimulusMovement,1,0.7082487742106119,-0.4018896818161011,1,3.5831756591796875,1,0.8807746039496527,-0.3693028688430786,1,3.6048583984375
6578.785,18,1,1,stimulusMovement,1,0.6914217207166883,-0.393429160118103,1,3.609893798828125,1,0.9033253987630208,-0.37658238410949707,1,3.61474609375
6595.452,18,1,1,stimulusMovement,1,0.7107531229654948,-0.37557244300842285,1,3.595367431640625,1,0.880611949496799,-0.3627607226371765,1,3.606231689453125
6612.119,18,1,1,stimulusMovement,1,0.6939494874742296,-0.4069811701774597,1,3.611907958984375,1,0.8511353598700628,-0.3680921792984009,1,3.61181640625
6628.785,18,1,1,stimulusMovement,0,nan,nan,0,nan,1,0.8868567148844401,-0.38440489768981934,1,3.6675872802734375
6645.452,18,1,1,stimulusMovement,1,0.7204777399698893,-0.3954375386238098,1,3.5935821533203125,1,0.8924802144368489,-0.3826427459716797,1,3.6485137939453125
6662.119,18,1,1,stimulusMovement,1,0.7094713846842448,-0.42871326208114624,1,3.69219970703125,1,0.9010700649685329,-0.35021746158599854,1,3.64208984375
6678.785,18,1,1,stimulusMovement,1,0.720598644680447,-0.3808133006095886,1,3.6562347412109375,1,0.8864491780598958,-0.3494613766670227,1,3.6634368896484375
6695.452,18,1,1,stimulusMovement,1,0.7004281149970161,-0.4147375822067261,1,3.6985015869140625,1,0.8976133134629991,-0.36281096935272217,1,3.673126220703125
6712.119,18,1,1,stimulusMovement,1,0.6993125279744465,-0.40364742279052734,1,3.6588897705078125,1,0.9075122409396701,-0.36322760581970215,1,3.6976165771484375
6728.785,18,1,1,stimulusMovement,1,0.703253428141276,-0.396178662776947,1,3.694488525390625,1,0.8904910617404513,-0.34261655807495117,1,3.679779052734375
6745.452,18,1,1,stimulusMovement,1,0.702064726087782,-0.376949667930603,1,3.704559326171875,1,0.9015986124674479,-0.3595920205116272,1,3.6784515380859375
6762.119,18,1,1,stimulusMovement,1,0.6808473798963758,-0.3920102119445801,1,3.727508544921875,1,0.9108473459879557,-0.3552197813987732,1,3.6830596923828125
6778.785,18,1,1,stimulusMovement,1,0.7101410759819878,-0.407554566860199,1,3.739776611328125,1,0.8665186564127604,-0.3434642553329468,1,3.6690673828125
6795.452,18,1,1,stimulusMovement,1,0.6908465491400825,-0.4085015654563904,1,3.7840118408203125,1,0.8882503509521484,-0.3481639623641968,1,3.734832763671875
6812.119,18,1,1,stimulusMovement,1,0.6908011966281467,-0.4261212944984436,1,3.7562713623046875,1,0.900880389743381,-0.3263915777206421,1,3.7118072509765625
6828.785,18,1,1,stimulusMovement,0,nan,nan,0,nan,1,0.9241328769259982,-0.3561793565750122,1,3.76910400390625
6845.452,18,1,1,stimulusMovement,0,nan,nan,0,nan,1,0.887441529168023,-0.37433427572250366,1,3.7752532958984375
6862.119,18,1,1,stimulusMovement,1,0.6798525916205512,-0.3816887140274048,1,3.7180328369140625,1,0.8878527747260199,-0.3501959443092346,1,3.7527923583984375
6878.785,18,1,1,stimulusMovement,1,0.6960162056816949,-0.40176641941070557,1,3.762298583984375,1,0.8772869110107422,-0.3721737265586853,1,3.7889556884765625
6895.452,18,1,1,stimulusMovement,1,0.6687427096896701,-0.41223424673080444,1,3.7881011962890625,1,0.877380265129937,-0.34291672706604004,1,3.7306671142578125
6912.119,18,1,1,stimulusMovement,1,0.6896158854166666,-0.3920722007751465,1,3.7236175537109375,1,0.8831736246744791,-0.36130380630493164,1,3.774383544921875
6928.785,18,1,1,stimulusMovement,1,0.6941600375705295,-0.3882034420967102,1,3.7397003173828125,1,0.8913245730929904,-0.3578326106071472,1,3.8355560302734375
6945.452,18,1,1,fixation,1,0.679695341322157,-0.38678860664367676,1,3.7861175537109375,1,0.8858287599351671,-0.3656280040740967,1,3.80810546875
6962.119,18,1,1,fixation,1,0.7325014538235134,-0.3985787630081177,1,3.554595947265625,1,0.8975266350640191,-0.35208868980407715,1,3.4921112060546875
6978.785,18,1,1,fixation,0,nan,nan,0,nan,0,nan,nan,0,nan
6995.452,18,1,1,fixation,1,0.6867404513888888,-0.42038214206695557,1,3.7928009033203125,1,0.9072882334391276,-0.37203341722488403,1,3.8208770751953125
7012.119,18,1,1,fixation,1,0.7373264100816515,-0.3982463479042053,1,3.556915283203125,1,0.892846213446723,-0.3595774173736572,1,3.514129638671875
7028.785,18,1,1,fixation,0,nan,nan,0,nan,0,nan,nan,0,nan
7045.452,18,1,1,fixation,1,0.6941536797417535,-0.4138624668121338,1,3.841949462890625,1,0.8909240298800998,-0.35458195209503174,1,3.79998779296875
7062.119,18,1,1,fixation,1,0.7309350967407227,-0.3976858854293823,1,3.544097900390625,1,0.8990563286675347,-0.35800015926361084,1,3.510772705078125
7078.785,18,1,1,fixation,0,nan,nan,0,nan,0,nan,nan,0,nan
7095.452,18,1,1,fixation,1,0.6705428229437934,-0.4219702482223511,1,3.7967529296875,1,0.8837116029527452,-0.36522454023361206,1,3.7869873046875
7112.119,18,1,1,fixation,1,0.7347320980495876,-0.3984779119491577,1,3.525543212890625,1,0.892886479695638,-0.357202410697937,1,3.5004425048828125
7128.785,18,1,1,fixation,0,nan,nan,0,nan,0,nan,nan,0,nan
7145.452,18,1,1,fixation,1,0.6824470096164279,-0.41928839683532715,1,3.7514190673828125,1,0.8745502895779079,-0.3688703775405884,1,3.77410888671875
7162.119,18,1,1,fixation,1,0.7445503870646158,-0.390366792678833,1,3.5139923095703125,1,0.8895011478000217,-0.36203324794769287,1,3.4930877685546875
7178.785,18,1,1,fixation,0,nan,nan,0,nan,0,nan,nan,0,nan
7195.452,18,1,1,fixation,1,0.6948666042751735,-0.39321231842041016,1,3.7168426513671875,1,0.8790898852878146,-0.35261762142181396,1,3.751434326171875
7212.119,18,1,1,fixation,1,0.7469702826605903,-0.39349889755249023,1,3.5088348388671875,1,0.8870442708333333,-0.362548291683197,1,3.488250732421875
7228.785,18,1,1,fixation,0,nan,nan,0,nan,0,nan,nan,0,nan
7245.452,18,1,1,fixation,1,0.6862959331936306,-0.40009868144989014,1,3.7115478515625,1,0.865117073059082,-0.36594051122665405,1,3.7794647216796875
7262.119,18,1,1,fixation,1,0.7372203403049045,-0.4057171940803528,1,3.4969329833984375,1,0.8860988616943359,-0.36496806144714355,1,3.4794921875
7278.785,18,1,1,fixation,0,nan,nan,0,nan,0,nan,nan,0,nan
7295.452,18,1,1,fixation,1,0.7091543409559461,-0.4106965661048889,1,3.7222137451171875,1,0.9025847117106119,-0.37577301263809204,1,3.71240234375
7312.119,18,1,1,fixation,1,0.7501394483778211,-0.4076666235923767,1,3.4945068359375,1,0.8951509263780382,-0.3693235516548157,1,3.4864349365234375
7328.785,18,1,1,fixation,0,nan,nan,0,nan,0,nan,nan,0,nan
7345.452,18,1,1,fixation,0,nan,nan,0,nan,1,0.886503431532118,-0.3676873445510864,1,3.7751312255859375
7362.119,18,1,1,fixation,1,0.7447930441962348,-0.4126734733581543,1,3.4874420166015625,1,0.8926175435384114,-0.36650311946868896,1,3.4972991943359375
7378.785,18,1,1,fixation,0,nan,nan,0,nan,0,nan,nan,0,nan
7395.452,18,1,1,fixation,0,nan,nan,0,nan,1,0.8598943286471896,-0.3701738119125366,1,3.818878173828125
7412.119,18,1,1,fixation,1,0.7439615461561414,-0.4145621657371521,1,3.512054443359375,1,0.8935445149739583,-0.3721868395805359,1,3.5086517333984375
7428.785,18,1,1,fixation,0,nan,nan,0,nan,0,nan,nan,0,nan
7445.452,18,1,1,fixation,1,0.697140269809299,-0.4096560478210449,1,3.71148681640625,1,0.8712363772922092,-0.37750178575515747,1,3.7935028076171875
7462.119,18,1,1,fixation,1,0.7441535525851779,-0.416461706161499,1,3.537811279296875,1,0.8895170423719617,-0.3685869574546814,1,3.5421142578125
7478.785,18,1,1,fixation,0,nan,nan,0,nan,0,nan,nan,0,nan
7495.452,18,1,1,fixation,1,0.6898742251925998,-0.4222893714904785,1,3.754913330078125,1,0.8817183176676432,-0.37759435176849365,1,3.7697296142578125
7512.119,18,1,1,fixation,1,0.7430922190348307,-0.4175163507461548,1,3.575103759765625,1,0.8857103983561198,-0.36865055561065674,1,3.576873779296875
7528.786,18,1,1,fixation,0,nan,nan,0,nan,0,nan,nan,0,nan
7545.453,18,1,1,fixation,1,0.6896033816867404,-0.41771572828292847,1,3.790435791015625,1,0.9226067860921223,-0.38264989852905273,1,3.8826904296875
7562.12,18,1,1,fixation,1,0.7533058590359157,-0.415805459022522,1,3.6239471435546875,1,0.8802309036254883,-0.3743148446083069,1,3.6272735595703125
7578.786,18,1,1,fixation,0,nan,nan,0,nan,0,nan,nan,0,nan
7595.453,18,1,1,fixation,1,0.7024067772759331,-0.4081360101699829,1,3.8811492919921875,1,0.8648400836520724,-0.3693896532058716,1,3.921112060546875
7612.12,18,1,1,fixation,1,0.7506067487928602,-0.401483416557312,1,3.6702117919921875,1,0.9006722768147786,-0.3552221655845642,1,3.6635589599609375
7628.786,18,1,1,fixation,0,nan,nan,0,nan,0,nan,nan,0,nan
7645.453,18,1,1,fixation,1,0.7032843695746528,-0.40370267629623413,1,3.943756103515625,1,0.8792256249321831,-0.35708725452423096,1,4.02435302734375
7662.12,18,1,1,fixation,1,0.7438394758436414,-0.4059768319129944,1,3.7191009521484375,1,0.8936458163791232,-0.35639846324920654,1,3.702362060546875
7678.786,18,1,1,fixation,0,nan,nan,0,nan,0,nan,nan,0,nan
7695.453,18,1,1,fixation,1,0.7093839645385742,-0.4032728672027588,1,3.9361114501953125,1,0.8817740546332464,-0.35453832149505615,1,3.96240234375
7712.12,18,1,1,fixation,1,0.7396868599785699,-0.4058292508125305,1,3.7452392578125,1,0.8942775726318359,-0.3574373722076416,1,3.734283447265625
7728.786,18,1,1,fixation,0,nan,nan,0,nan,0,nan,nan,0,nan
7745.453,18,1,1,fixation,1,0.6958662668863932,-0.3903881907463074,1,3.9662933349609375,1,0.875984403822157,-0.34008920192718506,1,4.013275146484375
7762.12,18,1,1,fixation,1,0.7495610978868272,-0.3997914791107178,1,3.771270751953125,1,0.8867478900485568,-0.36386507749557495,1,3.7744903564453125
7778.786,18,1,1,fixation,0,nan,nan,0,nan,0,nan,nan,0,nan
7795.453,18,1,1,fixation,1,0.7030409706963433,-0.4140780568122864,1,3.9745025634765625,1,0.8674647013346354,-0.34011024236679077,1,4.0004119873046875
7812.12,18,1,1,fixation,1,0.7422333823310004,-0.402556836605072,1,3.7710723876953125,1,0.8896041446261935,-0.35696303844451904,1,3.7641448974609375
7828.786,18,1,1,fixation,0,nan,nan,0,nan,0,nan,nan,0,nan
7845.453,18,1,1,fixation,1,0.6899229685465494,-0.3978195786476135,1,3.963714599609375,1,0.8842088911268445,-0.35571789741516113,1,4.0091552734375
7862.12,18,1,1,fixation,1,0.730968157450358,-0.40933340787887573,1,3.7765655517578125,1,0.8884400261773003,-0.3607443571090698,1,3.759185791015625
7878.786,18,1,1,fixation,0,nan,nan,0,nan,0,nan,nan,0,nan
7895.453,18,1,1,fixation,1,0.6942663192749023,-0.39351212978363037,1,3.99407958984375,1,0.8759191301133897,-0.3599697947502136,1,3.98150634765625
7912.12,18,1,1,fixation,1,0.7427908579508463,-0.40099596977233887,1,3.770904541015625,1,0.8917371961805555,-0.3611835241317749,1,3.74786376953125
7928.786,18,1,1,fixation,0,nan,nan,0,nan,0,nan,nan,0,nan
7945.453,18,1,1,fixation,1,0.6799642774793836,-0.4029961824417114,1,3.97491455078125,1,0.887264675564236,-0.35490894317626953,1,3.930328369140625
7962.12,18,1,1,fixation,1,0.7218942642211914,-0.4067556858062744,1,3.7692718505859375,1,0.8815249337090386,-0.36230504512786865,1,3.7342681884765625
7978.786,18,1,1,fixation,0,nan,nan,0,nan,0,nan,nan,0,nan
7995.453,18,1,1,fixation,1,0.6933815214369031,-0.39054375886917114,1,3.9589996337890625,1,0.8880915111965603,-0.368050217628479,1,3.9921112060546875
8012.12,18,1,1,stimulusMovement,1,0.7387475967407227,-0.3979142904281616,1,3.7435150146484375,1,0.8922314114040798,-0.3613503575325012,1,3.6989593505859375
8028.786,18,1,1,stimulusMovement,0,nan,nan,0,nan,0,nan,nan,0,nan
8045.453,18,1,1,stimulusMovement,1,0.6838652292887369,-0.3885941505432129,1,3.9152984619140625,1,0.8965502844916449,-0.35089296102523804,1,3.952728271484375
8062.12,18,1,1,stimulusMovement,1,0.6774704191419813,-0.4116883873939514,1,3.947174072265625,1,0.8713973363240559,-0.356495201587677,1,3.9602203369140625
8078.786,18,1,1,stimulusMovement,1,0.6664979722764757,-0.4309033751487732,1,3.9427947998046875,1,0.870607058207194,-0.3789081573486328,1,3.9031524658203125
8095.452,18,1,1,stimulusMovement,1,0.6659454769558376,-0.4371716380119324,1,3.90826416015625,1,0.8786664538913302,-0.38602691888809204,1,3.947052001953125
8112.119,18,1,1,stimulusMovement,1,0.6586883332994249,-0.41403234004974365,1,3.9284210205078125,1,0.8766776190863714,-0.34488606452941895,1,3.8596038818359375
8128.785,18,1,1,stimulusMovement,1,0.6879251268174913,-0.38270020484924316,1,3.9337310791015625,1,0.8923352559407551,-0.35180723667144775,1,3.909942626953125
8145.452,18,1,1,stimulusMovement,1,0.6852068371242946,-0.38967180252075195,1,3.8936004638671875,1,0.9008452097574869,-0.34020090103149414,1,3.967010498046875
8162.119,18,1,1,stimulusMovement,1,0.690701060824924,-0.4056887626647949,1,3.89312744140625,1,0.9021129608154297,-0.3680858612060547,1,3.9206390380859375
8178.784,18,1,1,stimulusMovement,1,0.6950707965426974,-0.38867276906967163,1,3.8587799072265625,1,0.8888193766276041,-0.3465818166732788,1,3.9068145751953125
8195.451,18,1,1,stimulusMovement,1,0.6923674477471246,-0.3866713047027588,1,3.7873687744140625,1,0.9160603417290581,-0.35563331842422485,1,3.8950042724609375
8212.118,18,1,1,stimulusMovement,1,0.708054436577691,-0.3822382092475891,1,3.778106689453125,1,0.9113216400146484,-0.3573839068412781,1,3.8086395263671875
8228.784,18,1,1,stimulusMovement,1,0.7085443072848849,-0.3838396668434143,1,3.792510986328125,1,0.8947940402560763,-0.35323745012283325,1,3.8309478759765625
8245.451,18,1,1,stimulusMovement,1,0.7006188498602973,-0.39387768507003784,1,3.8081817626953125,1,0.9130833943684895,-0.3722032904624939,1,3.88311767578125
8262.118,18,1,1,stimulusMovement,1,0.6861115561591254,-0.3866112232208252,1,3.7967071533203125,1,0.8987882402208116,-0.3956752419471741,1,3.8848876953125
8278.783,18,1,1,stimulusMovement,1,0.7009550730387369,-0.3881845474243164,1,3.83270263671875,1,0.904492696126302,-0.37475109100341797,1,3.86669921875
8295.45,18,1,1,stimulusMovement,1,0.6930772993299695,-0.3926141858100891,1,3.785552978515625,1,0.8607564502292209,-0.35251641273498535,1,3.8932342529296875
8312.117,18,1,1,stimulusMovement,1,0.686218155754937,-0.38516294956207275,1,3.78704833984375,1,0.8728513717651367,-0.35098594427108765,1,3.8760528564453125
8328.783,18,1,1,stimulusMovement,1,0.7136345969306098,-0.37920546531677246,1,3.7680206298828125,1,0.9093189239501953,-0.3540635108947754,1,3.8594207763671875
8345.45,18,1,1,stimulusMovement,1,0.7001120249430338,-0.38537466526031494,1,3.77886962890625,1,0.9331533643934461,-0.36286354064941406,1,3.8351898193359375
8362.116,18,1,1,stimulusMovement,1,0.692202779981825,-0.3918701410293579,1,3.7747039794921875,1,0.9203183915879991,-0.34497928619384766,1,3.7931976318359375
8378.782,18,1,1,stimulusMovement,1,0.6922578811645508,-0.3855947256088257,1,3.7653045654296875,1,0.9255137973361545,-0.3631051182746887,1,3.7774200439453125
8395.449,18,1,1,stimulusMovement,1,0.6978744930691189,-0.38969171047210693,1,3.7523193359375,1,0.8921741909450954,-0.3789988160133362,1,3.808563232421875
8412.116,18,1,1,stimulusMovement,1,0.7108898162841797,-0.3780994415283203,1,3.763671875,1,0.9245577918158636,-0.3549039363861084,1,3.804168701171875
8428.782,18,1,1,stimulusMovement,1,0.6820711559719509,-0.38834673166275024,1,3.770782470703125,1,0.9153999752468532,-0.3723004460334778,1,3.821075439453125
8445.448,18,1,1,stimulusMovement,1,0.6970479753282335,-0.38307416439056396,1,3.763427734375,1,0.916524675157335,-0.3679010272026062,1,3.826080322265625
8462.115,18,1,1,stimulusMovement,1,0.693007575141059,-0.3661038279533386,1,3.7401123046875,1,0.900584962632921,-0.36311954259872437,1,3.7806854248046875
8478.781,18,1,1,stimulusMovement,1,0.7005460527208116,-0.39599329233169556,1,3.7534332275390625,1,0.9100053575303819,-0.3554146885871887,1,3.7739410400390625
8495.448,18,1,1,stimulusMovement,1,0.6910660001966688,-0.4212580919265747,1,3.8150177001953125,1,0.8851593865288628,-0.37768077850341797,1,3.798004150390625
8512.115,18,1,1,stimulusMovement,1,0.7035149468315972,-0.3824380040168762,1,3.75933837890625,1,0.9003202650282117,-0.35469770431518555,1,3.7921600341796875
8528.78,18,1,1,stimulusMovement,1,0.7025323443942599,-0.39444100856781006,1,3.7605133056640625,1,0.9187149471706814,-0.37242037057876587,1,3.7695770263671875
8545.447,18,1,1,stimulusMovement,1,0.7079099019368489,-0.3846215009689331,1,3.720611572265625,1,0.8929941389295789,-0.36405622959136963,1,3.7301483154296875
8562.114,18,1,1,stimulusMovement,1,0.7011149724324544,-0.4121091365814209,1,3.7288360595703125,1,0.9111340840657551,-0.374859094619751,1,3.7455291748046875
8578.78,18,1,1,stimulusMovement,0,nan,nan,0,nan,1,0.9147288004557291,-0.3583316206932068,1,3.7773284912109375
8595.447,18,1,1,stimulusMovement,1,0.6972144444783528,-0.3872511386871338,1,3.746551513671875,1,0.9166408114963107,-0.3628298044204712,1,3.751251220703125
8612.114,18,1,1,stimulusMovement,1,0.7057993147108289,-0.3791971802711487,1,3.7323760986328125,1,0.9034779866536458,-0.3468366265296936,1,3.7935791015625
8628.78,18,1,1,stimulusMovement,1,0.6930278142293294,-0.4032707214355469,1,3.760345458984375,1,0.9069078233506944,-0.35805511474609375,1,3.7448577880859375
8645.447,18,1,1,stimulusMovement,1,0.6836317910088433,-0.38182032108306885,1,3.7328338623046875,1,0.8841869566175672,-0.36899036169052124,1,3.76116943359375
8662.114,18,1,1,stimulusMovement,1,0.6946049796210395,-0.41370701789855957,1,3.745147705078125,1,0.9045100741916232,-0.36388617753982544,1,3.71954345703125
8678.779,18,1,1,stimulusMovement,1,0.7139037450154622,-0.3915173411369324,1,3.6988983154296875,1,0.9183180067274305,-0.3507883548736572,1,3.7584381103515625
8695.446,18,1,1,stimulusMovement,1,0.6725627051459419,-0.4222911596298218,1,3.77789306640625,1,0.8820483949449327,-0.3663225769996643,1,3.824005126953125
8712.113,18,1,1,stimulusMovement,1,0.7005837758382161,-0.40437614917755127,1,3.74249267578125,1,0.9334212409125433,-0.3845243453979492,1,3.8098602294921875
8728.779,18,1,1,stimulusMovement,1,0.5629169676038953,-0.5083487033843994,1,4.037322998046875,1,0.8655256695217556,-0.3746054172515869,1,3.7454986572265625
8745.446,18,1,1,stimulusMovement,1,0.6816535525851779,-0.42384856939315796,1,3.824310302734375,1,0.8500341839260525,-0.37532496452331543,1,3.812103271484375
8762.112,18,1,1,stimulusMovement,1,0.693598641289605,-0.400801420211792,1,3.735565185546875,1,0.8866442574395074,-0.364859402179718,1,3.74847412109375
8778.778,18,1,1,stimulusMovement,1,0.6714453167385525,-0.3950016498565674,1,3.7812042236328125,1,0.8854720857408311,-0.38371503353118896,1,3.7527313232421875
8795.445,18,1,1,stimulusMovement,1,0.6719480090671115,-0.41423285007476807,1,3.819793701171875,1,0.8412311342027452,-0.36098700761795044,1,3.8722381591796875
8812.112,18,1,1,stimulusMovement,1,0.672314961751302,-0.419058620929718,1,3.8054656982421875,1,0.8874483108520508,-0.35634398460388184,1,3.8164520263671875
8828.777,18,1,1,stimulusMovement,1,0.6568845113118489,-0.4288023114204407,1,3.7728424072265625,1,0.8850833045111761,-0.3956890106201172,1,3.8424530029296875
8845.444,18,1,1,stimulusMovement,0,nan,nan,0,nan,1,0.8727693557739258,-0.3741137385368347,1,3.794219970703125
8862.111,18,1,1,stimulusMovement,1,0.6757794486151801,-0.3889020085334778,1,3.806915283203125,1,0.8560454050699869,-0.34775465726852417,1,3.8419189453125
8878.777,18,1,1,stimulusMovement,1,0.6655875311957465,-0.4129785895347595,1,3.8181304931640625,1,0.8788559171888563,-0.36936110258102417,1,3.8045654296875
8895.444,18,1,1,stimulusMovement,1,0.6735603544447156,-0.4108966588973999,1,3.781402587890625,1,0.870573255750868,-0.3606142997741699,1,3.8022613525390625
8912.11,18,1,1,stimulusMovement,1,0.6800190607706705,-0.41239625215530396,1,3.801788330078125,1,0.8901653289794922,-0.3550494313240051,1,3.776519775390625
8928.776,18,1,1,stimulusMovement,1,0.6827603446112739,-0.4018931984901428,1,3.8089447021484375,1,0.8867627249823675,-0.37078678607940674,1,3.7909698486328125
8945.443,18,1,1,stimulusMovement,1,0.6775296529134114,-0.42171531915664673,1,3.790863037109375,1,0.874938858879937,-0.35558032989501953,1,3.7662353515625
8962.11,18,1,1,stimulusMovement,1,0.6621587541368272,-0.4234731197357178,1,3.8290252685546875,1,0.8844264348347981,-0.3600778579711914,1,3.7880706787109375
8978.776,18,1,1,stimulusMovement,1,0.6708153618706597,-0.43241506814956665,1,3.8080291748046875,1,0.8885265986124674,-0.365922212600708,1,3.7768707275390625
8995.442,18,1,1,stimulusMovement,0,nan,nan,0,nan,1,0.8740179273817273,-0.35510432720184326,1,3.80419921875
9012.109,18,1,1,stimulusMovement,1,0.6599960327148438,-0.4562891125679016,1,3.825927734375,1,0.8678421444363064,-0.3524407744407654,1,3.7582550048828125
9028.775,18,1,1,stimulusMovement,1,0.6766185760498047,-0.40376877784729004,1,3.73223876953125,1,0.8894884321424695,-0.35412681102752686,1,3.767181396484375
9045.441,18,1,1,stimulusMovement,1,0.6720271640353732,-0.42045074701309204,1,3.76190185546875,1,0.8660852644178602,-0.35999512672424316,1,3.755523681640625
9062.108,18,1,1,stimulusMovement,0,nan,nan,0,nan,1,0.8903524610731336,-0.3647630214691162,1,3.8112945556640625
9078.774,18,1,1,stimulusMovement,1,0.6868020163642036,-0.41005539894104004,1,3.6849517822265625,1,0.8903783162434895,-0.38124603033065796,1,3.8215179443359375
9095.441,18,1,1,stimulusMovement,1,0.6577335993448893,-0.43741655349731445,1,3.755157470703125,1,0.8797543843587239,-0.3728443384170532,1,3.757659912109375
9112.108,18,1,1,stimulusMovement,1,0.6544512642754449,-0.4348376989364624,1,3.767913818359375,1,0.8859753078884548,-0.3670459985733032,1,3.7990264892578125
9128.773,18,1,1,stimulusMovement,1,0.6959643893771701,-0.4111585021018982,1,3.6948394775390625,1,0.8614642884996202,-0.33357691764831543,1,3.737060546875
9145.44,18,1,1,stimulusMovement,0,nan,nan,0,nan,1,0.8586371739705403,-0.3728306293487549,1,3.7646942138671875
9162.107,18,1,1,stimulusMovement,1,0.6826110415988498,-0.3996700048446655,1,3.697052001953125,1,0.8742554982503254,-0.36162954568862915,1,3.7711944580078125
9178.773,18,1,1,stimulusMovement,1,0.6705451541476779,-0.41237878799438477,1,3.74774169921875,1,0.8861236572265625,-0.35677194595336914,1,3.7661285400390625
9195.439,18,1,1,stimulusMovement,1,0.7044703165690104,-0.4016307592391968,1,3.7165069580078125,1,0.8808958265516492,-0.353049099445343,1,3.69525146484375
9212.106,18,1,1,stimulusMovement,1,0.6655178070068359,-0.43042951822280884,1,3.7217559814453125,1,0.8771257400512695,-0.3589971661567688,1,3.7271881103515625
9228.772,18,1,1,stimulusMovement,1,0.6971530914306641,-0.39940083026885986,1,3.6715850830078125,1,0.8818427191840277,-0.3424065113067627,1,3.7180328369140625
9245.439,18,1,1,stimulusMovement,1,0.6718368530273438,-0.4309128522872925,1,3.7136383056640625,1,0.8735118442111545,-0.3707329034805298,1,3.695404052734375
9262.105,18,1,1,stimulusMovement,0,nan,nan,0,nan,1,0.870425542195638,-0.34558165073394775,1,3.703369140625
9278.771,18,1,1,stimulusMovement,1,0.6792741351657443,-0.41701483726501465,1,3.6889190673828125,1,0.8730024761623806,-0.36416953802108765,1,3.718963623046875
9295.438,18,1,1,stimulusMovement,0,nan,nan,0,nan,1,0.8595398796929253,-0.36717915534973145,1,3.7191925048828125
9312.105,18,1,1,stimulusMovement,1,0.6828808254665798,-0.43179988861083984,1,3.76800537109375,1,0.886390897962782,-0.3673391342163086,1,3.7202911376953125
9328.771,18,1,1,stimulusMovement,1,0.6779112286037868,-0.41961586475372314,1,3.74700927734375,1,0.8777035607231988,-0.3467438220977783,1,3.8257904052734375
9345.437,18,1,1,stimulusMovement,1,0.6771437327067057,-0.38192617893218994,1,3.6601715087890625,1,0.8575091891818576,-0.3688334822654724,1,3.7360992431640625
9362.104,18,1,1,stimulusMovement,1,0.6844573550754123,-0.42859864234924316,1,3.7480316162109375,1,0.8540046479966905,-0.3489234447479248,1,3.75164794921875
9378.77,18,1,1,stimulusMovement,1,0.6913312276204426,-0.4291754961013794,1,3.730682373046875,1,0.8522314495510525,-0.35153883695602417,1,3.7142333984375
9395.437,18,1,1,stimulusMovement,1,0.6912450790405273,-0.3996618986129761,1,3.694549560546875,1,0.8444983164469401,-0.351795494556427,1,3.7723388671875
9412.103,18,1,1,stimulusMovement,1,0.6832004123263888,-0.4057079553604126,1,3.778961181640625,1,0.8787224027845594,-0.355169415473938,1,3.7415008544921875
9428.769,18,1,1,stimulusMovement,1,0.6717474195692273,-0.41648513078689575,1,3.7800140380859375,1,0.8531475067138672,-0.3522735834121704,1,3.71380615234375
9445.436,18,1,1,stimulusMovement,1,0.6544925901624891,-0.41525721549987793,1,3.843231201171875,1,0.8428891499837239,-0.3317553997039795,1,3.78851318359375
9462.102,18,1,1,stimulusMovement,1,0.6869493060641818,-0.4183719754219055,1,3.7843170166015625,1,0.8617039786444769,-0.35497617721557617,1,3.792236328125
9478.768,18,1,1,stimulusMovement,1,0.6727203792995876,-0.4172045588493347,1,3.7334136962890625,1,0.8471745385064019,-0.3630892038345337,1,3.7776031494140625
9495.435,18,1,1,stimulusMovement,0,nan,nan,0,nan,1,0.8688156339857313,-0.34878379106521606,1,3.76824951171875
9512.102,18,1,1,stimulusMovement,1,0.6516286002265083,-0.40397292375564575,1,3.7681732177734375,1,0.8815481397840711,-0.36357617378234863,1,3.76287841796875
9528.768,18,1,1,stimulusMovement,0,nan,nan,0,nan,1,0.8830700980292425,-0.35420048236846924,1,3.7914886474609375
9545.434,18,1,1,stimulusMovement,1,0.6764540142483181,-0.41824108362197876,1,3.7453765869140625,1,0.8770374721950954,-0.3684982657432556,1,3.76611328125
9562.101,18,1,1,stimulusMovement,1,0.6567008760240343,-0.4143124222755432,1,3.758697509765625,1,0.8754526774088541,-0.3509519696235657,1,3.7355499267578125
9578.767,18,1,1,stimulusMovement,1,0.6692934036254883,-0.40548133850097656,1,3.7230072021484375,1,0.8677064047919378,-0.3545573949813843,1,3.7825469970703125
9595.434,18,1,1,stimulusMovement,1,0.6800267961290147,-0.4084625244140625,1,3.7532196044921875,1,0.8522470262315538,-0.3694489002227783,1,3.7446136474609375
9612.1,18,1,1,stimulusMovement,1,0.6626775529649522,-0.4132239818572998,1,3.7537689208984375,1,0.8301493326822916,-0.370921790599823,1,3.7459564208984375
9628.766,18,1,1,stimulusMovement,0,nan,nan,0,nan,1,0.845959981282552,-0.35121893882751465,1,3.71759033203125
9645.432,18,1,1,stimulusMovement,1,0.6602014965481228,-0.421348512172699,1,3.7584686279296875,1,0.859402232699924,-0.3506692051887512,1,3.71417236328125
9662.099,18,1,1,stimulusMovement,1,0.6692789925469292,-0.4106232523918152,1,3.728790283203125,1,0.849092059665256,-0.35590803623199463,1,3.6363372802734375
9678.765,18,1,1,stimulusMovement,1,0.678824848598904,-0.4215448498725891,1,3.75799560546875,1,0.8599045011732313,-0.3529844284057617,1,3.6814727783203125
9695.432,18,1,1,stimulusMovement,0,nan,nan,0,nan,1,0.8799837960137261,-0.37248098850250244,1,3.65911865234375
9712.099,18,1,1,stimulusMovement,1,0.6808880700005425,-0.4110413193702698,1,3.712158203125,1,0.8710414038764105,-0.36182737350463867,1,3.6625213623046875
9728.765,18,1,1,stimulusMovement,1,0.6675099266899956,-0.4298158884048462,1,3.7342071533203125,1,0.8779977162679036,-0.3525146245956421,1,3.7082061767578125
9745.432,18,1,1,stimulusMovement,1,0.6654950247870551,-0.3979378342628479,1,3.6809844970703125,1,0.8543992572360568,-0.3659129738807678,1,3.6878204345703125
9762.098,18,1,1,stimulusMovement,1,0.6704942915174695,-0.41962146759033203,1,3.6656494140625,1,0.8444970448811848,-0.35244083404541016,1,3.6581878662109375
9778.764,18,1,1,stimulusMovement,1,0.6653929816351997,-0.4136776924133301,1,3.69183349609375,1,0.8720739152696397,-0.37178564071655273,1,3.69287109375
9795.431,18,1,1,stimulusMovement,1,0.6250909169514973,-0.4620625376701355,1,3.80792236328125,1,0.8632346259223089,-0.37408721446990967,1,3.643829345703125
9812.098,18,1,1,stimulusMovement,1,0.6595717536078559,-0.4227414131164551,1,3.7007598876953125,1,0.8680042690700954,-0.3798118233680725,1,3.65277099609375
9828.763,18,1,1,stimulusMovement,1,0.6560454898410373,-0.4289054274559021,1,3.7024078369140625,1,0.8550281524658203,-0.36353600025177,1,3.64373779296875
9845.43,18,1,1,stimulusMovement,1,0.6759781307644314,-0.42256295680999756,1,3.6516265869140625,1,0.8690824508666992,-0.34794723987579346,1,3.607421875
9862.096,18,1,1,stimulusMovement,1,0.6699656380547417,-0.42116379737854004,1,3.6652679443359375,1,0.8697920905219183,-0.3678770661354065,1,3.653839111328125
9878.762,18,1,1,stimulusMovement,1,0.6598281860351562,-0.4199894070625305,1,3.6985931396484375,1,0.8696886698404948,-0.34698766469955444,1,3.6373291015625
9895.429,18,1,1,stimulusMovement,1,0.6500897937350802,-0.4155731201171875,1,3.714569091796875,1,0.8382965723673502,-0.35493987798690796,1,3.637725830078125
9912.096,18,1,1,stimulusMovement,1,0.6682426664564344,-0.42620569467544556,1,3.7007598876953125,1,0.850211673312717,-0.35413163900375366,1,3.5983734130859375
9928.762,18,1,1,stimulusMovement,1,0.6791021558973523,-0.4207385778427124,1,3.6623382568359375,1,0.846421135796441,-0.3694800138473511,1,3.6118621826171875
9945.428,18,1,1,stimulusMovement,1,0.6563265058729383,-0.45504456758499146,1,3.7647705078125,1,0.8653096093071831,-0.3642941117286682,1,3.60296630859375
9962.095,18,1,1,stimulusMovement,1,0.6677538553873698,-0.1851537823677063,1,3.7725677490234375,1,0.8348968293931749,-0.12035852670669556,1,3.683380126953125
9978.761,18,1,1,stimulusMovement,1,0.674928347269694,-0.20019114017486572,1,3.8017120361328125,1,0.8232315911187066,-0.1322559118270874,1,3.685699462890625
9995.428,18,1,1,stimulusMovement,1,0.6740052964952257,-0.16891765594482422,1,3.7693023681640625,1,0.8303806516859266,-0.09631294012069702,1,3.7201385498046875
10012.094,18,1,1,stimulusMovement,1,0.6708831787109375,-0.1654120683670044,1,3.837493896484375,1,0.8717185126410589,-0.11725997924804688,1,3.667327880859375
10028.76,18,1,1,stimulusMovement,1,0.6773311826917859,-0.18743741512298584,1,3.8177490234375,1,0.8531786600748698,-0.11364531517028809,1,3.7321624755859375
10045.426,18,1,1,stimulusMovement,1,0.6724865171644422,-0.19696933031082153,1,3.8299560546875,1,0.843258327907986,-0.12632232904434204,1,3.6221771240234375
10062.093,18,1,1,stimulusMovement,1,0.6669469409518771,-0.20540636777877808,1,3.824920654296875,0,nan,nan,0,nan
10078.759,18,1,1,stimulusMovement,1,0.672099855211046,-0.16458678245544434,1,3.7936859130859375,1,0.85543335808648,-0.12540733814239502,1,3.7175140380859375
10095.426,18,1,1,stimulusMovement,1,0.6865940093994141,-0.1770496368408203,1,3.8271942138671875,1,0.8204720815022786,-0.14619910717010498,1,3.7449493408203125
10112.092,18,1,1,stimulusMovement,0,nan,nan,0,nan,1,0.8029413223266602,-0.11723625659942627,1,3.7357330322265625
10128.758,18,1,1,stimulusMovement,1,0.6786535051133897,-0.18451106548309326,1,3.88580322265625,1,0.846573723687066,-0.11475390195846558,1,3.7650909423828125
10145.425,18,1,1,stimulusMovement,1,0.6786637836032443,-0.1990882158279419,1,3.8588714599609375,1,0.8299833933512369,-0.10527008771896362,1,3.7241668701171875
10162.092,18,1,1,stimulusMovement,1,0.6705218421088325,-0.05579763650894165,1,3.9301300048828125,1,0.8810848659939235,0.041559576988220215,1,3.7584381103515625
10178.757,18,1,1,stimulusMovement,1,0.633079104953342,0.014996051788330078,1,4.00897216796875,0,nan,nan,0,nan
10195.424,18,1,1,stimulusMovement,1,0.6612153583102756,0.014808803796768188,1,3.9921875,1,0.8177678849962022,0.13282376527786255,1,3.7084808349609375
10212.091,18,1,1,stimulusMovement,1,0.6665013631184895,0.07188338041305542,1,3.9290924072265625,1,0.8305066426595051,0.15127921104431152,1,3.7244873046875
10228.757,18,1,1,stimulusMovement,1,0.6498936547173394,0.0293005108833313,1,4.0133514404296875,1,0.8480733235677083,0.13587883114814758,1,3.707489013671875
10245.423,18,1,1,stimulusMovement,1,0.6647957695855035,0.029972553253173828,1,3.9954986572265625,1,0.8314266204833984,0.1489153802394867,1,3.705718994140625
10262.089,18,1,1,stimulusMovement,1,0.6497742335001627,0.005965173244476318,1,4.029266357421875,1,0.8261299133300781,0.15242713689804077,1,3.7227020263671875
10278.755,18,1,1,stimulusMovement,1,0.6502970589531792,0.08036661148071289,1,3.8390350341796875,1,0.8357994291517469,0.17484340071678162,1,3.66912841796875
10295.422,18,1,1,stimulusMovement,1,0.6580294503106011,0.06040012836456299,1,3.9484100341796875,1,0.827487097846137,0.20754164457321167,1,3.559051513671875
10312.089,18,1,1,stimulusMovement,1,0.6454317304823133,0.06624674797058105,1,3.8827362060546875,1,0.8299009535047742,0.17901846766471863,1,3.6248779296875
10328.754,18,1,1,stimulusMovement,1,0.6551992628309461,0.02839028835296631,1,3.97918701171875,1,0.828118430243598,0.11730983853340149,1,3.7823944091796875
10345.421,18,1,1,stimulusMovement,1,0.6487638685438367,0.04065540432929993,1,3.92364501953125,1,0.8089235093858507,0.20458340644836426,1,3.499786376953125
10362.088,18,1,1,stimulusMovement,1,0.6388946109347873,0.02554228901863098,1,3.9562835693359375,1,0.8507932027180989,0.1930902898311615,1,3.5337066650390625
10378.754,18,1,1,stimulusMovement,1,0.6524145338270398,0.110714852809906,1,3.7257080078125,1,0.8312402301364474,0.166949063539505,1,3.5601654052734375
10395.421,18,1,1,stimulusMovement,1,0.6418391333685981,0.03899204730987549,1,3.9022369384765625,1,0.8348888821072048,0.19837504625320435,1,3.58697509765625
10412.087,18,1,1,stimulusMovement,1,0.6933324601915147,0.34800074994564056,1,3.866851806640625,1,0.8548857371012369,0.42472733557224274,1,3.517120361328125
10428.753,18,1,1,stimulusMovement,1,0.6568331188625759,0.3789224550127983,1,3.7855224609375,1,0.8666762246025933,0.43275976181030273,1,3.55584716796875
10445.419,18,1,1,stimulusMovement,0,nan,nan,0,nan,1,0.8584606382581922,0.4625178463757038,1,3.5833892822265625
10462.086,18,1,1,stimulusMovement,1,0.676902347140842,0.41105058789253235,1,3.80169677734375,1,0.8508263693915472,0.43918944150209427,1,3.52301025390625
10478.752,18,1,1,stimulusMovement,1,0.6923400031195747,0.43024324625730515,1,3.787353515625,1,0.8482211430867512,0.43208689242601395,1,3.5932769775390625
10495.418,18,1,1,stimulusMovement,1,0.6682264539930555,0.40021997690200806,1,3.7419586181640625,1,0.8393312030368381,0.4349796622991562,1,3.5653839111328125
10512.085,18,1,1,stimulusMovement,1,0.6656468709309895,0.39791376888751984,1,3.8167266845703125,1,0.8401802910698785,0.443837508559227,1,3.53717041015625
10528.751,18,1,1,stimulusMovement,1,0.6802956263224283,0.41880154609680176,1,3.7256622314453125,0,nan,nan,0,nan
10545.418,18,1,1,stimulusMovement,0,nan,nan,0,nan,0,nan,nan,0,nan
10562.084,18,1,1,stimulusMovement,0,nan,nan,0,nan,0,nan,nan,0,nan
10578.75,18,1,1,stimulusMovement,1,0.6863725450303819,0.3916659951210022,1,3.854736328125,0,nan,nan,0,nan
10595.417,18,1,1,stimulusMovement,1,0.6934746636284722,0.3979754075407982,1,3.7879791259765625,0,nan,nan,0,nan
10612.084,18,1,1,stimulusMovement,0,nan,nan,0,nan,0,nan,nan,0,nan
10628.749,18,1,1,stimulusMovement,1,0.6744867960611979,0.43191418051719666,1,3.778289794921875,0,nan,nan,0,nan
10645.416,18,1,1,stimulusMovement,1,0.6894357469346788,0.4465944766998291,1,3.7884521484375,1,0.8542346954345703,0.4643053933978081,1,3.5375823974609375
10662.082,18,1,1,stimulusMovement,1,0.6916673448350694,0.42424090951681137,1,3.7779693603515625,1,0.852795918782552,0.4847129341214895,1,3.529266357421875
10678.748,18,1,1,stimulusMovement,1,0.7420081032647027,0.4287208020687103,1,3.912384033203125,1,0.8915396796332464,0.4987371303141117,1,3.565399169921875
10695.414,18,1,1,stimulusMovement,1,0.7416820526123047,0.48750212602317333,1,3.8478851318359375,1,0.9011474185519748,0.5661430731415749,1,3.5561981201171875
10712.081,18,1,1,stimulusMovement,1,0.7177256478203667,0.4919603783637285,1,3.7671051025390625,1,0.8838574091593424,0.5374873504042625,1,3.5695648193359375
10728.747,18,1,1,stimulusMovement,1,0.7386628256903754,0.4976279065012932,1,3.7920684814453125,1,0.8990584479437933,0.5495781376957893,1,3.5952301025390625
10745.414,18,1,1,stimulusMovement,1,0.7603851954142252,0.5227291584014893,1,3.8036041259765625,1,0.889315923055013,0.5243120305240154,1,3.6206512451171875
10762.08,18,1,1,stimulusMovement,1,0.7343694898817273,0.5094391871243715,1,3.7719879150390625,1,0.9093043009440104,0.521876510232687,1,3.60870361328125
10778.746,18,1,1,stimulusMovement,1,0.7398787604437934,0.4962278518360108,1,3.812744140625,1,0.9011217753092448,0.5368818640708923,1,3.6269073486328125
10795.413,18,1,1,stimulusMovement,1,0.7453048494127061,0.48608372546732426,1,3.8163299560546875,1,0.8998499976264105,0.5364166349172592,1,3.658843994140625
10812.08,18,1,1,stimulusMovement,1,0.7412537468804253,0.5097617283463478,1,3.8249359130859375,1,0.9099975162082248,0.5435923151671886,1,3.643463134765625
10828.746,18,1,1,stimulusMovement,1,0.750497923956977,0.5163407418876886,1,3.8281402587890625,1,0.9108424716525607,0.5346558913588524,1,3.6749420166015625
10845.412,18,1,1,stimulusMovement,1,0.732405768500434,0.48745733220130205,1,3.8797607421875,1,0.9407191806369357,0.5221458151936531,1,3.6301422119140625
10862.078,18,1,1,stimulusMovement,1,0.7406589719984266,0.5030352685134858,1,3.868682861328125,1,0.8979030185275607,0.5432439967989922,1,3.6506195068359375
10878.744,18,1,1,stimulusMovement,1,0.733891593085395,0.47256061993539333,1,3.97125244140625,1,0.9060904184977213,0.5547020360827446,1,3.726806640625
10895.411,18,1,1,stimulusMovement,1,0.7364631228976779,0.4856303399428725,1,3.9894561767578125,1,0.8940989176432291,0.5513281375169754,1,3.7622833251953125
10912.077,18,1,1,stimulusMovement,1,0.6892857021755642,0.49968207255005836,1,3.849822998046875,1,0.8977745903862847,0.552837248891592,1,3.720550537109375
10928.743,18,1,1,stimulusMovement,1,0.7284217410617404,0.5056652817875147,1,4.0054473876953125,1,0.8912313249376085,0.5325517132878304,1,3.818267822265625
10945.41,18,1,1,stimulusMovement,1,0.7170109219021267,0.49189433082938194,1,4.0388641357421875,1,0.9105497996012369,0.5419962480664253,1,3.76177978515625
10962.077,18,1,1,stimulusMovement,1,0.7309252421061198,0.48802992329001427,1,4.031280517578125,1,0.8591736687554253,0.4813122283667326,1,3.9577789306640625
10978.742,18,1,1,stimulusMovement,1,0.7323140038384331,0.48148298263549805,1,4.04583740234375,1,0.9008051554361979,0.5365680530667305,1,3.8130645751953125
10995.409,18,1,1,stimulusMovement,0,nan,nan,0,nan,1,0.8854815165201823,0.517101239413023,1,3.903106689453125
11012.076,18,1,1,stimulusMovement,1,0.6996151606241862,0.46610919013619423,1,4.059722900390625,1,0.878506130642361,0.5501609966158867,1,3.7800445556640625
11028.742,18,1,1,stimulusMovement,1,0.7368894153171115,0.3750274330377579,1,4.2856903076171875,1,0.8928502400716145,0.5242967642843723,1,3.825531005859375
11045.408,18,1,1,stimulusMovement,1,0.7264802720811632,0.48483468499034643,1,4.0930938720703125,1,0.8858149846394856,0.523495826870203,1,3.8736114501953125
11062.075,18,1,1,stimulusMovement,0,nan,nan,0,nan,1,0.891424814860026,0.5196576900780201,1,3.87835693359375
11078.74,18,1,1,stimulusMovement,0,nan,nan,0,nan,1,0.8973700205485026,0.52761310338974,1,3.9462738037109375
11095.407,18,1,1,stimulusMovement,1,0.7683219909667969,0.5094023896381259,1,3.9910125732421875,1,0.8817023171318902,0.5242532696574926,1,3.9313201904296875
11112.073,18,1,1,stimulusMovement,0,nan,nan,0,nan,1,0.8892633650037977,0.5111248353496194,1,3.9221954345703125
11128.739,18,1,1,stimulusMovement,1,0.7217924329969617,0.4464530497789383,1,4.248382568359375,1,0.9089156256781683,0.5126127675175667,1,3.9267425537109375
11145.406,18,1,1,stimulusMovement,1,0.7362696329752604,0.4703052770346403,1,4.1662750244140625,1,0.8918830023871527,0.5175485145300627,1,4.0140228271484375
11162.072,18,1,1,stimulusMovement,1,0.7116668489244249,0.45197048783302307,1,4.1774749755859375,1,0.8896185557047526,0.509724079631269,1,4.0509033203125
11178.738,18,1,1,stimulusMovement,1,0.7131178114149305,0.4665345773100853,1,4.1470794677734375,1,0.8640377256605359,0.5056503526866436,1,4.0291595458984375
11195.405,18,1,1,stimulusMovement,1,0.6886872185601128,0.44399624317884445,1,4.2302703857421875,1,0.8911798265245225,0.5646824985742569,1,3.917938232421875
11212.072,18,1,1,stimulusMovement,1,0.6736025280422634,0.4266406446695328,1,4.3702392578125,1,0.9013786315917969,0.5243376363068819,1,3.9925079345703125
11228.737,18,1,1,stimulusMovement,1,0.6996457841661241,0.4673123247921467,1,4.18048095703125,1,0.8822345733642578,0.5089712385088205,1,4.0231475830078125
11245.404,18,1,1,stimulusMovement,1,0.7179874844021267,0.5010082172229886,1,4.157989501953125,1,0.895178476969401,0.5021053953096271,1,4.00628662109375
11262.071,18,1,1,stimulusMovement,0,nan,nan,0,nan,1,0.903301027086046,0.5411404669284821,1,3.9193878173828125
11278.736,18,1,1,stimulusMovement,0,nan,nan,0,nan,1,0.8400537702772352,0.5699346140027046,1,3.777557373046875
11295.403,18,1,1,stimulusMovement,0,nan,nan,0,nan,1,0.9025065104166666,0.5256815254688263,1,3.9470672607421875
11312.07,18,1,1,stimulusMovement,1,0.6972986857096354,0.44148777052760124,1,4.24261474609375,1,0.8729374143812391,0.5597843639552593,1,3.8551788330078125
11328.736,18,1,1,stimulusMovement,0,nan,nan,0,nan,1,0.9085027906629773,0.5332451537251472,1,3.9385986328125
11345.403,18,1,1,stimulusMovement,1,0.7318709691365559,0.49106537364423275,1,4.165740966796875,1,0.9012120564778645,0.5442177131772041,1,3.953155517578125
11362.07,18,1,1,stimulusMovement,1,0.7432489395141602,0.49315522890537977,1,4.2293701171875,1,0.8815799289279513,0.5308575741946697,1,3.915252685546875
11378.736,18,1,1,stimulusMovement,0,nan,nan,0,nan,1,0.9012101491292317,0.5327783785760403,1,3.91064453125
11395.403,18,1,1,stimulusMovement,1,0.729586919148763,0.4785882346332073,1,4.2056732177734375,1,0.9096118079291449,0.5523131042718887,1,3.885009765625
11412.07,18,1,1,stimulusMovement,1,0.7090040842692057,0.37048597633838654,1,4.507354736328125,1,0.9035727183024088,0.543837770819664,1,3.8984222412109375
11428.736,18,1,1,stimulusMovement,1,0.7355843649970161,0.36972884833812714,1,4.4385528564453125,1,0.9079914093017578,0.5503283366560936,1,3.8606109619140625
11445.403,18,1,1,stimulusMovement,1,0.7223403718736436,0.4928471287712455,1,4.183990478515625,1,0.9272823333740234,0.5563553385436535,1,3.8358917236328125
11462.07,18,1,1,stimulusMovement,1,0.7364234924316406,0.47482714988291264,1,4.1930084228515625,1,0.8841186099582248,0.5508091747760773,1,3.89202880859375
11478.736,18,1,1,stimulusMovement,1,0.7457109027438693,0.4927856242284179,1,4.1460723876953125,1,0.9052537282307942,0.5295650139451027,1,3.8555755615234375
11495.402,18,1,1,stimulusMovement,1,0.73153199089898,0.45546044036746025,1,4.3074188232421875,1,0.921352810329861,0.545925933867693,1,3.8183441162109375
11512.069,18,1,1,stimulusMovement,1,0.7507779863145616,0.4616757817566395,1,4.1860198974609375,1,0.915728039211697,0.5192051231861115,1,3.844512939453125
11528.735,18,1,1,stimulusMovement,1,0.7258742650349934,0.4854287365451455,1,4.127288818359375,1,0.9220699734157985,0.5188707783818245,1,3.843841552734375
11545.402,18,1,1,stimulusMovement,1,0.7367695702446831,0.49187492951750755,1,4.1029052734375,1,0.9058081309000651,0.5187308266758919,1,3.8257598876953125
11562.069,18,1,1,stimulusMovement,1,0.7206391228569878,0.48340641148388386,1,4.1421051025390625,1,0.9306793212890625,0.5389683432877064,1,3.8367462158203125
11578.735,18,1,1,stimulusMovement,1,0.7621703677707248,0.47516293451189995,1,4.166290283203125,1,0.9210361904568142,0.5258042346686125,1,3.8444366455078125
11595.402,18,1,1,stimulusMovement,1,0.7508729298909504,0.49118043668568134,1,4.1676483154296875,1,0.9083205329047308,0.5270400159060955,1,3.8250579833984375
11612.069,18,1,1,stimulusMovement,0,nan,nan,0,nan,1,0.9145770602756076,0.5395338088274002,1,3.834503173828125
11628.735,18,1,1,stimulusMovement,1,0.7100837495591905,0.4840491823852062,1,4.0336456298828125,1,0.8980988396538628,0.5361329764127731,1,3.834686279296875
11645.402,18,1,1,stimulusMovement,0,nan,nan,0,nan,1,0.8875713348388672,0.49307670816779137,1,3.89801025390625
11662.069,18,1,1,stimulusMovement,1,0.7189235687255859,0.5000203766394407,1,4.0253448486328125,1,0.902783711751302,0.5105563485994935,1,3.834564208984375
11678.735,18,1,1,stimulusMovement,1,0.8585712644788953,0.2657212018966675,1,4.7751617431640625,1,0.9015449947781032,0.5265373568981886,1,3.822998046875
11695.401,18,1,1,stimulusMovement,1,0.7424110836452907,0.49125890992581844,1,4.10260009765625,1,0.9133995903862847,0.5118175158277154,1,3.853424072265625
11712.068,18,1,1,stimulusMovement,1,0.7329010433620876,0.4877412933856249,1,4.0743560791015625,1,0.9072922600640191,0.5137936566025019,1,3.8541107177734375
11728.734,18,1,1,stimulusMovement,1,0.7298914591471354,0.48301876708865166,1,4.135162353515625,1,0.9099390241834852,0.5373256541788578,1,3.8356475830078125
11745.401,18,1,1,stimulusMovement,1,0.7275507185194227,0.5395576506853104,1,4.0494232177734375,1,0.8970084720187717,0.5536441951990128,1,3.868621826171875
11762.068,18,1,1,stimulusMovement,1,0.7311331431070963,0.4932606862857938,1,4.1316375732421875,1,0.8843955993652344,0.5203364621847868,1,3.895233154296875
11778.734,18,1,1,stimulusMovement,1,0.7397645314534504,0.4817368797957897,1,4.2158050537109375,1,0.9105135599772135,0.5548068955540657,1,3.85943603515625
11795.401,18,1,1,stimulusMovement,0,nan,nan,0,nan,1,0.9024092356363932,0.5305397752672434,1,3.8851318359375
11812.068,18,1,1,stimulusMovement,1,0.7180149290296766,0.4665316939353943,1,4.160064697265625,1,0.9074395497639973,0.5153564065694809,1,3.889801025390625
11828.734,18,1,1,stimulusMovement,1,0.7258048587375217,0.48605018574744463,1,4.1384429931640625,1,0.9025033315022786,0.5099233845248818,1,3.9045562744140625
11845.401,18,1,1,stimulusMovement,1,0.7218797471788194,0.4516768790781498,1,4.2036590576171875,1,0.8999339209662542,0.540082048624754,1,3.913177490234375
11862.068,18,1,1,stimulusMovement,1,0.7387337154812282,0.4832932408899069,1,4.161407470703125,1,0.876254187689887,0.5419362336397171,1,3.8164520263671875
11878.734,18,1,1,stimulusMovement,1,0.7384433746337891,0.5061418619006872,1,4.085479736328125,1,0.9042089250352647,0.5299289301037788,1,3.8984527587890625
11895.401,18,1,1,stimulusMovement,1,0.687964227464464,0.21867546439170837,1,4.94989013671875,1,0.9018658532036675,0.5306082740426064,1,3.9042510986328125
11912.067,18,1,1,stimulusMovement,1,0.7462888293796115,0.4659416303038597,1,4.1934967041015625,1,0.8875187767876519,0.5260684080421925,1,3.8775634765625
11928.733,18,1,1,stimulusMovement,0,nan,nan,0,nan,1,0.8897455003526475,0.5270283780992031,1,3.90576171875
11945.4,18,1,1,stimulusMovement,1,0.7454076343112521,0.5047224028967321,1,4.1857757568359375,1,0.8877811431884766,0.5203808154910803,1,3.9417266845703125
11962.067,18,1,1,stimulusMovement,0,nan,nan,0,nan,1,0.9024484422471788,0.5066416724584997,1,3.9511566162109375
11978.733,18,1,1,stimulusMovement,0,nan,nan,0,nan,1,0.8873927858140733,0.5226774550974369,1,3.955413818359375
11995.4,18,1,1,fixation,1,0.7170881695217556,0.4779902584850788,1,4.225738525390625,1,0.8985873328314886,0.5234621912240982,1,3.9648590087890625
12012.067,18,1,1,fixation,0,nan,nan,0,nan,1,0.9027455647786458,0.4882892034947872,1,3.7069091796875
12028.733,18,1,1,fixation,0,nan,nan,0,nan,0,nan,nan,0,nan
12045.4,18,1,1,fixation,1,0.7589628431532117,0.4987348822178319,1,4.2172698974609375,1,0.8897183736165364,0.5044865161180496,1,3.955596923828125
12062.067,18,1,1,fixation,1,0.6859279208713107,0.37870774418115616,1,3.8674774169921875,1,0.9021339416503906,0.4878852441906929,1,3.7257232666015625
12078.733,18,1,1,fixation,0,nan,nan,0,nan,0,nan,nan,0,nan
12095.4,18,1,1,fixation,0,nan,nan,0,nan,1,0.8952880435519748,0.5232414249330759,1,3.957305908203125
12112.066,18,1,1,fixation,1,0.7043382856580945,0.4045737683773041,1,3.8882293701171875,1,0.912109375,0.5059038777835667,1,3.7412261962890625
12128.732,18,1,1,fixation,0,nan,nan,0,nan,0,nan,nan,0,nan
12145.399,18,1,1,fixation,1,0.8253707885742188,0.3576210141181946,1,4.632720947265625,1,0.8996315002441406,0.5245887078344822,1,3.9404449462890625
12162.066,18,1,1,fixation,1,0.69780519273546,0.4047897160053253,1,3.912445068359375,1,0.9073581695556641,0.4975907423067838,1,3.7657928466796875
12178.732,18,1,1,fixation,0,nan,nan,0,nan,0,nan,nan,0,nan
12195.399,18,1,1,fixation,0,nan,nan,0,nan,1,0.9081350962320963,0.5323780104517937,1,4.0087890625
12212.066,18,1,1,fixation,1,0.7003380457560221,0.4164140447974205,1,3.9296112060546875,1,0.9045193990071614,0.49625345156528056,1,3.779388427734375
12228.732,18,1,1,fixation,0,nan,nan,0,nan,0,nan,nan,0,nan
12245.399,18,1,1,fixation,1,0.7687147988213433,0.44010254368185997,1,4.4015350341796875,1,0.8824308183458116,0.525109775364399,1,3.9907684326171875
12262.066,18,1,1,fixation,1,0.7260582182142469,0.4481232166290283,1,3.942718505859375,1,0.903397454155816,0.49652247806079686,1,3.776153564453125
12278.732,18,1,1,fixation,0,nan,nan,0,nan,0,nan,nan,0,nan
12295.399,18,1,1,fixation,1,0.7559773127237955,0.43111439049243927,1,4.4089813232421875,1,0.9033919440375433,0.5275322236120701,1,3.9447479248046875
12312.066,18,1,1,fixation,1,0.7072391510009766,0.41796011477708817,1,3.9322967529296875,1,0.9075707329644097,0.4955906216055155,1,3.757598876953125
12328.731,18,1,1,fixation,0,nan,nan,0,nan,0,nan,nan,0,nan
12345.398,18,1,1,fixation,1,0.784171634250217,0.39874541014432907,1,4.51214599609375,1,0.8977105882432725,0.5138388089835644,1,4.0073394775390625
12362.065,18,1,1,fixation,1,0.7063672807481554,0.4174116849899292,1,3.9186859130859375,1,0.9133675893147786,0.4999629370868206,1,3.738006591796875
12378.731,18,1,1,fixation,0,nan,nan,0,nan,0,nan,nan,0,nan
12395.398,18,1,1,fixation,0,nan,nan,0,nan,1,0.8930859035915798,0.5157104749232531,1,4.0003814697265625
12412.065,18,1,1,fixation,1,0.7060733371310763,0.4074062183499336,1,3.9019775390625,1,0.907844755384657,0.5036674803122878,1,3.706939697265625
12428.731,18,1,1,fixation,0,nan,nan,0,nan,0,nan,nan,0,nan
12445.398,18,1,1,fixation,0,nan,nan,0,nan,1,0.8931066724989148,0.541891060769558,1,3.9803924560546875
12462.065,18,1,1,fixation,1,0.7075812021891276,0.4074469730257988,1,3.8956298828125,1,0.9140052795410156,0.4998296946287155,1,3.700347900390625
12478.731,18,1,1,fixation,0,nan,nan,0,nan,0,nan,nan,0,nan
12495.398,18,1,1,fixation,1,0.7768869400024414,0.3972637578845024,1,4.5032958984375,1,0.8844081030951605,0.5144710531458259,1,3.9754791259765625
12512.065,18,1,1,fixation,1,0.7006058163113064,0.4227685257792473,1,3.89508056640625,1,0.9144460890028211,0.5185891501605511,1,3.7051239013671875
12528.73,18,1,1,fixation,0,nan,nan,0,nan,0,nan,nan,0,nan
12545.397,18,1,1,fixation,1,0.717575814988878,0.36666320264339447,1,4.6164398193359375,1,0.8912506103515625,0.5182588752359152,1,3.9582366943359375
12562.064,18,1,1,fixation,1,0.7229030397203233,0.4349008575081825,1,3.901580810546875,1,0.9047826131184895,0.5055294604972005,1,3.70623779296875
12578.73,18,1,1,fixation,0,nan,nan,0,nan,0,nan,nan,0,nan
12595.397,18,1,1,fixation,1,0.7596249050564235,0.4731990769505501,1,4.2947998046875,1,0.9055735270182291,0.5410209745168686,1,3.9632110595703125
12612.064,18,1,1,fixation,1,0.7066124810112847,0.4109113737940788,1,3.912811279296875,1,0.9034207661946614,0.5023414583411068,1,3.7126922607421875
12628.73,18,1,1,fixation,0,nan,nan,0,nan,0,nan,nan,0,nan
12645.397,18,1,1,fixation,1,0.7696198357476128,0.44520019367337227,1,4.3514556884765625,1,0.8929225073920355,0.5191029161214828,1,3.920501708984375
12662.064,18,1,1,fixation,1,0.7112295362684461,0.41801774501800537,1,3.926177978515625,1,0.9098591274685329,0.5056067784316838,1,3.71063232421875
12678.73,18,1,1,fixation,0,nan,nan,0,nan,0,nan,nan,0,nan
12695.397,18,1,1,fixation,1,0.775254037645128,0.41278076171875,1,4.4565582275390625,1,0.8902053833007812,0.5230254661291838,1,3.9553680419921875
12712.064,18,1,1,fixation,1,0.707175784640842,0.40738748013973236,1,3.9371337890625,1,0.9039823744032117,0.507523906417191,1,3.7118072509765625
12728.73,18,1,1,fixation,0,nan,nan,0,nan,0,nan,nan,0,nan
12745.396,18,1,1,fixation,0,nan,nan,0,nan,1,0.906619177924262,0.5291181411594152,1,3.9538726806640625
12762.063,18,1,1,fixation,1,0.7119575076633029,0.4098256006836891,1,3.9527435302734375,1,0.9039158291286892,0.5021435304079205,1,3.7222747802734375
12778.729,18,1,1,fixation,0,nan,nan,0,nan,0,nan,nan,0,nan
12795.396,18,1,1,fixation,1,0.7448883056640625,0.46763821691274643,1,4.3372650146484375,1,0.8948046366373698,0.5370379649102688,1,3.9305572509765625
12812.063,18,1,1,fixation,1,0.715208265516493,0.40020160377025604,1,3.9704437255859375,1,0.9054109785291883,0.49878911895211786,1,3.7354278564453125
12828.729,18,1,1,fixation,0,nan,nan,0,nan,0,nan,nan,0,nan
12845.396,18,1,1,fixation,1,0.7712637583414713,0.37950655817985535,1,4.6090087890625,1,0.8994246588812933,0.5287388041615486,1,4.0039520263671875
12862.063,18,1,1,fixation,1,0.714445326063368,0.40659845620393753,1,3.9805908203125,1,0.9028388129340277,0.49162246845662594,1,3.74798583984375
12878.729,18,1,1,fixation,0,nan,nan,0,nan,0,nan,nan,0,nan
12895.396,18,1,1,fixation,1,0.6999129189385308,0.2884935438632965,1,4.822784423828125,1,0.9004035525851779,0.5297897607088089,1,3.958221435546875
12912.063,18,1,1,fixation,1,0.7376494937472873,0.4230492487549782,1,3.98687744140625,1,0.9060584174262152,0.49949588952586055,1,3.7582855224609375
12928.729,18,1,1,fixation,0,nan,nan,0,nan,0,nan,nan,0,nan
12945.395,18,1,1,fixation,1,0.7516123453776041,0.4404779225587845,1,4.3975982666015625,1,0.8953391181098089,0.5173915773630142,1,4.0584869384765625
12962.062,18,1,1,fixation,1,0.7176087697347004,0.40855173766613007,1,3.9833984375,1,0.9108573065863714,0.49872665537986904,1,3.7709808349609375
12978.728,18,1,1,fixation,0,nan,nan,0,nan,0,nan,nan,0,nan
12995.395,18,1,1,fixation,1,0.7556272082858615,0.43680814653635025,1,4.409454345703125,1,0.9164911905924479,0.5229012779891491,1,4.062164306640625
13012.062,18,1,1,fixation,1,0.7255562676323785,0.4218369126319885,1,3.96240234375,1,0.9057148827446831,0.4946204135194421,1,3.7625885009765625
13028.728,18,1,1,fixation,0,nan,nan,0,nan,0,nan,nan,0,nan
13045.395,18,1,1,fixation,1,0.7757097880045573,0.4631037190556526,1,4.3278045654296875,1,0.894894070095486,0.537326417863369,1,4.0233917236328125
13062.062,18,1,1,fixation,1,0.717254532708062,0.4053693190217018,1,3.942718505859375,1,0.9041239420572916,0.4987046441528946,1,3.7571258544921875
13078.728,18,1,1,fixation,0,nan,nan,0,nan,0,nan,nan,0,nan
13095.395,18,1,1,fixation,1,0.7638000912136501,0.4170367196202278,1,4.4413299560546875,1,0.8795187208387586,0.5639140158891678,1,3.8947906494140625
13112.062,18,1,1,fixation,1,0.7132659488254123,0.4016275703907013,1,3.940277099609375,1,0.9029422336154513,0.4985099514015019,1,3.747802734375
13128.728,18,1,1,fixation,0,nan,nan,0,nan,0,nan,nan,0,nan
13145.395,18,1,1,fixation,1,0.7234002219306098,0.2836179584264755,1,4.7762908935546875,1,0.8649958504570855,0.560209721326828,1,3.8894805908203125
13162.061,18,1,1,fixation,1,0.7130953470865885,0.4036666750907898,1,3.941436767578125,1,0.9007303449842664,0.5021200282499194,1,3.7481231689453125
13178.727,18,1,1,fixation,0,nan,nan,0,nan,0,nan,nan,0,nan
13195.394,18,1,1,fixation,1,0.7316165500217013,0.2738300859928131,1,4.761016845703125,1,0.8923072814941406,0.5277956742793322,1,3.97088623046875
13212.061,18,1,1,stimulusMovement,1,0.7234892315334743,0.413834311068058,1,3.966217041015625,1,0.8993852403428819,0.5039084702730179,1,3.7626953125
13228.727,18,1,1,stimulusMovement,0,nan,nan,0,nan,0,nan,nan,0,nan
13245.394,18,1,1,stimulusMovement,1,0.729264153374566,0.4082292690873146,1,4.5350494384765625,1,0.9175264570448133,0.5297705680131912,1,4.0712738037109375
13262.061,18,1,1,stimulusMovement,1,0.6276133855183919,0.18427401781082153,1,5.214508056640625,1,0.8881710900200738,0.53194260597229,1,4.05419921875
13278.727,18,1,1,stimulusMovement,1,0.7492141723632812,0.4235033243894577,1,4.5233917236328125,1,0.8402525583902994,0.5817665979266167,1,3.8787689208984375
13295.394,18,1,1,stimulusMovement,1,0.700161404079861,0.48109894804656506,1,4.25872802734375,1,0.8861851162380642,0.5512639880180359,1,4.0649261474609375
13312.061,18,1,1,stimulusMovement,0,nan,nan,0,nan,0,nan,nan,0,nan
13328.727,18,1,1,stimulusMovement,0,nan,nan,0,nan,1,0.8919175465901692,0.5503364764153957,1,4.1063232421875
13345.394,18,1,1,stimulusMovement,1,0.6894262101915147,0.23623862862586975,1,5.0578460693359375,1,0.8876667022705078,0.5376650989055634,1,4.0979766845703125
13362.06,18,1,1,stimulusMovement,1,0.6268155839708116,0.3580300062894821,1,4.459075927734375,1,0.7787604861789279,0.44327813014388084,1,4.1500244140625
13378.726,18,1,1,stimulusMovement,1,0.4111976623535156,0.15322750806808472,1,4.38671875,1,0.5738432142469617,0.2350521683692932,1,4.102813720703125
13395.393,18,1,1,stimulusMovement,1,0.3550444708930121,-0.012164115905761719,1,4.385498046875,0,nan,nan,0,nan
13412.06,18,1,1,stimulusMovement,1,0.33933046129014754,-0.015707790851593018,1,4.4732666015625,1,0.4912265141805013,0.08422937989234924,1,4.147613525390625
13428.726,18,1,1,stimulusMovement,1,0.3522995842827691,0.022461116313934326,1,4.358306884765625,1,0.47665839725070525,0.08884415030479431,1,4.1196441650390625
13445.393,18,1,1,stimulusMovement,1,0.3327193790011936,0.022161483764648438,1,4.416412353515625,1,0.4715714984469943,0.11125153303146362,1,4.102783203125
13462.06,18,1,1,stimulusMovement,1,0.3418456183539496,-0.007949411869049072,1,4.443115234375,0,nan,nan,0,nan
13478.726,18,1,1,stimulusMovement,1,0.34407446119520396,0.047566115856170654,1,4.3134918212890625,1,0.49518564012315536,0.08932936191558838,1,4.1725616455078125
13495.393,18,1,1,stimulusMovement,1,0.3325093587239583,0.0285780131816864,1,4.3679046630859375,1,0.48095501793755424,0.10858482122421265,1,4.1493377685546875
13512.06,18,1,1,stimulusMovement,0,nan,nan,0,nan,1,0.46700053744845915,0.10759544372558594,1,4.15570068359375
13528.726,18,1,1,stimulusMovement,1,0.3545624415079752,-0.016693532466888428,1,4.493255615234375,1,0.4794137742784288,0.09147775173187256,1,4.19677734375
13545.393,18,1,1,stimulusMovement,1,0.34530406528049046,0.015545636415481567,1,4.4967193603515625,1,0.4768042034573025,0.0793355405330658,1,4.1893157958984375
13562.06,18,1,1,stimulusMovement,1,0.3714239332411024,-0.0034674406051635742,1,4.4997711181640625,1,0.44971126980251735,0.12248700857162476,1,4.1163177490234375
13578.725,18,1,1,stimulusMovement,1,0.3500460518731011,-0.0014277100563049316,1,4.47747802734375,1,0.4906768798828125,0.0742691159248352,1,4.25067138671875
13595.392,18,1,1,stimulusMovement,1,0.34775543212890625,-0.007966458797454834,1,4.5460052490234375,1,0.4899688296847873,0.09745657444000244,1,4.2464141845703125
13612.059,18,1,1,stimulusMovement,1,0.3448253207736545,0.005064070224761963,1,4.4759368896484375,1,0.4947569105360243,0.0916452407836914,1,4.199798583984375
13628.725,18,1,1,stimulusMovement,1,0.4222003089057074,0.08101552724838257,1,4.432647705078125,1,0.5715938144259982,0.1440136730670929,1,4.2216339111328125
13645.392,18,1,1,stimulusMovement,1,0.6005143059624566,0.3330394923686981,1,4.63677978515625,1,0.7904334598117404,0.4209812879562378,1,4.1692352294921875
13662.059,18,1,1,stimulusMovement,1,0.6686215930514865,0.3373401463031769,1,4.6360931396484375,1,0.8527185651991102,0.4644760377705097,1,4.21185302734375
13678.725,18,1,1,stimulusMovement,1,0.6750399271647135,0.40610936284065247,1,4.507415771484375,1,0.8466440836588541,0.5079761734232306,1,4.1433868408203125
13695.392,18,1,1,stimulusMovement,1,0.6817181905110676,0.40227700769901276,1,4.4437103271484375,1,0.8192811542087131,0.49646145408041775,1,4.077972412109375
13712.059,18,1,1,stimulusMovement,1,0.6900221506754557,0.42208486795425415,1,4.4017333984375,1,0.7813080681694878,0.41189445555210114,1,4.176055908203125
13728.725,18,1,1,stimulusMovement,1,0.6832572089301215,0.3155439645051956,1,4.5968017578125,1,0.8041152954101562,0.520314384251833,1,3.880523681640625
13745.392,18,1,1,stimulusMovement,1,0.7237158881293403,0.3260725289583206,1,4.52685546875,1,0.8561539120144314,0.49302729731425643,1,3.9878692626953125
13762.059,18,1,1,stimulusMovement,0,nan,nan,0,nan,1,0.8395756615532769,0.494706176687032,1,3.9610443115234375
13778.724,18,1,1,stimulusMovement,1,0.7018057505289713,0.4582512825727463,1,4.171905517578125,1,0.8654957877265081,0.4954237504862249,1,3.8985137939453125
13795.391,18,1,1,stimulusMovement,1,0.7636910544501411,0.367639884352684,1,4.4447784423828125,1,0.8435228135850694,0.49329849798232317,1,3.821136474609375
13812.058,18,1,1,stimulusMovement,1,0.7070325215657551,0.4217364490032196,1,4.1277313232421875,1,0.8353269365098741,0.47981507889926434,1,3.81951904296875
13828.724,18,1,1,stimulusMovement,1,0.6809171040852864,0.4400036185979843,1,4.1042022705078125,1,0.854392475552029,0.49969162372872233,1,3.7774200439453125
13845.391,18,1,1,stimulusMovement,1,0.692747328016493,0.46342431008815765,1,4.0592041015625,1,0.8381160100301106,0.4754088409245014,1,3.76837158203125
13862.058,18,1,1,stimulusMovement,0,nan,nan,0,nan,1,0.9246266682942708,0.5908306986093521,1,3.7302398681640625
13878.724,18,1,1,stimulusMovement,0,nan,nan,0,nan,1,0.8965348137749566,0.5609765574336052,1,3.6316680908203125
13895.391,18,1,1,stimulusMovement,1,0.7763451470269097,0.5089817270636559,1,4.0510711669921875,1,0.9035727183024088,0.5703228563070297,1,3.583404541015625
13912.058,18,1,1,stimulusMovement,1,0.7642073101467556,0.5258191227912903,1,3.9862823486328125,1,0.9105890062120225,0.5459908097982407,1,3.626617431640625
13928.724,18,1,1,stimulusMovement,1,0.7601248423258463,0.5296904090791941,1,3.8898162841796875,1,0.9193530612521701,0.5548448413610458,1,3.66375732421875
13945.391,18,1,1,stimulusMovement,0,nan,nan,0,nan,1,0.9039253658718532,0.5546797513961792,1,3.6554107666015625
13962.058,18,1,1,stimulusMovement,1,0.7566170162624782,0.5203571282327175,1,3.915771484375,1,0.9384871588812933,0.550131693482399,1,3.6627960205078125
13978.724,18,1,1,stimulusMovement,1,0.7455371220906575,0.5274603217840195,1,3.8096160888671875,1,0.9057638380262586,0.5685572475194931,1,3.5693206787109375
13995.39,18,1,1,stimulusMovement,1,0.781148698594835,0.5302559901028872,1,3.830810546875,1,0.8933838738335503,0.5670724362134933,1,3.5785064697265625
14012.057,18,1,1,stimulusMovement,1,0.7891466352674695,0.5421372279524803,1,3.8870697021484375,1,0.9365372127956814,0.5478692427277565,1,3.673614501953125
14028.723,18,1,1,stimulusMovement,1,0.7770468393961588,0.5378498956561089,1,3.853607177734375,1,0.9205063713921441,0.5517159476876259,1,3.66522216796875
14045.39,18,1,1,stimulusMovement,1,0.7758248647054036,0.5292434617877007,1,3.8857269287109375,1,0.9215020073784722,0.5609783008694649,1,3.6491241455078125
14062.057,18,1,1,stimulusMovement,0,nan,nan,0,nan,1,0.9102278815375433,0.5578236281871796,1,3.629547119140625
14078.723,18,1,1,stimulusMovement,1,0.7689374287923176,0.5138804782181978,1,3.8593292236328125,1,0.9402247534857855,0.5674090012907982,1,3.6113433837890625
14095.39,18,1,1,stimulusMovement,0,nan,nan,0,nan,1,0.932440439860026,0.5577698945999146,1,3.67608642578125
14112.057,18,1,1,stimulusMovement,1,0.7596111297607422,0.540710061788559,1,3.8302459716796875,1,0.9160976409912109,0.5552379377186298,1,3.6346435546875
14128.723,18,1,1,stimulusMovement,1,0.7753704918755425,0.5363141410052776,1,3.959869384765625,1,0.9159868028428819,0.5562535151839256,1,3.633636474609375
14145.39,18,1,1,stimulusMovement,1,0.7287627326117622,0.5467892065644264,1,3.8918609619140625,1,0.9104025099012586,0.5369957983493805,1,3.6300048828125
14162.057,18,1,1,stimulusMovement,1,0.7306710349188911,0.5513799265027046,1,3.8411712646484375,1,0.8965089586046007,0.5339689776301384,1,3.67156982421875
14178.723,18,1,1,stimulusMovement,1,0.7679129706488715,0.5178090091794729,1,4.0134124755859375,1,0.8876870473225911,0.5325646735727787,1,3.6876068115234375
14195.389,18,1,1,stimulusMovement,0,nan,nan,0,nan,1,0.9199725257025824,0.5617941059172153,1,3.640838623046875
14212.056,18,1,1,stimulusMovement,1,0.7766238318549262,0.5264603048563004,1,4.00421142578125,1,0.9064657423231336,0.5423010028898716,1,3.6556243896484375
14228.722,18,1,1,stimulusMovement,1,0.7498274909125434,0.49691817280836403,1,3.9925079345703125,1,0.9233860439724392,0.5532537996768951,1,3.746368408203125
14245.389,18,1,1,stimulusMovement,0,nan,nan,0,nan,1,0.9140377044677734,0.5481539815664291,1,3.74749755859375
14262.056,18,1,1,stimulusMovement,0,nan,nan,0,nan,1,0.8875615861680772,0.4887905986979604,1,3.844757080078125
14278.722,18,1,1,stimulusMovement,1,0.7297811508178711,0.4841836169362068,1,4.0689849853515625,1,0.8970542483859592,0.5191904492676258,1,3.8077545166015625
14295.389,18,1,1,stimulusMovement,0,nan,nan,0,nan,1,0.9158681233723958,0.5351000055670738,1,3.744720458984375
14312.056,18,1,1,stimulusMovement,1,0.7536034054226345,0.49404080491513014,1,4.1077728271484375,1,0.9288018544514973,0.5442999564111233,1,3.8037872314453125
14328.722,18,1,1,stimulusMovement,1,0.7499925825330945,0.5083147780969739,1,4.1401214599609375,1,0.9000278049045138,0.5460251495242119,1,3.8451690673828125
14345.389,18,1,1,stimulusMovement,1,0.7789685991075304,0.4594510458409786,1,4.2943572998046875,1,0.8422403335571289,0.5870366916060448,1,3.603546142578125
14362.056,18,1,1,stimulusMovement,1,0.7699050903320312,0.4390970431268215,1,4.342742919921875,1,0.8312009175618489,0.4766365494579077,1,4.0524444580078125
14378.722,18,1,1,stimulusMovement,0,nan,nan,0,nan,1,0.9151371849907769,0.5505535081028938,1,3.8972320556640625
14395.389,18,1,1,stimulusMovement,1,0.723239262898763,0.5033842886332422,1,4.1746826171875,1,0.9097251892089844,0.5543497204780579,1,3.9552154541015625
14412.055,18,1,1,stimulusMovement,1,0.7911315494113498,0.37054094672203064,1,4.6141357421875,1,0.8981645372178819,0.5554646253585815,1,3.91180419921875
14428.721,18,1,1,stimulusMovement,0,nan,nan,0,nan,1,0.9014532301161023,0.5673852562904358,1,3.8996429443359375
14445.388,18,1,1,stimulusMovement,1,0.7321758270263672,0.5001047555124387,1,4.26629638671875,1,0.9200435214572482,0.5586613491177559,1,4.0089874267578125
14462.055,18,1,1,stimulusMovement,0,nan,nan,0,nan,1,0.9141328599717882,0.5442092753946781,1,3.9821929931640625
14478.721,18,1,1,stimulusMovement,1,0.7590353224012586,0.4452412873506546,1,4.4094085693359375,1,0.9053048027886285,0.5274386759847403,1,4.000030517578125
14495.388,18,1,1,stimulusMovement,0,nan,nan,0,nan,1,0.9104419284396701,0.5321870259940624,1,4.0643463134765625
14512.055,18,1,1,stimulusMovement,0,nan,nan,0,nan,1,0.9038238525390625,0.5455068796873093,1,4.00048828125
14528.721,18,1,1,stimulusMovement,1,0.7393747965494791,0.3619100898504257,1,4.603271484375,1,0.8851551479763454,0.5812725722789764,1,3.9180450439453125
14545.388,18,1,1,stimulusMovement,1,0.7224886152479383,0.47556725330650806,1,4.391937255859375,1,0.856254153781467,0.5842733755707741,1,3.866607666015625
14562.055,18,1,1,stimulusMovement,1,0.7052726745605469,0.49016552325338125,1,4.2735443115234375,1,0.9201719495985242,0.5568713620305061,1,4.0701446533203125
14578.721,18,1,1,stimulusMovement,1,0.7288748423258463,0.382411390542984,1,4.6066741943359375,1,0.8856758541531032,0.5847381949424744,1,4.0040740966796875
14595.388,18,1,1,stimulusMovement,1,0.7271569569905598,0.4552301615476608,1,4.412261962890625,1,0.9174266391330295,0.5423563048243523,1,4.075439453125
14612.054,18,1,1,stimulusMovement,1,0.7417142656114366,0.47227867506444454,1,4.34844970703125,1,0.9070553249782985,0.5391793847084045,1,4.089569091796875
14628.721,18,1,1,stimulusMovement,1,0.7121441099378797,0.442034263163805,1,4.4117584228515625,0,nan,nan,0,nan
14645.388,18,1,1,stimulusMovement,0,nan,nan,0,nan,1,0.9229191674126519,0.5549656823277473,1,4.0975799560546875
14662.055,18,1,1,stimulusMovement,0,nan,nan,0,nan,0,nan,nan,0,nan
14678.721,18,1,1,stimulusMovement,1,0.763496610853407,0.3802264481782913,1,4.4870452880859375,1,0.9179910024007161,0.5499955378472805,1,4.080657958984375
14695.388,18,1,1,stimulusMovement,1,0.7340679168701172,0.48541321232914925,1,4.3398284912109375,1,0.863624784681532,0.5732474029064178,1,3.9157257080078125
14712.055,18,1,1,stimulusMovement,0,nan,nan,0,nan,1,0.7476318147447374,0.47545420937240124,1,4.4288177490234375
14728.721,18,1,1,stimulusMovement,1,0.6915351019965278,0.31018880009651184,1,4.8758697509765625,1,0.8027155134412977,0.5514387041330338,1,3.86614990234375
14745.388,18,1,1,stimulusMovement,1,0.757977803548177,0.44816526025533676,1,4.4004364013671875,1,0.9215280744764539,0.5523147322237492,1,4.0494842529296875
14762.056,18,1,1,stimulusMovement,0,nan,nan,0,nan,1,0.9027603997124566,0.5332078188657761,1,4.087310791015625
14778.722,18,1,1,stimulusMovement,1,0.7328656514485676,0.41965551674366,1,4.4684906005859375,1,0.9101551903618706,0.5370120815932751,1,4.0952301025390625
14795.389,18,1,1,stimulusMovement,1,0.7437027825249566,0.4633028768002987,1,4.363922119140625,1,0.8998807271321614,0.5251690447330475,1,4.0252838134765625
14812.056,18,1,1,stimulusMovement,0,nan,nan,0,nan,1,0.8882378472222222,0.5267019849270582,1,4.0193634033203125
14828.721,18,1,1,stimulusMovement,1,0.7201908959282769,0.4806548599153757,1,4.2469024658203125,1,0.9046656290690104,0.5477935187518597,1,3.9905242919921875
14845.388,18,1,1,stimulusMovement,1,0.732890870836046,0.42498554289340973,1,4.3974609375,1,0.893169191148546,0.5692271664738655,1,3.907989501953125
14862.055,18,1,1,stimulusMovement,0,nan,nan,0,nan,1,0.8289652930365667,0.5915802493691444,1,3.784881591796875
14878.721,18,1,1,stimulusMovement,1,0.7500697241889106,0.401306115090847,1,4.5257568359375,1,0.8796941969129773,0.5163324177265167,1,3.9821929931640625
14895.389,18,1,1,stimulusMovement,0,nan,nan,0,nan,1,0.9005603790283203,0.5497073233127594,1,3.9468841552734375
14912.056,18,1,1,stimulusMovement,1,0.7363798353407117,0.47251344844698906,1,4.3122711181640625,1,0.9105915493435329,0.5329990386962891,1,3.9716339111328125
14928.722,18,1,1,stimulusMovement,1,0.7506908840603298,0.3650192767381668,1,4.5233154296875,1,0.8956841362847222,0.5348699167370796,1,3.9866790771484375
14945.389,18,1,1,stimulusMovement,0,nan,nan,0,nan,1,0.8948468102349175,0.5220433939248323,1,3.937347412109375
14962.056,18,1,1,stimulusMovement,1,0.7713647418551974,0.4164435565471649,1,4.3117828369140625,1,0.8890878889295789,0.5367062203586102,1,3.9379730224609375
14978.722,18,1,1,stimulusMovement,1,0.7456201977199978,0.4833075888454914,1,4.26361083984375,1,0.9040228525797526,0.5285069067031145,1,3.9460601806640625
14995.389,18,1,1,stimulusMovement,0,nan,nan,0,nan,1,0.896396001180013,0.5133131667971611,1,4.0021514892578125
15012.056,18,1,1,stimulusMovement,1,0.7493504418267144,0.4788407329469919,1,4.29852294921875,1,0.8830852508544922,0.5102322455495596,1,4.00677490234375
15028.722,18,1,1,stimulusMovement,1,0.7723316616482204,0.37698452174663544,1,4.5291748046875,1,0.9131425221761067,0.5313295498490334,1,3.9940185546875
15045.389,18,1,1,stimulusMovement,1,0.6332912445068359,0.23440790176391602,1,4.9554290771484375,1,0.9212777879503038,0.5134858945384622,1,3.9888916015625
15062.056,18,1,1,stimulusMovement,1,0.7560921774970161,0.40781231224536896,1,4.4229278564453125,1,0.8863285912407769,0.5540473982691765,1,4.067108154296875
15078.722,18,1,1,stimulusMovement,1,0.7653320100572374,0.36928239464759827,1,4.534149169921875,1,0.8904906378851996,0.5117577500641346,1,4.001434326171875
15095.389,18,1,1,stimulusMovement,1,0.7389476564195421,0.3361535668373108,1,4.6121826171875,1,0.9017086029052734,0.5085616474971175,1,3.9874420166015625
15112.056,18,1,1,stimulusMovement,0,nan,nan,0,nan,1,0.9061881171332464,0.5184318572282791,1,4.00384521484375
15128.722,18,1,1,stimulusMovement,1,0.6271507475111219,0.34503352642059326,1,4.5927581787109375,1,0.7911895116170247,0.5084988093003631,1,3.95831298828125
15145.389,18,1,1,stimulusMovement,1,0.5289185841878254,0.47860279493033886,1,4.301177978515625,1,0.6813518736097547,0.5387667864561081,1,3.9488983154296875
15162.057,18,1,1,stimulusMovement,1,0.5152541266547309,0.4416758194565773,1,4.4029541015625,1,0.6784857643975152,0.5064621865749359,1,3.967041015625
15178.723,18,1,1,stimulusMovement,1,0.5131234063042535,0.4616103135049343,1,4.3665924072265625,1,0.6238301595052083,0.5466539040207863,1,3.7847442626953125
15195.39,18,1,1,stimulusMovement,1,0.5241761737399631,0.47664676420390606,1,4.3683929443359375,0,nan,nan,0,nan
15212.057,18,1,1,stimulusMovement,0,nan,nan,0,nan,1,0.6866965823703342,0.4912394601851702,1,4.0570831298828125
15228.723,18,1,1,stimulusMovement,0,nan,nan,0,nan,1,0.6496427324083116,0.45179182663559914,1,4.1122589111328125
15245.389,18,1,1,stimulusMovement,0,nan,nan,0,nan,1,0.6633190578884548,0.4803211838006973,1,4.0751495361328125
15262.056,18,1,1,stimulusMovement,0,nan,nan,0,nan,1,0.649108992682563,0.48818838968873024,1,4.03790283203125
15278.723,18,1,1,stimulusMovement,0,nan,nan,0,nan,1,0.65471437242296,0.48973195999860764,1,4.037078857421875
15295.39,18,1,1,stimulusMovement,0,nan,nan,0,nan,1,0.6168465084499782,0.5082250274717808,1,4.01788330078125
15312.057,18,1,1,stimulusMovement,0,nan,nan,0,nan,1,0.6276642481486002,0.5250170193612576,1,4.064483642578125
15328.723,18,1,1,stimulusMovement,0,nan,nan,0,nan,1,0.6092832353379991,0.4891582615673542,1,4.0107879638671875
15345.39,18,1,1,stimulusMovement,1,0.48539140489366317,0.46514153480529785,1,4.434844970703125,1,0.6255087322658962,0.48085081577301025,1,4.0164947509765625
15362.057,18,1,1,stimulusMovement,0,nan,nan,0,nan,1,0.6053663889567057,0.4802287220954895,1,4.00946044921875
15378.723,18,1,1,stimulusMovement,1,0.3343658447265625,0.4589001350104809,1,4.2400665283203125,1,0.5203665627373589,0.48087385669350624,1,3.9871978759765625
15395.39,18,1,1,stimulusMovement,1,0.19820404052734375,0.4644743725657463,1,4.1717376708984375,1,0.37710973951551646,0.48924491088837385,1,3.9149169921875
15412.058,18,1,1,stimulusMovement,1,0.18359459771050346,0.45880625396966934,1,4.1713104248046875,1,0.35648632049560547,0.4757039099931717,1,3.930755615234375
15428.724,18,1,1,stimulusMovement,1,0.1791322496202257,0.46232326701283455,1,4.0683746337890625,1,0.33189943101671004,0.47964337281882763,1,3.9578857421875
15445.39,18,1,1,stimulusMovement,0,nan,nan,0,nan,1,0.32035795847574866,0.4805332999676466,1,3.895599365234375
15462.057,18,1,1,stimulusMovement,1,0.15263207753499347,0.44728630781173706,1,4.0787811279296875,1,0.31441688537597656,0.4925563959404826,1,3.813018798828125
15478.723,18,1,1,stimulusMovement,1,0.15365982055664062,0.4448375701904297,1,4.0662384033203125,1,0.30389149983723956,0.48592990078032017,1,3.8249359130859375
15495.39,18,1,1,stimulusMovement,1,0.15567398071289062,0.4456797242164612,1,4.040374755859375,1,0.3201733695136176,0.49580571707338095,1,3.814666748046875
15512.057,18,1,1,stimulusMovement,1,0.12711673312717015,0.43808890134096146,1,4.0070648193359375,1,0.3053112030029297,0.49149043299257755,1,3.78057861328125
15528.723,18,1,1,stimulusMovement,1,0.13158448537190753,0.4490583576261997,1,3.993743896484375,1,0.29667536417643225,0.48447976633906364,1,3.7656097412109375
15545.391,18,1,1,stimulusMovement,1,0.12457105848524305,0.4566158726811409,1,3.94219970703125,1,0.2907230589124891,0.48930438328534365,1,3.71759033203125
15562.058,18,1,1,stimulusMovement,1,0.13127284579806858,0.4527007080614567,1,3.9046173095703125,1,0.3054370880126953,0.4821516964584589,1,3.745025634765625
15578.724,18,1,1,stimulusMovement,1,0.11504035525851779,0.444195993244648,1,3.8829803466796875,1,0.287445068359375,0.48084363527595997,1,3.744232177734375
15595.391,18,1,1,stimulusMovement,1,0.10918373531765407,0.45948899537324905,1,3.8266143798828125,1,0.2795999315049913,0.48377685621380806,1,3.6822967529296875
15612.058,18,1,1,stimulusMovement,1,0.10492547353108723,0.43953628838062286,1,3.82989501953125,1,0.2824124230278863,0.4833965413272381,1,3.6372833251953125
15628.724,18,1,1,stimulusMovement,1,0.11190626356336805,0.4566306248307228,1,3.77239990234375,1,0.24628829956054688,0.49146792478859425,1,3.663177490234375
15645.391,18,1,1,stimulusMovement,1,-0.09127585093180338,0.44181789830327034,1,3.7507171630859375,1,0.09515931871202256,0.5063819866627455,1,3.6247406005859375
15662.058,18,1,1,stimulusMovement,1,-0.09760480456882052,0.4547686129808426,1,3.714263916015625,1,0.0940140618218316,0.47006288543343544,1,3.6732025146484375
15678.724,18,1,1,stimulusMovement,1,-0.12482293446858723,0.44807369261980057,1,3.7198333740234375,1,0.04027303059895833,0.4818016551434994,1,3.592803955078125
15695.391,18,1,1,stimulusMovement,1,-0.11702235539754231,0.438487209379673,1,3.7354583740234375,1,0.053954548305935324,0.4565858878195286,1,3.6530914306640625
15712.058,18,1,1,stimulusMovement,1,-0.12746334075927734,0.4548579305410385,1,3.719146728515625,1,0.05562527974446614,0.5088138058781624,1,3.5475616455078125
15728.724,18,1,1,stimulusMovement,1,-0.12153837415907118,0.44705766439437866,1,3.7382659912109375,1,0.055212338765462235,0.5183222535997629,1,3.5638580322265625
15745.391,18,1,1,stimulusMovement,1,-0.12912495930989581,0.46706028282642365,1,3.687164306640625,1,0.03542359670003255,0.5064235990867019,1,3.548248291015625
15762.058,18,1,1,stimulusMovement,1,-0.13516192966037327,0.4652981385588646,1,3.654144287109375,1,0.04938358730740017,0.5008777095936239,1,3.5350189208984375
15778.725,18,1,1,stimulusMovement,1,-0.1405797004699707,0.46681738644838333,1,3.6463775634765625,1,0.030875523885091145,0.4949067127890885,1,3.572296142578125
15795.392,18,1,1,stimulusMovement,1,-0.16013961368136934,0.4415839985013008,1,3.6434326171875,1,0.006684303283691406,0.48897268809378147,1,3.503814697265625
15812.059,18,1,1,stimulusMovement,1,-0.17317030164930555,0.4496682286262512,1,3.616363525390625,1,0.010293006896972656,0.4816408958286047,1,3.5074462890625
15828.725,18,1,1,stimulusMovement,1,-0.12472354041205512,0.4525996521115303,1,3.57159423828125,1,0.007529364691840277,0.48586768936365843,1,3.5201568603515625
15845.392,18,1,1,stimulusMovement,1,-0.16886732313368055,0.453541062772274,1,3.592529296875,1,0.00586912367078993,0.47926387563347816,1,3.4985809326171875
15862.059,18,1,1,stimulusMovement,1,-0.1601282755533854,0.44615989178419113,1,3.58013916015625,1,0.009864277309841579,0.4866592837497592,1,3.5519866943359375
15878.725,18,1,1,stimulusMovement,1,-0.1850140889485677,0.4481619819998741,1,3.6016387939453125,1,-0.026050196753607854,0.4723626431077719,1,3.48712158203125
15895.392,18,1,1,stimulusMovement,1,-0.16799598269992402,0.43982771784067154,1,3.6090087890625,1,-0.031138473086886935,0.4467865005135536,1,3.6183013916015625
15912.059,18,1,1,stimulusMovement,1,-0.30364576975504554,0.4465968683362007,1,3.6184234619140625,1,-0.11291525099012586,0.5170017424970865,1,3.5247955322265625
15928.725,18,1,1,stimulusMovement,1,-0.38406393263075084,0.45221559703350067,1,3.583648681640625,1,-0.22561603122287324,0.4965464873239398,1,3.532958984375
15945.392,18,1,1,stimulusMovement,1,-0.3792404598659939,0.43166299164295197,1,3.654296875,1,-0.2381234698825412,0.5157687962055206,1,3.509124755859375
15962.059,18,1,1,stimulusMovement,1,-0.3929085201687283,0.4630309008061886,1,3.584686279296875,1,-0.24952830208672416,0.49482839833945036,1,3.51043701171875
15978.725,18,1,1,stimulusMovement,1,-0.3917287190755208,0.454024575650692,1,3.56488037109375,1,-0.2556533283657498,0.5013081238139421,1,3.4996337890625
15995.393,18,1,1,stimulusMovement,1,-0.38763491312662757,0.4537975713610649,1,3.61907958984375,1,-0.26911671956380206,0.5034026431385428,1,3.5242156982421875
16012.06,18,1,1,stimulusMovement,1,-0.4148898124694824,0.44193411618471146,1,3.6451416015625,1,-0.25196509891086155,0.5099796503782272,1,3.5828704833984375
16028.726,18,1,1,stimulusMovement,1,-0.414831797281901,0.4338143616914749,1,3.6501922607421875,1,-0.26548465092976886,0.5080651789903641,1,3.515472412109375
16045.393,18,1,1,stimulusMovement,0,nan,nan,0,nan,1,-0.2737623850504557,0.5229794401675463,1,3.5505523681640625
16062.06,18,1,1,stimulusMovement,1,-0.43417814042833114,0.4338214844465256,1,3.64276123046875,1,-0.2623056835598416,0.5155869657173753,1,3.5628662109375
16078.725,18,1,1,stimulusMovement,1,-0.435738033718533,0.4647321216762066,1,3.5760040283203125,1,-0.29212941063774955,0.5013704152079299,1,3.643768310546875
16095.392,18,1,1,stimulusMovement,1,-0.43672508663601345,0.4540878236293793,1,3.65716552734375,1,-0.2910215589735243,0.49703332548961043,1,3.5687408447265625
16112.06,18,1,1,stimulusMovement,1,-0.42618857489691836,0.45343487709760666,1,3.6522216796875,1,-0.2945555051167806,0.5190260894596577,1,3.5532684326171875
16128.726,18,1,1,stimulusMovement,1,-0.45035070843166775,0.44192928075790405,1,3.6717529296875,0,nan,nan,0,nan
16145.393,18,1,1,stimulusMovement,1,-0.44085984759860564,0.45074304938316345,1,3.6615753173828125,1,-0.29633140563964844,0.500426396727562,1,3.5596160888671875
16162.06,18,1,1,stimulusMovement,1,-0.4450718561808268,0.45735935866832733,1,3.6529083251953125,1,-0.30788352754380965,0.5047840396873653,1,3.5679779052734375
16178.726,18,1,1,stimulusMovement,1,-0.46132140689425993,0.45349082350730896,1,3.66986083984375,1,-0.3057432174682617,0.4961682287976146,1,3.52349853515625
16195.393,18,1,1,stimulusMovement,1,-0.4545453389485677,0.45031243190169334,1,3.658966064453125,1,-0.31734032101101345,0.5054800491780043,1,3.5756683349609375
16212.06,18,1,1,stimulusMovement,1,-0.4774132304721408,0.4537053257226944,1,3.6728515625,1,-0.33693514929877383,0.5069868480786681,1,3.5909576416015625
16228.726,18,1,1,stimulusMovement,1,-0.46690389845106334,0.4428231120109558,1,3.719818115234375,1,-0.3487481541103787,0.49792189290747046,1,3.619598388671875
16245.394,18,1,1,stimulusMovement,0,nan,nan,0,nan,1,-0.3594409094916449,0.5077367187477648,1,3.6010894775390625
16262.061,18,1,1,stimulusMovement,1,-0.7186168167326185,0.4612298980355263,1,3.669097900390625,1,-0.5158495903015137,0.5326469391584396,1,3.593109130859375
16278.726,18,1,1,stimulusMovement,1,-0.7258658541573418,0.4455474019050598,1,3.72296142578125,1,-0.5853091875712076,0.49264684971421957,1,3.7535247802734375
16295.393,18,1,1,stimulusMovement,1,-0.7503706481721666,0.4548227898776531,1,3.7588958740234375,1,-0.6110276116265191,0.5102987606078386,1,3.7756805419921875
16312.06,18,1,1,stimulusMovement,1,-0.7618342108196682,0.45966776460409164,1,3.7520599365234375,1,-0.5969383451673719,0.5331259816884995,1,3.703155517578125
16328.727,18,1,1,stimulusMovement,1,-0.7585652139451768,0.46716925129294395,1,3.7523345947265625,1,-0.6171811951531304,0.48755861166864634,1,3.83447265625
16345.394,18,1,1,stimulusMovement,1,-0.7495283815595838,0.4735299162566662,1,3.762664794921875,0,nan,nan,0,nan
16362.061,18,1,1,stimulusMovement,1,-0.7360650830798678,0.45640450716018677,1,3.7602691650390625,1,-0.6191558837890625,0.49942925898358226,1,3.798675537109375
16378.727,18,1,1,stimulusMovement,0,nan,nan,0,nan,1,-0.5990717675950792,0.5108125135302544,1,3.7614898681640625
16395.394,18,1,1,stimulusMovement,1,-0.7450418604744805,0.4615358039736748,1,3.778228759765625,0,nan,nan,0,nan
16412.061,18,1,1,stimulusMovement,1,-0.7286062902874416,0.46044492721557617,1,3.74151611328125,1,-0.6028153366512722,0.5089325318112969,1,3.777862548828125
16428.727,18,1,1,stimulusMovement,1,-0.7589889632331001,0.44942986965179443,1,3.8107452392578125,1,-0.6051257451375325,0.5198560655117035,1,3.7875518798828125
16445.395,18,1,1,stimulusMovement,1,-0.7620995309617784,0.4364264905452728,1,3.85406494140625,1,-0.6000222365061442,0.518504960462451,1,3.8320770263671875
16462.062,18,1,1,stimulusMovement,1,-0.7657657596800062,0.4559403955936432,1,3.8584136962890625,1,-0.6432190736134846,0.497210047673434,1,3.8333587646484375
16478.728,18,1,1,stimulusMovement,1,-0.7772577868567573,0.44576624035835266,1,3.8666839599609375,1,-0.629745430416531,0.5079837283119559,1,3.833831787109375
16495.394,18,1,1,stimulusMovement,1,-0.7653639846377902,0.45508458092808723,1,3.88232421875,1,-0.5966463618808322,0.4915960468351841,1,3.7902069091796875
16512.062,18,1,1,stimulusMovement,1,-0.762650794453091,0.442980021238327,1,3.9178009033203125,1,-0.6144977940453423,0.5236043371260166,1,3.85626220703125
16528.728,18,1,1,stimulusMovement,1,-0.761067787806193,0.4631434604525566,1,3.85577392578125,1,-0.6369123723771837,0.5067376233637333,1,3.8696746826171875
16545.395,18,1,1,stimulusMovement,1,-0.7791345649295383,0.45828746259212494,1,3.922088623046875,1,-0.5192718505859375,0.5105869909748435,1,3.49871826171875
16562.062,18,1,1,stimulusMovement,1,-0.7552738322152032,0.47470294311642647,1,3.9063262939453125,1,-0.6271250512864854,0.4918312421068549,1,3.8837890625
16578.728,18,1,1,stimulusMovement,1,-0.7871031363805134,0.4499818682670593,1,3.9500274658203125,1,-0.644272698296441,0.49223862309008837,1,3.8896484375
16595.395,18,1,1,stimulusMovement,1,-0.7570887406667073,0.4609674774110317,1,3.8789825439453125,1,-0.5959548420376247,0.49942661821842194,1,3.8184356689453125
16612.062,18,1,1,stimulusMovement,1,-0.7595756848653157,0.47480542585253716,1,3.8841705322265625,1,-0.557125965754191,0.5020039172377437,1,3.6765289306640625
16628.728,18,1,1,stimulusMovement,1,-0.8009206122822231,0.4648926332592964,1,3.9541168212890625,1,-0.6423465145958794,0.530037259683013,1,3.9037628173828125
16645.395,18,1,1,stimulusMovement,1,-0.7774730258517795,0.4816715233027935,1,3.80401611328125,1,-0.64485674434238,0.5308111310005188,1,3.8436431884765625
16662.062,18,1,1,stimulusMovement,1,-0.8069589138031006,0.4723080862313509,1,3.91949462890625,1,-0.663896984524197,0.5361567363142967,1,3.829681396484375
16678.728,18,1,1,stimulusMovement,1,-0.8199666142463684,0.48136353120207787,1,3.8712921142578125,1,-0.6478640768263074,0.5344980508089066,1,3.8415985107421875
16695.395,18,1,1,stimulusMovement,1,-0.8135010798772175,0.5056253271177411,1,3.8983306884765625,0,nan,nan,0,nan
16712.062,18,1,1,stimulusMovement,1,-0.8108495208952161,0.4866428878158331,1,3.8401031494140625,1,-0.664470911026001,0.544188879430294,1,3.8338470458984375
16728.728,18,1,1,stimulusMovement,1,-0.8172834581798977,0.46917014196515083,1,3.9312896728515625,1,-0.6545423401726617,0.532368328422308,1,3.807891845703125
16745.395,18,1,1,stimulusMovement,1,-0.8004798955387539,0.5038771408144385,1,3.8653106689453125,1,-0.6363478236728244,0.5013041591737419,1,3.9320068359375
16762.063,18,1,1,stimulusMovement,1,-0.796020680003696,0.488241502083838,1,3.857818603515625,1,-0.6388209660847981,0.48850539792329073,1,3.9282684326171875
16778.729,18,1,1,stimulusMovement,1,-0.8047382964028252,0.4771489053964615,1,3.87176513671875,1,-0.6635439660814073,0.5178628601133823,1,3.8526153564453125
16795.396,18,1,1,stimulusMovement,1,-0.7658709817462497,0.45102037489414215,1,3.9202117919921875,1,-0.6444000932905408,0.5290414318442345,1,3.8034820556640625
16812.063,18,1,1,stimulusMovement,0,nan,nan,0,nan,1,-0.6547599633534749,0.5046855555847287,1,3.8115234375
16828.729,18,1,1,stimulusMovement,1,-0.806061373816596,0.49514322355389595,1,3.844390869140625,1,-0.6541619035932752,0.5444216802716255,1,3.7906036376953125
16845.396,18,1,1,stimulusMovement,1,-0.7933098938730028,0.48923459462821484,1,3.804412841796875,1,-0.6716045273674859,0.5164052546024323,1,3.8527984619140625
16862.063,18,1,1,stimulusMovement,1,-0.809846970770094,0.485382741317153,1,3.74444580078125,1,-0.610958178838094,0.5334483832120895,1,3.720855712890625
16878.73,18,1,1,stimulusMovement,1,-0.7599302795198228,0.5172916911542416,1,3.614990234375,1,-0.648958683013916,0.5163969174027443,1,3.824859619140625
16895.397,18,1,1,stimulusMovement,1,-0.8022022379769219,0.4979381235316396,1,3.72918701171875,0,nan,nan,0,nan
16912.063,18,1,1,stimulusMovement,1,-0.7899656626913282,0.481960441917181,1,3.791595458984375,1,-0.6219713687896729,0.5555893145501614,1,3.7000579833984375
16928.73,18,1,1,stimulusMovement,1,-0.7957459423277112,0.48697289265692234,1,3.8052978515625,0,nan,nan,0,nan
16945.397,18,1,1,stimulusMovement,1,-0.7945395045810275,0.48757083620876074,1,3.8312835693359375,0,nan,nan,0,nan
16962.064,18,1,1,stimulusMovement,1,-0.7990201910336812,0.48783555906265974,1,3.8145294189453125,0,nan,nan,0,nan
16978.73,18,1,1,stimulusMovement,1,-0.8413883911238775,0.5068776016123593,1,3.7681884765625,1,-0.6721485058466593,0.5403829701244831,1,3.8160247802734375
16995.397,18,1,1,stimulusMovement,1,-0.822383337550693,0.5019033774733543,1,3.7756805419921875,0,nan,nan,0,nan
17012.064,18,1,1,stimulusMovement,1,-0.806333495510949,0.4787131790071726,1,3.854339599609375,1,-0.6785726547241211,0.5270695928484201,1,3.8201141357421875
17028.73,18,1,1,stimulusMovement,0,nan,nan,0,nan,1,-0.6626716189914279,0.5354254953563213,1,3.781097412109375
17045.398,18,1,1,stimulusMovement,1,-0.8225041296746995,0.4861849909648299,1,3.7849884033203125,1,-0.6699208153618706,0.5487730652093887,1,3.75439453125
17062.065,18,1,1,stimulusMovement,1,-0.8214852743678622,0.5104995323345065,1,3.74652099609375,1,-0.6751493877834743,0.5387543216347694,1,3.811676025390625
17078.731,18,1,1,stimulusMovement,1,-0.8074377841419643,0.522491816431284,1,3.6836090087890625,0,nan,nan,0,nan
17095.398,18,1,1,stimulusMovement,1,-0.8192490074369642,0.48150270618498325,1,3.8065643310546875,1,-0.6712954044342041,0.5342369079589844,1,3.8238372802734375
17112.065,18,1,1,stimulusMovement,1,-0.8317050735155741,0.4889982435852289,1,3.7856597900390625,0,nan,nan,0,nan
17128.731,18,1,1,stimulusMovement,1,-0.8190089331732855,0.49039040319621563,1,3.7992095947265625,1,-0.6875834465026855,0.5439199507236481,1,3.7429656982421875
17145.398,18,1,1,stimulusMovement,1,-0.8365078767140706,0.48011177591979504,1,3.760528564453125,1,-0.6815426084730359,0.5398643538355827,1,3.76373291015625
17162.065,18,1,1,stimulusMovement,1,-0.8386371235052744,0.492866478394717,1,3.80029296875,0,nan,nan,0,nan
17178.731,18,1,1,stimulusMovement,0,nan,nan,0,nan,1,-0.674271927939521,0.5499742701649666,1,3.796173095703125
17195.398,18,1,1,stimulusMovement,1,-0.8195886810620625,0.4968288338277489,1,3.8003997802734375,0,nan,nan,0,nan
17212.065,18,1,1,stimulusMovement,1,-0.824669427341885,0.4869338423013687,1,3.82696533203125,1,-0.6781854497061836,0.5492909774184227,1,3.7684173583984375
17228.731,18,1,1,stimulusMovement,1,-0.8253788352012634,0.4904359858483076,1,3.7671356201171875,0,nan,nan,0,nan
17245.398,18,1,1,stimulusMovement,0,nan,nan,0,nan,1,-0.6667478614383273,0.531665850430727,1,3.81756591796875
17262.065,18,1,1,stimulusMovement,1,-0.8167521291308932,0.4897720031440258,1,3.800140380859375,1,-0.6716579993565877,0.5188832171261311,1,3.866302490234375
17278.732,18,1,1,stimulusMovement,1,-0.8166368140114678,0.4945793389342725,1,3.8109893798828125,1,-0.6740612188975016,0.5518270879983902,1,3.7708740234375
17295.399,18,1,1,stimulusMovement,1,-0.7665761179394192,0.43923502787947655,1,3.9763641357421875,1,-0.6650002267625597,0.5513606816530228,1,3.7821044921875
17312.066,18,1,1,stimulusMovement,1,-0.8114943769243028,0.496418924536556,1,3.8237152099609375,1,-0.6537165111965603,0.5485474243760109,1,3.7819976806640625
17328.732,18,1,1,stimulusMovement,1,-0.719669673177931,0.5318207331001759,1,3.479095458984375,1,-0.6549670696258545,0.5482410900294781,1,3.8109588623046875
17345.399,18,1,1,stimulusMovement,1,-0.8151873019006517,0.4894291302189231,1,3.8514862060546875,1,-0.6437321768866645,0.496653251349926,1,3.9392852783203125
17362.066,18,1,1,stimulusMovement,1,-0.8341498374938965,0.4797507934272289,1,3.884033203125,1,-0.666017214457194,0.5520973205566406,1,3.8406219482421875
17378.732,18,1,1,stimulusMovement,1,-0.8591280877590179,0.5101970816031098,1,3.87548828125,0,nan,nan,0,nan
17395.399,18,1,1,stimulusMovement,1,-0.8391897214783562,0.4839826785027981,1,3.8667449951171875,1,-0.7110553582509358,0.5177772920578718,1,3.96514892578125
17412.066,18,1,1,stimulusMovement,1,-0.8310920000076294,0.48745937645435333,1,3.9026947021484375,1,-0.6918819877836438,0.5439437180757523,1,3.832794189453125
17428.732,18,1,1,stimulusMovement,1,-0.8530962301625146,0.5045913914218545,1,3.9044342041015625,1,-0.5924345122443305,0.5339859127998352,1,3.549835205078125
17445.4,18,1,1,stimulusMovement,0,nan,nan,0,nan,1,-0.6839436292648315,0.48691132105886936,1,4.07440185546875
17462.067,18,1,1,stimulusMovement,1,-0.8329243395063611,0.4881248800083995,1,3.909698486328125,1,-0.6686860058042737,0.4750662036240101,1,4.107208251953125
17478.733,18,1,1,stimulusMovement,1,-0.8359406722916497,0.5032279570586979,1,3.8803863525390625,1,-0.6764909426371256,0.5317672342061996,1,3.91754150390625
17495.4,18,1,1,stimulusMovement,1,-0.8437681761052873,0.4985832483507693,1,3.890655517578125,1,-0.7125386661953396,0.551915355026722,1,3.8637847900390625
17512.067,18,1,1,stimulusMovement,1,-0.8444027702013651,0.48129361122846603,1,3.8854522705078125,1,-0.6827945709228516,0.5367139428853989,1,3.8390350341796875
17528.733,18,1,1,stimulusMovement,0,nan,nan,0,nan,1,-0.6587011019388834,0.5644655227661133,1,3.8035736083984375
17545.4,18,1,1,stimulusMovement,1,-0.8432252175278133,0.49866715958341956,1,3.9017791748046875,1,-0.6929552687538995,0.5485417619347572,1,3.9084320068359375
17562.067,18,1,1,stimulusMovement,1,-0.8326159119606018,0.49991792161017656,1,3.874664306640625,1,-0.6847088866763644,0.5497451759874821,1,3.9339752197265625
17578.733,18,1,1,stimulusMovement,1,-0.8399641513824463,0.4832168519496918,1,3.953826904296875,1,-0.6917845408121744,0.5375820621848106,1,3.931488037109375
17595.401,18,1,1,stimulusMovement,1,-0.8441719810167948,0.48153325729072094,1,3.9760589599609375,1,-0.6728952990637885,0.535845659673214,1,3.9271697998046875
17612.068,18,1,1,stimulusMovement,1,-0.8237943053245544,0.5001028124243021,1,3.9134368896484375,1,-0.6942555904388428,0.5362699404358864,1,3.978057861328125
17628.734,18,1,1,stimulusMovement,1,-0.8269086347685919,0.4874079301953316,1,3.9219207763671875,1,-0.6723168955908881,0.5385356247425079,1,3.894500732421875
17645.401,18,1,1,stimulusMovement,1,-0.8260731365945604,0.5097185578197241,1,3.901763916015625,0,nan,nan,0,nan
17662.068,18,1,1,stimulusMovement,1,-0.7984999815622965,0.5061462461017072,1,3.8038330078125,1,-0.6817114882998996,0.525477197021246,1,3.886627197265625
17678.734,18,1,1,stimulusMovement,1,-0.8308460646205478,0.5010726344771683,1,3.941558837890625,1,-0.6723327106899685,0.5447082370519638,1,3.9271392822265625
17695.401,18,1,1,stimulusMovement,1,-0.8333010541068182,0.49323236849159,1,3.96942138671875,1,-0.6470484733581543,0.5395120941102505,1,3.929534912109375
17712.068,18,1,1,stimulusMovement,1,-0.8496165209346347,0.48298793472349644,1,3.977569580078125,1,-0.7004069884618123,0.5551585480570793,1,3.9037933349609375
17728.734,18,1,1,stimulusMovement,1,-0.8444010681576198,0.5076525202021003,1,3.95733642578125,1,-0.7003378603193494,0.5472439676523209,1,3.8972015380859375
17745.401,18,1,1,stimulusMovement,1,-0.8285585906770494,0.4921198068186641,1,3.935699462890625,1,-0.6821676360236274,0.5385025590658188,1,3.93121337890625
17762.068,18,1,1,stimulusMovement,1,-0.8275672992070515,0.4779903441667557,1,3.9918060302734375,1,-0.6880988809797498,0.539195716381073,1,3.8895111083984375
17778.734,18,1,1,stimulusMovement,1,-0.8634997920857534,0.49660307727754116,1,3.93157958984375,1,-0.6821640597449409,0.5448522605001926,1,3.9096527099609375
17795.401,18,1,1,stimulusMovement,0,nan,nan,0,nan,1,-0.6806689898173014,0.5375580415129662,1,3.9217987060546875
17812.068,18,1,1,stimulusMovement,1,-0.8452488250202602,0.4858466275036335,1,3.9705657958984375,1,-0.6813296476999918,0.5284231118857861,1,3.9035491943359375
17828.735,18,1,1,stimulusMovement,1,-0.8244278166029188,0.48278066143393517,1,4.0217742919921875,1,-0.6662251419491237,0.5454408749938011,1,3.8164520263671875
17845.402,18,1,1,fixation,1,-0.830165425936381,0.4582090564072132,1,4.049041748046875,1,-0.6827326615651448,0.5341193042695522,1,3.9191131591796875
17862.069,18,1,1,fixation,1,-0.8315575785107082,0.5175951439887285,1,3.9385528564453125,1,-0.6473531987931993,0.5292841196060181,1,3.8971099853515625
17878.735,18,1,1,fixation,1,-0.8348944021595849,0.44194722548127174,1,3.75970458984375,1,-0.669549372461107,0.5041173351928592,1,3.576324462890625
17895.402,18,1,1,fixation,0,nan,nan,0,nan,0,nan,nan,0,nan
17912.069,18,1,1,fixation,1,-0.8447098533312479,0.49831124034244567,1,4.0011138916015625,1,-0.6771003935072156,0.5259339213371277,1,3.980743408203125
17928.736,18,1,1,fixation,1,-0.8322709732585483,0.435788094997406,1,3.7796478271484375,1,-0.6575960318247477,0.4824357107281685,1,3.5949859619140625
17945.402,18,1,1,fixation,0,nan,nan,0,nan,0,nan,nan,0,nan
17962.07,18,1,1,fixation,1,-0.8274132675594753,0.491263248026371,1,3.995330810546875,1,-0.6657682524787055,0.523418590426445,1,3.924896240234375
17978.736,18,1,1,fixation,1,-0.8198422789573669,0.42412855476140976,1,3.8023681640625,1,-0.6515825059678819,0.4540119655430317,1,3.6183013916015625
17995.403,18,1,1,fixation,0,nan,nan,0,nan,0,nan,nan,0,nan
18012.07,18,1,1,fixation,1,-0.8356619079907734,0.4907976593822241,1,4.099395751953125,1,-0.6725747982660929,0.5226402003318071,1,3.9650115966796875
18028.736,18,1,1,fixation,1,-0.8254065646065606,0.4339456260204315,1,3.83087158203125,1,-0.6515386899312336,0.47176945209503174,1,3.6624755859375
18045.403,18,1,1,fixation,0,nan,nan,0,nan,0,nan,nan,0,nan
18062.07,18,1,1,fixation,1,-0.8066942228211297,0.4860725402832031,1,4.0453643798828125,1,-0.6804191801283094,0.5286469347774982,1,3.981597900390625
18078.737,18,1,1,fixation,1,-0.8230450550715128,0.4412279464304447,1,3.8565673828125,1,-0.6512975692749023,0.49441086733713746,1,3.6886444091796875
18095.404,18,1,1,fixation,0,nan,nan,0,nan,0,nan,nan,0,nan
18112.071,18,1,1,fixation,1,-0.8185599711206224,0.4927103230729699,1,4.0958404541015625,1,-0.6618296570248073,0.5270663984119892,1,4.021240234375
18128.737,18,1,1,fixation,1,-0.8180184099409314,0.42802897095680237,1,3.876373291015625,1,-0.6491468217637804,0.46695199981331825,1,3.7024078369140625
18145.404,18,1,1,fixation,0,nan,nan,0,nan,0,nan,nan,0,nan
18162.071,18,1,1,fixation,1,-0.8461590243710412,0.4875001357868314,1,4.1444549560546875,1,-0.6888863378100925,0.5052884360775352,1,4.1296234130859375
18178.737,18,1,1,fixation,1,-0.8271703720092773,0.42685557901859283,1,3.892791748046875,1,-0.6652336650424533,0.4886679034680128,1,3.7218170166015625
18195.404,18,1,1,fixation,0,nan,nan,0,nan,0,nan,nan,0,nan
18212.072,18,1,1,fixation,1,-0.8335918419890933,0.49479165207594633,1,4.087646484375,1,-0.6689165963066949,0.5164555311203003,1,4.077423095703125
18228.738,18,1,1,fixation,1,-0.831034501393636,0.4270598590373993,1,3.88201904296875,1,-0.6581304603152804,0.45744216814637184,1,3.701568603515625
18245.405,18,1,1,fixation,0,nan,nan,0,nan,0,nan,nan,0,nan
18262.072,18,1,1,fixation,1,-0.8414666453997294,0.499941049143672,1,4.095001220703125,1,-0.6819063557518853,0.5069287694059312,1,4.0457611083984375
18278.737,18,1,1,fixation,1,-0.8350574241744146,0.42401470988988876,1,3.866973876953125,1,-0.6569766203562418,0.4486025720834732,1,3.696685791015625
18295.405,18,1,1,fixation,0,nan,nan,0,nan,0,nan,nan,0,nan
18312.072,18,1,1,fixation,0,nan,nan,0,nan,1,-0.6557975610097249,0.5094911614432931,1,3.9763336181640625
18328.738,18,1,1,fixation,1,-0.8371158175998263,0.4413265362381935,1,3.8737640380859375,1,-0.6600551340315076,0.45894310995936394,1,3.69439697265625
18345.405,18,1,1,fixation,0,nan,nan,0,nan,0,nan,nan,0,nan
18362.072,18,1,1,fixation,1,-0.8313876522911919,0.505013678688556,1,4.12744140625,1,-0.6543242136637369,0.4895393969491124,1,4.1079559326171875
18378.738,18,1,1,fixation,1,-0.8300996488995022,0.4188322350382805,1,3.8850555419921875,1,-0.659532864888509,0.45640094205737114,1,3.6996002197265625
18395.405,18,1,1,fixation,0,nan,nan,0,nan,0,nan,nan,0,nan
18412.072,18,1,1,fixation,1,-0.8362651699119144,0.5074597168713808,1,4.117034912109375,1,-0.6657480398813883,0.5175101738423109,1,3.986053466796875
18428.739,18,1,1,fixation,1,-0.8268909454345703,0.42043624073266983,1,3.9101715087890625,1,-0.6554235617319742,0.449075061827898,1,3.7222137451171875
18445.406,18,1,1,fixation,0,nan,nan,0,nan,0,nan,nan,0,nan
18462.073,18,1,1,fixation,1,-0.8453576366106669,0.5290166325867176,1,4.1383209228515625,1,-0.6628601021236843,0.5423603877425194,1,4.10528564453125
18478.739,18,1,1,fixation,1,-0.8246275252766079,0.43291833996772766,1,3.9443511962890625,1,-0.6595411035749646,0.45206333324313164,1,3.7505950927734375
18495.406,18,1,1,fixation,0,nan,nan,0,nan,0,nan,nan,0,nan
18512.073,18,1,1,fixation,1,-0.8371440801355573,0.5117905102670193,1,4.2315521240234375,1,-0.6667601664861043,0.5356851145625114,1,4.0807647705078125
18528.74,18,1,1,fixation,1,-0.8290832704967922,0.4428675100207329,1,3.977813720703125,1,-0.6591595808664957,0.45876067504286766,1,3.7868804931640625
18545.407,18,1,1,fixation,0,nan,nan,0,nan,0,nan,nan,0,nan
18562.074,18,1,1,fixation,1,-0.8270941442913479,0.5196033306419849,1,4.2487640380859375,1,-0.6810504595438639,0.5315765403211117,1,4.162567138671875
18578.74,18,1,1,fixation,1,-0.8295866913265652,0.4380999729037285,1,4.0121307373046875,1,-0.6491108470492892,0.4645991437137127,1,3.8266754150390625
18595.407,18,1,1,fixation,0,nan,nan,0,nan,0,nan,nan,0,nan
18612.074,18,1,1,fixation,1,-0.8387414283222622,0.5095686763525009,1,4.2660064697265625,1,-0.6726012494828966,0.46226316690444946,1,4.368988037109375
18628.74,18,1,1,fixation,1,-0.8281854059961107,0.4334791898727417,1,4.045196533203125,1,-0.6491081979539659,0.45660096406936646,1,3.863494873046875
18645.407,18,1,1,fixation,0,nan,nan,0,nan,0,nan,nan,0,nan
18662.075,18,1,1,fixation,1,-0.8234758641984727,0.5321682058274746,1,4.214111328125,1,-0.6710488266415066,0.5121771097183228,1,4.1911163330078125
18678.741,18,1,1,fixation,1,-0.825041479534573,0.43257081508636475,1,4.0692901611328125,1,-0.649620427025689,0.4598352462053299,1,3.8925323486328125
18695.408,18,1,1,fixation,0,nan,nan,0,nan,0,nan,nan,0,nan
18712.075,18,1,1,fixation,1,-0.7877513302697076,0.5336305685341358,1,4.16424560546875,1,-0.6740621990627712,0.5104287592694163,1,4.24200439453125
18728.741,18,1,1,fixation,1,-0.8315857383939954,0.4301898181438446,1,4.0940399169921875,1,-0.6488171683417426,0.4501139223575592,1,3.9182281494140625
18745.408,18,1,1,fixation,0,nan,nan,0,nan,0,nan,nan,0,nan
18762.076,18,1,1,fixation,1,-0.8216257823838128,0.5108264656737447,1,4.3195037841796875,1,-0.6730969481998019,0.5045047979801893,1,4.2951812744140625
18778.742,18,1,1,fixation,1,-0.8274784154362148,0.42495227605104446,1,4.107818603515625,1,-0.6562867164611816,0.4718147721141577,1,3.9499359130859375
18795.409,18,1,1,fixation,0,nan,nan,0,nan,0,nan,nan,0,nan
18812.076,18,1,1,fixation,1,-0.8325470089912415,0.5019802229944617,1,4.342010498046875,1,-0.6715421014361911,0.5054115811362863,1,4.338409423828125
18828.742,18,1,1,fixation,1,-0.8349876006444295,0.41871198266744614,1,4.1150970458984375,1,-0.6469466421339246,0.44332579150795937,1,3.958465576171875
18845.408,18,1,1,fixation,0,nan,nan,0,nan,0,nan,nan,0,nan
18862.076,18,1,1,fixation,1,-0.8234645459387037,0.5107607953250408,1,4.3456878662109375,1,-0.662002510494656,0.49268148746341467,1,4.4062042236328125
18878.742,18,1,1,stimulusMovement,1,-0.8335342340999179,0.42242851108312607,1,4.1166839599609375,1,-0.654829290178087,0.44665681570768356,1,3.968048095703125
18895.409,18,1,1,stimulusMovement,0,nan,nan,0,nan,0,nan,nan,0,nan
18912.076,18,1,1,stimulusMovement,1,-0.8431382841534084,0.4690127745270729,1,4.3829803466796875,1,-0.6626092592875162,0.48801831528544426,1,4.318389892578125
18928.742,18,1,1,stimulusMovement,1,-0.8502349721060858,0.49073293898254633,1,4.371826171875,0,nan,nan,0,nan
18945.409,18,1,1,stimulusMovement,1,-0.8063346147537231,0.47953515127301216,1,4.3964691162109375,1,-0.6513617833455403,0.5103818727657199,1,4.3125
18962.076,18,1,1,stimulusMovement,0,nan,nan,0,nan,1,-0.6725601090325249,0.4694127105176449,1,4.394317626953125
18978.743,18,1,1,stimulusMovement,1,-0.8239242831865946,0.487005278468132,1,4.304840087890625,1,-0.6662419372134738,0.5101621653884649,1,4.3403472900390625
18995.41,18,1,1,stimulusMovement,1,-0.7882031599680582,0.4869923321530223,1,4.317230224609375,1,-0.6516732374827067,0.4565301761031151,1,4.396484375
19012.077,18,1,1,stimulusMovement,1,-0.7879839208390977,0.501782737672329,1,4.2342071533203125,1,-0.673011925485399,0.5019102948717773,1,4.315032958984375
19028.743,18,1,1,stimulusMovement,0,nan,nan,0,nan,1,-0.6669073899586995,0.5088257174938917,1,4.3346405029296875
19045.41,18,1,1,stimulusMovement,1,-0.8360681798723009,0.49580554524436593,1,4.3116912841796875,1,-0.6549931632147895,0.5058518964797258,1,4.2059783935546875
19062.077,18,1,1,stimulusMovement,1,-0.8229699598418341,0.4875734755769372,1,4.2022705078125,1,-0.6726622051662868,0.48455171659588814,1,4.3009033203125
19078.744,18,1,1,stimulusMovement,1,-0.789815260304345,0.5029800105839968,1,4.058319091796875,1,-0.684110681215922,0.5315192714333534,1,4.17816162109375
19095.411,18,1,1,stimulusMovement,1,-0.8336617946624756,0.4942656164057553,1,4.1605987548828125,1,-0.6691670152876111,0.5128724463284016,1,4.1898651123046875
19112.078,18,1,1,stimulusMovement,0,nan,nan,0,nan,1,-0.6616620487636989,0.5127993877977133,1,4.2064971923828125
19128.744,18,1,1,stimulusMovement,1,-0.8404221700297461,0.4562321938574314,1,4.2320556640625,1,-0.67282944255405,0.5300805773586035,1,4.1468505859375
19145.411,18,1,1,stimulusMovement,0,nan,nan,0,nan,0,nan,nan,0,nan
19162.078,18,1,1,stimulusMovement,1,-0.8481920030381944,0.4960556598380208,1,4.1445465087890625,0,nan,nan,0,nan
19178.745,18,1,1,stimulusMovement,0,nan,nan,0,nan,0,nan,nan,0,nan
19195.412,18,1,1,stimulusMovement,1,-0.8476435939470927,0.4792936500161886,1,4.034820556640625,1,-0.6708591646618313,0.5108410622924566,1,4.186187744140625
19212.079,18,1,1,stimulusMovement,1,-0.8254562748803033,0.47492086328566074,1,3.9671478271484375,1,-0.6828856070836384,0.5075803431682289,1,4.1291961669921875
19228.745,18,1,1,stimulusMovement,1,-0.8309424254629346,0.47536935470998287,1,3.990081787109375,0,nan,nan,0,nan
19245.412,18,1,1,stimulusMovement,1,-0.8304612504111395,0.468803433701396,1,3.971435546875,1,-0.6947294208738538,0.5478248111903667,1,4.0522613525390625
19262.079,18,1,1,stimulusMovement,1,-0.8469503058327569,0.4673890508711338,1,3.9553375244140625,1,-0.6869462860955132,0.4770258590579033,1,4.162384033203125
19278.745,18,1,1,stimulusMovement,1,-0.8386920094490051,0.49921013903804123,1,3.9639739990234375,1,-0.6574759748246934,0.5178242288529873,1,3.9893035888671875
19295.413,18,1,1,stimulusMovement,0,nan,nan,0,nan,1,-0.6733580827713013,0.5165730118751526,1,4.0614166259765625
19312.08,18,1,1,stimulusMovement,1,-0.8433783617284563,0.47646738216280937,1,3.939056396484375,1,-0.6706489986843532,0.4938870035111904,1,4.1577606201171875
19328.746,18,1,1,stimulusMovement,1,-0.8362484176953633,0.4787416458129883,1,3.9544677734375,0,nan,nan,0,nan
19345.413,18,1,1,stimulusMovement,1,-0.851513663927714,0.4759041517972946,1,3.9649505615234375,1,-0.6350619263119167,0.5316708534955978,1,3.8453826904296875
19362.08,18,1,1,stimulusMovement,1,-0.8147854407628377,0.5046183047816157,1,3.8690338134765625,0,nan,nan,0,nan
19378.746,18,1,1,stimulusMovement,1,-0.8318020701408386,0.46152781695127487,1,3.9967041015625,0,nan,nan,0,nan
19395.413,18,1,1,stimulusMovement,1,-0.8474447429180145,0.45748119056224823,1,4.0143890380859375,1,-0.6690638197792901,0.4956848253495991,1,4.1130828857421875
19412.08,18,1,1,stimulusMovement,1,-0.8346263070901234,0.44683128595352173,1,4.0769805908203125,1,-0.6769667069117228,0.5212771371006966,1,4.0605926513671875
19428.746,18,1,1,stimulusMovement,1,-0.8418660759925842,0.49631486483849585,1,4.010986328125,1,-0.6745489173465304,0.5077053094282746,1,4.1192474365234375
19445.413,18,1,1,stimulusMovement,1,-0.8233284089300367,0.47799371369183064,1,4.0128936767578125,1,-0.692409939236111,0.4709694869816303,1,4.1598968505859375
19462.08,18,1,1,stimulusMovement,1,-0.8252380755212572,0.4670306108891964,1,4.0359954833984375,1,-0.6543583340115017,0.523543743416667,1,3.979156494140625
19478.746,18,1,1,stimulusMovement,1,-0.8387735221121045,0.4944953890517354,1,4.0036468505859375,0,nan,nan,0,nan
19495.414,18,1,1,stimulusMovement,1,-0.829777975877126,0.47881179861724377,1,4.009857177734375,1,-0.6814136505126953,0.5165394656360149,1,4.0290679931640625
19512.081,18,1,1,stimulusMovement,1,-0.8305918375651041,0.47471162863075733,1,4.0912628173828125,1,-0.6716507010989718,0.5369004607200623,1,4.006591796875
19528.747,18,1,1,stimulusMovement,1,-0.8198976914087931,0.4919954426586628,1,4.0682373046875,1,-0.6869600878821479,0.5099620968103409,1,4.109710693359375
19545.414,18,1,1,stimulusMovement,1,-0.8321540819274054,0.472018588334322,1,4.1096343994140625,1,-0.6609314017825656,0.5252568870782852,1,4.0447998046875
19562.081,18,1,1,stimulusMovement,1,-0.8384042017989688,0.47646307572722435,1,4.1352996826171875,0,nan,nan,0,nan
19578.747,18,1,1,stimulusMovement,1,-0.8133219944106207,0.4572221003472805,1,4.1363525390625,1,-0.6454722881317139,0.5226752087473869,1,4.0721893310546875
19595.414,18,1,1,stimulusMovement,0,nan,nan,0,nan,1,-0.6816020939085218,0.49362456193193793,1,4.1857147216796875
19612.081,18,1,1,stimulusMovement,1,-0.8269922667079501,0.47340261936187744,1,4.0782470703125,1,-0.6555613411797417,0.515752524137497,1,4.0610198974609375
19628.747,18,1,1,stimulusMovement,1,-0.8297789030604892,0.4720125198364258,1,4.1400909423828125,1,-0.6694005595313178,0.5283084288239479,1,4.12664794921875
19645.414,18,1,1,stimulusMovement,1,-0.8205908007091945,0.46619024500250816,1,4.157440185546875,1,-0.6969493760002984,0.5019395066192374,1,4.2008514404296875
19662.081,18,1,1,stimulusMovement,1,-0.811545795864529,0.46751491725444794,1,4.1588287353515625,1,-0.6745809978908962,0.5014239943120629,1,4.1484222412109375
19678.747,18,1,1,stimulusMovement,1,-0.8235276672575208,0.46521197259426117,1,4.175567626953125,1,-0.6624086168077257,0.520192164927721,1,4.109161376953125
19695.414,18,1,1,stimulusMovement,1,-0.8461962640285492,0.46851977333426476,1,4.2267608642578125,1,-0.6553150282965766,0.51823815330863,1,4.1796112060546875
19712.081,18,1,1,stimulusMovement,1,-0.8121976653734843,0.457840733230114,1,4.1961822509765625,1,-0.6921299298604329,0.5046359328553081,1,4.160980224609375
19728.747,18,1,1,stimulusMovement,1,-0.827493323220147,0.4623703919351101,1,4.1679229736328125,1,-0.657617621951633,0.5115978363901377,1,4.0583343505859375
19745.414,18,1,1,stimulusMovement,1,-0.8351464768250783,0.4876784235239029,1,4.1196746826171875,1,-0.6904015938440958,0.4033814147114754,1,4.4434661865234375
19762.081,18,1,1,stimulusMovement,0,nan,nan,0,nan,1,-0.6681181324852837,0.5067112147808075,1,4.156646728515625
19778.747,18,1,1,stimulusMovement,1,-0.8367947538693745,0.4615935683250427,1,4.195037841796875,1,-0.6775133609771729,0.5197193212807178,1,4.118743896484375
19795.414,18,1,1,stimulusMovement,1,-0.8326269255744085,0.47048048861324787,1,4.137969970703125,1,-0.6903555128309461,0.5208891369402409,1,4.1820220947265625
19812.081,18,1,1,stimulusMovement,0,nan,nan,0,nan,1,-0.6453156471252441,0.5270543321967125,1,4.0074310302734375
19828.747,18,1,1,stimulusMovement,1,-0.8202115827136569,0.45979858189821243,1,4.13201904296875,0,nan,nan,0,nan
19845.414,18,1,1,stimulusMovement,1,-0.8307841420173645,0.4729157090187073,1,4.1822357177734375,1,-0.6571692360772027,0.5426324792206287,1,3.979736328125
19862.081,18,1,1,stimulusMovement,1,-0.8104889657762315,0.47903306782245636,1,4.07806396484375,1,-0.6694162951575385,0.5603230446577072,1,4.09100341796875
19878.747,18,1,1,stimulusMovement,1,-0.8199466533131069,0.4575046971440315,1,4.205108642578125,1,-0.6695149342219034,0.5128640923649073,1,4.1660919189453125
19895.414,18,1,1,stimulusMovement,1,-0.806162416934967,0.49795187823474407,1,4.0541839599609375,0,nan,nan,0,nan
19912.081,18,1,1,stimulusMovement,1,-0.888290814227528,0.5197922252118587,1,4.270172119140625,1,-0.7060491243998209,0.5327873602509499,1,4.1045684814453125
19928.747,18,1,1,stimulusMovement,1,-0.8509214950932397,0.4799193646758795,1,4.204254150390625,0,nan,nan,0,nan
19945.414,18,1,1,stimulusMovement,0,nan,nan,0,nan,1,-0.6877334117889404,0.532343178987503,1,4.111236572265625
19962.08,18,1,1,stimulusMovement,1,-0.8609083294868469,0.4911196595057845,1,4.172821044921875,1,-0.6969105667538112,0.5299244374036789,1,4.1320343017578125
19978.746,18,1,1,stimulusMovement,1,-0.8584714962376488,0.48561287112534046,1,4.158294677734375,0,nan,nan,0,nan
19995.413,18,1,1,stimulusMovement,0,nan,nan,0,nan,1,-0.691671782069736,0.5234800558537245,1,4.0460052490234375
20012.08,18,1,1,stimulusMovement,0,nan,nan,0,nan,0,nan,nan,0,nan
20028.746,18,1,1,stimulusMovement,1,-0.8587542275587717,0.47500265948474407,1,4.149444580078125,1,-0.7058947351243761,0.5463671423494816,1,4.0334930419921875
20045.413,18,1,1,stimulusMovement,1,-0.8625753124554951,0.4655340015888214,1,4.2082977294921875,1,-0.7127449247572156,0.5487243048846722,1,4.0371246337890625
20062.08,18,1,1,stimulusMovement,1,-0.8519319130314721,0.4950839071534574,1,4.195556640625,1,-0.6933154927359687,0.5288105271756649,1,4.0224151611328125
20078.746,18,1,1,stimulusMovement,1,-0.8564366863833532,0.4710361436009407,1,4.167755126953125,1,-0.6818809509277344,0.5151188876479864,1,3.9659423828125
20095.413,18,1,1,stimulusMovement,1,-0.8413904805978139,0.4761219024658203,1,4.1436920166015625,1,-0.7016548448138766,0.5265244487673044,1,4.024322509765625
20112.08,18,1,1,stimulusMovement,0,nan,nan,0,nan,1,-0.6795864105224609,0.5425969585776329,1,4.0081787109375
20128.746,18,1,1,stimulusMovement,1,-0.830200884077284,0.47652521915733814,1,4.136932373046875,0,nan,nan,0,nan
20145.413,18,1,1,stimulusMovement,1,-0.8642973436249627,0.4861114900559187,1,4.2348785400390625,1,-0.6713379091686672,0.5207214802503586,1,4.0239410400390625
20162.08,18,1,1,stimulusMovement,1,-0.8405039873388078,0.482043020427227,1,4.1826934814453125,1,-0.6845622327592638,0.5457200519740582,1,3.9703521728515625
20178.746,18,1,1,stimulusMovement,1,-0.8607205616103277,0.4609588533639908,1,4.198150634765625,1,-0.6847399208280774,0.5382209606468678,1,4.00140380859375
20195.413,18,1,1,stimulusMovement,1,-0.8238784339692857,0.5007550474256277,1,4.0589752197265625,1,-0.6932803789774576,0.5282255001366138,1,3.9909820556640625
20212.08,18,1,1,stimulusMovement,1,-0.8499511182308197,0.47434189543128014,1,4.177154541015625,1,-0.675294452243381,0.5166527684777975,1,4.0043487548828125
20228.746,18,1,1,stimulusMovement,1,-0.846431295077006,0.47916946560144424,1,4.1776885986328125,0,nan,nan,0,nan
20245.413,18,1,1,stimulusMovement,1,-0.8582464820808834,0.4864263655617833,1,4.137939453125,0,nan,nan,0,nan
20262.08,18,1,1,stimulusMovement,0,nan,nan,0,nan,0,nan,nan,0,nan
20278.746,18,1,1,stimulusMovement,1,-0.8501440154181585,0.4702029414474964,1,4.1946868896484375,1,-0.7078542311986287,0.5216493457555771,1,3.9962615966796875
20295.413,18,1,1,stimulusMovement,1,-0.8374367621209886,0.4722778722643852,1,4.1250152587890625,1,-0.5963316758473713,0.5250482819974422,1,3.7274932861328125
20312.08,18,1,1,stimulusMovement,1,-0.8451303773456149,0.48728679306805134,1,4.1396026611328125,1,-0.6836197641160753,0.513655660673976,1,4.02398681640625
20328.746,18,1,1,stimulusMovement,0,nan,nan,0,nan,0,nan,nan,0,nan
20345.413,18,1,1,stimulusMovement,1,-0.8445590866936578,0.4830731153488159,1,4.12762451171875,1,-0.6833554638756646,0.5083344960585237,1,4.038970947265625
20362.08,18,1,1,stimulusMovement,1,-0.8214954733848572,0.490394189953804,1,4.039154052734375,1,-0.7013401455349392,0.48657624144107103,1,4.1262664794921875
20378.746,18,1,1,stimulusMovement,1,-0.8351473245355817,0.483495170250535,1,4.12078857421875,1,-0.6744036144680446,0.5372999161481857,1,3.931854248046875
20395.413,18,1,1,stimulusMovement,1,-0.738619049390157,0.5042150132358074,1,3.7342987060546875,1,-0.6822770039240519,0.5279128309339285,1,3.979888916015625
20412.08,18,1,1,stimulusMovement,1,-0.8453366425302293,0.47088269516825676,1,4.1143341064453125,0,nan,nan,0,nan
20428.746,18,1,1,stimulusMovement,1,-0.845367497868008,0.4748762510716915,1,4.1096649169921875,1,-0.664506885740492,0.5321688838303089,1,3.9965362548828125
20445.413,18,1,1,stimulusMovement,1,-0.8581869370407528,0.47111751697957516,1,4.10711669921875,1,-0.6821148660447862,0.5313680842518806,1,3.9730682373046875
20462.08,18,1,1,stimulusMovement,1,-0.8495996130837334,0.48870949633419514,1,4.111968994140625,1,-0.6662720574273003,0.52509237639606,1,3.947021484375
20478.746,18,1,1,stimulusMovement,1,-0.839116162723965,0.469085518270731,1,4.010498046875,1,-0.6836880842844645,0.5527459383010864,1,3.999725341796875
20495.413,18,1,1,stimulusMovement,1,-0.8505040307839711,0.4590705409646034,1,4.094818115234375,1,-0.6694766018125745,0.5182369910180569,1,3.9432220458984375
20512.079,18,1,1,stimulusMovement,1,-0.8451745443873935,0.45595602318644524,1,4.105712890625,1,-0.6756261984507242,0.5482540614902973,1,3.89404296875
20528.745,18,1,1,stimulusMovement,1,-0.850277907318539,0.49217111989855766,1,4.016754150390625,1,-0.6941979726155598,0.5444446355104446,1,3.933502197265625
20545.412,18,1,1,stimulusMovement,1,-0.8512889709737566,0.46751777082681656,1,4.0292205810546875,0,nan,nan,0,nan
20562.079,18,1,1,stimulusMovement,1,-0.8651691840754614,0.46447236835956573,1,4.0877227783203125,1,-0.6732151243421766,0.5388457924127579,1,3.853729248046875
20578.745,18,1,1,stimulusMovement,1,-0.8458112246460384,0.4677257761359215,1,3.9935302734375,1,-0.7088830338584052,0.5050528473220766,1,4.0587615966796875
20595.412,18,1,1,stimulusMovement,0,nan,nan,0,nan,0,nan,nan,0,nan
20612.079,18,1,1,stimulusMovement,1,-0.8563787705368465,0.460476852953434,1,4.00762939453125,1,-0.6189276377360026,0.5470482669770718,1,3.64874267578125
20628.745,18,1,1,stimulusMovement,0,nan,nan,0,nan,1,-0.6734497414694892,0.511479614302516,1,3.811187744140625
20645.412,18,1,1,stimulusMovement,1,-0.8528909318976932,0.48372626304626465,1,4.0282135009765625,1,-0.6971444288889567,0.5015692462911829,1,3.9299774169921875
20662.079,18,1,1,stimulusMovement,1,-0.8579415414068433,0.47264165058732033,1,3.9615325927734375,1,-0.701348861058553,0.5235109739005566,1,3.9036102294921875
20678.745,18,1,1,stimulusMovement,1,-0.8562996652391222,0.4757907409220934,1,3.987884521484375,1,-0.6791840924157037,0.5118617936968803,1,3.8878936767578125
20695.412,18,1,1,stimulusMovement,1,-0.8705432944827609,0.4753969106823206,1,3.986968994140625,1,-0.667667547861735,0.5147765157744288,1,3.765289306640625
20712.079,18,1,1,stimulusMovement,1,-0.830891211827596,0.4559329263865948,1,3.9654998779296875,1,-0.7048201163609822,0.49973367899656296,1,3.927520751953125
20728.745,18,1,1,stimulusMovement,1,-0.8344405227237277,0.4550003185868263,1,3.911956787109375,1,-0.6963778866661919,0.5226438753306866,1,3.7942962646484375
20745.412,18,1,1,stimulusMovement,1,-0.8523743814892238,0.44959913939237595,1,3.904296875,1,-0.7765376567840576,0.42020826786756516,1,4.063507080078125
20762.079,18,1,1,stimulusMovement,0,nan,nan,0,nan,1,-0.6671310133404201,0.530812781304121,1,3.641693115234375
20778.745,18,1,1,stimulusMovement,1,-0.8622321767939461,0.46781283617019653,1,3.8824920654296875,1,-0.6906514300240411,0.45835716649889946,1,3.89959716796875
20795.412,18,1,1,stimulusMovement,1,-0.8215201828214856,0.3186369240283966,1,3.7971954345703125,0,nan,nan,0,nan
20812.079,18,1,1,stimulusMovement,1,-0.7977795667118496,0.13780274987220764,1,3.813140869140625,1,-0.629057937198215,0.13904839754104614,1,3.7293853759765625
20828.745,18,1,1,stimulusMovement,0,nan,nan,0,nan,1,-0.6498272683885362,0.18436500430107117,1,3.6641387939453125
20845.412,18,1,1,stimulusMovement,1,-0.8227116598023309,0.14640799164772034,1,3.7608489990234375,1,-0.6415552298227946,0.16855430603027344,1,3.621307373046875
20862.079,18,1,1,stimulusMovement,1,-0.8213939335611131,0.12083286046981812,1,3.81842041015625,1,-0.6200459798177083,0.14323025941848755,1,3.6707000732421875
20878.745,18,1,1,stimulusMovement,1,-0.8056441479259067,0.1232750415802002,1,3.7965087890625,1,-0.6415388584136963,0.15344083309173584,1,3.6643524169921875
20895.412,18,1,1,stimulusMovement,1,-0.8094954093297322,0.14350450038909912,1,3.7382354736328125,1,-0.6193506717681885,0.15504038333892822,1,3.63299560546875
20912.079,18,1,1,stimulusMovement,1,-0.819835901260376,0.1286526322364807,1,3.8201141357421875,1,-0.6305514971415201,0.1114014983177185,1,3.77471923828125
20928.745,18,1,1,stimulusMovement,1,-0.8154993255933125,0.14770597219467163,1,3.7134246826171875,1,-0.6123329268561469,0.16764545440673828,1,3.709259033203125
20945.412,18,1,1,stimulusMovement,1,-0.7878440353605481,0.1266160011291504,1,3.8022613525390625,0,nan,nan,0,nan
20962.079,18,1,1,stimulusMovement,1,-0.8065402309099833,0.14758244156837463,1,3.76434326171875,0,nan,nan,0,nan
20978.745,18,1,1,stimulusMovement,1,-0.8124243153466119,0.11606305837631226,1,3.828216552734375,1,-0.6444121996561686,0.15771546959877014,1,3.6815948486328125
20995.412,18,1,1,stimulusMovement,1,-0.7935471534729004,0.11336272954940796,1,3.8035430908203125,1,-0.6569977071550157,0.19821953773498535,1,3.56842041015625
21012.079,18,1,1,stimulusMovement,1,-0.8103786839379205,0.1292041540145874,1,3.8265228271484375,1,-0.6389333671993679,0.1749545931816101,1,3.6474151611328125
21028.745,18,1,1,stimulusMovement,1,-0.801638815138075,0.02483314275741577,1,3.81494140625,1,-0.6283637152777778,0.04333975911140442,1,3.6565093994140625
21045.412,18,1,1,stimulusMovement,1,-0.7659333017137315,-0.1585981845855713,1,3.914764404296875,1,-0.6150982115003797,-0.13076847791671753,1,3.837615966796875
21062.079,18,1,1,stimulusMovement,1,-0.7806099123424953,-0.11474442481994629,1,3.8418731689453125,1,-0.6277488867441813,-0.1257798671722412,1,3.73321533203125
21078.744,18,1,1,stimulusMovement,1,-0.7874240875244141,-0.14889252185821533,1,3.8295135498046875,1,-0.6349663469526502,-0.1366415023803711,1,3.73052978515625
21095.411,18,1,1,stimulusMovement,1,-0.8025436401367188,-0.13895320892333984,1,3.81268310546875,1,-0.6385197639465332,-0.1482188105583191,1,3.74713134765625
21112.078,18,1,1,stimulusMovement,1,-0.8030585845311482,-0.14545005559921265,1,3.8720703125,1,-0.6327121522691515,-0.14874857664108276,1,3.725860595703125
21128.744,18,1,1,stimulusMovement,1,-0.7962346010737948,-0.11965107917785645,1,3.7678985595703125,1,-0.6308874289194742,-0.1602509617805481,1,3.7494049072265625
21145.411,18,1,1,stimulusMovement,1,-0.7946346931987338,-0.13862323760986328,1,3.7912445068359375,1,-0.6264031463199191,-0.12989819049835205,1,3.6179962158203125
21162.078,18,1,1,stimulusMovement,1,-0.8145237631267971,-0.13964366912841797,1,3.7966461181640625,1,-0.6330051687028673,-0.12614381313323975,1,3.5925750732421875
21178.744,18,1,1,stimulusMovement,1,-0.8070430358250935,-0.15703725814819336,1,3.7913818359375,1,-0.6228804588317871,-0.18602317571640015,1,3.7529144287109375
21195.411,18,1,1,stimulusMovement,1,-0.7943440543280706,-0.15112543106079102,1,3.74072265625,1,-0.6207656330532497,-0.13627636432647705,1,3.586669921875
21212.078,18,1,1,stimulusMovement,1,-0.8178023364808824,-0.14832758903503418,1,3.746917724609375,1,-0.6160004403856065,-0.16749072074890137,1,3.6708984375
21228.744,18,1,1,stimulusMovement,1,-0.7923141585456,-0.15437555313110352,1,3.763031005859375,1,-0.6454449229770236,-0.17667508125305176,1,3.6468505859375
21245.411,18,1,1,stimulusMovement,1,-0.7932454016473558,-0.16438472270965576,1,3.7196807861328125,1,-0.6510504086812336,-0.19028007984161377,1,3.7225494384765625
21262.078,18,1,1,stimulusMovement,1,-0.7972731788953145,-0.1600208282470703,1,3.6978759765625,1,-0.6419820255703396,-0.1755409836769104,1,3.6632537841796875
21278.744,18,1,1,stimulusMovement,1,-0.7932510773340861,-0.1644144058227539,1,3.7076568603515625,1,-0.6242218547397189,-0.19921261072158813,1,3.6201934814453125
21295.411,18,1,1,stimulusMovement,1,-0.7939483059777154,-0.1557924747467041,1,3.6709442138671875,1,-0.6163472864362928,-0.14371275901794434,1,3.5352935791015625
21312.078,18,1,1,stimulusMovement,1,-0.7994510465198092,-0.24750280380249023,1,3.6514434814453125,1,-0.6658784018622504,-0.26504212617874146,1,3.5419769287109375
21328.744,18,1,1,stimulusMovement,1,-0.8182030452622308,-0.39230477809906006,1,3.6368560791015625,1,-0.6599102550082736,-0.37456756830215454,1,3.4461822509765625
21345.411,18,1,1,stimulusMovement,1,-0.8359459969732496,-0.38785320520401,1,3.61968994140625,1,-0.6793307330873277,-0.36841756105422974,1,3.4503936767578125
21362.078,18,1,1,stimulusMovement,1,-0.8285717765490214,-0.39303022623062134,1,3.6029815673828125,1,-0.6718307336171467,-0.39997249841690063,1,3.459075927734375
21378.744,18,1,1,stimulusMovement,1,-0.8450101978249019,-0.42479366064071655,1,3.6162109375,1,-0.6582259602016872,-0.40285366773605347,1,3.4658660888671875
21395.411,18,1,1,stimulusMovement,1,-0.8435376882553101,-0.4063883423805237,1,3.6189727783203125,1,-0.6645662519666883,-0.40124160051345825,1,3.4071197509765625
21412.078,18,1,1,stimulusMovement,1,-0.8265833258628845,-0.4189572334289551,1,3.587799072265625,1,-0.669072839948866,-0.3852497935295105,1,3.378143310546875
21428.744,18,1,1,stimulusMovement,1,-0.8385334743393792,-0.4114660620689392,1,3.6209716796875,1,-0.6642077763875325,-0.4001924991607666,1,3.41278076171875
21445.411,18,1,1,stimulusMovement,1,-0.8427599668502808,-0.4259761571884155,1,3.6240081787109375,0,nan,nan,0,nan
21462.078,18,1,1,stimulusMovement,1,-0.8175676266352335,-0.4138747453689575,1,3.6340179443359375,1,-0.6871478425131904,-0.420093297958374,1,3.3940887451171875
21478.744,18,1,1,stimulusMovement,1,-0.8511608839035034,-0.42611342668533325,1,3.585784912109375,1,-0.6645999484592013,-0.44438689947128296,1,3.468597412109375
21495.411,18,1,1,stimulusMovement,1,-0.8389042649004194,-0.4382132291793823,1,3.613983154296875,1,-0.6593469513787164,-0.4095144271850586,1,3.4166717529296875
21512.078,18,1,1,stimulusMovement,1,-0.8281732532713147,-0.44261282682418823,1,3.6237945556640625,1,-0.6657334433661567,-0.4407673478126526,1,3.4176025390625
21528.744,18,1,1,stimulusMovement,1,-0.8116801910930209,-0.42795777320861816,1,3.6201934814453125,1,-0.6627563635508219,-0.4056968688964844,1,3.366119384765625
21545.411,18,1,1,stimulusMovement,1,-0.8179665075408087,-0.44530224800109863,1,3.647186279296875,1,-0.6797284550136989,-0.4190555810928345,1,3.4184722900390625
21562.078,18,1,1,stimulusMovement,1,-0.8122933506965637,-0.4202108383178711,1,3.57666015625,1,-0.6800883213678995,-0.41725170612335205,1,3.4127349853515625
21578.744,18,1,1,stimulusMovement,1,-0.818416224585639,-0.4342448115348816,1,3.62969970703125,1,-0.6523406505584717,-0.4522830843925476,1,3.46453857421875
21595.411,18,1,1,stimulusMovement,1,-0.829615036646525,-0.4281616806983948,1,3.565093994140625,1,-0.6390223503112793,-0.44076043367385864,1,3.4468536376953125
21612.078,18,1,1,stimulusMovement,1,-0.8462844590346018,-0.4277099370956421,1,3.5677642822265625,1,-0.6768101851145426,-0.4062306880950928,1,3.3942413330078125
21628.743,18,1,1,stimulusMovement,1,-0.8330443766382005,-0.44139015674591064,1,3.629791259765625,1,-0.6737416850195991,-0.4038205146789551,1,3.405670166015625
21645.41,18,1,1,stimulusMovement,1,-0.8397947880956861,-0.44872355461120605,1,3.551361083984375,0,nan,nan,0,nan
21662.077,18,1,1,stimulusMovement,1,-0.8154713643921746,-0.41702133417129517,1,3.60821533203125,1,-0.6904284159342448,-0.40421444177627563,1,3.373291015625
21678.743,18,1,1,stimulusMovement,1,-0.8503581649727291,-0.42713141441345215,1,3.5556640625,1,-0.6774401134914821,-0.4104622006416321,1,3.357696533203125
21695.41,18,1,1,stimulusMovement,1,-0.8417002591821882,-0.4579457640647888,1,3.6023406982421875,1,-0.6554137335883247,-0.4556084871292114,1,3.4410247802734375
21712.077,18,1,1,stimulusMovement,1,-0.8800188286436929,-0.3895806670188904,1,3.598876953125,1,-0.6747977071338229,-0.3825269341468811,1,3.464691162109375
21728.743,18,1,1,stimulusMovement,1,-0.8421503636572095,-0.4028676748275757,1,3.601837158203125,1,-0.6849424044291178,-0.3741741180419922,1,3.42034912109375
21745.41,18,1,1,stimulusMovement,1,-0.8253277076615227,-0.39193522930145264,1,3.6634979248046875,1,-0.6868342426088121,-0.37648528814315796,1,3.38543701171875
21762.077,18,1,1,stimulusMovement,1,-0.8497216304143269,-0.40964722633361816,1,3.6161651611328125,1,-0.6863982809914483,-0.3837292790412903,1,3.4480133056640625
21778.743,18,1,1,stimulusMovement,1,-0.8524922529856364,-0.378150999546051,1,3.606109619140625,1,-0.6768584383858575,-0.3726734519004822,1,3.449005126953125
21795.41,18,1,1,stimulusMovement,1,-0.8725850416554345,-0.38681185245513916,1,3.594268798828125,1,-0.6857025490866767,-0.36428701877593994,1,3.4109649658203125
21812.077,18,1,1,stimulusMovement,1,-0.8596067991521623,-0.37885236740112305,1,3.6049652099609375,1,-0.687037017610338,-0.3912646770477295,1,3.4358367919921875
21828.743,18,1,1,stimulusMovement,1,-0.8517341646883222,-0.3786933422088623,1,3.6293487548828125,1,-0.6946971151563855,-0.39426225423812866,1,3.4560089111328125
21845.41,18,1,1,stimulusMovement,1,-0.8357232842180463,-0.4080647826194763,1,3.611083984375,1,-0.6816651423772175,-0.3700413703918457,1,3.3997955322265625
21862.077,18,1,1,stimulusMovement,1,-0.847476217481825,-0.41673779487609863,1,3.625762939453125,1,-0.6406843132442898,-0.39642632007598877,1,3.458953857421875
21878.743,18,1,1,stimulusMovement,1,-0.8331159353256226,-0.37709009647369385,1,3.5685577392578125,1,-0.6729625860850016,-0.3610042333602905,1,3.367919921875
21895.41,18,1,1,stimulusMovement,1,-0.8444821039835612,-0.37070631980895996,1,3.57183837890625,1,-0.6998055113686455,-0.3729051351547241,1,3.3820953369140625
21912.077,18,1,1,stimulusMovement,1,-0.8380163841777377,-0.3986469507217407,1,3.5695343017578125,1,-0.6723495589362251,-0.3874706029891968,1,3.394683837890625
21928.743,18,1,1,stimulusMovement,1,-0.8592248426543341,-0.38537371158599854,1,3.5678558349609375,1,-0.6777429315778943,-0.3676891326904297,1,3.356536865234375
21945.41,18,1,1,stimulusMovement,1,-0.8411860764026642,-0.3848273754119873,1,3.509490966796875,1,-0.6737610234154595,-0.3877286911010742,1,3.3843994140625
21962.077,18,1,1,stimulusMovement,1,-0.8596668872568342,-0.3853321075439453,1,3.54248046875,1,-0.6894947025510999,-0.39391934871673584,1,3.3954925537109375
21978.743,18,1,1,stimulusMovement,1,-0.8560137218899196,-0.38833391666412354,1,3.5262908935546875,1,-0.6936490800645616,-0.3653792142868042,1,3.3321380615234375
21995.41,18,1,1,stimulusMovement,1,-0.8462380700641208,-0.3845840096473694,1,3.5416259765625,1,-0.6999657154083252,-0.40421777963638306,1,3.419158935546875
22012.077,18,1,1,stimulusMovement,1,-0.8660405708683862,-0.39811432361602783,1,3.4894866943359375,0,nan,nan,0,nan
22028.743,18,1,1,stimulusMovement,1,-0.8427967992093828,-0.37127363681793213,1,3.502044677734375,1,-0.68284981780582,-0.3482006788253784,1,3.2638397216796875
22045.41,18,1,1,stimulusMovement,1,-0.8616312046845753,-0.40152519941329956,1,3.534088134765625,1,-0.6888789335886637,-0.3768826723098755,1,3.3256072998046875
22062.077,18,1,1,stimulusMovement,1,-0.8405427303579118,-0.39565128087997437,1,3.4648284912109375,1,-0.683189418580797,-0.3622826933860779,1,3.308135986328125
22078.743,18,1,1,stimulusMovement,1,-0.853224108616511,-0.3920022249221802,1,3.5179595947265625,1,-0.6857993337843152,-0.38184189796447754,1,3.35687255859375
22095.41,18,1,1,stimulusMovement,1,-0.8431858089235094,-0.37613725662231445,1,3.49969482421875,0,nan,nan,0,nan
22112.077,18,1,1,stimulusMovement,1,-0.8394804630014631,-0.3921850919723511,1,3.444580078125,1,-0.6541604995727539,-0.40984487533569336,1,3.388427734375
22128.743,18,1,1,stimulusMovement,1,-0.8433339728249444,-0.39100968837738037,1,3.5227203369140625,1,-0.6689792209201388,-0.3825875520706177,1,3.3654632568359375
22145.41,18,1,1,stimulusMovement,1,-0.8417700992690191,-0.3812549114227295,1,3.5005340576171875,1,-0.688199414147271,-0.3823375105857849,1,3.3277740478515625
22162.077,18,1,1,stimulusMovement,1,-0.8487341900666554,-0.39920610189437866,1,3.5482025146484375,1,-0.6737436453501383,-0.3645768165588379,1,3.3123016357421875
22178.743,18,1,1,stimulusMovement,1,-0.8629855232106314,-0.40638136863708496,1,3.52423095703125,1,-0.68169633547465,-0.3808194398880005,1,3.3206939697265625
22195.409,18,1,1,stimulusMovement,1,-0.8670707378122541,-0.41345787048339844,1,3.4940948486328125,1,-0.6939696338441637,-0.3744502663612366,1,3.280120849609375
22212.076,18,1,1,stimulusMovement,1,-0.8431310951709747,-0.4170035123825073,1,3.60284423828125,1,-0.6896854241689045,-0.38660407066345215,1,3.322845458984375
22228.742,18,1,1,stimulusMovement,1,-0.8540682329071893,-0.41318124532699585,1,3.5309906005859375,1,-0.6838486327065362,-0.36652636528015137,1,3.38458251953125
22245.409,18,1,1,stimulusMovement,1,-0.8405619992150201,-0.3766562342643738,1,3.5368194580078125,1,-0.6993176407284206,-0.376354455947876,1,3.3465423583984375
22262.076,18,1,1,stimulusMovement,1,-0.8546020918422275,-0.38612478971481323,1,3.491302490234375,1,-0.6942034032609727,-0.36559146642684937,1,3.3211669921875
22278.742,18,1,1,stimulusMovement,1,-0.8606750865777333,-0.3850516676902771,1,3.5077972412109375,1,-0.6719257036844889,-0.4571894407272339,1,3.4965972900390625
22295.409,18,1,1,stimulusMovement,1,-0.8397592140568627,-0.39169734716415405,1,3.572967529296875,1,-0.699503050910102,-0.36389708518981934,1,3.322296142578125
22312.076,18,1,1,stimulusMovement,1,-0.8394490016831292,-0.3890438675880432,1,3.5720977783203125,1,-0.7030594083997938,-0.3698809742927551,1,3.381622314453125
22328.742,18,1,1,stimulusMovement,1,-0.8598934312661488,-0.3943372368812561,1,3.5533599853515625,1,-0.6788297096888224,-0.37868237495422363,1,3.3655242919921875
22345.409,18,1,1,stimulusMovement,1,-0.8665740473402871,-0.4261375069618225,1,3.6106109619140625,1,-0.6806566450330945,-0.37743598222732544,1,3.3555908203125
22362.076,18,1,1,stimulusMovement,1,-0.8594034877088335,-0.39056652784347534,1,3.634796142578125,1,-0.6633439593844943,-0.3832603693008423,1,3.398468017578125
22378.742,18,1,1,stimulusMovement,1,-0.8619587338633007,-0.40733981132507324,1,3.644195556640625,1,-0.6972603268093532,-0.37890052795410156,1,3.37060546875
22395.409,18,1,1,stimulusMovement,1,-0.8581260939439137,-0.41307544708251953,1,3.6417083740234375,1,-0.7036350303226047,-0.37122344970703125,1,3.35015869140625
22412.076,18,1,1,stimulusMovement,1,-0.8603757917881012,-0.39593786001205444,1,3.6572418212890625,1,-0.6868197917938232,-0.37732064723968506,1,3.411468505859375
22428.742,18,1,1,stimulusMovement,1,-0.8499398264620038,-0.38237202167510986,1,3.6343536376953125,1,-0.6841274897257487,-0.3954355716705322,1,3.439300537109375
22445.409,18,1,1,stimulusMovement,1,-0.8430633180671268,-0.42407870292663574,1,3.6953125,1,-0.6806953483157687,-0.3901268243789673,1,3.466033935546875
22462.076,18,1,1,stimulusMovement,1,-0.834703783194224,-0.4040173888206482,1,3.7114410400390625,1,-0.696334785885281,-0.38826894760131836,1,3.424774169921875
22478.742,18,1,1,stimulusMovement,1,-0.8303067088127136,-0.4208734631538391,1,3.66827392578125,1,-0.6933976014455159,-0.3734055757522583,1,3.4577484130859375
22495.409,18,1,1,stimulusMovement,1,-0.8553452392419179,-0.3947486877441406,1,3.6888427734375,1,-0.6797232627868652,-0.37366437911987305,1,3.4272613525390625
22512.076,18,1,1,stimulusMovement,1,-0.8483136097590128,-0.3763918876647949,1,3.6336822509765625,1,-0.6711810032526652,-0.362385094165802,1,3.46826171875
22528.742,18,1,1,stimulusMovement,1,-0.8606349594063228,-0.3752065896987915,1,3.6962432861328125,1,-0.6315977573394775,-0.35773831605911255,1,3.4683837890625
22545.409,18,1,1,stimulusMovement,0,nan,nan,0,nan,0,nan,nan,0,nan
22562.076,18,1,1,stimulusMovement,0,nan,nan,0,nan,0,nan,nan,0,nan
22578.742,18,1,1,stimulusMovement,0,nan,nan,0,nan,0,nan,nan,0,nan
22595.409,18,1,1,stimulusMovement,0,nan,nan,0,nan,0,nan,nan,0,nan
22612.076,18,1,1,stimulusMovement,0,nan,nan,0,nan,0,nan,nan,0,nan
22628.742,18,1,1,stimulusMovement,0,nan,nan,0,nan,1,-0.6957621177037556,-0.6547602415084839,1,2.624267578125
22645.409,18,1,1,stimulusMovement,0,nan,nan,0,nan,0,nan,nan,0,nan
22662.076,18,1,1,stimulusMovement,0,nan,nan,0,nan,0,nan,nan,0,nan
22678.742,18,1,1,stimulusMovement,1,-0.82834611998664,-0.35439354181289673,1,3.6462249755859375,1,-0.6475448078579372,-0.34084880352020264,1,3.465606689453125
22695.409,18,1,1,stimulusMovement,1,-0.823961509598626,-0.3424146771430969,1,3.6646728515625,0,nan,nan,0,nan
22712.076,18,1,1,stimulusMovement,0,nan,nan,0,nan,1,-0.6354804568820529,-0.32254868745803833,1,3.4611968994140625
22728.742,18,1,1,stimulusMovement,1,-0.8174878623750474,-0.3387101888656616,1,3.655181884765625,1,-0.6328861713409424,-0.3249095678329468,1,3.4448394775390625
22745.408,18,1,1,stimulusMovement,1,-0.80998029311498,-0.34885966777801514,1,3.682647705078125,1,-0.6441002156999376,-0.3394991159439087,1,3.458709716796875
22762.075,18,1,1,stimulusMovement,0,nan,nan,0,nan,1,-0.6392428345150417,-0.3338967561721802,1,3.5092010498046875
22778.741,18,1,1,stimulusMovement,1,-0.803725586997138,-0.3387559652328491,1,3.638946533203125,1,-0.6451396677229139,-0.33806562423706055,1,3.4712371826171875
22795.408,18,1,1,stimulusMovement,1,-0.81670567062166,-0.34976112842559814,1,3.638275146484375,1,-0.629595226711697,-0.36455029249191284,1,3.5262603759765625
22812.075,18,1,1,stimulusMovement,1,-0.8193104200892978,-0.34886133670806885,1,3.64306640625,1,-0.639892684088813,-0.35557645559310913,1,3.53765869140625
22828.741,18,1,1,stimulusMovement,0,nan,nan,0,nan,1,-0.6596786975860596,-0.3597097396850586,1,3.489013671875
22845.408,18,1,1,fixation,1,-0.8379869494173261,-0.3802170157432556,1,3.688323974609375,1,-0.6659370528327094,-0.40689563751220703,1,3.504486083984375
22862.075,18,1,1,fixation,1,-0.8601843184894985,-0.38121044635772705,1,3.4572296142578125,1,-0.663275851143731,-0.34228813648223877,1,3.1593170166015625
22878.741,18,1,1,fixation,0,nan,nan,0,nan,0,nan,nan,0,nan
22895.408,18,1,1,fixation,1,-0.8300008906258477,-0.38256537914276123,1,3.6499481201171875,1,-0.662171443303426,-0.3980703353881836,1,3.4776763916015625
22912.075,18,1,1,fixation,1,-0.8637096004353628,-0.38230180740356445,1,3.4504547119140625,1,-0.6695379151238335,-0.35446327924728394,1,3.1535186767578125
22928.741,18,1,1,fixation,0,nan,nan,0,nan,0,nan,nan,0,nan
22945.408,18,1,1,fixation,1,-0.8232624729474385,-0.37664324045181274,1,3.650604248046875,1,-0.6589982244703504,-0.3611881136894226,1,3.4468841552734375
22962.075,18,1,1,fixation,1,-0.8514499796761407,-0.37934327125549316,1,3.447967529296875,1,-0.6591685348086886,-0.34673893451690674,1,3.1628265380859375
22978.741,18,1,1,fixation,0,nan,nan,0,nan,0,nan,nan,0,nan
22995.408,18,1,1,fixation,1,-0.8328602380222744,-0.3790477514266968,1,3.662384033203125,1,-0.643068446053399,-0.4071967601776123,1,3.532623291015625
23012.075,18,1,1,fixation,1,-0.8441321055094401,-0.37754273414611816,1,3.4334564208984375,1,-0.666157669491238,-0.34377336502075195,1,3.1610565185546875
23028.741,18,1,1,fixation,0,nan,nan,0,nan,0,nan,nan,0,nan
23045.408,18,1,1,fixation,1,-0.8420378201537662,-0.36572468280792236,1,3.62310791015625,1,-0.655959235297309,-0.3630189895629883,1,3.4686431884765625
23062.075,18,1,1,fixation,1,-0.8447285691897074,-0.3724501132965088,1,3.4355926513671875,1,-0.6536266538831922,-0.3395492434501648,1,3.162353515625
23078.741,18,1,1,fixation,0,nan,nan,0,nan,0,nan,nan,0,nan
23095.408,18,1,1,fixation,1,-0.84389681286282,-0.3888282775878906,1,3.6580657958984375,1,-0.6646286646525065,-0.38667571544647217,1,3.4480438232421875
23112.075,18,1,1,fixation,1,-0.9167115125391218,-0.5644177198410034,1,3.442413330078125,1,-0.7252517673704358,-0.5319888591766357,1,3.145843505859375
23128.741,18,1,1,fixation,0,nan,nan,0,nan,0,nan,nan,0,nan
23145.408,18,1,1,fixation,1,-0.9143419166405995,-0.5738409757614136,1,3.6177825927734375,1,-0.7063784864213731,-0.5613131523132324,1,3.3986968994140625
23162.075,18,1,1,fixation,1,-0.918433427810669,-0.6118166446685791,1,3.455413818359375,1,-0.7162100341584947,-0.5661649703979492,1,3.16375732421875
23178.741,18,1,1,fixation,0,nan,nan,0,nan,0,nan,nan,0,nan
23195.408,18,1,1,fixation,0,nan,nan,0,nan,1,-0.7097582022349039,-0.5648832321166992,1,3.4122772216796875
23212.075,18,1,1,fixation,1,-0.9241155650880601,-0.6073410511016846,1,3.4621429443359375,1,-0.7217412922117444,-0.5679045915603638,1,3.1694793701171875
23228.741,18,1,1,fixation,0,nan,nan,0,nan,0,nan,nan,0,nan
23245.408,18,1,1,fixation,1,-0.9094098177221086,-0.595199704170227,1,3.6858062744140625,1,-0.7129766278796725,-0.5726410150527954,1,3.4324493408203125
23262.075,18,1,1,fixation,1,-0.9190760917133755,-0.6079195737838745,1,3.479217529296875,1,-0.7266181707382202,-0.5664517879486084,1,3.17864990234375
23278.741,18,1,1,fixation,0,nan,nan,0,nan,0,nan,nan,0,nan
23295.408,18,1,1,fixation,1,-0.9071112341350979,-0.5771893262863159,1,3.6609039306640625,1,-0.7022144794464111,-0.5668082237243652,1,3.441009521484375
23312.074,18,1,1,fixation,1,-0.8971415667070283,-0.5286500453948975,1,3.4970703125,1,-0.6917833222283257,-0.4740109443664551,1,3.1750030517578125
23328.74,18,1,1,fixation,0,nan,nan,0,nan,0,nan,nan,0,nan
23345.407,18,1,1,fixation,1,-0.8603856199317508,-0.3856726288795471,1,3.72198486328125,1,-0.6606970893012153,-0.37915050983428955,1,3.567169189453125
23362.074,18,1,1,fixation,1,-0.844235940112008,-0.36207258701324463,1,3.51007080078125,1,-0.6690435542000664,-0.32885342836380005,1,3.22662353515625
23378.74,18,1,1,fixation,0,nan,nan,0,nan,0,nan,nan,0,nan
23395.407,18,1,1,fixation,1,-0.843238095442454,-0.36839866638183594,1,3.7203521728515625,1,-0.6661028332180446,-0.3754439353942871,1,3.5526275634765625
23412.074,18,1,1,fixation,1,-0.8543624546792772,-0.3798096776008606,1,3.51629638671875,1,-0.6627703507741292,-0.3406868577003479,1,3.247406005859375
23428.74,18,1,1,fixation,0,nan,nan,0,nan,0,nan,nan,0,nan
23445.407,18,1,1,fixation,1,-0.848937173684438,-0.3657100796699524,1,3.74932861328125,1,-0.6673952076170179,-0.3759775161743164,1,3.5738372802734375
23462.074,18,1,1,fixation,1,-0.852471649646759,-0.3769364356994629,1,3.537689208984375,1,-0.6646841367085774,-0.3370260000228882,1,3.2602081298828125
23478.74,18,1,1,fixation,0,nan,nan,0,nan,0,nan,nan,0,nan
23495.407,18,1,1,fixation,1,-0.851126233736674,-0.375116765499115,1,3.7717132568359375,1,-0.6631263097127278,-0.3799769878387451,1,3.570068359375
23512.074,18,1,1,fixation,1,-0.8491997056537204,-0.3817908763885498,1,3.568450927734375,1,-0.6657718552483453,-0.33268558979034424,1,3.284637451171875
23528.74,18,1,1,fixation,0,nan,nan,0,nan,0,nan,nan,0,nan
23545.407,18,1,1,fixation,1,-0.8297833336724175,-0.3729790449142456,1,3.812835693359375,1,-0.6792559756173028,-0.3837597370147705,1,3.6115570068359375
23562.074,18,1,1,fixation,1,-0.8523232175244225,-0.3782588243484497,1,3.6027374267578125,1,-0.660918288760715,-0.33660954236984253,1,3.32086181640625
23578.74,18,1,1,fixation,0,nan,nan,0,nan,0,nan,nan,0,nan
23595.407,18,1,1,fixation,1,-0.8513783845636579,-0.36302298307418823,1,3.87860107421875,1,-0.6706099510192871,-0.38697803020477295,1,3.649658203125
23612.074,18,1,1,fixation,1,-0.8514382044474283,-0.38187092542648315,1,3.634307861328125,1,-0.6623722712198893,-0.33936381340026855,1,3.348480224609375
23628.74,18,1,1,fixation,0,nan,nan,0,nan,0,nan,nan,0,nan
23645.407,18,1,1,fixation,1,-0.8654266910420523,-0.3818049430847168,1,3.8863983154296875,1,-0.6676447259055244,-0.37843412160873413,1,3.67877197265625
23662.074,18,1,1,fixation,1,-0.8525039023823208,-0.3954503536224365,1,3.6474761962890625,1,-0.674598905775282,-0.3552249073982239,1,3.353179931640625
23678.74,18,1,1,fixation,0,nan,nan,0,nan,0,nan,nan,0,nan
23695.407,18,1,1,fixation,1,-0.8651467263698578,-0.3852277994155884,1,3.8912506103515625,1,-0.667006254196167,-0.4023362398147583,1,3.6375885009765625
23712.074,18,1,1,fixation,1,-0.8564962943394978,-0.39229536056518555,1,3.6184844970703125,1,-0.6677754322687784,-0.3541432023048401,1,3.3318634033203125
23728.74,18,1,1,fixation,0,nan,nan,0,nan,0,nan,nan,0,nan
23745.407,18,1,1,fixation,1,-0.8513742950227525,-0.3949323296546936,1,3.7960052490234375,1,-0.672760632303026,-0.3964703679084778,1,3.5832061767578125
23762.074,18,1,1,fixation,1,-0.8470592200756073,-0.3913361430168152,1,3.571197509765625,1,-0.6723643011516994,-0.3591645359992981,1,3.29388427734375
23778.74,18,1,1,fixation,0,nan,nan,0,nan,0,nan,nan,0,nan
23795.407,18,1,1,fixation,1,-0.8504659699069128,-0.38843977451324463,1,3.7837677001953125,1,-0.6737511290444268,-0.387894868850708,1,3.5848846435546875
23812.074,18,1,1,fixation,1,-0.8460876213179693,-0.38802415132522583,1,3.53875732421875,1,-0.6741289960013496,-0.35704946517944336,1,3.264892578125
23828.74,18,1,1,fixation,0,nan,nan,0,nan,0,nan,nan,0,nan
23845.407,18,1,1,fixation,1,-0.8432219194041357,-0.3828020691871643,1,3.740570068359375,1,-0.6920692788230048,-0.3972749710083008,1,3.57781982421875
23862.073,18,1,1,stimulusMovement,1,-0.8514922791057162,-0.39209306240081787,1,3.5064849853515625,1,-0.6766238742404513,-0.36192750930786133,1,3.2314910888671875
23878.739,18,1,1,stimulusMovement,0,nan,nan,0,nan,0,nan,nan,0,nan
23895.406,18,1,1,stimulusMovement,1,-0.8432912992106543,-0.4016292095184326,1,3.725830078125,1,-0.6817826827367146,-0.4005635976791382,1,3.565277099609375
23912.073,18,1,1,stimulusMovement,1,-0.8481691910160912,-0.42403024435043335,1,3.7624664306640625,1,-0.6884320709440442,-0.3917025923728943,1,3.522216796875
23928.739,18,1,1,stimulusMovement,1,-0.8363124993112352,-0.40307432413101196,1,3.7664031982421875,1,-0.6846545007493761,-0.41980642080307007,1,3.56231689453125
23945.406,18,1,1,stimulusMovement,1,-0.8447215954462687,-0.40912628173828125,1,3.78436279296875,1,-0.690227640999688,-0.39872103929519653,1,3.5256500244140625
23962.073,18,1,1,stimulusMovement,1,-0.8580624295605553,-0.40712428092956543,1,3.753326416015625,1,-0.6863651408089532,-0.3939838409423828,1,3.5548248291015625
23978.739,18,1,1,stimulusMovement,1,-0.8517306115892198,-0.41362905502319336,1,3.7822113037109375,0,nan,nan,0,nan
23995.406,18,1,1,stimulusMovement,1,-0.8479637934101952,-0.4169294238090515,1,3.75616455078125,1,-0.6981435219446818,-0.39899975061416626,1,3.550048828125
24012.073,18,1,1,stimulusMovement,1,-0.8598887688583797,-0.4073294997215271,1,3.7440643310546875,1,-0.6918690999348958,-0.4086405634880066,1,3.539520263671875
24028.739,18,1,1,stimulusMovement,1,-0.8435827361212835,-0.4168928265571594,1,3.7915191650390625,1,-0.7015261650085449,-0.3903238773345947,1,3.5476837158203125
24045.406,18,1,1,stimulusMovement,1,-0.842127737071779,-0.42132568359375,1,3.744232177734375,1,-0.68838279777103,-0.3871312737464905,1,3.518157958984375
24062.073,18,1,1,stimulusMovement,1,-0.846066352393892,-0.41937005519866943,1,3.8037872314453125,0,nan,nan,0,nan
24078.739,18,1,1,stimulusMovement,1,-0.8498152924908532,-0.4201136827468872,1,3.753143310546875,1,-0.7024186849594116,-0.412411630153656,1,3.598480224609375
24095.406,18,1,1,stimulusMovement,1,-0.8603270517455206,-0.4046865701675415,1,3.783111572265625,1,-0.6919116576512654,-0.39871901273727417,1,3.5648651123046875
24112.073,18,1,1,stimulusMovement,1,-0.8545978135532802,-0.4364805817604065,1,3.796356201171875,1,-0.6920114888085259,-0.4142749309539795,1,3.5933380126953125
24128.739,18,1,1,stimulusMovement,1,-0.8377371331055958,-0.41681474447250366,1,3.7818756103515625,1,-0.7080313364664713,-0.3915807008743286,1,3.5733184814453125
24145.406,18,1,1,stimulusMovement,1,-0.8395804829067653,-0.4107186794281006,1,3.8242034912109375,1,-0.6956376367145114,-0.41320908069610596,1,3.605316162109375
24162.073,18,1,1,stimulusMovement,1,-0.8487072719468011,-0.4161914587020874,1,3.845428466796875,1,-0.6861594518025715,-0.39299070835113525,1,3.579345703125
24178.739,18,1,1,stimulusMovement,1,-0.8549529678291744,-0.4116703271865845,1,3.87603759765625,1,-0.6877011325624254,-0.3884009122848511,1,3.613983154296875
24195.406,18,1,1,stimulusMovement,1,-0.8343918257289462,-0.41915369033813477,1,3.8788604736328125,1,-0.6881392796834309,-0.389468252658844,1,3.657379150390625
24212.073,18,1,1,stimulusMovement,1,-0.8625457684199015,-0.4178033471107483,1,3.87139892578125,1,-0.6770814259847004,-0.4162853956222534,1,3.6803741455078125
24228.739,18,1,1,stimulusMovement,1,-0.8642445372210608,-0.41248834133148193,1,3.9148712158203125,1,-0.6883548630608453,-0.4077628254890442,1,3.6531829833984375
24245.406,18,1,1,stimulusMovement,1,-0.8402256071567535,-0.40759873390197754,1,3.887725830078125,1,-0.6810701953040229,-0.39677000045776367,1,3.67138671875
24262.073,18,1,1,stimulusMovement,1,-0.8525159955024719,-0.41769081354141235,1,3.9199066162109375,1,-0.676577885945638,-0.4026132822036743,1,3.707275390625
24278.739,18,1,1,stimulusMovement,1,-0.8383493887053595,-0.4184006452560425,1,4.0034332275390625,1,-0.6783199045393201,-0.37650150060653687,1,3.7022705078125
24295.406,18,1,1,stimulusMovement,1,-0.8252780106332567,-0.3800088167190552,1,3.989990234375,1,-0.6441966162787544,-0.36648643016815186,1,3.7606964111328125
24312.073,18,1,1,stimulusMovement,1,-0.8055051697625054,-0.40738898515701294,1,3.99407958984375,1,-0.6665304501851399,-0.39086437225341797,1,3.7473907470703125
24328.739,18,1,1,stimulusMovement,1,-0.8277433183458116,-0.38442856073379517,1,4.0140228271484375,1,-0.6704156266318427,-0.37106311321258545,1,3.7032470703125
24345.406,18,1,1,stimulusMovement,1,-0.819575998518202,-0.3966065049171448,1,4.0558929443359375,1,-0.6656241416931152,-0.4020533561706543,1,3.7848968505859375
24362.073,18,1,1,stimulusMovement,1,-0.8261004421446058,-0.39795535802841187,1,3.9875030517578125,1,-0.6809252103169758,-0.375924289226532,1,3.775970458984375
24378.739,18,1,1,stimulusMovement,1,-0.8359863857428232,-0.39674633741378784,1,4.0311737060546875,1,-0.6367528968387179,-0.38095009326934814,1,3.8167877197265625
24395.406,18,1,1,stimulusMovement,1,-0.840325289302402,-0.3961549401283264,1,4.043609619140625,1,-0.692546010017395,-0.38089680671691895,1,3.8139801025390625
24412.073,18,1,1,stimulusMovement,1,-0.8560937146345774,-0.40395134687423706,1,4.042388916015625,1,-0.6670345465342203,-0.3736037015914917,1,3.760894775390625
24428.738,18,1,1,stimulusMovement,1,-0.8445309698581696,-0.4034433364868164,1,3.9942169189453125,1,-0.6712023946974012,-0.378798246383667,1,3.7069549560546875
24445.405,18,1,1,stimulusMovement,1,-0.8373625808291965,-0.4089657664299011,1,3.9795989990234375,1,-0.6745635403527154,-0.3767728805541992,1,3.7159423828125
24462.072,18,1,1,stimulusMovement,1,-0.8399772875838809,-0.39669370651245117,1,3.9786224365234375,1,-0.6766727765401204,-0.39027976989746094,1,3.7220611572265625
24478.738,18,1,1,stimulusMovement,1,-0.8277712861696879,-0.4004133343696594,1,3.9639434814453125,1,-0.6803065670861138,-0.3730347752571106,1,3.7423858642578125
24495.405,18,1,1,stimulusMovement,1,-0.8422843118508656,-0.41097623109817505,1,3.9374237060546875,1,-0.6810027493370904,-0.3658512234687805,1,3.6832733154296875
24512.072,18,1,1,stimulusMovement,1,-0.8377095792028638,-0.4050028324127197,1,3.9176788330078125,1,-0.6831408739089966,-0.3757115602493286,1,3.6083831787109375
24528.738,18,1,1,stimulusMovement,1,-0.8234286506970723,-0.4199308753013611,1,3.8176116943359375,1,-0.6717771291732788,-0.37215113639831543,1,3.6039276123046875
24545.404,18,1,1,stimulusMovement,1,-0.8087767627504137,-0.4084669351577759,1,3.85382080078125,1,-0.6780311001671685,-0.3814411759376526,1,3.6084442138671875
24562.071,18,1,1,stimulusMovement,1,-0.8364978134632111,-0.4109189510345459,1,3.8291168212890625,1,-0.6713152064217461,-0.36399686336517334,1,3.5885772705078125
24578.737,18,1,1,stimulusMovement,1,-0.8066205382347107,-0.41037797927856445,1,3.78631591796875,1,-0.6700382232666016,-0.3643592596054077,1,3.560211181640625
24595.404,18,1,1,stimulusMovement,1,-0.8509574035803477,-0.43937838077545166,1,3.7454986572265625,1,-0.6662356588575574,-0.3654704689979553,1,3.5096588134765625
24612.071,18,1,1,stimulusMovement,1,-0.8467587994204626,-0.39987003803253174,1,3.7360992431640625,1,-0.6877129342820909,-0.3955138921737671,1,3.55517578125
24628.737,18,1,1,stimulusMovement,1,-0.8482872645060221,-0.4093196392059326,1,3.7098236083984375,1,-0.679507745636834,-0.37553882598876953,1,3.4766387939453125
24645.404,18,1,1,stimulusMovement,1,-0.8409234020445081,-0.4292028546333313,1,3.6809234619140625,1,-0.666389094458686,-0.38676774501800537,1,3.49884033203125
24662.071,18,1,1,stimulusMovement,1,-0.8424860669506921,-0.4247483015060425,1,3.6854705810546875,1,-0.6706189579433864,-0.4060187339782715,1,3.4913330078125
24678.737,18,1,1,stimulusMovement,1,-0.842777262131373,-0.41638970375061035,1,3.645965576171875,1,-0.6696793768141004,-0.39312922954559326,1,3.47857666015625
24695.404,18,1,1,stimulusMovement,1,-0.8390827344523535,-0.4203006625175476,1,3.617034912109375,1,-0.6701542271508111,-0.3780199885368347,1,3.4292755126953125
24712.07,18,1,1,stimulusMovement,1,-0.8235929210980732,-0.40330326557159424,1,3.5998687744140625,1,-0.6759797069761487,-0.4052077531814575,1,3.4384307861328125
24728.736,18,1,1,stimulusMovement,1,-0.8291638427310519,-0.4203975796699524,1,3.6261749267578125,1,-0.6606234974331325,-0.3846597671508789,1,3.4075775146484375
24745.403,18,1,1,stimulusMovement,1,-0.8383370339870453,-0.39759325981140137,1,3.5322723388671875,0,nan,nan,0,nan
24762.07,18,1,1,stimulusMovement,1,-0.8612917529212103,-0.418565034866333,1,3.5255126953125,1,-0.6746556493971082,-0.4165636897087097,1,3.4719390869140625
24778.736,18,1,1,stimulusMovement,1,-0.8556489447752634,-0.45137202739715576,1,3.6191864013671875,1,-0.6934728092617458,-0.3913158178329468,1,3.3501739501953125
24795.403,18,1,1,stimulusMovement,1,-0.8544516662756602,-0.4338498115539551,1,3.53790283203125,1,-0.6602985329098171,-0.3871390223503113,1,3.36785888671875
24812.07,18,1,1,stimulusMovement,1,-0.8562520245711008,-0.42286455631256104,1,3.5354156494140625,1,-0.6838094923231336,-0.38578569889068604,1,3.328125
24828.736,18,1,1,stimulusMovement,1,-0.8536759416262308,-0.4285498261451721,1,3.565338134765625,1,-0.6845555305480957,-0.3886678218841553,1,3.3204193115234375
24845.403,18,1,1,stimulusMovement,1,-0.8450872103373209,-0.4040663242340088,1,3.49066162109375,0,nan,nan,0,nan
24862.07,18,1,1,stimulusMovement,1,-0.8382246990998585,-0.40342825651168823,1,3.5172119140625,1,-0.6872072749667697,-0.40404510498046875,1,3.343048095703125
24878.735,18,1,1,stimulusMovement,1,-0.8376671870549519,-0.4128979444503784,1,3.470916748046875,1,-0.6633912457360162,-0.37609535455703735,1,3.32489013671875
24895.402,18,1,1,stimulusMovement,1,-0.8827955797314644,-0.43174225091934204,1,3.508880615234375,1,-0.7069707711537678,-0.3918531537055969,1,3.28515625
24912.069,18,1,1,stimulusMovement,1,-0.8551020820935566,-0.4010714292526245,1,3.484344482421875,0,nan,nan,0,nan
24928.735,18,1,1,stimulusMovement,1,-0.8212858173582288,-0.4156303405761719,1,3.484283447265625,1,-0.6884042024612427,-0.3954240083694458,1,3.2711334228515625
24945.402,18,1,1,stimulusMovement,1,-0.8489106131924523,-0.42408937215805054,1,3.4514923095703125,1,-0.6914178662829928,-0.3862643241882324,1,3.2451934814453125
24962.069,18,1,1,stimulusMovement,1,-0.84504211280081,-0.41245830059051514,1,3.4105377197265625,1,-0.6996682617399427,-0.3874732255935669,1,3.2416534423828125
24978.735,18,1,1,stimulusMovement,1,-0.834299365679423,-0.44649964570999146,1,3.5002899169921875,1,-0.7047803534401788,-0.3935694694519043,1,3.2169189453125
24995.401,18,1,1,stimulusMovement,1,-0.8311248554123772,-0.41898131370544434,1,3.4307861328125,0,nan,nan,0,nan
25012.068,18,1,1,stimulusMovement,1,-0.8449413842625088,-0.4205402135848999,1,3.3905792236328125,1,-0.6795629527833726,-0.3743671774864197,1,3.2316436767578125
25028.734,18,1,1,stimulusMovement,1,-0.8397186530960931,-0.403096079826355,1,3.349853515625,1,-0.7114247745937771,-0.4086446762084961,1,3.210174560546875
25045.4,18,1,1,stimulusMovement,1,-0.8495146632194519,-0.41241347789764404,1,3.402069091796875,1,-0.6806160608927408,-0.38926589488983154,1,3.2304229736328125
25062.067,18,1,1,stimulusMovement,1,-0.8307874533865186,-0.42101573944091797,1,3.353546142578125,1,-0.6812041203180949,-0.38261187076568604,1,3.208831787109375
25078.733,18,1,1,stimulusMovement,1,-0.8347238931390973,-0.4396311640739441,1,3.4026947021484375,1,-0.6917141543494331,-0.4132421016693115,1,3.2175750732421875
25095.4,18,1,1,stimulusMovement,1,-0.7144567701551648,-0.44149667024612427,1,3.4747772216796875,1,-0.7039022578133477,-0.4228779077529907,1,3.3168182373046875
25112.067,18,1,1,stimulusMovement,1,-0.7023536231782701,-0.418631911277771,1,3.129852294921875,1,-0.7137212885750664,-0.4173029661178589,1,2.8876953125
25128.733,18,1,1,stimulusMovement,1,-0.7056081162558662,-0.42323070764541626,1,3.122344970703125,1,-0.7175459331936306,-0.413907527923584,1,2.8808441162109375
25145.4,18,1,1,stimulusMovement,1,-0.7017465035120646,-0.42457568645477295,1,3.118194580078125,1,-0.7111486461427476,-0.4189997911453247,1,2.8753509521484375
