timestamp,ID,expOrder,trialNumber,event,lv,lx,ly,lpv,lps,rv,rx,ry,rpv,rps
-1.843,15,1,1,stimulusMovement,1,-0.29115433163113064,-0.0195620059967041,1,2.4209442138671875,1,0.24153433905707464,0.027436375617980957,1,2.5114593505859375
14.812,15,1,1,stimulusMovement,1,-0.27959813012017143,-0.009549617767333984,1,2.417236328125,1,0.24247392018636066,0.028503209352493286,1,2.5151824951171875
31.465,15,1,1,stimulusMovement,1,-0.29343636830647785,-0.014230489730834961,1,2.4032135009765625,1,0.23813152313232422,0.01976141333580017,1,2.514678955078125
48.12,15,1,1,stimulusMovement,1,-0.2891429265340169,-0.018805861473083496,1,2.4222412109375,1,0.24201795789930555,0.0289686918258667,1,2.5015716552734375
64.785,15,1,1,stimulusMovement,1,-0.2879057990180121,-0.01871013641357422,1,2.410491943359375,1,0.22635873158772785,0.032620251178741455,1,2.506439208984375
81.449,15,1,1,stimulusMovement,1,-0.2958863576253255,-0.014236986637115479,1,2.4138946533203125,1,0.2445286644829644,0.025480926036834717,1,2.5055694580078125
98.114,15,1,1,stimulusMovement,1,-0.28999296824137366,-0.01871025562286377,1,2.3896331787109375,1,0.23094664679633245,0.027224600315093994,1,2.4911956787109375
114.779,15,1,1,stimulusMovement,1,-0.2896107037862142,-0.013989806175231934,1,2.3871917724609375,1,0.23870129055447048,0.023116201162338257,1,2.4927520751953125
131.443,15,1,1,stimulusMovement,1,-0.2834644317626953,-0.019915461540222168,1,2.4013671875,1,0.2383594512939453,0.03310289978981018,1,2.4861602783203125
148.108,15,1,1,stimulusMovement,1,-0.2844091521369086,-0.017925262451171875,1,2.4149017333984375,1,0.24244287278917098,0.0267220139503479,1,2.504180908203125
164.773,15,1,1,stimulusMovement,1,-0.2818478478325738,-0.015834450721740723,1,2.40179443359375,1,0.2365467283460829,0.023143738508224487,1,2.4986572265625
181.437,15,1,1,stimulusMovement,1,-0.2811197704739041,-0.01744389533996582,1,2.423248291015625,1,0.23637326558430988,0.01793074607849121,1,2.5393829345703125
198.105,15,1,1,stimulusMovement,1,-0.28360440995958114,-0.012972593307495117,1,2.3946533203125,1,0.23990419175889754,0.032070279121398926,1,2.49908447265625
214.775,15,1,1,stimulusMovement,1,-0.28799141777886283,-0.021901965141296387,1,2.39068603515625,1,0.23301188151041666,0.02663099765777588,1,2.5238189697265625
231.444,15,1,1,stimulusMovement,1,-0.29306915071275497,-0.01700073480606079,1,2.3943023681640625,1,0.24547788831922743,0.021434307098388672,1,2.500274658203125
248.111,15,1,1,stimulusMovement,1,-0.28110165066189235,-0.017633676528930664,1,2.3918609619140625,1,0.2424706353081597,0.023140251636505127,1,2.5120697021484375
264.776,15,1,1,stimulusMovement,1,-0.28374168607923717,-0.012924790382385254,1,2.3997802734375,1,0.22533861796061197,0.024912476539611816,1,2.5007476806640625
281.441,15,1,1,stimulusMovement,1,-0.2869851324293348,-0.020062923431396484,1,2.3748779296875,1,0.24166742960611978,0.024610698223114014,1,2.5016021728515625
298.117,15,1,1,stimulusMovement,1,-0.2909672525193956,-0.023523926734924316,1,2.3874969482421875,1,0.22948296864827472,0.025419265031814575,1,2.47442626953125
314.796,15,1,1,stimulusMovement,1,-0.2858759032355414,-0.024774789810180664,1,2.398590087890625,1,0.22979842291937932,0.03085768222808838,1,2.481353759765625
331.475,15,1,1,stimulusMovement,1,-0.2811701562669542,-0.020476579666137695,1,2.3868865966796875,1,0.23337968190511066,0.025904089212417603,1,2.47882080078125
348.144,15,1,1,stimulusMovement,1,-0.28579680124918616,-0.021518588066101074,1,2.376190185546875,1,0.23701752556694877,0.027757585048675537,1,2.4749908447265625
364.811,15,1,1,stimulusMovement,1,-0.2865310245090061,-0.018742144107818604,1,2.382781982421875,1,0.24573728773328993,0.022917449474334717,1,2.477752685546875
381.477,15,1,1,stimulusMovement,1,-0.28040070003933376,-0.018581807613372803,1,2.36846923828125,1,0.24332502153184676,0.024356693029403687,1,2.4760894775390625
398.143,15,1,1,stimulusMovement,1,-0.2797955407036675,-0.0218733549118042,1,2.3546142578125,1,0.2330167558458116,0.018451571464538574,1,2.468292236328125
414.809,15,1,1,stimulusMovement,1,-0.28681257035997176,-0.02451986074447632,1,2.3653564453125,1,0.2419923146565755,0.026753008365631104,1,2.4752044677734375
431.474,15,1,1,stimulusMovement,1,-0.2913986841837565,-0.016597509384155273,1,2.3565216064453125,1,0.23857402801513672,0.03182181715965271,1,2.452880859375
448.141,15,1,1,stimulusMovement,1,-0.2959180408053928,-0.020712316036224365,1,2.374664306640625,1,0.23430633544921875,0.02252405881881714,1,2.461212158203125
464.808,15,1,1,stimulusMovement,1,-0.2789701885647244,-0.014381587505340576,1,2.348297119140625,1,0.23766952090793184,0.02270415425300598,1,2.4630889892578125
481.474,15,1,1,stimulusMovement,1,-0.28092193603515625,-0.01677727699279785,1,2.3583221435546875,1,0.23944547441270614,0.030490458011627197,1,2.4909820556640625
498.133,15,1,1,stimulusMovement,1,-0.28570206960042316,-0.022161245346069336,1,2.3629150390625,1,0.23555978139241535,0.03099963068962097,1,2.4526824951171875
514.792,15,1,1,stimulusMovement,1,-0.2952925364176432,-0.025109469890594482,1,2.3940277099609375,1,0.2344800101386176,0.030124664306640625,1,2.4370574951171875
531.449,15,1,1,stimulusMovement,1,-0.28615909152560765,-0.02095085382461548,1,2.3672027587890625,1,0.22779803805881074,0.030645638704299927,1,2.440582275390625
548.115,15,1,1,stimulusMovement,1,-0.28835466172960067,-0.015314638614654541,1,2.3539276123046875,1,0.24078453911675346,0.03169751167297363,1,2.4271697998046875
564.781,15,1,1,stimulusMovement,1,-0.28629091050889754,-0.010590970516204834,1,2.3292083740234375,1,0.24769327375623915,0.02603796124458313,1,2.4280853271484375
581.446,15,1,1,stimulusMovement,1,-0.2878648440043131,-0.020977675914764404,1,2.3651275634765625,1,0.23776255713568792,0.029801547527313232,1,2.4273529052734375
598.112,15,1,1,stimulusMovement,1,-0.28655613793267143,-0.02480602264404297,1,2.3295745849609375,1,0.24719132317437065,0.03169330954551697,1,2.4487152099609375
614.778,15,1,1,stimulusMovement,1,-0.2857137256198459,-0.017961859703063965,1,2.3447418212890625,1,0.2434353298611111,0.028305351734161377,1,2.4337310791015625
631.444,15,1,1,stimulusMovement,1,-0.28408251868353945,-0.015251100063323975,1,2.332183837890625,1,0.24783664279513887,0.022374361753463745,1,2.4574737548828125
648.111,15,1,1,stimulusMovement,1,-0.2792022493150499,-0.01899886131286621,1,2.323455810546875,1,0.23239178127712673,0.02863946557044983,1,2.42327880859375
664.777,15,1,1,stimulusMovement,1,-0.2909904056125217,-0.015102863311767578,1,2.3431854248046875,1,0.24134699503580728,0.029185980558395386,1,2.429962158203125
681.442,15,1,1,stimulusMovement,1,-0.28442038430107963,-0.023216545581817627,1,2.3431243896484375,1,0.2377587424384223,0.03222304582595825,1,2.414337158203125
698.104,15,1,1,stimulusMovement,1,-0.2872292730543348,-0.018815159797668457,1,2.34356689453125,1,0.2436863581339518,0.030391037464141846,1,2.437957763671875
714.765,15,1,1,stimulusMovement,1,-0.2793656984965006,-0.018151164054870605,1,2.3180389404296875,1,0.2508506774902344,0.028756141662597656,1,2.422760009765625
731.425,15,1,1,stimulusMovement,1,-0.28970215055677623,-0.02119278907775879,1,2.34307861328125,1,0.24094009399414062,0.014567971229553223,1,2.4250946044921875
748.09,15,1,1,stimulusMovement,1,-0.28952980041503906,-0.01970142126083374,1,2.328826904296875,1,0.23771900600857204,0.027151376008987427,1,2.4301910400390625
764.756,15,1,1,stimulusMovement,1,-0.29113229115804035,-0.0193556547164917,1,2.346160888671875,1,0.23096635606553817,0.030185043811798096,1,2.4012298583984375
781.421,15,1,1,stimulusMovement,1,-0.28535768720838756,-0.011448502540588379,1,2.320220947265625,1,0.23790550231933594,0.024512946605682373,1,2.4145355224609375
798.089,15,1,1,stimulusMovement,1,-0.284997198316786,-0.01987290382385254,1,2.3160247802734375,1,0.23663944668240017,0.030557572841644287,1,2.417999267578125
814.757,15,1,1,stimulusMovement,1,-0.2848701477050781,-0.02116262912750244,1,2.2989044189453125,1,0.24528185526529947,0.030534058809280396,1,2.4229736328125
831.425,15,1,1,stimulusMovement,1,-0.29130034976535374,-0.010239958763122559,1,2.333465576171875,1,0.24633969200981987,0.030989468097686768,1,2.44451904296875
848.092,15,1,1,stimulusMovement,1,-0.286013921101888,-0.02062833309173584,1,2.3135833740234375,1,0.24799156188964844,0.03185302019119263,1,2.4268035888671875
864.758,15,1,1,stimulusMovement,1,-0.28623930613199866,-0.019026577472686768,1,2.3074493408203125,1,0.24081007639567056,0.025858372449874878,1,2.4208526611328125
881.423,15,1,1,stimulusMovement,1,-0.28802140553792316,-0.01928466558456421,1,2.33551025390625,1,0.24889257219102645,0.03520733118057251,1,2.4154205322265625
898.09,15,1,1,stimulusMovement,1,-0.28933048248291016,-0.014207303524017334,1,2.339691162109375,1,0.24701627095540363,0.03125232458114624,1,2.4476470947265625
914.757,15,1,1,stimulusMovement,1,-0.2896592881944444,-0.017447829246520996,1,2.3119659423828125,1,0.24379009670681423,0.038586974143981934,1,2.4344482421875
931.424,15,1,1,stimulusMovement,1,-0.2841939926147461,-0.01937878131866455,1,2.351470947265625,1,0.2505275938245985,0.028876185417175293,1,2.4370574951171875
948.092,15,1,1,stimulusMovement,1,-0.2768526077270508,-0.01739323139190674,1,2.30926513671875,1,0.23822349972195095,0.035160064697265625,1,2.436309814453125
964.759,15,1,1,stimulusMovement,1,-0.28098392486572266,-0.01793760061264038,1,2.33026123046875,1,0.24862819247775605,0.032274454832077026,1,2.4305572509765625
981.426,15,1,1,stimulusMovement,1,-0.2821412616305881,-0.01937311887741089,1,2.330780029296875,1,0.2430495156182183,0.035825103521347046,1,2.419708251953125
998.093,15,1,1,stimulusMovement,1,-0.2800918155246311,-0.009144365787506104,1,2.3277587890625,1,0.24712191687689886,0.02887284755706787,1,2.4379119873046875
1014.759,15,1,1,stimulusMovement,1,-0.2883493105570475,-0.01721280813217163,1,2.3338470458984375,1,0.24478785196940103,0.032937049865722656,1,2.4154052734375
1031.425,15,1,1,stimulusMovement,1,-0.2920287450154622,-0.016827166080474854,1,2.34832763671875,1,0.24468835194905597,0.02973809838294983,1,2.425811767578125
1048.091,15,1,1,stimulusMovement,1,-0.28602155049641925,-0.01255100965499878,1,2.3443756103515625,1,0.24768596225314668,0.03075885772705078,1,2.4451141357421875
1064.757,15,1,1,stimulusMovement,1,-0.2829069031609429,-0.017198801040649414,1,2.3561553955078125,1,0.24556891123453775,0.03682827949523926,1,2.4323883056640625
1081.422,15,1,1,stimulusMovement,1,-0.2903029123942057,-0.01573413610458374,1,2.3427734375,1,0.24560695224338105,0.0361706018447876,1,2.4078826904296875
1098.087,15,1,1,stimulusMovement,1,-0.2940704027811686,-0.016958892345428467,1,2.3511505126953125,1,0.24677658081054688,0.032840609550476074,1,2.427947998046875
1114.754,15,1,1,stimulusMovement,1,-0.28162574768066406,-0.01892465353012085,1,2.3692169189453125,1,0.2505079905192057,0.0327242910861969,1,2.41827392578125
1131.419,15,1,1,stimulusMovement,1,-0.29826566908094615,-0.016051292419433594,1,2.35272216796875,1,0.252166748046875,0.03725677728652954,1,2.40997314453125
1148.084,15,1,1,stimulusMovement,1,-0.2930914031134711,-0.01502227783203125,1,2.336212158203125,1,0.252619637383355,0.038638561964035034,1,2.4373016357421875
1164.75,15,1,1,stimulusMovement,1,-0.28397613101535374,-0.016811013221740723,1,2.3704376220703125,1,0.25555260976155597,0.03038156032562256,1,2.4312286376953125
1181.416,15,1,1,stimulusMovement,1,-0.28172127405802405,-0.010083556175231934,1,2.33935546875,1,0.24240419599745008,0.03395196795463562,1,2.4352569580078125
1198.081,15,1,1,stimulusMovement,1,-0.28807682461208767,-0.007069289684295654,1,2.3289031982421875,1,0.2379589080810547,0.038960158824920654,1,2.423004150390625
1214.747,15,1,1,stimulusMovement,1,-0.2870183520846897,-0.007917702198028564,1,2.3430633544921875,1,0.24660587310791016,0.03573465347290039,1,2.4290771484375
1231.412,15,1,1,stimulusMovement,1,-0.28518984052870006,-0.009639918804168701,1,2.324127197265625,1,0.24380429585774738,0.035967469215393066,1,2.430206298828125
1248.077,15,1,1,stimulusMovement,1,-0.28709888458251953,-0.009176790714263916,1,2.3323211669921875,1,0.24700143602159286,0.030556857585906982,1,2.4260406494140625
1264.744,15,1,1,stimulusMovement,1,-0.28591797086927623,-0.005674481391906738,1,2.353759765625,1,0.25159051683213973,0.033896565437316895,1,2.41455078125
1281.409,15,1,1,stimulusMovement,1,-0.28566890292697483,-0.007079958915710449,1,2.348236083984375,1,0.2555281321207682,0.038524776697158813,1,2.42559814453125
1298.075,15,1,1,stimulusMovement,1,-0.28177330229017467,-0.0023779869079589844,1,2.3067626953125,1,0.252081553141276,0.02958613634109497,1,2.4396209716796875
1314.741,15,1,1,stimulusMovement,1,-0.28643067677815753,-0.015605390071868896,1,2.33984375,1,0.24851544698079425,0.029410183429718018,1,2.4190216064453125
1331.406,15,1,1,stimulusMovement,1,-0.28587717480129665,-0.015729784965515137,1,2.3421630859375,1,0.2505323621961805,0.03161579370498657,1,2.41900634765625
1348.072,15,1,1,stimulusMovement,1,-0.2814445495605469,-0.012156009674072266,1,2.3307647705078125,1,0.2461078431871202,0.032144695520401,1,2.4053802490234375
1364.738,15,1,1,stimulusMovement,1,-0.29343763987223304,-0.008668661117553711,1,2.3451995849609375,1,0.24479760064019096,0.03848534822463989,1,2.4121856689453125
1381.404,15,1,1,stimulusMovement,1,-0.2844420539008246,-0.012003839015960693,1,2.3552703857421875,1,0.2555265426635742,0.03554177284240723,1,2.431427001953125
1398.07,15,1,1,stimulusMovement,1,-0.2735271453857422,-0.0073719024658203125,1,2.313568115234375,1,0.24981519911024305,0.029623568058013916,1,2.42547607421875
1414.736,15,1,1,stimulusMovement,1,-0.28396161397298175,-0.008049488067626953,1,2.322845458984375,1,0.2524713940090603,0.03228276968002319,1,2.4334564208984375
1431.401,15,1,1,stimulusMovement,1,-0.28432835472954643,-0.014327645301818848,1,2.35107421875,1,0.2401712205674913,0.03796541690826416,1,2.4299163818359375
1448.067,15,1,1,stimulusMovement,1,-0.28508737352159286,-0.018618285655975342,1,2.34503173828125,1,0.23743226793077254,0.037584543228149414,1,2.4169464111328125
1464.733,15,1,1,stimulusMovement,1,-0.28919855753580725,-0.016398191452026367,1,2.3493194580078125,1,0.245351685418023,0.036017000675201416,1,2.4414825439453125
1481.399,15,1,1,stimulusMovement,1,-0.2902768982781304,-0.01661217212677002,1,2.355743408203125,1,0.23476102617051864,0.042893558740615845,1,2.4414215087890625
1498.065,15,1,1,stimulusMovement,1,-0.28347767723931205,-0.010404407978057861,1,2.337860107421875,1,0.2426823510064019,0.04056563973426819,1,2.435272216796875
1514.732,15,1,1,stimulusMovement,1,-0.28447002834743923,-0.015662431716918945,1,2.3465576171875,1,0.24272579616970485,0.04085001349449158,1,2.4566802978515625
1531.398,15,1,1,stimulusMovement,1,-0.28797276814778644,-0.016556620597839355,1,2.3781890869140625,1,0.2431537840101454,0.037544041872024536,1,2.4547576904296875
1548.065,15,1,1,stimulusMovement,1,-0.2883256806267632,-0.014623880386352539,1,2.3783721923828125,1,0.2510587904188368,0.0341724157333374,1,2.4546356201171875
1564.732,15,1,1,stimulusMovement,1,-0.2913169331020779,-0.014199137687683105,1,2.37225341796875,1,0.23944727579752603,0.0370369553565979,1,2.46527099609375
1581.399,15,1,1,fixation,1,-0.29161591000027126,-0.005001962184906006,1,2.3785247802734375,1,0.2419107225206163,0.03883972764015198,1,2.4831085205078125
1598.066,15,1,1,fixation,1,-0.2249983681572808,-0.03626835346221924,1,2.2298431396484375,1,0.21641593509250215,0.01494741439819336,1,2.32269287109375
1614.734,15,1,1,fixation,1,-0.27422777811686194,-0.043865978717803955,1,2.251617431640625,1,0.1719547907511393,0.016472935676574707,1,2.3192138671875
1631.4,15,1,1,fixation,0,nan,nan,0,nan,0,nan,nan,0,nan
1648.067,15,1,1,fixation,1,-0.2830683390299479,-0.018004238605499268,1,2.419158935546875,1,0.24132982889811197,0.02816075086593628,1,2.516143798828125
1664.735,15,1,1,fixation,1,-0.22592173682318792,-0.03799170255661011,1,2.26275634765625,1,0.21507644653320312,0.010934948921203613,1,2.3633575439453125
1681.402,15,1,1,fixation,1,-0.27459340625339085,-0.048613667488098145,1,2.2965545654296875,1,0.17409695519341362,0.014637410640716553,1,2.34930419921875
1698.069,15,1,1,fixation,0,nan,nan,0,nan,0,nan,nan,0,nan
1714.736,15,1,1,fixation,1,-0.293880197736952,-0.022278964519500732,1,2.4592742919921875,1,0.22982131110297307,0.03191643953323364,1,2.5462493896484375
1731.403,15,1,1,fixation,1,-0.22316413455539277,-0.04594939947128296,1,2.3042449951171875,1,0.2122020721435547,0.012880921363830566,1,2.38800048828125
1748.07,15,1,1,fixation,1,-0.27472586101955837,-0.049952030181884766,1,2.3350677490234375,1,0.17149660322401258,0.012668043375015259,1,2.3886871337890625
1764.738,15,1,1,fixation,0,nan,nan,0,nan,0,nan,nan,0,nan
1781.406,15,1,1,fixation,1,-0.28705257839626735,-0.01839303970336914,1,2.4908447265625,1,0.2286442650689019,0.023479044437408447,1,2.5977935791015625
1798.073,15,1,1,fixation,1,-0.2304372787475586,-0.03919064998626709,1,2.3367462158203125,1,0.2131373087565104,0.005224287509918213,1,2.433441162109375
1814.74,15,1,1,fixation,1,-0.2766280174255371,-0.047304511070251465,1,2.3665618896484375,1,0.1689640680948893,0.012144297361373901,1,2.4166412353515625
1831.407,15,1,1,fixation,0,nan,nan,0,nan,0,nan,nan,0,nan
1848.074,15,1,1,fixation,1,-0.2870270411173502,-0.021116793155670166,1,2.562255859375,1,0.2425390879313151,0.02648407220840454,1,2.62139892578125
1864.743,15,1,1,fixation,1,-0.23103804058498806,-0.03941082954406738,1,2.3754730224609375,1,0.20996305677625868,0.0070037841796875,1,2.4727630615234375
1881.409,15,1,1,fixation,1,-0.276937378777398,-0.04757118225097656,1,2.3921051025390625,1,0.16974512736002603,0.00912579894065857,1,2.4577789306640625
1898.077,15,1,1,fixation,0,nan,nan,0,nan,0,nan,nan,0,nan
1914.743,15,1,1,fixation,1,-0.29986784193250865,-0.029543042182922363,1,2.6024627685546875,1,0.22861989339192706,0.030197739601135254,1,2.64044189453125
1931.409,15,1,1,fixation,1,-0.23024527231852213,-0.04142880439758301,1,2.404632568359375,1,0.2114603254530165,0.004768967628479004,1,2.5056915283203125
1948.075,15,1,1,fixation,1,-0.2767785390218099,-0.04834461212158203,1,2.423980712890625,1,0.16956700219048393,0.009400367736816406,1,2.494171142578125
1964.742,15,1,1,fixation,0,nan,nan,0,nan,0,nan,nan,0,nan
1981.408,15,1,1,fixation,1,-0.2929079797532823,-0.02901315689086914,1,2.6044158935546875,1,0.24073028564453125,0.01729637384414673,1,2.703399658203125
1998.074,15,1,1,fixation,1,-0.22893179787529838,-0.03311347961425781,1,2.4374847412109375,1,0.21218914455837673,0.002369999885559082,1,2.5338134765625
2014.74,15,1,1,fixation,1,-0.28098058700561523,-0.05152177810668945,1,2.4580230712890625,1,0.16952451070149738,0.003543287515640259,1,2.52685546875
2031.406,15,1,1,fixation,0,nan,nan,0,nan,0,nan,nan,0,nan
2048.072,15,1,1,fixation,1,-0.2934804492526584,-0.03656268119812012,1,2.6490936279296875,1,0.23922072516547307,0.025889843702316284,1,2.70556640625
2064.739,15,1,1,fixation,1,-0.2297530174255371,-0.03717672824859619,1,2.4693603515625,1,0.21308305528428817,-0.0004163384437561035,1,2.5690765380859375
2081.404,15,1,1,fixation,1,-0.27616532643636066,-0.05611836910247803,1,2.496490478515625,1,0.16906187269422743,0.004260241985321045,1,2.558380126953125
2098.071,15,1,1,fixation,0,nan,nan,0,nan,0,nan,nan,0,nan
2114.737,15,1,1,fixation,1,-0.2900047302246094,-0.022826552391052246,1,2.6614837646484375,1,0.2415708965725369,0.018723905086517334,1,2.73211669921875
2131.403,15,1,1,fixation,1,-0.2250942654079861,-0.04513031244277954,1,2.49298095703125,1,0.2128915786743164,-0.0025794506072998047,1,2.5954132080078125
2148.069,15,1,1,fixation,1,-0.2769850624932183,-0.05264139175415039,1,2.51220703125,1,0.169234381781684,0.007553070783615112,1,2.5772857666015625
2164.736,15,1,1,fixation,0,nan,nan,0,nan,0,nan,nan,0,nan
2181.402,15,1,1,fixation,1,-0.29071595933702254,-0.028497755527496338,1,2.693115234375,1,0.2327514224582248,0.021763622760772705,1,2.759796142578125
2198.068,15,1,1,fixation,1,-0.22205421659681532,-0.045947253704071045,1,2.514556884765625,1,0.21367518107096353,0.0023419857025146484,1,2.6088714599609375
2214.734,15,1,1,fixation,1,-0.2777666515774197,-0.049768805503845215,1,2.5301666259765625,1,0.16768307156032985,0.005642354488372803,1,2.6017303466796875
2231.4,15,1,1,fixation,0,nan,nan,0,nan,0,nan,nan,0,nan
2248.066,15,1,1,fixation,1,-0.29374228583441836,-0.021262645721435547,1,2.6907501220703125,1,0.23871050940619573,0.0161551833152771,1,2.7753753662109375
2264.733,15,1,1,fixation,1,-0.22618982526991102,-0.04406768083572388,1,2.5189666748046875,1,0.2127555211385091,0.0020183920860290527,1,2.61590576171875
2281.398,15,1,1,fixation,1,-0.2788781060112847,-0.05022406578063965,1,2.52813720703125,1,0.17083072662353516,0.005579650402069092,1,2.5993194580078125
2298.065,15,1,1,fixation,0,nan,nan,0,nan,0,nan,nan,0,nan
2314.731,15,1,1,fixation,1,-0.28754377365112305,-0.02393472194671631,1,2.6797943115234375,1,0.22704823811848956,0.01731419563293457,1,2.7899322509765625
2331.397,15,1,1,fixation,1,-0.22569921281602645,-0.041895925998687744,1,2.4994659423828125,1,0.21581459045410156,-0.0023160576820373535,1,2.6141357421875
2348.063,15,1,1,fixation,1,-0.2795006434122721,-0.04719024896621704,1,2.51654052734375,1,0.16845777299669054,0.009184449911117554,1,2.590179443359375
2364.73,15,1,1,fixation,0,nan,nan,0,nan,0,nan,nan,0,nan
2381.396,15,1,1,fixation,1,-0.28660186131795246,-0.019327282905578613,1,2.673736572265625,1,0.23413636949327254,0.029268860816955566,1,2.7617645263671875
2398.062,15,1,1,fixation,1,-0.22511068979899088,-0.042081236839294434,1,2.488311767578125,1,0.21180301242404512,0.0030223727226257324,1,2.59661865234375
2414.728,15,1,1,fixation,1,-0.2781652874416775,-0.045759737491607666,1,2.501861572265625,1,0.16731463538275823,0.00856626033782959,1,2.5804595947265625
2431.394,15,1,1,fixation,0,nan,nan,0,nan,0,nan,nan,0,nan
2448.06,15,1,1,fixation,1,-0.29110463460286456,-0.02507936954498291,1,2.6538543701171875,1,0.23575655619303384,0.028886348009109497,1,2.749664306640625
2464.727,15,1,1,fixation,1,-0.2214983304341634,-0.045464932918548584,1,2.481292724609375,1,0.21646944681803384,0.004952162504196167,1,2.5926361083984375
2481.392,15,1,1,fixation,1,-0.27918391757541233,-0.046337127685546875,1,2.4945068359375,1,0.16978062523735893,0.009091377258300781,1,2.578704833984375
2498.059,15,1,1,fixation,0,nan,nan,0,nan,0,nan,nan,0,nan
2514.725,15,1,1,fixation,1,-0.29191335042317706,-0.02388584613800049,1,2.686126708984375,1,0.2368814680311415,0.030123591423034668,1,2.76177978515625
2531.391,15,1,1,fixation,1,-0.2225258085462782,-0.04510420560836792,1,2.4812469482421875,1,0.2186260223388672,0.0014505982398986816,1,2.60260009765625
2548.057,15,1,1,fixation,1,-0.2791971630520291,-0.04460287094116211,1,2.4877777099609375,1,0.1726158989800347,0.007017314434051514,1,2.579986572265625
2564.724,15,1,1,fixation,0,nan,nan,0,nan,0,nan,nan,0,nan
2581.39,15,1,1,fixation,1,-0.2852774726019965,-0.023867666721343994,1,2.6569976806640625,1,0.2418515947129991,0.02875131368637085,1,2.7554168701171875
2598.056,15,1,1,fixation,1,-0.22762780719333223,-0.0373988151550293,1,2.476470947265625,1,0.21846220228407118,-0.0010700225830078125,1,2.5998077392578125
2614.722,15,1,1,fixation,1,-0.2797062661912706,-0.045694708824157715,1,2.4939727783203125,1,0.17433283064100477,0.00569462776184082,1,2.58538818359375
2631.388,15,1,1,fixation,0,nan,nan,0,nan,0,nan,nan,0,nan
2648.054,15,1,1,fixation,1,-0.2784460385640462,-0.01970493793487549,1,2.66156005859375,1,0.23886754777696395,0.024568915367126465,1,2.76568603515625
2664.721,15,1,1,fixation,1,-0.2241369883219401,-0.049249887466430664,1,2.4833221435546875,1,0.2178198496500651,-0.00012809038162231445,1,2.59844970703125
2681.386,15,1,1,fixation,1,-0.28069941202799475,-0.04636341333389282,1,2.4937591552734375,1,0.17275767856174043,0.004150092601776123,1,2.5838165283203125
2698.053,15,1,1,fixation,0,nan,nan,0,nan,0,nan,nan,0,nan
2714.719,15,1,1,fixation,1,-0.29667652977837455,-0.019178450107574463,1,2.6684722900390625,1,0.24580415089925128,0.017675697803497314,1,2.7707366943359375
2731.385,15,1,1,fixation,1,-0.2242657873365614,-0.046108245849609375,1,2.4862823486328125,1,0.2153273688422309,0.0029342174530029297,1,2.6036529541015625
2748.051,15,1,1,fixation,1,-0.27639807595147026,-0.046309471130371094,1,2.4943389892578125,1,0.17136160532633463,0.0069773197174072266,1,2.586273193359375
2764.718,15,1,1,fixation,0,nan,nan,0,nan,0,nan,nan,0,nan
2781.384,15,1,1,fixation,1,-0.289444022708469,-0.018929243087768555,1,2.6657257080078125,1,0.23982482486300996,0.020430684089660645,1,2.768707275390625
2798.05,15,1,1,fixation,1,-0.2245372136433919,-0.03924572467803955,1,2.4901885986328125,1,0.21331553988986543,0.0010609030723571777,1,2.60650634765625
2814.716,15,1,1,fixation,1,-0.27590815226236975,-0.05150175094604492,1,2.508056640625,1,0.16906282636854383,0.0030561089515686035,1,2.5971832275390625
2831.382,15,1,1,fixation,0,nan,nan,0,nan,0,nan,nan,0,nan
2848.048,15,1,1,fixation,1,-0.28810665342542857,-0.015535175800323486,1,2.6847076416015625,1,0.24072562323676214,0.036461710929870605,1,2.7943572998046875
2864.715,15,1,1,fixation,1,-0.2226395606994629,-0.04308992624282837,1,2.508026123046875,1,0.21454429626464844,0.008206605911254883,1,2.628173828125
2881.38,15,1,1,fixation,1,-0.2776961856418186,-0.04378575086593628,1,2.5243682861328125,1,0.17114745246039495,0.016655027866363525,1,2.620269775390625
2898.047,15,1,1,stimulusMovement,0,nan,nan,0,nan,0,nan,nan,0,nan
2914.713,15,1,1,stimulusMovement,1,-0.2915255228678385,-0.011977016925811768,1,2.7042236328125,1,0.23599179585774738,0.02605205774307251,1,2.8236083984375
2931.379,15,1,1,stimulusMovement,1,-0.29818810356987846,-0.01927351951599121,1,2.70849609375,1,0.2358192867702908,0.02427375316619873,1,2.8231964111328125
2948.045,15,1,1,stimulusMovement,1,-0.2856624391343858,-0.02917194366455078,1,2.7081298828125,1,0.23560036553276908,0.03720659017562866,1,2.83392333984375
2964.712,15,1,1,stimulusMovement,1,-0.2929146024915907,-0.013045072555541992,1,2.7083892822265625,1,0.2247142791748047,0.027986794710159302,1,2.8362274169921875
2981.378,15,1,1,stimulusMovement,1,-0.2856908374362522,-0.01021730899810791,1,2.7156524658203125,1,0.22458691067165798,0.02414727210998535,1,2.8519287109375
2998.047,15,1,1,stimulusMovement,1,-0.292650752597385,-0.017957091331481934,1,2.7216339111328125,1,0.23282665676540798,0.03386804461479187,1,2.8296966552734375
3014.715,15,1,1,stimulusMovement,1,-0.2853801515367296,-0.027672529220581055,1,2.7472381591796875,1,0.22216934627956814,0.030839204788208008,1,2.84307861328125
3031.383,15,1,1,stimulusMovement,1,-0.2871402104695638,-0.023116469383239746,1,2.742523193359375,1,0.2429570092095269,0.032495319843292236,1,2.861724853515625
3048.051,15,1,1,stimulusMovement,1,-0.29704327053493923,-0.021898627281188965,1,2.7336273193359375,1,0.23403549194335938,0.02381780743598938,1,2.852630615234375
3064.72,15,1,1,stimulusMovement,1,-0.28634781307644314,-0.0194779634475708,1,2.746551513671875,1,0.21554417080349392,0.03355112671852112,1,2.8748016357421875
3081.387,15,1,1,stimulusMovement,1,-0.2920246654086643,-0.009749650955200195,1,2.729278564453125,1,0.22603374057345918,0.026344001293182373,1,2.8512725830078125
3098.056,15,1,1,stimulusMovement,1,-0.29543770684136283,-0.033364176750183105,1,2.7788543701171875,1,0.23526043362087673,0.02520352602005005,1,2.885467529296875
3114.725,15,1,1,stimulusMovement,1,-0.3031577534145779,-0.025245845317840576,1,2.7903900146484375,1,0.21986283196343315,0.030030667781829834,1,2.8758087158203125
3131.393,15,1,1,stimulusMovement,1,-0.3042356703016493,-0.027605533599853516,1,2.83056640625,1,0.22538926866319442,0.027150869369506836,1,2.879425048828125
3148.061,15,1,1,stimulusMovement,1,-0.29381863276163733,-0.03151315450668335,1,2.8136749267578125,1,0.2284704844156901,0.030829906463623047,1,2.88262939453125
3164.73,15,1,1,stimulusMovement,1,-0.30310148662990993,-0.04269593954086304,1,2.8540802001953125,1,0.2294461992051866,0.030826687812805176,1,2.89715576171875
3181.397,15,1,1,stimulusMovement,1,-0.29352113935682506,-0.028868794441223145,1,2.8220062255859375,1,0.23147434658474392,0.0261610746383667,1,2.9018402099609375
3198.066,15,1,1,stimulusMovement,1,-0.2898199293348524,-0.02611154317855835,1,2.8081207275390625,1,0.224092165629069,0.023096323013305664,1,2.9261932373046875
3214.735,15,1,1,stimulusMovement,1,-0.2981884744432237,-0.03177988529205322,1,2.82989501953125,1,0.22572994232177734,0.014969080686569214,1,2.9551239013671875
3231.403,15,1,1,stimulusMovement,1,-0.30047644509209526,-0.03118675947189331,1,2.862457275390625,1,0.22394328647189668,0.017549633979797363,1,2.944122314453125
3248.072,15,1,1,stimulusMovement,1,-0.2890384991963704,-0.0338592529296875,1,2.8699951171875,1,0.22206719716389972,0.018815189599990845,1,2.954803466796875
3264.741,15,1,1,stimulusMovement,1,-0.2977681689792209,-0.02173006534576416,1,2.8811187744140625,1,0.22126420338948566,0.022016674280166626,1,2.973175048828125
3281.408,15,1,1,stimulusMovement,1,-0.2971488104926215,-0.03179854154586792,1,2.8957672119140625,1,0.23326820797390407,0.024356305599212646,1,2.96600341796875
3298.077,15,1,1,stimulusMovement,1,-0.2898528840806749,-0.031066834926605225,1,2.8821258544921875,1,0.21641921997070312,0.016978472471237183,1,2.978759765625
3314.747,15,1,1,stimulusMovement,1,-0.29386292563544375,-0.030392110347747803,1,2.9186859130859375,1,0.22083504994710285,0.011930882930755615,1,3.0012359619140625
3331.415,15,1,1,stimulusMovement,1,-0.29494280285305446,-0.03376734256744385,1,2.91754150390625,1,0.22725984785291883,0.024056583642959595,1,3.008575439453125
3348.083,15,1,1,stimulusMovement,1,-0.28904305564032656,-0.03693282604217529,1,2.9255218505859375,1,0.2255884806315104,0.020209014415740967,1,3.030609130859375
3364.753,15,1,1,stimulusMovement,1,-0.28778436448838973,-0.045360684394836426,1,2.952056884765625,1,0.23786195119222003,0.010696500539779663,1,3.037384033203125
3381.42,15,1,1,stimulusMovement,1,-0.28533056047227645,-0.03741741180419922,1,2.947723388671875,1,0.22455437978108722,0.017185688018798828,1,3.037322998046875
3398.09,15,1,1,stimulusMovement,1,-0.2913475036621094,-0.028354227542877197,1,2.97808837890625,1,0.22930124070909286,0.016044676303863525,1,3.055633544921875
3414.759,15,1,1,stimulusMovement,1,-0.29174073537190753,-0.04366809129714966,1,3.0280609130859375,1,0.22908549838595918,0.00560152530670166,1,3.0758819580078125
3431.427,15,1,1,stimulusMovement,1,-0.29359393649631077,-0.03786110877990723,1,2.9742889404296875,1,0.22233443790011934,0.009889960289001465,1,3.0566253662109375
3448.097,15,1,1,stimulusMovement,1,-0.28977372911241317,-0.03629302978515625,1,3.003753662109375,1,0.2197679943508572,0.01635986566543579,1,3.071685791015625
3464.766,15,1,1,stimulusMovement,1,-0.28357484605577254,-0.035427212715148926,1,2.9920654296875,1,0.22447035047743055,0.013468682765960693,1,3.0804443359375
3481.434,15,1,1,stimulusMovement,1,-0.29496929380628795,-0.04310727119445801,1,3.0095062255859375,1,0.2218790054321289,0.00851556658744812,1,3.108642578125
3498.103,15,1,1,stimulusMovement,1,-0.2871602376302083,-0.030059337615966797,1,3.00091552734375,1,0.22354581620958114,0.006242990493774414,1,3.1189727783203125
3514.772,15,1,1,stimulusMovement,1,-0.2832819620768229,-0.040728628635406494,1,3.0207366943359375,1,0.22777779897054035,0.012734949588775635,1,3.1152191162109375
3531.441,15,1,1,stimulusMovement,1,-0.29474332597520614,-0.039772629737854004,1,3.0410919189453125,1,0.21589088439941406,0.012286156415939331,1,3.1005859375
3548.11,15,1,1,stimulusMovement,1,-0.2870949109395345,-0.04286181926727295,1,3.012420654296875,1,0.2244194878472222,0.01642829179763794,1,3.0878753662109375
3564.779,15,1,1,stimulusMovement,1,-0.2874007754855686,-0.035658180713653564,1,3.0194244384765625,1,0.20577642652723524,0.01695576310157776,1,3.117584228515625
3581.448,15,1,1,stimulusMovement,1,-0.2928646935356988,-0.038345932960510254,1,3.0227813720703125,1,0.2221433851453993,0.010647177696228027,1,3.1087646484375
3598.117,15,1,1,stimulusMovement,1,-0.29618708292643225,-0.032743990421295166,1,3.0138702392578125,1,0.2236091825697157,0.006301164627075195,1,3.1136474609375
3614.786,15,1,1,stimulusMovement,1,-0.2897237141927083,-0.03617286682128906,1,3.0059814453125,1,0.2290630340576172,0.0054138898849487305,1,3.108489990234375
3631.455,15,1,1,stimulusMovement,1,-0.2895812458462185,-0.037909507751464844,1,2.984893798828125,1,0.23453330993652344,-0.002328038215637207,1,3.08905029296875
3648.125,15,1,1,stimulusMovement,1,-0.29347043567233616,-0.03706252574920654,1,2.9650726318359375,1,0.2364785936143663,0.0008859038352966309,1,3.076080322265625
3664.794,15,1,1,stimulusMovement,1,-0.28861623340182835,-0.028948068618774414,1,2.919830322265625,1,0.23787392510308158,-0.0005873441696166992,1,3.057220458984375
3681.463,15,1,1,stimulusMovement,1,-0.28508228725857204,-0.0430222749710083,1,2.9329833984375,1,0.23683187696668836,0.008767008781433105,1,3.017425537109375
3698.132,15,1,1,stimulusMovement,1,-0.2859248055352105,-0.039145469665527344,1,2.8928985595703125,1,0.23371526930067274,0.008096158504486084,1,3.0106658935546875
3714.802,15,1,1,stimulusMovement,1,-0.29018115997314453,-0.032054901123046875,1,2.8727874755859375,1,0.23967499203152126,0.008107274770736694,1,2.97161865234375
3731.471,15,1,1,stimulusMovement,1,-0.2865414089626736,-0.025746047496795654,1,2.81878662109375,1,0.2269725799560547,0.013480126857757568,1,2.952880859375
3748.141,15,1,1,stimulusMovement,1,-0.28795539008246523,-0.0266568660736084,1,2.8069000244140625,1,0.24074840545654297,0.007652580738067627,1,2.9638671875
3764.81,15,1,1,stimulusMovement,1,-0.28700855043199325,-0.04122495651245117,1,2.8050994873046875,1,0.24051517910427517,0.016772806644439697,1,2.9203643798828125
3781.477,15,1,1,stimulusMovement,1,-0.2908560434977213,-0.032526493072509766,1,2.7669219970703125,1,0.23487038082546657,0.01268470287322998,1,2.885406494140625
3798.144,15,1,1,stimulusMovement,1,-0.2937489615546332,-0.030871033668518066,1,2.727813720703125,1,0.2302109400431315,0.007450878620147705,1,2.86865234375
3814.811,15,1,1,stimulusMovement,1,-0.2929107348124186,-0.029597699642181396,1,2.730010986328125,1,0.2446837955050998,0.009052515029907227,1,2.8673858642578125
3831.478,15,1,1,stimulusMovement,1,-0.29212972852918834,-0.02065795660018921,1,2.6913604736328125,1,0.24486711290147567,0.016165345907211304,1,2.839508056640625
3848.145,15,1,1,stimulusMovement,1,-0.2909924189249674,-0.02477288246154785,1,2.6875152587890625,1,0.2319053014119466,0.013158857822418213,1,2.8011016845703125
3864.812,15,1,1,stimulusMovement,1,-0.2873453564114041,-0.03269922733306885,1,2.6703643798828125,1,0.23230870564778644,0.012582957744598389,1,2.773101806640625
3881.478,15,1,1,stimulusMovement,1,-0.2783389621310764,-0.036326050758361816,1,2.637054443359375,1,0.23990355597601995,0.012021780014038086,1,2.77197265625
3898.145,15,1,1,stimulusMovement,1,-0.28996859656439883,-0.028838396072387695,1,2.6400299072265625,1,0.23948658837212455,0.013728201389312744,1,2.7644805908203125
3914.812,15,1,1,stimulusMovement,1,-0.29108142852783203,-0.03245210647583008,1,2.638458251953125,1,0.23810058169894746,0.010077685117721558,1,2.721527099609375
3931.479,15,1,1,stimulusMovement,1,-0.28564903471204967,-0.025922656059265137,1,2.59332275390625,1,0.24375417497422958,0.011177480220794678,1,2.7535400390625
3948.146,15,1,1,stimulusMovement,1,-0.29106081856621635,-0.026277005672454834,1,2.6168365478515625,1,0.24431800842285156,0.01622873544692993,1,2.7238006591796875
3964.813,15,1,1,stimulusMovement,1,-0.29334078894721133,-0.031762540340423584,1,2.5822601318359375,1,0.24163956112331814,0.019596457481384277,1,2.7141876220703125
3981.479,15,1,1,stimulusMovement,1,-0.28163115183512366,-0.029065072536468506,1,2.6069488525390625,1,0.24138683742947048,0.02123400568962097,1,2.6941680908203125
3998.146,15,1,1,stimulusMovement,1,-0.28670046064588756,-0.02672046422958374,1,2.5740814208984375,1,0.23383331298828125,0.013018131256103516,1,2.67608642578125
4014.813,15,1,1,stimulusMovement,1,-0.28944969177246094,-0.023406028747558594,1,2.553985595703125,1,0.24350759718153211,0.01430290937423706,1,2.6823272705078125
4031.48,15,1,1,stimulusMovement,1,-0.2913075553046332,-0.021406054496765137,1,2.5523681640625,1,0.24281734890407985,0.01724526286125183,1,2.6462554931640625
4048.147,15,1,1,stimulusMovement,1,-0.2917192247178819,-0.030974388122558594,1,2.531341552734375,1,0.23630544874403211,0.02428668737411499,1,2.641326904296875
4064.814,15,1,1,stimulusMovement,1,-0.2894406318664551,-0.019939780235290527,1,2.5442657470703125,1,0.24049886067708331,0.014643549919128418,1,2.6356048583984375
4081.48,15,1,1,stimulusMovement,1,-0.28473949432373047,-0.027104496955871582,1,2.5329437255859375,1,0.24093140496148002,0.020057320594787598,1,2.633514404296875
4098.147,15,1,1,stimulusMovement,1,-0.2830244700113932,-0.02447444200515747,1,2.4866485595703125,1,0.2295302285088433,0.02125781774520874,1,2.60107421875
4114.814,15,1,1,stimulusMovement,1,-0.2917328940497504,-0.03611016273498535,1,2.5180511474609375,1,0.2326582802666558,0.01851367950439453,1,2.6150360107421875
4131.48,15,1,1,stimulusMovement,1,-0.29776377148098415,-0.03363001346588135,1,2.5322113037109375,1,0.23960717519124347,0.01581135392189026,1,2.6275177001953125
4148.148,15,1,1,stimulusMovement,1,-0.2793138292100694,-0.0270271897315979,1,2.486358642578125,1,0.23143121931287977,0.014978677034378052,1,2.6201171875
4164.815,15,1,1,stimulusMovement,1,-0.28341759575737846,-0.029670000076293945,1,2.48583984375,1,0.23972956339518228,0.01807999610900879,1,2.602203369140625
4181.481,15,1,1,stimulusMovement,1,-0.2791632016499837,-0.03831338882446289,1,2.4929351806640625,1,0.2239464653862847,0.01725935935974121,1,2.5931549072265625
4198.148,15,1,1,stimulusMovement,1,-0.28559091356065536,-0.03413468599319458,1,2.4900970458984375,1,0.2272139655219184,0.013696730136871338,1,2.6041412353515625
4214.815,15,1,1,stimulusMovement,1,-0.28567912843492294,-0.036989569664001465,1,2.467742919921875,1,0.23868444230821395,0.013828665018081665,1,2.59063720703125
4231.481,15,1,1,stimulusMovement,1,-0.28496000501844615,-0.032775282859802246,1,2.4967498779296875,1,0.23221778869628906,0.015787094831466675,1,2.578033447265625
4248.149,15,1,1,stimulusMovement,1,-0.28150622049967444,-0.031683504581451416,1,2.4588165283203125,1,0.2348505655924479,0.017546534538269043,1,2.60137939453125
4264.816,15,1,1,stimulusMovement,1,-0.27656639946831596,-0.034680843353271484,1,2.4713134765625,1,0.24229198031955293,0.022152245044708252,1,2.6017303466796875
4281.482,15,1,1,stimulusMovement,1,-0.2874591615464952,-0.027944445610046387,1,2.4893341064453125,1,0.24048731062147352,0.017872720956802368,1,2.5758209228515625
4298.149,15,1,1,stimulusMovement,1,-0.27302042643229163,-0.01696079969406128,1,2.4698944091796875,1,0.2502824995252821,0.03832054138183594,1,2.5695037841796875
4314.816,15,1,1,stimulusMovement,1,-0.2793614069620768,-0.029480040073394775,1,2.4510345458984375,1,0.25260946485731334,0.028121650218963623,1,2.5534515380859375
4331.482,15,1,1,stimulusMovement,1,-0.27767425113254124,-0.01969468593597412,1,2.459136962890625,1,0.25126425425211585,0.03124713897705078,1,2.563812255859375
4348.15,15,1,1,stimulusMovement,1,-0.2754448784722222,-0.018700718879699707,1,2.4368438720703125,1,0.24662049611409503,0.0344199538230896,1,2.5756988525390625
4364.817,15,1,1,stimulusMovement,1,-0.2678714328342014,-0.020482540130615234,1,2.4562835693359375,1,0.2539617750379774,0.03183317184448242,1,2.545440673828125
4381.483,15,1,1,stimulusMovement,1,-0.2811960644192166,-0.026979446411132812,1,2.453369140625,1,0.24713431464301214,0.03377673029899597,1,2.546234130859375
4398.15,15,1,1,stimulusMovement,1,-0.27578290303548175,-0.028194010257720947,1,2.43157958984375,1,0.2471768061319987,0.031661808490753174,1,2.5542144775390625
4414.817,15,1,1,stimulusMovement,1,-0.276135868496365,-0.03231233358383179,1,2.4863739013671875,1,0.26120609707302517,0.02540367841720581,1,2.56597900390625
4431.483,15,1,1,stimulusMovement,1,-0.27411550945705837,-0.02140730619430542,1,2.447235107421875,1,0.25121434529622394,0.02726835012435913,1,2.55242919921875
4448.151,15,1,1,stimulusMovement,1,-0.2733316951327854,-0.023487627506256104,1,2.446502685546875,1,0.2523156272040473,0.026212036609649658,1,2.5327911376953125
4464.818,15,1,1,stimulusMovement,1,-0.27495924631754554,-0.02572333812713623,1,2.436279296875,1,0.25376574198404944,0.029617398977279663,1,2.5492401123046875
4481.484,15,1,1,stimulusMovement,1,-0.27665509117974174,-0.036125004291534424,1,2.4459686279296875,1,0.24609205457899305,0.03028714656829834,1,2.53131103515625
4498.151,15,1,1,stimulusMovement,1,-0.27614572313096786,-0.029996275901794434,1,2.4400634765625,1,0.2561020321316189,0.020556211471557617,1,2.550079345703125
4514.818,15,1,1,stimulusMovement,1,-0.27087121539645725,-0.028308451175689697,1,2.44305419921875,1,0.2495447794596354,0.026757776737213135,1,2.5370330810546875
4531.484,15,1,1,stimulusMovement,1,-0.281388070848253,-0.034725308418273926,1,2.4558258056640625,1,0.25414276123046875,0.02576032280921936,1,2.539794921875
4548.152,15,1,1,stimulusMovement,1,-0.28180000517103404,-0.03039371967315674,1,2.4454193115234375,1,0.2454374101426866,0.026245176792144775,1,2.5370635986328125
4564.819,15,1,1,stimulusMovement,1,-0.2780373891194661,-0.038591980934143066,1,2.468475341796875,1,0.25355953640407985,0.02280372381210327,1,2.556396484375
4581.485,15,1,1,stimulusMovement,1,-0.2750101089477539,-0.02669656276702881,1,2.435943603515625,1,0.2493192884657118,0.020369499921798706,1,2.546478271484375
4598.152,15,1,1,stimulusMovement,1,-0.2809116575453016,-0.02685260772705078,1,2.43267822265625,1,0.24481476677788627,0.019131183624267578,1,2.55218505859375
4614.819,15,1,1,stimulusMovement,1,-0.27050002415974933,-0.02778494358062744,1,2.4311065673828125,1,0.24329588148328993,0.020773887634277344,1,2.5316619873046875
4631.485,15,1,1,stimulusMovement,1,-0.2737026744418674,-0.03342866897583008,1,2.4461212158203125,1,0.24107869466145831,0.017383545637130737,1,2.545135498046875
4648.152,15,1,1,stimulusMovement,1,-0.2812070846557617,-0.0290718674659729,1,2.4640960693359375,1,0.2515966627332899,0.011471390724182129,1,2.5384063720703125
4664.82,15,1,1,stimulusMovement,1,-0.2789502673678928,-0.036906659603118896,1,2.4631195068359375,1,0.24269930521647134,0.02108249068260193,1,2.5369415283203125
4681.486,15,1,1,stimulusMovement,1,-0.2835609118143717,-0.03388512134552002,1,2.4788055419921875,1,0.2413124508327908,0.021125972270965576,1,2.54736328125
4698.153,15,1,1,stimulusMovement,1,-0.29246128929985893,-0.035243332386016846,1,2.4623565673828125,1,0.2302854326036241,0.013317584991455078,1,2.562286376953125
4714.82,15,1,1,stimulusMovement,1,-0.2964394887288411,-0.03645414113998413,1,2.454925537109375,1,0.22552977667914495,0.0018065571784973145,1,2.5639495849609375
4731.486,15,1,1,stimulusMovement,1,-0.30672995249430335,-0.04064899682998657,1,2.4707794189453125,1,0.2223984400431315,0.004494279623031616,1,2.5370635986328125
4748.154,15,1,1,stimulusMovement,1,-0.3145101335313585,-0.04744225740432739,1,2.4949951171875,1,0.21160040961371526,-0.0071912407875061035,1,2.543701171875
4764.822,15,1,1,stimulusMovement,1,-0.32425557242499453,-0.058323800563812256,1,2.4905853271484375,1,0.20407962799072266,-0.009865760803222656,1,2.554962158203125
4781.488,15,1,1,stimulusMovement,1,-0.3459785249498155,-0.06156843900680542,1,2.49322509765625,1,0.08914566040039062,-0.019206225872039795,1,2.5614471435546875
4798.155,15,1,1,stimulusMovement,1,-0.4478569030761719,-0.12613940238952637,1,2.48675537109375,1,-0.024693806966145832,-0.07804673910140991,1,2.5654449462890625
4814.822,15,1,1,stimulusMovement,1,-0.49538257386949325,-0.15472567081451416,1,2.50274658203125,1,-0.054082658555772566,-0.10878390073776245,1,2.5656280517578125
4831.488,15,1,1,stimulusMovement,1,-0.5234337117936876,-0.1666315793991089,1,2.5164031982421875,1,-0.08090474870469834,-0.12367194890975952,1,2.5720977783203125
4848.155,15,1,1,stimulusMovement,1,-0.527034944958157,-0.1632588505744934,1,2.5066375732421875,1,-0.08163838916354708,-0.12703537940979004,1,2.575714111328125
4864.823,15,1,1,stimulusMovement,1,-0.5312723053826226,-0.16523581743240356,1,2.4976348876953125,1,-0.08104960123697916,-0.12873852252960205,1,2.5637664794921875
4881.489,15,1,1,stimulusMovement,1,-0.5376538700527614,-0.16525965929031372,1,2.5155487060546875,1,-0.08869478437635633,-0.13417094945907593,1,2.5981597900390625
4898.157,15,1,1,stimulusMovement,1,-0.5291524728139241,-0.16982167959213257,1,2.5124053955078125,1,-0.09825234942966037,-0.14299893379211426,1,2.589080810546875
4914.824,15,1,1,stimulusMovement,1,-0.5494192971123589,-0.16860246658325195,1,2.50897216796875,1,-0.10682646433512369,-0.14021587371826172,1,2.58270263671875
4931.49,15,1,1,stimulusMovement,1,-0.5734909905327691,-0.19519877433776855,1,2.6069793701171875,1,-0.11002169715033637,-0.14898616075515747,1,2.5941009521484375
4948.157,15,1,1,stimulusMovement,1,-0.5716941091749402,-0.17929291725158691,1,2.5279083251953125,1,-0.11345513661702473,-0.1483815312385559,1,2.6168212890625
4964.825,15,1,1,stimulusMovement,1,-0.5784049034118652,-0.19998538494110107,1,2.5806884765625,1,-0.12855921851264104,-0.15828102827072144,1,2.601806640625
4981.491,15,1,1,stimulusMovement,1,-0.581370539135403,-0.19339513778686523,1,2.5323028564453125,1,-0.15486282772488064,-0.16876846551895142,1,2.6196136474609375
4998.158,15,1,1,stimulusMovement,1,-0.5878395239512125,-0.19809573888778687,1,2.5431976318359375,1,-0.16041549046834308,-0.1692468523979187,1,2.6194915771484375
5014.826,15,1,1,stimulusMovement,1,-0.6063383685217963,-0.20722079277038574,1,2.5290069580078125,1,-0.16049189037746853,-0.16538941860198975,1,2.6050872802734375
5031.492,15,1,1,stimulusMovement,1,-0.6258292992909749,-0.22053074836730957,1,2.573455810546875,1,-0.1768459743923611,-0.17339098453521729,1,2.62518310546875
5048.159,15,1,1,stimulusMovement,1,-0.6383216116163465,-0.23141062259674072,1,2.5879058837890625,1,-0.18818208906385633,-0.18512201309204102,1,2.6203460693359375
5064.827,15,1,1,stimulusMovement,1,-0.6411888599395752,-0.20229262113571167,1,2.503692626953125,1,-0.20532650417751735,-0.18233001232147217,1,2.611328125
5081.493,15,1,1,stimulusMovement,1,-0.7398028903537326,-0.32658058404922485,1,2.5929107666015625,1,-0.3106091817220052,-0.2698337435722351,1,2.59613037109375
5098.16,15,1,1,stimulusMovement,1,-0.7683695819642808,-0.34616780281066895,1,2.608612060546875,1,-0.33742984135945636,-0.3139200210571289,1,2.60626220703125
5114.827,15,1,1,stimulusMovement,1,-0.8015148904588487,-0.36595189571380615,1,2.5706024169921875,1,-0.36195617251926,-0.32020819187164307,1,2.6031951904296875
5131.494,15,1,1,stimulusMovement,1,-0.802674392859141,-0.34664952754974365,1,2.5577850341796875,1,-0.3705133861965603,-0.3289554715156555,1,2.5787811279296875
5148.161,15,1,1,stimulusMovement,1,-0.811037156316969,-0.36678677797317505,1,2.573089599609375,1,-0.37865961922539604,-0.3460071086883545,1,2.6186065673828125
5164.829,15,1,1,stimulusMovement,1,-0.8159910109308031,-0.3592653274536133,1,2.5579681396484375,1,-0.4022591908772786,-0.3408924341201782,1,2.594390869140625
5181.495,15,1,1,stimulusMovement,1,-0.8353952202532026,-0.3788961172103882,1,2.5497894287109375,1,-0.3936039076911078,-0.34779995679855347,1,2.5722808837890625
5198.162,15,1,1,stimulusMovement,1,-0.8212017880545721,-0.3819260001182556,1,2.56341552734375,1,-0.39683024088541663,-0.34720879793167114,1,2.5643310546875
5214.829,15,1,1,stimulusMovement,1,-0.850852092107137,-0.36583495140075684,1,2.511932373046875,1,-0.40862687428792316,-0.34709107875823975,1,2.5354766845703125
5231.495,15,1,1,stimulusMovement,1,-0.8457088437345293,-0.382667601108551,1,2.5399017333984375,1,-0.40192466311984587,-0.3459012508392334,1,2.5233001708984375
5248.163,15,1,1,stimulusMovement,1,-0.8288683692614237,-0.3976271152496338,1,2.575775146484375,1,-0.41946040259467227,-0.3551785945892334,1,2.547637939453125
5264.83,15,1,1,stimulusMovement,1,-0.851375208960639,-0.4098612666130066,1,2.5799560546875,1,-0.4187002182006836,-0.34554290771484375,1,2.5019989013671875
5281.497,15,1,1,stimulusMovement,1,-0.85297758380572,-0.4001278877258301,1,2.5350799560546875,1,-0.43446832233005095,-0.3526930809020996,1,2.4991302490234375
5298.164,15,1,1,stimulusMovement,1,-0.8731763346327676,-0.3958146572113037,1,2.500396728515625,1,-0.4414057731628418,-0.36696839332580566,1,2.50762939453125
5314.831,15,1,1,stimulusMovement,1,-0.8863595016300678,-0.40653306245803833,1,2.489715576171875,1,-0.459801885816786,-0.3685747981071472,1,2.518951416015625
5331.497,15,1,1,stimulusMovement,1,-0.9244193434715271,-0.3894076943397522,1,2.4185638427734375,1,-0.4652279218037923,-0.3716789484024048,1,2.474578857421875
5348.165,15,1,1,stimulusMovement,1,-0.9040753146012623,-0.4045432209968567,1,2.49639892578125,1,-0.4815928671095106,-0.3776729702949524,1,2.4775848388671875
5364.832,15,1,1,stimulusMovement,1,-0.927616708808475,-0.40689438581466675,1,2.5139923095703125,1,-0.4859103096856011,-0.38031625747680664,1,2.450927734375
5381.499,15,1,1,stimulusMovement,1,-0.9303432537449731,-0.42513132095336914,1,2.510986328125,1,-0.514946911070082,-0.3879721164703369,1,2.47308349609375
5398.166,15,1,1,stimulusMovement,1,-0.9446718692779541,-0.41699981689453125,1,2.496551513671875,1,-0.5313202010260688,-0.39262449741363525,1,2.4847259521484375
5414.833,15,1,1,stimulusMovement,1,-0.9404850370354122,-0.42955726385116577,1,2.474578857421875,1,-0.542151927947998,-0.4057980179786682,1,2.4609832763671875
5431.499,15,1,1,stimulusMovement,1,-1.0107362667719522,-0.41252100467681885,1,2.4340972900390625,1,-0.5549572308858235,-0.40017926692962646,1,2.45166015625
5448.167,15,1,1,stimulusMovement,1,-1.0045986970265706,-0.4184298515319824,1,2.422454833984375,1,-0.5709189573923746,-0.42904001474380493,1,2.4473419189453125
5464.834,15,1,1,stimulusMovement,1,-1.0290993054707844,-0.42364633083343506,1,2.3751373291015625,1,-0.5820119380950928,-0.4140837788581848,1,2.4187774658203125
5481.501,15,1,1,stimulusMovement,1,-1.055263254377577,-0.4300383925437927,1,2.353607177734375,1,-0.59134398566352,-0.4171146750450134,1,2.447113037109375
5498.168,15,1,1,stimulusMovement,1,-1.0364077885945637,-0.4341951608657837,1,2.40313720703125,1,-0.5958187845018175,-0.41077494621276855,1,2.4071197509765625
5514.835,15,1,1,stimulusMovement,1,-1.0461662477917142,-0.4342274069786072,1,2.406219482421875,1,-0.6159998575846354,-0.4260331392288208,1,2.4071502685546875
5531.501,15,1,1,stimulusMovement,1,-1.0665392080942788,-0.43214404582977295,1,2.3934783935546875,1,-0.6181473467085096,-0.42525649070739746,1,2.4102325439453125
5548.169,15,1,1,stimulusMovement,1,-1.0717789464526706,-0.4352549910545349,1,2.40924072265625,1,-0.6151149802737765,-0.4319764971733093,1,2.42852783203125
5564.836,15,1,1,stimulusMovement,1,-1.0386944611867268,-0.42965686321258545,1,2.47821044921875,1,-0.6176111433241102,-0.4233132004737854,1,2.4282989501953125
5581.503,15,1,1,stimulusMovement,1,-1.0667836401197646,-0.4227888584136963,1,2.42578125,1,-0.6158764362335205,-0.42575424909591675,1,2.417510986328125
5598.17,15,1,1,stimulusMovement,1,-1.0497298902935452,-0.4460296630859375,1,2.4361572265625,1,-0.6215312480926514,-0.4324139356613159,1,2.4190216064453125
5614.837,15,1,1,stimulusMovement,1,-1.0475054714414809,-0.43992918729782104,1,2.4315643310546875,1,-0.6063912974463569,-0.4266042113304138,1,2.417266845703125
5631.504,15,1,1,stimulusMovement,1,-1.0508521927727592,-0.43558013439178467,1,2.4114227294921875,1,-0.6027504603068033,-0.42813384532928467,1,2.4297637939453125
5648.171,15,1,1,stimulusMovement,1,-1.0248141023847792,-0.43205392360687256,1,2.4207763671875,1,-0.5968504216935899,-0.4266875982284546,1,2.4405975341796875
5664.838,15,1,1,stimulusMovement,1,-1.0241205162472196,-0.43349701166152954,1,2.448455810546875,1,-0.6022134357028537,-0.42893004417419434,1,2.43536376953125
5681.504,15,1,1,stimulusMovement,1,-1.0330520338482327,-0.4324316382408142,1,2.441558837890625,1,-0.590879307852851,-0.4336842894554138,1,2.4434661865234375
5698.172,15,1,1,stimulusMovement,1,-1.0448554356892903,-0.42460960149765015,1,2.4369964599609375,1,-0.5861374537150065,-0.4245705008506775,1,2.4572296142578125
5714.839,15,1,1,stimulusMovement,1,-1.0139553149541218,-0.4353797435760498,1,2.4724884033203125,1,-0.5901167922549777,-0.4314877390861511,1,2.478363037109375
5731.506,15,1,1,stimulusMovement,1,-1.0202323860592313,-0.43039071559906006,1,2.486541748046875,1,-0.5967939164903429,-0.43031781911849976,1,2.493133544921875
5748.173,15,1,1,stimulusMovement,1,-1.0251061783896551,-0.43401068449020386,1,2.4929656982421875,1,-0.579927126566569,-0.42176175117492676,1,2.46087646484375
5764.841,15,1,1,stimulusMovement,1,-1.0303174787097507,-0.4321218729019165,1,2.493896484375,1,-0.5930054187774658,-0.43078434467315674,1,2.4793243408203125
5781.507,15,1,1,stimulusMovement,1,-1.0323708719677396,-0.438842236995697,1,2.4971160888671875,1,-0.5980818536546495,-0.4269740581512451,1,2.47705078125
5798.174,15,1,1,stimulusMovement,1,-1.0388974083794487,-0.4435720443725586,1,2.4901885986328125,1,-0.5899882051679822,-0.42743778228759766,1,2.51104736328125
5814.841,15,1,1,stimulusMovement,1,-1.0235177543428209,-0.4459627866744995,1,2.51641845703125,1,-0.5956416924794514,-0.4298550486564636,1,2.500213623046875
5831.508,15,1,1,stimulusMovement,1,-1.0091777642567952,-0.44916075468063354,1,2.5489959716796875,1,-0.5925686094495984,-0.42661595344543457,1,2.5107879638671875
5848.175,15,1,1,stimulusMovement,1,-1.0280733240975273,-0.4386809468269348,1,2.50640869140625,1,-0.5992810726165771,-0.4278799295425415,1,2.52093505859375
5864.843,15,1,1,stimulusMovement,1,-1.0424518320295546,-0.4340253472328186,1,2.508453369140625,1,-0.6021695137023926,-0.42671239376068115,1,2.5255126953125
5881.509,15,1,1,stimulusMovement,1,-1.0477672550413344,-0.44177937507629395,1,2.5058135986328125,1,-0.5916619565751817,-0.4269756078720093,1,2.5332489013671875
5898.176,15,1,1,stimulusMovement,1,-1.0473121139738295,-0.44349896907806396,1,2.561859130859375,1,-0.6012513372633191,-0.43407535552978516,1,2.53436279296875
5914.844,15,1,1,stimulusMovement,1,-1.0291550954182942,-0.41362810134887695,1,2.54864501953125,1,-0.564576678805881,-0.39840167760849,1,2.5460968017578125
5931.51,15,1,1,stimulusMovement,1,-1.0165771378411186,-0.4216763377189636,1,2.5571746826171875,1,-0.5741233825683594,-0.403476357460022,1,2.5460662841796875
5948.177,15,1,1,stimulusMovement,1,-1.020831412739224,-0.420482337474823,1,2.5861358642578125,1,-0.5753845108879937,-0.4002341628074646,1,2.5372467041015625
5964.845,15,1,1,stimulusMovement,1,-1.0264172686470878,-0.42079782485961914,1,2.54791259765625,1,-0.5823133521609836,-0.41130101680755615,1,2.564361572265625
5981.512,15,1,1,stimulusMovement,1,-1.0265183978610568,-0.41999852657318115,1,2.532562255859375,1,-0.580676794052124,-0.40076738595962524,1,2.5515899658203125
5998.179,15,1,1,stimulusMovement,1,-1.0047252972920735,-0.4151355028152466,1,2.5699920654296875,1,-0.5717442300584581,-0.40320420265197754,1,2.571685791015625
6014.846,15,1,1,stimulusMovement,1,-1.030392633544074,-0.41723108291625977,1,2.55487060546875,1,-0.5646973980797662,-0.40698111057281494,1,2.5900726318359375
6031.512,15,1,1,stimulusMovement,1,-1.0161805947621663,-0.4095519185066223,1,2.5588836669921875,1,-0.5723843839433458,-0.4044480323791504,1,2.5966949462890625
6048.18,15,1,1,stimulusMovement,1,-1.0098763042026095,-0.4214784502983093,1,2.5869903564453125,1,-0.5777560869852701,-0.40037161111831665,1,2.575958251953125
6064.847,15,1,1,stimulusMovement,1,-1.0153941048516166,-0.4225592017173767,1,2.5561370849609375,1,-0.5678189330630832,-0.4109218120574951,1,2.573150634765625
6081.514,15,1,1,stimulusMovement,1,-0.9896310170491536,-0.42439907789230347,1,2.6139678955078125,1,-0.5690154234568278,-0.3989816904067993,1,2.5605926513671875
6098.181,15,1,1,stimulusMovement,1,-1.0234093003802829,-0.41227471828460693,1,2.5576171875,1,-0.5749561256832546,-0.403889536857605,1,2.602020263671875
6114.849,15,1,1,stimulusMovement,1,-1.0099352995554605,-0.43176788091659546,1,2.5989532470703125,1,-0.5782235463460286,-0.4037216305732727,1,2.573486328125
6131.515,15,1,1,stimulusMovement,1,-1.0258792241414387,-0.42444169521331787,1,2.560699462890625,1,-0.5692538155449761,-0.40195488929748535,1,2.5956268310546875
6148.182,15,1,1,stimulusMovement,1,-1.013138903511895,-0.4142836332321167,1,2.560211181640625,0,nan,nan,0,nan
6164.849,15,1,1,stimulusMovement,1,-1.020686560206943,-0.4184378981590271,1,2.5886077880859375,1,-0.5750466187795003,-0.39618051052093506,1,2.5870361328125
6181.516,15,1,1,stimulusMovement,1,-1.0250063207414415,-0.4134368896484375,1,2.566680908203125,1,-0.5669482549031575,-0.3942086696624756,1,2.616546630859375
6198.184,15,1,1,stimulusMovement,1,-1.0103612740834553,-0.4179617166519165,1,2.5916290283203125,1,-0.5657590760125054,-0.3997424840927124,1,2.59234619140625
6214.851,15,1,1,stimulusMovement,1,-1.0087795787387424,-0.4183838367462158,1,2.6253814697265625,1,-0.5726183255513508,-0.3905152678489685,1,2.6142578125
6231.517,15,1,1,stimulusMovement,1,-1.0047336684332953,-0.4111136794090271,1,2.59906005859375,1,-0.5723466608259412,-0.400478720664978,1,2.5854034423828125
6248.184,15,1,1,stimulusMovement,1,-0.9942609866460164,-0.42429256439208984,1,2.616485595703125,1,-0.5679119957817925,-0.3962605595588684,1,2.5951385498046875
6264.852,15,1,1,stimulusMovement,1,-1.0209319061703153,-0.427074134349823,1,2.595947265625,1,-0.5628119309743245,-0.3957703113555908,1,2.5927276611328125
6281.518,15,1,1,stimulusMovement,1,-1.0234884421030679,-0.4147581458091736,1,2.6016998291015625,1,-0.5768068101671007,-0.39755159616470337,1,2.610321044921875
6298.185,15,1,1,stimulusMovement,1,-1.0079774326748319,-0.4270215630531311,1,2.648101806640625,1,-0.5672158665127224,-0.4094315767288208,1,2.6162109375
6314.852,15,1,1,stimulusMovement,1,-1.011570930480957,-0.4259614944458008,1,2.6326904296875,1,-0.5651948981814914,-0.394010066986084,1,2.629425048828125
6331.519,15,1,1,stimulusMovement,1,-1.0015134016672769,-0.43102478981018066,1,2.6601409912109375,1,-0.5690390268961588,-0.38847988843917847,1,2.6381988525390625
6348.186,15,1,1,stimulusMovement,1,-1.0186632606718276,-0.4176284074783325,1,2.6187896728515625,1,-0.571578926510281,-0.3976079225540161,1,2.6142578125
6364.853,15,1,1,stimulusMovement,1,-0.9865971869892544,-0.42564213275909424,1,2.69366455078125,1,-0.5733520454830593,-0.3917403817176819,1,2.6284637451171875
6381.519,15,1,1,stimulusMovement,1,-1.0017959276835122,-0.4290294647216797,1,2.7143096923828125,1,-0.5730915864308674,-0.4044976234436035,1,2.660430908203125
6398.187,15,1,1,stimulusMovement,1,-0.9945526652865939,-0.4205164909362793,1,2.714019775390625,1,-0.567305220497979,-0.3911449909210205,1,2.651214599609375
6414.854,15,1,1,stimulusMovement,1,-0.9761760897106594,-0.43161165714263916,1,2.74822998046875,1,-0.5748648378584119,-0.3955804109573364,1,2.6751708984375
6431.52,15,1,1,stimulusMovement,1,-1.010346876250373,-0.41893672943115234,1,2.6936798095703125,1,-0.5697489844428169,-0.39438968896865845,1,2.69781494140625
6448.187,15,1,1,stimulusMovement,1,-0.9756107197867498,-0.43184733390808105,1,2.759674072265625,1,-0.5661702420976427,-0.393845796585083,1,2.707061767578125
6464.855,15,1,1,stimulusMovement,1,-1.0023306740654838,-0.42046058177948,1,2.736175537109375,1,-0.5714437961578369,-0.3961423635482788,1,2.715087890625
6481.521,15,1,1,stimulusMovement,1,-0.9761462741427951,-0.4301363229751587,1,2.80865478515625,1,-0.565481079949273,-0.3923227787017822,1,2.734405517578125
6498.188,15,1,1,stimulusMovement,1,-0.9978846642706128,-0.4337891936302185,1,2.799652099609375,1,-0.5573370456695557,-0.3992733359336853,1,2.7178192138671875
6514.855,15,1,1,stimulusMovement,1,-0.9871745109558105,-0.4246358275413513,1,2.8003692626953125,1,-0.5535402297973633,-0.3944389224052429,1,2.7726898193359375
6531.521,15,1,1,stimulusMovement,1,-0.9959099822574191,-0.4265470504760742,1,2.8444976806640625,1,-0.5516360600789387,-0.4028972387313843,1,2.7733917236328125
6548.189,15,1,1,stimulusMovement,1,-0.9823234015040927,-0.4344521760940552,1,2.860382080078125,0,nan,nan,0,nan
6564.856,15,1,1,stimulusMovement,1,-0.9808553059895833,-0.4286494255065918,1,2.857452392578125,1,-0.5685829056633843,-0.4040168523788452,1,2.796295166015625
6581.522,15,1,1,stimulusMovement,1,-0.973957167731391,-0.43082183599472046,1,2.8653717041015625,1,-0.5649464925130208,-0.3934888243675232,1,2.820465087890625
6598.189,15,1,1,stimulusMovement,1,-0.9857056140899658,-0.42895931005477905,1,2.86834716796875,1,-0.5515161355336506,-0.397314190864563,1,2.81036376953125
6614.857,15,1,1,stimulusMovement,1,-1.011105285750495,-0.424318790435791,1,2.8486175537109375,1,-0.5589001708560519,-0.4026883840560913,1,2.8358917236328125
6631.523,15,1,1,stimulusMovement,1,-0.9951383868853251,-0.42161571979522705,1,2.8870086669921875,1,-0.5617763466305202,-0.4012033939361572,1,2.8491973876953125
6648.19,15,1,1,stimulusMovement,1,-0.9975794355074564,-0.41669684648513794,1,2.903411865234375,1,-0.5533280902438693,-0.395485520362854,1,2.874664306640625
6664.857,15,1,1,stimulusMovement,1,-0.9876880910661485,-0.43014299869537354,1,2.9351806640625,1,-0.5616377194722493,-0.39569687843322754,1,2.869659423828125
6681.524,15,1,1,stimulusMovement,1,-0.9843641784456041,-0.4247658848762512,1,2.9202728271484375,1,-0.5539296468098958,-0.40146923065185547,1,2.879638671875
6698.191,15,1,1,stimulusMovement,1,-0.9999674161275227,-0.4333537220954895,1,2.9457244873046875,1,-0.5519748263888888,-0.4054003953933716,1,2.8885955810546875
6714.858,15,1,1,stimulusMovement,1,-1.0092514355977376,-0.4252413511276245,1,2.936248779296875,1,-0.557470957438151,-0.39905524253845215,1,2.88726806640625
6731.524,15,1,1,stimulusMovement,1,-0.9990824262301127,-0.4240986108779907,1,2.9647979736328125,1,-0.5540384186638726,-0.3939281702041626,1,2.906280517578125
6748.192,15,1,1,stimulusMovement,1,-0.9891357289420233,-0.43195152282714844,1,2.94720458984375,1,-0.5494467417399088,-0.3943219780921936,1,2.89990234375
6764.859,15,1,1,stimulusMovement,1,-1.0154479212231107,-0.4276421070098877,1,2.975616455078125,1,-0.55460082160102,-0.4023679494857788,1,2.90130615234375
6781.525,15,1,1,stimulusMovement,1,-1.0012871424357095,-0.4309777021408081,1,2.9666748046875,1,-0.5612577332390679,-0.39691364765167236,1,2.9236907958984375
6798.192,15,1,1,stimulusMovement,1,-1.0147251817915175,-0.425927996635437,1,2.9471893310546875,1,-0.5596970452202691,-0.3988180160522461,1,2.91326904296875
6814.859,15,1,1,stimulusMovement,1,-1.0058316389719644,-0.4324491024017334,1,2.97357177734375,1,-0.5597484641604953,-0.3947473168373108,1,2.9317626953125
6831.526,15,1,1,stimulusMovement,1,-0.9906056920687357,-0.43074464797973633,1,2.994659423828125,1,-0.5509903960757785,-0.3975198268890381,1,2.9363250732421875
6848.193,15,1,1,stimulusMovement,1,-1.0020846525828042,-0.4317746162414551,1,2.986297607421875,1,-0.5573752721150715,-0.40220212936401367,1,2.9360504150390625
6864.86,15,1,1,stimulusMovement,1,-0.9994506703482733,-0.4368644952774048,1,3.0024566650390625,1,-0.5501190291510688,-0.3961350917816162,1,2.9740142822265625
6881.526,15,1,1,stimulusMovement,1,-0.9954586691326565,-0.4332611560821533,1,3.0092010498046875,1,-0.55214434199863,-0.39375126361846924,1,2.9633331298828125
6898.194,15,1,1,fixation,1,-0.9990674257278442,-0.42934662103652954,1,2.9850006103515625,1,-0.5514000256856282,-0.3944288492202759,1,2.9548187255859375
6914.861,15,1,1,fixation,1,-0.9964312977261013,-0.43357574939727783,1,3.000396728515625,1,-0.5526522530449761,-0.3990716338157654,1,2.9534912109375
6931.527,15,1,1,fixation,1,-1.0080242686801486,-0.42474693059921265,1,2.7622833251953125,1,-0.5542029804653591,-0.3937561511993408,1,2.7337799072265625
6948.194,15,1,1,fixation,0,nan,nan,0,nan,0,nan,nan,0,nan
6964.862,15,1,1,fixation,1,-0.9779492020606995,-0.42698442935943604,1,2.9710845947265625,1,-0.5580059422387017,-0.4052621126174927,1,2.9202880859375
6981.528,15,1,1,fixation,1,-1.0074577331542969,-0.4257184863090515,1,2.7343902587890625,1,-0.5489805009629991,-0.3967689871788025,1,2.7079620361328125
6998.195,15,1,1,fixation,0,nan,nan,0,nan,0,nan,nan,0,nan
7014.862,15,1,1,fixation,1,-0.9878654016388787,-0.4351252317428589,1,2.9520263671875,1,-0.5578170882331001,-0.3972618579864502,1,2.8876495361328125
7031.529,15,1,1,fixation,1,-1.0041060712602403,-0.4277210235595703,1,2.6967926025390625,1,-0.5531973308987087,-0.39363396167755127,1,2.679595947265625
7048.196,15,1,1,fixation,0,nan,nan,0,nan,0,nan,nan,0,nan
7064.863,15,1,1,fixation,1,-0.9825395610597398,-0.4336528778076172,1,2.8871002197265625,1,-0.5595217280917697,-0.3982733488082886,1,2.86517333984375
7081.529,15,1,1,fixation,1,-1.0080100430382621,-0.4239330291748047,1,2.6571502685546875,1,-0.5540805127885606,-0.3938649892807007,1,2.6437835693359375
7098.196,15,1,1,fixation,0,nan,nan,0,nan,0,nan,nan,0,nan
7114.864,15,1,1,fixation,1,-0.9972555504904852,-0.4368922710418701,1,2.8599700927734375,1,-0.5595244301689996,-0.39195913076400757,1,2.8397674560546875
7131.53,15,1,1,fixation,1,-1.0266664425532022,-0.4172874093055725,1,2.6293182373046875,1,-0.5617877642313639,-0.3840755224227905,1,2.6133270263671875
7148.197,15,1,1,fixation,0,nan,nan,0,nan,0,nan,nan,0,nan
7164.864,15,1,1,fixation,1,-1.0062493085861206,-0.42307716608047485,1,2.807037353515625,1,-0.5620605415768093,-0.3950325846672058,1,2.8125
7181.531,15,1,1,fixation,1,-1.0182923475901284,-0.4217991828918457,1,2.612579345703125,1,-0.5564725663926866,-0.3839524984359741,1,2.5891571044921875
7198.198,15,1,1,fixation,0,nan,nan,0,nan,0,nan,nan,0,nan
7214.865,15,1,1,fixation,1,-1.0008869700961642,-0.4247009754180908,1,2.8627166748046875,1,-0.5653851562076144,-0.38835179805755615,1,2.8219146728515625
7231.531,15,1,1,fixation,1,-1.0164336363474527,-0.4208698868751526,1,2.6096954345703125,1,-0.556952608956231,-0.3851126432418823,1,2.579345703125
7248.199,15,1,1,fixation,0,nan,nan,0,nan,0,nan,nan,0,nan
7264.866,15,1,1,fixation,1,-0.9714652564790514,-0.44364166259765625,1,2.8979949951171875,1,-0.562361028459337,-0.39211589097976685,1,2.828369140625
7281.532,15,1,1,fixation,1,-1.0210659106572468,-0.41829073429107666,1,2.601287841796875,1,-0.5592947006225586,-0.3873177170753479,1,2.583404541015625
7298.199,15,1,1,fixation,0,nan,nan,0,nan,0,nan,nan,0,nan
7314.867,15,1,1,fixation,1,-0.9911003179020351,-0.4276740550994873,1,2.8538818359375,1,-0.5627895726097955,-0.3982616662979126,1,2.8201904296875
7331.533,15,1,1,fixation,1,-1.0196674002541435,-0.4205783009529114,1,2.6126861572265625,1,-0.5593198670281304,-0.38889265060424805,1,2.5940093994140625
7348.2,15,1,1,fixation,0,nan,nan,0,nan,0,nan,nan,0,nan
7364.867,15,1,1,fixation,1,-1.017571833398607,-0.4256356358528137,1,2.818939208984375,1,-0.565395328733656,-0.4017884135246277,1,2.8228302001953125
7381.533,15,1,1,fixation,1,-1.0180301533804998,-0.4195725917816162,1,2.60833740234375,1,-0.5619605647193061,-0.39012598991394043,1,2.59716796875
7398.201,15,1,1,fixation,0,nan,nan,0,nan,0,nan,nan,0,nan
7414.868,15,1,1,fixation,1,-0.9879028002421061,-0.43131721019744873,1,2.848541259765625,1,-0.5681319236755371,-0.39735138416290283,1,2.7980499267578125
7431.534,15,1,1,fixation,1,-1.0173195600509644,-0.42020928859710693,1,2.6075439453125,1,-0.558269739151001,-0.3912220597267151,1,2.5791015625
7448.201,15,1,1,fixation,0,nan,nan,0,nan,0,nan,nan,0,nan
7464.869,15,1,1,fixation,1,-0.9874755607710943,-0.43253612518310547,1,2.8474884033203125,1,-0.5636483298407661,-0.39008384943008423,1,2.808746337890625
7481.535,15,1,1,fixation,1,-1.015192945798238,-0.42406952381134033,1,2.6059722900390625,1,-0.5652123822106255,-0.38762587308883667,1,2.5665740966796875
7498.202,15,1,1,fixation,0,nan,nan,0,nan,0,nan,nan,0,nan
7514.869,15,1,1,fixation,1,-1.0136854251225789,-0.4251129627227783,1,2.8323211669921875,1,-0.5682057539621989,-0.4018556475639343,1,2.7934417724609375
7531.536,15,1,1,fixation,1,-1.018706957499186,-0.42197608947753906,1,2.5930328369140625,1,-0.5594166384802924,-0.3883059024810791,1,2.574432373046875
7548.203,15,1,1,fixation,0,nan,nan,0,nan,0,nan,nan,0,nan
7564.87,15,1,1,fixation,1,-0.9572248061498005,-0.4445682168006897,1,2.8922576904296875,1,-0.5701956219143337,-0.4018205404281616,1,2.8157196044921875
7581.536,15,1,1,fixation,1,-1.0165512826707628,-0.42439019680023193,1,2.6029815673828125,1,-0.5633396042717828,-0.3883870840072632,1,2.5821533203125
7598.204,15,1,1,fixation,0,nan,nan,0,nan,0,nan,nan,0,nan
7614.871,15,1,1,fixation,1,-0.9841413365470038,-0.43510013818740845,1,2.868865966796875,1,-0.5602261225382487,-0.39977073669433594,1,2.821868896484375
7631.537,15,1,1,fixation,1,-1.0151536067326863,-0.4220787286758423,1,2.6166534423828125,1,-0.5563360320197211,-0.38507676124572754,1,2.5911407470703125
7648.204,15,1,1,fixation,0,nan,nan,0,nan,0,nan,nan,0,nan
7664.872,15,1,1,fixation,1,-0.9868974751896328,-0.4328840374946594,1,2.89581298828125,1,-0.566020303302341,-0.40381914377212524,1,2.8267364501953125
7681.538,15,1,1,fixation,1,-1.015598972638448,-0.42008358240127563,1,2.6292266845703125,1,-0.559019751018948,-0.3852752447128296,1,2.598724365234375
7698.205,15,1,1,fixation,0,nan,nan,0,nan,0,nan,nan,0,nan
7714.872,15,1,1,fixation,1,-1.0032978057861328,-0.42186325788497925,1,2.8665924072265625,1,-0.5648974842495388,-0.39501792192459106,1,2.8367767333984375
7731.538,15,1,1,fixation,1,-1.013247145546807,-0.42123866081237793,1,2.6410675048828125,1,-0.5618003739251031,-0.38690638542175293,1,2.6257171630859375
7748.206,15,1,1,fixation,0,nan,nan,0,nan,0,nan,nan,0,nan
7764.873,15,1,1,fixation,1,-0.9898625214894612,-0.4207872152328491,1,2.875152587890625,0,nan,nan,0,nan
7781.539,15,1,1,fixation,1,-1.0129328303866916,-0.41883957386016846,1,2.6581268310546875,1,-0.5585097206963433,-0.3886348605155945,1,2.64666748046875
7798.206,15,1,1,fixation,0,nan,nan,0,nan,0,nan,nan,0,nan
7814.874,15,1,1,fixation,1,-0.9959795011414422,-0.42640221118927,1,2.9216766357421875,1,-0.5666936768425835,-0.3911762833595276,1,2.8972930908203125
7831.54,15,1,1,fixation,1,-1.0097930696275499,-0.4187878966331482,1,2.68145751953125,1,-0.5624535083770752,-0.3841891884803772,1,2.6707305908203125
7848.207,15,1,1,fixation,0,nan,nan,0,nan,0,nan,nan,0,nan
7864.874,15,1,1,fixation,1,-0.9791448248757256,-0.421169638633728,1,2.96319580078125,1,-0.570583528942532,-0.39731645584106445,1,2.9204559326171875
7881.541,15,1,1,fixation,1,-1.010322266154819,-0.41672229766845703,1,2.7129669189453125,1,-0.5589841736687554,-0.38627129793167114,1,2.70556640625
7898.208,15,1,1,fixation,0,nan,nan,0,nan,0,nan,nan,0,nan
7914.875,15,1,1,fixation,1,-0.9780155022939045,-0.41120463609695435,1,2.98504638671875,1,-0.5678379270765516,-0.40124088525772095,1,2.931884765625
7931.541,15,1,1,stimulusMovement,1,-1.0082188182406955,-0.4208427667617798,1,2.7447967529296875,1,-0.5607348018222384,-0.3859531879425049,1,2.7343902587890625
7948.209,15,1,1,stimulusMovement,0,nan,nan,0,nan,0,nan,nan,0,nan
7964.876,15,1,1,stimulusMovement,1,-0.9961082670423719,-0.4230053424835205,1,2.9873046875,1,-0.5614308251274956,-0.39382684230804443,1,2.95440673828125
7981.542,15,1,1,stimulusMovement,1,-0.9911433855692545,-0.41579198837280273,1,3.01214599609375,1,-0.5632249249352349,-0.3877031207084656,1,2.969207763671875
7998.209,15,1,1,stimulusMovement,1,-0.9926801390118069,-0.4210923910140991,1,2.9965667724609375,1,-0.5622718069288465,-0.3837534189224243,1,2.970184326171875
8014.875,15,1,1,stimulusMovement,1,-0.9903392593065897,-0.41477930545806885,1,3.04156494140625,1,-0.5569464630550808,-0.39544689655303955,1,2.993011474609375
8031.542,15,1,1,stimulusMovement,1,-0.9964992602666218,-0.4187679886817932,1,3.0083465576171875,1,-0.567149003346761,-0.39247041940689087,1,2.979156494140625
8048.208,15,1,1,stimulusMovement,1,-1.003234651353624,-0.4146310091018677,1,3.020538330078125,1,-0.5621703465779622,-0.39281463623046875,1,2.976776123046875
8064.875,15,1,1,stimulusMovement,1,-0.9957351485888163,-0.41879671812057495,1,3.0128326416015625,1,-0.5607953866322835,-0.3861188292503357,1,2.9868011474609375
8081.54,15,1,1,stimulusMovement,1,-0.9901499880684747,-0.42054861783981323,1,3.03546142578125,1,-0.5708567831251355,-0.39374029636383057,1,2.981048583984375
8098.208,15,1,1,stimulusMovement,1,-0.9798588752746582,-0.4267404079437256,1,3.056488037109375,1,-0.561458667119344,-0.3951679468154907,1,3.0142669677734375
8114.875,15,1,1,stimulusMovement,1,-1.0023559861712985,-0.41978639364242554,1,3.021881103515625,1,-0.5652914577060275,-0.39510005712509155,1,3.0078582763671875
8131.54,15,1,1,stimulusMovement,1,-0.9882614678806728,-0.4221712350845337,1,3.06585693359375,1,-0.5669692887200249,-0.3871384859085083,1,3.0166778564453125
8148.207,15,1,1,stimulusMovement,1,-0.9847764637735155,-0.43198680877685547,1,3.06109619140625,1,-0.5608028570810953,-0.39716488122940063,1,3.016571044921875
8164.874,15,1,1,stimulusMovement,1,-0.99228654967414,-0.42934197187423706,1,3.0467681884765625,1,-0.567492299609714,-0.3926790952682495,1,3.025970458984375
8181.54,15,1,1,stimulusMovement,1,-0.9955489900377061,-0.4238554835319519,1,3.057281494140625,1,-0.5692640675438775,-0.395749568939209,1,3.0188140869140625
8198.206,15,1,1,stimulusMovement,1,-0.9843635227945116,-0.4327380061149597,1,3.06622314453125,1,-0.5637010468377007,-0.3961446285247803,1,3.017822265625
8214.873,15,1,1,stimulusMovement,1,-0.986088044113583,-0.4264082908630371,1,3.0904388427734375,1,-0.5619076093037922,-0.39558231830596924,1,3.0294342041015625
8231.539,15,1,1,stimulusMovement,1,-0.9868940909703572,-0.4249732494354248,1,3.0776519775390625,1,-0.5661205185784234,-0.3902936577796936,1,3.0454864501953125
8248.206,15,1,1,stimulusMovement,1,-0.9866196844312879,-0.4237501621246338,1,3.10479736328125,1,-0.5634318987528483,-0.393939733505249,1,3.0464630126953125
8264.872,15,1,1,stimulusMovement,1,-0.9837990668084886,-0.43843114376068115,1,3.14715576171875,1,-0.5609478950500488,-0.3935278058052063,1,3.065032958984375
8281.538,15,1,1,stimulusMovement,1,-0.9856490029229058,-0.4232197403907776,1,3.115478515625,1,-0.5639121532440186,-0.3951188325881958,1,3.0569915771484375
8298.205,15,1,1,stimulusMovement,1,-1.0030012395646837,-0.42704761028289795,1,3.0873870849609375,1,-0.5508846176995171,-0.38453322649002075,1,3.0802001953125
8314.872,15,1,1,stimulusMovement,1,-0.9974986182318792,-0.42799174785614014,1,3.1131134033203125,1,-0.5631808439890543,-0.38872241973876953,1,3.0626983642578125
8331.538,15,1,1,stimulusMovement,1,-0.9906900458865695,-0.42887163162231445,1,3.107879638671875,1,-0.5653658972846137,-0.4007570743560791,1,3.0645751953125
8348.204,15,1,1,stimulusMovement,1,-0.9870316319995456,-0.43121641874313354,1,3.0998687744140625,1,-0.5658612251281738,-0.3956420421600342,1,3.065704345703125
8364.871,15,1,1,stimulusMovement,1,-1.000061723921034,-0.43192315101623535,1,3.0865020751953125,1,-0.5666685369279649,-0.39019715785980225,1,3.0621490478515625
8381.537,15,1,1,stimulusMovement,1,-0.9951533211602105,-0.4141714572906494,1,3.12042236328125,1,-0.5607467757331001,-0.3884735107421875,1,3.0822906494140625
8398.204,15,1,1,stimulusMovement,1,-0.9935878382788763,-0.41930150985717773,1,3.1157073974609375,1,-0.5620488325754801,-0.39694780111312866,1,3.0667266845703125
8414.87,15,1,1,stimulusMovement,1,-1.0092533297008939,-0.43176788091659546,1,3.12481689453125,1,-0.5591732925838894,-0.392082154750824,1,3.08392333984375
8431.536,15,1,1,stimulusMovement,1,-0.990500079260932,-0.4292196035385132,1,3.130462646484375,1,-0.5603493319617378,-0.38697558641433716,1,3.0908203125
8448.203,15,1,1,stimulusMovement,1,-0.9963955415619744,-0.429171085357666,1,3.135345458984375,1,-0.5665179093678792,-0.3922313451766968,1,3.0836181640625
8464.87,15,1,1,stimulusMovement,1,-0.9979147381252712,-0.4241190552711487,1,3.1494293212890625,1,-0.5579599274529351,-0.38673341274261475,1,3.08160400390625
8481.535,15,1,1,stimulusMovement,1,-0.9921391871240404,-0.42825889587402344,1,3.1522979736328125,1,-0.551592191060384,-0.3898569941520691,1,3.1147003173828125
8498.202,15,1,1,stimulusMovement,1,-0.9984703726238674,-0.42583799362182617,1,3.1320953369140625,1,-0.5533192422654893,-0.39248597621917725,1,3.088775634765625
8514.869,15,1,1,stimulusMovement,1,-0.9885201255480448,-0.4337139129638672,1,3.1468505859375,1,-0.5527334478166368,-0.3915819525718689,1,3.1118011474609375
8531.535,15,1,1,stimulusMovement,1,-0.9997502565383911,-0.4364476203918457,1,3.14178466796875,1,-0.5546013514200846,-0.3966895341873169,1,3.1026611328125
8548.201,15,1,1,stimulusMovement,1,-0.9842027160856458,-0.4319882392883301,1,3.1320953369140625,1,-0.5545420381757948,-0.39373260736465454,1,3.1329498291015625
8564.868,15,1,1,stimulusMovement,1,-0.9776497218343946,-0.43397778272628784,1,3.1372528076171875,1,-0.556195232603285,-0.39345473051071167,1,3.093109130859375
8581.533,15,1,1,stimulusMovement,1,-1.0017626020643446,-0.43136560916900635,1,3.1122894287109375,1,-0.5548787646823459,-0.4008854627609253,1,3.1259002685546875
8598.201,15,1,1,stimulusMovement,1,-0.9942554632822672,-0.42413467168807983,1,3.1359710693359375,1,-0.5562404791514078,-0.3969775438308716,1,3.12554931640625
8614.867,15,1,1,stimulusMovement,1,-0.9983819060855441,-0.4195556640625,1,3.1582489013671875,1,-0.5485212537977431,-0.3941078782081604,1,3.1249542236328125
8631.533,15,1,1,stimulusMovement,1,-0.9890686538484361,-0.4277597665786743,1,3.1028289794921875,1,-0.5586734612782795,-0.39303719997406006,1,3.1069793701171875
8648.199,15,1,1,stimulusMovement,1,-0.9926260842217339,-0.43175292015075684,1,3.123809814453125,1,-0.5622860590616862,-0.3910079598426819,1,3.1219024658203125
8664.867,15,1,1,stimulusMovement,1,-0.9905486702919006,-0.4365231990814209,1,3.1025848388671875,1,-0.5455759366353352,-0.39067697525024414,1,3.162139892578125
8681.532,15,1,1,stimulusMovement,1,-0.9890769587622747,-0.4336391091346741,1,3.10882568359375,1,-0.5533418390485976,-0.3973654508590698,1,3.11651611328125
8698.199,15,1,1,stimulusMovement,1,-1.0004697110917833,-0.4257112145423889,1,3.1243438720703125,1,-0.5535158581203884,-0.4013024568557739,1,3.131805419921875
8714.865,15,1,1,stimulusMovement,1,-0.9922162824206882,-0.42418062686920166,1,3.139617919921875,1,-0.5509078502655029,-0.3961986303329468,1,3.123382568359375
8731.532,15,1,1,stimulusMovement,1,-1.002995173136393,-0.4191880226135254,1,3.1297149658203125,1,-0.5500810146331787,-0.39301687479019165,1,3.134613037109375
8748.198,15,1,1,stimulusMovement,1,-0.9892192151811388,-0.4321189522743225,1,3.123779296875,1,-0.550498432583279,-0.39176446199417114,1,3.1412811279296875
8764.865,15,1,1,stimulusMovement,1,-0.9865740537643433,-0.42922937870025635,1,3.139984130859375,1,-0.5476100709703233,-0.395290732383728,1,3.120880126953125
8781.53,15,1,1,stimulusMovement,1,-0.9845286872651842,-0.4263593554496765,1,3.1328125,1,-0.5536482863956027,-0.3967634439468384,1,3.111053466796875
8798.198,15,1,1,stimulusMovement,1,-0.9917566378911336,-0.4299483299255371,1,3.1106109619140625,1,-0.5572082996368408,-0.39286690950393677,1,3.1039276123046875
8814.864,15,1,1,stimulusMovement,1,-0.9886600838767157,-0.44009292125701904,1,3.10113525390625,1,-0.5560848448011609,-0.3969533443450928,1,3.0955657958984375
8831.53,15,1,1,stimulusMovement,1,-0.9979591369628906,-0.4296386241912842,1,3.0907440185546875,1,-0.5632073084513346,-0.40097641944885254,1,3.0709075927734375
8848.196,15,1,1,stimulusMovement,1,-0.9835200839572482,-0.4388688802719116,1,3.09039306640625,1,-0.55869812435574,-0.39367592334747314,1,3.0721435546875
8864.863,15,1,1,stimulusMovement,1,-0.9983198444048563,-0.430835485458374,1,3.0622100830078125,1,-0.5627853605482313,-0.4012659192085266,1,3.0583953857421875
8881.529,15,1,1,stimulusMovement,1,-0.9909356766276889,-0.4386098384857178,1,3.0551605224609375,1,-0.5509196652306451,-0.400687575340271,1,3.02197265625
8898.195,15,1,1,stimulusMovement,1,-0.9813230766190423,-0.4364767074584961,1,3.0246429443359375,1,-0.560779333114624,-0.40278923511505127,1,3.0155487060546875
8914.862,15,1,1,stimulusMovement,1,-0.9876969390445285,-0.44385117292404175,1,3.00750732421875,1,-0.5636966228485107,-0.39823633432388306,1,3.00750732421875
8931.527,15,1,1,stimulusMovement,1,-0.9926236536767747,-0.4403562545776367,1,3.00140380859375,1,-0.5581212838490803,-0.4039463996887207,1,2.9800872802734375
8948.195,15,1,1,stimulusMovement,1,-0.979581938849555,-0.4432482123374939,1,2.9741668701171875,1,-0.5637799898783366,-0.4080604910850525,1,2.9630889892578125
8964.861,15,1,1,stimulusMovement,1,-0.9854197700818379,-0.44551795721054077,1,2.9605560302734375,1,-0.5575773980882432,-0.4051617980003357,1,2.9577789306640625
8981.527,15,1,1,stimulusMovement,1,-0.9778591526879205,-0.44268012046813965,1,2.9378662109375,1,-0.5587411456637912,-0.4088019132614136,1,2.9533538818359375
8998.193,15,1,1,stimulusMovement,1,-0.9944467014736599,-0.44379663467407227,1,2.9406890869140625,1,-0.5546301470862495,-0.41010725498199463,1,2.946868896484375
9014.86,15,1,1,stimulusMovement,1,-0.9944346613354152,-0.4430174231529236,1,2.8986968994140625,1,-0.5696028603447808,-0.40915560722351074,1,2.92041015625
9031.526,15,1,1,stimulusMovement,1,-0.987915019194285,-0.4354686141014099,1,2.8957672119140625,1,-0.5638620853424072,-0.4061037302017212,1,2.9181365966796875
9048.192,15,1,1,stimulusMovement,1,-0.9888784090677897,-0.44356656074523926,1,2.8910064697265625,1,-0.5549995369381374,-0.4145122170448303,1,2.922698974609375
9064.859,15,1,1,stimulusMovement,1,-0.9754503568013508,-0.45181822776794434,1,2.8911895751953125,1,-0.5569326612684461,-0.41202110052108765,1,2.8730010986328125
9081.525,15,1,1,stimulusMovement,1,-0.9625602430767483,-0.453410804271698,1,2.9040374755859375,1,-0.56601881980896,-0.41482168436050415,1,2.8697509765625
9098.192,15,1,1,stimulusMovement,1,-0.974195745256212,-0.44154125452041626,1,2.8958740234375,1,-0.5628711117638482,-0.4164765477180481,1,2.8691864013671875
9114.858,15,1,1,stimulusMovement,1,-0.9915642605887518,-0.4414231777191162,1,2.8516082763671875,1,-0.5610162682003444,-0.40950077772140503,1,2.8477630615234375
9131.524,15,1,1,stimulusMovement,1,-0.991583850648668,-0.44166189432144165,1,2.82525634765625,1,-0.5657452742258707,-0.4090704321861267,1,2.84783935546875
9148.191,15,1,1,stimulusMovement,1,-0.9891313645574781,-0.44024330377578735,1,2.826263427734375,1,-0.5592235459221734,-0.40045028924942017,1,2.8629302978515625
9164.857,15,1,1,stimulusMovement,1,-0.9992708431349859,-0.4429817199707031,1,2.7870025634765625,1,-0.5617418554094102,-0.4104713797569275,1,2.838958740234375
9181.523,15,1,1,stimulusMovement,1,-0.9952656295564439,-0.4466630220413208,1,2.802032470703125,1,-0.5667286184098985,-0.4094715118408203,1,2.824310302734375
9198.19,15,1,1,stimulusMovement,1,-0.9827241367763943,-0.44681376218795776,1,2.8203277587890625,1,-0.5649849573771158,-0.41321706771850586,1,2.7950439453125
9214.856,15,1,1,stimulusMovement,1,-0.988686011897193,-0.44672542810440063,1,2.796051025390625,1,-0.5728806124793159,-0.41688573360443115,1,2.7777099609375
9231.522,15,1,1,stimulusMovement,1,-0.9727769957648382,-0.4459766149520874,1,2.82940673828125,1,-0.5618399779001871,-0.4153370261192322,1,2.79541015625
9248.189,15,1,1,stimulusMovement,1,-1.0014651616414387,-0.4423902630805969,1,2.8170013427734375,1,-0.570055431789822,-0.4209492802619934,1,2.7903594970703125
9264.855,15,1,1,stimulusMovement,1,-1.0021008518007066,-0.4463125467300415,1,2.8030548095703125,1,-0.5661612351735432,-0.4195762872695923,1,2.8021392822265625
9281.521,15,1,1,stimulusMovement,1,-0.9942993190553453,-0.438346266746521,1,2.7626953125,1,-0.5684649679395887,-0.418026328086853,1,2.7887725830078125
9298.188,15,1,1,stimulusMovement,1,-0.9461431503295898,-0.460260272026062,1,2.860015869140625,1,-0.5624412960476345,-0.4202253222465515,1,2.7901458740234375
9314.854,15,1,1,stimulusMovement,1,-0.9922264085875616,-0.4466298818588257,1,2.789031982421875,1,-0.5623897711435953,-0.413074254989624,1,2.796234130859375
9331.52,15,1,1,stimulusMovement,1,-0.9803948137495252,-0.4488319158554077,1,2.806396484375,1,-0.5605316162109375,-0.41363704204559326,1,2.813629150390625
9348.186,15,1,1,stimulusMovement,1,-0.9784040451049805,-0.4613419771194458,1,2.8158111572265625,1,-0.5587312645382351,-0.41360384225845337,1,2.8003082275390625
9364.853,15,1,1,stimulusMovement,1,-0.9906307127740648,-0.4472280740737915,1,2.8036956787109375,1,-0.5646694501241047,-0.42218780517578125,1,2.7832794189453125
9381.519,15,1,1,stimulusMovement,1,-0.9977308710416157,-0.45072323083877563,1,2.7740478515625,1,-0.5611572530534532,-0.414376437664032,1,2.7881317138671875
9398.185,15,1,1,stimulusMovement,1,-0.978078822294871,-0.4554261565208435,1,2.8018341064453125,1,-0.5780355930328369,-0.42137885093688965,1,2.806640625
9414.852,15,1,1,stimulusMovement,1,-1.0010471211539373,-0.4444100856781006,1,2.7900238037109375,1,-0.5570020410749646,-0.4189916253089905,1,2.810455322265625
9431.518,15,1,1,stimulusMovement,1,-0.9724700715806749,-0.45596057176589966,1,2.8018035888671875,1,-0.5747899479336208,-0.41653716564178467,1,2.82952880859375
9448.184,15,1,1,stimulusMovement,1,-0.9844944675763447,-0.4405782222747803,1,2.8003082275390625,1,-0.564203765657213,-0.413213849067688,1,2.8260650634765625
9464.851,15,1,1,stimulusMovement,1,-0.9872503413094414,-0.447956919670105,1,2.7920684814453125,1,-0.5584230952792697,-0.41799628734588623,1,2.8191986083984375
9481.516,15,1,1,stimulusMovement,1,-0.971573617723253,-0.45017755031585693,1,2.8219146728515625,1,-0.5636518796284993,-0.40894651412963867,1,2.809417724609375
9498.183,15,1,1,stimulusMovement,1,-0.9625043537881639,-0.46107280254364014,1,2.849151611328125,1,-0.5631504058837891,-0.41819459199905396,1,2.809234619140625
9514.85,15,1,1,stimulusMovement,1,-0.9862565795580546,-0.4441670775413513,1,2.8005523681640625,1,-0.569569879108005,-0.4202479124069214,1,2.8162841796875
9531.515,15,1,1,stimulusMovement,1,-0.9695498413509792,-0.4613668918609619,1,2.8468475341796875,1,-0.5602197117275661,-0.41995084285736084,1,2.8183746337890625
9548.182,15,1,1,stimulusMovement,1,-0.9737286567687988,-0.45290207862854004,1,2.8563995361328125,1,-0.5619011455112033,-0.4211706519126892,1,2.83306884765625
9564.849,15,1,1,stimulusMovement,1,-0.9777518378363714,-0.4538407325744629,1,2.8313446044921875,1,-0.5676989025539821,-0.4181100130081177,1,2.8632049560546875
9581.515,15,1,1,stimulusMovement,1,-0.9678057564629449,-0.4552720785140991,1,2.8686981201171875,1,-0.5593200259738498,-0.41933518648147583,1,2.8433685302734375
9598.181,15,1,1,stimulusMovement,1,-0.9735231531990899,-0.460723340511322,1,2.9010772705078125,1,-0.566627820332845,-0.41312384605407715,1,2.857940673828125
9614.848,15,1,1,stimulusMovement,1,-1.0045627752939859,-0.4574235677719116,1,2.8311920166015625,1,-0.5655795733133951,-0.421097993850708,1,2.8628387451171875
9631.513,15,1,1,stimulusMovement,1,-0.983087228404151,-0.45059603452682495,1,2.8755645751953125,1,-0.5653775797949897,-0.4202897548675537,1,2.8524627685546875
9648.18,15,1,1,stimulusMovement,1,-0.9780012038018968,-0.45953571796417236,1,2.8183135986328125,1,-0.5613846249050564,-0.42023229598999023,1,2.859039306640625
9664.846,15,1,1,stimulusMovement,1,-0.9837025867568121,-0.4564814567565918,1,2.834228515625,1,-0.5620057847764757,-0.4188593626022339,1,2.8555450439453125
9681.512,15,1,1,stimulusMovement,1,-0.9609709514511956,-0.4661787748336792,1,2.8588409423828125,1,-0.5630491044786241,-0.4175671339035034,1,2.864471435546875
9698.178,15,1,1,stimulusMovement,1,-0.9756475819481744,-0.4575282335281372,1,2.85125732421875,1,-0.5594302283393012,-0.42298996448516846,1,2.840911865234375
9714.845,15,1,1,stimulusMovement,1,-0.9647072884771558,-0.45766228437423706,1,2.8402862548828125,1,-0.5502092838287354,-0.41867637634277344,1,2.8654937744140625
9731.511,15,1,1,stimulusMovement,1,-0.956288715203603,-0.45146262645721436,1,2.8613128662109375,1,-0.5545088715023464,-0.41872018575668335,1,2.8672637939453125
9748.177,15,1,1,stimulusMovement,1,-0.9465150700675116,-0.46192461252212524,1,2.853973388671875,1,-0.5412987338172065,-0.41825413703918457,1,2.84716796875
9764.844,15,1,1,stimulusMovement,1,-0.9495678610271877,-0.4441092610359192,1,2.819305419921875,1,-0.5363238387637668,-0.42086875438690186,1,2.83544921875
9781.509,15,1,1,stimulusMovement,1,-0.9490917523701985,-0.4443311095237732,1,2.7871246337890625,1,-0.5299056371053059,-0.4121055006980896,1,2.824249267578125
9798.176,15,1,1,stimulusMovement,1,-0.8699365473455852,-0.38214629888534546,1,2.7391510009765625,1,-0.4359304110209147,-0.3484293222427368,1,2.8587646484375
9814.843,15,1,1,stimulusMovement,1,-0.8602905140982733,-0.3905630111694336,1,2.783905029296875,1,-0.43683200412326384,-0.3558276295661926,1,2.8606719970703125
9831.508,15,1,1,stimulusMovement,1,-0.8429550329844157,-0.37523704767227173,1,2.7534332275390625,1,-0.40380859375,-0.3292946219444275,1,2.81195068359375
9848.174,15,1,1,stimulusMovement,1,-0.8429241213533613,-0.3810350298881531,1,2.749755859375,1,-0.4119096861945258,-0.3356923460960388,1,2.8224639892578125
9864.841,15,1,1,stimulusMovement,1,-0.8372192879517872,-0.3717760443687439,1,2.7125396728515625,1,-0.39786248736911345,-0.3264925479888916,1,2.8212890625
9881.507,15,1,1,stimulusMovement,1,-0.8305285837915208,-0.37630534172058105,1,2.737274169921875,1,-0.3961902194552951,-0.3211643695831299,1,2.779144287109375
9898.173,15,1,1,stimulusMovement,1,-0.8316425151295131,-0.3652207851409912,1,2.699432373046875,1,-0.4018810060289171,-0.31880033016204834,1,2.7696075439453125
9914.84,15,1,1,stimulusMovement,1,-0.8239872323142157,-0.36436235904693604,1,2.7220916748046875,1,-0.39450401730007595,-0.31657522916793823,1,2.780609130859375
9931.506,15,1,1,stimulusMovement,1,-0.8130772511164347,-0.36292487382888794,1,2.6841583251953125,1,-0.3804411358303494,-0.30958932638168335,1,2.7819366455078125
9948.173,15,1,1,stimulusMovement,1,-0.8030830025672913,-0.3626854419708252,1,2.703826904296875,1,-0.3712193171183268,-0.2936694622039795,1,2.7173919677734375
9964.839,15,1,1,stimulusMovement,1,-0.8035336666636996,-0.35680854320526123,1,2.6898040771484375,1,-0.3729703691270616,-0.3049260377883911,1,2.7525787353515625
9981.505,15,1,1,stimulusMovement,1,-0.7551687823401557,-0.30642127990722656,1,2.6794891357421875,1,-0.30918227301703555,-0.24979424476623535,1,2.711517333984375
9998.171,15,1,1,stimulusMovement,1,-0.7009911007351345,-0.25221341848373413,1,2.6400604248046875,1,-0.27330361472235787,-0.21724677085876465,1,2.688446044921875
10014.838,15,1,1,stimulusMovement,1,-0.6984148025512695,-0.2825390100479126,1,2.7149200439453125,1,-0.25616497463650173,-0.20106136798858643,1,2.6977386474609375
10031.503,15,1,1,stimulusMovement,1,-0.6899701224433051,-0.26052868366241455,1,2.6772918701171875,1,-0.24986600875854492,-0.19982779026031494,1,2.6936492919921875
10048.17,15,1,1,stimulusMovement,1,-0.6906209124459161,-0.26678210496902466,1,2.686920166015625,1,-0.2382160292731391,-0.18812274932861328,1,2.6868743896484375
10064.836,15,1,1,stimulusMovement,1,-0.6723889774746364,-0.2468910813331604,1,2.6444091796875,0,nan,nan,0,nan
10081.502,15,1,1,stimulusMovement,1,-0.6796705192989773,-0.26926106214523315,1,2.69268798828125,1,-0.2246498531765408,-0.17727130651474,1,2.675048828125
10098.168,15,1,1,stimulusMovement,1,-0.6834705670674641,-0.2554584741592407,1,2.70599365234375,1,-0.21751859452989364,-0.1836419701576233,1,2.6920928955078125
10114.835,15,1,1,stimulusMovement,1,-0.66421906153361,-0.251475989818573,1,2.6856842041015625,1,-0.21975411309136283,-0.18013203144073486,1,2.70672607421875
10131.5,15,1,1,stimulusMovement,1,-0.6463839213053385,-0.23857629299163818,1,2.6731109619140625,0,nan,nan,0,nan
10148.167,15,1,1,stimulusMovement,1,-0.6258067025078667,-0.2366853952407837,1,2.6090087890625,1,-0.18344476487901476,-0.1714773178100586,1,2.6906585693359375
10164.833,15,1,1,stimulusMovement,1,-0.6158162752787272,-0.2439182996749878,1,2.6815032958984375,1,-0.18147860633002386,-0.16560792922973633,1,2.628265380859375
10181.499,15,1,1,stimulusMovement,1,-0.5366397698720295,-0.1841469407081604,1,2.610260009765625,1,-0.10112894905938041,-0.12715935707092285,1,2.666839599609375
10198.165,15,1,1,stimulusMovement,1,-0.48384661144680446,-0.16898930072784424,1,2.623565673828125,1,-0.06691763136121961,-0.11609005928039551,1,2.6404266357421875
10214.832,15,1,1,stimulusMovement,1,-0.4713517824808756,-0.14930039644241333,1,2.60345458984375,1,-0.039363861083984375,-0.10175228118896484,1,2.6306304931640625
10231.498,15,1,1,stimulusMovement,1,-0.4666143523322211,-0.15795230865478516,1,2.5966033935546875,1,-0.03050581614176432,-0.09166979789733887,1,2.6408538818359375
10248.164,15,1,1,stimulusMovement,1,-0.45926671557956267,-0.13583499193191528,1,2.540313720703125,1,-0.02635563744439019,-0.08593475818634033,1,2.6263885498046875
10264.83,15,1,1,stimulusMovement,1,-0.4441086451212565,-0.13378441333770752,1,2.53570556640625,1,-0.018453068203396265,-0.07480651140213013,1,2.6178131103515625
10281.496,15,1,1,stimulusMovement,1,-0.439192877875434,-0.13028079271316528,1,2.5435791015625,1,-0.02077982160780165,-0.07489967346191406,1,2.59051513671875
10298.163,15,1,1,stimulusMovement,1,-0.43691857655843097,-0.13688510656356812,1,2.537506103515625,1,-0.013094054328070745,-0.06976032257080078,1,2.57049560546875
10314.83,15,1,1,stimulusMovement,1,-0.4279274410671658,-0.12225174903869629,1,2.520965576171875,1,-0.0032462014092339408,-0.06699293851852417,1,2.5732879638671875
10331.495,15,1,1,stimulusMovement,1,-0.4210120836893717,-0.12050819396972656,1,2.5120849609375,1,0.012959904140896266,-0.05819976329803467,1,2.552459716796875
10348.162,15,1,1,stimulusMovement,1,-0.41672367519802517,-0.12252330780029297,1,2.51702880859375,1,0.019262843661838107,-0.05313467979431152,1,2.56646728515625
10364.828,15,1,1,stimulusMovement,1,-0.3990563286675347,-0.11375945806503296,1,2.5090789794921875,1,0.02564557393391927,-0.04387110471725464,1,2.5440521240234375
10381.494,15,1,1,stimulusMovement,1,-0.39095412360297305,-0.11076104640960693,1,2.494720458984375,1,0.030237197875976562,-0.044993579387664795,1,2.5716400146484375
10398.16,15,1,1,stimulusMovement,1,-0.37771044837103945,-0.11138772964477539,1,2.4750518798828125,1,0.0427146487765842,-0.03930872678756714,1,2.5708160400390625
10414.827,15,1,1,stimulusMovement,1,-0.3673094113667806,-0.09939360618591309,1,2.49169921875,1,0.049449178907606334,-0.03735053539276123,1,2.5460052490234375
10431.492,15,1,1,stimulusMovement,1,-0.3582567109002007,-0.09534198045730591,1,2.4885406494140625,1,0.06268988715277778,-0.025612354278564453,1,2.5732421875
10448.159,15,1,1,stimulusMovement,1,-0.34871387481689453,-0.07988876104354858,1,2.472259521484375,1,0.07175223032633463,-0.020643949508666992,1,2.5359039306640625
10464.825,15,1,1,stimulusMovement,1,-0.33599461449517143,-0.08153587579727173,1,2.477996826171875,1,0.0815476311577691,-0.0085601806640625,1,2.5218505859375
10481.49,15,1,1,stimulusMovement,1,-0.248244391547309,-0.02716052532196045,1,2.460968017578125,1,0.2830876244439019,0.03697511553764343,1,2.5427398681640625
10498.157,15,1,1,stimulusMovement,1,-0.2275475396050347,-0.008243262767791748,1,2.50537109375,1,0.31278207567003036,0.07314860820770264,1,2.541839599609375
10514.824,15,1,1,stimulusMovement,1,-0.09798219468858506,0.0060758888721466064,1,2.4996490478515625,1,0.3427441914876302,0.07771146297454834,1,2.554473876953125
10531.489,15,1,1,stimulusMovement,1,-0.08484925164116754,0.005746245384216309,1,2.5071258544921875,1,0.33985137939453125,0.08424824476242065,1,2.577880859375
10548.155,15,1,1,stimulusMovement,1,-0.07836537890964083,0.0060097575187683105,1,2.4984588623046875,1,0.3540219200981988,0.0906318724155426,1,2.574005126953125
10564.822,15,1,1,stimulusMovement,1,-0.06972736782497829,0.011167049407958984,1,2.4905242919921875,1,0.36539056566026473,0.10010764002799988,1,2.5588836669921875
10581.487,15,1,1,stimulusMovement,1,-0.05439731809828016,0.02696835994720459,1,2.5030517578125,1,0.3758828904893663,0.10906484723091125,1,2.542083740234375
10598.154,15,1,1,stimulusMovement,1,-0.05436102549235026,0.019067436456680298,1,2.526947021484375,1,0.3811609480116102,0.11306428909301758,1,2.54986572265625
10614.82,15,1,1,stimulusMovement,1,-0.05018472671508789,0.03254711627960205,1,2.5171356201171875,1,0.39182790120442706,0.1145857572555542,1,2.5484771728515625
10631.486,15,1,1,stimulusMovement,1,-0.029609786139594182,0.03133752942085266,1,2.4943389892578125,1,0.4088372124565972,0.12428632378578186,1,2.5494232177734375
10648.152,15,1,1,stimulusMovement,1,-0.025823275248209633,0.021713048219680786,1,2.5326385498046875,1,0.4167577955457899,0.13030850887298584,1,2.561248779296875
10664.819,15,1,1,stimulusMovement,1,-0.014114591810438367,0.03464910387992859,1,2.485992431640625,1,0.4322052001953125,0.1278693675994873,1,2.5556640625
10681.485,15,1,1,stimulusMovement,1,-0.00919500986735026,0.03968393802642822,1,2.490692138671875,1,0.43513891432020396,0.139154314994812,1,2.5247039794921875
10698.151,15,1,1,stimulusMovement,1,0.003617816501193576,0.04176509380340576,1,2.4983978271484375,1,0.45311737060546875,0.14481085538864136,1,2.540771484375
10714.818,15,1,1,stimulusMovement,1,0.005110422770182291,0.04805558919906616,1,2.4975738525390625,1,0.46384027269151473,0.14878898859024048,1,2.5280609130859375
10731.483,15,1,1,stimulusMovement,1,0.022221141391330294,0.05057591199874878,1,2.46685791015625,1,0.47538481818305117,0.16446006298065186,1,2.5289459228515625
10748.15,15,1,1,stimulusMovement,1,0.036181131998697914,0.05652981996536255,1,2.49798583984375,1,0.4817805820041232,0.1630764603614807,1,2.5084228515625
10764.816,15,1,1,stimulusMovement,1,0.041718800862630204,0.05945003032684326,1,2.5044403076171875,1,0.5047964519924587,0.17469757795333862,1,2.505828857421875
10781.482,15,1,1,stimulusMovement,1,0.0590826670328776,0.06863248348236084,1,2.4737701416015625,1,0.5063785976833767,0.17692631483078003,1,2.5090789794921875
10798.148,15,1,1,stimulusMovement,1,0.06676514943440755,0.06687858700752258,1,2.498931884765625,1,0.5119102266099718,0.17842018604278564,1,2.51287841796875
10814.814,15,1,1,stimulusMovement,1,0.07097869449191622,0.06475359201431274,1,2.4786376953125,1,0.5307206047905816,0.17865347862243652,1,2.5019989013671875
10831.48,15,1,1,stimulusMovement,1,0.08380889892578125,0.06480139493942261,1,2.4968414306640625,1,0.5396247439914279,0.19473055005073547,1,2.4947662353515625
10848.146,15,1,1,stimulusMovement,1,0.08928023444281684,0.08554959297180176,1,2.4844818115234375,1,0.5437431335449219,0.18945544958114624,1,2.51336669921875
10864.813,15,1,1,stimulusMovement,1,0.09941482543945312,0.08001884818077087,1,2.500274658203125,1,0.5553046332465278,0.18799510598182678,1,2.511932373046875
10881.478,15,1,1,stimulusMovement,1,0.15067418416341144,0.14861881732940674,1,2.50396728515625,1,0.6236970689561632,0.27244773507118225,1,2.5647735595703125
10898.145,15,1,1,stimulusMovement,1,0.16594303978814018,0.17270439863204956,1,2.507415771484375,1,0.636354022555881,0.2945713996887207,1,2.5214691162109375
10914.811,15,1,1,stimulusMovement,1,0.18748897976345485,0.1797480285167694,1,2.5184173583984375,1,0.6453022427029079,0.3059827387332916,1,2.553253173828125
10931.476,15,1,1,stimulusMovement,1,0.1892081366644965,0.19154813885688782,1,2.512603759765625,1,0.6580236223008897,0.30324335396289825,1,2.57257080078125
10948.143,15,1,1,stimulusMovement,1,0.19804657830132377,0.19054573774337769,1,2.5074462890625,1,0.660504659016927,0.3048771023750305,1,2.572296142578125
10964.809,15,1,1,stimulusMovement,1,0.20095189412434894,0.18917077779769897,1,2.524322509765625,1,0.6679514778984917,0.30883243680000305,1,2.56201171875
10981.475,15,1,1,stimulusMovement,1,0.21588961283365884,0.19535252451896667,1,2.5244598388671875,1,0.6718718210856119,0.318430632352829,1,2.6016082763671875
10998.141,15,1,1,stimulusMovement,1,0.21265178256564668,0.19100040197372437,1,2.5268096923828125,1,0.6814361148410373,0.31675073504447937,1,2.5889129638671875
11014.807,15,1,1,stimulusMovement,1,0.21885299682617188,0.20376628637313843,1,2.5348663330078125,1,0.6797744962904188,0.323995903134346,1,2.587890625
11031.473,15,1,1,stimulusMovement,1,0.2275575002034505,0.20487001538276672,1,2.544677734375,1,0.6881781684027778,0.3333202004432678,1,2.6058807373046875
11048.14,15,1,1,stimulusMovement,1,0.23470624287923175,0.20836246013641357,1,2.51806640625,1,0.6996630562676324,0.3325321078300476,1,2.6154022216796875
11064.807,15,1,1,stimulusMovement,1,0.23482025994194877,0.20503664016723633,1,2.547515869140625,1,0.709816190931532,0.3389129638671875,1,2.6041412353515625
11081.472,15,1,1,stimulusMovement,1,0.25066979726155597,0.21021834015846252,1,2.5121002197265625,1,0.7137423621283637,0.3285186439752579,1,2.627166748046875
11098.138,15,1,1,stimulusMovement,1,0.2514119678073459,0.210857093334198,1,2.53662109375,1,0.7297950320773654,0.3474578857421875,1,2.5982818603515625
11114.805,15,1,1,stimulusMovement,1,0.25303607516818577,0.21541720628738403,1,2.5538177490234375,1,0.7418024275037977,0.3561386466026306,1,2.613800048828125
11131.47,15,1,1,stimulusMovement,1,0.27335092756483287,0.23167920112609863,1,2.530364990234375,1,0.7403546439276801,0.3532126694917679,1,2.618896484375
11148.136,15,1,1,stimulusMovement,1,0.2779252794053819,0.23001551628112793,1,2.515625,1,0.7577402326795789,0.36489319801330566,1,2.6140289306640625
11164.803,15,1,1,stimulusMovement,1,0.28816646999782985,0.2301657497882843,1,2.558685302734375,1,0.7727767096625434,0.3724457323551178,1,2.600982666015625
11181.468,15,1,1,stimulusMovement,1,0.2994861602783203,0.24424049258232117,1,2.5329742431640625,1,0.7808492448594835,0.3729955703020096,1,2.6085052490234375
11198.135,15,1,1,stimulusMovement,1,0.3422989315456814,0.2528624087572098,1,2.553497314453125,1,0.8280860053168402,0.39063870906829834,1,2.63482666015625
11214.802,15,1,1,stimulusMovement,1,0.47135819329155815,0.2801706790924072,1,2.54315185546875,1,0.9719571007622613,0.42930130660533905,1,2.6198577880859375
11231.468,15,1,1,stimulusMovement,1,0.49299324883355033,0.2882034331560135,1,2.5554046630859375,1,0.9874585469563801,0.446728628128767,1,2.638946533203125
11248.135,15,1,1,stimulusMovement,1,0.5070243411593967,0.30068111419677734,1,2.537750244140625,1,1.0046666463216145,0.45117151737213135,1,2.6347503662109375
11264.802,15,1,1,stimulusMovement,1,0.516856935289171,0.3040873110294342,1,2.56768798828125,1,1.0080782572428384,0.4574172757565975,1,2.6390838623046875
11281.468,15,1,1,stimulusMovement,1,0.5390437444051106,0.3187141418457031,1,2.5581512451171875,1,1.0270044538709853,0.4688047766685486,1,2.664031982421875
11298.135,15,1,1,stimulusMovement,1,0.538034545050727,0.32270433008670807,1,2.5689849853515625,1,1.0346200731065538,0.46582823246717453,1,2.681121826171875
11314.802,15,1,1,stimulusMovement,1,0.541728655497233,0.32045358419418335,1,2.5852813720703125,1,1.0347991519504123,0.47679537907242775,1,2.6696319580078125
11331.468,15,1,1,stimulusMovement,1,0.5578233930799695,0.33081716299057007,1,2.605743408203125,1,1.0575879414876301,0.4844360798597336,1,2.7008209228515625
11348.135,15,1,1,stimulusMovement,1,0.5691826078626844,0.3345656096935272,1,2.597259521484375,1,1.0581205156114366,0.4837298057973385,1,2.695159912109375
11364.802,15,1,1,stimulusMovement,1,0.5821187761094835,0.3430747389793396,1,2.594268798828125,1,1.065288331773546,0.4900286886841059,1,2.6914520263671875
11381.468,15,1,1,stimulusMovement,1,0.5924663543701172,0.348026841878891,1,2.6224517822265625,1,1.0815048217773438,0.4982634998159483,1,2.731658935546875
11398.135,15,1,1,stimulusMovement,1,0.5939598083496094,0.3429544270038605,1,2.62982177734375,1,1.0864440070258246,0.5017618765123188,1,2.73516845703125
11414.803,15,1,1,stimulusMovement,1,0.6110271877712673,0.3570013791322708,1,2.635040283203125,1,1.097391128540039,0.5061880014836788,1,2.75311279296875
11431.469,15,1,1,stimulusMovement,1,0.6095456017388238,0.3478425443172455,1,2.6402587890625,1,1.1014217800564237,0.5120342252776027,1,2.735870361328125
11448.136,15,1,1,stimulusMovement,1,0.61782349480523,0.3577032834291458,1,2.624908447265625,1,1.1032757229275174,0.5046642799861729,1,2.766082763671875
11464.803,15,1,1,stimulusMovement,1,0.6197856267293294,0.3564937263727188,1,2.6295928955078125,1,1.1048956976996527,0.5189345832914114,1,2.782135009765625
11481.469,15,1,1,stimulusMovement,1,0.6128120422363281,0.35930798947811127,1,2.6532440185546875,1,1.1040547688802083,0.512419743463397,1,2.7716522216796875
11498.136,15,1,1,stimulusMovement,1,0.6092620425754123,0.3553989827632904,1,2.6518402099609375,1,1.106774436102973,0.510409152135253,1,2.77838134765625
11514.803,15,1,1,stimulusMovement,1,0.6031592686971028,0.364645391702652,1,2.6246490478515625,1,1.0889606475830078,0.5170863512903452,1,2.7779998779296875
11531.469,15,1,1,stimulusMovement,1,0.5945272445678711,0.35561908781528473,1,2.6475830078125,1,1.0880393981933594,0.5188321359455585,1,2.7695465087890625
11548.136,15,1,1,stimulusMovement,1,0.5938378440009223,0.35796108841896057,1,2.6578521728515625,1,1.081075456407335,0.516439400613308,1,2.7762603759765625
11564.803,15,1,1,stimulusMovement,1,0.5817351871066623,0.36215580999851227,1,2.66058349609375,1,1.0687022738986545,0.5043390328064561,1,2.7899322509765625
11581.469,15,1,1,stimulusMovement,1,0.5727624893188477,0.3561628758907318,1,2.6651611328125,1,1.0633788638644748,0.5084283174946904,1,2.781890869140625
11598.136,15,1,1,stimulusMovement,1,0.5078245798746744,0.33998866379261017,1,2.65435791015625,1,0.984397464328342,0.5102059803903103,1,2.79827880859375
11614.803,15,1,1,stimulusMovement,1,0.5122872458563911,0.34229010343551636,1,2.660552978515625,1,0.9960140652126735,0.49828645307570696,1,2.786041259765625
11631.469,15,1,1,stimulusMovement,1,0.5052278306749132,0.34968045353889465,1,2.6689605712890625,1,0.9816792805989583,0.49718439648859203,1,2.78106689453125
11648.136,15,1,1,stimulusMovement,1,0.49646525912814665,0.3351580500602722,1,2.681396484375,1,0.9879023234049479,0.5018093092367053,1,2.801300048828125
11664.803,15,1,1,stimulusMovement,1,0.5021705627441406,0.33278125524520874,1,2.6853179931640625,1,0.987556669447157,0.4995411118725315,1,2.8075714111328125
11681.469,15,1,1,stimulusMovement,1,0.4972532060411241,0.33583348989486694,1,2.6879119873046875,1,0.9865798950195312,0.5012059547007084,1,2.8329620361328125
11698.136,15,1,1,stimulusMovement,1,0.49220148722330725,0.33103926479816437,1,2.7111663818359375,1,0.9858459896511501,0.49707566504366696,1,2.823516845703125
11714.803,15,1,1,stimulusMovement,1,0.49408912658691406,0.3374069035053253,1,2.712310791015625,1,0.9870098961724175,0.49871154758147895,1,2.8423919677734375
11731.469,15,1,1,stimulusMovement,1,0.4987831115722656,0.3399263620376587,1,2.7113037109375,1,0.9795920054117838,0.5011918956879526,1,2.8472747802734375
11748.136,15,1,1,stimulusMovement,1,0.49660661485460067,0.33539479970932007,1,2.7346954345703125,1,0.9805942111545138,0.4993969358620234,1,2.842864990234375
11764.803,15,1,1,stimulusMovement,1,0.49807516733805335,0.33009687066078186,1,2.7244873046875,1,0.9820783403184679,0.5005338089540601,1,2.8505401611328125
11781.47,15,1,1,stimulusMovement,1,0.5001483493381076,0.3351784944534302,1,2.7517547607421875,1,0.9872930314805772,0.5017523770220578,1,2.8741607666015625
11798.137,15,1,1,stimulusMovement,1,0.5004945331149631,0.34592413902282715,1,2.7545318603515625,1,0.9797320895724826,0.5041655208915472,1,2.886444091796875
11814.804,15,1,1,stimulusMovement,1,0.5003896289401584,0.3540547788143158,1,2.725372314453125,1,0.9828003777398003,0.503884956240654,1,2.8802642822265625
11831.47,15,1,1,stimulusMovement,1,0.49869643317328555,0.3462531268596649,1,2.7911834716796875,1,0.9838598039415147,0.5089037111029029,1,2.890777587890625
11848.137,15,1,1,stimulusMovement,1,0.49963908725314665,0.33781470358371735,1,2.7520904541015625,1,0.9805340237087673,0.5026672638487071,1,2.9027862548828125
11864.804,15,1,1,stimulusMovement,1,0.49710199568006724,0.33738064765930176,1,2.764739990234375,1,0.9846261342366536,0.501159009989351,1,2.89593505859375
11881.47,15,1,1,stimulusMovement,1,0.5039536158243815,0.33999353647232056,1,2.76080322265625,1,0.9897132449679904,0.5059757097624242,1,2.8963470458984375
11898.137,15,1,1,stimulusMovement,1,0.5034654405381944,0.3451739251613617,1,2.7450408935546875,1,0.9849446614583333,0.5057958527468145,1,2.8918914794921875
11914.804,15,1,1,stimulusMovement,1,0.5077881283230251,0.3530920743942261,1,2.7435302734375,1,0.9840766059027777,0.5005971713690087,1,2.8717193603515625
11931.47,15,1,1,stimulusMovement,1,0.5025713178846571,0.3431449830532074,1,2.747283935546875,1,0.9810964796278211,0.5058310399763286,1,2.8813629150390625
11948.137,15,1,1,stimulusMovement,1,0.5012476179334853,0.3331568241119385,1,2.7371063232421875,1,0.9831258985731336,0.5035514268092811,1,2.865814208984375
11964.804,15,1,1,stimulusMovement,1,0.4976071251763238,0.3402511179447174,1,2.7413177490234375,1,0.9867331186930338,0.5103818960487843,1,2.8547821044921875
11981.47,15,1,1,stimulusMovement,1,0.5115477244059244,0.34105050563812256,1,2.7370758056640625,1,0.9856330023871527,0.5118932202458382,1,2.867828369140625
11998.137,15,1,1,stimulusMovement,1,0.5059021843804253,0.3424547612667084,1,2.736297607421875,1,0.9908941056993272,0.5063960254192352,1,2.837188720703125
12014.804,15,1,1,stimulusMovement,1,0.5058809916178385,0.339200496673584,1,2.740203857421875,1,0.9871968163384331,0.5065849181264639,1,2.851287841796875
12031.47,15,1,1,stimulusMovement,1,0.5081123775906032,0.3454430550336838,1,2.715423583984375,1,0.9924460517035589,0.5080058993771672,1,2.8499755859375
12048.137,15,1,1,stimulusMovement,1,0.5038861168755425,0.34446191787719727,1,2.7327880859375,1,0.9882159762912326,0.5082127060741186,1,2.8548583984375
12064.804,15,1,1,stimulusMovement,1,0.5125727123684353,0.34494245052337646,1,2.7249908447265625,1,0.9885993533664279,0.5087840696796775,1,2.8564605712890625
12081.47,15,1,1,stimulusMovement,1,0.5046015845404731,0.3469254970550537,1,2.7307891845703125,1,0.9907519022623698,0.5055455709807575,1,2.8738250732421875
12098.137,15,1,1,stimulusMovement,1,0.5062060885959201,0.3471168130636215,1,2.715423583984375,1,0.9889496697319878,0.5108086029067636,1,2.8738250732421875
12114.804,15,1,1,stimulusMovement,1,0.5051253636678059,0.3350541591644287,1,2.7200469970703125,1,0.9882596333821614,0.5128860762342811,1,2.880889892578125
12131.47,15,1,1,stimulusMovement,1,0.511832767062717,0.34516429901123047,1,2.747772216796875,1,0.9894267188178167,0.5096142087131739,1,2.8755035400390625
12148.137,15,1,1,stimulusMovement,1,0.5107354058159722,0.34165874123573303,1,2.7286224365234375,1,0.9850499894883897,0.5061439648270607,1,2.885345458984375
12164.805,15,1,1,stimulusMovement,1,0.5087237887912326,0.33992141485214233,1,2.7550811767578125,1,0.9874854617648654,0.5020925886929035,1,2.8975677490234375
12181.471,15,1,1,stimulusMovement,1,0.5107621086968316,0.3378393054008484,1,2.760711669921875,1,0.9900658925374348,0.5038467147387564,1,2.8897552490234375
12198.138,15,1,1,stimulusMovement,1,0.5132481257120768,0.3373623192310333,1,2.7531890869140625,1,0.9866053263346354,0.5061326543800533,1,2.911224365234375
12214.805,15,1,1,stimulusMovement,1,0.515575091044108,0.3323684632778168,1,2.77313232421875,1,0.9898308648003472,0.5020919325761497,1,2.9135589599609375
12231.471,15,1,1,stimulusMovement,1,0.5040613810221354,0.33218562602996826,1,2.791015625,1,0.9833997090657551,0.5058329622261226,1,2.9072418212890625
12248.138,15,1,1,stimulusMovement,1,0.5082725948757595,0.33538320660591125,1,2.7791748046875,1,0.9871580335828992,0.5047727404162288,1,2.926422119140625
12264.805,15,1,1,stimulusMovement,1,0.513948016696506,0.3372487425804138,1,2.77825927734375,1,0.9894161224365234,0.5015131514519453,1,2.9355316162109375
12281.471,15,1,1,stimulusMovement,1,0.5105737050374348,0.33927229046821594,1,2.7960357666015625,1,0.9894008636474609,0.49762696819379926,1,2.9318695068359375
12298.138,15,1,1,stimulusMovement,1,0.49876976013183594,0.33551904559135437,1,2.832000732421875,1,0.9893514845106336,0.49806717364117503,1,2.9374542236328125
12314.805,15,1,1,stimulusMovement,1,0.503127204047309,0.3420315682888031,1,2.818878173828125,1,0.9889623853895398,0.5020952392369509,1,2.9537506103515625
12331.471,15,1,1,stimulusMovement,1,0.5018287234836154,0.33463937044143677,1,2.8389434814453125,1,0.9834611680772569,0.5028215709608048,1,2.9730224609375
12348.138,15,1,1,stimulusMovement,1,0.5096463097466363,0.3396853804588318,1,2.8382415771484375,1,0.9851252237955729,0.48793305456638336,1,3.003997802734375
12364.805,15,1,1,stimulusMovement,1,0.5044030083550347,0.3329072743654251,1,2.8481597900390625,1,0.9912225935194227,0.4988275107461959,1,2.997344970703125
12381.471,15,1,1,stimulusMovement,1,0.5088486141628689,0.33936646580696106,1,2.8801727294921875,1,0.9880797068277994,0.49486141465604305,1,2.9996185302734375
12398.138,15,1,1,stimulusMovement,1,0.5091887580023872,0.3334511071443558,1,2.8729248046875,1,0.9821656545003254,0.48839006666094065,1,3.0305328369140625
12414.805,15,1,1,stimulusMovement,1,0.5108849207560221,0.33892911672592163,1,2.890106201171875,1,0.9875890943739148,0.49142909049987793,1,3.0406494140625
12431.471,15,1,1,stimulusMovement,1,0.49983257717556423,0.3258522152900696,1,2.885467529296875,1,0.9848768446180555,0.49336798349395394,1,3.0269317626953125
12448.138,15,1,1,stimulusMovement,1,0.5072837405734592,0.33563369512557983,1,2.912933349609375,1,0.9899970160590277,0.49200012255460024,1,3.03460693359375
12464.805,15,1,1,stimulusMovement,1,0.5029529995388454,0.34233543276786804,1,2.92266845703125,1,0.9822807312011719,0.4990442101843655,1,3.0452117919921875
12481.471,15,1,1,stimulusMovement,1,0.5086727142333984,0.33150798082351685,1,2.9480438232421875,1,0.9859828948974609,0.4923258973285556,1,3.0547332763671875
12498.138,15,1,1,stimulusMovement,1,0.500244140625,0.33921536803245544,1,2.9547576904296875,1,0.9904484219021267,0.49147930927574635,1,3.0702972412109375
12514.805,15,1,1,stimulusMovement,1,0.5036260816786025,0.33446526527404785,1,2.966583251953125,1,0.983791775173611,0.4949364000931382,1,3.084075927734375
12531.472,15,1,1,stimulusMovement,1,0.5058356391059028,0.3372061252593994,1,2.965728759765625,1,0.9795106252034504,0.48924239072948694,1,3.0689239501953125
12548.139,15,1,1,stimulusMovement,1,0.5025738610161675,0.336694598197937,1,2.974761962890625,1,0.9793580373128254,0.4911418501287699,1,3.089385986328125
12564.806,15,1,1,stimulusMovement,1,0.5054554409450954,0.33072422444820404,1,2.970489501953125,1,0.9839820861816406,0.4817615672945976,1,3.110260009765625
12581.472,15,1,1,stimulusMovement,1,0.5100239647759331,0.33860042691230774,1,2.96246337890625,1,0.9829086727566189,0.4827058147639036,1,3.1204071044921875
12598.139,15,1,1,stimulusMovement,1,0.511615965101454,0.3364303410053253,1,2.987884521484375,1,0.9825625949435763,0.4882910456508398,1,3.1125335693359375
12614.806,15,1,1,stimulusMovement,1,0.5043964385986328,0.33737337589263916,1,3.002655029296875,1,0.9804573059082031,0.48638150561600924,1,3.121826171875
12631.472,15,1,1,stimulusMovement,1,0.5131238301595051,0.33180277049541473,1,2.9832305908203125,1,0.9853892856174045,0.48396923020482063,1,3.133331298828125
12648.139,15,1,1,stimulusMovement,1,0.514394654168023,0.337734192609787,1,3.0059356689453125,1,0.9802000257703992,0.4857240039855242,1,3.1349334716796875
12664.806,15,1,1,stimulusMovement,1,0.512223137749566,0.3327031582593918,1,3.019012451171875,1,0.987286885579427,0.4870285540819168,1,3.1444549560546875
12681.472,15,1,1,stimulusMovement,1,0.5190681881374782,0.33636701107025146,1,3.0071868896484375,1,0.9975763956705729,0.49008884839713573,1,3.1488037109375
12698.139,15,1,1,stimulusMovement,1,0.5191226535373263,0.34055382013320923,1,3.0338592529296875,1,0.9945049285888672,0.4859846867620945,1,3.173858642578125
12714.806,15,1,1,stimulusMovement,1,0.5198883480495876,0.33245453238487244,1,3.0462646484375,1,0.985664579603407,0.4875282272696495,1,3.1814117431640625
12731.472,15,1,1,stimulusMovement,1,0.5257563061184353,0.3474533408880234,1,3.0386505126953125,1,0.9864139556884766,0.48916091211140156,1,3.179412841796875
12748.139,15,1,1,stimulusMovement,1,0.5207090377807617,0.3440748304128647,1,3.0426483154296875,1,0.9901286231146917,0.4892819542437792,1,3.1666107177734375
12764.806,15,1,1,stimulusMovement,1,0.5304429796006944,0.3522713780403137,1,3.0838775634765625,1,0.9876452551947699,0.48962247371673584,1,3.1786346435546875
12781.472,15,1,1,stimulusMovement,1,0.5268936157226562,0.3422732353210449,1,3.043792724609375,1,0.9920372433132595,0.4965096509549767,1,3.18304443359375
12798.139,15,1,1,stimulusMovement,1,0.5170086754692925,0.3416619449853897,1,3.053070068359375,1,0.9886889987521701,0.493308337405324,1,3.1800537109375
12814.806,15,1,1,fixation,1,0.5280160903930664,0.3400566577911377,1,3.0713348388671875,1,0.994103537665473,0.493827692233026,1,3.1726531982421875
12831.472,15,1,1,fixation,1,0.5193161434597439,0.3504974991083145,1,3.072265625,1,0.9853990342881944,0.4917593486607075,1,3.175994873046875
12848.139,15,1,1,fixation,1,0.5294823116726345,0.3345622420310974,1,2.8500823974609375,0,nan,nan,0,nan
12864.806,15,1,1,fixation,0,nan,nan,0,nan,0,nan,nan,0,nan
12881.473,15,1,1,fixation,1,0.5139433542887369,0.33758121728897095,1,3.0271148681640625,1,0.9838939242892795,0.49439021572470665,1,3.152984619140625
12898.139,15,1,1,fixation,1,0.5274221632215712,0.33757513761520386,1,2.8255615234375,0,nan,nan,0,nan
12914.807,15,1,1,fixation,0,nan,nan,0,nan,0,nan,nan,0,nan
12931.474,15,1,1,fixation,1,0.5183563232421875,0.3434009999036789,1,3.01287841796875,1,0.9859224955240885,0.49036275781691074,1,3.1362152099609375
12948.14,15,1,1,fixation,1,0.5250908533732096,0.33928772807121277,1,2.7915191650390625,0,nan,nan,0,nan
12964.807,15,1,1,fixation,0,nan,nan,0,nan,0,nan,nan,0,nan
12981.474,15,1,1,fixation,1,0.5115939246283637,0.3365342766046524,1,2.96160888671875,1,0.9812761942545573,0.4919441668316722,1,3.1173553466796875
12998.14,15,1,1,fixation,1,0.5289873547024196,0.336960569024086,1,2.7554168701171875,0,nan,nan,0,nan
13014.807,15,1,1,fixation,0,nan,nan,0,nan,0,nan,nan,0,nan
13031.474,15,1,1,fixation,1,0.5183196597629123,0.3427846133708954,1,2.9227142333984375,1,0.9868812561035156,0.49199349619448185,1,3.1015777587890625
13048.14,15,1,1,fixation,1,0.5244681040445963,0.340948149561882,1,2.7290802001953125,0,nan,nan,0,nan
13064.807,15,1,1,fixation,0,nan,nan,0,nan,0,nan,nan,0,nan
13081.474,15,1,1,fixation,1,0.5187488132052951,0.3444503843784332,1,2.900238037109375,1,0.9884279039171007,0.49291945016011596,1,3.0827178955078125
13098.14,15,1,1,fixation,1,0.5248609118991427,0.33964183926582336,1,2.714202880859375,0,nan,nan,0,nan
13114.807,15,1,1,fixation,0,nan,nan,0,nan,0,nan,nan,0,nan
13131.474,15,1,1,fixation,1,0.5117835998535156,0.3425918370485306,1,2.9114837646484375,1,0.9868144989013672,0.49959365534596145,1,3.0885467529296875
13148.14,15,1,1,fixation,1,0.5300470987955729,0.33863359689712524,1,2.711151123046875,0,nan,nan,0,nan
13164.807,15,1,1,fixation,0,nan,nan,0,nan,0,nan,nan,0,nan
13181.474,15,1,1,fixation,1,0.5185580783420138,0.342814564704895,1,2.9279022216796875,1,0.9926700592041016,0.49813465820625424,1,3.0821990966796875
13198.14,15,1,1,fixation,1,0.5364959504869249,0.34469178318977356,1,2.708648681640625,0,nan,nan,0,nan
13214.807,15,1,1,fixation,0,nan,nan,0,nan,0,nan,nan,0,nan
13231.474,15,1,1,fixation,1,0.5236260096232096,0.35290777683258057,1,2.8966064453125,1,0.9902757008870442,0.500634158262983,1,3.06646728515625
13248.14,15,1,1,fixation,1,0.5346879959106445,0.3443501889705658,1,2.706298828125,0,nan,nan,0,nan
13264.807,15,1,1,fixation,0,nan,nan,0,nan,0,nan,nan,0,nan
13281.475,15,1,1,fixation,1,0.5283280478583442,0.35016512870788574,1,2.9036712646484375,1,0.9919066958957248,0.4973176815547049,1,3.0753173828125
13298.141,15,1,1,fixation,1,0.5283889770507812,0.344475582242012,1,2.69580078125,0,nan,nan,0,nan
13314.808,15,1,1,fixation,0,nan,nan,0,nan,0,nan,nan,0,nan
13331.475,15,1,1,fixation,1,0.5183525085449219,0.3474353849887848,1,2.8958587646484375,1,0.991406758626302,0.49935062561417,1,3.0673828125
13348.141,15,1,1,fixation,1,0.526349385579427,0.3430590480566025,1,2.6836700439453125,0,nan,nan,0,nan
13364.808,15,1,1,fixation,0,nan,nan,0,nan,0,nan,nan,0,nan
13381.475,15,1,1,fixation,1,0.5210257636176215,0.3397814482450485,1,2.8624725341796875,1,0.9930731455485026,0.4940656153485179,1,3.0643310546875
13398.141,15,1,1,fixation,1,0.5248827404446071,0.3429119884967804,1,2.6830596923828125,0,nan,nan,0,nan
13414.808,15,1,1,fixation,0,nan,nan,0,nan,0,nan,nan,0,nan
13431.475,15,1,1,fixation,1,0.5248739454481337,0.337935209274292,1,2.8859405517578125,1,0.9871758355034722,0.494951996486634,1,3.0520172119140625
13448.141,15,1,1,fixation,1,0.5212552812364366,0.342286616563797,1,2.6841888427734375,0,nan,nan,0,nan
13464.808,15,1,1,fixation,0,nan,nan,0,nan,0,nan,nan,0,nan
13481.475,15,1,1,fixation,1,0.5173422495524088,0.3502509444952011,1,2.8905792236328125,1,0.9801235198974609,0.49529946874827147,1,3.062774658203125
13498.141,15,1,1,fixation,1,0.5193024741278754,0.3424060195684433,1,2.688812255859375,0,nan,nan,0,nan
13514.808,15,1,1,fixation,0,nan,nan,0,nan,0,nan,nan,0,nan
13531.475,15,1,1,fixation,1,0.515766355726454,0.3454515188932419,1,2.8902740478515625,1,0.9857529534233941,0.4998896791948937,1,3.0814208984375
13548.141,15,1,1,fixation,1,0.5199094348483615,0.3455173373222351,1,2.6941986083984375,0,nan,nan,0,nan
13564.808,15,1,1,fixation,0,nan,nan,0,nan,0,nan,nan,0,nan
13581.475,15,1,1,fixation,1,0.5038409762912326,0.34947341680526733,1,2.8954925537109375,1,0.9853869544135199,0.49834196036681533,1,3.109283447265625
13598.141,15,1,1,fixation,1,0.5181890063815646,0.3444175273180008,1,2.7097930908203125,0,nan,nan,0,nan
13614.808,15,1,1,fixation,0,nan,nan,0,nan,0,nan,nan,0,nan
13631.475,15,1,1,fixation,1,0.5125141143798828,0.35113462805747986,1,2.9347686767578125,1,0.9749823676215277,0.49797451589256525,1,3.120330810546875
13648.142,15,1,1,fixation,1,0.5188624064127604,0.345777228474617,1,2.7248687744140625,0,nan,nan,0,nan
13664.809,15,1,1,fixation,0,nan,nan,0,nan,0,nan,nan,0,nan
13681.476,15,1,1,fixation,1,0.5086728201972114,0.353127583861351,1,2.961395263671875,1,0.9768943786621094,0.4956732885912061,1,3.1246490478515625
13698.142,15,1,1,fixation,1,0.5191475550333658,0.3466557264328003,1,2.746368408203125,0,nan,nan,0,nan
13714.809,15,1,1,fixation,0,nan,nan,0,nan,0,nan,nan,0,nan
13731.476,15,1,1,fixation,1,0.5083358552720811,0.3419199585914612,1,2.9752197265625,1,0.9780777825249566,0.49886895483359694,1,3.148345947265625
13748.142,15,1,1,fixation,1,0.5179736879136827,0.3435271382331848,1,2.7690887451171875,1,0.9634331597222222,0.5050011347047985,1,2.9608612060546875
13764.809,15,1,1,fixation,0,nan,nan,0,nan,0,nan,nan,0,nan
13781.476,15,1,1,fixation,1,0.507351345486111,0.34473803639411926,1,2.981689453125,1,0.9793264600965711,0.5037012211978436,1,3.1716766357421875
13798.142,15,1,1,fixation,1,0.5176063113742404,0.3406059741973877,1,2.7963409423828125,0,nan,nan,0,nan
13814.809,15,1,1,stimulusMovement,0,nan,nan,0,nan,0,nan,nan,0,nan
13831.476,15,1,1,stimulusMovement,1,0.5119675530327691,0.34779712557792664,1,3.0106964111328125,1,0.9722398122151692,0.49635174311697483,1,3.180877685546875
13848.142,15,1,1,stimulusMovement,1,0.5058116912841797,0.33974602818489075,1,3.0341644287109375,1,0.976748784383138,0.4956875406205654,1,3.208953857421875
13864.809,15,1,1,stimulusMovement,1,0.5110346476236979,0.34200868010520935,1,3.0465545654296875,1,0.977301279703776,0.4991730563342571,1,3.2182769775390625
13881.475,15,1,1,stimulusMovement,1,0.5064108106825087,0.3445562571287155,1,3.0579376220703125,1,0.9725905524359808,0.4960891865193844,1,3.2205352783203125
13898.142,15,1,1,stimulusMovement,1,0.5073750813802083,0.3456609696149826,1,3.0452117919921875,1,0.9694523281521267,0.4923009043559432,1,3.22760009765625
13914.809,15,1,1,stimulusMovement,1,0.5078439712524414,0.3516633063554764,1,3.0862274169921875,1,0.9707113901774088,0.49447680078446865,1,3.2419281005859375
13931.475,15,1,1,stimulusMovement,1,0.5026495191786025,0.34292176365852356,1,3.0627593994140625,1,0.9752000172932942,0.49871212942525744,1,3.235443115234375
13948.142,15,1,1,stimulusMovement,1,0.5060384538438585,0.33125174045562744,1,3.09722900390625,1,0.9715667300754123,0.4929869365878403,1,3.239654541015625
13964.809,15,1,1,stimulusMovement,1,0.5049734115600586,0.33789491653442383,1,3.079193115234375,1,0.9696623484293619,0.49006979539990425,1,3.253753662109375
13981.475,15,1,1,stimulusMovement,1,0.5074958801269531,0.335884228348732,1,3.1006622314453125,1,0.9736686282687717,0.4903597431257367,1,3.2625274658203125
13998.142,15,1,1,stimulusMovement,1,0.508622063530816,0.34851522743701935,1,3.10028076171875,1,0.9758247799343532,0.49030048307031393,1,3.2655792236328125
14014.809,15,1,1,stimulusMovement,1,0.5132918887668185,0.34786608815193176,1,3.113922119140625,1,0.9766608344184027,0.4977513486519456,1,3.2800445556640625
14031.476,15,1,1,stimulusMovement,1,0.5020778444078233,0.3465421199798584,1,3.14923095703125,1,0.9683598412407769,0.4953373419120908,1,3.2635650634765625
14048.143,15,1,1,stimulusMovement,1,0.5209914313422309,0.34583011269569397,1,3.1316986083984375,1,0.9720626407199435,0.49199346732348204,1,3.292572021484375
14064.81,15,1,1,stimulusMovement,1,0.5172059800889757,0.33280837535858154,1,3.1260833740234375,1,0.9722247653537326,0.4914421271532774,1,3.2962188720703125
14081.476,15,1,1,stimulusMovement,1,0.5021244684855143,0.33316096663475037,1,3.1276702880859375,1,0.9725129869249132,0.49073587637394667,1,3.2870025634765625
14098.143,15,1,1,stimulusMovement,1,0.49994373321533203,0.3369313180446625,1,3.1480560302734375,1,0.9720969729953342,0.4851491851732135,1,3.320220947265625
14114.81,15,1,1,stimulusMovement,1,0.5080183876885308,0.34356141090393066,1,3.1437530517578125,1,0.9746324751112195,0.48797201458364725,1,3.2896881103515625
14131.476,15,1,1,stimulusMovement,1,0.5086213217841254,0.33499637246131897,1,3.16949462890625,1,0.972738054063585,0.4882414620369673,1,3.3051910400390625
14148.143,15,1,1,stimulusMovement,1,0.5074418385823567,0.34011632204055786,1,3.1585235595703125,1,0.9664904276529948,0.48268022388219833,1,3.334747314453125
14164.81,15,1,1,stimulusMovement,1,0.51111634572347,0.34112733602523804,1,3.157196044921875,1,0.9629849327935113,0.4914351738989353,1,3.3330535888671875
14181.476,15,1,1,stimulusMovement,1,0.5030718909369575,0.3435477316379547,1,3.17681884765625,1,0.9581703609890407,0.4848947199061513,1,3.3312225341796875
14198.143,15,1,1,stimulusMovement,1,0.5046700371636285,0.34620337188243866,1,3.1948089599609375,1,0.9722400241427951,0.48788392171263695,1,3.3451690673828125
14214.81,15,1,1,stimulusMovement,1,0.5071608225504557,0.3400581479072571,1,3.1886138916015625,1,0.9663997226291232,0.49323244439437985,1,3.355010986328125
14231.476,15,1,1,stimulusMovement,1,0.5030767652723525,0.33663812279701233,1,3.18780517578125,1,0.9603936937120225,0.48663630429655313,1,3.355255126953125
14248.143,15,1,1,stimulusMovement,1,0.5095000796847873,0.34281131625175476,1,3.2232818603515625,1,0.9637548658582898,0.490675063803792,1,3.36328125
14264.81,15,1,1,stimulusMovement,1,0.5026257832845051,0.3439604640007019,1,3.19671630859375,1,0.9693484836154513,0.4877511728554964,1,3.370208740234375
14281.476,15,1,1,stimulusMovement,1,0.5118613772922092,0.3432479202747345,1,3.2100677490234375,1,0.9638324313693576,0.48424743860960007,1,3.36712646484375
14298.143,15,1,1,stimulusMovement,1,0.5039850870768229,0.3347868323326111,1,3.2052001953125,1,0.9664382934570312,0.4892353005707264,1,3.3679046630859375
14314.81,15,1,1,stimulusMovement,1,0.505510648091634,0.34145045280456543,1,3.2324066162109375,1,0.959745619032118,0.48117211274802685,1,3.3629608154296875
14331.476,15,1,1,stimulusMovement,1,0.5012637244330512,0.33727800846099854,1,3.2312469482421875,1,0.965179443359375,0.4864258160814643,1,3.377838134765625
14348.143,15,1,1,stimulusMovement,1,0.5099690755208333,0.36135149002075195,1,3.2595367431640625,1,0.9615641699896917,0.48440686240792274,1,3.3663177490234375
14364.81,15,1,1,stimulusMovement,1,0.5154160393608941,0.35196539759635925,1,3.2535552978515625,1,0.9579412672254773,0.48440554924309254,1,3.3981781005859375
14381.476,15,1,1,stimulusMovement,1,0.509797626071506,0.33882714807987213,1,3.225311279296875,1,0.9643300374348958,0.4844090286642313,1,3.399993896484375
14398.144,15,1,1,stimulusMovement,1,0.5196238623725044,0.34006446599960327,1,3.24560546875,1,0.9587317572699652,0.48338114470243454,1,3.3730010986328125
14414.811,15,1,1,stimulusMovement,1,0.5093935860527886,0.34434403479099274,1,3.2440948486328125,1,0.9613369835747613,0.4867539033293724,1,3.3809356689453125
14431.477,15,1,1,stimulusMovement,1,0.5055079989963107,0.3355526030063629,1,3.246917724609375,1,0.9684660169813367,0.48543340899050236,1,3.3836822509765625
14448.144,15,1,1,stimulusMovement,1,0.5042112138536241,0.349471852183342,1,3.2625579833984375,1,0.9629639519585503,0.4763329643756151,1,3.3796844482421875
14464.811,15,1,1,stimulusMovement,1,0.5127190483940972,0.3412763774394989,1,3.2286834716796875,1,0.9670956929524739,0.4831571225076914,1,3.3857574462890625
14481.477,15,1,1,stimulusMovement,1,0.5004715389675564,0.34300175309181213,1,3.242767333984375,1,0.9660260942247179,0.4821903817355633,1,3.3906097412109375
14498.143,15,1,1,stimulusMovement,1,0.515247556898329,0.35497769713401794,1,3.2668609619140625,1,0.9667070176866319,0.48317356407642365,1,3.36328125
14514.81,15,1,1,stimulusMovement,1,0.5214099884033203,0.35659773647785187,1,3.2537994384765625,1,0.9646934933132595,0.48783376067876816,1,3.356842041015625
14531.476,15,1,1,stimulusMovement,1,0.5112142562866211,0.3393820822238922,1,3.2584075927734375,1,0.9633447859022352,0.48083224706351757,1,3.3736114501953125
14548.143,15,1,1,stimulusMovement,1,0.5195725758870442,0.35550399124622345,1,3.2855072021484375,1,0.9621509975857204,0.4822560530155897,1,3.3702850341796875
14564.81,15,1,1,stimulusMovement,1,0.5143273671468098,0.34540584683418274,1,3.263214111328125,1,0.9653875562879773,0.4807848446071148,1,3.375244140625
14581.475,15,1,1,stimulusMovement,1,0.5197517606947157,0.3525257855653763,1,3.2876129150390625,1,0.9650173187255859,0.4791397787630558,1,3.3670196533203125
14598.142,15,1,1,stimulusMovement,1,0.5141128963894314,0.35394343733787537,1,3.2756805419921875,1,0.9700495402018229,0.47592291980981827,1,3.364501953125
14614.809,15,1,1,stimulusMovement,1,0.513035774230957,0.3387763202190399,1,3.2657928466796875,1,0.9710294935438367,0.4781503286212683,1,3.366943359375
14631.475,15,1,1,stimulusMovement,1,0.5150636037190754,0.3435220420360565,1,3.2593231201171875,1,0.9686552683512369,0.4832216650247574,1,3.3689117431640625
14648.141,15,1,1,stimulusMovement,1,0.5119040807088215,0.33580705523490906,1,3.2531890869140625,1,0.9711053636338975,0.4787365458905697,1,3.371734619140625
14664.808,15,1,1,stimulusMovement,1,0.5156767103407118,0.3399467468261719,1,3.26849365234375,1,0.9655693901909722,0.4767357371747494,1,3.373626708984375
14681.474,15,1,1,stimulusMovement,1,0.5139098697238498,0.3310602456331253,1,3.2460479736328125,1,0.9677566952175564,0.4832903854548931,1,3.3579864501953125
14698.141,15,1,1,stimulusMovement,1,0.5150871276855469,0.3457909971475601,1,3.257080078125,1,0.971366458468967,0.4760947935283184,1,3.3793182373046875
14714.808,15,1,1,stimulusMovement,1,0.506550047132704,0.3377224802970886,1,3.2347259521484375,1,0.96746826171875,0.48369935899972916,1,3.3775482177734375
14731.473,15,1,1,stimulusMovement,1,0.5026897854275173,0.3391956686973572,1,3.25982666015625,1,0.9680256313747829,0.4768641646951437,1,3.3760986328125
14748.14,15,1,1,stimulusMovement,1,0.504669189453125,0.32961907982826233,1,3.2352294921875,1,0.9701042175292969,0.4788948018103838,1,3.37396240234375
14764.807,15,1,1,stimulusMovement,1,0.5076985889010959,0.3337443470954895,1,3.2506103515625,1,0.967230478922526,0.4829522352665663,1,3.3707275390625
14781.474,15,1,1,stimulusMovement,1,0.5111354192097981,0.341281995177269,1,3.262115478515625,1,0.9712354871961805,0.48104890435934067,1,3.357391357421875
14798.14,15,1,1,stimulusMovement,1,0.5129881964789497,0.3422474265098572,1,3.2153778076171875,1,0.9652139875623914,0.4781246446073055,1,3.367156982421875
14814.807,15,1,1,stimulusMovement,1,0.5186472998725044,0.3361099362373352,1,3.2279205322265625,1,0.9733206431070963,0.482100997120142,1,3.365020751953125
14831.473,15,1,1,stimulusMovement,1,0.5171254475911458,0.3385525196790695,1,3.2296905517578125,1,0.9645093282063801,0.4822968393564224,1,3.34918212890625
14848.14,15,1,1,stimulusMovement,1,0.5148641798231337,0.34263530373573303,1,3.18878173828125,1,0.9718695746527777,0.4832930266857147,1,3.3575439453125
14864.807,15,1,1,stimulusMovement,1,0.5124730004204644,0.33980144560337067,1,3.190887451171875,1,0.9712935553656683,0.4813758786767721,1,3.355072021484375
14881.472,15,1,1,stimulusMovement,1,0.5085527631971571,0.32973167300224304,1,3.1693572998046875,1,0.9682966868082682,0.4813801907002926,1,3.3228302001953125
14898.139,15,1,1,stimulusMovement,1,0.5081719292534722,0.3361257016658783,1,3.156463623046875,1,0.9717782338460286,0.47787773236632347,1,3.3250885009765625
14914.806,15,1,1,stimulusMovement,1,0.5068940056694878,0.33178454637527466,1,3.14239501953125,1,0.9670403798421223,0.4782402887940407,1,3.303985595703125
14931.472,15,1,1,stimulusMovement,1,0.5109430948893229,0.3300224244594574,1,3.1304931640625,1,0.9676392873128254,0.4791991524398327,1,3.2953338623046875
14948.139,15,1,1,stimulusMovement,1,0.5054300096299913,0.3339671194553375,1,3.08807373046875,1,0.9740829467773438,0.47961743734776974,1,3.26922607421875
14964.805,15,1,1,stimulusMovement,1,0.49480289883083767,0.32488566637039185,1,3.0899658203125,1,0.9657796223958333,0.4757241364568472,1,3.2679595947265625
14981.471,15,1,1,stimulusMovement,1,0.5060096316867404,0.32795025408267975,1,3.091522216796875,1,0.9656541612413194,0.4760739095509052,1,3.2597503662109375
14998.138,15,1,1,stimulusMovement,1,0.5047697491115993,0.32505857944488525,1,3.0649566650390625,1,0.9710301293267144,0.4842775985598564,1,3.2479400634765625
15014.805,15,1,1,stimulusMovement,1,0.5067200130886501,0.3258984088897705,1,3.0489959716796875,1,0.9706980387369791,0.4835876077413559,1,3.2368011474609375
15031.47,15,1,1,stimulusMovement,1,0.5043594572279189,0.3331170380115509,1,3.062591552734375,1,0.9741935729980469,0.4815513342618942,1,3.2295684814453125
15048.137,15,1,1,stimulusMovement,1,0.5125033060709635,0.33030395209789276,1,3.019683837890625,1,0.9749861823187933,0.4912091549485922,1,3.222991943359375
15064.804,15,1,1,stimulusMovement,1,0.5065032111273872,0.33374667167663574,1,3.0149993896484375,1,0.9727594587537977,0.48152428679168224,1,3.2139739990234375
15081.47,15,1,1,stimulusMovement,1,0.504217783610026,0.32910633087158203,1,2.98736572265625,1,0.9745152791341145,0.48559186793863773,1,3.2054595947265625
15098.136,15,1,1,stimulusMovement,1,0.5065303378634982,0.33066582679748535,1,2.9967498779296875,1,0.974699232313368,0.48576842807233334,1,3.1924591064453125
15114.803,15,1,1,stimulusMovement,1,0.5009481641981337,0.32898569107055664,1,2.9728851318359375,1,0.9771135118272569,0.4758026748895645,1,3.184967041015625
15131.469,15,1,1,stimulusMovement,1,0.49932108985053164,0.3346439599990845,1,2.9728546142578125,1,0.9712638854980469,0.47985610365867615,1,3.20220947265625
15148.137,15,1,1,stimulusMovement,1,0.5043506622314453,0.33002710342407227,1,2.9672393798828125,1,0.9740350511338975,0.4848621357232332,1,3.18365478515625
15164.803,15,1,1,stimulusMovement,1,0.5091187159220377,0.3278319537639618,1,2.9560394287109375,1,0.9770948621961805,0.4811544194817543,1,3.1763458251953125
15181.469,15,1,1,stimulusMovement,1,0.5101775063408746,0.32993675768375397,1,2.950286865234375,1,0.9832956526014539,0.48071196489036083,1,3.1596221923828125
15198.136,15,1,1,stimulusMovement,1,0.5115816328260634,0.32376013696193695,1,2.9320068359375,1,0.9771111806233723,0.47566393576562405,1,3.1572265625
15214.803,15,1,1,stimulusMovement,1,0.5120245615641276,0.32567496597766876,1,2.9127349853515625,1,0.9791829850938585,0.46970314159989357,1,3.1448516845703125
15231.469,15,1,1,stimulusMovement,1,0.515560574001736,0.3316584378480911,1,2.9347991943359375,1,0.9810585445827907,0.4754930753260851,1,3.143157958984375
15248.135,15,1,1,stimulusMovement,1,0.511978891160753,0.3221275061368942,1,2.900848388671875,1,0.983994377983941,0.47330230101943016,1,3.1175079345703125
15264.802,15,1,1,stimulusMovement,1,0.5131662156846788,0.3237857222557068,1,2.9025115966796875,1,0.9845055474175347,0.4708275683224201,1,3.1107025146484375
15281.468,15,1,1,stimulusMovement,1,0.5077368418375651,0.3220195919275284,1,2.8933258056640625,1,0.9821832444932725,0.4714274238795042,1,3.0831298828125
15298.135,15,1,1,stimulusMovement,1,0.5139293670654297,0.30681419372558594,1,2.9067230224609375,1,0.9827533298068576,0.47482263669371605,1,3.092041015625
15314.801,15,1,1,stimulusMovement,1,0.5095591015285915,0.3251388669013977,1,2.871337890625,1,0.9808038075764973,0.4727429933845997,1,3.1043853759765625
15331.467,15,1,1,stimulusMovement,1,0.5189935896131728,0.3218443691730499,1,2.8716888427734375,1,0.983237796359592,0.4731287844479084,1,3.0626678466796875
15348.134,15,1,1,stimulusMovement,1,0.5136951870388454,0.31475701928138733,1,2.86468505859375,1,0.9764938354492188,0.47462671995162964,1,3.07354736328125
15364.801,15,1,1,stimulusMovement,1,0.5203964445326064,0.3172723054885864,1,2.867095947265625,1,0.9779828389485676,0.4744258262217045,1,3.0646514892578125
15381.466,15,1,1,stimulusMovement,1,0.5125643412272135,0.31602075695991516,1,2.8850555419921875,1,0.9765981038411458,0.472719406709075,1,3.060943603515625
15398.133,15,1,1,stimulusMovement,1,0.5152779685126411,0.3140895366668701,1,2.870269775390625,1,0.9778929816351996,0.46742185950279236,1,3.0458221435546875
15414.8,15,1,1,stimulusMovement,1,0.5060974756876627,0.3201524168252945,1,2.8724365234375,1,0.9774477216932508,0.4731981158256531,1,3.0406951904296875
15431.466,15,1,1,stimulusMovement,1,0.5039516025119357,0.31385916471481323,1,2.860565185546875,1,0.9775500827365451,0.4696020185947418,1,3.050079345703125
15448.132,15,1,1,stimulusMovement,1,0.5077140596177843,0.31041307747364044,1,2.8563690185546875,1,0.9743862152099609,0.46887263655662537,1,3.0427703857421875
15464.799,15,1,1,stimulusMovement,1,0.5131789313422309,0.32102857530117035,1,2.8481292724609375,1,0.9792052374945746,0.464050754904747,1,3.0064697265625
15481.465,15,1,1,stimulusMovement,1,0.5092449188232422,0.3136943280696869,1,2.8719635009765625,1,0.9772766960991753,0.46980779990553856,1,3.028656005859375
15498.132,15,1,1,stimulusMovement,1,0.5198192596435547,0.3158741742372513,1,2.8209228515625,1,0.973843044704861,0.4619860053062439,1,3.0108642578125
15514.799,15,1,1,stimulusMovement,1,0.513837178548177,0.3136284351348877,1,2.83331298828125,1,0.9738510979546441,0.4613361060619354,1,2.999298095703125
15531.465,15,1,1,stimulusMovement,1,0.5158427556355794,0.31835857033729553,1,2.8233184814453125,1,0.9699225955539279,0.4659346789121628,1,2.9910736083984375
15548.132,15,1,1,stimulusMovement,1,0.5087909698486328,0.3068183660507202,1,2.84039306640625,1,0.9784018198649088,0.4642685204744339,1,2.96600341796875
15564.799,15,1,1,stimulusMovement,1,0.5078730053371853,0.30417633056640625,1,2.7840423583984375,1,0.9820433722601996,0.4647841639816761,1,2.969635009765625
15581.464,15,1,1,stimulusMovement,1,0.5050646464029948,0.30506759881973267,1,2.7878570556640625,1,0.9754693773057725,0.4605422914028168,1,2.9573822021484375
15598.131,15,1,1,stimulusMovement,1,0.5004944271511501,0.31456369161605835,1,2.7915191650390625,1,0.9799351162380642,0.4616570882499218,1,2.95086669921875
15614.798,15,1,1,stimulusMovement,1,0.5089333852132161,0.3107307553291321,1,2.766387939453125,1,0.975319120619032,0.4555342420935631,1,2.9488983154296875
15631.464,15,1,1,stimulusMovement,1,0.5010811487833658,0.304588183760643,1,2.787750244140625,1,0.9774966769748263,0.44868071377277374,1,2.9353179931640625
15648.13,15,1,1,stimulusMovement,1,0.5040028889973958,0.2978624403476715,1,2.7593231201171875,1,0.9786862267388238,0.44361671805381775,1,2.9125823974609375
15664.797,15,1,1,stimulusMovement,1,0.509571287367079,0.2922792434692383,1,2.7612152099609375,1,0.9802561865912542,0.4437752589583397,1,2.919586181640625
15681.463,15,1,1,stimulusMovement,1,0.511723624335395,0.2774963676929474,1,2.7794952392578125,1,0.9845754835340711,0.42617248743772507,1,2.9273529052734375
15698.13,15,1,1,stimulusMovement,1,0.5074257320827907,0.22332170605659485,1,2.770599365234375,1,0.9724884033203125,0.36539165675640106,1,2.88421630859375
15714.797,15,1,1,stimulusMovement,1,0.5148484971788194,0.06398051977157593,1,2.7851104736328125,1,0.9732178582085503,0.19981354475021362,1,2.8704681396484375
15731.462,15,1,1,stimulusMovement,1,0.5125836266411675,0.06196284294128418,1,2.762969970703125,1,0.9657779269748263,0.18323472142219543,1,2.866485595703125
15748.129,15,1,1,stimulusMovement,1,0.509187274509006,0.04195123910903931,1,2.72637939453125,1,0.970165040757921,0.15109848976135254,1,2.8673095703125
15764.796,15,1,1,stimulusMovement,1,0.5063419342041016,0.029189765453338623,1,2.7565460205078125,1,0.9752854241265191,0.1431151032447815,1,2.861297607421875
15781.461,15,1,1,stimulusMovement,1,0.518355475531684,0.015069961547851562,1,2.733001708984375,1,0.967908223470052,0.13076040148735046,1,2.84405517578125
15798.128,15,1,1,stimulusMovement,1,0.5112588670518663,0.01585996150970459,1,2.736602783203125,1,0.97142579820421,0.12574255466461182,1,2.8474578857421875
15814.795,15,1,1,stimulusMovement,1,0.513416502210829,0.01075810194015503,1,2.74066162109375,1,0.9669549730088975,0.1150282621383667,1,2.8582763671875
15831.461,15,1,1,stimulusMovement,1,0.5050547917683919,0.002606719732284546,1,2.7588653564453125,1,0.9722268846299913,0.10754147171974182,1,2.8679656982421875
15848.127,15,1,1,stimulusMovement,1,0.4966566297743055,-0.001989006996154785,1,2.7555389404296875,1,0.9679487016465929,0.09661176800727844,1,2.85357666015625
15864.794,15,1,1,stimulusMovement,1,0.5046414269341363,-0.01331394910812378,1,2.7483673095703125,1,0.9623273213704426,0.09269225597381592,1,2.8796234130859375
15881.46,15,1,1,stimulusMovement,1,0.49420695834689665,-0.02882063388824463,1,2.7861175537109375,1,0.9675890604654948,0.07744953036308289,1,2.8736419677734375
15898.127,15,1,1,stimulusMovement,1,0.4971733093261719,-0.03116065263748169,1,2.7515716552734375,1,0.9708538055419922,0.0709216296672821,1,2.8852691650390625
15914.794,15,1,1,stimulusMovement,1,0.4995127783881293,-0.04871106147766113,1,2.79443359375,1,0.9580493503146701,0.055092304944992065,1,2.8983154296875
15931.46,15,1,1,stimulusMovement,1,0.4952618281046549,-0.05563926696777344,1,2.7543182373046875,1,0.9685690138075086,0.04113197326660156,1,2.899078369140625
15948.127,15,1,1,stimulusMovement,1,0.4941963619656033,-0.06485539674758911,1,2.7960968017578125,1,0.9633700052897135,0.03605830669403076,1,2.892242431640625
15964.794,15,1,1,stimulusMovement,1,0.5021309322781032,-0.07580363750457764,1,2.769012451171875,1,0.957492192586263,0.01595836877822876,1,2.8782196044921875
15981.459,15,1,1,stimulusMovement,1,0.4927113850911458,-0.09216588735580444,1,2.7238006591796875,1,0.9621325598822699,0.008870720863342285,1,2.8741607666015625
15998.126,15,1,1,stimulusMovement,1,0.5157279968261719,-0.2523902654647827,1,2.7313385009765625,1,0.9584416283501519,-0.17176413536071777,1,2.877716064453125
16014.793,15,1,1,stimulusMovement,1,0.5067586898803711,-0.2585764527320862,1,2.734527587890625,1,0.9631322224934895,-0.1851341724395752,1,2.8697509765625
16031.459,15,1,1,stimulusMovement,1,0.5272320641411675,-0.3169139623641968,1,2.7404327392578125,1,0.9648323059082031,-0.227588951587677,1,2.8437652587890625
16048.125,15,1,1,stimulusMovement,1,0.520294189453125,-0.30814558267593384,1,2.72540283203125,1,0.9592664506700304,-0.22592341899871826,1,2.8330841064453125
16064.792,15,1,1,stimulusMovement,1,0.5081178877088759,-0.31493043899536133,1,2.6262359619140625,1,0.9632489946153429,-0.24787139892578125,1,2.8151397705078125
16081.458,15,1,1,stimulusMovement,1,0.5221100913153754,-0.32559090852737427,1,2.6638031005859375,1,0.9625208112928602,-0.24370932579040527,1,2.806304931640625
16098.125,15,1,1,stimulusMovement,1,0.5127517912122939,-0.3258170485496521,1,2.629638671875,1,0.9591312408447266,-0.24741971492767334,1,2.7989349365234375
16114.791,15,1,1,stimulusMovement,1,0.5141014522976345,-0.3242928385734558,1,2.6078948974609375,1,0.9689136081271701,-0.262062132358551,1,2.78076171875
16131.457,15,1,1,stimulusMovement,1,0.5181763966878254,-0.34993958473205566,1,2.6394195556640625,1,0.9720075395372179,-0.2644585371017456,1,2.78411865234375
16148.124,15,1,1,stimulusMovement,1,0.5264125400119357,-0.36493831872940063,1,2.608673095703125,1,0.965547137790256,-0.27616941928863525,1,2.756744384765625
16164.791,15,1,1,stimulusMovement,1,0.5194917254977756,-0.36044543981552124,1,2.6156768798828125,1,0.9584547678629557,-0.2834012508392334,1,2.7293701171875
16181.456,15,1,1,stimulusMovement,1,0.5236660639444987,-0.369709849357605,1,2.6239776611328125,1,0.943937513563368,-0.30536139011383057,1,2.7703704833984375
16198.123,15,1,1,stimulusMovement,1,0.5238282945421007,-0.38159722089767456,1,2.613677978515625,1,0.9615726470947266,-0.28724485635757446,1,2.6930084228515625
16214.79,15,1,1,stimulusMovement,1,0.5152746836344401,-0.37590134143829346,1,2.5575408935546875,1,0.9617231157090929,-0.3044099807739258,1,2.6755218505859375
16231.455,15,1,1,stimulusMovement,1,0.5125257703993056,-0.3799206018447876,1,2.540496826171875,1,0.9636094835069444,-0.305600106716156,1,2.6808624267578125
16248.122,15,1,1,stimulusMovement,1,0.5152183108859592,-0.39629244804382324,1,2.5206451416015625,1,0.9532508850097656,-0.31850409507751465,1,2.6536865234375
16264.79,15,1,1,stimulusMovement,1,0.5095810360378689,-0.3966611623764038,1,2.4752044677734375,1,0.9685507880316839,-0.3260560631752014,1,2.6347808837890625
16281.455,15,1,1,stimulusMovement,1,0.4946795569525824,-0.3997277021408081,1,2.4304962158203125,1,0.9403866661919488,-0.3359341621398926,1,2.6425323486328125
16298.122,15,1,1,stimulusMovement,1,0.5131253136528863,-0.4164048433303833,1,2.45001220703125,1,0.9623021019829644,-0.32877129316329956,1,2.56341552734375
16314.789,15,1,1,stimulusMovement,1,0.5083905325995551,-0.41758692264556885,1,2.4167938232421875,1,0.9552421569824219,-0.32730501890182495,1,2.56097412109375
16331.455,15,1,1,stimulusMovement,1,0.5140001508924696,-0.437028706073761,1,2.463775634765625,1,0.9489642249213324,-0.33925628662109375,1,2.54071044921875
16348.121,15,1,1,stimulusMovement,1,0.5123027165730794,-0.44019246101379395,1,2.422210693359375,1,0.9570916493733723,-0.3514515161514282,1,2.5267791748046875
16364.788,15,1,1,stimulusMovement,1,0.4951499303181966,-0.4454679489135742,1,2.37908935546875,1,0.9507698482937282,-0.36647510528564453,1,2.545013427734375
16381.454,15,1,1,stimulusMovement,1,0.5295552147759331,-0.45302343368530273,1,2.4373626708984375,1,0.9161874983045789,-0.4023093581199646,1,2.6016082763671875
16398.121,15,1,1,stimulusMovement,1,0.5443433125813801,-0.4760470390319824,1,2.4520111083984375,1,0.9415861765543619,-0.3806893229484558,1,2.53424072265625
16414.787,15,1,1,stimulusMovement,1,0.5038043128119575,-0.45444583892822266,1,2.36053466796875,1,0.9251168568929036,-0.3974035978317261,1,2.5558624267578125
16431.453,15,1,1,stimulusMovement,1,0.5228716532389323,-0.4749588370323181,1,2.441925048828125,1,0.9625629848904079,-0.3791655898094177,1,2.484405517578125
16448.12,15,1,1,stimulusMovement,1,0.4992112053765191,-0.46262723207473755,1,2.3832244873046875,1,0.9548130035400391,-0.3823145627975464,1,2.4834442138671875
16464.787,15,1,1,stimulusMovement,1,0.4827437930636935,-0.4408043622970581,1,2.341796875,1,0.9741003248426648,-0.3904774785041809,1,2.474029541015625
16481.452,15,1,1,stimulusMovement,1,0.521166271633572,-0.4765348434448242,1,2.3957672119140625,1,0.9552472432454426,-0.3870987296104431,1,2.4673004150390625
16498.119,15,1,1,stimulusMovement,1,0.5216498904758029,-0.48491573333740234,1,2.4158477783203125,1,0.940146976047092,-0.4023028612136841,1,2.504058837890625
16514.786,15,1,1,stimulusMovement,1,0.5417499542236328,-0.48819977045059204,1,2.445892333984375,1,0.9360627068413628,-0.40861815214157104,1,2.54095458984375
16531.452,15,1,1,stimulusMovement,1,0.5479473537868923,-0.48564404249191284,1,2.44207763671875,1,0.956634521484375,-0.3886658549308777,1,2.4678497314453125
16548.118,15,1,1,stimulusMovement,1,0.5290338728162978,-0.47848397493362427,1,2.43487548828125,1,0.9708654615614148,-0.3870971202850342,1,2.466705322265625
16564.785,15,1,1,stimulusMovement,1,0.5336500803629557,-0.4858624339103699,1,2.4359588623046875,1,0.9362748463948567,-0.4043009877204895,1,2.5140228271484375
16581.451,15,1,1,stimulusMovement,1,0.5090357462565104,-0.47764599323272705,1,2.36981201171875,1,0.9455045064290364,-0.3950566053390503,1,2.504425048828125
16598.117,15,1,1,stimulusMovement,1,0.5409006542629665,-0.4908990263938904,1,2.4355316162109375,1,0.9509173499213324,-0.39567506313323975,1,2.482208251953125
16614.784,15,1,1,stimulusMovement,1,0.5378727383083767,-0.4818965196609497,1,2.4249267578125,1,0.9213235643174913,-0.41262906789779663,1,2.56011962890625
16631.45,15,1,1,stimulusMovement,1,0.5102728737725152,-0.47810935974121094,1,2.4111480712890625,1,0.9670592414008246,-0.3944416046142578,1,2.479949951171875
16648.117,15,1,1,stimulusMovement,1,0.5104297002156575,-0.4704597592353821,1,2.4215087890625,1,0.9698170555962456,-0.3884100914001465,1,2.478271484375
16664.784,15,1,1,stimulusMovement,1,0.5232160356309679,-0.4802342653274536,1,2.4151458740234375,1,0.9518621232774522,-0.39838606119155884,1,2.479278564453125
16681.45,15,1,1,stimulusMovement,1,0.5489775339762369,-0.5030918121337891,1,2.5090484619140625,1,0.9565486907958984,-0.39506995677948,1,2.454833984375
16698.116,15,1,1,stimulusMovement,1,0.5356392330593532,-0.4833158254623413,1,2.43304443359375,1,0.9650745391845703,-0.39267635345458984,1,2.485443115234375
16714.783,15,1,1,stimulusMovement,1,0.5172127617730035,-0.4770575761795044,1,2.41192626953125,1,0.9408546023898654,-0.4210149049758911,1,2.50482177734375
16731.449,15,1,1,stimulusMovement,1,0.5103617774115669,-0.4510895013809204,1,2.40924072265625,1,0.9351715511745876,-0.3858833909034729,1,2.51263427734375
16748.116,15,1,1,stimulusMovement,1,0.5277904934353298,-0.4531283974647522,1,2.4297332763671875,1,0.9686806996663411,-0.37591880559921265,1,2.48577880859375
16764.782,15,1,1,stimulusMovement,1,0.5328789816962348,-0.4571737051010132,1,2.4425506591796875,1,0.9525833129882812,-0.38889652490615845,1,2.545806884765625
16781.448,15,1,1,stimulusMovement,1,0.5179704030354817,-0.4465521574020386,1,2.399932861328125,1,0.9430789947509766,-0.3771125078201294,1,2.531341552734375
16798.115,15,1,1,stimulusMovement,1,0.5271610683865017,-0.4479305148124695,1,2.4090576171875,1,0.9830254448784722,-0.3746722936630249,1,2.4666290283203125
16814.782,15,1,1,stimulusMovement,1,0.5311996671888564,-0.45310139656066895,1,2.41021728515625,1,0.9706473880343967,-0.37312382459640503,1,2.5041656494140625
16831.447,15,1,1,stimulusMovement,1,0.5238703621758355,-0.4610799551010132,1,2.441192626953125,1,0.9673326280381944,-0.36002373695373535,1,2.494873046875
16848.114,15,1,1,stimulusMovement,1,0.5110840267605251,-0.45664459466934204,1,2.3968353271484375,1,0.9334390428331163,-0.38115471601486206,1,2.5575408935546875
16864.781,15,1,1,stimulusMovement,1,0.5047754711574978,-0.43197304010391235,1,2.3616790771484375,1,0.9615760379367404,-0.36504822969436646,1,2.5275115966796875
16881.447,15,1,1,stimulusMovement,1,0.54466798570421,-0.46188193559646606,1,2.466094970703125,1,0.9783289167616102,-0.37135398387908936,1,2.5198974609375
16898.113,15,1,1,stimulusMovement,1,0.5342223909166124,-0.4669281244277954,1,2.457122802734375,1,0.9739954206678602,-0.36125320196151733,1,2.50347900390625
16914.78,15,1,1,stimulusMovement,1,0.5059286753336588,-0.4431867003440857,1,2.4145965576171875,1,0.9648787180582682,-0.3627737760543823,1,2.495391845703125
16931.446,15,1,1,stimulusMovement,1,0.5296355353461372,-0.45545530319213867,1,2.4475555419921875,1,0.9784376356336805,-0.3554508686065674,1,2.4778900146484375
16948.113,15,1,1,stimulusMovement,1,0.5364562140570747,-0.4575098752975464,1,2.4715423583984375,1,0.9599185519748263,-0.3666656017303467,1,2.50323486328125
16964.779,15,1,1,stimulusMovement,1,0.5489793353610568,-0.4624950885772705,1,2.4839935302734375,1,0.967410193549262,-0.3633437156677246,1,2.5074920654296875
16981.445,15,1,1,stimulusMovement,1,0.5405701531304253,-0.46702373027801514,1,2.4832916259765625,1,0.9694110022650824,-0.3625837564468384,1,2.5452728271484375
16998.111,15,1,1,stimulusMovement,1,0.5331451627943251,-0.4462903141975403,1,2.4513092041015625,1,0.9687131245930989,-0.3653162717819214,1,2.5245208740234375
17014.779,15,1,1,stimulusMovement,0,nan,nan,0,nan,1,0.9575670030381944,-0.37767237424850464,1,2.5784912109375
17031.444,15,1,1,stimulusMovement,1,0.5281965467664931,-0.4505600333213806,1,2.461212158203125,1,0.9534971449110242,-0.36580246686935425,1,2.541748046875
17048.111,15,1,1,stimulusMovement,1,0.5228352016872829,-0.44650691747665405,1,2.4624481201171875,1,0.9726927015516492,-0.3654923439025879,1,2.5462493896484375
17064.778,15,1,1,stimulusMovement,1,0.5346907509697808,-0.45648711919784546,1,2.478790283203125,1,0.9607037438286675,-0.3594391345977783,1,2.5584259033203125
17081.444,15,1,1,stimulusMovement,1,0.5150514178805881,-0.4430418014526367,1,2.456817626953125,1,0.9550516340467664,-0.3729323744773865,1,2.5834808349609375
17098.11,15,1,1,stimulusMovement,0,nan,nan,0,nan,1,0.9614950815836588,-0.36288559436798096,1,2.5566558837890625
17114.777,15,1,1,stimulusMovement,1,0.5338242848714192,-0.44973623752593994,1,2.496856689453125,1,0.9607336256239148,-0.37803006172180176,1,2.5991973876953125
17131.443,15,1,1,stimulusMovement,1,0.5388645595974392,-0.4551241397857666,1,2.5036773681640625,1,0.9099438985188801,-0.3889884948730469,1,2.653228759765625
17148.11,15,1,1,stimulusMovement,1,0.5216072930230035,-0.4447108507156372,1,2.4701690673828125,1,0.9324968126085069,-0.3797827959060669,1,2.6414794921875
17164.776,15,1,1,stimulusMovement,1,0.5237449010213215,-0.4456406235694885,1,2.4868927001953125,1,0.9302681816948785,-0.37848830223083496,1,2.6415557861328125
17181.442,15,1,1,stimulusMovement,1,0.5282444424099392,-0.44894152879714966,1,2.5206146240234375,1,0.9374362097846136,-0.38940685987472534,1,2.630889892578125
17198.109,15,1,1,stimulusMovement,1,0.5330348544650607,-0.44726961851119995,1,2.4945220947265625,1,0.9632258945041232,-0.37310612201690674,1,2.596405029296875
17214.775,15,1,1,stimulusMovement,1,0.5221597883436415,-0.4396248459815979,1,2.4789581298828125,1,0.9606641133626301,-0.37347912788391113,1,2.6349639892578125
17231.441,15,1,1,stimulusMovement,1,0.5284459855821397,-0.4376332759857178,1,2.543182373046875,1,0.9619134267171223,-0.36124300956726074,1,2.611419677734375
17248.108,15,1,1,stimulusMovement,1,0.5269476572672526,-0.46987783908843994,1,2.5836639404296875,1,0.9481150309244791,-0.37185174226760864,1,2.605804443359375
17264.775,15,1,1,stimulusMovement,1,0.522583113776313,-0.4365856647491455,1,2.5250701904296875,1,0.9318069881863064,-0.3845168352127075,1,2.6479034423828125
17281.44,15,1,1,stimulusMovement,1,0.5317770640055338,-0.4453706741333008,1,2.5576171875,1,0.9646121131049261,-0.35520583391189575,1,2.6053619384765625
17298.107,15,1,1,stimulusMovement,1,0.5169936286078559,-0.44915109872817993,1,2.5386810302734375,1,0.954586452907986,-0.37354594469070435,1,2.6561431884765625
17314.774,15,1,1,stimulusMovement,1,0.5149511761135525,-0.444973886013031,1,2.549560546875,1,0.9827505747477213,-0.3655574321746826,1,2.643524169921875
17331.44,15,1,1,stimulusMovement,1,0.5413660473293728,-0.46205002069473267,1,2.5994720458984375,1,0.932162390814887,-0.3809633255004883,1,2.726348876953125
17348.106,15,1,1,stimulusMovement,1,0.5251996782090929,-0.4499324560165405,1,2.5870513916015625,1,0.9630684322781032,-0.37018823623657227,1,2.6806488037109375
17364.773,15,1,1,stimulusMovement,1,0.5333897272745768,-0.44965076446533203,1,2.591827392578125,1,0.955600102742513,-0.36509180068969727,1,2.674835205078125
17381.439,15,1,1,stimulusMovement,1,0.5330493715074327,-0.4543379545211792,1,2.637451171875,1,0.9465499454074435,-0.3757798671722412,1,2.701751708984375
17398.106,15,1,1,stimulusMovement,1,0.5256387922498915,-0.44842803478240967,1,2.5960235595703125,1,0.9268832736545138,-0.38016819953918457,1,2.726470947265625
17414.772,15,1,1,stimulusMovement,1,0.502544191148546,-0.4267560839653015,1,2.675384521484375,1,0.9595277574327257,-0.37154197692871094,1,2.69805908203125
17431.438,15,1,1,stimulusMovement,1,0.5201551649305556,-0.44509661197662354,1,2.64080810546875,1,0.934862560696072,-0.3814106583595276,1,2.731842041015625
17448.105,15,1,1,stimulusMovement,1,0.5209364361233181,-0.4547306299209595,1,2.656707763671875,1,0.9459080166286892,-0.3710709810256958,1,2.7455902099609375
17464.771,15,1,1,stimulusMovement,1,0.5127716064453125,-0.4525710344314575,1,2.65338134765625,1,0.9261815812852647,-0.3868885040283203,1,2.7956085205078125
17481.437,15,1,1,stimulusMovement,1,0.5188530815972222,-0.45005035400390625,1,2.636749267578125,1,0.9552014668782551,-0.3648719787597656,1,2.7393646240234375
17498.104,15,1,1,stimulusMovement,1,0.5181335873074001,-0.4506210684776306,1,2.6948089599609375,1,0.9306613074408636,-0.391620397567749,1,2.830596923828125
17514.771,15,1,1,stimulusMovement,1,0.5191563500298394,-0.4428539276123047,1,2.6871490478515625,1,0.9257000817192925,-0.38300788402557373,1,2.837890625
17531.436,15,1,1,stimulusMovement,1,0.5176492267184787,-0.44453978538513184,1,2.71307373046875,1,0.9604466756184895,-0.37228113412857056,1,2.797149658203125
17548.103,15,1,1,stimulusMovement,1,0.5145699183146158,-0.4520578384399414,1,2.718353271484375,1,0.9362318250868055,-0.38009244203567505,1,2.84027099609375
17564.77,15,1,1,stimulusMovement,1,0.5139647589789497,-0.4498353600502014,1,2.736663818359375,1,0.9489917755126953,-0.37663936614990234,1,2.8294830322265625
17581.436,15,1,1,stimulusMovement,1,0.5195176866319444,-0.45007193088531494,1,2.724700927734375,1,0.9477905697292751,-0.3665068745613098,1,2.854705810546875
17598.102,15,1,1,stimulusMovement,1,0.5161285400390625,-0.4459502696990967,1,2.7459259033203125,1,0.9581432342529297,-0.3834536671638489,1,2.8538055419921875
17614.769,15,1,1,stimulusMovement,1,0.5176330142550998,-0.45744550228118896,1,2.78411865234375,1,0.9416099124484592,-0.37988048791885376,1,2.8809814453125
17631.435,15,1,1,stimulusMovement,1,0.5162330203586154,-0.44974809885025024,1,2.8002777099609375,1,0.940946790907118,-0.37726229429244995,1,2.8674163818359375
17648.102,15,1,1,stimulusMovement,1,0.5107177098592122,-0.45169365406036377,1,2.7999267578125,1,0.9388264550103081,-0.3844142556190491,1,2.917938232421875
17664.768,15,1,1,stimulusMovement,1,0.6034686830308702,-0.5692209005355835,1,2.818878173828125,1,1.0255870819091797,-0.5214551687240601,1,2.9341583251953125
17681.434,15,1,1,stimulusMovement,1,0.6126862631903754,-0.6115767955780029,1,2.8097991943359375,1,1.0273850758870442,-0.5424226522445679,1,2.9188995361328125
17698.101,15,1,1,stimulusMovement,1,0.6070393456353081,-0.6166636943817139,1,2.8681793212890625,1,1.0506498548719618,-0.5540771484375,1,2.9220123291015625
17714.767,15,1,1,stimulusMovement,1,0.6098013983832465,-0.6247894763946533,1,2.8338165283203125,1,1.043722152709961,-0.5565903186798096,1,2.935638427734375
17731.433,15,1,1,stimulusMovement,1,0.6154371897379557,-0.6183905601501465,1,2.835723876953125,1,1.034335242377387,-0.5536010265350342,1,2.976409912109375
17748.1,15,1,1,stimulusMovement,1,0.6031164593166775,-0.6234046220779419,1,2.8334503173828125,1,1.0384784274631076,-0.5481332540512085,1,2.9570770263671875
17764.767,15,1,1,stimulusMovement,1,0.5943333307902018,-0.6144351959228516,1,2.8569183349609375,1,1.0534835391574435,-0.5532755851745605,1,2.9567718505859375
17781.433,15,1,1,stimulusMovement,1,0.5970741907755533,-0.6066752672195435,1,2.8896026611328125,1,1.0501236385769315,-0.5545898675918579,1,2.961883544921875
17798.1,15,1,1,fixation,1,0.601515875922309,-0.6200524568557739,1,2.839508056640625,1,1.051055696275499,-0.5536230802536011,1,2.956634521484375
17814.766,15,1,1,fixation,1,0.6036401324801974,-0.6263374090194702,1,2.597747802734375,1,1.0599401262071397,-0.5571304559707642,1,2.7501678466796875
17831.431,15,1,1,fixation,0,nan,nan,0,nan,0,nan,nan,0,nan
17848.098,15,1,1,fixation,1,0.6066811879475911,-0.6154234409332275,1,2.853607177734375,1,1.0233114030626085,-0.5536079406738281,1,2.99359130859375
17864.765,15,1,1,fixation,1,0.5941747029622395,-0.6330873966217041,1,2.6041107177734375,1,1.0478454165988498,-0.5546340942382812,1,2.769287109375
17881.431,15,1,1,fixation,0,nan,nan,0,nan,0,nan,nan,0,nan
17898.097,15,1,1,fixation,1,0.6057671440972222,-0.6147732734680176,1,2.848602294921875,1,1.0490243699815538,-0.5599246025085449,1,2.9854583740234375
17914.764,15,1,1,fixation,1,0.595439592997233,-0.6327708959579468,1,2.57220458984375,1,1.0492468939887152,-0.5600342750549316,1,2.767242431640625
17931.43,15,1,1,fixation,0,nan,nan,0,nan,0,nan,nan,0,nan
17948.096,15,1,1,fixation,1,0.59134398566352,-0.6153984069824219,1,2.867340087890625,1,1.0393704308403862,-0.5589327812194824,1,2.9872589111328125
17964.763,15,1,1,fixation,1,0.6024334165785047,-0.6316846609115601,1,2.5748138427734375,1,1.0429723527696397,-0.5576087236404419,1,2.771728515625
17981.429,15,1,1,fixation,0,nan,nan,0,nan,0,nan,nan,0,nan
17998.096,15,1,1,fixation,1,0.5934615665011935,-0.6120721101760864,1,2.848419189453125,1,1.0409444173177083,-0.5605604648590088,1,2.9822845458984375
18014.762,15,1,1,fixation,1,0.5884192784627278,-0.6268471479415894,1,2.57745361328125,1,1.0439328087700737,-0.5578749179840088,1,2.7635498046875
18031.428,15,1,1,fixation,0,nan,nan,0,nan,0,nan,nan,0,nan
18048.095,15,1,1,fixation,1,0.6025087568495008,-0.6242146492004395,1,2.8306121826171875,1,1.0465136633978949,-0.5546185970306396,1,2.9689788818359375
18064.762,15,1,1,fixation,1,0.6013544930352105,-0.6343183517456055,1,2.5566864013671875,1,1.0533756679958768,-0.5645478963851929,1,2.7691802978515625
18081.427,15,1,1,fixation,0,nan,nan,0,nan,0,nan,nan,0,nan
18098.094,15,1,1,fixation,1,0.6059963438245984,-0.6237322092056274,1,2.8237457275390625,1,1.0297682020399306,-0.5552706718444824,1,2.9803466796875
18114.761,15,1,1,fixation,1,0.5988407135009766,-0.6374720335006714,1,2.5483856201171875,1,1.0388700697157118,-0.5570182800292969,1,2.7528228759765625
18131.427,15,1,1,fixation,0,nan,nan,0,nan,0,nan,nan,0,nan
18148.093,15,1,1,fixation,1,0.605905638800727,-0.6156210899353027,1,2.825103759765625,1,1.0394556257459853,-0.5640807151794434,1,2.949981689453125
18164.76,15,1,1,fixation,1,0.6004081302218967,-0.6327394247055054,1,2.5576629638671875,1,1.0471117231580946,-0.5670318603515625,1,2.75811767578125
18181.426,15,1,1,fixation,0,nan,nan,0,nan,0,nan,nan,0,nan
18198.093,15,1,1,fixation,0,nan,nan,0,nan,1,1.0251420338948567,-0.5578603744506836,1,2.965728759765625
18214.759,15,1,1,fixation,1,0.5944965150621202,-0.6312023401260376,1,2.526702880859375,1,1.0434371100531683,-0.5593594312667847,1,2.7541656494140625
18231.424,15,1,1,fixation,0,nan,nan,0,nan,0,nan,nan,0,nan
18248.091,15,1,1,fixation,1,0.5986771053738064,-0.6160931587219238,1,2.8050689697265625,1,1.02345339457194,-0.5585098266601562,1,2.96240234375
18264.758,15,1,1,fixation,1,0.5872635311550564,-0.6344116926193237,1,2.5278167724609375,1,1.0327654944525824,-0.5661251544952393,1,2.7441864013671875
18281.424,15,1,1,fixation,0,nan,nan,0,nan,0,nan,nan,0,nan
18298.09,15,1,1,fixation,1,0.5846250322129991,-0.6537834405899048,1,2.79693603515625,1,1.0102464887830946,-0.5942723751068115,1,2.9660186767578125
18314.757,15,1,1,fixation,0,nan,nan,0,nan,1,1.030730989244249,-0.5915910005569458,1,2.752777099609375
18331.423,15,1,1,fixation,0,nan,nan,0,nan,0,nan,nan,0,nan
18348.089,15,1,1,fixation,1,0.5839480294121636,-0.6378957033157349,1,2.783905029296875,1,1.0179269578721788,-0.5913128852844238,1,2.9582366943359375
18364.756,15,1,1,fixation,1,0.5761005613538953,-0.671125054359436,1,2.5064849853515625,1,1.0290192498101127,-0.6031138896942139,1,2.7627105712890625
18381.422,15,1,1,fixation,0,nan,nan,0,nan,0,nan,nan,0,nan
18398.089,15,1,1,fixation,1,0.5901694827609592,-0.6464977264404297,1,2.809814453125,1,1.02230347527398,-0.5944113731384277,1,2.98834228515625
18414.755,15,1,1,fixation,0,nan,nan,0,nan,1,1.0291991763644748,-0.5973491668701172,1,2.762115478515625
18431.421,15,1,1,fixation,0,nan,nan,0,nan,0,nan,nan,0,nan
18448.088,15,1,1,fixation,1,0.5809089872572156,-0.6534469127655029,1,2.7975921630859375,1,1.030175103081597,-0.5942906141281128,1,2.96441650390625
18464.754,15,1,1,fixation,1,0.5713278452555338,-0.6614574193954468,1,2.539947509765625,1,1.0386314392089844,-0.6014518737792969,1,2.7738800048828125
18481.42,15,1,1,fixation,0,nan,nan,0,nan,0,nan,nan,0,nan
18498.087,15,1,1,fixation,1,0.5902007420857747,-0.6540237665176392,1,2.8068084716796875,1,1.017790264553494,-0.5968692302703857,1,2.988616943359375
18514.754,15,1,1,fixation,1,0.565800772772895,-0.6633036136627197,1,2.541412353515625,1,1.0326913197835286,-0.6014217138290405,1,2.7826080322265625
18531.42,15,1,1,fixation,0,nan,nan,0,nan,0,nan,nan,0,nan
18548.086,15,1,1,fixation,1,0.5882657368977864,-0.6551622152328491,1,2.822296142578125,1,1.0191688537597656,-0.5961153507232666,1,2.982391357421875
18564.753,15,1,1,fixation,1,0.5667597452799479,-0.6630281209945679,1,2.5522003173828125,1,1.0247230529785156,-0.6010936498641968,1,2.794921875
18581.419,15,1,1,fixation,0,nan,nan,0,nan,0,nan,nan,0,nan
18598.085,15,1,1,fixation,1,0.52505980597602,-0.46286720037460327,1,2.841949462890625,1,0.960770501030816,-0.40283310413360596,1,3.0472412109375
18614.751,15,1,1,fixation,1,0.5088670518663194,-0.43919527530670166,1,2.5814056396484375,1,0.9514653947618272,-0.3700035810470581,1,2.8271331787109375
18631.417,15,1,1,fixation,0,nan,nan,0,nan,0,nan,nan,0,nan
18648.084,15,1,1,fixation,1,0.5193392435709635,-0.4558236598968506,1,2.8464202880859375,1,0.9533127678765191,-0.3875617980957031,1,2.9991302490234375
18664.75,15,1,1,fixation,1,0.5013214747111002,-0.44437938928604126,1,2.57965087890625,1,0.9411125183105469,-0.37736940383911133,1,2.825408935546875
18681.416,15,1,1,fixation,0,nan,nan,0,nan,0,nan,nan,0,nan
18698.083,15,1,1,fixation,1,0.517783588833279,-0.4598383903503418,1,2.8275604248046875,1,0.9449659983317057,-0.3864825367927551,1,3.01959228515625
18714.75,15,1,1,fixation,1,0.5092340045505099,-0.44482773542404175,1,2.5899658203125,1,0.9375275505913628,-0.37870514392852783,1,2.829132080078125
18731.415,15,1,1,fixation,0,nan,nan,0,nan,0,nan,nan,0,nan
18748.082,15,1,1,fixation,1,0.5233747694227431,-0.4519994854927063,1,2.8358154296875,1,0.9505121443006727,-0.3845140337944031,1,3.0228118896484375
18764.749,15,1,1,fixation,1,0.5068947474161783,-0.4401401877403259,1,2.6101837158203125,1,0.938895755343967,-0.37968558073043823,1,2.83819580078125
18781.414,15,1,1,fixation,0,nan,nan,0,nan,0,nan,nan,0,nan
18798.081,15,1,1,fixation,1,0.5257741080390083,-0.444594144821167,1,2.8690185546875,1,0.9513257344563801,-0.37862473726272583,1,3.00360107421875
18814.748,15,1,1,fixation,1,0.5068573421902126,-0.4452338218688965,1,2.621124267578125,1,0.946762932671441,-0.3773912191390991,1,2.8562774658203125
18831.414,15,1,1,fixation,0,nan,nan,0,nan,0,nan,nan,0,nan
18848.08,15,1,1,fixation,1,0.518419689602322,-0.4526771306991577,1,2.8535614013671875,1,0.9486713409423828,-0.38865673542022705,1,3.02606201171875
18864.747,15,1,1,fixation,1,0.5104904174804688,-0.44862788915634155,1,2.62255859375,1,0.9408736758761935,-0.3800894618034363,1,2.85845947265625
18881.413,15,1,1,stimulusMovement,0,nan,nan,0,nan,0,nan,nan,0,nan
18898.08,15,1,1,stimulusMovement,1,0.5232620239257812,-0.44056451320648193,1,2.8476715087890625,1,0.9533536699083116,-0.3713529109954834,1,3.043212890625
18914.746,15,1,1,stimulusMovement,1,0.5262322955661349,-0.4390888810157776,1,2.8434906005859375,1,0.9488639831542969,-0.3766070604324341,1,3.0525360107421875
18931.412,15,1,1,stimulusMovement,1,0.525865978664822,-0.43961071968078613,1,2.8270263671875,1,0.9368095397949219,-0.3691938519477844,1,3.0456695556640625
18948.079,15,1,1,stimulusMovement,1,0.5283563401963975,-0.44773590564727783,1,2.8420257568359375,1,0.9540737999810113,-0.3733341693878174,1,2.9991455078125
18964.745,15,1,1,stimulusMovement,1,0.5388377507527669,-0.4459477663040161,1,2.8194122314453125,1,0.9530512491861979,-0.3777949810028076,1,3.0085601806640625
18981.411,15,1,1,stimulusMovement,1,0.5339340633816189,-0.4404606223106384,1,2.7827911376953125,1,0.9625971052381727,-0.3669168949127197,1,2.98785400390625
18998.078,15,1,1,stimulusMovement,1,0.5347943835788302,-0.4414750337600708,1,2.7809906005859375,1,0.9692075517442491,-0.3673819303512573,1,2.97418212890625
19014.744,15,1,1,stimulusMovement,1,0.5319150288899739,-0.4557458758354187,1,2.801605224609375,1,0.9486287434895833,-0.379970908164978,1,2.9973602294921875
19031.409,15,1,1,stimulusMovement,1,0.5381921132405598,-0.4400179982185364,1,2.7570037841796875,1,0.958390129937066,-0.37775373458862305,1,2.9799957275390625
19048.076,15,1,1,stimulusMovement,1,0.5366473727756076,-0.4370126724243164,1,2.7659454345703125,1,0.976294199625651,-0.3670865297317505,1,2.94036865234375
19064.743,15,1,1,stimulusMovement,1,0.5250834359063042,-0.43712979555130005,1,2.7625732421875,1,0.9602413177490234,-0.3678925037384033,1,2.9349822998046875
19081.409,15,1,1,stimulusMovement,1,0.5441205766465929,-0.4473313093185425,1,2.7588043212890625,1,0.95799806382921,-0.37063664197921753,1,2.9429931640625
19098.075,15,1,1,stimulusMovement,1,0.5343199835883247,-0.4478687047958374,1,2.7470855712890625,1,0.9649878607855902,-0.36601752042770386,1,2.916351318359375
19114.742,15,1,1,stimulusMovement,1,0.547149552239312,-0.4422588348388672,1,2.7462615966796875,1,0.9702440897623698,-0.36487269401550293,1,2.943115234375
19131.408,15,1,1,stimulusMovement,1,0.5683017306857638,-0.44339096546173096,1,2.819915771484375,1,0.9630438486735026,-0.372961163520813,1,2.919158935546875
19148.074,15,1,1,stimulusMovement,1,0.5444083743625217,-0.44433146715164185,1,2.7447052001953125,1,0.9593637254503038,-0.370114266872406,1,2.916961669921875
19164.741,15,1,1,stimulusMovement,1,0.5224898656209309,-0.4331456422805786,1,2.7315216064453125,1,0.9442405700683594,-0.3672596216201782,1,2.939178466796875
19181.407,15,1,1,stimulusMovement,1,0.5411694844563801,-0.44078052043914795,1,2.73956298828125,1,0.9379505581325954,-0.37989336252212524,1,2.96575927734375
19198.074,15,1,1,stimulusMovement,1,0.5387671788533528,-0.4387596845626831,1,2.7502288818359375,1,0.9470358954535589,-0.3826727867126465,1,2.92938232421875
19214.74,15,1,1,stimulusMovement,1,0.538347562154134,-0.43698257207870483,1,2.749542236328125,1,0.9604051378038194,-0.3836825489997864,1,2.9462890625
19231.406,15,1,1,stimulusMovement,1,0.5339938269721137,-0.43719708919525146,1,2.7634124755859375,1,0.9630892011854383,-0.3689301013946533,1,2.8978118896484375
19248.073,15,1,1,stimulusMovement,1,0.5336903466118706,-0.4424114227294922,1,2.77728271484375,1,0.9552165137396917,-0.3817846179008484,1,2.9374237060546875
19264.739,15,1,1,stimulusMovement,1,0.5350191328260634,-0.4416424632072449,1,2.7667083740234375,1,0.9594364166259766,-0.3696305751800537,1,2.922088623046875
19281.405,15,1,1,stimulusMovement,1,0.5438513225979275,-0.44140005111694336,1,2.7655029296875,1,0.9466203053792317,-0.3791744112968445,1,2.94940185546875
19298.072,15,1,1,stimulusMovement,1,0.5308107799953884,-0.4344704747200012,1,2.803680419921875,1,0.9632227155897352,-0.3794875144958496,1,2.9500579833984375
19314.739,15,1,1,stimulusMovement,1,0.5286257002088759,-0.44683849811553955,1,2.7862701416015625,1,0.9508747524685329,-0.37577617168426514,1,2.953369140625
19331.404,15,1,1,stimulusMovement,1,0.5338986714680989,-0.445320188999176,1,2.791015625,1,0.9639987945556641,-0.36629557609558105,1,2.953704833984375
19348.071,15,1,1,stimulusMovement,1,0.5360690222846137,-0.4448506236076355,1,2.800048828125,1,0.9586700863308376,-0.3729894757270813,1,2.975799560546875
19364.738,15,1,1,stimulusMovement,1,0.5281266106499566,-0.43756556510925293,1,2.825592041015625,1,0.9468680487738714,-0.3761206269264221,1,2.9979248046875
19381.403,15,1,1,stimulusMovement,1,0.5318210389879015,-0.4486466646194458,1,2.8162078857421875,1,0.9544503953721788,-0.3788948655128479,1,2.988677978515625
19398.07,15,1,1,stimulusMovement,1,0.5328796174791124,-0.44314825534820557,1,2.85784912109375,1,0.9546913570827907,-0.3726428151130676,1,3.0167999267578125
19414.736,15,1,1,stimulusMovement,1,0.5315383275349934,-0.44903284311294556,1,2.8443756103515625,1,0.9466552734375,-0.37577271461486816,1,3.026336669921875
19431.401,15,1,1,stimulusMovement,1,0.547922240363227,-0.4482021927833557,1,2.8668975830078125,1,0.9601667192247179,-0.3723822236061096,1,3.0221710205078125
19448.068,15,1,1,stimulusMovement,1,0.5378725263807509,-0.44676411151885986,1,2.8592681884765625,1,0.9551751878526475,-0.372184693813324,1,3.0075225830078125
19464.735,15,1,1,stimulusMovement,1,0.5298707750108507,-0.43884044885635376,1,2.8864288330078125,1,0.9492435455322266,-0.3749173879623413,1,3.0444793701171875
19481.401,15,1,1,stimulusMovement,1,0.5213387807210286,-0.4467499256134033,1,2.8874969482421875,1,0.9421812693277994,-0.3752608299255371,1,3.0596160888671875
19498.068,15,1,1,stimulusMovement,1,0.5197116004096137,-0.444299578666687,1,2.9215850830078125,1,0.954745398627387,-0.39112579822540283,1,3.089935302734375
19514.735,15,1,1,stimulusMovement,1,0.536042743259006,-0.4446141719818115,1,2.892059326171875,1,0.9477130042182074,-0.37778300046920776,1,3.0872802734375
19531.401,15,1,1,stimulusMovement,1,0.5252030690511067,-0.448445200920105,1,2.9240875244140625,1,0.9558031294080945,-0.3818105459213257,1,3.0809173583984375
19548.068,15,1,1,stimulusMovement,1,0.5347550710042317,-0.445773720741272,1,2.923828125,1,0.9551003774007161,-0.37812042236328125,1,3.0922698974609375
19564.735,15,1,1,stimulusMovement,1,0.5269508361816406,-0.4524233937263489,1,2.9500579833984375,1,0.9626490275065104,-0.3805938959121704,1,3.0854949951171875
19581.401,15,1,1,stimulusMovement,1,0.5205518934461806,-0.43618571758270264,1,2.966278076171875,1,0.9592329661051432,-0.3736526370048523,1,3.0889434814453125
19598.068,15,1,1,stimulusMovement,1,0.5183925628662109,-0.44353389739990234,1,2.9903106689453125,1,0.9575720893012152,-0.3784438967704773,1,3.1041717529296875
19614.735,15,1,1,stimulusMovement,1,0.5212070677015517,-0.4394528269767761,1,2.9726409912109375,1,0.9497089385986328,-0.37739378213882446,1,3.0925750732421875
19631.401,15,1,1,stimulusMovement,1,0.5191524293687608,-0.4402652978897095,1,2.9677886962890625,1,0.9474239349365234,-0.3936268091201782,1,3.0858612060546875
19648.068,15,1,1,stimulusMovement,1,0.522767596774631,-0.4455088973045349,1,2.9608306884765625,1,0.9427403344048394,-0.3844287395477295,1,3.0782012939453125
19664.735,15,1,1,stimulusMovement,1,0.5367547141181098,-0.44665098190307617,1,2.9618377685546875,1,0.9438474443223741,-0.3918578624725342,1,3.081787109375
19681.401,15,1,1,stimulusMovement,1,0.5288837220933702,-0.4455661177635193,1,2.949005126953125,1,0.9388550652398003,-0.3908548355102539,1,3.1112518310546875
19698.068,15,1,1,stimulusMovement,1,0.5192060470581055,-0.4469502568244934,1,2.9752960205078125,1,0.9458397759331597,-0.3988136053085327,1,3.10595703125
19714.735,15,1,1,stimulusMovement,1,0.5314784579806857,-0.44205784797668457,1,2.92608642578125,1,0.9458514319525824,-0.38392066955566406,1,3.0820465087890625
19731.401,15,1,1,stimulusMovement,1,0.5261702007717556,-0.45194804668426514,1,2.9205474853515625,1,0.9452264573838975,-0.3840835690498352,1,3.0874481201171875
19748.068,15,1,1,stimulusMovement,1,0.5176220999823676,-0.45134150981903076,1,2.924774169921875,1,0.94647216796875,-0.38485097885131836,1,3.0934295654296875
19764.735,15,1,1,stimulusMovement,1,0.5292924245198567,-0.4364612102508545,1,2.9262847900390625,1,0.9504155053032769,-0.39224737882614136,1,3.0846099853515625
19781.401,15,1,1,stimulusMovement,1,0.5187776353624132,-0.44165724515914917,1,2.930938720703125,1,0.9482214185926648,-0.3822770118713379,1,3.0654754638671875
19798.068,15,1,1,stimulusMovement,1,0.5240689383612739,-0.4522296190261841,1,2.918609619140625,1,0.9444355434841579,-0.3881722092628479,1,3.070953369140625
19814.735,15,1,1,stimulusMovement,1,0.5293689303927951,-0.4423104524612427,1,2.9037017822265625,1,0.9429700639512804,-0.3951164484024048,1,3.0913238525390625
19831.4,15,1,1,stimulusMovement,1,0.5192079544067383,-0.4499509334564209,1,2.8924713134765625,1,0.944006601969401,-0.3889022469520569,1,3.0635528564453125
19848.067,15,1,1,stimulusMovement,1,0.5257220798068576,-0.44150984287261963,1,2.896697998046875,1,0.9413240220811632,-0.3955593705177307,1,3.0577239990234375
19864.734,15,1,1,stimulusMovement,1,0.525422626071506,-0.44667237997055054,1,2.906707763671875,1,0.9413782755533854,-0.3894850015640259,1,3.0521087646484375
19881.4,15,1,1,stimulusMovement,1,0.5203419791327583,-0.4443711042404175,1,2.89422607421875,1,0.9346304999457464,-0.3909541368484497,1,3.09228515625
19898.067,15,1,1,stimulusMovement,1,0.5241773393419054,-0.4511215090751648,1,2.887481689453125,1,0.9541653527153863,-0.3871602416038513,1,3.05596923828125
19914.734,15,1,1,stimulusMovement,1,0.5264682769775391,-0.4488558769226074,1,2.8809661865234375,1,0.9502107832166883,-0.3920899033546448,1,3.04058837890625
19931.4,15,1,1,stimulusMovement,1,0.5241798824734157,-0.4518677592277527,1,2.8759765625,1,0.9474832746717664,-0.38918793201446533,1,3.0604705810546875
19948.067,15,1,1,stimulusMovement,1,0.5263399548000759,-0.4481031894683838,1,2.907562255859375,1,0.9533960554334852,-0.39071452617645264,1,3.0464019775390625
19964.734,15,1,1,stimulusMovement,1,0.5279277165730794,-0.4469117522239685,1,2.85382080078125,1,0.9447835286458333,-0.39604026079177856,1,3.069091796875
19981.4,15,1,1,stimulusMovement,1,0.5127302805582682,-0.45382755994796753,1,2.885223388671875,1,0.9454667833116319,-0.3842253088951111,1,3.035552978515625
19998.067,15,1,1,stimulusMovement,1,0.5181568993462456,-0.45123183727264404,1,2.8805694580078125,1,0.9518477121988932,-0.3875833749771118,1,3.028411865234375
20014.734,15,1,1,stimulusMovement,1,0.51638306511773,-0.45795804262161255,1,2.880340576171875,1,0.9473171234130859,-0.3933022618293762,1,3.0394744873046875
20031.4,15,1,1,stimulusMovement,1,0.5266402562459309,-0.4527144432067871,1,2.880706787109375,1,0.9511335160997179,-0.3877307176589966,1,3.036163330078125
20048.067,15,1,1,stimulusMovement,1,0.5226815541585286,-0.44567030668258667,1,2.884185791015625,1,0.9382603963216145,-0.3859784007072449,1,3.030517578125
20064.734,15,1,1,stimulusMovement,1,0.5183077918158637,-0.44959038496017456,1,2.889434814453125,1,0.944735633002387,-0.39220625162124634,1,3.0279388427734375
20081.4,15,1,1,stimulusMovement,1,0.5156108008490669,-0.4486883282661438,1,2.8515625,1,0.9367775387234157,-0.3924185633659363,1,3.04156494140625
20098.067,15,1,1,stimulusMovement,1,0.5209754308064778,-0.45041465759277344,1,2.8579864501953125,1,0.9423145718044704,-0.393846333026886,1,3.0236663818359375
20114.734,15,1,1,stimulusMovement,1,0.519492679172092,-0.44723981618881226,1,2.893035888671875,1,0.9492560492621527,-0.3864814043045044,1,3.03521728515625
20131.4,15,1,1,stimulusMovement,1,0.5055843989054362,-0.44075942039489746,1,2.879058837890625,1,0.9475977155897352,-0.3930111527442932,1,3.0382537841796875
20148.067,15,1,1,stimulusMovement,1,0.5113281673855251,-0.454883337020874,1,2.8682861328125,1,0.9461419847276475,-0.3964376449584961,1,3.0411224365234375
20164.734,15,1,1,stimulusMovement,1,0.5255586836073134,-0.4393734931945801,1,2.902130126953125,1,0.9464327494303385,-0.40630388259887695,1,3.052276611328125
20181.4,15,1,1,stimulusMovement,1,0.533572514851888,-0.4440762400627136,1,2.906707763671875,1,0.9315995110405816,-0.3925830125808716,1,3.0487060546875
20198.067,15,1,1,stimulusMovement,1,0.5171920988294814,-0.4621502161026001,1,2.9055633544921875,1,0.9513861338297526,-0.401965856552124,1,3.0258941650390625
20214.734,15,1,1,stimulusMovement,1,0.5193505816989474,-0.4562060236930847,1,2.89337158203125,1,0.9315304226345485,-0.39689838886260986,1,3.05523681640625
20231.399,15,1,1,stimulusMovement,1,0.5308657752143012,-0.4471703767776489,1,2.9086151123046875,1,0.947389178805881,-0.3978613018989563,1,3.0318145751953125
20248.066,15,1,1,stimulusMovement,1,0.5252876281738281,-0.4586588740348816,1,2.8729095458984375,1,0.9442308213975694,-0.39939606189727783,1,3.0281829833984375
20264.733,15,1,1,stimulusMovement,1,0.5292570326063368,-0.4570804238319397,1,2.8729400634765625,1,0.9580817752414279,-0.39909452199935913,1,3.0088653564453125
20281.399,15,1,1,stimulusMovement,1,0.5172011057535807,-0.4487699866294861,1,2.874542236328125,1,0.9503167470296223,-0.4031572937965393,1,2.98309326171875
20298.066,15,1,1,stimulusMovement,1,0.5195878346761067,-0.4524768590927124,1,2.8220672607421875,1,0.9468646579318576,-0.3894789218902588,1,3.0065765380859375
20314.733,15,1,1,stimulusMovement,1,0.5047894583808051,-0.45305371284484863,1,2.836761474609375,1,0.9437115987141926,-0.39680057764053345,1,2.9817962646484375
20331.399,15,1,1,stimulusMovement,1,0.5565316942003038,-0.47152531147003174,1,2.8563079833984375,1,0.9372929467095269,-0.40057969093322754,1,3.0072479248046875
20348.066,15,1,1,stimulusMovement,1,0.5346192253960503,-0.4597671627998352,1,2.8055267333984375,1,0.95384767320421,-0.3950314521789551,1,2.9578857421875
20364.733,15,1,1,stimulusMovement,1,0.5122869279649522,-0.45160627365112305,1,2.802490234375,1,0.9502457512749566,-0.4008200168609619,1,2.947509765625
20381.399,15,1,1,stimulusMovement,1,0.5335657331678603,-0.4609118103981018,1,2.782440185546875,1,0.952755398220486,-0.3996901512145996,1,2.9461822509765625
20398.066,15,1,1,stimulusMovement,1,0.5192800097995334,-0.4536905884742737,1,2.7644195556640625,1,0.9529641469319661,-0.39845412969589233,1,2.9193878173828125
20414.733,15,1,1,stimulusMovement,1,0.5271901024712456,-0.453912615776062,1,2.7596893310546875,1,0.9420816633436414,-0.40712636709213257,1,2.90679931640625
20431.399,15,1,1,stimulusMovement,1,0.5396527184380425,-0.46297627687454224,1,2.7534027099609375,1,0.966181649102105,-0.4003019332885742,1,2.92572021484375
20448.066,15,1,1,stimulusMovement,1,0.5380704667833116,-0.4655628204345703,1,2.7650604248046875,1,0.957654317220052,-0.4086810350418091,1,2.926055908203125
20464.733,15,1,1,stimulusMovement,1,0.5334154764811198,-0.47152864933013916,1,2.7863311767578125,1,0.9507221645779079,-0.4096526503562927,1,2.9116058349609375
20481.399,15,1,1,stimulusMovement,1,0.5312637752956814,-0.47365450859069824,1,2.7469635009765625,1,0.9671840667724609,-0.4151257872581482,1,2.9038848876953125
20498.066,15,1,1,stimulusMovement,1,0.5268845028347439,-0.46102845668792725,1,2.7410888671875,1,0.9477799733479817,-0.40556782484054565,1,2.8992462158203125
20514.733,15,1,1,stimulusMovement,1,0.5320470598008897,-0.47445374727249146,1,2.7406005859375,1,0.9479764302571614,-0.41144800186157227,1,2.898529052734375
20531.399,15,1,1,stimulusMovement,1,0.5316638946533203,-0.46638035774230957,1,2.7393341064453125,1,0.9436586168077257,-0.4080011248588562,1,2.8989715576171875
20548.066,15,1,1,stimulusMovement,1,0.5392269558376735,-0.47469353675842285,1,2.7682037353515625,1,0.9471480051676432,-0.4117434620857239,1,2.910919189453125
20564.733,15,1,1,stimulusMovement,1,0.5237873925103081,-0.47226691246032715,1,2.7538604736328125,1,0.9532424079047308,-0.41015100479125977,1,2.9089813232421875
20581.399,15,1,1,stimulusMovement,1,0.5212162865532769,-0.4710380434989929,1,2.7644805908203125,1,0.9455303615993923,-0.4085652828216553,1,2.917144775390625
20598.066,15,1,1,stimulusMovement,1,0.5271360609266493,-0.47084540128707886,1,2.7628021240234375,1,0.9541089799669054,-0.42198777198791504,1,2.914306640625
20614.733,15,1,1,stimulusMovement,1,0.5442759195963541,-0.4741652011871338,1,2.7700958251953125,1,0.955837673611111,-0.41073060035705566,1,2.9198150634765625
20631.398,15,1,1,stimulusMovement,1,0.5362502204047309,-0.47999846935272217,1,2.7669677734375,1,0.9508552551269531,-0.4215850830078125,1,2.914398193359375
20648.065,15,1,1,stimulusMovement,1,0.5255371729532877,-0.4836059808731079,1,2.756561279296875,1,0.9480442470974392,-0.42330360412597656,1,2.915985107421875
20664.732,15,1,1,stimulusMovement,1,0.5368373658921983,-0.4751995801925659,1,2.7687835693359375,1,0.956433614095052,-0.41555196046829224,1,2.903717041015625
20681.398,15,1,1,stimulusMovement,1,0.5251315434773762,-0.4765728712081909,1,2.7796173095703125,1,0.9414694044325086,-0.43212395906448364,1,2.9534759521484375
20698.065,15,1,1,stimulusMovement,1,0.5222445593939887,-0.47058582305908203,1,2.774627685546875,1,0.9482731289333767,-0.41932302713394165,1,2.945098876953125
20714.732,15,1,1,stimulusMovement,1,0.5239295959472656,-0.47344332933425903,1,2.7803192138671875,1,0.9265240563286675,-0.42779237031936646,1,2.9441375732421875
20731.398,15,1,1,stimulusMovement,1,0.5212949117024739,-0.47930049896240234,1,2.7593994140625,1,0.9363984002007378,-0.4184236526489258,1,2.9284515380859375
20748.065,15,1,1,stimulusMovement,1,0.5128180185953776,-0.4684791564941406,1,2.7841949462890625,1,0.9458493126763238,-0.4155150055885315,1,2.9301605224609375
20764.732,15,1,1,stimulusMovement,1,0.500623173183865,-0.47257423400878906,1,2.7896881103515625,1,0.9373274909125433,-0.41730523109436035,1,2.9396820068359375
20781.398,15,1,1,stimulusMovement,1,0.5151970121595595,-0.4696339964866638,1,2.7960662841796875,1,0.9403093126085069,-0.41325944662094116,1,2.93634033203125
20798.065,15,1,1,stimulusMovement,1,0.5050663418240017,-0.4610148072242737,1,2.8313751220703125,1,0.9388595157199435,-0.41374409198760986,1,2.93560791015625
20814.732,15,1,1,stimulusMovement,1,0.5074786080254449,-0.47691261768341064,1,2.82586669921875,1,0.9296059078640407,-0.41405272483825684,1,2.932861328125
20831.398,15,1,1,stimulusMovement,1,0.5008925331963433,-0.4682987928390503,1,2.8083648681640625,1,0.9214649200439453,-0.4063628911972046,1,2.9471435546875
20848.065,15,1,1,stimulusMovement,1,0.5037112765842013,-0.47297269105911255,1,2.849884033203125,1,0.9242475297715929,-0.40644383430480957,1,2.95562744140625
20864.732,15,1,1,stimulusMovement,1,0.4982039133707682,-0.46929579973220825,1,2.8323516845703125,1,0.9107301500108507,-0.41620272397994995,1,2.988677978515625
20881.398,15,1,1,stimulusMovement,1,0.49291017320421004,-0.4642515182495117,1,2.827117919921875,1,0.9166908264160156,-0.4114531874656677,1,2.9574737548828125
20898.065,15,1,1,stimulusMovement,1,0.4969446394178602,-0.46962130069732666,1,2.8036346435546875,1,0.922711690266927,-0.4155172109603882,1,2.9831085205078125
20914.732,15,1,1,stimulusMovement,1,0.4889630211724175,-0.4669554829597473,1,2.831268310546875,1,0.9151446024576823,-0.41296201944351196,1,2.995452880859375
20931.398,15,1,1,stimulusMovement,1,0.5109237035115559,-0.4763633608818054,1,2.851715087890625,1,0.9280143313937717,-0.4288409352302551,1,2.9807281494140625
20948.065,15,1,1,stimulusMovement,1,0.568768819173177,-0.6161767244338989,1,2.8204803466796875,1,1.0053982204861112,-0.5571171045303345,1,2.99346923828125
20964.732,15,1,1,stimulusMovement,0,nan,nan,0,nan,1,1.015715069240994,-0.5603652000427246,1,2.9822540283203125
20981.398,15,1,1,stimulusMovement,1,0.5713028377956814,-0.6273274421691895,1,2.8650970458984375,1,1.0294804043240018,-0.5812785625457764,1,3.001251220703125
20998.065,15,1,1,stimulusMovement,1,0.5802750057644314,-0.629833459854126,1,2.7921600341796875,1,1.0097293853759766,-0.5775117874145508,1,2.9915771484375
21014.732,15,1,1,stimulusMovement,1,0.5884009467230903,-0.6231186389923096,1,2.79498291015625,1,1.0154880947536893,-0.5707577466964722,1,3.000518798828125
21031.397,15,1,1,stimulusMovement,1,0.5789212120903863,-0.6154135465621948,1,2.83624267578125,1,1.0161086188422308,-0.5784627199172974,1,3.012359619140625
21048.064,15,1,1,stimulusMovement,1,0.5882747438218858,-0.6274000406265259,1,2.850494384765625,1,1.0104821523030598,-0.5681633949279785,1,3.004119873046875
21064.731,15,1,1,stimulusMovement,1,0.5761360592312282,-0.6111706495285034,1,2.81781005859375,1,1.0042054918077257,-0.5734694004058838,1,3.0120697021484375
21081.397,15,1,1,stimulusMovement,1,0.582464959886339,-0.6263377666473389,1,2.8311309814453125,1,1.0117212931315103,-0.5736302137374878,1,3.02313232421875
21098.064,15,1,1,stimulusMovement,1,0.5772837532891167,-0.6187751293182373,1,2.8211822509765625,1,0.9859922197129991,-0.5671882629394531,1,3.0497589111328125
21114.731,15,1,1,stimulusMovement,1,0.5797084172566731,-0.6243515014648438,1,2.852996826171875,1,1.0040340423583984,-0.5673060417175293,1,3.0063018798828125
21131.397,15,1,1,stimulusMovement,1,0.5699305004543728,-0.625866174697876,1,2.85211181640625,1,1.0213148328993056,-0.5661278963088989,1,3.0258331298828125
21148.064,15,1,1,stimulusMovement,1,0.5755023956298828,-0.6273106336593628,1,2.8377532958984375,1,1.009198718600803,-0.5731414556503296,1,3.046630859375
21164.731,15,1,1,stimulusMovement,1,0.5723657608032227,-0.6312062740325928,1,2.831085205078125,1,1.000716103447808,-0.5689016580581665,1,3.0464324951171875
21181.397,15,1,1,stimulusMovement,1,0.5713939666748047,-0.6212378740310669,1,2.8717041015625,1,1.0158199734157987,-0.5707434415817261,1,3.0415191650390625
21198.064,15,1,1,stimulusMovement,1,0.5724595387776692,-0.6099530458450317,1,2.896453857421875,1,1.002483155992296,-0.5649933815002441,1,3.0357208251953125
21214.731,15,1,1,stimulusMovement,1,0.5615347756279839,-0.6218826770782471,1,2.8676300048828125,1,0.9970442454020182,-0.5611565113067627,1,3.0628662109375
21231.397,15,1,1,stimulusMovement,1,0.5761618084377712,-0.6157459020614624,1,2.8411407470703125,1,0.9871930016411675,-0.5600695610046387,1,3.0552825927734375
21248.064,15,1,1,stimulusMovement,1,0.49790922800699866,-0.5845098495483398,1,2.86279296875,1,0.9589241875542535,-0.5288834571838379,1,3.0334320068359375
21264.731,15,1,1,stimulusMovement,1,0.23858038584391275,-0.38938623666763306,1,2.8349761962890625,1,0.711472405327691,-0.3352811932563782,1,3.018768310546875
21281.397,15,1,1,stimulusMovement,1,0.03355990515814887,-0.23951411247253418,1,2.795745849609375,1,0.5017367468939887,-0.17335206270217896,1,3.01495361328125
21298.064,15,1,1,stimulusMovement,1,-0.09313943650987412,-0.14264672994613647,1,2.7981719970703125,1,0.3666739993625217,-0.10204386711120605,1,2.9042510986328125
21314.731,15,1,1,stimulusMovement,1,-0.09617190890842013,-0.12347233295440674,1,2.8111572265625,1,0.3286365932888455,-0.08690476417541504,1,2.9660186767578125
21331.397,15,1,1,stimulusMovement,1,-0.2309645546807183,-0.1254643201828003,1,2.8480072021484375,1,0.29131804572211367,-0.07369077205657959,1,2.9975433349609375
21348.064,15,1,1,stimulusMovement,1,-0.21817599402533636,-0.11843788623809814,1,2.8179168701171875,1,0.28662565019395614,-0.05793797969818115,1,2.9931488037109375
21364.731,15,1,1,stimulusMovement,1,-0.2214599185519748,-0.11331987380981445,1,2.8040008544921875,1,0.2693716684977213,-0.05585968494415283,1,3.01165771484375
21381.397,15,1,1,stimulusMovement,1,-0.22966316011216903,-0.10621333122253418,1,2.80438232421875,1,0.2700728310479058,-0.04892098903656006,1,3.0299530029296875
21398.064,15,1,1,stimulusMovement,1,-0.2400136523776584,-0.11601388454437256,1,2.8443145751953125,1,0.26460011800130206,-0.038884520530700684,1,3.0101318359375
21414.731,15,1,1,stimulusMovement,1,-0.23716221915351018,-0.1019929051399231,1,2.8312530517578125,1,0.2594127655029297,-0.03354156017303467,1,3.0045623779296875
21431.396,15,1,1,stimulusMovement,1,-0.24712276458740234,-0.09842526912689209,1,2.83685302734375,1,0.2552848392062717,-0.04903900623321533,1,3.050567626953125
21448.063,15,1,1,stimulusMovement,1,-0.2498633066813151,-0.09609878063201904,1,2.81866455078125,1,0.2520768907335069,-0.035353660583496094,1,3.0096435546875
21464.73,15,1,1,stimulusMovement,1,-0.2612358199225532,-0.10412865877151489,1,2.8476715087890625,1,0.25623755984836155,-0.032036542892456055,1,3.0020904541015625
21481.396,15,1,1,stimulusMovement,1,-0.2650381724039713,-0.09828251600265503,1,2.816162109375,1,0.2370406256781684,-0.030974924564361572,1,2.9781036376953125
21498.063,15,1,1,stimulusMovement,1,-0.28483210669623477,-0.09301292896270752,1,2.784881591796875,1,0.22234694163004556,-0.043541669845581055,1,3.0064697265625
21514.73,15,1,1,stimulusMovement,1,-0.2892390886942545,-0.09091401100158691,1,2.790374755859375,1,0.2201342052883572,-0.031216144561767578,1,2.9584197998046875
21531.396,15,1,1,stimulusMovement,1,-0.37262916564941406,-0.03806650638580322,1,2.7938690185546875,1,0.040647930569118924,0.04301673173904419,1,2.962799072265625
21548.063,15,1,1,stimulusMovement,1,-0.4205615785386827,0.01657581329345703,1,2.7474822998046875,1,-0.002401404910617404,0.0813550055027008,1,2.912200927734375
21564.73,15,1,1,stimulusMovement,1,-0.457652038998074,0.024603575468063354,1,2.757476806640625,1,-0.03473530875311957,0.1033235490322113,1,2.9300384521484375
21581.396,15,1,1,stimulusMovement,1,-0.4565379354688856,0.04385349154472351,1,2.69842529296875,1,-0.045725133683946394,0.10463231801986694,1,2.8711395263671875
21598.063,15,1,1,stimulusMovement,1,-0.4788751072353787,0.0421825647354126,1,2.7223663330078125,1,-0.05680174297756618,0.10736128687858582,1,2.86962890625
21614.73,15,1,1,stimulusMovement,1,-0.48545196321275497,0.03966587781906128,1,2.6811065673828125,1,-0.07066143883599176,0.11661320924758911,1,2.819061279296875
21631.396,15,1,1,stimulusMovement,1,-0.510997560289171,0.047839462757110596,1,2.6714630126953125,1,-0.07360002729627821,0.10644099116325378,1,2.795440673828125
21648.063,15,1,1,stimulusMovement,1,-0.5166363186306423,0.06159818172454834,1,2.6673126220703125,1,-0.08883640501234266,0.11879235506057739,1,2.7884063720703125
21664.73,15,1,1,stimulusMovement,1,-0.5344176292419434,0.054042816162109375,1,2.66705322265625,1,-0.09666766060723199,0.12065470218658447,1,2.755859375
21681.396,15,1,1,stimulusMovement,1,-0.5517871644761827,0.0605124831199646,1,2.6336822509765625,1,-0.11713404125637478,0.13484811782836914,1,2.751678466796875
21698.063,15,1,1,stimulusMovement,1,-0.5673136976030138,0.06849163770675659,1,2.6304473876953125,1,-0.13148090574476454,0.13159972429275513,1,2.715972900390625
21714.73,15,1,1,stimulusMovement,1,-0.5772459242078992,0.06379041075706482,1,2.63201904296875,1,-0.1378244294060601,0.12462139129638672,1,2.7217864990234375
21731.396,15,1,1,stimulusMovement,1,-0.6033222410413953,0.0845695436000824,1,2.615753173828125,1,-0.1482625537448459,0.1344049870967865,1,2.7223968505859375
21748.063,15,1,1,stimulusMovement,1,-0.6117011706034342,0.08330324292182922,1,2.5871124267578125,1,-0.16916857825385198,0.1439550518989563,1,2.694976806640625
21764.73,15,1,1,stimulusMovement,1,-0.631023539437188,0.09497043490409851,1,2.5817108154296875,1,-0.18104129367404512,0.15370690822601318,1,2.673797607421875
21781.396,15,1,1,stimulusMovement,1,-0.6365940305921766,0.09946203231811523,1,2.5564727783203125,1,-0.19083372751871744,0.1572568416595459,1,2.6747589111328125
21798.063,15,1,1,stimulusMovement,1,-0.6557488176557752,0.11551332473754883,1,2.5539703369140625,1,-0.1995388666788737,0.16404232382774353,1,2.6559906005859375
21814.73,15,1,1,stimulusMovement,1,-0.6643901930914985,0.10850179195404053,1,2.538421630859375,1,-0.20794084337022567,0.17186570167541504,1,2.63812255859375
21831.396,15,1,1,stimulusMovement,1,-0.6758385101954142,0.12173166871070862,1,2.522705078125,1,-0.223618295457628,0.16964375972747803,1,2.6353912353515625
21848.062,15,1,1,stimulusMovement,1,-0.68895423412323,0.12666702270507812,1,2.531524658203125,1,-0.23630566067165798,0.17531037330627441,1,2.628021240234375
21864.729,15,1,1,stimulusMovement,1,-0.7004666725794474,0.13128474354743958,1,2.5109100341796875,1,-0.23891078101264104,0.17811977863311768,1,2.601898193359375
21881.395,15,1,1,stimulusMovement,1,-0.7644881142510308,0.18687960505485535,1,2.5528564453125,1,-0.28425953123304576,0.252155065536499,1,2.61846923828125
21898.062,15,1,1,stimulusMovement,1,-0.7647679646809895,0.19947147369384766,1,2.498779296875,1,-0.30445755852593315,0.2611565887928009,1,2.5894317626953125
21914.729,15,1,1,stimulusMovement,1,-0.7867025931676228,0.20071953535079956,1,2.544708251953125,1,-0.31220632129245335,0.2761790156364441,1,2.59979248046875
21931.395,15,1,1,stimulusMovement,1,-0.7855991588698492,0.21626725792884827,1,2.498748779296875,1,-0.3270547654893663,0.27836139500141144,1,2.598541259765625
21948.062,15,1,1,stimulusMovement,1,-0.8004119661119249,0.21545404195785522,1,2.52239990234375,1,-0.33515066570705837,0.2861482799053192,1,2.5749664306640625
21964.729,15,1,1,stimulusMovement,1,-0.8164900276396009,0.22547465562820435,1,2.5249481201171875,1,-0.3463051054212782,0.29797109961509705,1,2.570404052734375
21981.395,15,1,1,stimulusMovement,1,-0.8312154677179124,0.2262706756591797,1,2.5175933837890625,1,-0.3596453136867947,0.3021286129951477,1,2.595550537109375
21998.062,15,1,1,stimulusMovement,1,-0.8435958060953351,0.24084562063217163,1,2.5066680908203125,1,-0.3681376775105794,0.2978717088699341,1,2.5757904052734375
22014.729,15,1,1,stimulusMovement,1,-0.8575767808490329,0.23490530252456665,1,2.505584716796875,1,-0.3848709530300564,0.30811506509780884,1,2.5480804443359375
22031.395,15,1,1,stimulusMovement,1,-0.8713009374009237,0.25811898708343506,1,2.5231170654296875,1,-0.39668697781032985,0.3129923343658447,1,2.560302734375
22048.062,15,1,1,stimulusMovement,1,-0.8884116551942295,0.26294487714767456,1,2.49798583984375,1,-0.41039721171061194,0.3195498585700989,1,2.5533294677734375
22064.729,15,1,1,stimulusMovement,1,-0.9044635246197382,0.2685568630695343,1,2.53790283203125,1,-0.4166119893391927,0.32468581199645996,1,2.54443359375
22081.395,15,1,1,stimulusMovement,1,-0.9087458733055326,0.2777290642261505,1,2.4985809326171875,1,-0.4372823503282335,0.33401307463645935,1,2.5377044677734375
22098.062,15,1,1,stimulusMovement,1,-0.9283316201633877,0.28793594241142273,1,2.5157928466796875,1,-0.44371006223890513,0.34801629185676575,1,2.5497283935546875
22114.729,15,1,1,stimulusMovement,1,-0.9511539671156141,0.29495924711227417,1,2.5399169921875,1,-0.457137213812934,0.3507154881954193,1,2.529022216796875
22131.395,15,1,1,stimulusMovement,1,-0.955951193968455,0.3066389858722687,1,2.5085296630859375,1,-0.467340972688463,0.36053286492824554,1,2.5589447021484375
22148.062,15,1,1,stimulusMovement,1,-0.9740229513910081,0.3187194764614105,1,2.509063720703125,1,-0.4777728451622857,0.3662260174751282,1,2.5324554443359375
22164.729,15,1,1,stimulusMovement,1,-0.9802084035343593,0.330946683883667,1,2.4936370849609375,1,-0.4837253888448079,0.37503163516521454,1,2.55584716796875
22181.395,15,1,1,stimulusMovement,1,-0.9884315265549554,0.3311852961778641,1,2.5192718505859375,1,-0.49277387724982363,0.3766934499144554,1,2.550140380859375
22198.062,15,1,1,stimulusMovement,1,-1.000188324186537,0.33506426215171814,1,2.497406005859375,1,-0.514973693423801,0.390244260430336,1,2.5422210693359375
22214.729,15,1,1,stimulusMovement,1,-1.0109559694925943,0.3413611650466919,1,2.512939453125,1,-0.5186036427815754,0.3893059343099594,1,2.5454864501953125
22231.395,15,1,1,stimulusMovement,1,-1.0104098320007324,0.3593824803829193,1,2.504974365234375,1,-0.5290536880493164,0.39416516572237015,1,2.5616607666015625
22248.061,15,1,1,stimulusMovement,1,-1.033740202585856,0.3553934097290039,1,2.52984619140625,1,-0.5440299246046278,0.40150584280490875,1,2.5570068359375
22264.728,15,1,1,stimulusMovement,1,-1.0442104604509141,0.3678002953529358,1,2.52935791015625,1,-0.5456408924526638,0.4036027044057846,1,2.57135009765625
22281.394,15,1,1,stimulusMovement,1,-1.046442667643229,0.37074509263038635,1,2.516845703125,1,-0.5559439659118652,0.41670700907707214,1,2.57220458984375
22298.061,15,1,1,stimulusMovement,1,-1.0516139401329887,0.38490863889455795,1,2.5240020751953125,1,-0.5574874877929688,0.4166514724493027,1,2.57965087890625
22314.728,15,1,1,stimulusMovement,1,-1.0645297633277044,0.3849860802292824,1,2.535400390625,1,-0.574386093351576,0.4302626699209213,1,2.591339111328125
22331.394,15,1,1,stimulusMovement,1,-1.0760299099816215,0.38918575644493103,1,2.548736572265625,1,-0.5833292272355821,0.42837701737880707,1,2.5854644775390625
22348.061,15,1,1,stimulusMovement,1,-1.0764485465155706,0.3848084658384323,1,2.592559814453125,1,-0.5953308211432563,0.4263184741139412,1,2.6002960205078125
22364.728,15,1,1,stimulusMovement,1,-1.0953927437464395,0.3933267742395401,1,2.561065673828125,1,-0.5939177142249213,0.4349358230829239,1,2.625457763671875
22381.394,15,1,1,stimulusMovement,1,-1.0907349983851113,0.40570299327373505,1,2.5847320556640625,1,-0.5963883135053846,0.4321642071008682,1,2.6453704833984375
22398.061,15,1,1,stimulusMovement,1,-1.0886931949191623,0.4069453179836273,1,2.599609375,1,-0.5975444581773546,0.43159424513578415,1,2.667816162109375
22414.728,15,1,1,stimulusMovement,1,-1.1007581949234009,0.4213082119822502,1,2.5541229248046875,1,-0.6082403924730089,0.44566530734300613,1,2.6418914794921875
22431.394,15,1,1,stimulusMovement,1,-1.107025278939141,0.4025238901376724,1,2.6250762939453125,1,-0.6021136972639295,0.44306404143571854,1,2.662384033203125
22448.061,15,1,1,stimulusMovement,1,-1.106082148022122,0.40076811611652374,1,2.6555938720703125,1,-0.6021161874135335,0.44164305552840233,1,2.6930999755859375
22464.728,15,1,1,stimulusMovement,1,-1.0914204120635986,0.4195757582783699,1,2.601409912109375,1,-0.6061026255289713,0.44119473919272423,1,2.6997833251953125
22481.394,15,1,1,stimulusMovement,1,-1.0899027983347573,0.4082735776901245,1,2.6479644775390625,1,-0.6032009124755859,0.4435528703033924,1,2.73663330078125
22498.061,15,1,1,stimulusMovement,1,-1.0984362363815308,0.40760184824466705,1,2.6537017822265625,1,-0.5975047217475044,0.43505844473838806,1,2.7258148193359375
22514.728,15,1,1,stimulusMovement,1,-1.0967090924580891,0.4080609679222107,1,2.7042999267578125,1,-0.5978730254703097,0.4400032162666321,1,2.744293212890625
22531.394,15,1,1,stimulusMovement,1,-1.0837559700012207,0.40208104252815247,1,2.686492919921875,1,-0.5941431257459852,0.4360335022211075,1,2.747161865234375
22548.061,15,1,1,stimulusMovement,1,-1.0838890075683594,0.40184757113456726,1,2.711639404296875,1,-0.5884341133965386,0.43350085616111755,1,2.7796630859375
22564.728,15,1,1,stimulusMovement,1,-1.07889809873369,0.39906932413578033,1,2.7159423828125,1,-0.5885055330064561,0.43712903559207916,1,2.772857666015625
22581.394,15,1,1,stimulusMovement,1,-1.0794792175292969,0.3930881544947624,1,2.7313079833984375,1,-0.588071240319146,0.4310549348592758,1,2.80499267578125
22598.061,15,1,1,stimulusMovement,1,-1.0756901767518785,0.3953688368201256,1,2.74786376953125,1,-0.5966174337599012,0.43632491677999496,1,2.806365966796875
22614.728,15,1,1,stimulusMovement,1,-1.0809441539976332,0.38291484117507935,1,2.7827911376953125,1,-0.5863254865010579,0.4329657554626465,1,2.803070068359375
22631.394,15,1,1,stimulusMovement,1,-1.073607325553894,0.38781408965587616,1,2.792266845703125,1,-0.5895097785525851,0.42968227714300156,1,2.822998046875
22648.06,15,1,1,stimulusMovement,1,-1.0716570615768433,0.38956499099731445,1,2.7875518798828125,1,-0.5865216255187988,0.4329352080821991,1,2.844635009765625
22664.727,15,1,1,stimulusMovement,1,-1.0689278443654378,0.3826095461845398,1,2.7967987060546875,1,-0.5879158973693848,0.430636465549469,1,2.853302001953125
22681.393,15,1,1,stimulusMovement,1,-1.067016190952725,0.3875265270471573,1,2.8168182373046875,1,-0.5843449963463677,0.43258247524499893,1,2.8630523681640625
22698.06,15,1,1,stimulusMovement,1,-1.0687918530570135,0.38734253495931625,1,2.8443450927734375,1,-0.5909377733866373,0.43215613812208176,1,2.8704681396484375
22714.727,15,1,1,stimulusMovement,1,-1.0660697884029813,0.39281121641397476,1,2.85870361328125,1,-0.5858918560875787,0.4324200004339218,1,2.8848724365234375
22731.393,15,1,1,stimulusMovement,1,-1.0762479172812567,0.39631639420986176,1,2.8493499755859375,1,-0.5819432735443115,0.4280300736427307,1,2.9043426513671875
22748.06,15,1,1,stimulusMovement,1,-1.067821423212687,0.3920155465602875,1,2.874053955078125,1,-0.5855578316582574,0.43150345236063004,1,2.8950958251953125
22764.727,15,1,1,stimulusMovement,1,-1.0661851300133598,0.3970310539007187,1,2.8652191162109375,1,-0.5728693008422852,0.4324261397123337,1,2.8945465087890625
22781.393,15,1,1,stimulusMovement,1,-1.067909346686469,0.39390891790390015,1,2.89599609375,1,-0.5812925232781304,0.4357447624206543,1,2.9208526611328125
22798.06,15,1,1,stimulusMovement,1,-1.0354949765735202,0.4324113428592682,1,2.89849853515625,1,-0.532926426993476,0.45583829283714294,1,2.939910888671875
22814.727,15,1,1,stimulusMovement,1,-1.02898899714152,0.41819847375154495,1,2.9156494140625,1,-0.5481897989908854,0.4486951157450676,1,2.9678497314453125
22831.393,15,1,1,stimulusMovement,1,-1.0178347693549261,0.4255005717277527,1,2.9113311767578125,1,-0.5356609026590983,0.45394416898489,1,2.947662353515625
22848.06,15,1,1,stimulusMovement,1,-1.0251517958111234,0.4215663745999336,1,2.92095947265625,1,-0.5425158076816134,0.45435570925474167,1,2.97296142578125
22864.727,15,1,1,stimulusMovement,1,-1.0265767574310303,0.4211103916168213,1,2.9374237060546875,1,-0.5437885655297173,0.44792991504073143,1,2.9847259521484375
22881.393,15,1,1,stimulusMovement,1,-1.0283286439047918,0.41521283984184265,1,2.9539794921875,1,-0.5374211735195583,0.45763612166047096,1,2.9846038818359375
22898.06,15,1,1,stimulusMovement,1,-1.0240116516749063,0.42547251284122467,1,2.92913818359375,1,-0.5347391764322916,0.45080243051052094,1,2.987060546875
22914.727,15,1,1,stimulusMovement,1,-1.0256607135136921,0.428109847009182,1,2.95556640625,1,-0.5377057128482394,0.4506356120109558,1,2.988494873046875
22931.393,15,1,1,stimulusMovement,1,-1.0172023110919528,0.41723015904426575,1,2.9447784423828125,1,-0.5358049074808756,0.4595356173813343,1,2.9898834228515625
22948.06,15,1,1,stimulusMovement,1,-1.019264777501424,0.4163641333580017,1,2.99560546875,1,-0.5400336318545871,0.46754541993141174,1,3.0186767578125
22964.727,15,1,1,stimulusMovement,1,-1.0231325096554227,0.42332257330417633,1,2.9972991943359375,1,-0.5328692860073513,0.4512695372104645,1,3.0114593505859375
22981.393,15,1,1,stimulusMovement,1,-1.0196628703011406,0.42260807007551193,1,2.982879638671875,1,-0.5302940739525689,0.4469526708126068,1,3.0031280517578125
22998.06,15,1,1,stimulusMovement,1,-1.0281707048416138,0.4209510311484337,1,3.011505126953125,1,-0.5352130466037326,0.46015262976288795,1,3.024444580078125
23014.727,15,1,1,stimulusMovement,1,-1.0112697150972154,0.4160977900028229,1,3.0099029541015625,1,-0.5358917448255751,0.4503721334040165,1,3.043853759765625
23031.393,15,1,1,stimulusMovement,1,-1.0241423845291138,0.4171878695487976,1,3.0319061279296875,1,-0.5333033667670356,0.4556623622775078,1,3.0568084716796875
23048.059,15,1,1,stimulusMovement,1,-1.019966165224711,0.4227419048547745,1,3.02197265625,1,-0.5381755299038357,0.4530157670378685,1,3.0641326904296875
23064.726,15,1,1,stimulusMovement,1,-1.0156351327896118,0.4251668378710747,1,3.03369140625,1,-0.543022871017456,0.45114337652921677,1,3.0684814453125
23081.392,15,1,1,stimulusMovement,1,-1.0097019672393799,0.4145311117172241,1,3.0172882080078125,1,-0.5336767832438151,0.4436240494251251,1,3.088836669921875
23098.059,15,1,1,stimulusMovement,1,-1.006751537322998,0.41599197685718536,1,3.0381622314453125,1,-0.5402512550354004,0.45211973041296005,1,3.079254150390625
23114.726,15,1,1,stimulusMovement,1,-1.0117477575937905,0.4199652597308159,1,3.044189453125,1,-0.5353533426920573,0.44462162628769875,1,3.08953857421875
23131.392,15,1,1,stimulusMovement,1,-1.0130124224556816,0.4172998443245888,1,3.0605316162109375,1,-0.5362156762017144,0.44901032000780106,1,3.1014404296875
23148.059,15,1,1,stimulusMovement,1,-1.0073300070232816,0.41852695494890213,1,3.05047607421875,1,-0.5364412731594509,0.453962966799736,1,3.1252593994140625
23164.726,15,1,1,stimulusMovement,1,-1.0147110886043973,0.41366375982761383,1,3.0825347900390625,1,-0.537654956181844,0.4582418315112591,1,3.10546875
23181.392,15,1,1,stimulusMovement,1,-1.0131005711025662,0.4124714434146881,1,3.1129150390625,1,-0.5440978209177653,0.44953031092882156,1,3.1302642822265625
23198.059,15,1,1,stimulusMovement,1,-1.010388559765286,0.4170525372028351,1,3.106414794921875,1,-0.5393682320912678,0.46157458424568176,1,3.136260986328125
23214.726,15,1,1,stimulusMovement,1,-1.000582840707567,0.4210806041955948,1,3.06591796875,1,-0.5431945853763156,0.4513595402240753,1,3.1601715087890625
23231.392,15,1,1,stimulusMovement,1,-1.0134968095355563,0.4206813871860504,1,3.1005859375,1,-0.5414007504781086,0.45208360254764557,1,3.134368896484375
23248.059,15,1,1,stimulusMovement,1,-1.0130730205112033,0.4194314479827881,1,3.1402587890625,1,-0.5376999113294814,0.44782834500074387,1,3.1566314697265625
23264.726,15,1,1,stimulusMovement,1,-0.9972913795047336,0.4212974086403847,1,3.102569580078125,1,-0.5423088603549533,0.45351313427090645,1,3.1568145751953125
23281.392,15,1,1,stimulusMovement,1,-1.0117463535732694,0.4169408828020096,1,3.1226348876953125,1,-0.5376158820258247,0.4459478408098221,1,3.1727294921875
23298.059,15,1,1,stimulusMovement,1,-1.0090220504336886,0.4181983470916748,1,3.1262969970703125,1,-0.5384445985158284,0.4468856528401375,1,3.1840972900390625
23314.726,15,1,1,stimulusMovement,1,-1.0102772182888455,0.4128596633672714,1,3.1438140869140625,1,-0.5484957695007324,0.45945586636662483,1,3.2064361572265625
23331.392,15,1,1,stimulusMovement,1,-1.012083821826511,0.4196276515722275,1,3.161376953125,1,-0.5444115002950032,0.4491935335099697,1,3.1796417236328125
23348.059,15,1,1,stimulusMovement,1,-1.0111570093366835,0.4166710376739502,1,3.1598968505859375,1,-0.5366673469543457,0.439560204744339,1,3.2088623046875
23364.726,15,1,1,stimulusMovement,1,-1.0102488729688857,0.41549352556467056,1,3.1724853515625,1,-0.5384683079189724,0.443109929561615,1,3.215850830078125
23381.392,15,1,1,stimulusMovement,1,-0.9084655245145161,0.3323415666818619,1,3.11004638671875,1,-0.4290551079644097,0.36244580149650574,1,3.1664886474609375
23398.059,15,1,1,stimulusMovement,1,-0.7196997801462809,0.10436227917671204,1,3.1205596923828125,1,-0.23646344078911674,0.1354883909225464,1,3.150634765625
23414.726,15,1,1,stimulusMovement,1,-0.47469552357991535,-0.09990400075912476,1,3.1229705810546875,1,-0.03641769621107313,-0.05202484130859375,1,3.1300811767578125
23431.392,15,1,1,stimulusMovement,1,-0.275715880923801,-0.2714318633079529,1,3.06817626953125,1,0.26340145534939235,-0.2544161081314087,1,3.1523284912109375
23448.059,15,1,1,stimulusMovement,1,0.11606852213541666,-0.41642534732818604,1,3.2150726318359375,1,0.46696811252170134,-0.4015931487083435,1,3.191802978515625
23464.725,15,1,1,stimulusMovement,1,0.2871181699964735,-0.4674351215362549,1,3.1201324462890625,1,0.6922732459174262,-0.45649653673171997,1,3.1732940673828125
23481.391,15,1,1,stimulusMovement,1,0.4389394124348958,-0.4995332956314087,1,3.0948944091796875,1,0.9106854332817925,-0.48617660999298096,1,3.181304931640625
23498.058,15,1,1,stimulusMovement,1,0.6462053722805446,-0.5158700942993164,1,3.0885467529296875,1,1.1197865804036458,-0.4951872229576111,1,3.2484130859375
23514.725,15,1,1,stimulusMovement,1,0.733245743645562,-0.5290448665618896,1,3.0740203857421875,1,1.1959512498643663,-0.48697125911712646,1,3.2519683837890625
23531.391,15,1,1,stimulusMovement,1,0.7210984759860568,-0.5069135427474976,1,3.1025390625,1,1.196505864461263,-0.49739205837249756,1,3.304443359375
23548.058,15,1,1,stimulusMovement,1,0.7022198571099175,-0.510604977607727,1,3.071624755859375,1,1.1983453962537978,-0.4946202039718628,1,3.293304443359375
23564.725,15,1,1,stimulusMovement,1,0.7055933210584852,-0.5168825387954712,1,3.1239013671875,1,1.169566896226671,-0.49085551500320435,1,3.3074951171875
23581.391,15,1,1,stimulusMovement,1,0.7228527069091797,-0.5177198648452759,1,3.14556884765625,1,1.185488806830512,-0.4949439764022827,1,3.296539306640625
23598.058,15,1,1,stimulusMovement,0,nan,nan,0,nan,1,1.1953909132215712,-0.5015500783920288,1,3.276153564453125
23614.725,15,1,1,stimulusMovement,1,0.7272864447699653,-0.5404050350189209,1,3.1944122314453125,1,1.1918582916259766,-0.49558180570602417,1,3.308502197265625
23631.391,15,1,1,stimulusMovement,1,0.7496557235717773,-0.5362879037857056,1,3.2037353515625,1,1.1897913614908853,-0.4962213635444641,1,3.282684326171875
23648.058,15,1,1,stimulusMovement,1,0.7177859412299262,-0.5510774850845337,1,3.1741943359375,1,1.188384797837999,-0.4803946614265442,1,3.2642364501953125
23664.725,15,1,1,stimulusMovement,1,0.7270948621961805,-0.5409033298492432,1,3.1403961181640625,1,1.1898714701334634,-0.493791401386261,1,3.2398529052734375
23681.391,15,1,1,stimulusMovement,1,0.7410676744249132,-0.5530235767364502,1,3.1141357421875,1,1.1806617312961154,-0.4841209650039673,1,3.195098876953125
23698.058,15,1,1,stimulusMovement,1,0.7432132297092013,-0.543218731880188,1,3.074615478515625,1,1.146453857421875,-0.4913448691368103,1,3.2312469482421875
23714.725,15,1,1,stimulusMovement,1,0.7371032502916124,-0.5456535816192627,1,3.049957275390625,1,1.1662892235649955,-0.4896382689476013,1,3.1712799072265625
23731.391,15,1,1,fixation,1,0.7337644365098741,-0.5485472679138184,1,3.0154266357421875,1,1.1570476955837672,-0.49250268936157227,1,3.1330718994140625
23748.058,15,1,1,fixation,1,0.7357126871744791,-0.548550009727478,1,2.995025634765625,1,1.1764952341715493,-0.4930952787399292,1,3.0869903564453125
23764.725,15,1,1,fixation,1,0.6822809643215603,-0.5512454509735107,1,2.704925537109375,1,1.1204927232530382,-0.481903076171875,1,2.809783935546875
23781.391,15,1,1,fixation,0,nan,nan,0,nan,0,nan,nan,0,nan
23798.058,15,1,1,fixation,0,nan,nan,0,nan,1,1.197247823079427,-0.48597806692123413,1,3.001190185546875
23814.725,15,1,1,fixation,1,0.6844447453816731,-0.5495377779006958,1,2.6318359375,1,1.1275677151150172,-0.48277878761291504,1,2.7556610107421875
23831.391,15,1,1,fixation,0,nan,nan,0,nan,0,nan,nan,0,nan
23848.058,15,1,1,fixation,1,0.7313375473022461,-0.5366593599319458,1,2.8429107666015625,1,1.1896322038438585,-0.4839286804199219,1,2.9581451416015625
23864.724,15,1,1,fixation,1,0.6801272498236762,-0.5519874095916748,1,2.58428955078125,1,1.1304713355170355,-0.4765724539756775,1,2.710418701171875
23881.39,15,1,1,fixation,0,nan,nan,0,nan,0,nan,nan,0,nan
23898.057,15,1,1,fixation,1,0.7419089211357964,-0.5405662059783936,1,2.8075103759765625,1,1.2299976348876953,-0.48488104343414307,1,2.9512481689453125
23914.724,15,1,1,fixation,1,0.9041258494059244,-0.5990099906921387,1,2.59051513671875,1,1.3790255652533636,-0.5186233520507812,1,2.6913604736328125
23931.39,15,1,1,fixation,0,nan,nan,0,nan,0,nan,nan,0,nan
23948.057,15,1,1,fixation,1,0.9716938866509331,-0.6047705411911011,1,2.847900390625,1,1.4979529910617404,-0.5236804485321045,1,2.961212158203125
23964.724,15,1,1,fixation,1,0.9355443318684895,-0.6060081720352173,1,2.5733795166015625,1,1.4134114583333333,-0.5237760543823242,1,2.6778106689453125
23981.39,15,1,1,fixation,0,nan,nan,0,nan,0,nan,nan,0,nan
23998.057,15,1,1,fixation,0,nan,nan,0,nan,1,1.4586497412787542,-0.5104320049285889,1,2.95684814453125
24014.724,15,1,1,fixation,1,0.942019568549262,-0.6074686050415039,1,2.5787200927734375,1,1.4111622704399955,-0.522809624671936,1,2.69219970703125
24031.39,15,1,1,fixation,0,nan,nan,0,nan,0,nan,nan,0,nan
24048.057,15,1,1,fixation,0,nan,nan,0,nan,1,1.4808803134494357,-0.5111726522445679,1,2.9617156982421875
24064.724,15,1,1,fixation,1,0.9389311472574869,-0.6010581254959106,1,2.598724365234375,1,1.4085973103841145,-0.5224699974060059,1,2.7133941650390625
24081.39,15,1,1,fixation,0,nan,nan,0,nan,0,nan,nan,0,nan
24098.057,15,1,1,fixation,1,0.9605846405029297,-0.5896873474121094,1,2.8858795166015625,1,1.4884652031792533,-0.5170823335647583,1,2.980682373046875
24114.724,15,1,1,fixation,0,nan,nan,0,nan,1,1.4044246673583984,-0.522305965423584,1,2.7409210205078125
24131.39,15,1,1,fixation,0,nan,nan,0,nan,0,nan,nan,0,nan
24148.057,15,1,1,fixation,1,0.9745023515489366,-0.5876357555389404,1,2.8911590576171875,1,1.469583723280165,-0.5186840295791626,1,3.0315093994140625
24164.724,15,1,1,fixation,1,0.9434447818332248,-0.6028439998626709,1,2.6660308837890625,1,1.408474392361111,-0.5281375646591187,1,2.777191162109375
24181.39,15,1,1,fixation,0,nan,nan,0,nan,0,nan,nan,0,nan
24198.057,15,1,1,fixation,1,0.9688453674316406,-0.5955989360809326,1,2.9295806884765625,1,1.4705113304985893,-0.5139867067337036,1,3.0322265625
24214.724,15,1,1,fixation,1,0.93443849351671,-0.6044995784759521,1,2.7033538818359375,1,1.3959320916069877,-0.5306413173675537,1,2.8054351806640625
24231.39,15,1,1,fixation,0,nan,nan,0,nan,0,nan,nan,0,nan
24248.057,15,1,1,fixation,1,0.9658133188883463,-0.5869958400726318,1,2.9664306640625,1,1.4594961802164712,-0.5190811157226562,1,3.10882568359375
24264.723,15,1,1,fixation,1,0.9427594078911675,-0.6103125810623169,1,2.73614501953125,1,1.3965458340115016,-0.5265915393829346,1,2.8425140380859375
24281.389,15,1,1,fixation,0,nan,nan,0,nan,0,nan,nan,0,nan
24298.056,15,1,1,fixation,1,0.9658811357286241,-0.592113733291626,1,3.00811767578125,1,1.4491907755533853,-0.524451732635498,1,3.117218017578125
24314.723,15,1,1,fixation,1,0.9429071214463975,-0.6165324449539185,1,2.7662353515625,1,1.389012018839518,-0.5244573354721069,1,2.8742523193359375
24331.389,15,1,1,fixation,0,nan,nan,0,nan,0,nan,nan,0,nan
24348.056,15,1,1,fixation,1,0.9741085900200738,-0.5986353158950806,1,3.0042877197265625,1,1.4509830474853516,-0.5213329792022705,1,3.1754150390625
24364.723,15,1,1,fixation,1,0.9434825049506292,-0.6170674562454224,1,2.798065185546875,1,1.3953622182210286,-0.5261253118515015,1,2.89837646484375
24381.389,15,1,1,fixation,0,nan,nan,0,nan,0,nan,nan,0,nan
24398.056,15,1,1,fixation,1,0.9826092190212673,-0.6068416833877563,1,3.079681396484375,1,1.454917271931966,-0.5259349346160889,1,3.1678924560546875
24414.723,15,1,1,fixation,1,0.9312941233317057,-0.6135902404785156,1,2.8250579833984375,1,1.392791536119249,-0.5289185047149658,1,2.926239013671875
24431.389,15,1,1,fixation,0,nan,nan,0,nan,0,nan,nan,0,nan
24448.056,15,1,1,fixation,1,0.987701416015625,-0.6077699661254883,1,3.0650482177734375,1,1.4551881154378254,-0.52110755443573,1,3.2235260009765625
24464.723,15,1,1,fixation,1,0.9276657104492188,-0.6140232086181641,1,2.8596343994140625,1,1.3895700242784288,-0.5311671495437622,1,2.950958251953125
24481.389,15,1,1,fixation,0,nan,nan,0,nan,0,nan,nan,0,nan
24498.056,15,1,1,fixation,1,0.9816142188178167,-0.61067795753479,1,3.1157073974609375,1,1.4549513922797308,-0.5334006547927856,1,3.263397216796875
24514.723,15,1,1,fixation,1,0.9255792829725477,-0.6127971410751343,1,2.8871917724609375,1,1.3848696814643011,-0.5327210426330566,1,2.9702911376953125
24531.389,15,1,1,fixation,0,nan,nan,0,nan,0,nan,nan,0,nan
24548.056,15,1,1,fixation,0,nan,nan,0,nan,1,1.448502010769314,-0.536207914352417,1,3.2605133056640625
24564.723,15,1,1,fixation,1,0.9317508273654513,-0.6090772151947021,1,2.916046142578125,1,1.3825107150607638,-0.5321406126022339,1,3.000946044921875
24581.389,15,1,1,fixation,0,nan,nan,0,nan,0,nan,nan,0,nan
24598.056,15,1,1,fixation,1,0.6074248419867622,-0.5437469482421875,1,3.101806640625,1,1.0633292728000217,-0.5088510513305664,1,3.2783203125
24614.723,15,1,1,fixation,1,0.5186701880560981,-0.5600312948226929,1,2.912322998046875,1,0.9339351654052734,-0.4879458546638489,1,3.081512451171875
24631.389,15,1,1,fixation,0,nan,nan,0,nan,0,nan,nan,0,nan
24648.056,15,1,1,fixation,1,0.5273395114474826,-0.5420631170272827,1,3.1540374755859375,1,1.0032511817084417,-0.48879474401474,1,3.2340545654296875
24664.722,15,1,1,fixation,1,0.48488744099934894,-0.5518786907196045,1,2.926788330078125,1,0.8893968794080945,-0.48610496520996094,1,3.080810546875
24681.388,15,1,1,fixation,0,nan,nan,0,nan,0,nan,nan,0,nan
24698.055,15,1,1,fixation,1,0.5178787443372939,-0.5365798473358154,1,3.1598358154296875,1,1.003284878200955,-0.48894429206848145,1,3.2646942138671875
24714.722,15,1,1,fixation,1,0.48658084869384766,-0.5537327527999878,1,2.940643310546875,1,0.8995382520887586,-0.48641908168792725,1,3.0959625244140625
24731.388,15,1,1,fixation,0,nan,nan,0,nan,0,nan,nan,0,nan
24748.055,15,1,1,fixation,1,0.522125138176812,-0.5279154777526855,1,3.1816253662109375,1,0.9920050303141276,-0.496726393699646,1,3.291534423828125
24764.722,15,1,1,fixation,1,0.4901410208808051,-0.551935076713562,1,2.9511871337890625,1,0.8943449656168619,-0.486818790435791,1,3.1196441650390625
24781.388,15,1,1,fixation,0,nan,nan,0,nan,0,nan,nan,0,nan
24798.055,15,1,1,fixation,1,0.5150721867879231,-0.5280262231826782,1,3.206939697265625,1,0.9947240617540147,-0.49087047576904297,1,3.30609130859375
24814.722,15,1,1,fixation,1,0.48471090528700084,-0.5524997711181641,1,2.940399169921875,1,0.8916219075520833,-0.4845767021179199,1,3.12347412109375
24831.388,15,1,1,fixation,0,nan,nan,0,nan,0,nan,nan,0,nan
24848.055,15,1,1,fixation,1,0.5493025249905056,-0.5408201217651367,1,3.136871337890625,1,0.9891001383463541,-0.49705398082733154,1,3.2828216552734375
24864.722,15,1,1,fixation,1,0.5400649176703559,-0.6549136638641357,1,2.88275146484375,1,0.9456581539577907,-0.5821483135223389,1,3.09661865234375
24881.388,15,1,1,fixation,0,nan,nan,0,nan,0,nan,nan,0,nan
24898.055,15,1,1,fixation,1,0.5958898332383897,-0.6384391784667969,1,3.049407958984375,1,1.0369226667616103,-0.5848920345306396,1,3.2801971435546875
24914.722,15,1,1,stimulusMovement,1,0.5312379201253254,-0.6441043615341187,1,2.804290771484375,1,0.9486891428629557,-0.5770877599716187,1,3.051788330078125
24931.388,15,1,1,stimulusMovement,0,nan,nan,0,nan,0,nan,nan,0,nan
24948.055,15,1,1,stimulusMovement,1,0.571203973558214,-0.6298304796218872,1,3.056793212890625,1,1.0266880459255643,-0.5773048400878906,1,3.21502685546875
24964.722,15,1,1,stimulusMovement,1,0.5757208930121528,-0.6239571571350098,1,3.0103912353515625,1,1.0306833055284288,-0.5775619745254517,1,3.20654296875
24981.388,15,1,1,stimulusMovement,1,0.5793445375230577,-0.6289678812026978,1,3.025238037109375,1,1.0375705295138888,-0.5813134908676147,1,3.224578857421875
24998.054,15,1,1,stimulusMovement,1,0.5878112581041124,-0.6322650909423828,1,2.9869842529296875,1,1.0261209275987413,-0.5817474126815796,1,3.227691650390625
25014.721,15,1,1,stimulusMovement,1,0.5797011057535807,-0.6333056688308716,1,3.0043487548828125,1,1.0262343088785806,-0.5794569253921509,1,3.2091827392578125
25031.387,15,1,1,stimulusMovement,1,0.579702271355523,-0.6245847940444946,1,2.978546142578125,1,1.0363947550455728,-0.5860505104064941,1,3.2188720703125
25048.054,15,1,1,stimulusMovement,1,0.5740110609266492,-0.6326206922531128,1,3.0018310546875,1,1.0125558641221788,-0.5778175592422485,1,3.212982177734375
25064.72,15,1,1,stimulusMovement,1,0.5816753175523546,-0.6295747756958008,1,2.9898681640625,1,1.015648735894097,-0.5746729373931885,1,3.2239837646484375
25081.386,15,1,1,stimulusMovement,1,0.5803466373019748,-0.6322152614593506,1,2.9816131591796875,1,1.02696779039171,-0.5812557935714722,1,3.202362060546875
25098.053,15,1,1,stimulusMovement,1,0.57990296681722,-0.6328859329223633,1,2.99951171875,1,1.0294971466064453,-0.5813049077987671,1,3.2246856689453125
25114.72,15,1,1,stimulusMovement,1,0.5780385335286458,-0.626786470413208,1,3.0156402587890625,1,1.0303304460313585,-0.5808589458465576,1,3.241180419921875
25131.385,15,1,1,stimulusMovement,1,0.587893697950575,-0.620424747467041,1,3.0113525390625,1,1.0265291002061632,-0.5831805467605591,1,3.2344818115234375
25148.052,15,1,1,stimulusMovement,1,0.5756217108832465,-0.6302018165588379,1,3.02215576171875,1,1.0347620646158853,-0.5743193626403809,1,3.22381591796875
25164.719,15,1,1,stimulusMovement,1,0.5769289864434136,-0.6312103271484375,1,3.0309600830078125,1,1.0205082363552518,-0.5825239419937134,1,3.254364013671875
25181.385,15,1,1,stimulusMovement,1,0.5945347679985894,-0.6334519386291504,1,3.0302276611328125,1,1.0243714650472004,-0.5765272378921509,1,3.268280029296875
25198.052,15,1,1,stimulusMovement,1,0.5836104287041558,-0.637094259262085,1,3.056640625,1,1.0198323991563585,-0.5774600505828857,1,3.2844390869140625
25214.719,15,1,1,stimulusMovement,1,0.5689445071750217,-0.6325830221176147,1,3.0747528076171875,1,1.035919401380751,-0.5817314386367798,1,3.2592926025390625
25231.385,15,1,1,stimulusMovement,1,0.5806730058458116,-0.6354324817657471,1,3.07421875,1,1.0307064056396484,-0.5828275680541992,1,3.2725067138671875
25248.052,15,1,1,stimulusMovement,1,0.5852333704630533,-0.6390159130096436,1,3.0852813720703125,1,1.0186210208468967,-0.5767996311187744,1,3.309417724609375
25264.718,15,1,1,stimulusMovement,1,0.5779692331949869,-0.6353716850280762,1,3.0932464599609375,1,1.02027342054579,-0.5849248170852661,1,3.289093017578125
25281.384,15,1,1,stimulusMovement,1,0.5776700973510742,-0.6452994346618652,1,3.1216583251953125,1,1.027149624294705,-0.5912870168685913,1,3.305633544921875
25298.051,15,1,1,stimulusMovement,1,0.5753313700358073,-0.6352335214614868,1,3.1113128662109375,1,1.030496809217665,-0.5855071544647217,1,3.3220672607421875
25314.718,15,1,1,stimulusMovement,1,0.5795440673828125,-0.6378990411758423,1,3.134246826171875,1,1.0263968573676214,-0.5837922096252441,1,3.305755615234375
25331.384,15,1,1,stimulusMovement,1,0.5752507315741645,-0.6324067115783691,1,3.1284332275390625,1,1.0255557166205511,-0.5849175453186035,1,3.3288421630859375
25348.051,15,1,1,stimulusMovement,1,0.5880262586805555,-0.6314983367919922,1,3.152923583984375,1,1.0272394816080728,-0.5913349390029907,1,3.3401641845703125
25364.718,15,1,1,stimulusMovement,1,0.5756800969441731,-0.6296963691711426,1,3.167022705078125,1,1.0205745697021484,-0.5878146886825562,1,3.353973388671875
25381.384,15,1,1,stimulusMovement,1,0.5655585394965278,-0.6221345663070679,1,3.19464111328125,1,1.023659176296658,-0.5798121690750122,1,3.3467864990234375
25398.05,15,1,1,stimulusMovement,1,0.577983644273546,-0.6397577524185181,1,3.163970947265625,1,1.0208138359917533,-0.5833032131195068,1,3.3568878173828125
25414.717,15,1,1,stimulusMovement,1,0.5775598949856228,-0.6377841234207153,1,3.1745452880859375,1,1.0221996307373047,-0.587355375289917,1,3.369415283203125
25431.383,15,1,1,stimulusMovement,1,0.5790585411919488,-0.6442551612854004,1,3.19580078125,1,1.032424079047309,-0.5970187187194824,1,3.403717041015625
25448.05,15,1,1,stimulusMovement,1,0.5832674238416883,-0.6414916515350342,1,3.1934356689453125,1,1.0235252380371094,-0.6027529239654541,1,3.390350341796875
25464.717,15,1,1,stimulusMovement,1,0.5639646318223741,-0.6308820247650146,1,3.2162017822265625,1,1.0232931772867837,-0.5973823070526123,1,3.3799285888671875
25481.382,15,1,1,stimulusMovement,1,0.5569320254855685,-0.6333065032958984,1,3.232666015625,1,1.0191805097791884,-0.5895737409591675,1,3.401824951171875
25498.049,15,1,1,stimulusMovement,1,0.5537931654188368,-0.6477398872375488,1,3.230926513671875,1,1.0169938405354817,-0.5933189392089844,1,3.4000396728515625
25514.716,15,1,1,stimulusMovement,1,0.29500971900092227,-0.4627201557159424,1,3.274993896484375,1,0.7519043816460503,-0.4286186099052429,1,3.3995361328125
25531.381,15,1,1,stimulusMovement,1,0.046268992953830294,-0.308585524559021,1,3.213592529296875,1,0.5164017147488064,-0.27821314334869385,1,3.3942413330078125
25548.048,15,1,1,stimulusMovement,1,-0.3116785685221354,-0.15615826845169067,1,3.1911163330078125,1,0.24145105150010848,-0.07542157173156738,1,3.41668701171875
25564.715,15,1,1,stimulusMovement,1,-0.48364782333374023,-0.09482479095458984,1,3.25921630859375,1,-0.03323650360107422,-0.027964115142822266,1,3.3698883056640625
25581.381,15,1,1,stimulusMovement,1,-0.5478884643978542,-0.05393153429031372,1,3.2176055908203125,1,-0.10118145412868923,-0.007758200168609619,1,3.3609771728515625
25598.048,15,1,1,stimulusMovement,1,-0.5678367084927028,-0.07782512903213501,1,3.3046875,1,-0.14191341400146484,-0.0040038228034973145,1,3.381134033203125
25614.715,15,1,1,stimulusMovement,1,-0.5678313573201497,-0.07183337211608887,1,3.296844482421875,1,-0.12726847330729166,-0.00038230419158935547,1,3.4089508056640625
25631.381,15,1,1,stimulusMovement,1,-0.5768555535210503,-0.0657050609588623,1,3.292388916015625,1,-0.13520823584662542,0.015056371688842773,1,3.418243408203125
25648.048,15,1,1,stimulusMovement,1,-0.5742157830132378,-0.06318080425262451,1,3.2538299560546875,1,-0.14242299397786456,0.005562543869018555,1,3.4246063232421875
25664.714,15,1,1,stimulusMovement,1,-0.5912405649820963,-0.060352623462677,1,3.2501220703125,1,-0.14389822218153211,0.0070146918296813965,1,3.4515838623046875
25681.38,15,1,1,stimulusMovement,1,-0.5816028647952609,-0.07091891765594482,1,3.2758026123046875,1,-0.13637786441379124,0.010237157344818115,1,3.432159423828125
25698.047,15,1,1,stimulusMovement,1,-0.5805629094441731,-0.07307302951812744,1,3.2699432373046875,1,-0.1405129962497287,0.008224308490753174,1,3.4277801513671875
25714.714,15,1,1,stimulusMovement,1,-0.5816760063171387,-0.067996084690094,1,3.2659149169921875,1,-0.14748085869683158,0.011518478393554688,1,3.4537353515625
25731.38,15,1,1,stimulusMovement,1,-0.5886242124769422,-0.07705509662628174,1,3.26092529296875,1,-0.13425736957126194,0.0037065744400024414,1,3.376312255859375
25748.047,15,1,1,stimulusMovement,1,-0.5886496967739528,-0.0533871054649353,1,3.19769287109375,1,-0.13297716776529947,0.00854116678237915,1,3.384124755859375
25764.714,15,1,1,stimulusMovement,1,-0.5909744633568658,-0.05714619159698486,1,3.168182373046875,1,-0.1322641372680664,0.0039632320404052734,1,3.3329010009765625
25781.379,15,1,1,stimulusMovement,1,-0.5835145049624972,-0.06014657020568848,1,3.142059326171875,1,-0.1353803210788303,0.001290827989578247,1,3.3289337158203125
25798.046,15,1,1,stimulusMovement,1,-0.5922892358567979,-0.08011621236801147,1,3.1346588134765625,1,-0.14745786454942492,-0.0033771395683288574,1,3.308563232421875
25814.713,15,1,1,stimulusMovement,1,-0.5819905598958333,-0.05959451198577881,1,3.0877838134765625,1,-0.1340338389078776,-0.0040454864501953125,1,3.2249755859375
25831.379,15,1,1,stimulusMovement,1,-0.5822718673282199,-0.06812137365341187,1,3.0386962890625,1,-0.13659562004937065,-0.016782760620117188,1,3.200469970703125
25848.046,15,1,1,stimulusMovement,1,-0.5840995576646593,-0.0659056305885315,1,3.0176239013671875,1,-0.14441204071044922,-0.006374478340148926,1,3.142364501953125
25864.713,15,1,1,stimulusMovement,1,-0.587568892372979,-0.07854032516479492,1,3.002227783203125,1,-0.13530969619750977,-0.008389592170715332,1,3.1077728271484375
25881.378,15,1,1,stimulusMovement,1,-0.6084469689263238,-0.08693712949752808,1,3.0142822265625,1,-0.13119485643174914,-0.012456238269805908,1,3.0461883544921875
25898.045,15,1,1,stimulusMovement,1,-0.5813729763031006,-0.08588063716888428,1,2.9119110107421875,1,-0.13476747936672634,-0.012799263000488281,1,3.02099609375
25914.712,15,1,1,stimulusMovement,1,-0.590653313530816,-0.0812760591506958,1,2.900299072265625,1,-0.13237020704481336,-0.030360758304595947,1,3.0242767333984375
25931.377,15,1,1,stimulusMovement,1,-0.5825732813941108,-0.09061115980148315,1,2.89593505859375,1,-0.12928210364447698,-0.017303407192230225,1,2.9878387451171875
25948.044,15,1,1,stimulusMovement,1,-0.5888610945807563,-0.09007894992828369,1,2.879425048828125,1,-0.13082652621799046,-0.02969449758529663,1,2.9643707275390625
25964.711,15,1,1,stimulusMovement,1,-0.5811777644687228,-0.10050588846206665,1,2.869384765625,1,-0.13283994462754992,-0.03616297245025635,1,2.9588165283203125
25981.377,15,1,1,stimulusMovement,1,-0.5920524332258436,-0.08766758441925049,1,2.822021484375,1,-0.1297825707329644,-0.04532825946807861,1,2.93170166015625
25998.044,15,1,1,stimulusMovement,1,-0.5835913022359211,-0.10004913806915283,1,2.8039093017578125,1,-0.13334412044949,-0.04725217819213867,1,2.9224090576171875
26014.711,15,1,1,stimulusMovement,1,-0.5891857147216797,-0.112851083278656,1,2.823822021484375,1,-0.13437037997775608,-0.054288625717163086,1,2.9083099365234375
26031.377,15,1,1,stimulusMovement,1,-0.5870577229393853,-0.12330377101898193,1,2.7926025390625,1,-0.1279849476284451,-0.05445730686187744,1,2.894989013671875
26048.043,15,1,1,stimulusMovement,1,-0.585526360405816,-0.11359471082687378,1,2.77496337890625,1,-0.1263128916422526,-0.055348753929138184,1,2.8497467041015625
26064.71,15,1,1,stimulusMovement,1,-0.5829173458947076,-0.11645030975341797,1,2.7757110595703125,1,-0.13096433215671116,-0.06068623065948486,1,2.84600830078125
26081.376,15,1,1,stimulusMovement,1,-0.5874536567264133,-0.11978721618652344,1,2.79345703125,1,-0.12184227837456596,-0.06522876024246216,1,2.8315887451171875
26098.043,15,1,1,stimulusMovement,1,-0.5805350409613715,-0.12197691202163696,1,2.74224853515625,1,-0.12745253245035806,-0.07283651828765869,1,2.8331756591796875
26114.71,15,1,1,stimulusMovement,1,-0.5798567136128743,-0.15924525260925293,1,2.83306884765625,1,-0.12826993730333117,-0.0750194787979126,1,2.8072967529296875
26131.376,15,1,1,stimulusMovement,1,-0.5738227632310655,-0.21259403228759766,1,2.8170318603515625,1,-0.11855506896972656,-0.12288129329681396,1,2.8137969970703125
26148.043,15,1,1,stimulusMovement,1,-0.24635050031873915,-0.375857949256897,1,2.8041229248046875,1,-0.22533379660712347,-0.33656054735183716,1,2.80133056640625
26164.71,15,1,1,stimulusMovement,1,-0.20725695292154947,-0.42028218507766724,1,2.5171661376953125,1,-0.20784780714246961,-0.41926121711730957,1,2.5998077392578125
26181.375,15,1,1,stimulusMovement,1,-0.20130565431382919,-0.4491499662399292,1,2.5080718994140625,1,-0.2049327426486545,-0.4489394426345825,1,2.582244873046875
26198.042,15,1,1,stimulusMovement,1,-0.19650755988226995,-0.4542696475982666,1,2.504791259765625,1,-0.20558198293050128,-0.4588054418563843,1,2.5739593505859375
26214.709,15,1,1,stimulusMovement,1,-0.2020507388644748,-0.4685218334197998,1,2.5019989013671875,1,-0.2011115815904405,-0.46241283416748047,1,2.5623016357421875
