timestamp,ID,expOrder,trialNumber,event,lv,lx,ly,lpv,lps,rv,rx,ry,rpv,rps
-4.305,14,1,1,stimulusMovement,0,nan,nan,0,nan,1,0.054533852471245654,0.17244884371757507,1,3.074737548828125
12.351,14,1,1,stimulusMovement,0,nan,nan,0,nan,1,0.05317264133029514,0.17700374126434326,1,3.0718231201171875
29.006,14,1,1,stimulusMovement,0,nan,nan,0,nan,1,0.05080042945014106,0.177848219871521,1,3.0626068115234375
45.66,14,1,1,stimulusMovement,0,nan,nan,0,nan,1,0.046432707044813365,0.17638355493545532,1,3.06658935546875
62.323,14,1,1,stimulusMovement,0,nan,nan,0,nan,1,0.05172612931993272,0.17754524946212769,1,3.05718994140625
78.987,14,1,1,stimulusMovement,0,nan,nan,0,nan,1,0.05052884419759114,0.17529472708702087,1,3.072235107421875
95.652,14,1,1,stimulusMovement,0,nan,nan,0,nan,1,0.049661000569661454,0.17680639028549194,1,3.0666351318359375
112.316,14,1,1,stimulusMovement,0,nan,nan,0,nan,1,0.04846170213487413,0.1723029613494873,1,3.080322265625
128.981,14,1,1,stimulusMovement,0,nan,nan,0,nan,1,0.047885153028700084,0.17069405317306519,1,3.0723114013671875
145.646,14,1,1,stimulusMovement,0,nan,nan,0,nan,1,0.04980479346381293,0.1764640212059021,1,3.0763702392578125
162.309,14,1,1,stimulusMovement,0,nan,nan,0,nan,1,0.04860040876600477,0.18026486039161682,1,3.085479736328125
178.974,14,1,1,stimulusMovement,0,nan,nan,0,nan,1,0.0493217044406467,0.17666393518447876,1,3.0728607177734375
195.647,14,1,1,stimulusMovement,0,nan,nan,0,nan,1,0.04968018001980251,0.1741432547569275,1,3.0984344482421875
212.323,14,1,1,stimulusMovement,0,nan,nan,0,nan,1,0.05533790588378906,0.1812746822834015,1,3.1036834716796875
229.001,14,1,1,stimulusMovement,1,-0.02670759624905056,0.1690281331539154,1,2.939117431640625,1,0.051921844482421875,0.17817890644073486,1,3.09613037109375
245.67,14,1,1,stimulusMovement,1,-0.0401866700914171,0.16716396808624268,1,2.95391845703125,1,0.0484161376953125,0.1753864288330078,1,3.105560302734375
262.336,14,1,1,stimulusMovement,1,-0.03854650921291775,0.16670584678649902,1,2.9509124755859375,1,0.05078336927625868,0.1734653115272522,1,3.112152099609375
279.002,14,1,1,stimulusMovement,1,-0.03658305274115668,0.16670581698417664,1,2.9601898193359375,1,0.05131329430474175,0.1727597415447235,1,3.1051025390625
295.681,14,1,1,stimulusMovement,1,-0.047036700778537326,0.16286823153495789,1,2.9479217529296875,0,nan,nan,0,nan
312.366,14,1,1,stimulusMovement,1,-0.04589054319593641,0.16511940956115723,1,2.967987060546875,0,nan,nan,0,nan
329.053,14,1,1,stimulusMovement,1,-0.043582916259765625,0.15559622645378113,1,2.9840850830078125,1,0.05136521657307942,0.1795935332775116,1,3.1516876220703125
345.729,14,1,1,stimulusMovement,1,-0.03904385036892361,0.15935534238815308,1,2.9763031005859375,1,0.05272144741482204,0.1677684187889099,1,3.150848388671875
362.396,14,1,1,stimulusMovement,1,-0.05324088202582465,0.1566944718360901,1,3.0021209716796875,1,0.050286610921223954,0.17972996830940247,1,3.163238525390625
379.065,14,1,1,stimulusMovement,1,-0.04961808522542317,0.1541636884212494,1,3.0136871337890625,1,0.052417755126953125,0.17287296056747437,1,3.1712188720703125
395.727,14,1,1,stimulusMovement,1,-0.051742235819498696,0.15266618132591248,1,3.006805419921875,1,0.05513233608669704,0.1732756495475769,1,3.18603515625
412.384,14,1,1,stimulusMovement,1,-0.05242972903781467,0.1550632119178772,1,3.026275634765625,1,0.04686376783582899,0.179118812084198,1,3.19146728515625
429.041,14,1,1,stimulusMovement,1,-0.05654557545979817,0.1562786102294922,1,3.0285491943359375,1,0.048061900668674044,0.1741485595703125,1,3.197418212890625
445.706,14,1,1,stimulusMovement,1,-0.05495855543348524,0.15492814779281616,1,3.0407562255859375,1,0.04521369934082031,0.17587065696716309,1,3.20672607421875
462.372,14,1,1,stimulusMovement,1,-0.05280494689941406,0.1529916524887085,1,3.020111083984375,1,0.047361797756618924,0.1719284951686859,1,3.195892333984375
479.04,14,1,1,stimulusMovement,1,-0.048497676849365234,0.15970379114151,1,3.0486907958984375,1,0.048475053575303816,0.17535221576690674,1,3.19134521484375
495.704,14,1,1,stimulusMovement,1,-0.05061149597167969,0.1603081226348877,1,3.035552978515625,1,0.04517587025960286,0.1799372136592865,1,3.2043609619140625
512.365,14,1,1,stimulusMovement,1,-0.051281505160861544,0.15732860565185547,1,3.024749755859375,1,0.048501332600911454,0.174446702003479,1,3.19317626953125
529.027,14,1,1,stimulusMovement,1,-0.047083006964789495,0.1560279130935669,1,3.0180816650390625,1,0.05134052700466579,0.1756500005722046,1,3.1838836669921875
545.693,14,1,1,stimulusMovement,1,-0.050542884402804904,0.1611536145210266,1,3.02960205078125,1,0.047506650288899735,0.17712008953094482,1,3.1712493896484375
562.359,14,1,1,stimulusMovement,1,-0.05523125330607096,0.1636974811553955,1,3.0040740966796875,1,0.04059473673502604,0.17350515723228455,1,3.168243408203125
579.027,14,1,1,stimulusMovement,1,-0.050437397427029074,0.15272235870361328,1,3.0008544921875,1,0.04722404479980469,0.18092650175094604,1,3.154998779296875
595.688,14,1,1,stimulusMovement,1,-0.04811212751600477,0.15684640407562256,1,2.993255615234375,1,0.04501279195149739,0.17748066782951355,1,3.166778564453125
612.345,14,1,1,stimulusMovement,1,-0.045385784573025174,0.16078975796699524,1,3.0010986328125,1,0.047284232245551214,0.17244482040405273,1,3.1434783935546875
629.003,14,1,1,stimulusMovement,1,-0.05205747816297743,0.15721449255943298,1,2.983734130859375,1,0.04826058281792534,0.17340001463890076,1,3.14208984375
645.667,14,1,1,stimulusMovement,1,-0.046215852101643876,0.16166841983795166,1,2.9935150146484375,1,0.04232470194498698,0.1774345338344574,1,3.1217041015625
662.332,14,1,1,stimulusMovement,1,-0.054616822136773,0.15844684839248657,1,2.9829559326171875,1,0.04640907711452908,0.1781274974346161,1,3.1177825927734375
678.998,14,1,1,stimulusMovement,1,-0.051379415724012584,0.15854501724243164,1,2.9517364501953125,1,0.0459753672281901,0.17504087090492249,1,3.131591796875
695.664,14,1,1,stimulusMovement,1,-0.050389501783582896,0.1567908227443695,1,2.9649200439453125,1,0.03684319390190972,0.1800328493118286,1,3.1030120849609375
712.328,14,1,1,stimulusMovement,1,-0.04144610299004448,0.15654459595680237,1,2.967315673828125,1,0.04165458679199219,0.17120784521102905,1,3.105865478515625
728.993,14,1,1,stimulusMovement,1,-0.05405955844455295,0.1545819342136383,1,2.9413299560546875,1,0.04740492502848307,0.17317494750022888,1,3.105804443359375
745.659,14,1,1,stimulusMovement,1,-0.05098152160644531,0.15357527136802673,1,2.9470672607421875,1,0.048690266079372824,0.1767812967300415,1,3.0806121826171875
762.325,14,1,1,stimulusMovement,1,-0.04765764872233073,0.16086739301681519,1,2.932830810546875,1,0.044199095831976995,0.17480573058128357,1,3.0892486572265625
778.991,14,1,1,stimulusMovement,1,-0.05029943254258897,0.16110938787460327,1,2.9318084716796875,1,0.035045411851671,0.17402172088623047,1,3.0749359130859375
795.657,14,1,1,stimulusMovement,1,-0.05100536346435547,0.15917286276817322,1,2.9170074462890625,1,0.045768419901529946,0.1733611524105072,1,3.0566558837890625
812.324,14,1,1,stimulusMovement,1,-0.04530376858181424,0.16282731294631958,1,2.913604736328125,1,0.04356426662868924,0.16893130540847778,1,3.0534210205078125
828.991,14,1,1,stimulusMovement,1,-0.05208200878567165,0.15844950079917908,1,2.8863525390625,1,0.038913620842827686,0.1780325174331665,1,3.022064208984375
845.658,14,1,1,stimulusMovement,1,-0.04760334226820204,0.16435343027114868,1,2.88104248046875,1,0.041892157660590276,0.1730250120162964,1,3.024993896484375
862.323,14,1,1,stimulusMovement,1,-0.049885219997829855,0.1626054048538208,1,2.8835906982421875,1,0.039389504326714404,0.1751689910888672,1,3.0115814208984375
878.99,14,1,1,stimulusMovement,1,-0.04308440950181749,0.1664046049118042,1,2.8642730712890625,1,0.03784518771701389,0.17828282713890076,1,2.9972991943359375
895.658,14,1,1,stimulusMovement,1,-0.04734685685899522,0.16104081273078918,1,2.8606719970703125,1,0.039056883917914495,0.17848366498947144,1,2.980621337890625
912.327,14,1,1,stimulusMovement,1,-0.04506280687120225,0.15881472826004028,1,2.8386383056640625,1,0.03523890177408854,0.17642664909362793,1,2.97698974609375
928.998,14,1,1,stimulusMovement,1,-0.045751730600992836,0.1607135832309723,1,2.83697509765625,1,0.039672003851996526,0.17845222353935242,1,2.9503631591796875
945.668,14,1,1,stimulusMovement,1,-0.049807071685791016,0.15932750701904297,1,2.82354736328125,1,0.03345945146348741,0.1758781373500824,1,2.9627532958984375
962.339,14,1,1,stimulusMovement,1,-0.05071581734551323,0.16213876008987427,1,2.8277130126953125,1,0.03555075327555338,0.1781485676765442,1,2.961395263671875
979.01,14,1,1,stimulusMovement,1,-0.05221149656507704,0.15532726049423218,1,2.8191070556640625,1,0.03262848324245877,0.17553919553756714,1,2.9433135986328125
995.679,14,1,1,stimulusMovement,1,-0.05194282531738281,0.16242602467536926,1,2.8122406005859375,1,0.03614563412136502,0.181505024433136,1,2.9385986328125
1012.345,14,1,1,stimulusMovement,1,-0.04543166690402561,0.16923725605010986,1,2.795257568359375,1,0.029604805840386283,0.18008431792259216,1,2.9262542724609375
1029.012,14,1,1,stimulusMovement,1,-0.05338562859429253,0.16073521971702576,1,2.7996673583984375,1,0.030488544040256076,0.17972400784492493,1,2.917083740234375
1045.679,14,1,1,stimulusMovement,1,-0.05437819163004557,0.16520977020263672,1,2.7780914306640625,1,0.02831745147705078,0.18007296323776245,1,2.9226837158203125
1062.345,14,1,1,stimulusMovement,1,-0.06255944569905598,0.16445833444595337,1,2.7892303466796875,1,0.031495412190755204,0.18123921751976013,1,2.90814208984375
1079.012,14,1,1,stimulusMovement,1,-0.05114046732584635,0.15140226483345032,1,2.7677154541015625,1,0.15032068888346353,0.2019481062889099,1,3.2783966064453125
1095.678,14,1,1,stimulusMovement,0,nan,nan,0,nan,0,nan,nan,0,nan
1112.345,14,1,1,stimulusMovement,0,nan,nan,0,nan,0,nan,nan,0,nan
1129.012,14,1,1,stimulusMovement,0,nan,nan,0,nan,0,nan,nan,0,nan
1145.68,14,1,1,stimulusMovement,0,nan,nan,0,nan,0,nan,nan,0,nan
1162.347,14,1,1,stimulusMovement,0,nan,nan,0,nan,0,nan,nan,0,nan
1179.014,14,1,1,stimulusMovement,0,nan,nan,0,nan,0,nan,nan,0,nan
1195.682,14,1,1,stimulusMovement,0,nan,nan,0,nan,0,nan,nan,0,nan
1212.349,14,1,1,stimulusMovement,0,nan,nan,0,nan,0,nan,nan,0,nan
1229.017,14,1,1,stimulusMovement,1,0.06096649169921875,-0.05095386505126953,1,2.397613525390625,0,nan,nan,0,nan
1245.684,14,1,1,stimulusMovement,1,-0.0274608400132921,0.15535208582878113,1,2.709442138671875,0,nan,nan,0,nan
1262.351,14,1,1,stimulusMovement,1,-0.0719000498453776,0.18108069896697998,1,2.875579833984375,1,0.04284943474663628,0.1744736135005951,1,2.9851226806640625
1279.019,14,1,1,stimulusMovement,1,-0.06365044911702473,0.16631409525871277,1,2.8844757080078125,1,0.041480700174967446,0.18558531999588013,1,3.0245361328125
1295.687,14,1,1,stimulusMovement,1,-0.06766414642333984,0.17203614115715027,1,2.908905029296875,1,0.038873778449164495,0.18428772687911987,1,3.045562744140625
1312.353,14,1,1,stimulusMovement,1,-0.07021882798936631,0.178108811378479,1,2.959747314453125,1,0.037745793660481766,0.18905353546142578,1,3.0655975341796875
1329.02,14,1,1,stimulusMovement,1,-0.07153420978122287,0.17371267080307007,1,2.968414306640625,1,0.036016888088650174,0.19128525257110596,1,3.097686767578125
1345.687,14,1,1,stimulusMovement,1,-0.06813346015082465,0.17206484079360962,1,2.9907073974609375,1,0.03774706522623698,0.18472588062286377,1,3.1053619384765625
1362.353,14,1,1,stimulusMovement,1,-0.065156618754069,0.1752694845199585,1,3.0039520263671875,1,0.04463704427083333,0.1923183798789978,1,3.1281890869140625
1379.02,14,1,1,stimulusMovement,1,-0.07076772054036458,0.17337524890899658,1,3.019866943359375,1,0.05104637145996094,0.18957334756851196,1,3.1443328857421875
1395.687,14,1,1,stimulusMovement,1,-0.07059351603190103,0.17909011244773865,1,3.0446319580078125,1,0.044028917948404946,0.18812108039855957,1,3.155914306640625
1412.354,14,1,1,stimulusMovement,1,-0.05726957321166992,0.18178871273994446,1,3.052398681640625,1,0.04065153333875868,0.19110289216041565,1,3.190338134765625
1429.021,14,1,1,stimulusMovement,1,-0.07135640250311957,0.17597121000289917,1,3.0726165771484375,1,0.04247813754611545,0.19405508041381836,1,3.1970367431640625
1445.688,14,1,1,stimulusMovement,1,-0.06608825259738497,0.17264914512634277,1,3.084686279296875,1,0.038769827948676214,0.18806540966033936,1,3.22296142578125
1462.354,14,1,1,stimulusMovement,1,-0.06506305270724826,0.18191075325012207,1,3.0928802490234375,1,0.04505856831868489,0.19049924612045288,1,3.2295684814453125
1479.021,14,1,1,stimulusMovement,1,-0.0689077377319336,0.17764857411384583,1,3.114501953125,1,0.04634030659993489,0.19228145480155945,1,3.2418365478515625
1495.687,14,1,1,stimulusMovement,1,-0.0626390775044759,0.18395161628723145,1,3.1100006103515625,1,0.054531521267361105,0.18940001726150513,1,3.25018310546875
1512.353,14,1,1,stimulusMovement,1,-0.05820194880167643,0.18012374639511108,1,3.1073455810546875,1,0.04876518249511719,0.1874801218509674,1,3.2683563232421875
1529.02,14,1,1,stimulusMovement,1,-0.06444491280449761,0.18128880858421326,1,3.133575439453125,1,0.052205827501085066,0.1878645420074463,1,3.2685699462890625
1545.687,14,1,1,stimulusMovement,1,-0.06353802151150173,0.17928600311279297,1,3.1350555419921875,1,0.05504417419433594,0.18150657415390015,1,3.27960205078125
1562.353,14,1,1,stimulusMovement,1,-0.06421014997694227,0.18343132734298706,1,3.1371612548828125,1,0.049596574571397566,0.1874624490737915,1,3.2714996337890625
1579.019,14,1,1,fixation,1,-0.06399716271294488,0.18163281679153442,1,3.1445770263671875,1,0.050582567850748696,0.1876000165939331,1,3.277069091796875
1595.686,14,1,1,fixation,1,-0.06843874189588758,0.17492619156837463,1,3.1505279541015625,1,0.05519273546006944,0.18845030665397644,1,3.28582763671875
1612.353,14,1,1,fixation,1,-0.06199328104654948,0.1519460678100586,1,3.036468505859375,1,0.0532073974609375,0.14503318071365356,1,3.1941375732421875
1629.019,14,1,1,fixation,1,-0.06255626678466797,0.15056145191192627,1,3.0094757080078125,1,0.03563351101345486,0.14078572392463684,1,3.20513916015625
1645.686,14,1,1,fixation,0,nan,nan,0,nan,0,nan,nan,0,nan
1662.353,14,1,1,fixation,1,-0.059834586249457464,0.180334210395813,1,3.1353302001953125,1,0.05680804782443576,0.1843278706073761,1,3.2790679931640625
1679.019,14,1,1,fixation,1,-0.057623969184027776,0.1524929404258728,1,3.02520751953125,1,0.053531010945638016,0.14098364114761353,1,3.1888427734375
1695.685,14,1,1,fixation,1,-0.05861197577582465,0.15117430686950684,1,3.005218505859375,1,0.04092163509792752,0.1364445686340332,1,3.20904541015625
1712.351,14,1,1,fixation,0,nan,nan,0,nan,0,nan,nan,0,nan
1729.018,14,1,1,fixation,1,-0.05957253774007161,0.17625349760055542,1,3.1248626708984375,1,0.059134483337402344,0.18073385953903198,1,3.27947998046875
1745.685,14,1,1,fixation,1,-0.056430710686577686,0.14936202764511108,1,3.0268402099609375,1,0.053752793206108936,0.14247331023216248,1,3.19970703125
1762.35,14,1,1,fixation,1,-0.05854606628417969,0.15166044235229492,1,3.021453857421875,1,0.037180052863226995,0.1376645565032959,1,3.2237548828125
1779.017,14,1,1,fixation,0,nan,nan,0,nan,0,nan,nan,0,nan
1795.684,14,1,1,fixation,1,-0.06019888983832465,0.1683056652545929,1,3.150665283203125,1,0.05715221828884548,0.17503538727760315,1,3.31158447265625
1812.35,14,1,1,fixation,1,-0.053320778740776904,0.14926648139953613,1,3.0572509765625,1,0.05333402421739366,0.13756778836250305,1,3.228851318359375
1829.017,14,1,1,fixation,1,-0.057832188076443136,0.15111136436462402,1,3.0448455810546875,1,0.04240237341986762,0.1372469663619995,1,3.2465362548828125
1845.683,14,1,1,fixation,0,nan,nan,0,nan,0,nan,nan,0,nan
1862.35,14,1,1,fixation,1,-0.05713680055406358,0.17456316947937012,1,3.182708740234375,1,0.05390908983018663,0.18338650465011597,1,3.3406219482421875
1879.016,14,1,1,fixation,1,-0.06013372209337022,0.15220779180526733,1,3.090118408203125,1,0.053464041815863714,0.138936847448349,1,3.274261474609375
1895.683,14,1,1,fixation,1,-0.05693880716959635,0.14602965116500854,1,3.0755767822265625,1,0.04051621754964192,0.13731002807617188,1,3.2771759033203125
1912.349,14,1,1,fixation,0,nan,nan,0,nan,0,nan,nan,0,nan
1929.016,14,1,1,fixation,1,-0.05362754397922092,0.1692504584789276,1,3.2089996337890625,1,0.0555930667453342,0.1753794550895691,1,3.375
1945.683,14,1,1,fixation,1,-0.05462169647216797,0.15006813406944275,1,3.091766357421875,1,0.05336983998616536,0.13742274045944214,1,3.2776947021484375
1962.35,14,1,1,fixation,1,-0.055484135945638016,0.14907044172286987,1,3.0652313232421875,1,0.03921646542019314,0.13402152061462402,1,3.2887725830078125
1979.015,14,1,1,fixation,0,nan,nan,0,nan,0,nan,nan,0,nan
1995.682,14,1,1,fixation,1,-0.05744753943549262,0.1754152774810791,1,3.1768798828125,1,0.059583981831868485,0.16598600149154663,1,3.35150146484375
2012.348,14,1,1,fixation,1,-0.05661916732788086,0.1497136354446411,1,3.0570220947265625,1,0.056959470113118485,0.1340188980102539,1,3.247894287109375
2029.015,14,1,1,fixation,1,-0.0615953869289822,0.1430342197418213,1,3.03070068359375,1,0.0405631595187717,0.13569721579551697,1,3.2449493408203125
2045.682,14,1,1,fixation,0,nan,nan,0,nan,0,nan,nan,0,nan
2062.349,14,1,1,fixation,1,-0.05956077575683594,0.16961389780044556,1,3.1239166259765625,1,0.05652205149332682,0.17196956276893616,1,3.314117431640625
2079.015,14,1,1,fixation,1,-0.055133819580078125,0.1473483443260193,1,3.030242919921875,1,0.05287350548638237,0.12848183512687683,1,3.221435546875
2095.682,14,1,1,fixation,1,-0.06204922993977864,0.14351150393486023,1,2.9992218017578125,1,0.0413569344414605,0.13367563486099243,1,3.2117767333984375
2112.348,14,1,1,fixation,0,nan,nan,0,nan,0,nan,nan,0,nan
2129.015,14,1,1,fixation,1,-0.05638355678982204,0.17332255840301514,1,3.121612548828125,1,0.0549269782172309,0.18049588799476624,1,3.28948974609375
2145.682,14,1,1,fixation,1,-0.0618594487508138,0.14672958850860596,1,3.0115203857421875,1,0.05089346567789713,0.13139471411705017,1,3.2089996337890625
2162.348,14,1,1,fixation,1,-0.06352292166815864,0.1412985622882843,1,2.995452880859375,1,0.035332679748535156,0.13301324844360352,1,3.204071044921875
2179.015,14,1,1,fixation,0,nan,nan,0,nan,0,nan,nan,0,nan
2195.682,14,1,1,fixation,1,-0.05256986618041992,0.16910165548324585,1,3.13092041015625,1,0.04864851633707682,0.17431893944740295,1,3.2855224609375
2212.348,14,1,1,fixation,1,-0.05995167626274956,0.14152491092681885,1,3.0212554931640625,1,0.047171486748589404,0.13021689653396606,1,3.2126312255859375
2229.015,14,1,1,fixation,1,-0.06268797980414496,0.14393436908721924,1,2.9921112060546875,1,0.03330887688530816,0.13648515939712524,1,3.2006988525390625
2245.682,14,1,1,fixation,0,nan,nan,0,nan,0,nan,nan,0,nan
2262.349,14,1,1,fixation,1,-0.05414083268907335,0.22603774070739746,1,3.1670379638671875,1,0.05629211001925998,0.18354085087776184,1,3.302215576171875
2279.015,14,1,1,fixation,0,nan,nan,0,nan,0,nan,nan,0,nan
2295.682,14,1,1,fixation,0,nan,nan,0,nan,0,nan,nan,0,nan
2312.348,14,1,1,fixation,0,nan,nan,0,nan,0,nan,nan,0,nan
2329.015,14,1,1,fixation,0,nan,nan,0,nan,0,nan,nan,0,nan
2345.682,14,1,1,fixation,0,nan,nan,0,nan,0,nan,nan,0,nan
2362.348,14,1,1,fixation,0,nan,nan,0,nan,0,nan,nan,0,nan
2379.015,14,1,1,fixation,0,nan,nan,0,nan,0,nan,nan,0,nan
2395.682,14,1,1,fixation,0,nan,nan,0,nan,0,nan,nan,0,nan
2412.348,14,1,1,fixation,1,-0.3110945489671495,0.03321078419685364,1,1.9488983154296875,1,0.03451728820800781,0.03393441438674927,1,2.9807586669921875
2429.015,14,1,1,fixation,1,-0.0651927524142795,0.1032167375087738,1,2.8643035888671875,1,0.031458748711480036,0.13883590698242188,1,3.1041412353515625
2445.682,14,1,1,fixation,0,nan,nan,0,nan,0,nan,nan,0,nan
2462.349,14,1,1,fixation,1,-0.06224992540147569,0.16778108477592468,1,2.982635498046875,1,0.04160658518473307,0.1759929060935974,1,3.13848876953125
2479.015,14,1,1,fixation,1,-0.06322537528143989,0.1420719027519226,1,2.9097442626953125,1,0.040809843275282115,0.1356639862060547,1,3.0745391845703125
2495.682,14,1,1,fixation,1,-0.06752347946166992,0.14352944493293762,1,2.8961181640625,1,0.028575367397732202,0.13761967420578003,1,3.0771484375
2512.348,14,1,1,fixation,0,nan,nan,0,nan,0,nan,nan,0,nan
2529.015,14,1,1,fixation,1,-0.0655925538804796,0.16978919506072998,1,2.994140625,1,0.045768949720594615,0.17920610308647156,1,3.1588287353515625
2545.682,14,1,1,fixation,1,-0.06669902801513672,0.14520159363746643,1,2.9097442626953125,1,0.03672546810574002,0.13612228631973267,1,3.0746612548828125
2562.348,14,1,1,fixation,1,-0.06960105895996094,0.14358586072921753,1,2.90130615234375,1,0.029587745666503906,0.13948434591293335,1,3.0836944580078125
2579.015,14,1,1,fixation,0,nan,nan,0,nan,0,nan,nan,0,nan
2595.682,14,1,1,fixation,1,-0.06506856282552083,0.1750328540802002,1,3.036407470703125,1,0.046401023864746094,0.17890387773513794,1,3.192962646484375
2612.348,14,1,1,fixation,1,-0.07118002573649088,0.146928071975708,1,2.9462738037109375,1,0.04157469007703993,0.13708901405334473,1,3.1212615966796875
2629.015,14,1,1,fixation,1,-0.07025665707058376,0.14605343341827393,1,2.9408416748046875,1,0.026834911770290796,0.1446293592453003,1,3.1342620849609375
2645.682,14,1,1,fixation,0,nan,nan,0,nan,0,nan,nan,0,nan
2662.349,14,1,1,fixation,1,-0.05998749203152126,0.16931182146072388,1,3.1089019775390625,1,0.0630306667751736,0.18186864256858826,1,3.2545166015625
2679.014,14,1,1,fixation,1,-0.057976510789659284,0.14736992120742798,1,3.015716552734375,1,0.05135811699761284,0.13708585500717163,1,3.1905975341796875
2695.681,14,1,1,fixation,1,-0.05684661865234375,0.14794933795928955,1,3.009368896484375,1,0.03964773813883463,0.13852337002754211,1,3.208740234375
2712.347,14,1,1,fixation,0,nan,nan,0,nan,0,nan,nan,0,nan
2729.014,14,1,1,fixation,1,-0.057585716247558594,0.1692274510860443,1,3.1588592529296875,1,0.062092992994520396,0.1843094527721405,1,3.3055419921875
2745.681,14,1,1,fixation,1,-0.05519856346978081,0.14229339361190796,1,3.0618896484375,1,0.057399749755859375,0.1407092809677124,1,3.2212066650390625
2762.347,14,1,1,fixation,1,-0.05435975392659505,0.14385873079299927,1,3.040557861328125,1,0.04543113708496094,0.13810628652572632,1,3.2262725830078125
2779.014,14,1,1,fixation,0,nan,nan,0,nan,0,nan,nan,0,nan
2795.681,14,1,1,fixation,1,-0.062005466885036886,0.17083173990249634,1,3.169403076171875,1,0.05536047617594401,0.1742120385169983,1,3.3123321533203125
2812.347,14,1,1,fixation,1,-0.05853001276652018,0.1425747275352478,1,3.0605926513671875,1,0.05817455715603298,0.13709259033203125,1,3.2263946533203125
2829.014,14,1,1,fixation,1,-0.05769697825113932,0.14522302150726318,1,3.037689208984375,1,0.04414600796169705,0.13838011026382446,1,3.222900390625
2845.681,14,1,1,fixation,0,nan,nan,0,nan,0,nan,nan,0,nan
2862.348,14,1,1,fixation,1,-0.058510409461127386,0.16421133279800415,1,3.177093505859375,1,0.06737571292453341,0.1820855736732483,1,3.3034515380859375
2879.014,14,1,1,fixation,1,-0.05487993028428819,0.14191371202468872,1,3.070465087890625,1,0.06278514862060547,0.13818520307540894,1,3.2226104736328125
2895.681,14,1,1,fixation,1,-0.05243545108371311,0.1428704857826233,1,3.04833984375,1,0.042847421434190534,0.13814902305603027,1,3.2330322265625
2912.347,14,1,1,fixation,0,nan,nan,0,nan,0,nan,nan,0,nan
2929.014,14,1,1,fixation,1,-0.05238172743055555,0.16841796040534973,1,3.1928253173828125,1,0.059302753872341574,0.17417830228805542,1,3.331146240234375
2945.681,14,1,1,fixation,1,-0.05555025736490885,0.13854914903640747,1,3.088531494140625,1,0.056198332044813365,0.13926911354064941,1,3.244842529296875
2962.347,14,1,1,fixation,1,-0.05814372168646918,0.14201605319976807,1,3.073486328125,1,0.04761007097032335,0.1355983316898346,1,3.260498046875
2979.014,14,1,1,fixation,0,nan,nan,0,nan,0,nan,nan,0,nan
2995.681,14,1,1,fixation,1,-0.05952803293863932,0.16262280941009521,1,3.2258758544921875,1,0.05973222520616319,0.17407014966011047,1,3.354095458984375
3012.347,14,1,1,fixation,1,-0.054300679100884326,0.1425657868385315,1,3.1268463134765625,1,0.05887836880154079,0.13521137833595276,1,3.299560546875
3029.014,14,1,1,fixation,1,-0.05512963400946723,0.14589881896972656,1,3.1103668212890625,1,0.04810545179578993,0.13970285654067993,1,3.307342529296875
3045.681,14,1,1,stimulusMovement,0,nan,nan,0,nan,0,nan,nan,0,nan
3062.348,14,1,1,stimulusMovement,1,-0.06057008107503255,0.1700984239578247,1,3.2649078369140625,1,0.06737507714165582,0.17695090174674988,1,3.4193115234375
3079.014,14,1,1,stimulusMovement,1,-0.055327415466308594,0.17045927047729492,1,3.281463623046875,1,0.070567872789171,0.17635685205459595,1,3.4477081298828125
3095.681,14,1,1,stimulusMovement,1,-0.050223774380154074,0.16697347164154053,1,3.3076629638671875,1,0.06394810146755642,0.1785660982131958,1,3.4357452392578125
3112.347,14,1,1,stimulusMovement,1,-0.048663722144232854,0.16970816254615784,1,3.318267822265625,1,0.06930351257324219,0.1767648458480835,1,3.45831298828125
3129.014,14,1,1,stimulusMovement,1,-0.05018128289116753,0.17110717296600342,1,3.32757568359375,1,0.07353613111707899,0.17302346229553223,1,3.4814300537109375
3145.681,14,1,1,stimulusMovement,1,-0.047673066457112626,0.1681566834449768,1,3.32415771484375,1,0.06991661919487847,0.17125272750854492,1,3.4806365966796875
3162.347,14,1,1,stimulusMovement,1,-0.049559487236870654,0.16204851865768433,1,3.3432464599609375,1,0.07144398159450954,0.17446884512901306,1,3.4935760498046875
3179.014,14,1,1,stimulusMovement,1,-0.05010689629448784,0.16557487845420837,1,3.3342437744140625,1,0.0728881624009874,0.17188149690628052,1,3.4953765869140625
3195.681,14,1,1,stimulusMovement,1,-0.056226677364773214,0.16535988450050354,1,3.326904296875,1,0.07125155131022134,0.16554033756256104,1,3.5113677978515625
3212.347,14,1,1,stimulusMovement,1,-0.05158625708685981,0.16587427258491516,1,3.33697509765625,1,0.06988928053114149,0.16393855214118958,1,3.5056610107421875
3229.015,14,1,1,stimulusMovement,1,-0.05295912424723307,0.1627930998802185,1,3.321746826171875,1,0.07427194383409287,0.16806834936141968,1,3.520263671875
3245.682,14,1,1,stimulusMovement,1,-0.05110560523139106,0.16793209314346313,1,3.3223419189453125,1,0.06891208224826388,0.16985300183296204,1,3.51171875
3262.348,14,1,1,stimulusMovement,1,-0.05166059070163303,0.1620517075061798,1,3.3355560302734375,1,0.07042439778645833,0.16948306560516357,1,3.5026702880859375
3279.015,14,1,1,stimulusMovement,1,-0.05532566706339518,0.1573702096939087,1,3.3400421142578125,1,0.06983004675971137,0.1708802580833435,1,3.515838623046875
3295.682,14,1,1,stimulusMovement,1,-0.054802894592285156,0.16934826970100403,1,3.3280029296875,1,0.06538274553087023,0.17246943712234497,1,3.5029296875
3312.348,14,1,1,stimulusMovement,1,-0.04682784610324436,0.17061370611190796,1,3.344818115234375,1,0.06976138220893012,0.17037546634674072,1,3.5221710205078125
3329.016,14,1,1,stimulusMovement,1,-0.05155415005154079,0.1617717146873474,1,3.3425445556640625,1,0.06865904066297743,0.1766277551651001,1,3.5092315673828125
3345.683,14,1,1,stimulusMovement,1,-0.05418242348564995,0.17141401767730713,1,3.320220947265625,1,0.06943448384602864,0.1692219376564026,1,3.5078277587890625
3362.349,14,1,1,stimulusMovement,1,-0.049394183688693576,0.1733073890209198,1,3.3087158203125,1,0.07456864251030816,0.16948363184928894,1,3.5039215087890625
3379.015,14,1,1,stimulusMovement,1,-0.04862562815348307,0.17196014523506165,1,3.321441650390625,1,0.06921354929606119,0.1731492578983307,1,3.487701416015625
3395.683,14,1,1,stimulusMovement,1,-0.05277824401855469,0.16617906093597412,1,3.3271484375,1,0.07136175367567274,0.16949999332427979,1,3.488311767578125
3412.349,14,1,1,stimulusMovement,1,-0.04935084448920356,0.16844263672828674,1,3.3096466064453125,1,0.06879806518554688,0.17410343885421753,1,3.4982452392578125
3429.016,14,1,1,stimulusMovement,1,-0.05927366680569118,0.161362886428833,1,3.3148345947265625,1,0.07359271579318576,0.1722431480884552,1,3.4688873291015625
3445.683,14,1,1,stimulusMovement,1,-0.060912026299370654,0.1654072403907776,1,3.2925567626953125,1,0.07637606726752387,0.1713045835494995,1,3.4764556884765625
3462.349,14,1,1,stimulusMovement,1,-0.05796135796440972,0.16326063871383667,1,3.288604736328125,1,0.07263321346706814,0.17336809635162354,1,3.4496002197265625
3479.017,14,1,1,stimulusMovement,1,-0.055538972218831376,0.1721356213092804,1,3.2704925537109375,1,0.07239935133192274,0.17100200057029724,1,3.436004638671875
3495.684,14,1,1,stimulusMovement,0,nan,nan,0,nan,1,0.07610437605116102,0.17166927456855774,1,3.41632080078125
3512.35,14,1,1,stimulusMovement,0,nan,nan,0,nan,0,nan,nan,0,nan
3529.017,14,1,1,stimulusMovement,0,nan,nan,0,nan,0,nan,nan,0,nan
3545.684,14,1,1,stimulusMovement,0,nan,nan,0,nan,0,nan,nan,0,nan
3562.351,14,1,1,stimulusMovement,0,nan,nan,0,nan,0,nan,nan,0,nan
3579.018,14,1,1,stimulusMovement,0,nan,nan,0,nan,0,nan,nan,0,nan
3595.685,14,1,1,stimulusMovement,0,nan,nan,0,nan,0,nan,nan,0,nan
3612.351,14,1,1,stimulusMovement,0,nan,nan,0,nan,0,nan,nan,0,nan
3629.018,14,1,1,stimulusMovement,0,nan,nan,0,nan,0,nan,nan,0,nan
3645.685,14,1,1,stimulusMovement,0,nan,nan,0,nan,0,nan,nan,0,nan
3662.352,14,1,1,stimulusMovement,0,nan,nan,0,nan,0,nan,nan,0,nan
3679.019,14,1,1,stimulusMovement,1,-0.188844362894694,-0.03707975149154663,1,2.6088104248046875,1,0.044231308831108936,0.07857787609100342,1,3.3500823974609375
3695.686,14,1,1,stimulusMovement,1,0.014127413431803385,0.0474819540977478,1,3.4960479736328125,1,0.0593825446234809,0.2068275809288025,1,3.4382781982421875
3712.352,14,1,1,stimulusMovement,0,nan,nan,0,nan,1,0.048227945963541664,0.1461024284362793,1,3.3549652099609375
3729.019,14,1,1,stimulusMovement,1,-0.059963650173611105,0.11859971284866333,1,3.16412353515625,1,0.0480611589219835,0.15224981307983398,1,3.35272216796875
3745.687,14,1,1,stimulusMovement,1,-0.05569680531819661,0.12460124492645264,1,3.1728515625,1,0.04392168256971571,0.15730488300323486,1,3.34228515625
3762.353,14,1,1,stimulusMovement,1,-0.06216653188069661,0.13384920358657837,1,3.1690826416015625,1,0.04848617977566189,0.15689808130264282,1,3.34674072265625
3779.02,14,1,1,stimulusMovement,1,-0.057574854956732854,0.141686350107193,1,3.1728973388671875,1,0.054761674669053816,0.16264134645462036,1,3.3372039794921875
3795.688,14,1,1,stimulusMovement,1,-0.061518722110324435,0.1408369541168213,1,3.166748046875,1,0.047436290317111544,0.1616515815258026,1,3.3415069580078125
3812.354,14,1,1,stimulusMovement,1,-0.06044705708821614,0.14162921905517578,1,3.144012451171875,1,0.05070855882432725,0.15699368715286255,1,3.3253326416015625
3829.021,14,1,1,stimulusMovement,1,-0.05874262915717231,0.1376633644104004,1,3.1528778076171875,1,0.05574014451768663,0.16162270307540894,1,3.3145599365234375
3845.689,14,1,1,stimulusMovement,1,-0.05786016252305772,0.14448976516723633,1,3.1532745361328125,1,0.0490062501695421,0.1612653136253357,1,3.3207855224609375
3862.355,14,1,1,stimulusMovement,1,-0.057049221462673605,0.1408768594264984,1,3.1588897705078125,1,0.049483935038248696,0.1593463122844696,1,3.302032470703125
3879.022,14,1,1,stimulusMovement,1,-0.05785560607910156,0.14200517535209656,1,3.1458282470703125,1,0.04666296641031901,0.16152292490005493,1,3.3087921142578125
3895.689,14,1,1,stimulusMovement,1,-0.053891287909613714,0.14251494407653809,1,3.143402099609375,1,0.04076978895399305,0.15540751814842224,1,3.318389892578125
3912.355,14,1,1,stimulusMovement,1,-0.04956679873996311,0.14699497818946838,1,3.146453857421875,1,0.0548503663804796,0.16375285387039185,1,3.2868804931640625
3929.023,14,1,1,stimulusMovement,1,-0.05267047882080078,0.14652609825134277,1,3.1448211669921875,1,0.04637389712863498,0.16593673825263977,1,3.284881591796875
3945.69,14,1,1,stimulusMovement,1,-0.048434681362575956,0.14265164732933044,1,3.1312103271484375,1,0.05098438262939453,0.1598869264125824,1,3.283660888671875
3962.356,14,1,1,stimulusMovement,1,-0.0566672748989529,0.13999667763710022,1,3.1417388916015625,1,0.0574400160047743,0.16109207272529602,1,3.304046630859375
3979.023,14,1,1,stimulusMovement,1,-0.04752397537231445,0.14385497570037842,1,3.1328125,1,0.054218186272515186,0.15793699026107788,1,3.2928924560546875
3995.69,14,1,1,stimulusMovement,1,-0.04908000098334418,0.1362263560295105,1,3.1358184814453125,1,0.050864219665527344,0.1599079668521881,1,3.2735748291015625
4012.356,14,1,1,stimulusMovement,1,-0.04913536707560221,0.13845732808113098,1,3.1280975341796875,1,0.04985915289984809,0.16328218579292297,1,3.260528564453125
4029.023,14,1,1,stimulusMovement,1,-0.041663275824652776,0.14530515670776367,1,3.1149444580078125,1,0.050691074795193136,0.16624274849891663,1,3.2534637451171875
4045.69,14,1,1,stimulusMovement,1,-0.04616053899129231,0.14974647760391235,1,3.113311767578125,1,0.054670121934678816,0.16735830903053284,1,3.2485809326171875
4062.356,14,1,1,stimulusMovement,1,-0.04883787367078993,0.1492917239665985,1,3.1067657470703125,1,0.05243110656738281,0.15490984916687012,1,3.2589569091796875
4079.023,14,1,1,stimulusMovement,1,-0.04832861158582899,0.14644062519073486,1,3.10919189453125,1,0.04668702019585503,0.1578996777534485,1,3.23248291015625
4095.69,14,1,1,stimulusMovement,1,-0.04912387000189887,0.14571326971054077,1,3.0947418212890625,1,0.04784213172064887,0.15705785155296326,1,3.2424163818359375
4112.356,14,1,1,stimulusMovement,1,-0.050149652693006724,0.15421679615974426,1,3.1072845458984375,1,0.048246807522243924,0.16242629289627075,1,3.2350311279296875
4129.023,14,1,1,stimulusMovement,1,-0.05108653174506293,0.14914283156394958,1,3.096435546875,1,0.0504561530219184,0.16661131381988525,1,3.227264404296875
4145.69,14,1,1,stimulusMovement,1,-0.049389945136176214,0.1464618444442749,1,3.09228515625,1,0.04431629180908203,0.1611858308315277,1,3.2311248779296875
4162.356,14,1,1,stimulusMovement,1,-0.054214318593343094,0.15013167262077332,1,3.0772552490234375,1,0.04801400502522786,0.16614758968353271,1,3.2249755859375
4179.023,14,1,1,stimulusMovement,1,-0.052738719516330294,0.13891026377677917,1,3.1020050048828125,1,0.04618846045600043,0.15598109364509583,1,3.2390594482421875
4195.69,14,1,1,stimulusMovement,1,-0.049854808383517794,0.13999950885772705,1,3.0858001708984375,1,0.04788621266682942,0.17429384589195251,1,3.2280731201171875
4212.356,14,1,1,stimulusMovement,1,-0.05624495612250434,0.1444721221923828,1,3.100738525390625,1,0.045585844251844615,0.15904787182807922,1,3.24456787109375
4229.023,14,1,1,stimulusMovement,1,-0.04853730731540256,0.14618706703186035,1,3.0918426513671875,1,0.04611968994140625,0.16014379262924194,1,3.2470550537109375
4245.69,14,1,1,stimulusMovement,1,-0.04950422710842556,0.14615163207054138,1,3.0819244384765625,1,0.043982399834526904,0.16065090894699097,1,3.228302001953125
4262.356,14,1,1,stimulusMovement,1,-0.05647616916232639,0.14480653405189514,1,3.082000732421875,1,0.04574383629692925,0.15710186958312988,1,3.21649169921875
4279.023,14,1,1,stimulusMovement,1,-0.05509927537706163,0.14970916509628296,1,3.067169189453125,1,0.04961914486355251,0.15829715132713318,1,3.2181854248046875
4295.69,14,1,1,stimulusMovement,1,-0.049270682864718966,0.1474684178829193,1,3.0681915283203125,1,0.048894034491644964,0.16320902109146118,1,3.2060089111328125
4312.356,14,1,1,stimulusMovement,1,-0.04941336313883463,0.15034949779510498,1,3.0459136962890625,1,0.04815546671549479,0.15436094999313354,1,3.2029571533203125
4329.023,14,1,1,stimulusMovement,1,-0.04419750637478299,0.14972829818725586,1,3.053070068359375,1,0.04704856872558594,0.15688052773475647,1,3.1865692138671875
4345.69,14,1,1,stimulusMovement,1,-0.05075030856662326,0.14681711792945862,1,3.0373382568359375,1,0.042950206332736544,0.15978261828422546,1,3.1793670654296875
4362.356,14,1,1,stimulusMovement,1,-0.05154895782470703,0.14499682188034058,1,3.0446319580078125,1,0.04907078213161892,0.16340488195419312,1,3.1835174560546875
4379.023,14,1,1,stimulusMovement,1,-0.050960699717203774,0.14889973402023315,1,3.004730224609375,1,0.04979048834906684,0.1683679223060608,1,3.158477783203125
4395.69,14,1,1,stimulusMovement,1,-0.05106862386067708,0.14688634872436523,1,3.0131378173828125,1,0.05317327711317274,0.1640777289867401,1,3.1596527099609375
4412.356,14,1,1,stimulusMovement,1,-0.05285983615451389,0.1513056755065918,1,3.006591796875,1,0.048482682969835066,0.16816431283950806,1,3.1484375
4429.023,14,1,1,stimulusMovement,1,-0.051286167568630636,0.1527857780456543,1,2.9926605224609375,1,0.045225567287868924,0.16860657930374146,1,3.1298065185546875
4445.69,14,1,1,stimulusMovement,1,-0.04443984561496311,0.15165042877197266,1,2.97515869140625,1,0.04541068606906467,0.17412090301513672,1,3.1167449951171875
4462.357,14,1,1,stimulusMovement,1,-0.0500239266289605,0.15266764163970947,1,2.99761962890625,1,0.05065663655598958,0.17403125762939453,1,3.128692626953125
4479.024,14,1,1,stimulusMovement,1,-0.05070379045274522,0.15473291277885437,1,2.9705810546875,1,0.047513114081488714,0.17207902669906616,1,3.1265411376953125
4495.691,14,1,1,stimulusMovement,1,-0.05864302317301432,0.16135060787200928,1,2.956451416015625,1,0.03948741488986545,0.16978079080581665,1,3.1233367919921875
4512.357,14,1,1,stimulusMovement,1,-0.05823416180080837,0.15592873096466064,1,2.958831787109375,1,0.04016960991753472,0.16655701398849487,1,3.1103363037109375
4529.024,14,1,1,stimulusMovement,1,-0.056691275702582464,0.15076488256454468,1,2.9639739990234375,1,0.03755421108669705,0.16893061995506287,1,3.1006622314453125
4545.691,14,1,1,stimulusMovement,1,-0.05559783511691623,0.1526602804660797,1,2.9468231201171875,1,0.04607370164659288,0.17033672332763672,1,3.094970703125
4562.357,14,1,1,stimulusMovement,1,-0.0560153325398763,0.15663501620292664,1,2.9349365234375,1,0.04537381066216362,0.17401361465454102,1,3.082061767578125
4579.024,14,1,1,stimulusMovement,1,-0.055274433559841574,0.1555435061454773,1,2.930389404296875,1,0.040232976277669266,0.1721380352973938,1,3.081512451171875
4595.691,14,1,1,stimulusMovement,1,-0.06560802459716797,0.15118324756622314,1,2.9407501220703125,1,0.03402900695800781,0.1712123453617096,1,3.0787506103515625
4612.357,14,1,1,stimulusMovement,1,-0.060322867499457464,0.14790382981300354,1,2.9367828369140625,1,0.04148726993136936,0.17384198307991028,1,3.06451416015625
4629.024,14,1,1,stimulusMovement,1,-0.05983585781521267,0.1538662314414978,1,2.925262451171875,1,0.03876029120551215,0.1758919358253479,1,3.04888916015625
4645.691,14,1,1,stimulusMovement,1,-0.05686341391669379,0.15871772170066833,1,2.8941497802734375,1,0.04007699754503038,0.17431089282035828,1,3.039703369140625
4662.357,14,1,1,stimulusMovement,1,-0.05850558810763889,0.15554240345954895,1,2.896453857421875,1,0.04035907321506076,0.16998767852783203,1,3.0383148193359375
4679.024,14,1,1,stimulusMovement,1,-0.052746878729926214,0.15769469738006592,1,2.8714141845703125,1,0.035215695699055985,0.1694444715976715,1,3.0201568603515625
4695.691,14,1,1,stimulusMovement,1,-0.05683252546522352,0.1501196026802063,1,2.8790740966796875,1,0.034016821119520396,0.16650375723838806,1,3.026458740234375
4712.357,14,1,1,stimulusMovement,1,-0.054884115854899086,0.15860706567764282,1,2.86602783203125,1,0.0392203860812717,0.16913944482803345,1,3.002777099609375
4729.024,14,1,1,stimulusMovement,1,-0.05560419294569227,0.15591949224472046,1,2.853546142578125,1,0.0327413347032335,0.17318719625473022,1,2.9898223876953125
4745.691,14,1,1,stimulusMovement,1,-0.05710654788547092,0.15370267629623413,1,2.8460845947265625,1,0.03408230675591363,0.17045491933822632,1,2.9697723388671875
4762.357,14,1,1,stimulusMovement,1,-0.05619944466484917,0.15517622232437134,1,2.839599609375,1,0.02740531497531467,0.17169171571731567,1,2.96075439453125
4779.025,14,1,1,stimulusMovement,1,-0.0564681159125434,0.1624198853969574,1,2.8136444091796875,1,0.026385519239637584,0.1719861626625061,1,2.958404541015625
4795.692,14,1,1,stimulusMovement,1,-0.05935356352064344,0.1580752730369568,1,2.81036376953125,1,0.022356563144259982,0.18041005730628967,1,2.9262237548828125
4812.359,14,1,1,stimulusMovement,1,-0.0579886966281467,0.15542274713516235,1,2.7939453125,1,0.022353808085123696,0.17759835720062256,1,2.9207000732421875
4829.026,14,1,1,stimulusMovement,1,-0.06500477261013454,0.15456798672676086,1,2.79241943359375,1,0.02586841583251953,0.1807636320590973,1,2.9022064208984375
4845.693,14,1,1,stimulusMovement,1,-0.05767599741617838,0.1567155122756958,1,2.7753753662109375,1,0.012933307223849826,0.18130111694335938,1,2.887481689453125
4862.36,14,1,1,stimulusMovement,1,-0.05872376759847005,0.15447396039962769,1,2.758758544921875,1,0.012027528550889757,0.1773630678653717,1,2.8824920654296875
4879.027,14,1,1,stimulusMovement,1,-0.15679105122884113,0.20498180389404297,1,2.7723846435546875,1,-0.06417645348442926,0.2237669825553894,1,2.9040374755859375
4895.695,14,1,1,stimulusMovement,1,-0.2489309310913086,0.2681500166654587,1,2.74005126953125,1,-0.14826954735649955,0.2694082111120224,1,2.91412353515625
4912.361,14,1,1,stimulusMovement,1,-0.25641049279106987,0.2810714542865753,1,2.7525634765625,1,-0.17251957787407768,0.2863330841064453,1,2.92706298828125
4929.029,14,1,1,stimulusMovement,1,-0.257727305094401,0.29056616127491,1,2.7547149658203125,1,-0.17326789432101777,0.2878552973270416,1,2.8982086181640625
4945.696,14,1,1,stimulusMovement,1,-0.2497150633070204,0.2929573953151703,1,2.7432403564453125,1,-0.1776257620917426,0.2889152765274048,1,2.90313720703125
4962.363,14,1,1,stimulusMovement,1,-0.2586267789204915,0.29595398902893066,1,2.7375335693359375,1,-0.18203263812594941,0.2924143522977829,1,2.89227294921875
4979.03,14,1,1,stimulusMovement,1,-0.264175362057156,0.29519930481910706,1,2.7253875732421875,1,-0.1850237316555447,0.29899944365024567,1,2.8843994140625
4995.697,14,1,1,stimulusMovement,1,-0.2744170824686686,0.30280861258506775,1,2.744964599609375,1,-0.18458721372816297,0.3031778931617737,1,2.9011383056640625
5012.364,14,1,1,stimulusMovement,1,-0.2900252872043186,0.3026808202266693,1,2.7350006103515625,1,-0.19498062133789062,0.3061371445655823,1,2.9084625244140625
5029.031,14,1,1,stimulusMovement,1,-0.29970333311292857,0.31273528933525085,1,2.737823486328125,1,-0.20222801632351345,0.3086947798728943,1,2.908050537109375
5045.699,14,1,1,stimulusMovement,1,-0.297050052218967,0.3224565386772156,1,2.7406768798828125,1,-0.20471387439303926,0.30809974670410156,1,2.920135498046875
5062.365,14,1,1,stimulusMovement,1,-0.30017958747016055,0.33094149827957153,1,2.7418365478515625,1,-0.20722103118896484,0.32605183124542236,1,2.9103240966796875
5079.033,14,1,1,stimulusMovement,1,-0.3290162616305881,0.3388209939002991,1,2.7736968994140625,1,-0.22477727466159395,0.3337620794773102,1,2.92852783203125
5095.7,14,1,1,stimulusMovement,1,-0.45850327279832626,0.36123141646385193,1,2.74609375,1,-0.3545956081814236,0.36008167266845703,1,2.9396820068359375
5112.368,14,1,1,stimulusMovement,1,-0.5199464162190754,0.37610382586717606,1,2.7534027099609375,1,-0.40680403179592556,0.3900412768125534,1,2.9667510986328125
5129.035,14,1,1,stimulusMovement,1,-0.5205188327365451,0.3899005278944969,1,2.765289306640625,1,-0.41142166985405815,0.3859639912843704,1,2.9725189208984375
5145.702,14,1,1,stimulusMovement,1,-0.5303742355770534,0.3878597915172577,1,2.7737884521484375,1,-0.4165935516357422,0.38502734899520874,1,2.9924468994140625
5162.369,14,1,1,stimulusMovement,1,-0.5261993408203125,0.39278730750083923,1,2.781768798828125,1,-0.422453138563368,0.3932184800505638,1,2.999481201171875
5179.037,14,1,1,stimulusMovement,1,-0.5358442730373806,0.40056857466697693,1,2.775848388671875,1,-0.4286238352457682,0.3955063223838806,1,2.97943115234375
5195.704,14,1,1,stimulusMovement,1,-0.5403299066755507,0.4119485467672348,1,2.7792510986328125,1,-0.43005853229098845,0.4034622013568878,1,2.9820098876953125
5212.37,14,1,1,stimulusMovement,1,-0.5536368158128526,0.41227155923843384,1,2.7669219970703125,1,-0.43900108337402344,0.40832599997520447,1,2.972564697265625
5229.038,14,1,1,stimulusMovement,1,-0.5631760756174723,0.4167397916316986,1,2.773529052734375,1,-0.4433173073662652,0.418180488049984,1,2.974273681640625
5245.706,14,1,1,stimulusMovement,1,-0.564919630686442,0.4182143062353134,1,2.7566986083984375,1,-0.4542103873358832,0.41584470123052597,1,2.95745849609375
5262.372,14,1,1,stimulusMovement,1,-0.5693499247233073,0.41803519427776337,1,2.7832489013671875,1,-0.45650196075439453,0.41858867555856705,1,2.9669342041015625
5279.04,14,1,1,stimulusMovement,1,-0.5734384324815538,0.42774561047554016,1,2.758087158203125,1,-0.46194542778862846,0.4283020496368408,1,2.9769287109375
5295.707,14,1,1,stimulusMovement,1,-0.5842018127441406,0.43970467895269394,1,2.7733001708984375,1,-0.4620182779100206,0.43122398853302,1,2.9539337158203125
5312.375,14,1,1,stimulusMovement,1,-0.5781784852345784,0.43783125281333923,1,2.744781494140625,1,-0.46881167093912757,0.43572334200143814,1,2.9500732421875
5329.041,14,1,1,stimulusMovement,1,-0.5877620379130045,0.4331913962960243,1,2.753570556640625,1,-0.47334406110975474,0.43503302335739136,1,2.9498443603515625
5345.709,14,1,1,stimulusMovement,1,-0.5936838520897759,0.43947331979870796,1,2.7472076416015625,1,-0.48280376858181423,0.43979622423648834,1,2.955230712890625
5362.375,14,1,1,stimulusMovement,1,-0.6070025232103136,0.4441867917776108,1,2.7465057373046875,1,-0.485227108001709,0.43667571246623993,1,2.94866943359375
5379.043,14,1,1,stimulusMovement,1,-0.6086230542924669,0.44827520847320557,1,2.737640380859375,1,-0.4881107542249891,0.44667309895157814,1,2.9566802978515625
5395.711,14,1,1,stimulusMovement,1,-0.6671851343578762,0.4665071740746498,1,2.7401275634765625,1,-0.5419411129421657,0.47681512124836445,1,2.95050048828125
5412.377,14,1,1,stimulusMovement,1,-0.7211402257283528,0.4919063774868846,1,2.722442626953125,1,-0.6027149359385172,0.5086767300963402,1,2.9359893798828125
5429.044,14,1,1,stimulusMovement,1,-0.7194426192177666,0.49921972840093076,1,2.7206268310546875,1,-0.6113708019256592,0.5088221505284309,1,2.95111083984375
5445.712,14,1,1,stimulusMovement,1,-0.7261199023988512,0.49824415100738406,1,2.7375335693359375,1,-0.6131280793084039,0.5165238715708256,1,2.946044921875
5462.379,14,1,1,stimulusMovement,1,-0.7231417496999104,0.514543080702424,1,2.740234375,1,-0.6146243148379855,0.5147803146392107,1,2.9527587890625
5479.046,14,1,1,stimulusMovement,1,-0.7317897213829888,0.5064835478551686,1,2.7420654296875,1,-0.6205034520890977,0.5208664741367102,1,2.921112060546875
5495.714,14,1,1,stimulusMovement,1,-0.7345195213953654,0.5064672064036131,1,2.753875732421875,1,-0.6157532533009846,0.5291934832930565,1,2.9401702880859375
5512.38,14,1,1,stimulusMovement,1,-0.7354760964711506,0.5054081506095827,1,2.7540130615234375,1,-0.6192962593502468,0.5282060336321592,1,2.9401702880859375
5529.048,14,1,1,stimulusMovement,1,-0.7383566564983791,0.5178565289825201,1,2.7359161376953125,1,-0.6209673351711696,0.5381745621562004,1,2.937042236328125
5545.716,14,1,1,stimulusMovement,1,-0.7425439092848035,0.5233592558652163,1,2.7363739013671875,1,-0.6206139988369411,0.5310578271746635,1,2.9317779541015625
5562.382,14,1,1,stimulusMovement,1,-0.7478320863511827,0.5211967322975397,1,2.747314453125,1,-0.6217813226911756,0.5353563502430916,1,2.9537353515625
5579.05,14,1,1,stimulusMovement,1,-0.7472214698791504,0.5290327034890652,1,2.7451934814453125,1,-0.6259068383110894,0.5398537740111351,1,2.9493255615234375
5595.717,14,1,1,stimulusMovement,1,-0.7402580976486206,0.5253122039139271,1,2.7317352294921875,1,-0.6275563504960802,0.5356109216809273,1,2.9439239501953125
5612.384,14,1,1,stimulusMovement,1,-0.7468802664015027,0.5265770852565765,1,2.7489013671875,1,-0.6241359180874294,0.5339700020849705,1,2.9664459228515625
5629.052,14,1,1,stimulusMovement,1,-0.7475975751876831,0.5238576345145702,1,2.7458648681640625,1,-0.6318891048431396,0.5357592776417732,1,2.949249267578125
5645.719,14,1,1,stimulusMovement,1,-0.7442263894610934,0.5249745603650808,1,2.752838134765625,1,-0.6229130162133111,0.5350944995880127,1,2.9494781494140625
5662.386,14,1,1,stimulusMovement,1,-0.7465174595514933,0.5227923505008221,1,2.7501678466796875,1,-0.6206870873769124,0.5356776006519794,1,2.95782470703125
5679.053,14,1,1,stimulusMovement,1,-0.7416400114695231,0.5186013150960207,1,2.7438812255859375,1,-0.6267654630872938,0.5319976732134819,1,2.9415130615234375
5695.721,14,1,1,stimulusMovement,1,-0.7436039977603488,0.5277935974299908,1,2.755950927734375,1,-0.6211636066436768,0.530914381146431,1,2.941802978515625
5712.388,14,1,1,stimulusMovement,1,-0.7379106945461696,0.526603426784277,1,2.7344818115234375,1,-0.6225684483846028,0.5330188423395157,1,2.93914794921875
5729.055,14,1,1,stimulusMovement,1,-0.7378149032592773,0.5253098867833614,1,2.7300567626953125,1,-0.6178636021084255,0.5384442023932934,1,2.9506683349609375
5745.723,14,1,1,stimulusMovement,1,-0.7397856844796075,0.5245022308081388,1,2.7384185791015625,1,-0.625412384668986,0.532730907201767,1,2.9503631591796875
5762.389,14,1,1,stimulusMovement,1,-0.743302199575636,0.5217702500522137,1,2.7509765625,1,-0.6252310276031494,0.5377038046717644,1,2.937225341796875
5779.058,14,1,1,stimulusMovement,1,-0.73750634988149,0.5193859823048115,1,2.7223968505859375,1,-0.6245845688713921,0.5388585813343525,1,2.933441162109375
5795.725,14,1,1,stimulusMovement,1,-0.7377422120836046,0.5223187431693077,1,2.7452392578125,1,-0.6209675735897487,0.540469653904438,1,2.954925537109375
5812.392,14,1,1,stimulusMovement,1,-0.7538541158040364,0.5215284638106823,1,2.7637176513671875,1,-0.6248254246181911,0.5414743907749653,1,2.949951171875
5829.059,14,1,1,stimulusMovement,1,-0.796985904375712,0.5252616126090288,1,2.7582855224609375,1,-0.6810292137993706,0.5414054170250893,1,2.9520721435546875
5845.728,14,1,1,stimulusMovement,1,-0.7886642879909939,0.5233439616858959,1,2.7676849365234375,1,-0.6735305653678046,0.5390719436109066,1,2.9658050537109375
5862.394,14,1,1,stimulusMovement,1,-0.7933935258123609,0.526193019002676,1,2.77301025390625,1,-0.6791763570573595,0.5431870669126511,1,2.9632568359375
5879.062,14,1,1,stimulusMovement,1,-0.7894926733440822,0.5264686979353428,1,2.7829437255859375,1,-0.6700703567928737,0.5427818857133389,1,2.970458984375
5895.729,14,1,1,stimulusMovement,1,-0.7874255180358887,0.5294904038310051,1,2.7825775146484375,1,-0.6711009343465169,0.5362584851682186,1,2.9741973876953125
5912.396,14,1,1,stimulusMovement,1,-0.7892101738188001,0.5219452902674675,1,2.8065643310546875,1,-0.6787407398223877,0.5333941020071507,1,2.9976654052734375
5929.064,14,1,1,stimulusMovement,1,-0.797343181239234,0.522469412535429,1,2.8059539794921875,1,-0.6723595990075005,0.5338732227683067,1,2.997222900390625
5945.732,14,1,1,stimulusMovement,1,-0.7922331558333502,0.5173696633428335,1,2.8300323486328125,1,-0.6778427494896783,0.5393848791718483,1,3.000030517578125
5962.398,14,1,1,stimulusMovement,1,-0.7892444531122843,0.5215655583888292,1,2.8127899169921875,1,-0.6774100462595621,0.5346188619732857,1,3.021759033203125
5979.066,14,1,1,stimulusMovement,1,-0.7794404758347405,0.5033005829900503,1,2.8251190185546875,1,-0.676716751522488,0.5132248420268297,1,3.0251922607421875
5995.734,14,1,1,stimulusMovement,1,-0.7639593283335367,0.3386244624853134,1,2.844696044921875,1,-0.6749982568952771,0.33324018120765686,1,3.039794921875
6012.401,14,1,1,stimulusMovement,1,-0.7486769888136121,0.07720822095870972,1,2.8397369384765625,1,-0.6706193288167317,0.07305490970611572,1,3.06829833984375
6029.068,14,1,1,stimulusMovement,1,-0.7177821530236138,-0.23291361331939697,1,2.865631103515625,1,-0.6739363140530056,-0.1782650351524353,1,3.0385589599609375
6045.736,14,1,1,stimulusMovement,1,-0.6827947298685709,-0.521920919418335,1,2.8566436767578125,1,-0.6598616970909966,-0.44524872303009033,1,3.002288818359375
6062.402,14,1,1,stimulusMovement,1,-0.6313683456844753,-0.7792258262634277,1,2.8802947998046875,1,-0.6223840978410509,-0.6972498893737793,1,3.014007568359375
6079.071,14,1,1,stimulusMovement,1,-0.5524159537421333,-1.0219674110412598,1,2.8631439208984375,1,-0.5959277417924669,-0.9290297031402588,1,3.0172576904296875
6095.738,14,1,1,stimulusMovement,0,nan,nan,0,nan,1,-0.5424342155456543,-1.1197121143341064,1,2.9110565185546875
6112.405,14,1,1,stimulusMovement,0,nan,nan,0,nan,1,-0.54058747821384,-1.197941780090332,1,2.9992828369140625
6129.072,14,1,1,stimulusMovement,0,nan,nan,0,nan,1,-0.5576801035139295,-1.1781580448150635,1,3.0404815673828125
6145.741,14,1,1,stimulusMovement,0,nan,nan,0,nan,1,-0.5653578440348307,-1.1748547554016113,1,3.0537872314453125
6162.407,14,1,1,stimulusMovement,0,nan,nan,0,nan,1,-0.5729246669345431,-1.1556642055511475,1,3.1107940673828125
6179.075,14,1,1,stimulusMovement,0,nan,nan,0,nan,1,-0.5815714200337727,-1.1599550247192383,1,3.1207122802734375
6195.742,14,1,1,stimulusMovement,0,nan,nan,0,nan,0,nan,nan,0,nan
6212.409,14,1,1,stimulusMovement,0,nan,nan,0,nan,1,-0.57925812403361,-1.1560075283050537,1,3.147918701171875
6229.077,14,1,1,stimulusMovement,1,-0.43490441640218097,-1.2904927730560303,1,2.9535369873046875,1,-0.5840503374735514,-1.1518805027008057,1,3.1600799560546875
6245.745,14,1,1,stimulusMovement,0,nan,nan,0,nan,1,-0.5753796365525987,-1.1713950634002686,1,3.1483306884765625
6262.412,14,1,1,stimulusMovement,0,nan,nan,0,nan,1,-0.5729271041022407,-1.1507781744003296,1,3.17315673828125
6279.079,14,1,1,stimulusMovement,0,nan,nan,0,nan,1,-0.5752290619744195,-1.1629176139831543,1,3.16754150390625
6295.747,14,1,1,stimulusMovement,0,nan,nan,0,nan,1,-0.5687453481886121,-1.166318655014038,1,3.1454010009765625
6312.414,14,1,1,stimulusMovement,1,-0.4521085421244303,-1.2875802516937256,1,2.970947265625,1,-0.5824828677707248,-1.1514601707458496,1,3.153411865234375
6329.082,14,1,1,stimulusMovement,1,-0.47053037749396426,-1.3134372234344482,1,2.928070068359375,0,nan,nan,0,nan
6345.749,14,1,1,stimulusMovement,1,-0.5363769001430935,-0.7781251668930054,1,3.2144775390625,0,nan,nan,0,nan
6362.415,14,1,1,stimulusMovement,1,-0.6579009426964654,-0.47771215438842773,1,2.951019287109375,1,-0.6696659326553345,-0.34219032526016235,1,3.1026763916015625
6379.083,14,1,1,stimulusMovement,1,-0.7329690323935615,-0.12416839599609375,1,2.9383544921875,1,-0.6943220297495524,-0.02011573314666748,1,3.141510009765625
6395.75,14,1,1,stimulusMovement,1,-0.7704619301689996,0.16750487685203552,1,2.9131622314453125,1,-0.6771514150831434,0.22415992617607117,1,3.1571044921875
6412.416,14,1,1,stimulusMovement,1,-0.7819499572118123,0.3622909188270569,1,2.9390106201171875,1,-0.6638859113057454,0.4088635966181755,1,3.1381072998046875
6429.083,14,1,1,stimulusMovement,1,-0.7829475535286797,0.45468198508024216,1,2.9560699462890625,1,-0.6539760960472955,0.4949256922118366,1,3.1554412841796875
6445.75,14,1,1,stimulusMovement,1,-0.7899277607599894,0.4943363736383617,1,2.9641571044921875,1,-0.656073596742418,0.536516260355711,1,3.163238525390625
6462.417,14,1,1,stimulusMovement,1,-0.7909355097346835,0.4871215634047985,1,2.9687042236328125,1,-0.6600740220811632,0.5118474662303925,1,3.15411376953125
6479.084,14,1,1,stimulusMovement,1,-0.777116126484341,0.48596286587417126,1,2.9400177001953125,1,-0.6703531344731648,0.49852644512429833,1,3.1606292724609375
6495.751,14,1,1,stimulusMovement,1,-0.7787500686115688,0.4916343204677105,1,2.9484710693359375,1,-0.6650640169779459,0.49788009794428945,1,3.14935302734375
6512.417,14,1,1,stimulusMovement,1,-0.7760653495788574,0.48827129509299994,1,2.944976806640625,1,-0.6732344097561306,0.4952184883877635,1,3.1699676513671875
6529.085,14,1,1,stimulusMovement,1,-0.7842091454399956,0.4843738544732332,1,2.9548187255859375,1,-0.673781050576104,0.49279960058629513,1,3.1573486328125
6545.752,14,1,1,stimulusMovement,1,-0.7735782596800062,0.4779045395553112,1,2.960601806640625,1,-0.6662777264912922,0.48795395717024803,1,3.1612091064453125
6562.418,14,1,1,stimulusMovement,1,-0.7777606513765123,0.4847665159031749,1,2.9782867431640625,1,-0.6637504895528157,0.48476608097553253,1,3.15594482421875
6579.085,14,1,1,stimulusMovement,1,-0.7742443084716797,0.4798762574791908,1,2.966522216796875,1,-0.6587308512793647,0.4829111061990261,1,3.189666748046875
6595.752,14,1,1,stimulusMovement,1,-0.7865566545062594,0.5297450870275497,1,3.0037689208984375,1,-0.6735826068454318,0.5543897077441216,1,3.2220611572265625
6612.419,14,1,1,stimulusMovement,1,-0.7863625817828708,0.5435543023049831,1,3.02667236328125,1,-0.6753711965348985,0.5715712904930115,1,3.2195281982421875
6629.086,14,1,1,stimulusMovement,1,-0.7909630139668782,0.5382725149393082,1,3.0460205078125,1,-0.661544296476576,0.5721152797341347,1,3.2259368896484375
6645.753,14,1,1,stimulusMovement,1,-0.7752496533923678,0.5433282665908337,1,3.0212860107421875,1,-0.6603850258721246,0.5688406676054001,1,3.2340087890625
6662.419,14,1,1,stimulusMovement,1,-0.7735105355580647,0.5461369380354881,1,3.022674560546875,1,-0.6507756445142957,0.5752368271350861,1,3.2166748046875
6679.087,14,1,1,stimulusMovement,1,-0.778947114944458,0.5455670394003391,1,3.0233306884765625,1,-0.6523579756418864,0.5605001449584961,1,3.235748291015625
6695.754,14,1,1,stimulusMovement,1,-0.7711831198798286,0.5460672974586487,1,3.0197296142578125,1,-0.6628840764363606,0.5604601576924324,1,3.2136688232421875
6712.421,14,1,1,stimulusMovement,1,-0.7717773252063327,0.5364999026060104,1,3.026763916015625,1,-0.6615681648254395,0.5634532049298286,1,3.2248687744140625
6729.087,14,1,1,stimulusMovement,1,-0.7821517917844983,0.5423069074749947,1,3.0264739990234375,1,-0.662209775712755,0.5571193248033524,1,3.2175140380859375
6745.754,14,1,1,stimulusMovement,1,-0.7813408904605441,0.5367030277848244,1,3.019073486328125,1,-0.6591664420233833,0.5556301586329937,1,3.2067413330078125
6762.421,14,1,1,stimulusMovement,1,-0.777527199851142,0.5427253544330597,1,3.00048828125,1,-0.6666598849826388,0.5619834586977959,1,3.2273101806640625
6779.088,14,1,1,stimulusMovement,1,-0.7820278207461039,0.5406885333359241,1,3.0085906982421875,1,-0.6641079054938422,0.5659823939204216,1,3.2039794921875
6795.755,14,1,1,stimulusMovement,1,-0.776150107383728,0.5311674829572439,1,3.0202178955078125,1,-0.6601821846432155,0.5586262941360474,1,3.2135772705078125
6812.421,14,1,1,stimulusMovement,1,-0.7753443320592244,0.5406021252274513,1,2.9971160888671875,1,-0.6645242902967664,0.5594779476523399,1,3.20709228515625
6829.088,14,1,1,stimulusMovement,1,-0.7784460518095228,0.535330019891262,1,3.0022735595703125,1,-0.6693572998046875,0.5590202808380127,1,3.2059173583984375
6845.756,14,1,1,stimulusMovement,1,-0.7860164244969685,0.5407118164002895,1,2.999053955078125,1,-0.6670843230353461,0.5536186769604683,1,3.1999053955078125
6862.422,14,1,1,stimulusMovement,1,-0.7780748936865064,0.5412379279732704,1,3.0024261474609375,1,-0.666395346323649,0.5644988641142845,1,3.1986541748046875
6879.089,14,1,1,stimulusMovement,1,-0.781162487135993,0.5409799292683601,1,2.991455078125,1,-0.6653456687927246,0.5633120313286781,1,3.2127227783203125
6895.756,14,1,1,stimulusMovement,1,-0.7845543689197964,0.5363404601812363,1,2.990997314453125,1,-0.6590578820970323,0.5589382387697697,1,3.2210540771484375
6912.423,14,1,1,stimulusMovement,1,-0.7790977557500203,0.5428210087120533,1,3.002593994140625,1,-0.6596468289693196,0.5628708004951477,1,3.194366455078125
6929.09,14,1,1,stimulusMovement,1,-0.7780382500754461,0.5432157889008522,1,2.979766845703125,1,-0.6592147880130343,0.5577483959496021,1,3.2015380859375
6945.757,14,1,1,stimulusMovement,1,-0.7789194583892822,0.5416099093854427,1,2.990814208984375,1,-0.6609441969129773,0.5604085102677345,1,3.19561767578125
6962.423,14,1,1,stimulusMovement,1,-0.7825415929158528,0.5433095842599869,1,2.995849609375,1,-0.6577170424991183,0.5569031909108162,1,3.2022857666015625
6979.09,14,1,1,stimulusMovement,1,-0.7794681257671779,0.5335633344948292,1,2.9937591552734375,1,-0.653472794426812,0.5554650649428368,1,3.2151031494140625
6995.758,14,1,1,stimulusMovement,1,-0.7819513877232869,0.5324719399213791,1,2.9998321533203125,1,-0.656682014465332,0.5604373030364513,1,3.2083740234375
7012.424,14,1,1,stimulusMovement,1,-0.7756383419036865,0.5362041853368282,1,2.998504638671875,1,-0.6543529298570421,0.5569115690886974,1,3.1951446533203125
7029.091,14,1,1,stimulusMovement,1,-0.7773685190412732,0.5400172472000122,1,2.9891357421875,1,-0.6558753119574653,0.5579274296760559,1,3.2046051025390625
7045.758,14,1,1,fixation,1,-0.7759276893403795,0.5352635011076927,1,2.9808502197265625,1,-0.6493770811292859,0.5549457371234894,1,3.1993408203125
7062.425,14,1,1,fixation,0,nan,nan,0,nan,1,-0.6482238504621717,0.5363840535283089,1,3.0471954345703125
7079.092,14,1,1,fixation,0,nan,nan,0,nan,0,nan,nan,0,nan
7095.759,14,1,1,fixation,1,-0.7708761692047119,0.54127037525177,1,2.9857330322265625,1,-0.6514034006330701,0.5571454167366028,1,3.19232177734375
7112.425,14,1,1,fixation,0,nan,nan,0,nan,1,-0.6487260394626193,0.5383887365460396,1,3.036102294921875
7129.092,14,1,1,fixation,0,nan,nan,0,nan,0,nan,nan,0,nan
7145.76,14,1,1,fixation,1,-0.7764574421776665,0.5416916459798813,1,2.9830474853515625,1,-0.6492588520050049,0.5558222122490406,1,3.1995086669921875
7162.426,14,1,1,fixation,0,nan,nan,0,nan,1,-0.6474856535593668,0.5371049866080284,1,3.0425262451171875
7179.093,14,1,1,fixation,0,nan,nan,0,nan,0,nan,nan,0,nan
7195.76,14,1,1,fixation,1,-0.7762434350119697,0.5375148206949234,1,2.9683074951171875,1,-0.6510892179277208,0.5560612455010414,1,3.1938934326171875
7212.427,14,1,1,fixation,0,nan,nan,0,nan,1,-0.6491392453511555,0.5365076325833797,1,3.033966064453125
7229.094,14,1,1,fixation,0,nan,nan,0,nan,0,nan,nan,0,nan
7245.761,14,1,1,fixation,1,-0.7797667582829793,0.5326470211148262,1,2.9609832763671875,1,-0.6557870705922444,0.5508441813290119,1,3.2093658447265625
7262.427,14,1,1,fixation,0,nan,nan,0,nan,1,-0.6451236406962076,0.5299687087535858,1,3.0498809814453125
7279.094,14,1,1,fixation,0,nan,nan,0,nan,0,nan,nan,0,nan
7295.762,14,1,1,fixation,1,-0.7750354210535685,0.5335298888385296,1,2.9706268310546875,1,-0.6595477528042263,0.5470195896923542,1,3.2099151611328125
7312.428,14,1,1,fixation,0,nan,nan,0,nan,1,-0.6446202596028645,0.5315816141664982,1,3.05596923828125
7329.095,14,1,1,fixation,0,nan,nan,0,nan,0,nan,nan,0,nan
7345.762,14,1,1,fixation,1,-0.7794367737240261,0.529942449182272,1,2.9875335693359375,1,-0.6599991321563721,0.5489482022821903,1,3.226318359375
7362.428,14,1,1,fixation,0,nan,nan,0,nan,1,-0.6516849199930826,0.5318122394382954,1,3.08770751953125
7379.096,14,1,1,fixation,0,nan,nan,0,nan,0,nan,nan,0,nan
7395.763,14,1,1,fixation,1,-0.7815755473242865,0.5297148823738098,1,3.0206146240234375,1,-0.6551953156789143,0.5440829992294312,1,3.249755859375
7412.429,14,1,1,fixation,0,nan,nan,0,nan,1,-0.6511113908555772,0.5323656275868416,1,3.1080780029296875
7429.096,14,1,1,fixation,0,nan,nan,0,nan,0,nan,nan,0,nan
7445.764,14,1,1,fixation,1,-0.7818397416008843,0.5318591818213463,1,3.038848876953125,1,-0.6617320113711886,0.5415016636252403,1,3.271575927734375
7462.43,14,1,1,fixation,0,nan,nan,0,nan,1,-0.6494495338863796,0.5286273155361414,1,3.1480865478515625
7479.097,14,1,1,fixation,0,nan,nan,0,nan,0,nan,nan,0,nan
7495.764,14,1,1,fixation,1,-0.7802433040406969,0.5333799161016941,1,3.0640716552734375,1,-0.6659573449028863,0.5397212244570255,1,3.3059844970703125
7512.43,14,1,1,fixation,0,nan,nan,0,nan,1,-0.6481973595089382,0.5256220437586308,1,3.1806793212890625
7529.098,14,1,1,fixation,0,nan,nan,0,nan,0,nan,nan,0,nan
7545.765,14,1,1,fixation,1,-0.7824672063191731,0.5290722772479057,1,3.0837554931640625,1,-0.6553371747334797,0.541686937212944,1,3.3477020263671875
7562.431,14,1,1,fixation,0,nan,nan,0,nan,1,-0.6514637205335828,0.5242742467671633,1,3.2226715087890625
7579.098,14,1,1,fixation,0,nan,nan,0,nan,0,nan,nan,0,nan
7595.766,14,1,1,fixation,1,-0.7774973445468478,0.5283336546272039,1,3.1401824951171875,1,-0.6578656832377116,0.5443025231361389,1,3.400177001953125
7612.432,14,1,1,fixation,0,nan,nan,0,nan,1,-0.6462730831570095,0.5246359370648861,1,3.2559051513671875
7629.099,14,1,1,fixation,0,nan,nan,0,nan,0,nan,nan,0,nan
7645.766,14,1,1,fixation,1,-0.7719067070219251,0.529531691223383,1,3.1602783203125,1,-0.6594233247968885,0.5351880714297295,1,3.423553466796875
7662.432,14,1,1,fixation,0,nan,nan,0,nan,1,-0.6396298673417833,0.5170642696321011,1,3.2925567626953125
7679.1,14,1,1,fixation,0,nan,nan,0,nan,0,nan,nan,0,nan
7695.767,14,1,1,fixation,1,-0.7749456299675835,0.5240972824394703,1,3.2144927978515625,1,-0.6540280712975396,0.5352847501635551,1,3.4481658935546875
7712.433,14,1,1,fixation,0,nan,nan,0,nan,1,-0.6419216526879205,0.5151192964985967,1,3.3050689697265625
7729.1,14,1,1,fixation,0,nan,nan,0,nan,0,nan,nan,0,nan
7745.768,14,1,1,fixation,1,-0.7766293552186754,0.5280413553118706,1,3.1917266845703125,1,-0.6491549279954698,0.5369095057249069,1,3.4419097900390625
7762.434,14,1,1,fixation,0,nan,nan,0,nan,1,-0.6411639849344889,0.5156282596290112,1,3.29962158203125
7779.101,14,1,1,fixation,0,nan,nan,0,nan,0,nan,nan,0,nan
7795.768,14,1,1,fixation,1,-0.7793659634060329,0.5276127085089684,1,3.185028076171875,1,-0.6517275174458821,0.5359580516815186,1,3.4366607666015625
7812.434,14,1,1,fixation,0,nan,nan,0,nan,1,-0.6402251455518934,0.5103119779378176,1,3.293426513671875
7829.102,14,1,1,fixation,0,nan,nan,0,nan,0,nan,nan,0,nan
7845.769,14,1,1,fixation,1,-0.7839235332277086,0.5208608768880367,1,3.18560791015625,1,-0.6531307167477077,0.5357052087783813,1,3.433380126953125
7862.435,14,1,1,fixation,0,nan,nan,0,nan,1,-0.6436645719740125,0.5160726625472307,1,3.2934112548828125
7879.102,14,1,1,fixation,0,nan,nan,0,nan,0,nan,nan,0,nan
7895.769,14,1,1,fixation,1,-0.7898502945899963,0.5234077647328377,1,3.2146759033203125,1,-0.6533099280463325,0.5276399087160826,1,3.4534912109375
7912.436,14,1,1,fixation,0,nan,nan,0,nan,1,-0.6433422565460205,0.5127567900344729,1,3.3128814697265625
7929.103,14,1,1,fixation,0,nan,nan,0,nan,0,nan,nan,0,nan
7945.77,14,1,1,fixation,1,-0.7768645816379123,0.5268134027719498,1,3.2238616943359375,1,-0.6606616973876953,0.5354678183794022,1,3.465362548828125
7962.436,14,1,1,fixation,0,nan,nan,0,nan,1,-0.6458955340915256,0.5158998910337687,1,3.3309478759765625
7979.104,14,1,1,fixation,0,nan,nan,0,nan,0,nan,nan,0,nan
7995.771,14,1,1,fixation,1,-0.778397003809611,0.5204785279929638,1,3.2264404296875,1,-0.6533638106452094,0.5345243141055107,1,3.481292724609375
8012.437,14,1,1,fixation,0,nan,nan,0,nan,1,-0.6324644353654649,0.5119269201532006,1,3.367095947265625
8029.104,14,1,1,fixation,0,nan,nan,0,nan,0,nan,nan,0,nan
8045.771,14,1,1,fixation,0,nan,nan,0,nan,0,nan,nan,0,nan
8062.438,14,1,1,fixation,0,nan,nan,0,nan,0,nan,nan,0,nan
8079.105,14,1,1,fixation,0,nan,nan,0,nan,0,nan,nan,0,nan
8095.772,14,1,1,fixation,0,nan,nan,0,nan,0,nan,nan,0,nan
8112.438,14,1,1,fixation,0,nan,nan,0,nan,0,nan,nan,0,nan
8129.106,14,1,1,fixation,0,nan,nan,0,nan,0,nan,nan,0,nan
8145.773,14,1,1,fixation,0,nan,nan,0,nan,1,-0.640221357345581,0.44109540432691574,1,3.339141845703125
8162.439,14,1,1,fixation,1,-0.8164462844530741,0.385543517768383,1,2.848724365234375,1,-0.6436507701873779,0.5335382744669914,1,3.381011962890625
8179.106,14,1,1,fixation,0,nan,nan,0,nan,0,nan,nan,0,nan
8195.773,14,1,1,fixation,1,-0.7788451115290324,0.5265401899814606,1,3.2627410888671875,1,-0.6474132008022732,0.5383241549134254,1,3.52484130859375
8212.44,14,1,1,fixation,1,-0.781057424015469,0.5117485243827105,1,3.17572021484375,1,-0.6436666912502712,0.5257767103612423,1,3.3924102783203125
8229.107,14,1,1,fixation,0,nan,nan,0,nan,0,nan,nan,0,nan
8245.774,14,1,1,fixation,1,-0.7770968145794338,0.5281165037304163,1,3.2863006591796875,1,-0.6529289351569282,0.5388213545084,1,3.5377349853515625
8262.44,14,1,1,fixation,1,-0.7776594426896837,0.5121534932404757,1,3.1945037841796875,1,-0.6429530249701606,0.5242885164916515,1,3.4132537841796875
8279.108,14,1,1,fixation,0,nan,nan,0,nan,0,nan,nan,0,nan
8295.775,14,1,1,fixation,1,-0.7821372548739115,0.5260465182363987,1,3.2959136962890625,1,-0.650829447640313,0.5378467366099358,1,3.56634521484375
8312.441,14,1,1,fixation,1,-0.7737837235132853,0.5124072274193168,1,3.2047119140625,1,-0.6432311799791124,0.5192834287881851,1,3.43267822265625
8329.108,14,1,1,fixation,0,nan,nan,0,nan,0,nan,nan,0,nan
8345.775,14,1,1,fixation,1,-0.7729456027348836,0.5403709635138512,1,3.3166046142578125,1,-0.6493751737806531,0.5377605631947517,1,3.57000732421875
8362.442,14,1,1,fixation,1,-0.7800259457694159,0.5107008833438158,1,3.208251953125,1,-0.6381422678629557,0.5193014349788427,1,3.441741943359375
8379.109,14,1,1,fixation,0,nan,nan,0,nan,0,nan,nan,0,nan
8395.776,14,1,1,fixation,1,-0.7773652076721191,0.5271129552274942,1,3.3216400146484375,1,-0.652586539586385,0.5401424095034599,1,3.5759429931640625
8412.442,14,1,1,fixation,1,-0.7750927474763658,0.5127060431987047,1,3.2012786865234375,1,-0.6451747682359483,0.5215218365192413,1,3.429656982421875
8429.109,14,1,1,fixation,0,nan,nan,0,nan,0,nan,nan,0,nan
8445.777,14,1,1,fixation,1,-0.7713422775268555,0.5293601378798485,1,3.2977142333984375,1,-0.6531944539811876,0.5430757254362106,1,3.552947998046875
8462.443,14,1,1,fixation,1,-0.7757954200108845,0.515377689152956,1,3.1847076416015625,1,-0.6366491847568088,0.5208260901272297,1,3.412811279296875
8479.11,14,1,1,fixation,0,nan,nan,0,nan,0,nan,nan,0,nan
8495.777,14,1,1,fixation,1,-0.770501693089803,0.5310783945024014,1,3.264251708984375,1,-0.6486934290991889,0.5375823155045509,1,3.51495361328125
8512.444,14,1,1,fixation,1,-0.7748077578014797,0.5140235330909491,1,3.159332275390625,1,-0.6409259107377794,0.5246448777616024,1,3.3751220703125
8529.111,14,1,1,fixation,0,nan,nan,0,nan,0,nan,nan,0,nan
8545.778,14,1,1,fixation,1,-0.7803816662894354,0.5290061347186565,1,3.25274658203125,1,-0.6576839023166232,0.543375238776207,1,3.4938507080078125
8562.444,14,1,1,fixation,1,-0.773141516579522,0.5202174037694931,1,3.1304931640625,1,-0.6482203801472981,0.5344329066574574,1,3.3453521728515625
8579.111,14,1,1,fixation,0,nan,nan,0,nan,0,nan,nan,0,nan
8595.779,14,1,1,fixation,1,-0.7757075097825792,0.538189597427845,1,3.255157470703125,1,-0.6550608211093478,0.5509500280022621,1,3.49505615234375
8612.445,14,1,1,fixation,1,-0.7723168929417927,0.5247898790985346,1,3.123016357421875,1,-0.6452399094899495,0.5217952132225037,1,3.34375
8629.112,14,1,1,fixation,0,nan,nan,0,nan,0,nan,nan,0,nan
8645.779,14,1,1,fixation,1,-0.7723061905966865,0.5467982478439808,1,3.242095947265625,1,-0.6520305739508735,0.5471320226788521,1,3.49212646484375
8662.446,14,1,1,fixation,1,-0.7648782067828708,0.5206814855337143,1,3.1301116943359375,1,-0.6502161290910509,0.5275027696043253,1,3.348419189453125
8679.113,14,1,1,fixation,0,nan,nan,0,nan,0,nan,nan,0,nan
8695.78,14,1,1,fixation,1,-0.768652704026964,0.5414258949458599,1,3.273529052734375,1,-0.6547968917422824,0.5475495457649231,1,3.5058746337890625
8712.446,14,1,1,fixation,1,-0.7741302384270562,0.5226937495172024,1,3.1520843505859375,1,-0.6467998292711046,0.5284309051930904,1,3.37359619140625
8729.113,14,1,1,fixation,0,nan,nan,0,nan,0,nan,nan,0,nan
8745.781,14,1,1,fixation,1,-0.7726360824373033,0.544257178902626,1,3.3003082275390625,1,-0.6467257605658637,0.5426806174218655,1,3.5195159912109375
8762.447,14,1,1,fixation,0,nan,nan,0,nan,1,-0.6397143734825982,0.5243273358792067,1,3.4057464599609375
8779.114,14,1,1,fixation,0,nan,nan,0,nan,0,nan,nan,0,nan
8795.781,14,1,1,fixation,1,-0.7754132747650146,0.5361842885613441,1,3.312774658203125,1,-0.6515001191033257,0.544382855296135,1,3.565093994140625
8812.448,14,1,1,fixation,1,-0.7723332246144612,0.5272250156849623,1,3.1997222900390625,1,-0.6463048723008897,0.5280176550149918,1,3.4325408935546875
8829.115,14,1,1,fixation,0,nan,nan,0,nan,0,nan,nan,0,nan
8845.782,14,1,1,fixation,1,-0.7720611095428467,0.5398000106215477,1,3.3061676025390625,1,-0.6531168884701198,0.5469255149364471,1,3.586822509765625
8862.448,14,1,1,fixation,0,nan,nan,0,nan,1,-0.6413971583048502,0.5278919264674187,1,3.432861328125
8879.115,14,1,1,fixation,0,nan,nan,0,nan,0,nan,nan,0,nan
8895.783,14,1,1,fixation,1,-0.774416102303399,0.5329558663070202,1,3.2918853759765625,1,-0.6549987263149685,0.549860630184412,1,3.567962646484375
8912.449,14,1,1,fixation,0,nan,nan,0,nan,1,-0.640597899754842,0.5255641210824251,1,3.4203338623046875
8929.116,14,1,1,fixation,0,nan,nan,0,nan,0,nan,nan,0,nan
8945.783,14,1,1,fixation,1,-0.7743845648235744,0.5313482359051704,1,3.281829833984375,1,-0.6467222637600368,0.5482896044850349,1,3.5464324951171875
8962.449,14,1,1,fixation,0,nan,nan,0,nan,1,-0.6364293363359239,0.523217499256134,1,3.400360107421875
8979.117,14,1,1,stimulusMovement,0,nan,nan,0,nan,0,nan,nan,0,nan
8995.784,14,1,1,stimulusMovement,1,-0.7733784384197658,0.5393353253602982,1,3.25079345703125,1,-0.6538724369472927,0.5463897064328194,1,3.5379180908203125
9012.45,14,1,1,stimulusMovement,1,-0.7948608663347032,0.5247433930635452,1,3.222137451171875,1,-0.6416936185624864,0.5395326092839241,1,3.5029449462890625
9029.117,14,1,1,stimulusMovement,0,nan,nan,0,nan,1,-0.9810347689522637,0.39129573851823807,1,2.335906982421875
9045.785,14,1,1,stimulusMovement,0,nan,nan,0,nan,0,nan,nan,0,nan
9062.45,14,1,1,stimulusMovement,0,nan,nan,0,nan,0,nan,nan,0,nan
9079.117,14,1,1,stimulusMovement,0,nan,nan,0,nan,0,nan,nan,0,nan
9095.784,14,1,1,stimulusMovement,0,nan,nan,0,nan,0,nan,nan,0,nan
9112.449,14,1,1,stimulusMovement,0,nan,nan,0,nan,0,nan,nan,0,nan
9129.117,14,1,1,stimulusMovement,0,nan,nan,0,nan,0,nan,nan,0,nan
9145.784,14,1,1,stimulusMovement,0,nan,nan,0,nan,0,nan,nan,0,nan
9162.45,14,1,1,stimulusMovement,0,nan,nan,0,nan,1,-0.8770143787066141,0.44019370898604393,1,2.829864501953125
9179.116,14,1,1,stimulusMovement,1,-0.6751448843214246,0.4493022970855236,1,2.462371826171875,1,-0.6473995314704047,0.5703343376517296,1,3.6404266357421875
9195.784,14,1,1,stimulusMovement,1,-0.7945609291394551,0.5364457778632641,1,3.302337646484375,1,-0.6508451567755805,0.5202139262109995,1,3.553985595703125
9212.45,14,1,1,stimulusMovement,1,-0.7697687281502618,0.5226653218269348,1,3.271728515625,1,-0.6452121734619141,0.5263047106564045,1,3.58349609375
9229.116,14,1,1,stimulusMovement,1,-0.7772146330939399,0.5221641063690186,1,3.287872314453125,1,-0.6509428554111056,0.5265460498631,1,3.5937652587890625
9245.783,14,1,1,stimulusMovement,1,-0.7705798149108887,0.5250821635127068,1,3.2890472412109375,1,-0.6503403981526692,0.5274334959685802,1,3.616119384765625
9262.449,14,1,1,stimulusMovement,1,-0.7723740074369642,0.5244611147791147,1,3.302947998046875,1,-0.6484450764126247,0.5270376205444336,1,3.6234130859375
9279.116,14,1,1,stimulusMovement,1,-0.769890202416314,0.5159418135881424,1,3.316131591796875,1,-0.6487842400868733,0.5315162912011147,1,3.6371612548828125
9295.783,14,1,1,stimulusMovement,1,-0.7715684307946099,0.5243731886148453,1,3.3413543701171875,1,-0.643809053632948,0.5352761298418045,1,3.64483642578125
9312.449,14,1,1,stimulusMovement,1,-0.7677871783574421,0.531242772936821,1,3.3520355224609375,1,-0.6450086699591743,0.5347956195473671,1,3.6681365966796875
9329.116,14,1,1,stimulusMovement,1,-0.7661068439483643,0.52754295617342,1,3.3561248779296875,1,-0.6408183574676514,0.5288633424788713,1,3.6763916015625
9345.783,14,1,1,stimulusMovement,1,-0.7718266381157769,0.5229899697005749,1,3.37579345703125,1,-0.6389362812042236,0.529309831559658,1,3.6961822509765625
9362.449,14,1,1,stimulusMovement,1,-0.7679971721437242,0.5260893329977989,1,3.3757476806640625,1,-0.641566620932685,0.527176845818758,1,3.7027587890625
9379.116,14,1,1,stimulusMovement,1,-0.7721031771765815,0.5227066799998283,1,3.375946044921875,1,-0.6431239975823296,0.5267498847097158,1,3.716156005859375
9395.782,14,1,1,stimulusMovement,1,-0.7685111628638374,0.5212411358952522,1,3.3875732421875,1,-0.6355844603644477,0.5277122035622597,1,3.72222900390625
9412.448,14,1,1,stimulusMovement,1,-0.7679833703570895,0.5221364386379719,1,3.3936309814453125,1,-0.6387868457370334,0.5351062193512917,1,3.7367401123046875
9429.116,14,1,1,stimulusMovement,1,-0.7679208649529351,0.5252955444157124,1,3.414886474609375,1,-0.6403045389387342,0.5318424068391323,1,3.725494384765625
9445.782,14,1,1,stimulusMovement,1,-0.7725647025638156,0.5259841233491898,1,3.424835205078125,1,-0.634673966301812,0.5277656223624945,1,3.7281494140625
9462.448,14,1,1,stimulusMovement,1,-0.7662080658806695,0.5212677922099829,1,3.3932952880859375,1,-0.6418543391757541,0.526176692917943,1,3.7274169921875
9479.115,14,1,1,stimulusMovement,1,-0.7713033623165554,0.5286122895777225,1,3.3898773193359375,1,-0.6465170118543836,0.5284848213195801,1,3.695037841796875
9495.782,14,1,1,stimulusMovement,1,-0.7612448665830823,0.5265720151364803,1,3.3725433349609375,1,-0.6424090597364637,0.5296625681221485,1,3.6800384521484375
9512.448,14,1,1,stimulusMovement,1,-0.7737809552086724,0.527259785681963,1,3.346282958984375,1,-0.647401942147149,0.5263150166720152,1,3.6460418701171875
9529.115,14,1,1,stimulusMovement,1,-0.7664425637986925,0.5226953607052565,1,3.3339691162109375,1,-0.6425975693596734,0.5266878288239241,1,3.613433837890625
9545.781,14,1,1,stimulusMovement,1,-0.7738486793306139,0.522177129983902,1,3.306365966796875,1,-0.6528461774190266,0.5234997346997261,1,3.574737548828125
9562.447,14,1,1,stimulusMovement,1,-0.7762404282887776,0.5240251291543245,1,3.2750091552734375,1,-0.6580966578589545,0.529262213036418,1,3.544189453125
9579.115,14,1,1,stimulusMovement,1,-0.7680301931169298,0.523576570674777,1,3.246978759765625,1,-0.6494454807705349,0.5263775512576103,1,3.5012359619140625
9595.782,14,1,1,stimulusMovement,1,-0.7694041728973389,0.5288387052714825,1,3.236541748046875,1,-0.648746649424235,0.5292435940355062,1,3.4722900390625
9612.447,14,1,1,stimulusMovement,1,-0.7721864779790242,0.5264319907873869,1,3.1940155029296875,1,-0.6464579900105794,0.5340269431471825,1,3.451385498046875
9629.114,14,1,1,stimulusMovement,1,-0.7664765781826443,0.5345045775175095,1,3.18096923828125,1,-0.6453217135535346,0.5329389311373234,1,3.4193878173828125
9645.781,14,1,1,stimulusMovement,1,-0.7744657066133287,0.5325218215584755,1,3.1430206298828125,1,-0.6486378510793049,0.5327315181493759,1,3.400634765625
9662.447,14,1,1,stimulusMovement,1,-0.7691056463453504,0.5382833369076252,1,3.1139678955078125,1,-0.6555597252315944,0.544176485389471,1,3.357025146484375
9679.114,14,1,1,stimulusMovement,1,-0.7709997230105929,0.5305778831243515,1,3.1260528564453125,1,-0.6536273956298828,0.5404362045228481,1,3.3372650146484375
9695.781,14,1,1,stimulusMovement,1,-0.7762468258539835,0.5322828814387321,1,3.0970916748046875,1,-0.6522492037879096,0.5364286229014397,1,3.33441162109375
9712.446,14,1,1,stimulusMovement,1,-0.7732646995120578,0.534427173435688,1,3.074554443359375,1,-0.6579534212748209,0.539255291223526,1,3.3083038330078125
9729.114,14,1,1,stimulusMovement,1,-0.7748482624689738,0.5317659080028534,1,3.074249267578125,1,-0.6537556383344861,0.5365398973226547,1,3.2954864501953125
9745.78,14,1,1,stimulusMovement,1,-0.7757627964019775,0.5342740043997765,1,3.056884765625,1,-0.6558016935984293,0.5376302786171436,1,3.2806396484375
9762.446,14,1,1,stimulusMovement,1,-0.7736115720536973,0.5401967130601406,1,3.0477752685546875,1,-0.6500946150885688,0.5397296994924545,1,3.259552001953125
9779.113,14,1,1,stimulusMovement,1,-0.7669057846069336,0.5454032234847546,1,3.0410308837890625,1,-0.6548015806410047,0.5318060740828514,1,3.2568359375
9795.78,14,1,1,stimulusMovement,1,-0.7731874783833821,0.5434155762195587,1,3.022552490234375,1,-0.664400127198961,0.5412980765104294,1,3.2427978515625
9812.446,14,1,1,stimulusMovement,1,-0.7647900978724161,0.5422800667583942,1,3.013519287109375,1,-0.6576528284284803,0.5370760634541512,1,3.2430877685546875
9829.113,14,1,1,stimulusMovement,1,-0.7666920953326755,0.5445783957839012,1,3.0208740234375,1,-0.6641200383504231,0.5371610075235367,1,3.248779296875
9845.78,14,1,1,stimulusMovement,1,-0.7705730332268609,0.5400092639029026,1,3.013916015625,1,-0.6583987606896294,0.5391319021582603,1,3.25323486328125
9862.445,14,1,1,stimulusMovement,1,-0.7680144972271389,0.5424825809895992,1,3.032501220703125,1,-0.6584744718339708,0.5397071093320847,1,3.24737548828125
9879.113,14,1,1,stimulusMovement,1,-0.7683061493767632,0.5420454367995262,1,3.0133819580078125,1,-0.6611469056871202,0.5437202267348766,1,3.2488861083984375
9895.779,14,1,1,stimulusMovement,1,-0.7681607670254177,0.5413997881114483,1,3.014617919921875,1,-0.6588351726531982,0.5432076342403889,1,3.2583160400390625
9912.445,14,1,1,stimulusMovement,1,-0.7687369187672932,0.547075591981411,1,3.0124664306640625,1,-0.6566890080769856,0.5402374975383282,1,3.243438720703125
9929.112,14,1,1,stimulusMovement,1,-0.7660701539781358,0.5473706945776939,1,3.02691650390625,1,-0.6412845717536079,0.5442102588713169,1,3.249114990234375
9945.779,14,1,1,stimulusMovement,0,nan,nan,0,nan,0,nan,nan,0,nan
9962.445,14,1,1,stimulusMovement,0,nan,nan,0,nan,0,nan,nan,0,nan
9979.112,14,1,1,stimulusMovement,0,nan,nan,0,nan,0,nan,nan,0,nan
9995.778,14,1,1,stimulusMovement,0,nan,nan,0,nan,0,nan,nan,0,nan
10012.444,14,1,1,stimulusMovement,0,nan,nan,0,nan,0,nan,nan,0,nan
10029.111,14,1,1,stimulusMovement,0,nan,nan,0,nan,0,nan,nan,0,nan
10045.778,14,1,1,stimulusMovement,0,nan,nan,0,nan,0,nan,nan,0,nan
10062.444,14,1,1,stimulusMovement,0,nan,nan,0,nan,0,nan,nan,0,nan
10079.111,14,1,1,stimulusMovement,0,nan,nan,0,nan,1,-0.31408278147379554,-0.3599860668182373,1,3.380096435546875
10095.778,14,1,1,stimulusMovement,0,nan,nan,0,nan,1,-0.3272606001959906,-0.593422532081604,1,3.11968994140625
10112.444,14,1,1,stimulusMovement,0,nan,nan,0,nan,1,-0.40915732913547087,-0.8011232614517212,1,2.98638916015625
10129.111,14,1,1,stimulusMovement,1,-0.5589373376634386,-0.9490612745285034,1,2.9225616455078125,1,-0.49185948901706267,-0.9507989883422852,1,2.968902587890625
10145.777,14,1,1,stimulusMovement,0,nan,nan,0,nan,1,-0.566776778962877,-1.0990533828735352,1,2.9921722412109375
10162.443,14,1,1,stimulusMovement,0,nan,nan,0,nan,0,nan,nan,0,nan
10179.11,14,1,1,stimulusMovement,0,nan,nan,0,nan,0,nan,nan,0,nan
10195.777,14,1,1,stimulusMovement,0,nan,nan,0,nan,0,nan,nan,0,nan
10212.443,14,1,1,stimulusMovement,0,nan,nan,0,nan,0,nan,nan,0,nan
10229.109,14,1,1,stimulusMovement,0,nan,nan,0,nan,0,nan,nan,0,nan
10245.776,14,1,1,stimulusMovement,0,nan,nan,0,nan,0,nan,nan,0,nan
10262.443,14,1,1,stimulusMovement,0,nan,nan,0,nan,0,nan,nan,0,nan
10279.109,14,1,1,stimulusMovement,0,nan,nan,0,nan,0,nan,nan,0,nan
10295.776,14,1,1,stimulusMovement,1,-0.4790016280280219,-1.2343980073928833,1,3.0690765380859375,0,nan,nan,0,nan
10312.442,14,1,1,stimulusMovement,0,nan,nan,0,nan,0,nan,nan,0,nan
10329.108,14,1,1,stimulusMovement,0,nan,nan,0,nan,0,nan,nan,0,nan
10345.776,14,1,1,stimulusMovement,0,nan,nan,0,nan,0,nan,nan,0,nan
10362.441,14,1,1,stimulusMovement,0,nan,nan,0,nan,0,nan,nan,0,nan
10379.108,14,1,1,stimulusMovement,0,nan,nan,0,nan,0,nan,nan,0,nan
10395.775,14,1,1,stimulusMovement,0,nan,nan,0,nan,0,nan,nan,0,nan
10412.441,14,1,1,stimulusMovement,0,nan,nan,0,nan,0,nan,nan,0,nan
10429.108,14,1,1,stimulusMovement,0,nan,nan,0,nan,0,nan,nan,0,nan
10445.775,14,1,1,stimulusMovement,0,nan,nan,0,nan,0,nan,nan,0,nan
10462.44,14,1,1,stimulusMovement,0,nan,nan,0,nan,0,nan,nan,0,nan
10479.107,14,1,1,stimulusMovement,0,nan,nan,0,nan,0,nan,nan,0,nan
10495.774,14,1,1,stimulusMovement,0,nan,nan,0,nan,0,nan,nan,0,nan
10512.44,14,1,1,stimulusMovement,0,nan,nan,0,nan,0,nan,nan,0,nan
10529.106,14,1,1,stimulusMovement,0,nan,nan,0,nan,0,nan,nan,0,nan
10545.773,14,1,1,stimulusMovement,0,nan,nan,0,nan,0,nan,nan,0,nan
10562.439,14,1,1,stimulusMovement,0,nan,nan,0,nan,0,nan,nan,0,nan
10579.106,14,1,1,stimulusMovement,0,nan,nan,0,nan,0,nan,nan,0,nan
10595.772,14,1,1,stimulusMovement,0,nan,nan,0,nan,0,nan,nan,0,nan
10612.439,14,1,1,stimulusMovement,0,nan,nan,0,nan,0,nan,nan,0,nan
10629.105,14,1,1,stimulusMovement,0,nan,nan,0,nan,0,nan,nan,0,nan
10645.772,14,1,1,stimulusMovement,0,nan,nan,0,nan,0,nan,nan,0,nan
10662.438,14,1,1,stimulusMovement,0,nan,nan,0,nan,0,nan,nan,0,nan
10679.105,14,1,1,stimulusMovement,0,nan,nan,0,nan,0,nan,nan,0,nan
10695.786,14,1,1,stimulusMovement,0,nan,nan,0,nan,0,nan,nan,0,nan
10712.466,14,1,1,stimulusMovement,0,nan,nan,0,nan,0,nan,nan,0,nan
10729.148,14,1,1,stimulusMovement,0,nan,nan,0,nan,0,nan,nan,0,nan
10745.813,14,1,1,stimulusMovement,0,nan,nan,0,nan,0,nan,nan,0,nan
10762.48,14,1,1,stimulusMovement,0,nan,nan,0,nan,0,nan,nan,0,nan
10779.147,14,1,1,stimulusMovement,0,nan,nan,0,nan,0,nan,nan,0,nan
10795.813,14,1,1,stimulusMovement,0,nan,nan,0,nan,0,nan,nan,0,nan
10812.48,14,1,1,stimulusMovement,0,nan,nan,0,nan,0,nan,nan,0,nan
10829.146,14,1,1,stimulusMovement,0,nan,nan,0,nan,0,nan,nan,0,nan
10845.812,14,1,1,stimulusMovement,0,nan,nan,0,nan,0,nan,nan,0,nan
10862.479,14,1,1,stimulusMovement,0,nan,nan,0,nan,0,nan,nan,0,nan
10879.146,14,1,1,stimulusMovement,0,nan,nan,0,nan,0,nan,nan,0,nan
10895.813,14,1,1,stimulusMovement,0,nan,nan,0,nan,0,nan,nan,0,nan
10912.479,14,1,1,stimulusMovement,0,nan,nan,0,nan,0,nan,nan,0,nan
10929.145,14,1,1,stimulusMovement,0,nan,nan,0,nan,0,nan,nan,0,nan
10945.812,14,1,1,stimulusMovement,0,nan,nan,0,nan,0,nan,nan,0,nan
10962.478,14,1,1,stimulusMovement,0,nan,nan,0,nan,0,nan,nan,0,nan
10979.144,14,1,1,stimulusMovement,0,nan,nan,0,nan,0,nan,nan,0,nan
10995.811,14,1,1,stimulusMovement,0,nan,nan,0,nan,0,nan,nan,0,nan
11012.477,14,1,1,stimulusMovement,0,nan,nan,0,nan,0,nan,nan,0,nan
11029.144,14,1,1,stimulusMovement,0,nan,nan,0,nan,0,nan,nan,0,nan
11045.811,14,1,1,stimulusMovement,0,nan,nan,0,nan,0,nan,nan,0,nan
11062.478,14,1,1,stimulusMovement,0,nan,nan,0,nan,0,nan,nan,0,nan
11079.144,14,1,1,stimulusMovement,0,nan,nan,0,nan,0,nan,nan,0,nan
11095.811,14,1,1,stimulusMovement,0,nan,nan,0,nan,0,nan,nan,0,nan
11112.477,14,1,1,stimulusMovement,0,nan,nan,0,nan,0,nan,nan,0,nan
11129.144,14,1,1,stimulusMovement,0,nan,nan,0,nan,0,nan,nan,0,nan
11145.81,14,1,1,stimulusMovement,0,nan,nan,0,nan,0,nan,nan,0,nan
11162.476,14,1,1,stimulusMovement,0,nan,nan,0,nan,0,nan,nan,0,nan
11179.143,14,1,1,stimulusMovement,0,nan,nan,0,nan,0,nan,nan,0,nan
11195.81,14,1,1,stimulusMovement,0,nan,nan,0,nan,0,nan,nan,0,nan
11212.476,14,1,1,stimulusMovement,0,nan,nan,0,nan,0,nan,nan,0,nan
11229.142,14,1,1,stimulusMovement,0,nan,nan,0,nan,0,nan,nan,0,nan
11245.809,14,1,1,stimulusMovement,0,nan,nan,0,nan,0,nan,nan,0,nan
11262.476,14,1,1,stimulusMovement,0,nan,nan,0,nan,0,nan,nan,0,nan
11279.143,14,1,1,stimulusMovement,0,nan,nan,0,nan,0,nan,nan,0,nan
11295.808,14,1,1,stimulusMovement,0,nan,nan,0,nan,0,nan,nan,0,nan
11312.474,14,1,1,stimulusMovement,0,nan,nan,0,nan,0,nan,nan,0,nan
11329.141,14,1,1,stimulusMovement,0,nan,nan,0,nan,0,nan,nan,0,nan
11345.808,14,1,1,stimulusMovement,1,0.023230870564778645,0.5502224713563919,1,3.0325927734375,0,nan,nan,0,nan
11362.473,14,1,1,stimulusMovement,0,nan,nan,0,nan,0,nan,nan,0,nan
11379.141,14,1,1,stimulusMovement,1,0.05916870964898003,0.5509639196097851,1,3.01177978515625,0,nan,nan,0,nan
11395.807,14,1,1,stimulusMovement,0,nan,nan,0,nan,0,nan,nan,0,nan
11412.473,14,1,1,stimulusMovement,1,0.08818064795600043,0.5412136688828468,1,3.0202789306640625,0,nan,nan,0,nan
11429.14,14,1,1,stimulusMovement,0,nan,nan,0,nan,0,nan,nan,0,nan
11445.806,14,1,1,stimulusMovement,1,0.10991308424207899,0.5514244139194489,1,3.0201568603515625,1,0.21687889099121094,0.5686358362436295,1,3.16229248046875
11462.472,14,1,1,stimulusMovement,1,0.12925465901692706,0.5574837476015091,1,3.016937255859375,1,0.23171255323621961,0.5713521838188171,1,3.1631927490234375
11479.139,14,1,1,stimulusMovement,1,0.14801724751790363,0.5529841110110283,1,3.013214111328125,1,0.24870978461371526,0.5704716369509697,1,3.1748809814453125
11495.805,14,1,1,stimulusMovement,1,0.16071361965603298,0.5553602278232574,1,3.0104827880859375,1,0.2577584584554036,0.5752669051289558,1,3.176788330078125
11512.471,14,1,1,stimulusMovement,1,0.17256895701090494,0.5540761202573776,1,3.0023956298828125,1,0.27759552001953125,0.576574057340622,1,3.1646575927734375
11529.138,14,1,1,stimulusMovement,1,0.2733101314968533,0.5571764335036278,1,3.0120697021484375,1,0.37852976057264537,0.5670524090528488,1,3.151580810546875
11545.805,14,1,1,stimulusMovement,1,0.34521505567762584,0.5670718103647232,1,2.9930877685546875,1,0.4677632649739583,0.5696423202753067,1,3.1445159912109375
11562.471,14,1,1,stimulusMovement,1,0.37565220726860893,0.564435139298439,1,3.0140838623046875,1,0.4704310099283854,0.5766126811504364,1,3.1416168212890625
11579.138,14,1,1,stimulusMovement,1,0.397820684644911,0.5678515583276749,1,2.9970703125,1,0.47357898288302946,0.5727211236953735,1,3.1336212158203125
11595.804,14,1,1,stimulusMovement,1,0.406889173719618,0.5739065855741501,1,2.99163818359375,1,0.4906440311008029,0.5753354206681252,1,3.1259918212890625
11612.47,14,1,1,stimulusMovement,1,0.40924739837646484,0.5719942152500153,1,2.9973297119140625,1,0.5086563958062066,0.572617270052433,1,3.1379852294921875
11629.136,14,1,1,stimulusMovement,1,0.4424267874823676,0.578277662396431,1,2.9866943359375,1,0.5100379519992404,0.5639775395393372,1,3.1292724609375
11645.803,14,1,1,stimulusMovement,1,0.47415182325575084,0.5799455419182777,1,2.9824371337890625,1,0.5281149546305338,0.5707663670182228,1,3.122894287109375
11662.469,14,1,1,stimulusMovement,1,0.46757401360405815,0.5821340382099152,1,2.9703826904296875,1,0.5383933385213215,0.5705323442816734,1,3.122833251953125
11679.135,14,1,1,stimulusMovement,1,0.46817101372612846,0.5807132944464684,1,2.97637939453125,1,0.5490311516655816,0.573003888130188,1,3.1157989501953125
11695.803,14,1,1,stimulusMovement,1,0.48165957132975257,0.572991169989109,1,2.956298828125,1,0.5617216957939996,0.5741806477308273,1,3.1085357666015625
11712.469,14,1,1,stimulusMovement,1,0.5024178822835286,0.5748923271894455,1,2.9462890625,1,0.5750524732801648,0.5739691182971001,1,3.0979156494140625
11729.135,14,1,1,stimulusMovement,1,0.5085580613878038,0.576015293598175,1,2.957305908203125,1,0.584220462375217,0.569489099085331,1,3.0958404541015625
11745.802,14,1,1,stimulusMovement,1,0.53494750128852,0.5692100152373314,1,2.9509429931640625,1,0.6078342861599392,0.5607370734214783,1,3.08575439453125
11762.468,14,1,1,stimulusMovement,1,0.6655870013766818,0.582566425204277,1,2.9442291259765625,1,0.7537346945868598,0.5557555370032787,1,3.0501861572265625
11779.134,14,1,1,stimulusMovement,1,0.7205621931287977,0.5896279513835907,1,2.95477294921875,1,0.8072986602783203,0.5580047518014908,1,3.06329345703125
11795.801,14,1,1,stimulusMovement,1,0.729146745469835,0.5804616585373878,1,2.9613037109375,1,0.7996228535970051,0.5599234364926815,1,3.068359375
11812.467,14,1,1,stimulusMovement,1,0.7373908360799153,0.5864215940237045,1,2.96124267578125,1,0.7955807579888238,0.5605073869228363,1,3.0323638916015625
11829.133,14,1,1,stimulusMovement,1,0.7441815270317925,0.5846093595027924,1,2.9616546630859375,1,0.8018873002794054,0.5617275834083557,1,3.0400238037109375
11845.8,14,1,1,stimulusMovement,1,0.7460286882188585,0.5890846401453018,1,2.9305877685546875,1,0.8011889987521701,0.5601816177368164,1,3.038238525390625
11862.466,14,1,1,stimulusMovement,1,0.7485329310099283,0.5865803435444832,1,2.9517364501953125,1,0.8029844495985242,0.55841164290905,1,3.046051025390625
11879.133,14,1,1,stimulusMovement,1,0.7524523205227321,0.5884909480810165,1,2.9351806640625,1,0.7955392201741536,0.5588165372610092,1,3.02911376953125
11895.8,14,1,1,stimulusMovement,1,0.7528684404161241,0.5876533538103104,1,2.92864990234375,1,0.7929210662841797,0.5576439499855042,1,3.025238037109375
11912.465,14,1,1,stimulusMovement,1,0.753434075249566,0.5927699208259583,1,2.9324493408203125,1,0.7915242513020833,0.5577808395028114,1,3.0314483642578125
11929.132,14,1,1,stimulusMovement,1,0.7601565255059136,0.5926296040415764,1,2.943115234375,1,0.7874107360839844,0.5586605072021484,1,3.0312042236328125
11945.799,14,1,1,stimulusMovement,1,0.7621594534979926,0.5929911732673645,1,2.9479827880859375,1,0.7958365546332464,0.5617458447813988,1,3.0316925048828125
11962.464,14,1,1,stimulusMovement,1,0.7678724924723307,0.5998302698135376,1,2.920806884765625,1,0.7940324147542317,0.558261439204216,1,3.024200439453125
11979.131,14,1,1,stimulusMovement,1,0.7641540103488498,0.589123897254467,1,2.9499359130859375,1,0.7939872741699219,0.5625418126583099,1,3.037322998046875
11995.797,14,1,1,stimulusMovement,1,0.762708028157552,0.5880321264266968,1,2.9499359130859375,1,0.799242337544759,0.5634321421384811,1,3.049774169921875
12012.464,14,1,1,stimulusMovement,1,0.7711372375488281,0.5861944183707237,1,2.96728515625,1,0.8025402492947048,0.5561019107699394,1,3.0636444091796875
12029.131,14,1,1,stimulusMovement,1,0.7727131313747829,0.5792819336056709,1,2.9713592529296875,1,0.8067296346028645,0.5461619086563587,1,3.0809326171875
12045.797,14,1,1,stimulusMovement,1,0.7735712263319227,0.5839685201644897,1,2.9736480712890625,1,0.8030275768703884,0.5536414422094822,1,3.1050567626953125
12062.463,14,1,1,stimulusMovement,1,0.7704730563693576,0.5804956331849098,1,2.9852447509765625,1,0.8036791483561198,0.5574118942022324,1,3.0964202880859375
12079.129,14,1,1,stimulusMovement,1,0.7672541936238606,0.5826015323400497,1,2.9981842041015625,1,0.8113619486490885,0.5447304248809814,1,3.1170196533203125
12095.796,14,1,1,stimulusMovement,1,0.7641499837239583,0.5790822803974152,1,3.0132598876953125,1,0.8070606655544704,0.5431866832077503,1,3.125457763671875
12112.462,14,1,1,stimulusMovement,1,0.7675081888834635,0.5768455862998962,1,3.0357208251953125,1,0.8163045247395833,0.5411570109426975,1,3.14837646484375
12129.128,14,1,1,stimulusMovement,1,0.775817977057563,0.580042228102684,1,3.0533905029296875,1,0.8149147033691406,0.5431315116584301,1,3.172210693359375
12145.795,14,1,1,stimulusMovement,1,0.7671734491984049,0.5732558965682983,1,3.0694732666015625,1,0.8267171647813585,0.5331361666321754,1,3.1866455078125
12162.461,14,1,1,stimulusMovement,1,0.7717476950751411,0.5745364725589752,1,3.0942535400390625,1,0.8168578677707248,0.5286166593432426,1,3.18682861328125
12179.128,14,1,1,stimulusMovement,1,0.7736352284749348,0.5702695250511169,1,3.1202239990234375,1,0.8138273027208116,0.5315273962914944,1,3.2166748046875
12195.795,14,1,1,stimulusMovement,1,0.7791805267333984,0.577317051589489,1,3.133697509765625,1,0.8200861612955729,0.51996043138206,1,3.2503204345703125
12212.46,14,1,1,stimulusMovement,1,0.7753626505533854,0.5738258361816406,1,3.142730712890625,1,0.8230938381618923,0.5243294462561607,1,3.270965576171875
12229.127,14,1,1,stimulusMovement,1,0.7675808800591363,0.5733953043818474,1,3.1739654541015625,1,0.8256361219618055,0.5241357833147049,1,3.300262451171875
12245.794,14,1,1,stimulusMovement,1,0.7707078721788194,0.5725279301404953,1,3.1758270263671875,1,0.8210453457302517,0.52173344604671,1,3.3111114501953125
12262.46,14,1,1,stimulusMovement,1,0.7678701612684461,0.5658328980207443,1,3.20257568359375,1,0.818738407558865,0.522087125107646,1,3.3398284912109375
12279.127,14,1,1,stimulusMovement,1,0.7725879881117078,0.5730113834142685,1,3.225799560546875,1,0.8233292897542317,0.5221968684345484,1,3.3586578369140625
12295.794,14,1,1,stimulusMovement,1,0.7685601976182725,0.5691696405410767,1,3.2361297607421875,1,0.8242916531032985,0.5167064145207405,1,3.372894287109375
12312.46,14,1,1,stimulusMovement,1,0.7654913796318902,0.5672177225351334,1,3.248748779296875,1,0.8301034503512912,0.5098222307860851,1,3.3819732666015625
12329.127,14,1,1,stimulusMovement,1,0.7668946584065754,0.5813836008310318,1,3.329498291015625,1,0.8288539250691731,0.5477428399026394,1,3.4786529541015625
12345.795,14,1,1,stimulusMovement,0,nan,nan,0,nan,0,nan,nan,0,nan
12362.461,14,1,1,stimulusMovement,0,nan,nan,0,nan,0,nan,nan,0,nan
12379.128,14,1,1,stimulusMovement,0,nan,nan,0,nan,0,nan,nan,0,nan
12395.795,14,1,1,stimulusMovement,0,nan,nan,0,nan,0,nan,nan,0,nan
12412.461,14,1,1,stimulusMovement,0,nan,nan,0,nan,0,nan,nan,0,nan
12429.128,14,1,1,stimulusMovement,0,nan,nan,0,nan,0,nan,nan,0,nan
12445.795,14,1,1,stimulusMovement,0,nan,nan,0,nan,0,nan,nan,0,nan
12462.461,14,1,1,stimulusMovement,1,0.6149796379937066,0.5640607476234436,1,3.2178192138671875,1,0.5878291659884982,0.4935607733204961,1,2.77520751953125
12479.128,14,1,1,stimulusMovement,1,0.65019777086046,0.5374319292604923,1,3.33477783203125,1,0.7611232333713107,0.505921695381403,1,3.5457000732421875
12495.796,14,1,1,stimulusMovement,1,0.6772425969441731,0.587961919605732,1,3.4713897705078125,1,0.7502095964219835,0.5386016964912415,1,3.59930419921875
12512.462,14,1,1,stimulusMovement,1,0.660472657945421,0.5467248968780041,1,3.3749237060546875,1,0.7452913920084635,0.5219336356967688,1,3.5748748779296875
12529.129,14,1,1,stimulusMovement,1,0.6621316274007161,0.5452560931444168,1,3.4112091064453125,1,0.7420307795206705,0.5247434172779322,1,3.565887451171875
12545.796,14,1,1,stimulusMovement,1,0.6640733083089192,0.5409215241670609,1,3.419097900390625,1,0.739721934000651,0.5200182776898146,1,3.5814361572265625
12562.462,14,1,1,stimulusMovement,1,0.666807386610243,0.5460809618234634,1,3.4307708740234375,1,0.7364029354519314,0.5228498466312885,1,3.6158905029296875
12579.129,14,1,1,stimulusMovement,1,0.6621652179294162,0.5480167865753174,1,3.42779541015625,1,0.7333624098036023,0.518974369391799,1,3.5906982421875
12595.796,14,1,1,stimulusMovement,1,0.6658302942911783,0.5415007248520851,1,3.441070556640625,1,0.7305831909179688,0.51751908659935,1,3.596832275390625
12612.462,14,1,1,stimulusMovement,1,0.6615486145019531,0.550271525979042,1,3.4409942626953125,1,0.7342533535427517,0.5099787889048457,1,3.5970306396484375
12629.129,14,1,1,stimulusMovement,1,0.661372184753418,0.5420651510357857,1,3.4641571044921875,1,0.7314590877956814,0.5148636717349291,1,3.614959716796875
12645.796,14,1,1,stimulusMovement,1,0.6646857791476779,0.5419263020157814,1,3.4656829833984375,1,0.7407313452826606,0.517455980181694,1,3.6133880615234375
12662.463,14,1,1,stimulusMovement,1,0.654953850640191,0.539169866591692,1,3.4581756591796875,1,0.7420178519354926,0.5175382196903229,1,3.635040283203125
12679.13,14,1,1,stimulusMovement,1,0.6577991909450954,0.5434809476137161,1,3.4661712646484375,1,0.7385130988226997,0.5128548257052898,1,3.620819091796875
12695.797,14,1,1,stimulusMovement,1,0.6578803592258029,0.539759986102581,1,3.459503173828125,1,0.7348948584662544,0.515147547237575,1,3.6305389404296875
12712.463,14,1,1,stimulusMovement,1,0.6610971026950412,0.5434821248054504,1,3.4797210693359375,1,0.7367990281846788,0.5095451436936855,1,3.627227783203125
12729.13,14,1,1,stimulusMovement,1,0.6648544735378689,0.5433501526713371,1,3.48480224609375,1,0.740065680609809,0.513508977368474,1,3.6326446533203125
12745.797,14,1,1,stimulusMovement,1,0.6686456468370225,0.5438058413565159,1,3.484588623046875,1,0.742963155110677,0.5173054151237011,1,3.6396484375
12762.463,14,1,1,stimulusMovement,1,0.6608583662245008,0.5408107750117779,1,3.4794921875,1,0.742402606540256,0.5164108537137508,1,3.65374755859375
12779.13,14,1,1,stimulusMovement,1,0.6623452504475911,0.5469414815306664,1,3.485015869140625,1,0.7449988259209527,0.5132066374644637,1,3.652587890625
12795.797,14,1,1,stimulusMovement,1,0.6647796630859375,0.5474013537168503,1,3.473114013671875,1,0.7433673010932075,0.5111561436206102,1,3.6466064453125
12812.463,14,1,1,stimulusMovement,1,0.6536068386501735,0.540591225028038,1,3.4720458984375,1,0.7476429409450954,0.5168531145900488,1,3.644866943359375
12829.131,14,1,1,stimulusMovement,1,0.6521106296115451,0.5419185906648636,1,3.4613800048828125,1,0.7414801915486653,0.51105628721416,1,3.6443023681640625
12845.798,14,1,1,stimulusMovement,1,0.6632018619113498,0.5446304604411125,1,3.4688568115234375,1,0.7431039810180664,0.5107022747397423,1,3.6318817138671875
12862.464,14,1,1,stimulusMovement,1,0.6586580276489258,0.5440222807228565,1,3.464813232421875,1,0.7519019444783528,0.5113047594204545,1,3.626800537109375
12879.131,14,1,1,stimulusMovement,1,0.663484149509006,0.5465106628835201,1,3.4559326171875,1,0.7486553192138672,0.5130001623183489,1,3.6283111572265625
12895.798,14,1,1,stimulusMovement,1,0.6600883271959093,0.5458077788352966,1,3.439208984375,1,0.7462488810221354,0.5135019449517131,1,3.6092681884765625
12912.464,14,1,1,stimulusMovement,1,0.6562984254625108,0.5434464141726494,1,3.4253692626953125,1,0.7439700232611762,0.5116568952798843,1,3.6103515625
12929.131,14,1,1,stimulusMovement,1,0.6623628404405382,0.5458066835999489,1,3.4197540283203125,1,0.7400448057386609,0.5129639292135835,1,3.5815582275390625
12945.798,14,1,1,stimulusMovement,1,0.6595331827799479,0.5449305325746536,1,3.409637451171875,1,0.7473325729370117,0.5079884584993124,1,3.5843505859375
12962.464,14,1,1,stimulusMovement,1,0.6543286641438801,0.5435064509510994,1,3.3959808349609375,1,0.7497009701199001,0.5115264868363738,1,3.5865478515625
12979.131,14,1,1,stimulusMovement,1,0.6613135867648654,0.545314971357584,1,3.3932952880859375,1,0.7447545793321397,0.5100000258535147,1,3.5569915771484375
12995.799,14,1,1,stimulusMovement,1,0.6595482296413845,0.5428816378116608,1,3.3780975341796875,1,0.739726808336046,0.5093717910349369,1,3.5600433349609375
13012.465,14,1,1,stimulusMovement,1,0.6586484909057617,0.5496208406984806,1,3.375244140625,1,0.7396740383572048,0.5082297679036856,1,3.5275726318359375
13029.132,14,1,1,stimulusMovement,1,0.6673777898152669,0.5495965704321861,1,3.367889404296875,1,0.741252687242296,0.517208106815815,1,3.531158447265625
13045.799,14,1,1,stimulusMovement,1,0.6600837707519531,0.5489006340503693,1,3.3660125732421875,1,0.74307738410102,0.5068673309870064,1,3.521270751953125
13062.465,14,1,1,stimulusMovement,1,0.6576409869723849,0.5417198427021503,1,3.3492584228515625,1,0.7393423716227213,0.519485617056489,1,3.52386474609375
13079.132,14,1,1,stimulusMovement,1,0.6428910361395942,0.5724550560116768,1,3.3797607421875,1,0.7446526421440972,0.5336672961711884,1,3.5488128662109375
13095.799,14,1,1,stimulusMovement,0,nan,nan,0,nan,0,nan,nan,0,nan
13112.465,14,1,1,stimulusMovement,0,nan,nan,0,nan,0,nan,nan,0,nan
13129.132,14,1,1,stimulusMovement,0,nan,nan,0,nan,0,nan,nan,0,nan
13145.8,14,1,1,stimulusMovement,0,nan,nan,0,nan,0,nan,nan,0,nan
13162.466,14,1,1,stimulusMovement,0,nan,nan,0,nan,0,nan,nan,0,nan
13179.133,14,1,1,stimulusMovement,0,nan,nan,0,nan,0,nan,nan,0,nan
13195.8,14,1,1,stimulusMovement,0,nan,nan,0,nan,0,nan,nan,0,nan
13212.466,14,1,1,stimulusMovement,0,nan,nan,0,nan,0,nan,nan,0,nan
13229.133,14,1,1,stimulusMovement,0,nan,nan,0,nan,0,nan,nan,0,nan
13245.8,14,1,1,stimulusMovement,0,nan,nan,0,nan,0,nan,nan,0,nan
13262.466,14,1,1,stimulusMovement,1,0.5330253177218967,0.544591873884201,1,2.87310791015625,1,0.735075208875868,0.407194085419178,1,3.1672821044921875
13279.133,14,1,1,stimulusMovement,1,0.674711439344618,0.6085620522499084,1,3.441741943359375,1,0.7634370591905382,0.5479505732655525,1,3.5818023681640625
13295.8,14,1,1,stimulusMovement,1,0.6685476303100586,0.5562803521752357,1,3.3438262939453125,1,0.7610499064127604,0.528021639212966,1,3.554718017578125
13312.467,14,1,1,stimulusMovement,1,0.6685782538519965,0.5561541393399239,1,3.3510894775390625,1,0.7514411078559028,0.5289555862545967,1,3.543304443359375
13329.134,14,1,1,stimulusMovement,1,0.6683319939507378,0.566103145480156,1,3.37469482421875,1,0.7498105367024739,0.5320530757308006,1,3.553955078125
13345.801,14,1,1,stimulusMovement,1,0.6713637246025933,0.5614547468721867,1,3.3730010986328125,1,0.7457737392849392,0.5290575977414846,1,3.571868896484375
13362.467,14,1,1,stimulusMovement,1,0.6786963144938151,0.5626060739159584,1,3.380767822265625,1,0.7529059516059028,0.5296972375363111,1,3.576202392578125
13379.134,14,1,1,stimulusMovement,1,0.6716088189019097,0.5548691935837269,1,3.3991546630859375,1,0.7503776550292969,0.5326469615101814,1,3.5877532958984375
13395.801,14,1,1,stimulusMovement,1,0.671723895602756,0.5563224218785763,1,3.40966796875,1,0.7576168908013238,0.5314571298658848,1,3.5970001220703125
13412.467,14,1,1,stimulusMovement,1,0.6732186211480035,0.5594203062355518,1,3.400360107421875,1,0.7474089728461372,0.5345236957073212,1,3.6004791259765625
13429.134,14,1,1,stimulusMovement,1,0.670814832051595,0.558372475206852,1,3.41693115234375,1,0.7477169036865234,0.5295531675219536,1,3.6063232421875
13445.801,14,1,1,stimulusMovement,1,0.6645658281114366,0.559843122959137,1,3.4286956787109375,1,0.7556391821967231,0.5259363446384668,1,3.6202239990234375
13462.467,14,1,1,stimulusMovement,1,0.6713894738091363,0.5555856227874756,1,3.4379730224609375,1,0.7594632042778863,0.5304700285196304,1,3.6082305908203125
13479.135,14,1,1,stimulusMovement,1,0.6709766387939453,0.5601190850138664,1,3.4546661376953125,1,0.7564794752332898,0.5293838176876307,1,3.639129638671875
13495.802,14,1,1,stimulusMovement,1,0.6724971135457356,0.5582422651350498,1,3.45306396484375,1,0.7508815129597981,0.527127219364047,1,3.6483917236328125
13512.468,14,1,1,stimulusMovement,1,0.6690860324435763,0.5600706115365028,1,3.4560394287109375,1,0.7495208316379123,0.5241263639181852,1,3.6407470703125
13529.135,14,1,1,stimulusMovement,1,0.6650034586588541,0.5610262081027031,1,3.468658447265625,1,0.7514177958170573,0.5251050479710102,1,3.650634765625
13545.802,14,1,1,stimulusMovement,1,0.672557512919108,0.5565243810415268,1,3.4933624267578125,1,0.7581254111395942,0.5307916551828384,1,3.6568603515625
13562.468,14,1,1,stimulusMovement,1,0.6640782886081271,0.5579757243394852,1,3.4944000244140625,1,0.7493981255425347,0.529975563287735,1,3.6640777587890625
13579.135,14,1,1,stimulusMovement,1,0.6641344494289821,0.5512520596385002,1,3.4918670654296875,1,0.7518740759955512,0.5223961919546127,1,3.6719970703125
13595.802,14,1,1,stimulusMovement,1,0.6645527945624458,0.5524522922933102,1,3.495635986328125,1,0.7542313469780816,0.5263192262500525,1,3.6700286865234375
13612.468,14,1,1,stimulusMovement,1,0.6622342003716363,0.5597204342484474,1,3.503326416015625,1,0.7619840833875867,0.5186174549162388,1,3.66925048828125
13629.136,14,1,1,fixation,1,0.6660970052083333,0.5548265278339386,1,3.5056304931640625,1,0.7604539659288194,0.5153522044420242,1,3.668060302734375
13645.803,14,1,1,fixation,1,0.6532586415608723,0.5261340998113155,1,3.3927154541015625,1,0.7569050259060329,0.5019498178735375,1,3.5593719482421875
13662.469,14,1,1,fixation,0,nan,nan,0,nan,0,nan,nan,0,nan
13679.136,14,1,1,fixation,1,0.6596691343519422,0.5616497024893761,1,3.4753570556640625,1,0.7489980061848958,0.5159528069198132,1,3.6384124755859375
13695.803,14,1,1,fixation,1,0.6553914811876085,0.533318541944027,1,3.361480712890625,1,0.749257935418023,0.4921129606664181,1,3.5360870361328125
13712.469,14,1,1,fixation,0,nan,nan,0,nan,0,nan,nan,0,nan
13729.136,14,1,1,fixation,1,0.6606055365668403,0.5648874714970589,1,3.451141357421875,1,0.7533337275187174,0.5148552600294352,1,3.6186981201171875
13745.803,14,1,1,fixation,1,0.6633690728081597,0.5354102030396461,1,3.313934326171875,1,0.7539265950520833,0.49971749307587743,1,3.483184814453125
13762.469,14,1,1,fixation,0,nan,nan,0,nan,0,nan,nan,0,nan
13779.136,14,1,1,fixation,1,0.6618136299981011,0.5575252622365952,1,3.400299072265625,1,0.7510765923394097,0.5137699386104941,1,3.568206787109375
13795.804,14,1,1,fixation,1,0.6482794019911023,0.5297272130846977,1,3.2848358154296875,1,0.7524287965562608,0.4991030958481133,1,3.4498748779296875
13812.47,14,1,1,fixation,0,nan,nan,0,nan,0,nan,nan,0,nan
13829.137,14,1,1,fixation,1,0.6679829491509331,0.5539574474096298,1,3.3807373046875,1,0.7452064090304904,0.5201791916042566,1,3.5479278564453125
13845.804,14,1,1,fixation,1,0.655311796400282,0.5240633748471737,1,3.261688232421875,1,0.7509448793199327,0.5027107817586511,1,3.4238128662109375
13862.47,14,1,1,fixation,0,nan,nan,0,nan,0,nan,nan,0,nan
13879.137,14,1,1,fixation,1,0.6605712042914497,0.5569372326135635,1,3.360107421875,1,0.7458409203423394,0.5198070555925369,1,3.533935546875
13895.804,14,1,1,fixation,1,0.6597997877332898,0.5327441282570362,1,3.2445526123046875,1,0.7468948364257812,0.5071335746906698,1,3.40869140625
13912.47,14,1,1,fixation,0,nan,nan,0,nan,0,nan,nan,0,nan
13929.137,14,1,1,fixation,1,0.6669758690728081,0.5621385797858238,1,3.3462982177734375,1,0.7398196326361762,0.5175218321382999,1,3.5028839111328125
13945.804,14,1,1,fixation,1,0.6575033399793836,0.5361412689089775,1,3.2214508056640625,1,0.7424793243408203,0.5058370148763061,1,3.3835906982421875
13962.471,14,1,1,fixation,0,nan,nan,0,nan,0,nan,nan,0,nan
13979.138,14,1,1,fixation,1,0.6636339823404948,0.5585758611559868,1,3.3139190673828125,1,0.7408127254909939,0.5201789531856775,1,3.4854888916015625
13995.805,14,1,1,fixation,1,0.6570118798149956,0.5300751626491547,1,3.2080230712890625,1,0.7385906643337673,0.5035355736035854,1,3.363922119140625
14012.471,14,1,1,fixation,0,nan,nan,0,nan,0,nan,nan,0,nan
14029.138,14,1,1,fixation,1,0.6604586707221137,0.5530412159860134,1,3.3094940185546875,1,0.7394322289360894,0.5237921234220266,1,3.452850341796875
14045.805,14,1,1,fixation,1,0.6540511449178059,0.531739853322506,1,3.1777801513671875,1,0.7438855701022677,0.5084529044106603,1,3.32684326171875
14062.471,14,1,1,fixation,0,nan,nan,0,nan,0,nan,nan,0,nan
14079.138,14,1,1,fixation,1,0.6687408023410373,0.553121991455555,1,3.2757110595703125,1,0.7368401421440972,0.520123116672039,1,3.4254150390625
14095.805,14,1,1,fixation,1,0.6572036743164062,0.5348934829235077,1,3.158050537109375,1,0.7404834959242078,0.5101873427629471,1,3.302703857421875
14112.472,14,1,1,fixation,0,nan,nan,0,nan,0,nan,nan,0,nan
14129.139,14,1,1,fixation,1,0.6645677354600694,0.5516631901264191,1,3.2629852294921875,1,0.7392136255900065,0.5190721824765205,1,3.4261932373046875
14145.806,14,1,1,fixation,1,0.6646662818060981,0.5365104228258133,1,3.1353759765625,1,0.740602175394694,0.5111328409984708,1,3.28009033203125
14162.472,14,1,1,fixation,0,nan,nan,0,nan,0,nan,nan,0,nan
14179.139,14,1,1,fixation,1,0.6756922403971354,0.5556903332471848,1,3.2508697509765625,1,0.7381938298543294,0.5211404655128717,1,3.397247314453125
14195.806,14,1,1,fixation,1,0.6614625718858507,0.5366306528449059,1,3.1298370361328125,1,0.7491440243191189,0.5077950209379196,1,3.273162841796875
14212.472,14,1,1,fixation,0,nan,nan,0,nan,0,nan,nan,0,nan
14229.139,14,1,1,fixation,0,nan,nan,0,nan,0,nan,nan,0,nan
14245.806,14,1,1,fixation,0,nan,nan,0,nan,0,nan,nan,0,nan
14262.472,14,1,1,fixation,0,nan,nan,0,nan,0,nan,nan,0,nan
14279.14,14,1,1,fixation,0,nan,nan,0,nan,0,nan,nan,0,nan
14295.807,14,1,1,fixation,0,nan,nan,0,nan,0,nan,nan,0,nan
14312.473,14,1,1,fixation,0,nan,nan,0,nan,0,nan,nan,0,nan
14329.14,14,1,1,fixation,0,nan,nan,0,nan,0,nan,nan,0,nan
14345.807,14,1,1,fixation,0,nan,nan,0,nan,0,nan,nan,0,nan
14362.473,14,1,1,fixation,0,nan,nan,0,nan,0,nan,nan,0,nan
14379.14,14,1,1,fixation,1,0.5690228144327799,0.5747924745082855,1,3.005645751953125,1,0.7545992533365885,0.5650302916765213,1,3.5055999755859375
14395.807,14,1,1,fixation,1,0.6656390296088325,0.5393973961472511,1,3.195068359375,1,0.7473901112874348,0.5242831651121378,1,3.343902587890625
14412.473,14,1,1,fixation,0,nan,nan,0,nan,0,nan,nan,0,nan
14429.14,14,1,1,fixation,1,0.666155179341634,0.5549113377928734,1,3.3110504150390625,1,0.7389888763427734,0.533916350454092,1,3.476104736328125
14445.808,14,1,1,fixation,1,0.652679443359375,0.5353939980268478,1,3.2271881103515625,1,0.7431894938151041,0.5119410576298833,1,3.3773345947265625
14462.474,14,1,1,fixation,0,nan,nan,0,nan,0,nan,nan,0,nan
14479.141,14,1,1,fixation,1,0.6702649858262804,0.5529129430651665,1,3.3503570556640625,1,0.7321635352240669,0.5275475196540356,1,3.5152435302734375
14495.808,14,1,1,fixation,1,0.6624542872111002,0.535358365625143,1,3.2620697021484375,1,0.7382284800211588,0.5139420758932829,1,3.4201202392578125
14512.474,14,1,1,fixation,0,nan,nan,0,nan,0,nan,nan,0,nan
14529.141,14,1,1,fixation,1,0.6629421446058484,0.5557350441813469,1,3.3814544677734375,1,0.7338476181030273,0.5234507620334625,1,3.5592193603515625
14545.808,14,1,1,fixation,1,0.6633599599202473,0.5331852734088898,1,3.281005859375,1,0.7421785990397135,0.505703154951334,1,3.455169677734375
14562.474,14,1,1,fixation,0,nan,nan,0,nan,0,nan,nan,0,nan
14579.141,14,1,1,fixation,1,0.6625423431396484,0.5536617115139961,1,3.3850250244140625,1,0.7382291158040364,0.5255741998553276,1,3.575469970703125
14595.809,14,1,1,fixation,1,0.6586858961317273,0.5353067815303802,1,3.2991485595703125,1,0.7392999860975477,0.5101160798221827,1,3.47894287109375
14612.475,14,1,1,fixation,0,nan,nan,0,nan,0,nan,nan,0,nan
14629.142,14,1,1,fixation,1,0.6618039872911241,0.5568587481975555,1,3.4147796630859375,1,0.7291793823242188,0.5221186317503452,1,3.590972900390625
14645.809,14,1,1,fixation,1,0.6492599911159939,0.5303524546325207,1,3.3082275390625,1,0.7332159678141276,0.5039227497763932,1,3.4954071044921875
14662.475,14,1,1,fixation,0,nan,nan,0,nan,0,nan,nan,0,nan
14679.142,14,1,1,fixation,1,0.659149169921875,0.5532284043729305,1,3.42138671875,1,0.7337041431003146,0.521635552868247,1,3.5959014892578125
14695.809,14,1,1,fixation,1,0.6585252549913194,0.5326978303492069,1,3.3067779541015625,1,0.7375705507066515,0.5020913812331855,1,3.5080718994140625
14712.475,14,1,1,fixation,0,nan,nan,0,nan,0,nan,nan,0,nan
14729.142,14,1,1,fixation,1,0.662353515625,0.5584448501467705,1,3.4229278564453125,1,0.7346839904785156,0.5195662677288055,1,3.612640380859375
14745.809,14,1,1,fixation,1,0.6591840320163302,0.5301960371434689,1,3.304473876953125,1,0.7343801922268337,0.5001282014418393,1,3.4957427978515625
14762.476,14,1,1,stimulusMovement,0,nan,nan,0,nan,0,nan,nan,0,nan
14779.143,14,1,1,stimulusMovement,1,0.673179202609592,0.5595032013952732,1,3.4199981689453125,1,0.7307828267415364,0.52357342466712,1,3.5878448486328125
14795.81,14,1,1,stimulusMovement,1,0.590248425801595,0.49241244280710816,1,3.4164581298828125,1,0.6720025804307725,0.47237271443009377,1,3.6191253662109375
14812.476,14,1,1,stimulusMovement,1,0.47837871975368923,0.31089456379413605,1,3.42962646484375,1,0.5882601208157009,0.32608625292778015,1,3.6415252685546875
14829.143,14,1,1,stimulusMovement,1,0.3793678283691406,0.10086172819137573,1,3.408660888671875,1,0.463857544793023,0.09873634576797485,1,3.6593017578125
14845.81,14,1,1,stimulusMovement,1,0.27210267384847003,-0.15809112787246704,1,3.4221038818359375,1,0.33353021409776473,-0.0763322114944458,1,3.59991455078125
14862.476,14,1,1,stimulusMovement,1,0.13108974032931858,-0.35510140657424927,1,3.3574981689453125,1,0.18995157877604166,-0.26898467540740967,1,3.5599822998046875
14879.143,14,1,1,stimulusMovement,1,-0.02907350328233507,-0.5574004650115967,1,3.3531951904296875,1,0.01149378882514106,-0.4731079339981079,1,3.568206787109375
14895.81,14,1,1,stimulusMovement,1,-0.13508854971991643,-0.7670679092407227,1,3.31195068359375,1,-0.13489543067084417,-0.6873418092727661,1,3.5460357666015625
14912.476,14,1,1,stimulusMovement,1,-0.208753055996365,-0.9981141090393066,1,3.2722625732421875,1,-0.2691765891181098,-0.9062497615814209,1,3.5399017333984375
14929.144,14,1,1,stimulusMovement,1,-0.2681596544053819,-1.2288987636566162,1,3.2507781982421875,0,nan,nan,0,nan
14945.811,14,1,1,stimulusMovement,0,nan,nan,0,nan,0,nan,nan,0,nan
14962.477,14,1,1,stimulusMovement,0,nan,nan,0,nan,0,nan,nan,0,nan
14979.144,14,1,1,stimulusMovement,0,nan,nan,0,nan,0,nan,nan,0,nan
14995.811,14,1,1,stimulusMovement,0,nan,nan,0,nan,0,nan,nan,0,nan
15012.477,14,1,1,stimulusMovement,0,nan,nan,0,nan,0,nan,nan,0,nan
15029.144,14,1,1,stimulusMovement,0,nan,nan,0,nan,0,nan,nan,0,nan
15045.811,14,1,1,stimulusMovement,0,nan,nan,0,nan,0,nan,nan,0,nan
15062.477,14,1,1,stimulusMovement,0,nan,nan,0,nan,0,nan,nan,0,nan
15079.145,14,1,1,stimulusMovement,0,nan,nan,0,nan,0,nan,nan,0,nan
15095.812,14,1,1,stimulusMovement,0,nan,nan,0,nan,0,nan,nan,0,nan
15112.478,14,1,1,stimulusMovement,0,nan,nan,0,nan,0,nan,nan,0,nan
15129.145,14,1,1,stimulusMovement,0,nan,nan,0,nan,0,nan,nan,0,nan
15145.812,14,1,1,stimulusMovement,0,nan,nan,0,nan,0,nan,nan,0,nan
15162.478,14,1,1,stimulusMovement,0,nan,nan,0,nan,0,nan,nan,0,nan
15179.145,14,1,1,stimulusMovement,0,nan,nan,0,nan,0,nan,nan,0,nan
15195.812,14,1,1,stimulusMovement,0,nan,nan,0,nan,0,nan,nan,0,nan
15212.478,14,1,1,stimulusMovement,0,nan,nan,0,nan,0,nan,nan,0,nan
15229.145,14,1,1,stimulusMovement,0,nan,nan,0,nan,0,nan,nan,0,nan
15245.813,14,1,1,stimulusMovement,0,nan,nan,0,nan,0,nan,nan,0,nan
15262.479,14,1,1,stimulusMovement,0,nan,nan,0,nan,0,nan,nan,0,nan
15279.146,14,1,1,stimulusMovement,0,nan,nan,0,nan,0,nan,nan,0,nan
15295.813,14,1,1,stimulusMovement,0,nan,nan,0,nan,0,nan,nan,0,nan
15312.479,14,1,1,stimulusMovement,0,nan,nan,0,nan,0,nan,nan,0,nan
15329.146,14,1,1,stimulusMovement,0,nan,nan,0,nan,0,nan,nan,0,nan
15345.813,14,1,1,stimulusMovement,0,nan,nan,0,nan,0,nan,nan,0,nan
15362.479,14,1,1,stimulusMovement,0,nan,nan,0,nan,1,0.2344267103407118,-0.0076122283935546875,1,3.001190185546875
15379.146,14,1,1,stimulusMovement,1,0.2734114329020182,0.2245739996433258,1,2.9720001220703125,1,0.32165548536512584,0.24313810467720032,1,3.310394287109375
15395.813,14,1,1,stimulusMovement,1,0.3815812004937066,0.40958215296268463,1,3.0145416259765625,1,0.5150699615478516,0.4402291104197502,1,3.1295013427734375
15412.48,14,1,1,stimulusMovement,1,0.42462688022189665,0.5610657185316086,1,3.0286407470703125,1,0.5767076280381944,0.5816102027893066,1,3.1307373046875
15429.147,14,1,1,stimulusMovement,1,0.44852108425564235,0.593718521296978,1,3.0285186767578125,1,0.5848048528035481,0.5963857173919678,1,3.1271209716796875
15445.814,14,1,1,stimulusMovement,1,0.45064735412597656,0.5876424610614777,1,3.065826416015625,1,0.5646123886108398,0.5822535902261734,1,3.15374755859375
15462.48,14,1,1,stimulusMovement,1,0.4487895965576172,0.5636141449213028,1,3.0435791015625,1,0.558447519938151,0.5751009657979012,1,3.1525726318359375
15479.147,14,1,1,stimulusMovement,1,0.43968921237521696,0.5632881820201874,1,3.0730133056640625,1,0.55701478322347,0.5667335838079453,1,3.172271728515625
15495.814,14,1,1,stimulusMovement,1,0.4341935051812066,0.5653141736984253,1,3.0728912353515625,1,0.5513752831353081,0.5652117133140564,1,3.1798095703125
15512.48,14,1,1,stimulusMovement,1,0.43554051717122394,0.5667911544442177,1,3.081573486328125,1,0.5439772076076931,0.5558427087962627,1,3.1791229248046875
15529.147,14,1,1,stimulusMovement,1,0.4313545227050781,0.5541420802474022,1,3.0966949462890625,1,0.550040668911404,0.5599510744214058,1,3.1860504150390625
15545.813,14,1,1,stimulusMovement,1,0.4267585542466905,0.5568638257682323,1,3.1024169921875,1,0.5421024958292643,0.5494505390524864,1,3.21282958984375
15562.48,14,1,1,stimulusMovement,1,0.4304464128282335,0.5471852943301201,1,3.1209869384765625,1,0.5395272572835286,0.5500549450516701,1,3.2207489013671875
15579.147,14,1,1,stimulusMovement,1,0.5075581868489583,0.5573909468948841,1,3.138885498046875,1,0.6089189317491319,0.5355635657906532,1,3.2567291259765625
15595.814,14,1,1,stimulusMovement,1,0.6588147481282551,0.5718241184949875,1,3.13958740234375,1,0.7521600723266602,0.5470958650112152,1,3.2054901123046875
15612.48,14,1,1,stimulusMovement,1,0.6869913736979166,0.5636751726269722,1,3.1532135009765625,1,0.7796781327989366,0.5437905639410019,1,3.2220458984375
15629.147,14,1,1,stimulusMovement,1,0.7025108337402344,0.5696825534105301,1,3.1508636474609375,1,0.7843329111735026,0.5445384122431278,1,3.219573974609375
15645.814,14,1,1,stimulusMovement,1,0.7018714480929904,0.5743324905633926,1,3.1305084228515625,1,0.772934701707628,0.5447926931083202,1,3.195343017578125
15662.48,14,1,1,stimulusMovement,1,0.6979793972439235,0.5737499669194221,1,3.11346435546875,1,0.7726351420084635,0.5481830164790154,1,3.191070556640625
15679.147,14,1,1,stimulusMovement,1,0.6957730187310113,0.5676904618740082,1,3.1028289794921875,1,0.7708280351426866,0.5406565107405186,1,3.1753692626953125
15695.813,14,1,1,stimulusMovement,1,0.7060951656765407,0.5761984288692474,1,3.09185791015625,1,0.767778820461697,0.5379628986120224,1,3.144378662109375
15712.479,14,1,1,stimulusMovement,1,0.7019280327690972,0.5754033327102661,1,3.0735626220703125,1,0.7699431313408746,0.5414463989436626,1,3.156768798828125
15729.147,14,1,1,stimulusMovement,1,0.7051686180962456,0.5780757293105125,1,3.046051025390625,1,0.7661001417371961,0.5431670136749744,1,3.1410980224609375
15745.814,14,1,1,stimulusMovement,1,0.7028658125135633,0.5824330821633339,1,3.05731201171875,1,0.7668880886501735,0.544849269092083,1,3.138885498046875
15762.48,14,1,1,stimulusMovement,1,0.7047337426079644,0.5767588913440704,1,3.050994873046875,1,0.7666388617621528,0.5498118326067924,1,3.1115875244140625
15779.147,14,1,1,stimulusMovement,1,0.7032883961995442,0.5801423937082291,1,3.042755126953125,1,0.7688369750976562,0.5474238097667694,1,3.125091552734375
15795.814,14,1,1,stimulusMovement,1,0.7060974968804253,0.5845364481210709,1,3.03155517578125,1,0.7646857367621528,0.5486806407570839,1,3.0870819091796875
15812.48,14,1,1,stimulusMovement,1,0.7115535736083984,0.5814886018633842,1,3.029327392578125,1,0.7643235524495442,0.5464533939957619,1,3.1019134521484375
15829.146,14,1,1,stimulusMovement,1,0.7169299655490451,0.5790821090340614,1,3.03265380859375,1,0.7660806443956163,0.548798467963934,1,3.1155548095703125
15845.813,14,1,1,stimulusMovement,1,0.7128377490573459,0.5826289877295494,1,3.038238525390625,1,0.770519044664171,0.5438288450241089,1,3.101959228515625
15862.479,14,1,1,stimulusMovement,1,0.7123328314887153,0.5858222469687462,1,3.0294647216796875,1,0.7661010954115125,0.5402157157659531,1,3.09381103515625
15879.146,14,1,1,stimulusMovement,1,0.7101251814100477,0.5772736296057701,1,3.0261993408203125,1,0.7669239044189453,0.5484743341803551,1,3.110626220703125
15895.814,14,1,1,stimulusMovement,1,0.7135022481282551,0.5782531499862671,1,3.0100555419921875,1,0.7669747670491536,0.5538635589182377,1,3.109161376953125
15912.48,14,1,1,stimulusMovement,1,0.7186929914686414,0.587446890771389,1,3.0267333984375,1,0.7710047827826606,0.5535328835248947,1,3.1268768310546875
15929.147,14,1,1,stimulusMovement,1,0.7102391984727647,0.5760835483670235,1,3.0074920654296875,1,0.7693121168348523,0.5558316558599472,1,3.1246185302734375
15945.814,14,1,1,stimulusMovement,1,0.7062447865804036,0.5718166008591652,1,3.0220489501953125,1,0.7625598907470703,0.5521831288933754,1,3.114593505859375
15962.48,14,1,1,stimulusMovement,1,0.7084337870279948,0.5722229182720184,1,3.023223876953125,1,0.7621031867133247,0.5498777329921722,1,3.1384735107421875
15979.146,14,1,1,stimulusMovement,1,0.7063166300455729,0.5630858987569809,1,3.0484619140625,1,0.7635414335462781,0.550678014755249,1,3.135009765625
15995.813,14,1,1,stimulusMovement,1,0.7117171817355685,0.5722256377339363,1,3.0347442626953125,1,0.7626056671142578,0.5518417954444885,1,3.149078369140625
16012.479,14,1,1,stimulusMovement,1,0.7090504964192708,0.5719352662563324,1,3.044769287109375,1,0.7658551534016926,0.5513500943779945,1,3.141204833984375
16029.146,14,1,1,stimulusMovement,1,0.7027205361260308,0.5656707435846329,1,3.053375244140625,1,0.761476092868381,0.5574134215712547,1,3.1480560302734375
16045.814,14,1,1,stimulusMovement,1,0.7029045952690972,0.5708185285329819,1,3.0618438720703125,1,0.7690199746025933,0.5514518022537231,1,3.1583709716796875
16062.48,14,1,1,stimulusMovement,1,0.7152983347574869,0.5529022291302681,1,3.07916259765625,1,0.7728909386528863,0.5491307005286217,1,3.188140869140625
16079.147,14,1,1,stimulusMovement,1,0.7074913448757595,0.5558435805141926,1,3.0833282470703125,1,0.764948738945855,0.5526824221014977,1,3.1661224365234375
16095.814,14,1,1,stimulusMovement,1,0.7083140479193794,0.552898220717907,1,3.077728271484375,1,0.7680873870849609,0.5567369684576988,1,3.185272216796875
16112.479,14,1,1,stimulusMovement,1,0.7104260126749674,0.5502883605659008,1,3.094940185546875,1,0.7672414779663086,0.5510704964399338,1,3.1940460205078125
16129.146,14,1,1,stimulusMovement,1,0.7086544036865234,0.5543283820152283,1,3.09051513671875,1,0.7655568652682834,0.5545914359390736,1,3.2102508544921875
16145.813,14,1,1,stimulusMovement,1,0.7061256832546657,0.5600711777806282,1,3.098388671875,1,0.7701975504557291,0.5535615086555481,1,3.2191925048828125
16162.479,14,1,1,stimulusMovement,1,0.6991247600979275,0.5546558946371078,1,3.103759765625,1,0.7674041324191623,0.552436999976635,1,3.2339324951171875
16179.146,14,1,1,stimulusMovement,1,0.7000716527303059,0.5553837269544601,1,3.109954833984375,1,0.7679126527574327,0.5517930462956429,1,3.2361602783203125
16195.813,14,1,1,stimulusMovement,1,0.6952246559990777,0.550177562981844,1,3.120941162109375,1,0.7667393154568142,0.5505752265453339,1,3.2276458740234375
16212.48,14,1,1,stimulusMovement,1,0.694001727634006,0.5533750429749489,1,3.1420745849609375,1,0.7685292561848958,0.5479247123003006,1,3.2517852783203125
16229.147,14,1,1,stimulusMovement,1,0.7014060550265842,0.5603194162249565,1,3.1301727294921875,1,0.7674145168728298,0.5402245298027992,1,3.251373291015625
16245.813,14,1,1,stimulusMovement,1,0.6964631610446506,0.5628672689199448,1,3.141998291015625,1,0.7705665164523654,0.5436395294964314,1,3.2505035400390625
16262.479,14,1,1,stimulusMovement,1,0.6966490215725368,0.5559935569763184,1,3.1228790283203125,1,0.7677574157714844,0.5440347716212273,1,3.2350006103515625
16279.146,14,1,1,stimulusMovement,1,0.6898301442464192,0.5644130259752274,1,3.120635986328125,1,0.7701574961344401,0.5442004501819611,1,3.2359466552734375
16295.813,14,1,1,stimulusMovement,1,0.6888376871744791,0.5625626593828201,1,3.140716552734375,1,0.7631448109944661,0.5441993400454521,1,3.2381744384765625
16312.479,14,1,1,stimulusMovement,1,0.6915270487467448,0.5633812919259071,1,3.1371612548828125,1,0.7665189107259114,0.5461662448942661,1,3.2344818115234375
16329.146,14,1,1,stimulusMovement,1,0.6947763231065538,0.5675186067819595,1,3.1331329345703125,1,0.7665333218044704,0.5451969057321548,1,3.2358856201171875
16345.813,14,1,1,stimulusMovement,1,0.6922164493136935,0.565235510468483,1,3.131683349609375,1,0.7666184107462565,0.5427254252135754,1,3.2336578369140625
16362.479,14,1,1,stimulusMovement,1,0.6944487889607747,0.5674414336681366,1,3.1255035400390625,1,0.7651841905381944,0.540512204170227,1,3.226165771484375
16379.146,14,1,1,stimulusMovement,1,0.6860319773356119,0.5687626674771309,1,3.122406005859375,1,0.7671800189548068,0.5394716188311577,1,3.227691650390625
16395.813,14,1,1,stimulusMovement,1,0.6908249325222439,0.5691360980272293,1,3.1236724853515625,1,0.7653910319010416,0.5416261777281761,1,3.227020263671875
16412.479,14,1,1,stimulusMovement,1,0.6866548326280382,0.5648600235581398,1,3.1228179931640625,1,0.7677872975667317,0.5401802994310856,1,3.2368621826171875
16429.146,14,1,1,stimulusMovement,1,0.6986817253960503,0.5618387460708618,1,3.1278228759765625,1,0.7661375469631618,0.5449819900095463,1,3.2299957275390625
16445.813,14,1,1,stimulusMovement,1,0.6913108825683594,0.5624279044568539,1,3.1449432373046875,1,0.763408448961046,0.5420848466455936,1,3.2321014404296875
16462.479,14,1,1,stimulusMovement,1,0.6963133282131618,0.5673510432243347,1,3.1587982177734375,1,0.7623425589667426,0.5386953353881836,1,3.2386932373046875
16479.146,14,1,1,stimulusMovement,1,0.6906000773111979,0.5641115233302116,1,3.1512908935546875,1,0.7603330612182617,0.5387753508985043,1,3.24078369140625
16495.813,14,1,1,stimulusMovement,1,0.6766745249430338,0.5623996183276176,1,3.1443023681640625,1,0.7545514636569552,0.5384631380438805,1,3.228546142578125
16512.478,14,1,1,stimulusMovement,1,0.6813490125868055,0.5644694268703461,1,3.145263671875,1,0.7597411473592122,0.5350235924124718,1,3.2329254150390625
16529.146,14,1,1,stimulusMovement,1,0.6848956214057075,0.5584459081292152,1,3.1556549072265625,1,0.7700283262464734,0.5338034071028233,1,3.2520599365234375
16545.813,14,1,1,stimulusMovement,1,0.6889563666449653,0.5456795394420624,1,3.148590087890625,1,0.7621664471096462,0.5147443860769272,1,3.250823974609375
16562.479,14,1,1,stimulusMovement,1,0.6771423551771375,0.3882898837327957,1,3.148529052734375,1,0.7539439731174045,0.39954719692468643,1,3.2724761962890625
16579.146,14,1,1,stimulusMovement,1,0.6680540508694118,0.22429496049880981,1,3.146148681640625,1,0.7452485826280382,0.24470046162605286,1,3.2529144287109375
16595.813,14,1,1,stimulusMovement,1,0.654136127895779,0.10828548669815063,1,3.15460205078125,1,0.7342338562011719,0.1351158618927002,1,3.2453765869140625
16612.479,14,1,1,stimulusMovement,1,0.6562475628323025,0.09719863533973694,1,3.1420135498046875,1,0.7409234576755099,0.11227670311927795,1,3.2475128173828125
16629.146,14,1,1,stimulusMovement,1,0.6495316823323567,0.0717705488204956,1,3.14129638671875,1,0.7361638810899522,0.08522391319274902,1,3.2337646484375
16645.813,14,1,1,stimulusMovement,1,0.646354251437717,0.07007238268852234,1,3.1394805908203125,1,0.7203766504923502,0.08653125166893005,1,3.2167510986328125
16662.478,14,1,1,stimulusMovement,1,0.6368624369303385,0.04510629177093506,1,3.185760498046875,1,0.7286833657158746,0.07383078336715698,1,3.2397613525390625
16679.145,14,1,1,stimulusMovement,1,0.6375965542263454,0.036091506481170654,1,3.16644287109375,1,0.7272655698988172,0.06209224462509155,1,3.2282257080078125
16695.813,14,1,1,stimulusMovement,1,0.6506775750054253,0.046885788440704346,1,3.1216888427734375,1,0.7251608106825086,0.05834406614303589,1,3.23876953125
16712.479,14,1,1,stimulusMovement,1,0.653148439195421,0.0031885504722595215,1,3.1866607666015625,1,0.7317961586846246,0.046109527349472046,1,3.2425689697265625
16729.146,14,1,1,stimulusMovement,1,0.6423705418904622,0.01935046911239624,1,3.141937255859375,1,0.7189600202772352,0.04030159115791321,1,3.2478485107421875
16745.813,14,1,1,stimulusMovement,1,0.6452816857231988,0.014058113098144531,1,3.1418609619140625,1,0.7235696580674913,0.03686553239822388,1,3.2490081787109375
16762.478,14,1,1,stimulusMovement,1,0.6512221230400933,-0.021343767642974854,1,3.1990966796875,1,0.720781750149197,0.021443277597427368,1,3.25836181640625
16779.145,14,1,1,stimulusMovement,1,0.6563843621148003,0.0019106268882751465,1,3.1466217041015625,1,0.7191744910346137,0.012658476829528809,1,3.264617919921875
16795.812,14,1,1,stimulusMovement,1,0.6573139826456705,-0.020293116569519043,1,3.176025390625,1,0.7243937386406792,0.00330275297164917,1,3.266571044921875
16812.479,14,1,1,stimulusMovement,1,0.6505908966064453,-0.021492958068847656,1,3.1585693359375,1,0.7298777898152669,-0.0011587142944335938,1,3.259552001953125
16829.145,14,1,1,stimulusMovement,1,0.650091807047526,-0.04697751998901367,1,3.1736907958984375,1,0.7300777435302734,-0.0034821629524230957,1,3.2645721435546875
16845.812,14,1,1,stimulusMovement,1,0.6462371614244249,-0.06995844841003418,1,3.188995361328125,1,0.7357609007093641,-0.018895268440246582,1,3.271728515625
16862.479,14,1,1,stimulusMovement,1,0.6482203801472981,-0.07051712274551392,1,3.184814453125,1,0.735245492723253,-0.03234207630157471,1,3.272003173828125
16879.146,14,1,1,stimulusMovement,1,0.6455729802449544,-0.08329850435256958,1,3.188446044921875,1,0.7296966976589626,-0.04313176870346069,1,3.2699432373046875
16895.812,14,1,1,stimulusMovement,1,0.6480091942681206,-0.08297914266586304,1,3.1630859375,1,0.7244464026557075,-0.052688002586364746,1,3.2418975830078125
16912.478,14,1,1,stimulusMovement,1,0.6403612560696071,-0.10326433181762695,1,3.1727142333984375,1,0.732778443230523,-0.05857539176940918,1,3.2552032470703125
16929.145,14,1,1,stimulusMovement,1,0.6438490549723307,-0.12224531173706055,1,3.22198486328125,1,0.729723400539822,-0.07075417041778564,1,3.2206268310546875
16945.812,14,1,1,stimulusMovement,1,0.6454497443305122,-0.12975478172302246,1,3.163848876953125,1,0.7275053660074869,-0.07813918590545654,1,3.219512939453125
16962.478,14,1,1,stimulusMovement,1,0.6577900780571831,-0.12223571538925171,1,3.1456451416015625,1,0.7296008004082574,-0.07793998718261719,1,3.1994476318359375
16979.145,14,1,1,stimulusMovement,1,0.6512762705485026,-0.1545182466506958,1,3.1817779541015625,1,0.7327405081854926,-0.09449899196624756,1,3.20953369140625
16995.812,14,1,1,stimulusMovement,1,0.6464841630723741,-0.14983093738555908,1,3.1703338623046875,1,0.7318200005425347,-0.10778069496154785,1,3.201019287109375
17012.478,14,1,1,stimulusMovement,1,0.6554142634073893,-0.1446617841720581,1,3.122802734375,1,0.7299011018541124,-0.10469996929168701,1,3.2063140869140625
17029.145,14,1,1,stimulusMovement,1,0.6525151994493272,-0.1631159782409668,1,3.1229400634765625,1,0.7380695343017578,-0.10914450883865356,1,3.1938934326171875
17045.812,14,1,1,stimulusMovement,1,0.6562793519761827,-0.16532301902770996,1,3.1169586181640625,1,0.7398336198594835,-0.11884230375289917,1,3.19464111328125
17062.478,14,1,1,stimulusMovement,1,0.6514496273464626,-0.17301321029663086,1,3.1121673583984375,1,0.7391810946994357,-0.1253528594970703,1,3.182861328125
17079.145,14,1,1,stimulusMovement,1,0.6582873662312825,-0.16927164793014526,1,3.090545654296875,1,0.7359452777438693,-0.13408970832824707,1,3.1888580322265625
17095.812,14,1,1,stimulusMovement,1,0.6568472120496961,-0.1964382529258728,1,3.1275177001953125,1,0.7217475043402778,-0.14437949657440186,1,3.1768646240234375
17112.478,14,1,1,stimulusMovement,1,0.7085422939724392,-0.191195547580719,1,3.0885772705078125,1,0.7879241307576497,-0.1686999797821045,1,3.1746826171875
17129.145,14,1,1,stimulusMovement,1,0.7114324569702148,-0.19482749700546265,1,3.1064300537109375,1,0.7966204749213324,-0.17475712299346924,1,3.2011260986328125
17145.812,14,1,1,stimulusMovement,1,0.7057681613498263,-0.19792711734771729,1,3.1007537841796875,1,0.7865348392062717,-0.16630834341049194,1,3.1782073974609375
17162.477,14,1,1,stimulusMovement,1,0.6969067255655924,-0.21042829751968384,1,3.1248626708984375,1,0.7906341552734375,-0.16526460647583008,1,3.173980712890625
17179.145,14,1,1,stimulusMovement,1,0.710911750793457,-0.2011377215385437,1,3.0983428955078125,1,0.7921330134073893,-0.1704956293106079,1,3.1778564453125
17195.812,14,1,1,stimulusMovement,1,0.6999153561062282,-0.2098190188407898,1,3.0825958251953125,1,0.7919862535264757,-0.17256885766983032,1,3.1741180419921875
17212.478,14,1,1,stimulusMovement,1,0.7038521236843532,-0.21304887533187866,1,3.100067138671875,1,0.791412247551812,-0.17404675483703613,1,3.166229248046875
17229.145,14,1,1,stimulusMovement,1,0.7055089738633897,-0.21036022901535034,1,3.108642578125,1,0.7893313301934136,-0.18449878692626953,1,3.1789703369140625
17245.811,14,1,1,stimulusMovement,1,0.7048296398586696,-0.2039152979850769,1,3.08087158203125,1,0.7937737570868597,-0.18363988399505615,1,3.1767578125
17262.477,14,1,1,stimulusMovement,1,0.6975211037529839,-0.20630842447280884,1,3.0871124267578125,1,0.7955580817328558,-0.17671054601669312,1,3.1832733154296875
17279.144,14,1,1,stimulusMovement,1,0.7027403513590494,-0.2137136459350586,1,3.08880615234375,1,0.7946556939019097,-0.18283087015151978,1,3.1760101318359375
17295.811,14,1,1,stimulusMovement,1,0.7008696662055122,-0.21186137199401855,1,3.1058807373046875,1,0.7942787806193033,-0.17483937740325928,1,3.1536865234375
17312.477,14,1,1,stimulusMovement,1,0.6951547198825412,-0.22033047676086426,1,3.0998687744140625,1,0.787385622660319,-0.18252259492874146,1,3.1526336669921875
17329.144,14,1,1,stimulusMovement,1,0.6987033420138888,-0.2205917239189148,1,3.094024658203125,1,0.7864463594224718,-0.17573630809783936,1,3.164459228515625
17345.811,14,1,1,stimulusMovement,1,0.7058063083224826,-0.20957404375076294,1,3.0745697021484375,1,0.7951588100857204,-0.18213826417922974,1,3.172576904296875
17362.477,14,1,1,stimulusMovement,1,0.6964774661593967,-0.20644795894622803,1,3.0701751708984375,1,0.794486575656467,-0.17511719465255737,1,3.15545654296875
17379.144,14,1,1,stimulusMovement,1,0.7030386394924587,-0.20456135272979736,1,3.081146240234375,1,0.7921535703870984,-0.17870032787322998,1,3.1670989990234375
17395.811,14,1,1,stimulusMovement,1,0.7022063997056749,-0.21093571186065674,1,3.0775604248046875,1,0.79458130730523,-0.17546093463897705,1,3.164947509765625
17412.477,14,1,1,stimulusMovement,1,0.6988818910386827,-0.21563231945037842,1,3.0763092041015625,1,0.7898241678873698,-0.18764197826385498,1,3.1716766357421875
17429.144,14,1,1,stimulusMovement,1,0.6970667309231228,-0.2111828327178955,1,3.07666015625,1,0.7795275582207574,-0.18177974224090576,1,3.1923065185546875
17445.811,14,1,1,stimulusMovement,1,0.6967845492892795,-0.21367233991622925,1,3.0992584228515625,1,0.7878138224283854,-0.1828669309616089,1,3.17510986328125
17462.477,14,1,1,stimulusMovement,1,0.7057465447319878,-0.21617907285690308,1,3.0850677490234375,1,0.7833555009629991,-0.17664527893066406,1,3.190093994140625
17479.144,14,1,1,stimulusMovement,1,0.7019115024142795,-0.21818554401397705,1,3.0867462158203125,1,0.7833048502604166,-0.1840255856513977,1,3.194366455078125
17495.811,14,1,1,stimulusMovement,1,0.7040392557779948,-0.2160053253173828,1,3.0939788818359375,1,0.7804975509643555,-0.18454253673553467,1,3.20098876953125
17512.477,14,1,1,stimulusMovement,1,0.6979669994778103,-0.21657794713974,1,3.1078643798828125,1,0.7789059744940863,-0.1815863847732544,1,3.220794677734375
17529.144,14,1,1,stimulusMovement,1,0.6957784228854709,-0.21262907981872559,1,3.1185760498046875,1,0.7806760999891492,-0.18634897470474243,1,3.2231292724609375
17545.811,14,1,1,stimulusMovement,1,0.7069993548923068,-0.22142183780670166,1,3.126556396484375,1,0.7793292999267578,-0.17995774745941162,1,3.245147705078125
17562.477,14,1,1,stimulusMovement,1,0.6959056854248047,-0.2181994915008545,1,3.1369476318359375,1,0.787035412258572,-0.17667436599731445,1,3.24078369140625
17579.144,14,1,1,stimulusMovement,1,0.6973690456814235,-0.22356367111206055,1,3.1534881591796875,1,0.7778680589463975,-0.17640364170074463,1,3.2575531005859375
17595.81,14,1,1,stimulusMovement,1,0.7024563683403863,-0.21555739641189575,1,3.1778717041015625,1,0.7830185360378689,-0.18469399213790894,1,3.2841796875
17612.476,14,1,1,stimulusMovement,1,0.6988290150960286,-0.2155129313468933,1,3.1649322509765625,1,0.7839145660400391,-0.18701672554016113,1,3.2836151123046875
17629.143,14,1,1,stimulusMovement,1,0.6983953052096896,-0.22504031658172607,1,3.1751556396484375,1,0.7783734003702799,-0.1829562783241272,1,3.308990478515625
17645.81,14,1,1,stimulusMovement,1,0.6920331319173176,-0.22241955995559692,1,3.2093658447265625,1,0.7709081437852647,-0.18442392349243164,1,3.3097686767578125
17662.477,14,1,1,stimulusMovement,1,0.6928312513563367,-0.22138458490371704,1,3.1962127685546875,1,0.7758317523532443,-0.18848741054534912,1,3.33062744140625
17679.144,14,1,1,stimulusMovement,1,0.6931266784667969,-0.23040986061096191,1,3.2070465087890625,1,0.7647049162122938,-0.1812857985496521,1,3.333892822265625
17695.811,14,1,1,stimulusMovement,0,nan,nan,0,nan,0,nan,nan,0,nan
17712.477,14,1,1,stimulusMovement,0,nan,nan,0,nan,0,nan,nan,0,nan
17729.143,14,1,1,stimulusMovement,0,nan,nan,0,nan,0,nan,nan,0,nan
17745.81,14,1,1,stimulusMovement,0,nan,nan,0,nan,0,nan,nan,0,nan
17762.476,14,1,1,stimulusMovement,0,nan,nan,0,nan,0,nan,nan,0,nan
17779.143,14,1,1,stimulusMovement,0,nan,nan,0,nan,0,nan,nan,0,nan
17795.81,14,1,1,stimulusMovement,0,nan,nan,0,nan,0,nan,nan,0,nan
17812.476,14,1,1,stimulusMovement,0,nan,nan,0,nan,0,nan,nan,0,nan
17829.143,14,1,1,stimulusMovement,0,nan,nan,0,nan,0,nan,nan,0,nan
17845.81,14,1,1,stimulusMovement,0,nan,nan,0,nan,0,nan,nan,0,nan
17862.476,14,1,1,stimulusMovement,1,0.7082842720879449,-0.29831528663635254,1,3.2070465087890625,0,nan,nan,0,nan
17879.143,14,1,1,stimulusMovement,1,0.7025864919026692,-0.24587976932525635,1,3.331634521484375,1,0.7522109349568684,-0.30086177587509155,1,3.3130035400390625
17895.81,14,1,1,stimulusMovement,1,0.6938576168484157,-0.29499900341033936,1,3.2313079833984375,1,0.7693520651923286,-0.26493895053863525,1,3.4252166748046875
17912.475,14,1,1,stimulusMovement,1,0.6954403983222114,-0.2868572473526001,1,3.2545318603515625,1,0.7829545338948567,-0.24617254734039307,1,3.456146240234375
17929.143,14,1,1,stimulusMovement,1,0.6936511993408203,-0.2833648920059204,1,3.2653961181640625,1,0.7795315848456488,-0.23625540733337402,1,3.46087646484375
17945.81,14,1,1,stimulusMovement,1,0.6920089721679688,-0.2818565368652344,1,3.2756500244140625,1,0.7699538336859809,-0.24458980560302734,1,3.4635162353515625
17962.476,14,1,1,stimulusMovement,1,0.6941356658935547,-0.2770175337791443,1,3.2818756103515625,1,0.7693944507175021,-0.2544199228286743,1,3.453887939453125
17979.143,14,1,1,stimulusMovement,1,0.6920106675889757,-0.2829445004463196,1,3.2742767333984375,1,0.7740031348334419,-0.24775147438049316,1,3.456634521484375
17995.81,14,1,1,stimulusMovement,1,0.6952847374810113,-0.27849066257476807,1,3.2807159423828125,1,0.7782563103569878,-0.24604713916778564,1,3.469024658203125
18012.476,14,1,1,stimulusMovement,1,0.6997365951538086,-0.274910569190979,1,3.28338623046875,1,0.7689187791612413,-0.24910390377044678,1,3.476318359375
18029.143,14,1,1,stimulusMovement,1,0.6996406979031032,-0.27666258811950684,1,3.2887725830078125,1,0.7667488521999782,-0.24667608737945557,1,3.49127197265625
18045.809,14,1,1,stimulusMovement,1,0.6978874206542969,-0.28405725955963135,1,3.290130615234375,1,0.7727553049723307,-0.2461080551147461,1,3.4776458740234375
18062.475,14,1,1,stimulusMovement,1,0.6953479978773328,-0.2799121141433716,1,3.2891387939453125,1,0.7676120334201388,-0.2519357204437256,1,3.5037689208984375
18079.142,14,1,1,stimulusMovement,1,0.6924006144205729,-0.27855849266052246,1,3.303619384765625,1,0.7686377631293403,-0.25073814392089844,1,3.494842529296875
18095.809,14,1,1,stimulusMovement,1,0.692618899875217,-0.27497398853302,1,3.30224609375,1,0.7655330234103732,-0.2403811812400818,1,3.519287109375
18112.475,14,1,1,stimulusMovement,1,0.6951811048719617,-0.2796856164932251,1,3.315673828125,1,0.7738409042358398,-0.24972975254058838,1,3.5224151611328125
18129.142,14,1,1,stimulusMovement,1,0.763307253519694,-0.3845328092575073,1,3.29827880859375,1,0.8504390716552734,-0.37167173624038696,1,3.5194091796875
18145.809,14,1,1,stimulusMovement,1,0.7812904781765407,-0.4507145881652832,1,3.28472900390625,1,0.8696136474609375,-0.4444568157196045,1,3.50244140625
18162.475,14,1,1,stimulusMovement,1,0.7753337224324544,-0.45474469661712646,1,3.2896728515625,1,0.8718573252360026,-0.45114952325820923,1,3.5039215087890625
18179.142,14,1,1,stimulusMovement,1,0.7687784830729166,-0.45098400115966797,1,3.2753143310546875,1,0.8697961171468098,-0.455477774143219,1,3.4800872802734375
18195.809,14,1,1,stimulusMovement,1,0.7706853018866645,-0.45599430799484253,1,3.28564453125,1,0.8745304743448893,-0.44711214303970337,1,3.4950714111328125
18212.475,14,1,1,stimulusMovement,1,0.7691371705796983,-0.45949435234069824,1,3.2561492919921875,1,0.8665114508734808,-0.446671724319458,1,3.4787750244140625
18229.142,14,1,1,stimulusMovement,1,0.7794322967529297,-0.4603133797645569,1,3.24676513671875,1,0.876257578531901,-0.450614333152771,1,3.4644927978515625
18245.809,14,1,1,stimulusMovement,1,0.7746483484903971,-0.46132421493530273,1,3.2350616455078125,1,0.8786293665568033,-0.4482487440109253,1,3.444671630859375
18262.475,14,1,1,stimulusMovement,1,0.7717501322428385,-0.46475934982299805,1,3.2379302978515625,1,0.8676188786824544,-0.4424452781677246,1,3.451080322265625
18279.142,14,1,1,stimulusMovement,1,0.7748960918850368,-0.4631654620170593,1,3.22491455078125,1,0.8747090233696831,-0.44830864667892456,1,3.4228363037109375
18295.808,14,1,1,stimulusMovement,1,0.7768336402045356,-0.45801842212677,1,3.2250213623046875,1,0.8693372938368055,-0.43992698192596436,1,3.428558349609375
18312.475,14,1,1,stimulusMovement,1,0.777865727742513,-0.460526704788208,1,3.2143707275390625,1,0.8790180418226453,-0.4453244209289551,1,3.4199981689453125
18329.142,14,1,1,stimulusMovement,1,0.782864146762424,-0.4571724534034729,1,3.2062225341796875,1,0.8808778127034504,-0.4437904357910156,1,3.419097900390625
18345.808,14,1,1,stimulusMovement,1,0.7839455074734157,-0.46017003059387207,1,3.2018890380859375,1,0.8731669320000542,-0.44606244564056396,1,3.4076995849609375
18362.474,14,1,1,stimulusMovement,1,0.7682083977593316,-0.45868539810180664,1,3.20953369140625,1,0.8749222225613064,-0.4433528184890747,1,3.4031524658203125
18379.141,14,1,1,stimulusMovement,1,0.7732115851508247,-0.46035945415496826,1,3.1966400146484375,1,0.8729908201429578,-0.4310595989227295,1,3.4091339111328125
18395.808,14,1,1,stimulusMovement,1,0.7856642405192057,-0.4603317379951477,1,3.205474853515625,1,0.8796802096896701,-0.4333302974700928,1,3.4199066162109375
18412.474,14,1,1,stimulusMovement,1,0.7800414827134874,-0.45780301094055176,1,3.2181396484375,1,0.8694518407185872,-0.42856258153915405,1,3.4305572509765625
18429.141,14,1,1,stimulusMovement,1,0.780882093641493,-0.4609280824661255,1,3.2252044677734375,1,0.8757298787434895,-0.4368361830711365,1,3.4169464111328125
18445.808,14,1,1,stimulusMovement,1,0.7717242770724826,-0.4591498374938965,1,3.23712158203125,1,0.8677514394124348,-0.43887239694595337,1,3.4323272705078125
18462.474,14,1,1,stimulusMovement,1,0.7771318223741319,-0.45632487535476685,1,3.2376861572265625,1,0.8690753512912326,-0.44094860553741455,1,3.4382781982421875
18479.141,14,1,1,stimulusMovement,1,0.7782713572184244,-0.45559877157211304,1,3.2647247314453125,1,0.8644075393676758,-0.4393107295036316,1,3.454864501953125
18495.808,14,1,1,stimulusMovement,1,0.7699340184529622,-0.4541919231414795,1,3.27825927734375,1,0.8678292168511285,-0.433884859085083,1,3.460723876953125
18512.474,14,1,1,stimulusMovement,1,0.7702412075466579,-0.44820696115493774,1,3.28839111328125,1,0.8618446985880533,-0.4327334761619568,1,3.4825286865234375
18529.141,14,1,1,stimulusMovement,1,0.7585890028211805,-0.4642205834388733,1,3.3060455322265625,1,0.8687415652804904,-0.44135165214538574,1,3.4870452880859375
18545.808,14,1,1,stimulusMovement,1,0.7727024290296766,-0.45684778690338135,1,3.3057403564453125,1,0.8668876224093967,-0.4367758631706238,1,3.5043182373046875
18562.474,14,1,1,stimulusMovement,1,0.7721615897284614,-0.45796072483062744,1,3.319366455078125,1,0.8730690214369031,-0.4444461464881897,1,3.52276611328125
18579.141,14,1,1,stimulusMovement,1,0.7698518964979383,-0.45891720056533813,1,3.334625244140625,1,0.8667951160007052,-0.43870609998703003,1,3.5391693115234375
18595.807,14,1,1,stimulusMovement,1,0.7678204642401801,-0.45282262563705444,1,3.3427276611328125,1,0.8635101318359375,-0.436875581741333,1,3.5492706298828125
18612.473,14,1,1,stimulusMovement,1,0.7531035741170247,-0.456326961517334,1,3.3805694580078125,1,0.8608536190456814,-0.4290570020675659,1,3.568634033203125
18629.141,14,1,1,stimulusMovement,1,0.7717687818739148,-0.4548075199127197,1,3.371429443359375,1,0.8559059566921657,-0.4318782091140747,1,3.59149169921875
18645.807,14,1,1,stimulusMovement,1,0.7767564985487195,-0.45920783281326294,1,3.376556396484375,1,0.8667436175876193,-0.43748629093170166,1,3.5966644287109375
18662.473,14,1,1,stimulusMovement,1,0.774943987528483,-0.45515692234039307,1,3.4067840576171875,1,0.8590126037597656,-0.44273579120635986,1,3.6154937744140625
18679.14,14,1,1,stimulusMovement,1,0.7021462122599283,-0.33428633213043213,1,3.449005126953125,1,0.7974333233303493,-0.29706621170043945,1,3.63690185546875
18695.807,14,1,1,stimulusMovement,1,0.6779499053955078,-0.24844270944595337,1,3.479522705078125,1,0.7644172244601779,-0.2045438289642334,1,3.683929443359375
18712.473,14,1,1,stimulusMovement,1,0.6725076039632161,-0.25176990032196045,1,3.5083465576171875,1,0.7650561862521701,-0.21365821361541748,1,3.684844970703125
18729.14,14,1,1,stimulusMovement,1,0.6633307139078776,-0.2509651780128479,1,3.524658203125,1,0.7559019724527994,-0.21028554439544678,1,3.6871490478515625
18745.807,14,1,1,fixation,1,0.6710258060031467,-0.24487018585205078,1,3.5262451171875,1,0.7592047585381402,-0.21543091535568237,1,3.6976776123046875
18762.473,14,1,1,fixation,1,0.6657276153564453,-0.24996989965438843,1,3.5406341552734375,1,0.7552888658311632,-0.2198212742805481,1,3.7128143310546875
18779.14,14,1,1,fixation,1,0.6754097408718532,-0.23753958940505981,1,3.4110107421875,1,0.7747109731038411,-0.2117961049079895,1,3.5944061279296875
18795.807,14,1,1,fixation,0,nan,nan,0,nan,0,nan,nan,0,nan
18812.474,14,1,1,fixation,1,0.673431396484375,-0.24928075075149536,1,3.5559844970703125,1,0.7604495154486762,-0.22164589166641235,1,3.74090576171875
18829.14,14,1,1,fixation,1,0.6687790552775065,-0.24088811874389648,1,3.43914794921875,1,0.7752698262532551,-0.2148687243461609,1,3.6292266845703125
18845.807,14,1,1,fixation,0,nan,nan,0,nan,0,nan,nan,0,nan
18862.474,14,1,1,fixation,1,0.6665363311767578,-0.24943137168884277,1,3.59014892578125,1,0.7586232291327583,-0.214882493019104,1,3.7704925537109375
18879.139,14,1,1,fixation,1,0.6680403815375434,-0.24713051319122314,1,3.4627838134765625,1,0.7800348069932725,-0.21164608001708984,1,3.6435546875
18895.806,14,1,1,fixation,0,nan,nan,0,nan,0,nan,nan,0,nan
18912.473,14,1,1,fixation,1,0.6646189159817165,-0.25663381814956665,1,3.6032257080078125,1,0.7590550316704644,-0.21161305904388428,1,3.7654571533203125
18929.139,14,1,1,fixation,1,0.6658778720431857,-0.2520405054092407,1,3.478851318359375,1,0.7813652886284722,-0.20922529697418213,1,3.655731201171875
18945.806,14,1,1,fixation,0,nan,nan,0,nan,0,nan,nan,0,nan
18962.473,14,1,1,fixation,1,0.664639049106174,-0.2595682144165039,1,3.587158203125,1,0.7614576551649305,-0.21223366260528564,1,3.762542724609375
18979.139,14,1,1,fixation,1,0.6641931533813477,-0.25346797704696655,1,3.451934814453125,1,0.7850081125895182,-0.21421468257904053,1,3.6324310302734375
18995.806,14,1,1,fixation,0,nan,nan,0,nan,0,nan,nan,0,nan
19012.473,14,1,1,fixation,1,0.6598900689019097,-0.25421905517578125,1,3.540313720703125,1,0.767696804470486,-0.21443718671798706,1,3.7025146484375
19029.139,14,1,1,fixation,1,0.6751556396484375,-0.24851763248443604,1,3.368255615234375,1,0.7894820107354058,-0.21904337406158447,1,3.5384979248046875
19045.806,14,1,1,fixation,0,nan,nan,0,nan,0,nan,nan,0,nan
19062.473,14,1,1,fixation,1,0.6674681769476997,-0.2567836046218872,1,3.4694671630859375,1,0.7649563683403863,-0.20983672142028809,1,3.5973052978515625
19079.139,14,1,1,fixation,1,0.6651866700914171,-0.245691180229187,1,3.279052734375,1,0.7778464423285589,-0.21941125392913818,1,3.4369354248046875
19095.806,14,1,1,fixation,0,nan,nan,0,nan,0,nan,nan,0,nan
19112.473,14,1,1,fixation,1,0.6722730000813801,-0.26208925247192383,1,3.37200927734375,1,0.7596124013264973,-0.22286653518676758,1,3.5050506591796875
19129.139,14,1,1,fixation,1,0.6747421688503689,-0.2461148500442505,1,3.1889495849609375,1,0.7824258804321289,-0.21506839990615845,1,3.333343505859375
19145.805,14,1,1,fixation,0,nan,nan,0,nan,0,nan,nan,0,nan
19162.472,14,1,1,fixation,1,0.674982918633355,-0.26341623067855835,1,3.3217315673828125,1,0.7592911190456814,-0.21730732917785645,1,3.433441162109375
19179.138,14,1,1,fixation,1,0.6689442528618706,-0.24750745296478271,1,3.1158447265625,1,0.7811795340643988,-0.21448135375976562,1,3.2560577392578125
19195.805,14,1,1,fixation,0,nan,nan,0,nan,0,nan,nan,0,nan
19212.472,14,1,1,fixation,1,0.691195805867513,-0.26912611722946167,1,3.266754150390625,1,0.7811799579196506,-0.22142523527145386,1,3.3853302001953125
19229.138,14,1,1,fixation,1,0.6961964501274956,-0.2522345781326294,1,3.0772552490234375,1,0.7968565622965494,-0.21862918138504028,1,3.203155517578125
19245.805,14,1,1,fixation,0,nan,nan,0,nan,0,nan,nan,0,nan
19262.471,14,1,1,fixation,1,0.697815047370063,-0.27417004108428955,1,3.2536468505859375,1,0.7791690826416016,-0.2220371961593628,1,3.35284423828125
19279.138,14,1,1,fixation,1,0.7012163798014323,-0.25363612174987793,1,3.0442962646484375,1,0.7995050218370225,-0.21437710523605347,1,3.1756744384765625
19295.805,14,1,1,fixation,0,nan,nan,0,nan,0,nan,nan,0,nan
19312.472,14,1,1,fixation,1,0.6967669592963325,-0.2700013518333435,1,3.2394866943359375,1,0.7723681131998698,-0.2207702398300171,1,3.3370361328125
19329.138,14,1,1,fixation,1,0.7002925872802734,-0.25356411933898926,1,3.0492401123046875,1,0.7934965557522243,-0.21454060077667236,1,3.1704864501953125
19345.805,14,1,1,fixation,0,nan,nan,0,nan,0,nan,nan,0,nan
19362.472,14,1,1,fixation,1,0.699861208597819,-0.26812779903411865,1,3.2362518310546875,1,0.7760746214124891,-0.21579444408416748,1,3.3434295654296875
19379.137,14,1,1,fixation,1,0.7008914947509766,-0.25446224212646484,1,3.05548095703125,1,0.7929210662841797,-0.21670186519622803,1,3.198394775390625
19395.804,14,1,1,fixation,0,nan,nan,0,nan,0,nan,nan,0,nan
19412.471,14,1,1,fixation,1,0.6998010211520724,-0.27021241188049316,1,3.274871826171875,1,0.7724810706244575,-0.2115975022315979,1,3.3937835693359375
19429.137,14,1,1,fixation,1,0.6977756288316515,-0.25556129217147827,1,3.0932464599609375,1,0.7888683742947048,-0.2124006748199463,1,3.2331085205078125
19445.804,14,1,1,fixation,0,nan,nan,0,nan,0,nan,nan,0,nan
19462.471,14,1,1,fixation,1,0.6997139188978406,-0.26105666160583496,1,3.294708251953125,1,0.7777245839436848,-0.21683812141418457,1,3.428009033203125
19479.137,14,1,1,fixation,1,0.700617790222168,-0.2520790100097656,1,3.1285858154296875,1,0.7904476589626735,-0.2120876908302307,1,3.28472900390625
19495.804,14,1,1,fixation,0,nan,nan,0,nan,0,nan,nan,0,nan
19512.47,14,1,1,fixation,1,0.6903722551133897,-0.26127737760543823,1,3.343536376953125,1,0.775692409939236,-0.22107452154159546,1,3.469482421875
19529.136,14,1,1,fixation,1,0.6886778937445747,-0.24948328733444214,1,3.165191650390625,1,0.7890702353583441,-0.21481198072433472,1,3.340911865234375
19545.804,14,1,1,fixation,0,nan,nan,0,nan,0,nan,nan,0,nan
19562.471,14,1,1,fixation,1,0.6990776062011719,-0.26830756664276123,1,3.3761138916015625,1,0.7706999248928493,-0.2198958396911621,1,3.5210723876953125
19579.137,14,1,1,fixation,1,0.6959073808458116,-0.25864720344543457,1,3.203369140625,1,0.7866217295328776,-0.2157421112060547,1,3.391326904296875
19595.804,14,1,1,fixation,0,nan,nan,0,nan,0,nan,nan,0,nan
19612.471,14,1,1,fixation,1,0.7081420686509874,-0.2690654993057251,1,3.3844757080078125,1,0.7712630165947808,-0.214882493019104,1,3.5649261474609375
19629.136,14,1,1,fixation,1,0.6972117953830295,-0.258411169052124,1,3.2307891845703125,1,0.7903913921780056,-0.2164621353149414,1,3.436676025390625
19645.803,14,1,1,fixation,0,nan,nan,0,nan,0,nan,nan,0,nan
19662.47,14,1,1,fixation,1,0.6971892250908746,-0.2787541151046753,1,3.4209747314453125,1,0.77525880601671,-0.22571587562561035,1,3.59429931640625
19679.136,14,1,1,fixation,1,0.6940168804592556,-0.2624739408493042,1,3.24090576171875,1,0.7889204025268555,-0.21473562717437744,1,3.4577484130859375
19695.803,14,1,1,fixation,0,nan,nan,0,nan,0,nan,nan,0,nan
19712.47,14,1,1,fixation,1,0.6983156204223633,-0.26695048809051514,1,3.414093017578125,1,0.7672430674235026,-0.21363437175750732,1,3.598236083984375
19729.136,14,1,1,fixation,1,0.6938344107733833,-0.2562708854675293,1,3.245330810546875,1,0.7863733503553602,-0.20829981565475464,1,3.4520721435546875
19745.802,14,1,1,stimulusMovement,0,nan,nan,0,nan,0,nan,nan,0,nan
19762.469,14,1,1,stimulusMovement,1,0.7025540669759114,-0.26682305335998535,1,3.4080657958984375,1,0.7677253087361653,-0.21505695581436157,1,3.5662689208984375
19779.135,14,1,1,stimulusMovement,1,0.7004663679334852,-0.26664799451828003,1,3.3860931396484375,1,0.7740277184380425,-0.20848363637924194,1,3.5643310546875
19795.802,14,1,1,stimulusMovement,1,0.6939996083577473,-0.2697920799255371,1,3.3757171630859375,1,0.7697616153293185,-0.21239811182022095,1,3.547607421875
19812.469,14,1,1,stimulusMovement,1,0.700848897298177,-0.2691982388496399,1,3.367523193359375,1,0.7723471323649088,-0.21170228719711304,1,3.545501708984375
19829.136,14,1,1,stimulusMovement,1,0.6844983630710177,-0.25727522373199463,1,3.3545989990234375,1,0.7765241199069552,-0.2222534418106079,1,3.5189208984375
19845.803,14,1,1,stimulusMovement,1,0.7035501268174913,-0.2593653202056885,1,3.3544158935546875,1,0.7711895836724175,-0.22234272956848145,1,3.5089111328125
19862.468,14,1,1,stimulusMovement,1,0.7123931248982747,-0.26090967655181885,1,3.3590850830078125,1,0.7776639726426866,-0.21807658672332764,1,3.5116119384765625
19879.135,14,1,1,stimulusMovement,1,0.7024973763359917,-0.26840686798095703,1,3.341552734375,1,0.771924442715115,-0.2173597812652588,1,3.4999237060546875
19895.802,14,1,1,stimulusMovement,1,0.6906025144788953,-0.26371335983276367,1,3.3678131103515625,1,0.7658345964219835,-0.21462005376815796,1,3.5114593505859375
19912.468,14,1,1,stimulusMovement,1,0.7324456108940972,-0.2733473777770996,1,3.2963104248046875,1,0.7741518020629883,-0.22009217739105225,1,3.4852447509765625
19929.135,14,1,1,stimulusMovement,1,0.6970333523220485,-0.26253563165664673,1,3.3414764404296875,1,0.7685541576809353,-0.22203588485717773,1,3.4906463623046875
19945.802,14,1,1,stimulusMovement,1,0.7110639148288302,-0.2684295177459717,1,3.3188323974609375,1,0.7749822404649522,-0.22388768196105957,1,3.4904022216796875
19962.468,14,1,1,stimulusMovement,1,0.6969769795735676,-0.26592689752578735,1,3.3631439208984375,1,0.7711098988850911,-0.2241743803024292,1,3.4804840087890625
19979.135,14,1,1,stimulusMovement,1,0.6921843422783746,-0.265056848526001,1,3.35479736328125,1,0.7713252173529731,-0.22306638956069946,1,3.484649658203125
19995.801,14,1,1,stimulusMovement,1,0.6967057122124566,-0.2680557370185852,1,3.3576202392578125,1,0.7722998725043403,-0.21666669845581055,1,3.4834442138671875
20012.467,14,1,1,stimulusMovement,1,0.7008547253078884,-0.2645843029022217,1,3.36004638671875,1,0.7692946328057183,-0.21463358402252197,1,3.4753875732421875
20029.134,14,1,1,stimulusMovement,1,0.693007575141059,-0.263994038105011,1,3.3544921875,1,0.7684552934434679,-0.22069144248962402,1,3.471710205078125
20045.801,14,1,1,stimulusMovement,1,0.6993603176540798,-0.26027464866638184,1,3.354461669921875,1,0.7709679073757595,-0.21748006343841553,1,3.4755706787109375
20062.467,14,1,1,stimulusMovement,1,0.6977477603488498,-0.2682225704193115,1,3.3563690185546875,1,0.7673312293158637,-0.22623664140701294,1,3.46051025390625
20079.135,14,1,1,stimulusMovement,1,0.6894536548190646,-0.2666136622428894,1,3.3372039794921875,1,0.772589365641276,-0.2200438380241394,1,3.456878662109375
20095.801,14,1,1,stimulusMovement,1,0.6999693976508247,-0.26888227462768555,1,3.3257904052734375,1,0.7711607615152994,-0.2258765697479248,1,3.4417877197265625
20112.467,14,1,1,stimulusMovement,1,0.6974070866902669,-0.2743138074874878,1,3.31536865234375,1,0.7734811570909288,-0.2194625735282898,1,3.4255523681640625
20129.134,14,1,1,stimulusMovement,1,0.697063128153483,-0.27334851026535034,1,3.3082427978515625,1,0.7756854163275825,-0.2203802466392517,1,3.4189453125
20145.801,14,1,1,stimulusMovement,1,0.6945125791761609,-0.2697259187698364,1,3.2949981689453125,1,0.7777506510416666,-0.22451424598693848,1,3.409820556640625
20162.467,14,1,1,stimulusMovement,1,0.6934221055772569,-0.27425074577331543,1,3.2830352783203125,1,0.7766558329264323,-0.22042936086654663,1,3.3897857666015625
20179.134,14,1,1,stimulusMovement,1,0.6992142995198567,-0.26438677310943604,1,3.2706756591796875,1,0.7755755318535699,-0.2246519923210144,1,3.3784027099609375
20195.801,14,1,1,stimulusMovement,1,0.6854284074571397,-0.26994287967681885,1,3.266510009765625,1,0.769600126478407,-0.21929222345352173,1,3.364410400390625
20212.466,14,1,1,stimulusMovement,1,0.6885397169325086,-0.2768164277076721,1,3.2636566162109375,1,0.7777855131361219,-0.21034330129623413,1,3.3647003173828125
20229.133,14,1,1,stimulusMovement,1,0.7003182305230035,-0.27180033922195435,1,3.2581939697265625,1,0.7751013437906901,-0.2112751007080078,1,3.3560791015625
20245.8,14,1,1,stimulusMovement,1,0.6904181374443902,-0.2687394618988037,1,3.24810791015625,1,0.771146986219618,-0.215867280960083,1,3.354766845703125
20262.466,14,1,1,stimulusMovement,1,0.6891339619954426,-0.2642490267753601,1,3.2819671630859375,1,0.776126119825575,-0.22288566827774048,1,3.3845977783203125
20279.133,14,1,1,stimulusMovement,1,0.6883561876085069,-0.26519811153411865,1,3.271087646484375,1,0.7753842671712239,-0.21198904514312744,1,3.3642730712890625
20295.8,14,1,1,stimulusMovement,1,0.7100978427463107,-0.27352964878082275,1,3.2579498291015625,1,0.774574597676595,-0.21146941184997559,1,3.3599853515625
20312.466,14,1,1,stimulusMovement,1,0.6997405158148872,-0.2728382349014282,1,3.2489013671875,1,0.7800410588582356,-0.20915544033050537,1,3.376556396484375
20329.132,14,1,1,stimulusMovement,1,0.6836172739664713,-0.2614736557006836,1,3.292633056640625,1,0.7746861775716145,-0.21265006065368652,1,3.3932952880859375
20345.8,14,1,1,stimulusMovement,1,0.677104738023546,-0.26046222448349,1,3.29681396484375,1,0.7824088202582464,-0.2105122208595276,1,3.3824005126953125
20362.466,14,1,1,stimulusMovement,1,0.6889766057332356,-0.25429779291152954,1,3.3002166748046875,1,0.7762054867214626,-0.2123807668685913,1,3.3995361328125
20379.133,14,1,1,stimulusMovement,1,0.6891905466715494,-0.25621944665908813,1,3.310455322265625,1,0.7828748491075304,-0.2110498547554016,1,3.42047119140625
20395.8,14,1,1,stimulusMovement,1,0.6765711042616102,-0.24861693382263184,1,3.3266754150390625,1,0.7802297804090711,-0.21463263034820557,1,3.41552734375
20412.466,14,1,1,stimulusMovement,1,0.6761261622111002,-0.2542017698287964,1,3.3319091796875,1,0.7699634763929578,-0.21402215957641602,1,3.4273834228515625
20429.132,14,1,1,stimulusMovement,1,0.6961301167805989,-0.25853705406188965,1,3.320098876953125,1,0.774487813313802,-0.213708758354187,1,3.450714111328125
20445.799,14,1,1,stimulusMovement,1,0.7003231048583984,-0.25920331478118896,1,3.3136749267578125,1,0.7794532775878906,-0.21145784854888916,1,3.445098876953125
20462.465,14,1,1,stimulusMovement,1,0.7037020789252387,-0.2613457441329956,1,3.29986572265625,1,0.7732019424438477,-0.22066915035247803,1,3.4477386474609375
20479.132,14,1,1,stimulusMovement,1,0.6983089447021484,-0.25051283836364746,1,3.3176116943359375,1,0.7785009808010525,-0.21280282735824585,1,3.4531707763671875
20495.799,14,1,1,stimulusMovement,1,0.6914695103963215,-0.2587549090385437,1,3.3259735107421875,1,0.7740364074707031,-0.21635395288467407,1,3.4584197998046875
20512.465,14,1,1,stimulusMovement,1,0.6840553283691406,-0.25983256101608276,1,3.339996337890625,1,0.7797249688042535,-0.2178158164024353,1,3.4629974365234375
20529.132,14,1,1,stimulusMovement,1,0.6910495758056641,-0.2584136724472046,1,3.3220672607421875,1,0.7791929244995117,-0.2208133339881897,1,3.4613037109375
20545.799,14,1,1,stimulusMovement,1,0.6832456588745117,-0.2600908875465393,1,3.3283538818359375,1,0.7737980948554145,-0.22122442722320557,1,3.4632415771484375
20562.465,14,1,1,stimulusMovement,1,0.6943617926703559,-0.25201642513275146,1,3.32354736328125,1,0.775058110555013,-0.2184213399887085,1,3.46783447265625
20579.132,14,1,1,stimulusMovement,1,0.6942012574937608,-0.2564818859100342,1,3.321319580078125,1,0.7772299448649088,-0.21617811918258667,1,3.456390380859375
20595.799,14,1,1,stimulusMovement,1,0.6871485180324978,-0.2559129595756531,1,3.311614990234375,1,0.7722291946411133,-0.21591472625732422,1,3.4646759033203125
20612.466,14,1,1,stimulusMovement,1,0.7070254219902886,-0.25475382804870605,1,3.3127899169921875,1,0.7814915974934895,-0.2131405472755432,1,3.486846923828125
20629.133,14,1,1,stimulusMovement,1,0.7074512905544704,-0.2619686722755432,1,3.3165130615234375,1,0.7755831612481011,-0.2125539779663086,1,3.49566650390625
20645.8,14,1,1,stimulusMovement,1,0.6764441596137153,-0.2487460970878601,1,3.3533935546875,1,0.7716217041015625,-0.2101925015449524,1,3.4922637939453125
20662.466,14,1,1,stimulusMovement,1,0.6834102206759982,-0.24931812286376953,1,3.3218841552734375,1,0.7727615568372938,-0.21099591255187988,1,3.5094757080078125
20679.133,14,1,1,stimulusMovement,1,0.6838738123575846,-0.25854581594467163,1,3.3338775634765625,1,0.7719616360134548,-0.20035326480865479,1,3.507965087890625
20695.8,14,1,1,stimulusMovement,1,0.6757373809814453,-0.2536102533340454,1,3.359222412109375,1,0.782796753777398,-0.20490330457687378,1,3.5215911865234375
20712.466,14,1,1,stimulusMovement,1,0.6923753950330945,-0.26125282049179077,1,3.35894775390625,1,0.7810426288180881,-0.2094959020614624,1,3.5403900146484375
20729.133,14,1,1,stimulusMovement,1,0.6891589694552951,-0.25062739849090576,1,3.3658905029296875,1,0.7791182200113932,-0.2133171558380127,1,3.56109619140625
20745.8,14,1,1,stimulusMovement,1,0.6682120429144965,-0.2385333776473999,1,3.3486480712890625,1,0.7795773612128363,-0.2109534740447998,1,3.548248291015625
20762.466,14,1,1,stimulusMovement,1,0.6838371488783094,-0.2588042616844177,1,3.352630615234375,1,0.7759873072306315,-0.2061004638671875,1,3.569122314453125
20779.133,14,1,1,stimulusMovement,0,nan,nan,0,nan,0,nan,nan,0,nan
20795.8,14,1,1,stimulusMovement,0,nan,nan,0,nan,0,nan,nan,0,nan
20812.466,14,1,1,stimulusMovement,0,nan,nan,0,nan,0,nan,nan,0,nan
20829.133,14,1,1,stimulusMovement,0,nan,nan,0,nan,0,nan,nan,0,nan
20845.8,14,1,1,stimulusMovement,0,nan,nan,0,nan,0,nan,nan,0,nan
20862.466,14,1,1,stimulusMovement,0,nan,nan,0,nan,0,nan,nan,0,nan
20879.134,14,1,1,stimulusMovement,0,nan,nan,0,nan,0,nan,nan,0,nan
20895.801,14,1,1,stimulusMovement,0,nan,nan,0,nan,0,nan,nan,0,nan
20912.467,14,1,1,stimulusMovement,0,nan,nan,0,nan,0,nan,nan,0,nan
20929.134,14,1,1,stimulusMovement,0,nan,nan,0,nan,0,nan,nan,0,nan
20945.801,14,1,1,stimulusMovement,0,nan,nan,0,nan,0,nan,nan,0,nan
20962.467,14,1,1,stimulusMovement,0,nan,nan,0,nan,0,nan,nan,0,nan
20979.134,14,1,1,stimulusMovement,1,0.743356810675727,-0.40223610401153564,1,2.9378814697265625,0,nan,nan,0,nan
20995.801,14,1,1,stimulusMovement,1,0.7462459140353732,-0.31520307064056396,1,3.1542205810546875,1,0.7853433820936414,-0.23120450973510742,1,3.43072509765625
21012.467,14,1,1,stimulusMovement,1,0.7139703962537977,-0.2619534134864807,1,3.3292388916015625,0,nan,nan,0,nan
21029.134,14,1,1,stimulusMovement,1,0.7341666751437717,-0.20259904861450195,1,3.44439697265625,1,0.7781312730577257,-0.2258392572402954,1,3.49761962890625
21045.801,14,1,1,stimulusMovement,1,0.7082150777180989,-0.25224339962005615,1,3.36322021484375,1,0.7793357637193468,-0.23826903104782104,1,3.4739837646484375
21062.467,14,1,1,stimulusMovement,1,0.7096936967637804,-0.23267847299575806,1,3.399505615234375,1,0.7789698706732855,-0.21626311540603638,1,3.555389404296875
21079.134,14,1,1,stimulusMovement,1,0.7131098641289605,-0.23456722497940063,1,3.4207000732421875,1,0.7822456359863281,-0.18294304609298706,1,3.6363372802734375
21095.801,14,1,1,stimulusMovement,1,0.7010339101155598,-0.23076003789901733,1,3.4196929931640625,1,0.785098287794325,-0.1677829623222351,1,3.658233642578125
21112.467,14,1,1,stimulusMovement,1,0.7087682088216145,-0.22084009647369385,1,3.4517822265625,1,0.7800878948635525,-0.16120010614395142,1,3.6853790283203125
21129.134,14,1,1,stimulusMovement,1,0.6993417739868164,-0.2213415503501892,1,3.447296142578125,1,0.7845552232530382,-0.16521012783050537,1,3.6883392333984375
21145.801,14,1,1,stimulusMovement,1,0.7013129128350152,-0.22652000188827515,1,3.4578857421875,1,0.7980258729722765,-0.15725106000900269,1,3.7264556884765625
21162.468,14,1,1,stimulusMovement,1,0.6867089801364474,-0.21976059675216675,1,3.458587646484375,1,0.7983856201171875,-0.15809082984924316,1,3.745635986328125
21179.135,14,1,1,stimulusMovement,1,0.6932197146945529,-0.2122625708580017,1,3.472747802734375,1,0.7875105539957682,-0.1819247603416443,1,3.72662353515625
21195.802,14,1,1,stimulusMovement,1,0.688746452331543,-0.21796822547912598,1,3.4842987060546875,1,0.7900377909342448,-0.1698155403137207,1,3.7528076171875
21212.468,14,1,1,stimulusMovement,1,0.6962337493896484,-0.21521645784378052,1,3.4934844970703125,1,0.7822973463270398,-0.18070614337921143,1,3.75592041015625
21229.135,14,1,1,stimulusMovement,1,0.6870187123616536,-0.21788638830184937,1,3.4969635009765625,1,0.7809706793891058,-0.17659491300582886,1,3.75738525390625
21245.802,14,1,1,stimulusMovement,1,0.6824332343207465,-0.2164444923400879,1,3.517425537109375,1,0.7778054343329535,-0.18108731508255005,1,3.7586517333984375
21262.468,14,1,1,stimulusMovement,1,0.6894015206231011,-0.21570265293121338,1,3.5320892333984375,1,0.7741953531901041,-0.17504990100860596,1,3.7971343994140625
21279.135,14,1,1,stimulusMovement,1,0.6883246103922526,-0.22047168016433716,1,3.53765869140625,1,0.7842106289333767,-0.18659710884094238,1,3.783843994140625
21295.802,14,1,1,stimulusMovement,1,0.6859373516506618,-0.2170945405960083,1,3.557830810546875,1,0.7827466328938801,-0.18360555171966553,1,3.79254150390625
21312.468,14,1,1,stimulusMovement,1,0.6915001339382595,-0.22231042385101318,1,3.5352935791015625,1,0.7769876056247287,-0.1807948350906372,1,3.7902984619140625
21329.135,14,1,1,stimulusMovement,1,0.6874900394015842,-0.22096729278564453,1,3.50836181640625,1,0.7815692689683702,-0.19167184829711914,1,3.7657470703125
21345.802,14,1,1,stimulusMovement,1,0.6961949666341145,-0.21762126684188843,1,3.50213623046875,1,0.7781986660427517,-0.19090145826339722,1,3.746246337890625
21362.468,14,1,1,stimulusMovement,1,0.6921276516384548,-0.22446250915527344,1,3.4895477294921875,1,0.7866598765055338,-0.19785666465759277,1,3.7246856689453125
21379.135,14,1,1,stimulusMovement,1,0.6882010565863715,-0.2234705686569214,1,3.46234130859375,1,0.778291278415256,-0.1971747875213623,1,3.695831298828125
21395.802,14,1,1,stimulusMovement,1,0.6881381140814887,-0.22116327285766602,1,3.4469451904296875,1,0.7813353008694118,-0.19239521026611328,1,3.6849517822265625
21412.468,14,1,1,stimulusMovement,1,0.6899127960205078,-0.21707618236541748,1,3.448577880859375,1,0.7858915328979492,-0.18883192539215088,1,3.6527099609375
21429.136,14,1,1,stimulusMovement,1,0.6991074879964192,-0.215931236743927,1,3.4121551513671875,1,0.7910900115966797,-0.18770647048950195,1,3.63140869140625
21445.803,14,1,1,stimulusMovement,1,0.6862287521362305,-0.2205655574798584,1,3.394622802734375,1,0.7904259363810221,-0.19015538692474365,1,3.6245880126953125
21462.469,14,1,1,stimulusMovement,1,0.6896719402737087,-0.21971094608306885,1,3.39007568359375,1,0.7870279947916666,-0.18852722644805908,1,3.5950469970703125
21479.136,14,1,1,stimulusMovement,1,0.6934734980265299,-0.22837400436401367,1,3.3751220703125,1,0.7843634287516276,-0.18630284070968628,1,3.583770751953125
21495.803,14,1,1,stimulusMovement,1,0.6968006557888454,-0.22622144222259521,1,3.3471527099609375,1,0.7783660888671875,-0.1813306212425232,1,3.5806121826171875
21512.469,14,1,1,stimulusMovement,1,0.6885558234320747,-0.22411686182022095,1,3.3494873046875,1,0.7822517818874782,-0.18660122156143188,1,3.56365966796875
21529.136,14,1,1,stimulusMovement,1,0.6718268924289279,-0.22149425745010376,1,3.347442626953125,1,0.7594752841525607,-0.18024200201034546,1,3.55615234375
21545.803,14,1,1,stimulusMovement,1,0.47773350609673393,-0.20431238412857056,1,3.3437652587890625,1,0.5924593607584635,-0.1522766351699829,1,3.5748748779296875
21562.469,14,1,1,stimulusMovement,1,0.44074037339952254,-0.20859861373901367,1,3.33551025390625,1,0.5255985260009766,-0.1573960781097412,1,3.5514678955078125
21579.136,14,1,1,stimulusMovement,1,0.43294292026095915,-0.21142947673797607,1,3.3201904296875,1,0.5142056147257487,-0.16268527507781982,1,3.5362701416015625
21595.803,14,1,1,stimulusMovement,1,0.4106004503038194,-0.2017613649368286,1,3.29095458984375,1,0.5015265146891276,-0.15648478269577026,1,3.533782958984375
21612.469,14,1,1,stimulusMovement,1,0.40517404344346786,-0.201235830783844,1,3.30487060546875,1,0.4927652147081163,-0.16006088256835938,1,3.54327392578125
21629.136,14,1,1,stimulusMovement,1,0.4019529554578993,-0.21197223663330078,1,3.3284759521484375,1,0.47756046719021267,-0.15835559368133545,1,3.53155517578125
21645.803,14,1,1,stimulusMovement,1,0.38401858011881507,-0.18746453523635864,1,3.287811279296875,1,0.4711456298828125,-0.16474461555480957,1,3.5404510498046875
21662.469,14,1,1,stimulusMovement,1,0.36585383945041233,-0.18732750415802002,1,3.291015625,1,0.45699077182345915,-0.15522992610931396,1,3.54632568359375
21679.136,14,1,1,stimulusMovement,1,0.3713280359903971,-0.20237958431243896,1,3.346527099609375,1,0.4496171739366319,-0.16204452514648438,1,3.5478057861328125
21695.804,14,1,1,stimulusMovement,1,0.34693537818060977,-0.19500410556793213,1,3.321044921875,1,0.4326343536376953,-0.1549866795539856,1,3.54388427734375
21712.47,14,1,1,stimulusMovement,1,0.3145169152153863,-0.18629026412963867,1,3.301605224609375,1,0.41425302293565536,-0.15764319896697998,1,3.54681396484375
21729.137,14,1,1,stimulusMovement,1,0.3229200575086805,-0.1989801526069641,1,3.3358306884765625,1,0.4035410351223416,-0.15927648544311523,1,3.5635223388671875
21745.804,14,1,1,stimulusMovement,1,0.30709542168511283,-0.19854581356048584,1,3.3532867431640625,1,0.3916795518663194,-0.15875619649887085,1,3.562774658203125
21762.47,14,1,1,stimulusMovement,1,0.26516373952229816,-0.19252705574035645,1,3.3058319091796875,1,0.37930944230821395,-0.1641463041305542,1,3.558807373046875
21779.137,14,1,1,stimulusMovement,1,0.2608773973253038,-0.18274688720703125,1,3.2988739013671875,1,0.3616994222005208,-0.16337549686431885,1,3.5526580810546875
21795.804,14,1,1,stimulusMovement,1,0.23849444919162324,-0.18694210052490234,1,3.3019256591796875,1,0.3505237367418077,-0.15854871273040771,1,3.529571533203125
21812.47,14,1,1,stimulusMovement,1,0.22193929884168836,-0.1899852752685547,1,3.2936859130859375,1,0.3356083763970269,-0.15229785442352295,1,3.498626708984375
21829.137,14,1,1,stimulusMovement,1,0.2116559346516927,-0.1864086389541626,1,3.2698211669921875,1,0.32491811116536456,-0.15179455280303955,1,3.498687744140625
21845.804,14,1,1,stimulusMovement,1,0.21231842041015625,-0.18293088674545288,1,3.264801025390625,1,0.3045567406548394,-0.15796345472335815,1,3.462432861328125
21862.47,14,1,1,stimulusMovement,1,0.1814746856689453,-0.1809173822402954,1,3.2364349365234375,1,0.29485755496554905,-0.1566200852394104,1,3.4418792724609375
21879.137,14,1,1,stimulusMovement,1,0.1699505911933051,-0.19112271070480347,1,3.2407073974609375,1,0.28247472974989146,-0.15937721729278564,1,3.420867919921875
21895.804,14,1,1,stimulusMovement,1,0.1524733437432183,-0.1920109987258911,1,3.2185821533203125,1,0.277319590250651,-0.16048383712768555,1,3.4021148681640625
21912.47,14,1,1,stimulusMovement,1,0.13625833723280165,-0.18737220764160156,1,3.1805572509765625,1,0.2553063498602973,-0.1529477834701538,1,3.3548736572265625
21929.137,14,1,1,stimulusMovement,1,0.12018648783365884,-0.18163782358169556,1,3.151763916015625,1,0.23253801133897567,-0.1548786163330078,1,3.337982177734375
21945.804,14,1,1,stimulusMovement,1,0.09429613749186197,-0.1840585470199585,1,3.1270904541015625,1,0.22626039716932508,-0.1539773941040039,1,3.2985382080078125
21962.471,14,1,1,stimulusMovement,1,0.09307670593261719,-0.17735183238983154,1,3.114776611328125,1,0.20875040690104166,-0.15644550323486328,1,3.265869140625
21979.138,14,1,1,stimulusMovement,1,0.0801046159532335,-0.19136059284210205,1,3.1158447265625,1,0.1893634796142578,-0.14653635025024414,1,3.254913330078125
21995.805,14,1,1,stimulusMovement,1,0.05100176069471571,-0.1860414743423462,1,3.072479248046875,1,0.1777749591403537,-0.1451302170753479,1,3.21392822265625
22012.471,14,1,1,stimulusMovement,1,0.02394580841064453,-0.18840181827545166,1,3.0402679443359375,1,0.1557175318400065,-0.14743828773498535,1,3.1988525390625
22029.138,14,1,1,stimulusMovement,1,0.023628340827094182,-0.18895572423934937,1,3.0210113525390625,1,0.14074357350667316,-0.1498173475265503,1,3.1940460205078125
22045.805,14,1,1,stimulusMovement,1,0.00033399793836805556,-0.18314385414123535,1,3.010223388671875,1,0.12880823347303602,-0.1510971188545227,1,3.1566009521484375
22062.471,14,1,1,stimulusMovement,1,-0.031355963812934026,-0.1769617795944214,1,2.98822021484375,1,0.1157693862915039,-0.15190446376800537,1,3.1306610107421875
22079.138,14,1,1,stimulusMovement,1,-0.030109246571858723,-0.21246051788330078,1,3.0384521484375,1,0.09995248582628037,-0.15382170677185059,1,3.1214141845703125
22095.805,14,1,1,stimulusMovement,1,-0.03874037000868055,-0.2067180871963501,1,2.997589111328125,1,0.08573765224880642,-0.14961320161819458,1,3.099761962890625
22112.471,14,1,1,stimulusMovement,1,-0.11242071787516275,-0.19622641801834106,1,2.953887939453125,1,0.033623483445909284,-0.14683747291564941,1,3.0863037109375
22129.138,14,1,1,stimulusMovement,1,-0.15299039416842988,-0.20486724376678467,1,2.931732177734375,1,-0.004186312357584635,-0.15314877033233643,1,3.053497314453125
22145.805,14,1,1,stimulusMovement,1,-0.14373530281914604,-0.21931225061416626,1,2.951080322265625,1,-0.05098915100097656,-0.17131739854812622,1,3.058135986328125
22162.471,14,1,1,stimulusMovement,1,-0.16602547963460285,-0.22291135787963867,1,2.92572021484375,1,-0.06465986039903429,-0.16814970970153809,1,3.0428924560546875
22179.138,14,1,1,stimulusMovement,1,-0.1676548851860894,-0.22913718223571777,1,2.9436187744140625,1,-0.08205673429701063,-0.17316406965255737,1,3.043060302734375
22195.805,14,1,1,stimulusMovement,1,-0.17579592598809135,-0.22978103160858154,1,2.9157867431640625,1,-0.09035396575927734,-0.16514289379119873,1,3.0077972412109375
22212.471,14,1,1,stimulusMovement,1,-0.20370822482638887,-0.22250443696975708,1,2.8932647705078125,1,-0.10687245262993705,-0.16322332620620728,1,3.0021820068359375
22229.139,14,1,1,stimulusMovement,1,-0.19609064526028103,-0.21922922134399414,1,2.882049560546875,1,-0.11028342776828341,-0.1618189811706543,1,2.9885406494140625
22245.806,14,1,1,stimulusMovement,1,-0.2138946321275499,-0.22230446338653564,1,2.884124755859375,1,-0.15597232182820636,-0.18328183889389038,1,3.0648193359375
22262.472,14,1,1,stimulusMovement,1,-0.23894511328803167,-0.22699737548828125,1,2.916015625,1,-0.1476509306165907,-0.16754376888275146,1,3.0051422119140625
22279.139,14,1,1,stimulusMovement,1,-0.25354554918077254,-0.22041934728622437,1,2.8954925537109375,1,-0.15546268886990017,-0.15614771842956543,1,2.9844818115234375
22295.806,14,1,1,stimulusMovement,1,-0.27712663014729816,-0.22730714082717896,1,2.9117889404296875,1,-0.17814095815022785,-0.1549919843673706,1,2.9762725830078125
22312.472,14,1,1,stimulusMovement,1,-0.2783535321553548,-0.21213752031326294,1,2.8797454833984375,1,-0.19108666314019096,-0.16111421585083008,1,2.98529052734375
22329.139,14,1,1,stimulusMovement,1,-0.27834055158827037,-0.22518694400787354,1,2.891387939453125,1,-0.2009323438008626,-0.16100555658340454,1,2.9898223876953125
22345.806,14,1,1,stimulusMovement,1,-0.2926161024305555,-0.22296833992004395,1,2.9028472900390625,1,-0.216016239590115,-0.15919888019561768,1,2.9852447509765625
22362.472,14,1,1,stimulusMovement,1,-0.3122432496812608,-0.22561979293823242,1,2.8772430419921875,1,-0.24140612284342447,-0.17111343145370483,1,3.017974853515625
22379.139,14,1,1,stimulusMovement,1,-0.3211553891499837,-0.2177664041519165,1,2.8887176513671875,1,-0.25327926211886936,-0.15944743156433105,1,2.9920501708984375
22395.806,14,1,1,stimulusMovement,1,-0.34627532958984375,-0.24939239025115967,1,2.95562744140625,1,-0.29012012481689453,-0.18758565187454224,1,3.0739593505859375
22412.472,14,1,1,stimulusMovement,1,-0.35030651092529297,-0.2351217269897461,1,2.921905517578125,1,-0.27668926450941295,-0.1600465178489685,1,2.9868927001953125
22429.139,14,1,1,stimulusMovement,1,-0.3794214460584852,-0.23209726810455322,1,2.910003662109375,1,-0.32102828555636936,-0.1990010142326355,1,3.0970306396484375
22445.806,14,1,1,stimulusMovement,1,-0.3838691711425781,-0.25711458921432495,1,2.9642181396484375,1,-0.3370085822211371,-0.2080526351928711,1,3.122100830078125
22462.472,14,1,1,stimulusMovement,1,-0.42115630043877494,-0.24019134044647217,1,2.9280242919921875,1,-0.3634810977511936,-0.20637601613998413,1,3.0820465087890625
22479.139,14,1,1,stimulusMovement,1,-0.5691268179151746,-0.26865124702453613,1,2.92535400390625,1,-0.45014895333184135,-0.19256746768951416,1,3.071380615234375
22495.807,14,1,1,stimulusMovement,1,-0.6539789305792915,-0.22427070140838623,1,2.884857177734375,1,-0.5234930250379775,-0.1699202060699463,1,3.0517578125
22512.473,14,1,1,stimulusMovement,1,-0.6443514029184977,-0.2620052695274353,1,2.9613189697265625,1,-0.5548965136210123,-0.17433953285217285,1,3.06109619140625
22529.14,14,1,1,stimulusMovement,1,-0.655401971605089,-0.27161574363708496,1,2.96478271484375,1,-0.5606568654378254,-0.17065364122390747,1,3.04022216796875
22545.807,14,1,1,stimulusMovement,1,-0.660592688454522,-0.26772773265838623,1,2.9595489501953125,1,-0.5736007690429688,-0.183119535446167,1,3.0337371826171875
22562.473,14,1,1,stimulusMovement,1,-0.6786826186709933,-0.2273498773574829,1,2.87286376953125,1,-0.5762625800238715,-0.18104708194732666,1,3.0381622314453125
22579.14,14,1,1,stimulusMovement,1,-0.6875646379258897,-0.23577880859375,1,2.87384033203125,1,-0.5910014046563042,-0.17769235372543335,1,3.031036376953125
22595.807,14,1,1,stimulusMovement,1,-0.6876818074120415,-0.2367992401123047,1,2.866455078125,1,-0.5980278121100532,-0.19042366743087769,1,3.0274658203125
22612.473,14,1,1,stimulusMovement,1,-0.7022297779719034,-0.24798232316970825,1,2.89471435546875,1,-0.6072249412536621,-0.18946516513824463,1,3.0183258056640625
22629.14,14,1,1,stimulusMovement,1,-0.6993437475628322,-0.22292405366897583,1,2.855133056640625,1,-0.616410043504503,-0.19385159015655518,1,3.022064208984375
22645.807,14,1,1,stimulusMovement,1,-0.7039170530107286,-0.25724947452545166,1,2.892120361328125,1,-0.6186183293660481,-0.19284439086914062,1,3.0321807861328125
22662.473,14,1,1,stimulusMovement,1,-0.7251062790552775,-0.2377834916114807,1,2.8340301513671875,1,-0.6289176146189371,-0.1901010274887085,1,3.0229339599609375
22679.14,14,1,1,stimulusMovement,1,-0.7268859545389811,-0.262689471244812,1,2.8661346435546875,1,-0.6361151271396213,-0.19013404846191406,1,3.0173492431640625
22695.807,14,1,1,stimulusMovement,1,-0.7710437907112969,-0.2569116950035095,1,2.8865814208984375,1,-0.6638820701175265,-0.1816272735595703,1,3.0243988037109375
22712.473,14,1,1,stimulusMovement,1,-0.8662535018391079,-0.2337309718132019,1,2.8223419189453125,1,-0.7265895869996812,-0.18073582649230957,1,3.0387420654296875
22729.14,14,1,1,stimulusMovement,1,-0.8843689180082744,-0.21919149160385132,1,2.8137054443359375,1,-0.7485603888829548,-0.17581713199615479,1,3.0257720947265625
22745.807,14,1,1,stimulusMovement,1,-0.9106447746356328,-0.21505427360534668,1,2.8096160888671875,1,-0.7619259489907159,-0.1702176332473755,1,2.9832000732421875
22762.474,14,1,1,stimulusMovement,1,-0.9077309005790286,-0.20071381330490112,1,2.8028106689453125,1,-0.7581604056888156,-0.18823635578155518,1,3.02508544921875
22779.141,14,1,1,stimulusMovement,1,-0.8980747966302766,-0.21545135974884033,1,2.802398681640625,1,-0.7656859821743435,-0.16907334327697754,1,2.99920654296875
22795.808,14,1,1,stimulusMovement,1,-0.9324034949143727,-0.23752152919769287,1,2.9108123779296875,1,-0.7775705787870618,-0.1671035885810852,1,2.983062744140625
22812.474,14,1,1,stimulusMovement,1,-0.925389097796546,-0.23846232891082764,1,2.887054443359375,1,-0.779689351717631,-0.18164533376693726,1,3.0208892822265625
22829.141,14,1,1,stimulusMovement,1,-0.9287900461090935,-0.23707056045532227,1,2.838714599609375,1,-0.774743914604187,-0.17650634050369263,1,3.0001678466796875
22845.808,14,1,1,stimulusMovement,1,-0.9203545881642236,-0.24277615547180176,1,2.862335205078125,1,-0.7908165984683566,-0.17238080501556396,1,2.9771881103515625
22862.474,14,1,1,stimulusMovement,1,-0.9222976432906256,-0.25545603036880493,1,2.8676910400390625,1,-0.7889065477583143,-0.18710857629776,1,3.0045318603515625
22879.141,14,1,1,stimulusMovement,1,-0.9545258349842495,-0.22091937065124512,1,2.8589935302734375,1,-0.7933627367019653,-0.1806340217590332,1,2.975555419921875
22895.808,14,1,1,stimulusMovement,1,-0.9632442593574524,-0.206606924533844,1,2.8066253662109375,1,-0.8016961150699191,-0.17267614603042603,1,2.9637603759765625
22912.474,14,1,1,stimulusMovement,1,-0.9733155435985988,-0.22159230709075928,1,2.8244476318359375,1,-0.8081808355119493,-0.17387008666992188,1,2.975830078125
22929.141,14,1,1,stimulusMovement,1,-0.9691687160068088,-0.23213118314743042,1,2.8312835693359375,1,-0.8063502973980373,-0.17240780591964722,1,2.9708099365234375
22945.808,14,1,1,stimulusMovement,1,-0.9704415202140808,-0.23562192916870117,1,2.795379638671875,1,-0.8116179903348286,-0.18032467365264893,1,2.9570465087890625
22962.474,14,1,1,stimulusMovement,0,nan,nan,0,nan,1,-0.7934095727072821,-0.16171681880950928,1,2.9451446533203125
22979.141,14,1,1,stimulusMovement,0,nan,nan,0,nan,0,nan,nan,0,nan
22995.808,14,1,1,stimulusMovement,0,nan,nan,0,nan,0,nan,nan,0,nan
23012.474,14,1,1,stimulusMovement,0,nan,nan,0,nan,0,nan,nan,0,nan
23029.141,14,1,1,stimulusMovement,0,nan,nan,0,nan,0,nan,nan,0,nan
23045.809,14,1,1,stimulusMovement,0,nan,nan,0,nan,0,nan,nan,0,nan
23062.475,14,1,1,stimulusMovement,0,nan,nan,0,nan,0,nan,nan,0,nan
23079.142,14,1,1,stimulusMovement,0,nan,nan,0,nan,0,nan,nan,0,nan
23095.809,14,1,1,stimulusMovement,0,nan,nan,0,nan,1,0.023027949863009982,0.08807867765426636,1,2.535125732421875
23112.475,14,1,1,stimulusMovement,1,-0.036350250244140625,0.30759279429912567,1,2.432342529296875,1,0.1365621354844835,0.3989098072052002,1,2.8981475830078125
23129.142,14,1,1,stimulusMovement,1,0.061138047112358936,0.4999318327754736,1,2.889251708984375,1,0.20874203575981987,0.4401182122528553,1,2.824615478515625
23145.809,14,1,1,stimulusMovement,1,0.07699012756347656,0.4589814133942127,1,2.746734619140625,1,0.19035477108425564,0.4682823717594147,1,2.8472137451171875
23162.475,14,1,1,stimulusMovement,1,0.07390149434407552,0.4564264044165611,1,2.7634429931640625,1,0.19015704260932073,0.4749974384903908,1,2.8452301025390625
23179.142,14,1,1,stimulusMovement,1,0.07518047756618923,0.46026814728975296,1,2.787933349609375,1,0.18136141035291883,0.462399173527956,1,2.83929443359375
23195.809,14,1,1,stimulusMovement,1,0.07454755571153428,0.45795436203479767,1,2.76788330078125,1,0.18132909138997394,0.45432358235120773,1,2.838043212890625
23212.475,14,1,1,stimulusMovement,1,0.07239023844401041,0.45266634970903397,1,2.804718017578125,1,0.17525460984971789,0.45039380341768265,1,2.85125732421875
23229.142,14,1,1,stimulusMovement,1,0.07254049513075086,0.44987963140010834,1,2.781036376953125,1,0.1782955593532986,0.4509580284357071,1,2.84783935546875
23245.809,14,1,1,stimulusMovement,1,0.07336362202962239,0.4496934786438942,1,2.804718017578125,1,0.17782052357991535,0.4491904564201832,1,2.8519134521484375
23262.475,14,1,1,stimulusMovement,1,0.06832027435302734,0.4485288895666599,1,2.8053131103515625,1,0.17328643798828125,0.45438598841428757,1,2.884033203125
23279.142,14,1,1,stimulusMovement,1,0.12716632419162327,0.46938619762659073,1,2.823455810546875,1,0.24081759982638887,0.465197391808033,1,2.8740081787109375
23295.809,14,1,1,stimulusMovement,1,0.20039378272162542,0.4812569096684456,1,2.8211212158203125,1,0.32214037577311194,0.48241100274026394,1,2.885894775390625
23312.476,14,1,1,stimulusMovement,1,0.24190139770507812,0.49444126803427935,1,2.849609375,1,0.3554818895128038,0.4954277011565864,1,2.907867431640625
23329.143,14,1,1,stimulusMovement,1,0.24167696634928384,0.4869915535673499,1,2.86163330078125,1,0.35344388749864364,0.4858864899724722,1,2.92041015625
23345.81,14,1,1,stimulusMovement,1,0.2496266894870334,0.48881514836102724,1,2.8657989501953125,1,0.35469267103407115,0.4903407655656338,1,2.930694580078125
23362.476,14,1,1,stimulusMovement,1,0.2462681664360894,0.4807899668812752,1,2.8846435546875,1,0.35458151499430335,0.48659016005694866,1,2.940521240234375
23379.143,14,1,1,stimulusMovement,1,0.24687279595269096,0.48336226865649223,1,2.89337158203125,1,0.3509792751736111,0.48474233970046043,1,2.962921142578125
23395.81,14,1,1,stimulusMovement,1,0.2390925089518229,0.475628275424242,1,2.894073486328125,1,0.3549380832248264,0.4896421656012535,1,2.984130859375
23412.476,14,1,1,stimulusMovement,1,0.24280050065782333,0.48046936839818954,1,2.9049224853515625,1,0.3520374298095703,0.48682866618037224,1,2.98114013671875
23429.143,14,1,1,stimulusMovement,1,0.2465453677707248,0.47903598472476006,1,2.912872314453125,1,0.3526039123535156,0.4830054007470608,1,2.9780426025390625
23445.81,14,1,1,stimulusMovement,1,0.24198065863715276,0.47574690356850624,1,2.919403076171875,1,0.3509871164957682,0.48035325296223164,1,2.995513916015625
23462.476,14,1,1,stimulusMovement,1,0.23811764187282985,0.47534269839525223,1,2.9078216552734375,1,0.354805416531033,0.4767558928579092,1,2.9913330078125
23479.143,14,1,1,stimulusMovement,1,0.241901609632704,0.4787189718335867,1,2.9089202880859375,1,0.35457430945502383,0.4786173962056637,1,3.0003204345703125
23495.81,14,1,1,stimulusMovement,1,0.11429140302870008,0.37385842204093933,1,2.91204833984375,1,0.2322368621826172,0.3948446214199066,1,2.9779052734375
23512.476,14,1,1,stimulusMovement,1,-0.02319134606255425,0.26803040504455566,1,2.8800048828125,1,0.0941822263929579,0.2796478867530823,1,2.9750213623046875
23529.143,14,1,1,stimulusMovement,1,-0.18006197611490884,0.18229305744171143,1,2.8289947509765625,1,-0.07593472798665364,0.2224973738193512,1,2.948150634765625
23545.81,14,1,1,stimulusMovement,1,-0.34966765509711367,0.08681327104568481,1,2.771697998046875,1,-0.2618652979532877,0.11768162250518799,1,2.947723388671875
23562.476,14,1,1,stimulusMovement,1,-0.5271842744615343,-0.03644418716430664,1,2.750457763671875,1,-0.4297738605075412,0.007991373538970947,1,2.9733428955078125
23579.144,14,1,1,stimulusMovement,1,-0.667212340566847,-0.18004488945007324,1,2.7852325439453125,1,-0.5622283617655436,-0.09410768747329712,1,2.9847564697265625
23595.811,14,1,1,stimulusMovement,1,-0.772207604514228,-0.25382518768310547,1,2.783233642578125,1,-0.6595529185401069,-0.1829923391342163,1,3.008056640625
23612.477,14,1,1,stimulusMovement,1,-0.7925611138343811,-0.2705141305923462,1,2.7825775146484375,1,-0.6833511723412408,-0.19818264245986938,1,3.0056610107421875
23629.144,14,1,1,stimulusMovement,1,-0.7864863077799479,-0.2651265859603882,1,2.7905426025390625,1,-0.6770471466912164,-0.20123904943466187,1,2.9831085205078125
23645.811,14,1,1,stimulusMovement,1,-0.7949280341466267,-0.2609413266181946,1,2.781402587890625,1,-0.6768454710642496,-0.19480901956558228,1,3.0052642822265625
23662.477,14,1,1,stimulusMovement,1,-0.7865437931484646,-0.26122748851776123,1,2.8064727783203125,1,-0.6837747494379679,-0.19687539339065552,1,3.0033111572265625
23679.144,14,1,1,stimulusMovement,1,-0.8015737401114569,-0.2696269154548645,1,2.804412841796875,1,-0.6638094054328071,-0.20477068424224854,1,3.0040130615234375
23695.811,14,1,1,stimulusMovement,1,-0.7859806882010565,-0.24808639287948608,1,2.7873077392578125,1,-0.6638624668121338,-0.18723541498184204,1,2.9960174560546875
23712.477,14,1,1,stimulusMovement,1,-0.7886900107065836,-0.25320732593536377,1,2.7894744873046875,1,-0.6622412204742432,-0.17676621675491333,1,3.007781982421875
23729.144,14,1,1,stimulusMovement,1,-0.7874186038970947,-0.2527633309364319,1,2.7801361083984375,1,-0.6762470801671345,-0.17912554740905762,1,2.9716796875
23745.811,14,1,1,stimulusMovement,1,-0.7530374659432305,-0.25315970182418823,1,2.8969879150390625,1,-0.6663393709394666,-0.1794658899307251,1,2.9854278564453125
23762.477,14,1,1,stimulusMovement,0,nan,nan,0,nan,0,nan,nan,0,nan
23779.144,14,1,1,stimulusMovement,0,nan,nan,0,nan,0,nan,nan,0,nan
23795.811,14,1,1,stimulusMovement,0,nan,nan,0,nan,0,nan,nan,0,nan
23812.477,14,1,1,stimulusMovement,0,nan,nan,0,nan,0,nan,nan,0,nan
23829.144,14,1,1,stimulusMovement,0,nan,nan,0,nan,0,nan,nan,0,nan
23845.812,14,1,1,stimulusMovement,0,nan,nan,0,nan,0,nan,nan,0,nan
23862.478,14,1,1,stimulusMovement,0,nan,nan,0,nan,0,nan,nan,0,nan
23879.145,14,1,1,stimulusMovement,0,nan,nan,0,nan,0,nan,nan,0,nan
23895.812,14,1,1,stimulusMovement,0,nan,nan,0,nan,0,nan,nan,0,nan
23912.478,14,1,1,stimulusMovement,0,nan,nan,0,nan,0,nan,nan,0,nan
23929.145,14,1,1,stimulusMovement,0,nan,nan,0,nan,0,nan,nan,0,nan
23945.812,14,1,1,stimulusMovement,1,0.5720149146185981,-0.2450695037841797,1,2.8759002685546875,0,nan,nan,0,nan
23962.478,14,1,1,stimulusMovement,1,0.5779505835639106,-0.290073037147522,1,2.8032379150390625,1,0.6538524627685547,-0.2654678225517273,1,2.8774261474609375
23979.145,14,1,1,stimulusMovement,1,0.5737222035725911,-0.2785443067550659,1,2.810333251953125,1,0.6282066769070095,-0.2407822608947754,1,2.9477386474609375
23995.812,14,1,1,stimulusMovement,1,0.5697366926405164,-0.27393507957458496,1,2.857818603515625,1,0.6448049545288086,-0.23889976739883423,1,2.8639373779296875
24012.478,14,1,1,stimulusMovement,1,0.5767315758599175,-0.2613849639892578,1,2.870330810546875,1,0.6377347310384114,-0.23294824361801147,1,2.8829803466796875
24029.145,14,1,1,stimulusMovement,1,0.5626158184475368,-0.26584792137145996,1,2.8584747314453125,1,0.641887452867296,-0.23391199111938477,1,2.8834686279296875
24045.812,14,1,1,stimulusMovement,1,0.6819887161254883,-0.298586905002594,1,2.875091552734375,1,0.7644479539659288,-0.29075556993484497,1,2.888275146484375
24062.478,14,1,1,stimulusMovement,1,0.867198626200358,-0.3251427412033081,1,2.8770294189453125,1,0.9473374684651692,-0.34107768535614014,1,2.8885040283203125
24079.145,14,1,1,stimulusMovement,1,0.9580501980251735,-0.3436537981033325,1,2.8776092529296875,1,1.061756345960829,-0.3622022271156311,1,2.8805694580078125
24095.812,14,1,1,stimulusMovement,1,0.9507333967420789,-0.3543001413345337,1,2.8983917236328125,1,1.051309797498915,-0.3579559922218323,1,2.9034576416015625
24112.479,14,1,1,stimulusMovement,1,0.9405394660101996,-0.3613411784172058,1,2.9193572998046875,1,1.0441402859157987,-0.35094523429870605,1,2.9259185791015625
24129.146,14,1,1,stimulusMovement,1,0.9590220981174045,-0.35157543420791626,1,2.926177978515625,1,1.0496141645643446,-0.35160237550735474,1,2.93414306640625
24145.813,14,1,1,stimulusMovement,1,0.9493302239312066,-0.3481333255767822,1,2.9180755615234375,1,1.0516978369818792,-0.3586810827255249,1,2.9586029052734375
24162.479,14,1,1,stimulusMovement,1,0.9577719370524088,-0.3650784492492676,1,2.9468231201171875,1,1.0390370686848958,-0.34603333473205566,1,2.971405029296875
24179.146,14,1,1,stimulusMovement,1,0.948799345228407,-0.35567528009414673,1,2.9489593505859375,1,1.0447328355577257,-0.3459569215774536,1,2.9998016357421875
24195.813,14,1,1,stimulusMovement,1,0.9455661773681641,-0.35886824131011963,1,2.966522216796875,1,1.0506223042805989,-0.3518935441970825,1,3.000885009765625
24212.479,14,1,1,stimulusMovement,1,0.9462250603569878,-0.3626968264579773,1,2.956085205078125,1,1.04058837890625,-0.34798479080200195,1,3.016387939453125
24229.146,14,1,1,stimulusMovement,1,0.921984142727322,-0.36442118883132935,1,2.9675140380859375,1,1.0388446384006076,-0.34123802185058594,1,3.0052947998046875
24245.813,14,1,1,stimulusMovement,1,0.9417834811740451,-0.3645680546760559,1,2.95867919921875,1,1.0477862887912326,-0.354595422744751,1,3.0216217041015625
24262.479,14,1,1,stimulusMovement,1,0.9445423550075954,-0.3661213517189026,1,2.9694671630859375,1,1.042453130086263,-0.35201555490493774,1,3.021453857421875
24279.146,14,1,1,stimulusMovement,1,0.9677850935194227,-0.4323340058326721,1,2.940338134765625,1,1.0802921719021268,-0.39862680435180664,1,2.9995574951171875
24295.813,14,1,1,stimulusMovement,1,0.9604545169406467,-0.4387362599372864,1,2.9463958740234375,1,1.0776051415337455,-0.4159368872642517,1,3.0101318359375
24312.479,14,1,1,stimulusMovement,1,0.972175810072157,-0.4464244246482849,1,2.92388916015625,1,1.0706346299913194,-0.41567206382751465,1,3.0079193115234375
24329.146,14,1,1,stimulusMovement,1,0.9670310550265842,-0.4422115683555603,1,2.9261627197265625,1,1.0856647491455078,-0.41886067390441895,1,2.995513916015625
24345.813,14,1,1,stimulusMovement,1,0.9774284362792969,-0.44207513332366943,1,2.920257568359375,1,1.0748394860161674,-0.4178800582885742,1,2.9989013671875
24362.479,14,1,1,stimulusMovement,1,0.7891037199232313,-0.47858190536499023,1,2.920654296875,1,0.9225516849093967,-0.4388485550880432,1,3.0001678466796875
24379.147,14,1,1,stimulusMovement,1,0.7637780507405598,-0.48959916830062866,1,2.898590087890625,1,0.8688409593370225,-0.46266239881515503,1,2.990966796875
24395.814,14,1,1,fixation,1,0.7586804495917426,-0.4908362627029419,1,2.8928985595703125,1,0.8685936397976345,-0.4683905839920044,1,2.98553466796875
24412.48,14,1,1,fixation,1,0.7607332865397135,-0.5216292142868042,1,2.6881103515625,1,0.870936393737793,-0.5044680833816528,1,2.812286376953125
24429.147,14,1,1,fixation,0,nan,nan,0,nan,0,nan,nan,0,nan
24445.814,14,1,1,fixation,1,0.7592155668470594,-0.4971557855606079,1,2.8805999755859375,1,0.8708135816786023,-0.4634817838668823,1,2.998565673828125
24462.48,14,1,1,fixation,1,0.7670382393731011,-0.5165137052536011,1,2.6996002197265625,1,0.868729485405816,-0.4900326728820801,1,2.8308258056640625
24479.147,14,1,1,fixation,0,nan,nan,0,nan,0,nan,nan,0,nan
24495.814,14,1,1,fixation,1,0.7683267593383789,-0.4936320185661316,1,2.8954925537109375,1,0.8690090179443359,-0.45946991443634033,1,3.0059051513671875
24512.48,14,1,1,fixation,1,0.7701296276516384,-0.5144727230072021,1,2.736175537109375,1,0.8669919967651367,-0.4929009675979614,1,2.8691558837890625
24529.147,14,1,1,fixation,0,nan,nan,0,nan,0,nan,nan,0,nan
24545.814,14,1,1,fixation,1,0.7641492419772677,-0.4885016679763794,1,2.94342041015625,1,0.8634904225667317,-0.4586743712425232,1,3.065338134765625
24562.48,14,1,1,fixation,1,0.7692703670925564,-0.5109051465988159,1,2.7890167236328125,1,0.874506950378418,-0.4928463101387024,1,2.9252471923828125
24579.147,14,1,1,fixation,0,nan,nan,0,nan,0,nan,nan,0,nan
24595.814,14,1,1,fixation,1,0.7690359751383463,-0.4883151054382324,1,2.98699951171875,1,0.871445549858941,-0.4582836627960205,1,3.11395263671875
24612.48,14,1,1,fixation,1,0.7682820426093208,-0.5132850408554077,1,2.84423828125,1,0.8695783615112305,-0.4832330346107483,1,2.980255126953125
24629.147,14,1,1,fixation,0,nan,nan,0,nan,0,nan,nan,0,nan
24645.815,14,1,1,fixation,1,0.7566068437364366,-0.4915474057197571,1,3.0395965576171875,1,0.8740288416544596,-0.4660854935646057,1,3.1779632568359375
24662.481,14,1,1,fixation,1,0.7589820226033528,-0.51918625831604,1,2.911712646484375,1,0.8719298044840494,-0.4890039563179016,1,3.0483551025390625
24679.148,14,1,1,fixation,0,nan,nan,0,nan,0,nan,nan,0,nan
24695.815,14,1,1,fixation,1,0.7619696723090278,-0.48412877321243286,1,3.1017913818359375,1,0.8664527469211154,-0.46019065380096436,1,3.229949951171875
24712.481,14,1,1,fixation,1,0.5867696338229709,-0.4873085618019104,1,2.990386962890625,1,0.7341118918524848,-0.458975613117218,1,3.133544921875
24729.148,14,1,1,fixation,0,nan,nan,0,nan,0,nan,nan,0,nan
24745.815,14,1,1,fixation,1,0.09751976860894096,-0.38592529296875,1,3.185302734375,1,0.267647213406033,-0.2750283479690552,1,3.2885284423828125
24762.481,14,1,1,fixation,1,-0.1465685632493761,-0.3472355008125305,1,2.9818572998046875,1,0.04206021626790364,-0.22867035865783691,1,3.1620941162109375
24779.148,14,1,1,fixation,0,nan,nan,0,nan,0,nan,nan,0,nan
24795.815,14,1,1,fixation,1,-0.5222599241468642,-0.3342348337173462,1,3.199493408203125,1,-0.3749556541442871,-0.18308788537979126,1,3.3883819580078125
24812.481,14,1,1,fixation,1,-0.6529025501675075,-0.3103553056716919,1,3.0476837158203125,1,-0.48474597930908203,-0.1666826605796814,1,3.2413482666015625
24829.148,14,1,1,fixation,0,nan,nan,0,nan,0,nan,nan,0,nan
24845.815,14,1,1,fixation,1,-0.7044695880677965,-0.2885357737541199,1,3.228668212890625,1,-0.5616858535342746,-0.1846712827682495,1,3.454864501953125
24862.481,14,1,1,fixation,1,-0.7148548497094048,-0.28410613536834717,1,3.10467529296875,1,-0.5640232298109266,-0.18255692720413208,1,3.3073272705078125
24879.148,14,1,1,fixation,0,nan,nan,0,nan,0,nan,nan,0,nan
24895.815,14,1,1,fixation,1,-0.696160872777303,-0.27495115995407104,1,3.2633514404296875,1,-0.5671041806538899,-0.18901777267456055,1,3.46405029296875
24912.481,14,1,1,fixation,1,-0.7099125385284424,-0.2817484140396118,1,3.124114990234375,1,-0.5645913547939724,-0.1892886757850647,1,3.3419952392578125
24929.149,14,1,1,fixation,0,nan,nan,0,nan,0,nan,nan,0,nan
24945.816,14,1,1,fixation,1,-0.6915699111090766,-0.27694106101989746,1,3.299957275390625,1,-0.5706261263953315,-0.19046396017074585,1,3.496978759765625
24962.482,14,1,1,fixation,1,-0.6996864742702907,-0.27951741218566895,1,3.1575469970703125,1,-0.5654039118025037,-0.19007855653762817,1,3.3706817626953125
24979.149,14,1,1,fixation,0,nan,nan,0,nan,0,nan,nan,0,nan
24995.816,14,1,1,fixation,1,-0.8024876581297979,-0.2720986604690552,1,3.2975006103515625,1,-0.6746111975775825,-0.14518088102340698,1,3.5027618408203125
25012.482,14,1,1,fixation,1,-0.8132673700650532,-0.25535905361175537,1,3.1476898193359375,1,-0.6761437124676174,-0.1651850938796997,1,3.34130859375
25029.149,14,1,1,fixation,0,nan,nan,0,nan,0,nan,nan,0,nan
25045.816,14,1,1,fixation,1,-0.7893994053204854,-0.25560152530670166,1,3.2280120849609375,1,-0.6719951232274373,-0.17079532146453857,1,3.4157867431640625
25062.482,14,1,1,fixation,1,-0.7893243895636664,-0.24081212282180786,1,3.0523834228515625,1,-0.6851580672793918,-0.16741007566452026,1,3.216033935546875
25079.149,14,1,1,fixation,0,nan,nan,0,nan,0,nan,nan,0,nan
25095.816,14,1,1,fixation,1,-0.7844437493218316,-0.2537959814071655,1,3.1190185546875,1,-0.6849962605370415,-0.1631808876991272,1,3.2633514404296875
25112.482,14,1,1,fixation,1,-0.7979374925295512,-0.2387481927871704,1,2.92169189453125,1,-0.6934909820556641,-0.16849780082702637,1,3.07177734375
25129.149,14,1,1,fixation,0,nan,nan,0,nan,0,nan,nan,0,nan
25145.816,14,1,1,fixation,1,-0.7982218199306064,-0.2459636926651001,1,3.0382537841796875,1,-0.6757066779666476,-0.18083232641220093,1,3.1913299560546875
25162.482,14,1,1,fixation,1,-0.8037944634755452,-0.23591864109039307,1,2.806060791015625,1,-0.6908008787367078,-0.16422230005264282,1,2.943634033203125
25179.149,14,1,1,fixation,0,nan,nan,0,nan,0,nan,nan,0,nan
25195.817,14,1,1,fixation,1,-0.7941774990823534,-0.2639029622077942,1,2.90753173828125,1,-0.6909963819715711,-0.17998570203781128,1,3.07293701171875
25212.483,14,1,1,fixation,1,-0.7974513438012865,-0.25443971157073975,1,2.7503204345703125,1,-0.6936340861850314,-0.1665867567062378,1,2.8505706787109375
25229.15,14,1,1,fixation,0,nan,nan,0,nan,0,nan,nan,0,nan
25245.817,14,1,1,fixation,1,-0.8057439261012607,-0.2528425455093384,1,2.89215087890625,1,-0.6907833549711438,-0.17620432376861572,1,2.9977569580078125
25262.483,14,1,1,fixation,1,-0.7932366066508822,-0.25327974557876587,1,2.68084716796875,1,-0.6993842919667561,-0.1703776717185974,1,2.786224365234375
25279.15,14,1,1,fixation,0,nan,nan,0,nan,0,nan,nan,0,nan
25295.817,14,1,1,fixation,1,-0.8007360696792603,-0.25480401515960693,1,2.8703765869140625,1,-0.6913926071590847,-0.18068397045135498,1,2.9573822021484375
25312.483,14,1,1,fixation,1,-0.7977077100012037,-0.2430044412612915,1,2.63800048828125,1,-0.698143376244439,-0.16551506519317627,1,2.7270965576171875
25329.15,14,1,1,fixation,0,nan,nan,0,nan,0,nan,nan,0,nan
25345.817,14,1,1,fixation,1,-0.7882694933149549,-0.26834636926651,1,2.7964630126953125,1,-0.6932951609293619,-0.17892497777938843,1,2.938720703125
25362.483,14,1,1,fixation,1,-0.8091026080979241,-0.24778342247009277,1,2.62066650390625,1,-0.689237528377109,-0.1707746982574463,1,2.71417236328125
25379.15,14,1,1,stimulusMovement,0,nan,nan,0,nan,0,nan,nan,0,nan
25395.817,14,1,1,stimulusMovement,0,nan,nan,0,nan,1,-0.6982476843727959,-0.20716464519500732,1,2.8875579833984375
25412.483,14,1,1,stimulusMovement,0,nan,nan,0,nan,0,nan,nan,0,nan
25429.15,14,1,1,stimulusMovement,0,nan,nan,0,nan,0,nan,nan,0,nan
25445.817,14,1,1,stimulusMovement,0,nan,nan,0,nan,0,nan,nan,0,nan
25462.484,14,1,1,stimulusMovement,0,nan,nan,0,nan,0,nan,nan,0,nan
25479.151,14,1,1,stimulusMovement,0,nan,nan,0,nan,0,nan,nan,0,nan
25495.818,14,1,1,stimulusMovement,0,nan,nan,0,nan,0,nan,nan,0,nan
25512.484,14,1,1,stimulusMovement,0,nan,nan,0,nan,0,nan,nan,0,nan
25529.151,14,1,1,stimulusMovement,0,nan,nan,0,nan,0,nan,nan,0,nan
25545.818,14,1,1,stimulusMovement,0,nan,nan,0,nan,0,nan,nan,0,nan
25562.483,14,1,1,stimulusMovement,0,nan,nan,0,nan,0,nan,nan,0,nan
25579.15,14,1,1,stimulusMovement,0,nan,nan,0,nan,1,-0.7110201517740885,-0.1768127679824829,1,2.95831298828125
25595.817,14,1,1,stimulusMovement,1,-0.9300452205869886,-0.37389588356018066,1,2.40081787109375,1,-0.709567387898763,-0.19565171003341675,1,2.9067840576171875
25612.483,14,1,1,stimulusMovement,0,nan,nan,0,nan,1,-0.7119136916266547,-0.21686118841171265,1,2.8777313232421875
25629.15,14,1,1,stimulusMovement,0,nan,nan,0,nan,1,-0.7085929579204983,-0.21570712327957153,1,2.8975067138671875
25645.817,14,1,1,stimulusMovement,0,nan,nan,0,nan,1,-0.7235727310180664,-0.20933687686920166,1,2.915008544921875
25662.483,14,1,1,stimulusMovement,0,nan,nan,0,nan,1,-0.7127620908949109,-0.190423846244812,1,2.9161529541015625
25679.15,14,1,1,stimulusMovement,0,nan,nan,0,nan,1,-0.7124193774329292,-0.19220459461212158,1,2.93426513671875
25695.817,14,1,1,stimulusMovement,1,-0.6915785471598307,-0.19652634859085083,1,2.339508056640625,1,-0.7152044640647041,-0.19929969310760498,1,2.936187744140625
25712.482,14,1,1,stimulusMovement,1,-0.7839241292741563,-0.31888920068740845,1,2.701507568359375,1,-0.7108161449432373,-0.19377362728118896,1,2.9703826904296875
25729.15,14,1,1,stimulusMovement,1,-0.7467550171746148,-0.26424604654312134,1,2.564300537109375,1,-0.7045171658198038,-0.19122213125228882,1,2.985870361328125
25745.817,14,1,1,stimulusMovement,1,-0.8850051032172308,-0.33512210845947266,1,3.02630615234375,1,-0.7119847138722737,-0.1861112117767334,1,2.99609375
25762.483,14,1,1,stimulusMovement,1,-0.8316479391521877,-0.2861562967300415,1,2.8484344482421875,1,-0.7107238504621717,-0.1990131139755249,1,3.0147552490234375
25779.15,14,1,1,stimulusMovement,1,-0.7682944933573405,-0.28013503551483154,1,2.6870574951171875,1,-0.7134703662660387,-0.1988452672958374,1,3.0315399169921875
25795.817,14,1,1,stimulusMovement,1,-0.6254953808254665,-0.09187918901443481,1,2.5389404296875,1,-0.5833946598900689,-0.09906983375549316,1,3.0977630615234375
25812.483,14,1,1,stimulusMovement,1,-0.49767624007330996,0.05656230449676514,1,2.8023681640625,1,-0.38875993092854816,0.06281721591949463,1,3.0721588134765625
25829.15,14,1,1,stimulusMovement,1,-0.354027960035536,0.22852075099945068,1,2.8437042236328125,1,-0.26011965009901256,0.25196078419685364,1,3.0476837158203125
25845.817,14,1,1,stimulusMovement,1,-0.2524777518378364,0.3156883269548416,1,2.953857421875,1,-0.1716994179619683,0.35500504076480865,1,3.1035919189453125
25862.482,14,1,1,stimulusMovement,1,-0.2064022488064236,0.3304787576198578,1,2.973541259765625,1,-0.1312596003214518,0.37024660408496857,1,3.155029296875
25879.149,14,1,1,stimulusMovement,1,-0.1923930909898546,0.3504326492547989,1,2.91961669921875,1,-0.13209454218546549,0.35698550939559937,1,3.1538543701171875
25895.816,14,1,1,stimulusMovement,1,-0.19208653767903644,0.3415645658969879,1,2.9408111572265625,1,-0.14293702443440753,0.35508888959884644,1,3.1450042724609375
25912.482,14,1,1,stimulusMovement,1,-0.19882710774739581,0.3542555719614029,1,2.9167327880859375,1,-0.1504482693142361,0.34892335534095764,1,3.1346893310546875
25929.149,14,1,1,stimulusMovement,1,-0.21781031290690103,0.3374234437942505,1,3.030548095703125,1,-0.15254762437608507,0.34495098888874054,1,3.1492462158203125
25945.816,14,1,1,stimulusMovement,1,-0.22932550642225477,0.3150012195110321,1,3.079620361328125,1,-0.15415938695271808,0.3462924510240555,1,3.1187591552734375
25962.482,14,1,1,stimulusMovement,1,-0.19020838207668728,0.3400814086198807,1,2.9131011962890625,1,-0.1535291141933865,0.3466484099626541,1,3.1258697509765625
25979.149,14,1,1,stimulusMovement,1,-0.19191720750596789,0.3284970074892044,1,2.917633056640625,1,-0.15074740515814886,0.3423134982585907,1,3.104736328125
25995.817,14,1,1,stimulusMovement,1,-0.19229655795627168,0.3360770046710968,1,2.85931396484375,1,-0.14739534589979383,0.3288387656211853,1,3.094268798828125
26012.483,14,1,1,stimulusMovement,1,-0.22282939487033418,0.3136601448059082,1,2.9719696044921875,1,-0.15356069140964082,0.32808035612106323,1,3.0871734619140625
26029.149,14,1,1,stimulusMovement,1,-0.2036690182156033,0.3184322118759155,1,2.8721160888671875,1,-0.14987765418158636,0.3251940608024597,1,3.0535125732421875
26045.816,14,1,1,stimulusMovement,1,-0.21582889556884766,0.3237276077270508,1,2.8435821533203125,1,-0.1480300161573622,0.3145991414785385,1,3.0383148193359375
26062.482,14,1,1,stimulusMovement,1,-0.1746197806464301,0.23815912008285522,1,2.9363555908203125,1,-0.09094619750976562,0.26279452443122864,1,2.99578857421875
26079.149,14,1,1,stimulusMovement,1,-0.1304542753431532,0.17297124862670898,1,2.8964080810546875,1,-0.03946738772922092,0.19867661595344543,1,2.9525146484375
26095.816,14,1,1,stimulusMovement,1,-0.1402372254265679,0.1597372591495514,1,2.87713623046875,1,-0.04405434926350911,0.19445782899856567,1,2.9425048828125
26112.482,14,1,1,stimulusMovement,1,-0.13995880550808376,0.14273646473884583,1,2.860931396484375,1,-0.045022911495632596,0.17800018191337585,1,2.907012939453125
26129.149,14,1,1,stimulusMovement,1,-0.13591686884562174,0.130490243434906,1,2.8527679443359375,1,-0.04153951009114583,0.17454656958580017,1,2.8977508544921875
26145.816,14,1,1,stimulusMovement,1,-0.13376988304985893,0.12812772393226624,1,2.8176116943359375,1,-0.044316503736707896,0.16625630855560303,1,2.885650634765625
26162.482,14,1,1,stimulusMovement,1,-0.1277062628004286,0.1281401515007019,1,2.7911834716796875,1,-0.039331807030571826,0.16869351267814636,1,2.86383056640625
26179.148,14,1,1,stimulusMovement,1,-0.13175604078504774,0.11749333143234253,1,2.79632568359375,1,-0.05244329240587022,0.16596299409866333,1,2.8584747314453125
26195.815,14,1,1,stimulusMovement,1,-0.12102444966634114,0.12080538272857666,1,2.7695465087890625,1,-0.05136044820149739,0.1578885316848755,1,2.8507537841796875
26212.481,14,1,1,stimulusMovement,1,-0.1282676060994466,0.11820611357688904,1,2.7513427734375,1,-0.06206475363837348,0.16042497754096985,1,2.82989501953125
26229.148,14,1,1,stimulusMovement,1,-0.11603016323513454,0.1150534451007843,1,2.7346343994140625,1,-0.057464811537000865,0.1541433036327362,1,2.8354949951171875
26245.815,14,1,1,stimulusMovement,1,-0.1251599523756239,0.11080607771873474,1,2.7443389892578125,1,-0.0630085203382704,0.15146306157112122,1,2.81072998046875
26262.482,14,1,1,stimulusMovement,1,-0.1471869150797526,0.09832742810249329,1,2.6993408203125,1,-0.0850677490234375,0.14882135391235352,1,2.8224945068359375
26279.149,14,1,1,stimulusMovement,1,-0.3309573597378201,0.007096290588378906,1,2.6744537353515625,1,-0.27030701107449,0.044780194759368896,1,2.82305908203125
26295.816,14,1,1,stimulusMovement,1,-0.54389222462972,-0.1120179295539856,1,2.417633056640625,1,-0.5042818387349446,-0.08446437120437622,1,2.8587799072265625
26312.481,14,1,1,stimulusMovement,1,-0.8208383454216851,-0.2455739974975586,1,2.8013153076171875,1,-0.6739879449208577,-0.17353320121765137,1,2.878448486328125
26329.148,14,1,1,stimulusMovement,1,-0.529952261182997,-0.21418505907058716,1,1.84552001953125,1,-0.6927292611863878,-0.20711743831634521,1,2.90301513671875
26345.815,14,1,1,stimulusMovement,1,-0.8530552817715539,-0.31144148111343384,1,2.8695526123046875,1,-0.6901169617970784,-0.20494484901428223,1,2.877685546875
26362.481,14,1,1,stimulusMovement,1,-0.8822265118360519,-0.36804062128067017,1,2.9908294677734375,1,-0.6888948811425103,-0.2027217149734497,1,2.8493194580078125
26379.148,14,1,1,stimulusMovement,1,-0.816225594944424,-0.27041906118392944,1,2.7300872802734375,1,-0.6902404228846232,-0.21245121955871582,1,2.880279541015625
26395.815,14,1,1,stimulusMovement,1,-0.8296690583229065,-0.2678036689758301,1,2.7624664306640625,1,-0.675442616144816,-0.2048248052597046,1,2.851287841796875
26412.481,14,1,1,stimulusMovement,1,-0.8004204034805298,-0.2773014307022095,1,2.755401611328125,1,-0.6829782856835259,-0.20922571420669556,1,2.85693359375
26429.148,14,1,1,stimulusMovement,1,-0.8069960541195339,-0.26871228218078613,1,2.7591400146484375,1,-0.6890389124552408,-0.2071550488471985,1,2.85955810546875
26445.815,14,1,1,stimulusMovement,1,-0.793450931708018,-0.28841352462768555,1,2.8142852783203125,1,-0.6747412416670057,-0.21222656965255737,1,2.8450927734375
26462.481,14,1,1,stimulusMovement,1,-0.8204507827758789,-0.2621443271636963,1,2.7538299560546875,1,-0.7129638459947374,-0.1787816286087036,1,2.8359832763671875
26479.148,14,1,1,stimulusMovement,1,-0.8249784376886156,-0.27925676107406616,1,2.74615478515625,1,-0.7044339444902208,-0.18833017349243164,1,2.8434906005859375
26495.814,14,1,1,stimulusMovement,1,-0.8698369827535417,-0.24742048978805542,1,2.628021240234375,1,-0.693613741132948,-0.19200551509857178,1,2.858123779296875
26512.48,14,1,1,stimulusMovement,1,-0.8362216949462891,-0.276561975479126,1,2.7403564453125,1,-0.6970807313919067,-0.18853998184204102,1,2.8434906005859375
26529.147,14,1,1,stimulusMovement,1,-0.8311432732476128,-0.2988157272338867,1,2.7371368408203125,1,-0.7019402450985378,-0.18791568279266357,1,2.840972900390625
26545.815,14,1,1,stimulusMovement,1,-0.8252168231540256,-0.28241634368896484,1,2.7048492431640625,1,-0.6968624062008327,-0.18730449676513672,1,2.8683624267578125
26562.481,14,1,1,stimulusMovement,1,-0.7771520217259724,-0.30926966667175293,1,2.749664306640625,1,-0.6981833113564385,-0.19309711456298828,1,2.884033203125
26579.148,14,1,1,stimulusMovement,1,-0.7703013685014513,-0.301238477230072,1,2.7087554931640625,1,-0.6992636124293009,-0.19671273231506348,1,2.8594818115234375
26595.815,14,1,1,stimulusMovement,1,-0.7458426025178697,-0.22330135107040405,1,2.449371337890625,1,-0.7018107838100857,-0.1969674825668335,1,2.864288330078125
26612.481,14,1,1,stimulusMovement,1,-0.7805284394158257,-0.36015355587005615,1,2.7941131591796875,1,-0.7501068645053439,-0.3658156991004944,1,2.88525390625
26629.147,14,1,1,stimulusMovement,1,-0.7497282028198242,-0.3800312280654907,1,2.8265533447265625,1,-0.7458536889817979,-0.375598669052124,1,2.9151458740234375
26645.814,14,1,1,stimulusMovement,1,-0.759357280201382,-0.4029982089996338,1,2.581573486328125,1,-0.7535171111424763,-0.3400646448135376,1,2.6507568359375
26662.48,14,1,1,stimulusMovement,1,-0.7421399487389458,-0.41616010665893555,1,2.5726318359375,1,-0.7593130800459119,-0.3395882248878479,1,2.63519287109375
